time_s,running_vehicle_count,loaded_vehicle_count,departed_vehicle_count,arrived_vehicle_count,mean_speed_mps,mean_waiting_time_s,mean_time_loss_s,halting_vehicle_count
1.0,0,0,0,0,0,0,0,0
2.0,5,834,5,0,21.086606600000003,0.0,0.0,0
3.0,10,0,5,0,21.25031477137026,0.0,0.016072561472486948,0
4.0,14,0,4,0,20.805072030678254,0.0,0.050366892791200886,0
5.0,18,0,4,0,22.562524857364977,0.0,0.08294723364950235,0
6.0,23,0,5,0,21.220720790198303,0.0,0.10750494636397337,0
7.0,25,0,2,0,20.72315637574036,0.0,0.1405478767338739,0
8.0,31,0,6,0,20.450700959423692,0.0,0.15547268224128366,0
9.0,35,0,4,0,19.364451746867974,0.0,0.17929236620636457,0
10.0,40,0,5,0,19.26666296689327,0.0,0.22986296470676543,0
11.0,48,0,8,0,20.11339459594912,0.0,0.270150015000521,0
12.0,51,0,3,0,20.018160012312304,0.0,0.32833341825498724,0
13.0,57,0,6,0,20.56911925282988,0.0,0.37328487984926745,0
14.0,62,0,5,0,20.64800166285086,0.0,0.4068143605848054,0
15.0,66,0,4,0,20.155306909429935,0.0,0.44837629279448893,0
16.0,71,0,5,0,20.247623889082462,0.0,0.4889112424052771,0
17.0,76,0,5,0,19.747791923486485,0.0,0.532638085012441,0
18.0,79,0,3,0,20.178665739511196,0.0,0.5928375563425272,0
19.0,81,0,2,0,20.224948568724095,0.0,0.6592637836850552,0
20.0,87,0,6,0,20.44281424391831,0.0,0.6890089272259696,0
21.0,88,0,1,0,20.31914621480505,0.0,0.771318506834379,0
22.0,91,0,3,0,20.130634970214658,0.01098901098901099,0.8362892234257631,1
23.0,92,0,1,0,19.895796110328916,0.021739130434782608,0.9354431436669077,1
24.0,94,0,2,0,19.647059693354326,0.05319148936170213,1.0299158810220312,3
25.0,94,0,0,0,19.685189338872245,0.0425531914893617,1.1527058147047897,2
26.0,98,0,4,0,19.767969806800085,0.04081632653061224,1.234253635472327,2
27.0,101,0,3,0,19.89724415797957,0.04950495049504951,1.3194730567063429,2
28.0,104,0,3,0,19.958674993175478,0.0673076923076923,1.4038177476666418,3
29.0,108,0,4,0,20.063680795864247,0.10185185185185185,1.4761764721843553,4
30.0,115,0,7,0,20.172268257109476,0.06956521739130435,1.5122316788944024,3
31.0,120,0,5,0,19.958421416849195,0.03333333333333333,1.573895705896978,2
32.0,125,0,5,0,19.867368329109787,0.056,1.6441842329842045,3
33.0,127,0,2,0,19.632794353078527,0.07086614173228346,1.756760214825445,3
34.0,130,0,3,0,19.468427750451475,0.1,1.8586600359621492,4
35.0,132,0,2,0,19.44205094552574,0.09848484848484848,1.969712271709596,4
36.0,135,0,3,0,19.600389732733092,0.11851851851851852,2.0721610340841496,4
37.0,139,0,4,0,19.43577504849492,0.15827338129496402,2.1551523111155446,6
38.0,142,0,3,0,19.53970545414893,0.18309859154929578,2.25578299932915,6
39.0,149,0,7,0,19.80579184294135,0.2080536912751678,2.2870400951691026,6
40.0,151,0,2,0,19.84881917863205,0.23841059602649006,2.401471701533562,6
41.0,153,0,2,0,19.891494311539276,0.2679738562091503,2.5118981578882233,6
42.0,157,0,4,0,19.766005428879556,0.3057324840764331,2.5886274821721647,7
43.0,164,0,7,0,19.576502205738464,0.2926829268292683,2.6151053272158795,6
44.0,167,0,3,0,19.437001562198173,0.32335329341317365,2.710288905405155,6
45.0,175,0,8,0,19.284905895522122,0.3657142857142857,2.7345750315083226,10
46.0,181,0,6,0,19.198510263709125,0.4088397790055249,2.796286255342279,11
47.0,187,0,6,0,19.171740287958038,0.47058823529411764,2.861737710896717,14
48.0,192,0,5,0,19.189759786898968,0.5364583333333334,2.9451325324644926,15
49.0,198,0,6,0,19.312275850079526,0.5505050505050505,3.0103822791045296,14
50.0,201,0,3,0,19.410163892663686,0.5970149253731343,3.121384788803874,14
51.0,207,0,6,0,19.329802292742198,0.6376811594202898,3.1851425947727354,15
52.0,212,0,5,0,19.42274297775233,0.6839622641509434,3.26364850769317,14
53.0,216,0,4,0,19.506467408036883,0.7407407407407407,3.3611718132697668,15
54.0,220,0,4,0,19.482289299582757,0.8,3.461858380413958,16
55.0,225,0,5,0,19.56046835524743,0.8577777777777778,3.5461395812014556,17
56.0,227,0,2,0,19.46393519081876,0.9251101321585903,3.685448853295852,17
57.0,231,0,4,0,19.259340401859756,0.9913419913419913,3.7970365046049124,19
58.0,237,0,6,0,19.180683079535132,1.0506329113924051,3.883341208473307,20
59.0,240,0,3,0,19.10978388033053,1.1333333333333333,4.020824092191541,23
60.0,244,0,4,0,18.985240996184714,1.2131147540983607,4.1394014898399725,24
61.0,248,0,4,0,18.878654742358616,1.2862903225806452,4.264016534791406,25
62.0,253,0,5,0,18.919707681358467,1.3675889328063242,4.37517093115237,27
63.0,258,0,5,0,18.82333603200085,1.445736434108527,4.4924501676760284,28
64.0,260,0,2,0,18.57644607574963,1.5538461538461539,4.673565595795318,31
65.0,263,0,3,0,18.495913007556137,1.6539923954372624,4.842702394184526,33
66.0,267,0,4,0,18.384755655567794,1.7752808988764044,5.005958602730947,39
67.0,270,0,3,0,18.172431417110587,1.8925925925925926,5.196872619782559,39
68.0,274,0,4,0,18.181652711049917,2.0145985401459856,5.372804040449964,42
69.0,282,0,8,0,18.078756409469264,2.1134751773049647,5.473779606233625,45
70.0,285,0,3,0,17.91453926547868,2.2350877192982455,5.674105561884921,45
71.0,290,0,5,0,17.848432877169053,2.3620689655172415,5.841741289742407,49
72.0,297,0,7,0,17.766110920966916,2.474747474747475,5.967104474585068,52
73.0,299,0,2,0,17.739938564743838,2.6153846153846154,6.1992462808192155,50
74.0,305,0,6,0,17.795758526294634,2.7442622950819673,6.349748960658433,55
75.0,312,0,7,0,17.740507338013096,2.8685897435897436,6.482842274725596,59
76.0,315,0,3,0,17.565269754416622,3.0253968253968253,6.703049681722904,61
77.0,321,0,6,0,17.554812841152977,3.177570093457944,6.861146802912871,67
78.0,327,0,6,0,17.568754389896494,3.311926605504587,7.01595255083002,65
79.0,330,0,3,0,17.429845922131587,3.4909090909090907,7.242224865115334,69
80.0,334,0,4,0,17.5704844510371,3.655688622754491,7.445352078381406,70
81.0,338,0,4,0,17.54246731362738,3.828402366863905,7.6507879049675775,73
82.0,344,0,6,0,17.502946200351406,3.9767441860465116,7.8154771229855955,74
83.0,348,0,4,0,17.527924199735985,4.117816091954023,8.022676448808182,74
84.0,358,0,10,0,17.554487792949445,4.217877094972067,8.09019737054572,77
85.0,363,0,5,0,17.477472342440528,4.380165289256198,8.274488023847825,80
86.0,369,0,6,0,17.360837597073694,4.533875338753387,8.435203664618898,83
87.0,374,0,5,0,17.3411896636415,4.7032085561497325,8.616016767895058,86
88.0,375,0,1,0,17.227117948070134,4.925333333333334,8.892418366189803,88
89.0,379,0,4,0,17.273659213816323,5.108179419525066,9.101865955730627,89
90.0,380,0,1,0,17.18372601835167,5.336842105263158,9.388191078344915,92
91.0,387,0,7,0,17.16587483578618,4.348837209302325,9.520418801135614,80
92.0,390,0,3,0,17.317687008664354,3.5589743589743588,9.744775805386322,69
93.0,393,0,3,0,17.370580481583477,2.9974554707379135,9.962209534044241,60
94.0,396,0,3,0,17.556986748427715,2.6161616161616164,10.167352094974186,52
95.0,401,0,5,0,17.692611655091213,2.3840399002493764,10.308181340103886,47
96.0,404,0,3,0,18.002129099788924,2.2797029702970297,10.485410138167234,44
97.0,408,0,4,0,18.229027044545823,2.176470588235294,10.623133935366198,42
98.0,413,0,5,0,18.326901538123536,2.128329297820823,10.727299123205508,40
99.0,416,0,3,0,18.437895682160097,2.081730769230769,10.880587131289609,36
100.0,419,0,3,0,18.464481197809526,2.1026252983293556,11.028793622753527,34
101.0,422,0,3,0,18.525181764827344,2.1516587677725116,11.171697293027794,34
102.0,426,0,4,0,18.64248783264782,2.204225352112676,11.280590974459939,35
103.0,429,0,3,0,18.793505945205986,2.268065268065268,11.410626911962527,36
104.0,431,0,2,0,18.85040741742086,2.3457076566125292,11.562470176782412,38
105.0,434,0,3,0,18.87555191275197,2.4193548387096775,11.684202185724507,39
106.0,437,0,3,0,18.921898328018482,2.494279176201373,11.805121692410069,40
107.0,443,0,6,0,19.001666626283242,2.55079006772009,11.841081791435766,40
108.0,446,0,3,0,19.095419917172933,2.625560538116592,11.951148607742642,41
109.0,450,0,4,0,19.055697216249104,2.6977777777777776,12.03304781527859,43
110.0,452,0,2,0,19.045970842860307,2.7831858407079646,12.169668123844453,44
111.0,457,0,5,0,18.975591368532072,2.849015317286652,12.230849467924607,44
112.0,460,0,3,0,18.98588945482507,2.9260869565217393,12.345431314557276,44
113.0,462,0,2,0,18.93476034877691,2.9891774891774894,12.491361938770858,46
114.0,465,0,3,0,18.873012369189603,3.0516129032258066,12.616606770918615,48
115.0,470,0,5,0,18.742058391329977,2.953191489361702,12.694993598498208,49
116.0,474,0,4,0,18.726768836490095,2.871308016877637,12.801738491680677,50
117.0,479,0,5,0,18.72783274432184,2.6784968684759916,12.882915503646672,49
118.0,483,0,4,0,18.651945076768072,2.606625258799172,12.992477184748221,51
119.0,488,0,5,0,18.545957893431144,2.5368852459016393,13.079073964041143,51
120.0,490,0,2,0,18.434899880038458,2.4857142857142858,13.253591211653854,52
121.0,493,0,3,0,18.345222941107206,2.3265720081135903,13.40466548654382,52
122.0,498,0,5,0,18.27051202400661,2.285140562248996,13.50624053224875,56
123.0,503,0,5,0,18.25427117164042,2.2365805168986084,13.609370517750204,58
124.0,505,0,2,0,18.119257345419825,2.3306930693069305,13.80074198639513,59
125.0,509,0,4,0,17.956226392825844,2.1964636542239684,13.943734745577839,58
126.0,511,0,2,0,17.825053113186407,2.101761252446184,14.14929440026078,62
127.0,514,0,3,0,17.71777394828964,2.009727626459144,14.334024590948346,64
128.0,515,0,1,0,17.59160793621461,2.0485436893203883,14.57623976973231,72
129.0,519,0,4,0,17.558364430997038,2.0751445086705202,14.74136902315681,74
130.0,522,0,3,0,17.444453737157048,2.1264367816091956,14.941317139330966,79
131.0,525,0,3,0,17.38487520102223,2.1619047619047618,15.140638300598901,78
132.0,527,0,2,0,17.26873830545986,2.176470588235294,15.375273763709716,78
133.0,534,0,7,0,17.252012826378447,2.1797752808988764,15.464635934395798,82
134.0,535,0,1,0,17.15726076998943,2.149532710280374,15.732351430950846,86
135.0,540,0,5,0,17.079586600545756,2.2074074074074073,15.883853214534847,89
136.0,545,0,5,0,17.05271112117597,2.256880733944954,16.037386513260543,91
137.0,549,0,4,0,16.990587205999812,2.2240437158469946,16.22294061172601,95
138.0,550,0,1,0,16.949387555646197,2.2163636363636363,16.498298716763557,98
139.0,554,0,4,0,16.936747730347687,2.312274368231047,16.686416407206654,101
140.0,559,0,5,0,16.943582588879174,2.370304114490161,16.846948016130884,102
141.0,564,0,5,0,16.92054007189065,2.4539007092198584,17.009352134403382,105
142.0,567,0,3,0,16.909796396608993,2.566137566137566,17.23143398432399,109
143.0,569,0,2,0,16.882039715850198,2.75219683655536,17.487124838956,112
144.0,570,0,1,0,16.87548549948878,2.8719298245614033,17.775096564337087,120
145.0,572,0,2,0,16.825914076841183,3.012237762237762,18.03648296397136,125
146.0,578,0,6,0,16.879841737369848,3.1280276816608996,18.169294571704917,127
147.0,580,0,2,0,16.864266369165417,3.282758620689655,18.429463951057656,130
148.0,584,0,4,0,16.845680899794544,3.4297945205479454,18.6261963051643,133
149.0,592,0,8,0,16.912026238753253,3.5557432432432434,18.699898489902527,135
150.0,594,0,2,0,16.903858238186068,3.727272727272727,18.961712330245067,140
151.0,597,0,3,0,16.92832809798763,3.9179229480737017,19.193389934699866,141
152.0,601,0,4,0,16.941561488545425,4.058236272878536,19.390693476225717,145
153.0,604,0,3,0,16.8733709129315,4.22682119205298,19.6234789168618,146
154.0,614,0,10,0,16.966145363998773,4.346905537459284,19.629517554230347,147
155.0,619,0,5,0,16.923897290307682,4.5040387722132476,19.800436642558083,149
156.0,622,0,3,0,16.851229034869995,4.668810289389068,20.040376680830615,149
157.0,624,0,2,0,16.783148676953772,4.847756410256411,20.315853349228913,150
158.0,626,0,2,0,16.801323199061045,5.001597444089457,20.590527785646728,153
159.0,628,0,2,0,16.784417998886575,5.162420382165605,20.866166970211655,152
160.0,630,0,2,0,16.796880088356726,5.328571428571428,21.14114220561224,156
161.0,631,0,1,0,16.790847270472383,5.508716323296355,21.44901024868676,159
162.0,638,0,7,0,16.804503036438266,5.664576802507837,21.55268745575416,162
163.0,642,0,4,0,16.783968500738865,5.82398753894081,21.758963231979443,162
164.0,649,0,7,0,16.786760909575214,5.9583975346687215,21.871593095242734,164
165.0,655,0,6,0,16.790380546829592,6.10381679389313,22.020503413284782,165
166.0,658,0,3,0,16.76263880115096,6.279635258358662,22.27539992131336,168
167.0,661,0,3,0,16.655505224550957,6.449319213313162,22.532475664308997,172
168.0,664,0,3,0,16.58648107609669,6.6370481927710845,22.79457834333064,174
169.0,669,0,5,0,16.63145641253043,6.808669656203288,22.987693335444124,177
170.0,676,0,7,0,16.557254262735576,7.005917159763314,23.11529673046926,181
171.0,676,0,0,0,16.53678143526955,7.244082840236686,23.482863088553646,185
172.0,680,0,4,0,16.53078338819193,7.479411764705882,23.71314126920191,189
173.0,686,0,6,0,16.520926801616987,7.696793002915452,23.87195421719455,195
174.0,688,0,2,0,16.50718390958404,7.960755813953488,24.17299859927384,197
175.0,691,0,3,0,16.498538091757432,8.218523878437047,24.438755761061596,202
176.0,694,0,3,0,16.5444321823035,8.479827089337176,24.705288441093643,206
177.0,695,0,1,0,16.48456020240292,8.76115107913669,25.04583084917919,210
178.0,697,0,2,0,16.521467331764985,9.041606886657101,25.35095740863526,213
179.0,706,0,9,0,16.486795104771478,9.23229461756374,25.40347957668396,216
180.0,709,0,3,0,16.44126488808336,9.503526093088858,25.674829515439107,220
181.0,716,0,7,0,16.568273170351983,8.057262569832401,25.79493995583449,195
182.0,721,0,5,0,16.705282679661966,6.837725381414701,25.978073814926113,175
183.0,726,0,5,0,16.852553561659338,5.852617079889807,26.153149330399955,158
184.0,729,0,3,0,17.094678964245873,5.031550068587106,26.385300902930293,140
185.0,736,0,7,0,17.237053044518188,4.444293478260869,26.458158354330877,125
186.0,739,0,3,0,17.412331907600116,4.055480378890392,26.665199724173583,115
187.0,745,0,6,0,17.597208292034676,3.6966442953020135,26.750914813986153,107
188.0,748,0,3,0,17.79212120643106,3.370320855614973,26.93054572712124,100
189.0,750,0,2,0,17.99765680316501,3.2426666666666666,27.13352381656788,93
190.0,754,0,4,0,18.158076407718035,3.0212201591511936,27.25454266060846,90
191.0,757,0,3,0,18.309818337756404,2.8494055482166445,27.402177113622237,86
192.0,758,0,1,0,18.378603588084474,2.7097625329815305,27.61380402159342,83
193.0,766,0,8,0,18.53289851185316,2.633159268929504,27.569054321792642,82
194.0,773,0,7,0,18.57553573650615,2.5666235446313066,27.559502840577753,81
195.0,776,0,3,0,18.591882352139976,2.6597938144329896,27.695074211941847,82
196.0,779,0,3,0,18.67229190571179,2.7086007702182284,27.827253896078084,84
197.0,784,0,5,0,18.68625172546067,2.748724489795918,27.888761105101462,83
198.0,791,0,7,0,18.695342311248623,2.786346396965866,27.880289628627462,86
199.0,795,0,4,0,18.725732579796254,2.8364779874213837,27.977669562446966,87
200.0,799,0,4,0,18.726915132396517,2.886107634543179,28.07629692789879,87
201.0,801,0,2,0,18.710303116768745,2.9425717852684143,28.246614659966443,86
202.0,803,891,2,0,18.66114065666768,3.00373599003736,28.41728281637911,90
203.0,805,0,2,0,18.61636176740049,3.027329192546584,28.58983025431778,92
204.0,811,0,6,0,18.6208602777227,2.996300863131936,28.621362164718008,95
205.0,819,0,8,0,18.604175660980392,2.8815628815628815,28.584512144274143,95
206.0,822,0,3,0,18.510283589946447,2.7907542579075426,28.725616298189404,97
207.0,827,0,5,0,18.516959599662243,2.6517533252720678,28.79722111020293,98
208.0,831,0,4,0,18.52622599968583,2.6209386281588447,28.903582689272753,100
209.0,836,0,5,0,18.545952626734746,2.6279904306220097,28.976256546880446,101
210.0,842,0,6,0,18.50997165202449,2.5997624703087885,29.017882505235022,105
211.0,845,0,3,0,18.39041635169096,2.5940828402366862,29.169854884649894,104
212.0,848,0,3,0,18.275257016303737,2.577830188679245,29.327167017452556,107
213.0,851,0,3,0,18.12574995028422,2.5640423031727377,29.489030968371104,108
214.0,859,0,8,0,18.07184919080117,2.549476135040745,29.483323427838666,110
215.0,865,0,6,0,18.04546864119741,2.5491329479768785,29.551221236136783,115
216.0,868,0,3,0,17.933859241221402,2.5679723502304146,29.72492199837455,119
217.0,875,0,7,0,17.83365250612194,2.5645714285714285,29.76389072509823,124
218.0,880,0,5,0,17.749723109039934,2.6011363636363636,29.87855089129054,129
219.0,888,0,8,0,17.678169183375466,2.6171171171171173,29.89706474930847,135
220.0,891,0,3,0,17.589546845457424,2.714927048260382,30.090612606320402,139
221.0,895,0,4,0,17.48330146090761,2.7564245810055867,30.255099407227505,145
222.0,901,0,6,0,17.363594656964455,2.8879023307436182,30.357595846036677,152
223.0,905,0,4,0,17.26946759094188,2.9591160220994475,30.529446866991286,154
224.0,908,0,3,0,17.196401080479053,3.050660792951542,30.742677611247657,160
225.0,913,0,5,0,17.11004240417816,3.12157721796276,30.890120881792594,164
226.0,915,0,2,0,17.023493808475532,3.1846994535519126,31.144368240476705,168
227.0,919,0,4,0,17.009278910896636,3.1849836779107727,31.329861259687572,171
228.0,921,0,2,0,16.945263800635797,3.263843648208469,31.58633845915276,184
229.0,925,0,4,0,16.926364722769815,3.291891891891892,31.776353834691164,189
230.0,932,0,7,0,16.906907305561916,3.36587982832618,31.865325214150538,194
231.0,934,0,2,0,16.88733931246044,3.4197002141327624,32.126799020168846,195
232.0,941,0,7,0,16.88838124945896,3.5196599362380447,32.21328151733531,204
233.0,945,0,4,0,16.84634727496624,3.6783068783068784,32.404600934734496,205
234.0,951,0,6,0,16.88179979866034,3.8454258675078865,32.528621113353196,210
235.0,957,0,6,0,16.82747438076329,3.9571577847439916,32.65471276156674,214
236.0,961,0,4,0,16.787422325609256,4.062434963579604,32.85113857136172,217
237.0,962,0,1,0,16.724818520437513,4.197505197505198,33.15336618355676,220
238.0,967,0,5,0,16.688042107344288,4.313340227507756,33.31806224476555,225
239.0,974,0,7,0,16.62748563368504,4.421971252566735,33.420090040431354,227
240.0,982,0,8,0,16.54449495201042,4.545824847250509,33.490872930587095,233
241.0,983,0,1,0,16.44910869622003,4.664292980671414,33.80667173673854,234
242.0,985,0,2,0,16.366023086020515,4.788832487309644,34.09219358369621,236
243.0,992,0,7,0,16.355447086630328,4.893145161290323,34.2063533305187,238
244.0,998,0,6,0,16.308852573712358,5.00501002004008,34.35903224374403,240
245.0,999,0,1,0,16.252150326324454,5.225225225225225,34.68642451919654,247
246.0,1004,0,5,0,16.209580808090955,5.351593625498008,34.878200559609375,249
247.0,1007,0,3,0,16.157285482156325,5.464746772591857,35.141297908049,248
248.0,1012,0,5,0,16.1619755649755,5.589920948616601,35.33653619269856,251
249.0,1015,0,3,0,16.150597280642547,5.72807881773399,35.60229491132375,254
250.0,1020,0,5,0,16.098351644326694,5.9,35.801597069142076,258
251.0,1024,0,4,0,16.10731142790444,6.0478515625,36.03761649293851,262
252.0,1027,0,3,0,16.104849730822018,6.197663096397274,36.30804329282482,263
253.0,1031,0,4,0,16.06853518179617,6.3617846750727445,36.54507469920212,269
254.0,1033,0,2,0,16.060650236563134,6.54404646660213,36.854487447382816,272
255.0,1036,0,3,0,16.0253828712129,6.70945945945946,37.13210236040142,270
256.0,1041,0,5,0,16.015987916018226,6.937560038424592,37.338469971587735,279
257.0,1047,0,6,0,16.02958400476074,7.09360076408787,37.50905974919939,286
258.0,1050,0,3,0,15.98774352136013,7.284761904761905,37.790127210349425,289
259.0,1056,0,6,0,16.020639575620713,7.463068181818182,37.964443229948046,298
260.0,1057,0,1,0,16.001413816791743,7.667928098391674,38.31861316615407,302
261.0,1062,0,5,0,15.982496939516793,7.853107344632768,38.527670029268094,305
262.0,1064,0,2,0,15.994180728382586,8.040413533834586,38.84648378033475,305
263.0,1068,0,4,0,16.009324317453988,8.21629213483146,39.091054371177464,306
264.0,1073,0,5,0,15.99372118722371,8.397017707362535,39.30086417746962,305
265.0,1074,0,1,0,15.932580895077605,8.611731843575418,39.66003487310992,309
266.0,1080,0,6,0,15.90649317512982,8.785185185185185,39.835147881395486,314
267.0,1084,0,4,0,15.88092535299567,9.042435424354244,40.08733484933969,323
268.0,1089,0,5,0,15.856493248147492,9.280073461891643,40.30222759764646,324
269.0,1093,0,4,0,15.847128273925613,9.441903019213175,40.55741010477175,330
270.0,1099,0,6,0,15.871384559022896,9.639672429481347,40.737682319324065,333
271.0,1103,0,4,0,15.934267258574431,8.27198549410698,40.98791728708413,294
272.0,1106,0,3,0,16.000670020939232,7.343580470162749,41.27055384620702,267
273.0,1108,0,2,0,16.085999751037427,6.578519855595668,41.5841763956325,242
274.0,1111,0,3,0,16.22309248918059,6.0927092709270925,41.85005267174073,230
275.0,1113,0,2,0,16.34714867742968,5.709793351302785,42.140095906339205,219
276.0,1121,0,8,0,16.555284788125217,5.342551293487957,42.192731893526535,208
277.0,1125,0,4,0,16.748776756595372,5.022222222222222,42.383508851902214,197
278.0,1128,0,3,0,16.943393892099937,4.75177304964539,42.600467087702434,190
279.0,1133,0,5,0,17.098160409357877,4.5375110326566634,42.733027167564636,186
280.0,1139,0,6,0,17.20259003647703,4.507462686567164,42.819724935515225,181
281.0,1144,0,5,0,17.345358107100616,4.373251748251748,42.93722040543738,178
282.0,1148,0,4,0,17.495540793223128,4.279616724738676,43.08346021069076,174
283.0,1149,0,1,0,17.537361977354987,4.154046997389034,43.338175531220266,170
284.0,1151,0,2,0,17.6387206967869,3.899218071242398,43.55109887715516,164
285.0,1155,0,4,0,17.702601058959658,3.637229437229437,43.6842852556868,158
286.0,1156,0,1,0,17.699656186012408,3.4333910034602075,43.930629953861676,151
287.0,1159,0,3,0,17.72792296694225,3.3485763589301123,44.096854574551735,148
288.0,1166,0,7,0,17.779309631512653,3.224699828473413,44.109576858058425,146
289.0,1166,0,0,0,17.763387623551882,3.1132075471698113,44.387438121448916,149
290.0,1173,0,7,0,17.861670370011876,3.010230179028133,44.396233203187414,146
291.0,1175,0,2,0,17.897802574174076,2.981276595744681,44.59388293433205,144
292.0,1175,0,0,0,17.892605398419178,2.9080851063829787,44.867474817297506,146
293.0,1180,0,5,0,17.9286387487006,2.766101694915254,44.94897408371641,145
294.0,1187,0,7,0,17.918726782483844,2.6630160067396798,44.956248417245895,145
295.0,1193,0,6,0,17.927395710240532,2.592623637887678,45.00234133640837,146
296.0,1196,0,3,0,17.969775399619174,2.5301003344481607,45.16075315019105,143
297.0,1201,0,5,0,17.963004189901067,2.436303080766028,45.244111466483794,143
298.0,1202,0,1,0,17.967175527882315,2.4242928452579036,45.47773822708628,147
299.0,1205,0,3,0,17.963581745290476,2.4672199170124482,45.63620907485199,147
300.0,1206,0,1,0,17.939386241615725,2.466832504145937,45.871970926715996,149
301.0,1209,0,3,0,17.80986701762814,2.4177005789909014,46.036920057983366,146
302.0,1211,0,2,0,17.681855962073445,2.429397192402973,46.24588179584406,159
303.0,1216,0,5,0,17.566895553185244,2.4309210526315788,46.34434475015112,161
304.0,1220,0,5,1,17.509192732124923,2.4360655737704917,46.44975638821899,160
305.0,1222,0,2,0,17.458980114775272,2.5180032733224222,46.66922878692514,166
306.0,1227,0,5,0,17.414505508002396,2.5378973105134475,46.77549526545677,169
307.0,1230,0,3,0,17.36033273604176,2.504878048780488,46.96174226076253,170
308.0,1231,0,1,0,17.334660041984073,2.579203899268887,47.22628866441018,173
309.0,1234,0,3,0,17.29965782015371,2.572933549432739,47.41554921943385,180
310.0,1238,0,4,0,17.276230002916463,2.587237479806139,47.56753540203426,186
311.0,1240,0,2,0,17.23762241410292,2.5991935483870967,47.797306830667026,187
312.0,1243,0,3,0,17.19764889438885,2.6202735317779564,47.99138691657404,197
313.0,1244,0,1,0,17.192388296868874,2.680064308681672,48.26378204601087,201
314.0,1245,0,1,0,17.13337564755477,2.718875502008032,48.54022872687219,206
315.0,1246,0,1,0,17.05198931226261,2.792937399678973,48.82290115143727,210
316.0,1248,0,2,0,16.99493332396509,2.878205128205128,49.07221886619989,220
317.0,1251,0,3,0,16.93464856398729,2.920863309352518,49.285065728737656,227
318.0,1257,0,6,0,16.879469738036104,2.933969769291965,49.38138539828906,232
319.0,1259,0,2,0,16.800441625163987,2.9690230341540906,49.641135765099335,239
320.0,1264,0,5,0,16.750579021892435,3.064873417721519,49.786615412583146,248
321.0,1267,0,3,0,16.679203232057773,3.138121546961326,50.01544258424428,254
322.0,1271,0,4,0,16.600801744085704,3.2580645161290325,50.20843086783969,264
323.0,1278,0,7,0,16.550668107221558,3.430359937402191,50.2848798327699,280
324.0,1283,0,5,0,16.503343378429097,3.604053000779423,50.44560575909373,286
325.0,1289,0,6,0,16.453573498861513,3.7362296353762607,50.57036916146573,296
326.0,1294,0,5,0,16.373369172278785,3.8778979907264297,50.73505110310663,305
327.0,1298,0,4,0,16.292438773445753,4.030816640986132,50.944579588574896,315
328.0,1307,0,9,0,16.317189970846496,4.1928079571537875,50.95693334665475,319
329.0,1313,0,6,0,16.302991191364384,4.347296268088347,51.088798358720425,328
330.0,1316,0,3,0,16.26508128601425,4.512917933130699,51.33960035391665,333
331.0,1318,0,2,0,16.223071713306027,4.632018209408194,51.631351487706745,336
332.0,1323,0,5,0,16.181979998575766,4.746031746031746,51.807055762232146,341
333.0,1328,0,5,0,16.166045076456403,4.890813253012048,51.98523221199048,345
334.0,1335,0,7,0,16.177531309032872,5.014232209737828,52.08667843450195,351
335.0,1341,0,6,0,16.153964451360444,5.164802386278897,52.2294396929399,354
336.0,1345,0,4,0,16.131989799937767,5.290706319702602,52.45317159670423,360
337.0,1351,0,6,0,16.122565415437183,5.438193930421909,52.5996845302111,363
338.0,1354,0,3,0,16.088414264461733,5.621861152141802,52.86642599446468,363
339.0,1359,0,5,0,16.040672396894497,5.829286239882267,53.05672094018849,370
340.0,1364,0,5,0,16.003725324927373,6.0014662756598245,53.25145656933227,374
341.0,1369,0,5,0,16.035743767011827,6.1891891891891895,53.446704967459475,376
342.0,1372,0,3,0,16.037048015536563,6.364431486880466,53.72172250423196,382
343.0,1374,0,2,0,16.05050485545029,6.551673944687045,54.03808351473369,390
344.0,1380,0,6,0,16.023568619069405,6.728985507246377,54.19962888164152,398
345.0,1384,0,4,0,16.005238826982456,6.95592485549133,54.44330540839521,403
346.0,1386,0,2,0,15.9924372495245,7.137806637806638,54.76415347810034,403
347.0,1391,0,5,0,15.974990794600133,7.3580158159597415,54.96770402849818,412
348.0,1397,0,6,0,16.013658023574425,7.525411596277738,55.13000287717948,413
349.0,1400,0,3,0,16.003078522963094,7.724285714285714,55.410812953846744,417
350.0,1403,0,3,0,15.95740048486001,8.000712758374911,55.69362457745284,424
351.0,1409,0,6,0,15.944406406005289,8.203690560681334,55.85817099704885,429
352.0,1411,0,2,0,15.925799772740369,8.428773919206236,56.18374158594377,430
353.0,1413,0,2,0,15.938324679648707,8.660297239915074,56.510330533495534,434
354.0,1415,0,2,0,15.906098283029507,8.898233215547704,56.83985203009562,438
355.0,1417,0,2,0,15.92985204245949,9.162314749470713,57.16826605885857,441
356.0,1417,0,0,0,15.91956340131577,9.399435426958362,57.57925334796958,442
357.0,1420,0,3,0,15.949416284003219,9.622535211267605,57.86746792157873,447
358.0,1423,0,3,0,15.95849301865775,9.827125790583274,58.15342300755203,446
359.0,1432,0,9,0,15.996409127203034,10.013966480446927,58.19591017236644,450
360.0,1439,0,7,0,16.020413887490474,10.215427380125087,58.32004343963633,453
361.0,1443,0,4,0,16.05639660583768,9.047124047124047,58.56348955658699,401
362.0,1444,0,1,0,16.101727945963688,8.182825484764543,58.923812241120025,367
363.0,1448,0,4,0,16.218466775328633,7.55524861878453,59.15269372697793,344
364.0,1450,0,2,0,16.35887323951256,7.072413793103448,59.45327325715222,325
365.0,1455,0,5,0,16.52806857802988,6.740893470790378,59.6214880081354,309
366.0,1459,0,4,0,16.651636484496947,6.481836874571624,59.82127880768911,292
367.0,1460,0,1,0,16.83436817597577,6.261643835616439,60.13255881394357,281
368.0,1467,0,7,0,17.002701065465686,6.051806407634628,60.1873292663955,275
369.0,1469,0,2,0,17.14048221887361,5.863852961198094,60.4374435771293,267
370.0,1473,0,4,0,17.252298642664524,5.806517311608961,60.59716954923878,265
371.0,1475,0,2,0,17.33992666278009,5.711864406779661,60.832879184069306,264
372.0,1480,0,5,0,17.399180697146473,5.549324324324324,60.94244989872356,259
373.0,1484,0,4,0,17.451718518806242,5.46900269541779,61.09003242601479,257
374.0,1492,0,8,0,17.522845836918655,5.306300268096515,61.07043980017964,260
375.0,1496,0,4,0,17.553901502199555,5.143716577540107,61.21167224473715,257
376.0,1498,0,2,0,17.596848010000873,4.973297730307076,61.43384355147722,256
377.0,1500,0,2,0,17.625514330540717,4.770666666666667,61.653721749747554,249
378.0,1503,0,3,0,17.688183043938018,4.61144377910845,61.82833337124977,244
379.0,1505,0,2,0,17.6762282833711,4.578737541528239,62.04358458910303,243
380.0,1510,0,5,0,17.698458084642258,4.5119205298013245,62.134428371593295,242
381.0,1517,0,7,0,17.717995125899716,4.390903098220171,62.143719878416,236
382.0,1520,0,3,0,17.691897342490094,4.332236842105263,62.3184568229226,233
383.0,1522,0,2,0,17.66754645308284,4.221419185282523,62.534707918062345,231
384.0,1524,0,2,0,17.637209903522074,4.069553805774278,62.751445340573255,229
385.0,1525,0,1,0,17.596937344508373,3.9285245901639345,63.01146538412685,228
386.0,1527,0,2,0,17.590265856451968,3.767518009168304,63.23001789994891,225
387.0,1528,0,1,0,17.53789159329821,3.6858638743455496,63.48986608237411,229
388.0,1530,0,2,0,17.481602410473265,3.5248366013071895,63.71203034663451,232
389.0,1531,0,1,0,17.45876295766352,3.3964728935336383,63.976872385597524,232
390.0,1535,0,4,0,17.427519651575203,3.198697068403909,64.11872929257777,229
391.0,1539,0,4,0,17.406817810830056,3.1897335932423654,64.26176980359415,236
392.0,1540,0,1,0,17.37121980413212,3.17987012987013,64.5305384271299,239
393.0,1542,0,2,0,17.344570173745733,3.0687418936446176,64.75795244074543,241
394.0,1547,0,5,0,17.351601513258863,3.007110536522301,64.86037622942865,247
395.0,1552,0,6,1,17.332821538973153,2.9877577319587627,64.9150522460674,248
396.0,1557,0,5,0,17.329742970146476,3.0224791265253694,65.02147311123719,243
397.0,1558,0,1,0,17.319833286278726,2.993581514762516,65.29554806168271,252
398.0,1564,0,6,0,17.330152122619346,3.0191815856777495,65.36121570805332,254
399.0,1567,0,3,0,17.303141182863758,3.0051052967453735,65.5541888931263,256
400.0,1571,0,4,0,17.294391974776307,2.9840865690642904,65.70432723846531,256
401.0,1576,0,5,0,17.246529509718968,2.9663705583756346,65.81645125468636,261
402.0,1579,831,3,0,17.213241886767626,2.9639012032932235,66.01505231320853,261
403.0,1582,0,3,0,17.169818555407964,3.004424778761062,66.21663244161009,271
404.0,1583,0,1,0,17.11797295148618,3.0631711939355655,66.50516426756741,272
405.0,1586,0,3,0,17.058640192317032,3.099621689785624,66.71142534639503,282
406.0,1590,0,4,0,16.987756329433086,3.020125786163522,66.87950198540932,276
407.0,1592,0,2,0,16.965784911900364,2.977386934673367,67.13254914893473,278
408.0,1598,0,6,0,16.97166905440702,2.9217772215269084,67.21883696507753,286
409.0,1600,0,2,0,16.934812109905877,2.90875,67.47421734557778,287
410.0,1604,0,4,0,16.910157979332205,2.9258104738154613,67.645710602793,291
411.0,1607,0,3,0,16.881123258091026,2.942128189172371,67.8618243250611,293
412.0,1610,0,3,0,16.87282241666093,3.0211180124223604,68.07632793717572,301
413.0,1615,0,5,0,16.790302624701695,3.1442724458204334,68.2097590212569,307
414.0,1619,0,4,0,16.75966816220987,3.273625694873379,68.38759222264261,311
415.0,1619,0,0,0,16.752739766765227,3.3872760963557753,68.73619525575006,318
416.0,1621,0,2,0,16.725140076821774,3.5089450956199877,69.00281039485799,327
417.0,1624,0,3,0,16.708474437970658,3.6366995073891624,69.22823137429823,336
418.0,1630,0,6,0,16.730328187450333,3.760122699386503,69.32608623289461,341
419.0,1636,0,6,0,16.725678301930667,3.8942542787286065,69.42648033832556,347
420.0,1638,0,2,0,16.70234118207779,4.043956043956044,69.69880628638437,355
421.0,1641,0,3,0,16.67450163345418,4.160877513711152,69.9317499449984,366
422.0,1645,0,4,0,16.61724202852606,4.299696048632219,70.12587101068593,376
423.0,1650,0,5,0,16.565958405131333,4.428484848484849,70.27908864319163,391
424.0,1652,0,2,0,16.519007425646116,4.606537530266344,70.56516308298693,396
425.0,1654,0,2,0,16.456548759115133,4.748488512696493,70.85330474472332,401
426.0,1659,0,5,0,16.43755812151562,4.887884267631103,71.01694986953514,412
427.0,1662,0,3,0,16.413219350652586,5.037906137184115,71.26817604039124,418
428.0,1667,0,5,0,16.378800066819878,5.17996400719856,71.43576311040573,427
429.0,1669,0,2,0,16.39236463800494,5.3373277411623725,71.73185525249022,435
430.0,1673,0,4,0,16.383403768492858,5.506276150627615,71.9431076923384,444
431.0,1676,0,3,0,16.32147878230194,5.670047732696897,72.1991497565788,451
432.0,1678,0,2,0,16.276734050872232,5.910607866507747,72.50115334134426,460
433.0,1681,0,3,0,16.25984837913307,6.088637715645449,72.76147010818676,465
434.0,1685,0,4,0,16.22287236870623,6.2795252225519285,72.98032743148993,466
435.0,1688,0,3,0,16.22089512782224,6.462677725118484,73.24518556113979,472
436.0,1690,0,2,0,16.193250054487866,6.658579881656805,73.55556491102558,480
437.0,1692,0,2,0,16.178634856129705,6.865839243498818,73.86686438709764,488
438.0,1695,0,3,0,16.168758969918358,7.064896755162242,74.13529032056663,498
439.0,1698,0,3,0,16.133598403954192,7.340989399293286,74.40518638621083,508
440.0,1702,0,4,0,16.113328916236053,7.545828437132785,74.63351949733656,513
441.0,1710,0,8,0,16.10185464433047,7.74327485380117,74.69019479832784,519
442.0,1712,0,2,0,16.100859067273028,7.958528037383178,75.00823640840062,520
443.0,1716,0,5,1,16.077302103666014,8.175407925407926,75.22292746460828,531
444.0,1718,0,2,0,16.080642348683757,8.443538998835855,75.54210264845453,533
445.0,1723,0,5,0,16.0599557387099,8.67382472431805,75.73122768328535,542
446.0,1725,0,2,0,16.039454655994323,8.935072463768115,76.0519898629922,548
447.0,1730,0,5,0,16.022076214725594,9.176878612716763,76.2424342734663,548
448.0,1731,0,1,0,15.983227425652668,9.434430964760255,76.60960167492031,553
449.0,1735,0,4,0,15.93630828884261,9.710086455331412,76.84652525941156,558
450.0,1740,0,5,0,15.91570868911527,9.963218390804597,77.04133267884706,568
451.0,1744,0,4,0,15.965637149605934,8.839449541284404,77.27778827396449,511
452.0,1746,0,2,0,16.03723328405559,7.991408934707904,77.59657387798737,461
453.0,1746,0,0,0,16.123515404281115,7.315005727376861,77.99723564755456,423
454.0,1749,0,3,0,16.26116565579253,6.834762721555174,78.25441132869639,396
455.0,1751,0,2,0,16.41047186647972,6.516276413478012,78.54544418723067,375
456.0,1754,0,3,0,16.586661339954286,6.204675028506271,78.78040692759735,352
457.0,1758,0,4,0,16.768074249308256,5.948805460750854,78.9572396078913,337
458.0,1761,0,3,0,16.973660769361768,5.822827938671209,79.16738229655765,332
459.0,1763,0,2,0,17.123870301734062,5.7192285876347135,79.41305433274172,325
460.0,1766,0,3,0,17.25382800875867,5.765005662514156,79.60580252055848,321
461.0,1769,0,3,0,17.379954150765,5.695308083663086,79.79067423405512,317
462.0,1772,0,3,0,17.47650609026333,5.700338600451468,79.96930499007296,318
463.0,1775,0,3,0,17.548042790236565,5.686760563380282,80.14229162643235,321
464.0,1776,0,1,0,17.59599906364793,5.625,80.4019091367211,319
465.0,1781,0,5,0,17.671221495715628,5.487928130263897,80.47693161905599,315
466.0,1782,0,1,0,17.701670090507058,5.3552188552188555,80.72962259930203,308
467.0,1784,0,2,0,17.746353290573357,5.220291479820628,80.9336032528821,304
468.0,1786,0,2,0,17.791137350574765,5.136618141097425,81.13452073749481,295
469.0,1789,0,3,0,17.80856426500672,5.085522638345444,81.28927834001519,293
470.0,1794,0,5,0,17.83253011845265,5.093088071348941,81.35169726103425,295
471.0,1796,0,2,0,17.843189980780522,5.0244988864142535,81.5495961371827,292
472.0,1799,0,3,0,17.849229166812286,5.026681489716509,81.70185778427286,291
473.0,1801,0,2,0,17.83989940864632,4.920599666851749,81.90023056959834,289
474.0,1803,0,2,0,17.86397985421932,4.787576261785913,82.09870085889918,288
475.0,1807,0,4,0,17.873254592889815,4.667404537908135,82.20700882086588,283
476.0,1812,0,5,0,17.900322530312383,4.5739514348785875,82.26899327900517,284
477.0,1816,0,4,0,17.87831834114916,4.455947136563877,82.37840685598316,284
478.0,1820,0,4,0,17.878610165298003,4.420879120879121,82.48843687471758,286
479.0,1825,0,5,0,17.87564024109253,4.3024657534246575,82.55352578586033,285
480.0,1826,0,1,0,17.847038502485397,4.224534501642935,82.80111877217736,286
481.0,1826,0,0,0,17.767238952384297,4.171412924424972,83.09863461383051,292
482.0,1828,0,2,0,17.735114808758507,4.12582056892779,83.30734439915604,291
483.0,1833,0,5,0,17.69583650088464,4.097108565193672,83.38062183306914,297
484.0,1834,0,1,0,17.63061504713249,4.064340239912759,83.63926951132488,300
485.0,1838,0,4,0,17.617730174928976,3.998367791077258,83.762245690823,301
486.0,1841,0,4,1,17.612018555936398,3.9261271048343294,83.85293879146917,303
487.0,1846,0,5,0,17.59411324785966,3.8613217768147345,83.93268415564695,312
488.0,1850,0,4,0,17.566662000374922,3.8335135135135134,84.05865621924069,311
489.0,1852,0,2,0,17.544938750323503,3.776997840172786,84.27740735075761,313
490.0,1854,0,2,0,17.474781112870513,3.736245954692557,84.49906226109849,317
491.0,1857,0,3,0,17.450534803807464,3.6930533117932147,84.67562086263774,320
492.0,1859,0,2,0,17.436323072793996,3.6745562130177514,84.90043235814301,330
493.0,1861,0,2,0,17.38586301572633,3.632455668995164,85.12616354968495,329
494.0,1866,0,5,0,17.371765162833892,3.598070739549839,85.2176043253632,332
495.0,1868,0,2,0,17.304744731534335,3.6525695931477515,85.4488829403623,337
496.0,1871,0,3,0,17.293146426832898,3.5505077498663815,85.6361824948807,338
497.0,1873,0,2,0,17.248334199124205,3.5269620928990926,85.87139949179223,340
498.0,1877,0,4,0,17.23134589915207,3.5151838039424614,86.01648421103668,344
499.0,1885,0,8,0,17.22291784719697,3.503978779840849,85.98116445694664,352
500.0,1889,0,4,0,17.18968010263144,3.528851244044468,86.13066207376288,359
501.0,1890,0,1,0,17.151900759702414,3.5566137566137566,86.41947823914737,366
502.0,1896,0,6,0,17.153974949072406,3.6587552742616034,86.48037973539084,377
503.0,1900,0,4,0,17.1336608019189,3.8063157894736843,86.63462436509369,385
504.0,1905,0,5,0,17.134294199875693,3.973228346456693,86.74670543245668,395
505.0,1910,0,5,0,17.107748387611622,4.0947643979057595,86.8608338379482,395
506.0,1913,0,3,0,17.057234546037343,4.2273915316257185,87.0695094961119,411
507.0,1916,0,3,0,16.99889595578529,4.360125260960334,87.28066861112475,419
508.0,1920,0,4,0,16.94976439987641,4.508333333333334,87.44914315650105,430
509.0,1922,0,2,0,16.881274444994922,4.678459937565036,87.71161554923061,444
510.0,1925,0,3,0,16.800905451812984,4.852467532467532,87.93142053876294,455
511.0,1928,0,3,0,16.74216949223645,4.962655601659751,88.15486302243833,463
512.0,1929,0,1,0,16.667453966071598,5.132192846034215,88.47375709121624,470
513.0,1934,0,5,0,16.599956170139176,5.28593588417787,88.61254311899371,475
514.0,1940,0,6,0,16.546236823730407,5.421134020618557,88.71033313611103,491
515.0,1941,0,2,1,16.494434010911238,5.595569294178259,88.97576781181287,495
516.0,1945,0,4,0,16.44812292048741,5.720308483290489,89.16976328283799,497
517.0,1948,0,4,1,16.352129167049387,5.868583162217659,89.352687155315,506
518.0,1952,0,4,0,16.343458963912145,6.028176229508197,89.55361399833201,520
519.0,1954,0,2,0,16.278730166139937,6.202149437052201,89.84912402784263,530
520.0,1959,0,5,0,16.23313733363522,6.394078611536498,90.0097532901022,536
521.0,1963,0,4,0,16.227525614785435,6.577177789098319,90.21975013017408,545
522.0,1970,0,7,0,16.176060321344515,6.77258883248731,90.29462290130574,556
523.0,1976,0,6,0,16.11218503415347,6.946356275303644,90.41912008929259,562
524.0,1977,0,1,0,16.086065546788063,7.143146181082448,90.7758703391503,569
525.0,1982,0,5,0,16.079445167394084,7.329465186680121,90.94972560936287,572
526.0,1988,0,6,0,16.098566496921954,7.527162977867203,91.07713486965447,584
527.0,1992,0,4,0,16.076993608339073,7.752510040160643,91.29800634600578,591
528.0,1995,0,4,1,16.066569917751714,7.95889724310777,91.53771135670847,597
529.0,2001,0,6,0,16.04466918115963,8.203898050974512,91.66924186976091,612
530.0,2005,0,4,0,16.042686325443718,8.415461346633416,91.89291093033208,618
531.0,2007,0,2,0,16.026675301298443,8.639760837070254,92.20822337299323,621
532.0,2009,0,2,0,16.01580855040439,8.859631657541065,92.5239721879118,630
533.0,2012,0,3,0,16.02185084793296,9.118787276341948,92.79363554098714,636
534.0,2015,0,3,0,16.027272248865053,9.378163771712158,93.06342473044577,645
535.0,2015,0,0,0,16.003345211125005,9.62531017369727,93.47357277065684,646
536.0,2015,0,1,1,16.003489935253693,9.923076923076923,93.87257857059863,653
537.0,2017,0,2,0,16.00556917806159,10.162121963311849,94.190173533711,655
538.0,2019,0,3,1,15.99083416450143,10.432887568103022,94.5007227611198,664
539.0,2022,0,3,0,16.00331435824791,10.686449060336301,94.77198299627076,667
540.0,2027,0,5,0,15.983057735190359,10.905278737049827,94.95128246489374,667
541.0,2028,0,1,0,16.00959108163956,9.494082840236686,95.31498410029647,588
542.0,2034,0,6,0,16.153594442516344,8.469026548672566,95.43598269291518,527
543.0,2039,0,5,0,16.300062987147108,7.745953898970083,95.59401521273207,481
544.0,2046,0,7,0,16.48269917325454,7.158357771260997,95.64662638248971,444
545.0,2048,0,2,0,16.666086306526754,6.8154296875,95.92070237652706,421
546.0,2051,0,3,0,16.8513351364372,6.581179912237933,96.13561979904948,403
547.0,2057,0,6,0,17.054673549979462,6.390860476421974,96.19811952528978,386
548.0,2064,0,7,0,17.250815653146777,6.232558139534884,96.20410199258161,381
549.0,2068,0,4,0,17.407587935720645,6.075435203094777,96.34051931718349,370
550.0,2073,0,5,0,17.55274778411155,5.978774722624216,96.42270522361304,364
551.0,2076,0,3,0,17.639769199072077,5.84393063583815,96.5928299202594,358
552.0,2078,0,2,0,17.71936025616716,5.762752646775746,96.80470583600994,351
553.0,2082,0,4,0,17.777636261696742,5.647934678194044,96.9196639280852,343
554.0,2084,0,2,0,17.826381763240345,5.502399232245681,97.12545314942814,342
555.0,2086,0,3,1,17.866329265895853,5.401725790987536,97.32047469634617,339
556.0,2089,0,3,0,17.899136556767935,5.206318812829105,97.47400628359364,330
557.0,2090,0,1,0,17.944779726995282,5.1488038277511965,97.71719679787721,326
558.0,2092,0,2,0,17.969406088929166,5.013862332695985,97.91126972805803,322
559.0,2094,0,2,0,17.991156330454203,4.883476599808978,98.10410035816598,318
560.0,2095,0,1,0,18.00758948508611,4.7861575178997615,98.34152972606883,319
561.0,2094,0,0,1,17.998534240276086,4.711079274116523,98.66795953845818,319
562.0,2096,0,3,1,17.989556532153628,4.630248091603053,98.85280248387399,318
563.0,2099,0,3,0,17.99947459054631,4.506431634111482,98.99800770702532,313
564.0,2100,0,1,0,17.99450648424945,4.368571428571428,99.23806169894075,310
565.0,2104,0,4,0,17.975216107641682,4.199619771863118,99.33694515049393,311
566.0,2107,0,3,0,17.995409771234275,4.074988134788799,99.48212152806194,314
567.0,2113,0,6,0,17.99993419485246,3.9943208707998106,99.48685319468395,313
568.0,2120,0,8,1,18.011628474571197,3.8943396226415095,99.43940685520694,315
569.0,2122,0,2,0,17.969696079519647,3.836475023562677,99.63465712472089,317
570.0,2123,0,1,0,17.948786869653862,3.716439001413095,99.87805948946509,319
571.0,2127,0,4,0,17.951180697118847,3.6426892336624355,99.98004602151613,315
572.0,2130,0,3,0,17.905500265078718,3.5220657276995304,100.13138200727728,311
573.0,2132,0,2,0,17.87487552677603,3.4681050656660415,100.33170185361611,308
574.0,2134,0,2,0,17.857867731642486,3.402061855670103,100.5329218813538,314
575.0,2137,0,3,0,17.839526860475107,3.339260645765091,100.68887753763322,315
576.0,2140,0,3,0,17.792240159945372,3.2663551401869158,100.84837736313513,313
577.0,2144,0,4,0,17.774062290380837,3.240205223880597,100.96290040651898,312
578.0,2149,0,6,1,17.696469860284573,3.170311772917636,101.02775566873824,316
579.0,2155,0,6,0,17.655281005181823,3.140139211136891,101.05485327820794,327
580.0,2157,0,2,0,17.603844178948172,3.1186833565136762,101.27323015428429,336
581.0,2160,0,3,0,17.546158041625795,3.1125,101.44663861793028,345
582.0,2164,0,4,0,17.503866203392402,3.097042513863216,101.5761165623255,354
583.0,2170,0,6,0,17.463799642349436,3.083410138248848,101.61511745118106,357
584.0,2171,0,1,0,17.38946457180449,3.1082450483648087,101.89177797512143,362
585.0,2175,0,5,1,17.30826678400653,3.1177011494252875,102.02501093677617,367
586.0,2179,0,4,0,17.241352214600994,3.1124368976594767,102.1686489057604,374
587.0,2185,0,6,0,17.18682275503781,3.117162471395881,102.22037711756099,382
588.0,2188,0,3,0,17.158765958329948,3.130255941499086,102.41563458097585,393
589.0,2190,0,2,0,17.116669524173677,3.173972602739726,102.66051578761312,408
590.0,2194,0,4,0,17.06964478244138,3.208295350957156,102.81616273692046,421
591.0,2198,0,4,0,17.008202191708413,3.31073703366697,102.97323377308427,441
592.0,2201,0,3,0,16.972423200675184,3.4266242616992275,103.1797018661493,452
593.0,2203,0,2,0,16.944152759296,3.5882886972310484,103.43350277895395,463
594.0,2208,0,5,0,16.874719554605168,3.757699275362319,103.54967490933988,480
595.0,2212,0,4,0,16.84664892121578,3.901898734177215,103.71626381512077,488
596.0,2214,0,4,2,16.823143407698026,4.058265582655826,103.95944575990262,497
597.0,2219,0,5,0,16.78925685369543,4.210004506534475,104.08393098133978,506
598.0,2222,0,5,2,16.754721325127765,4.3937893789378935,104.27601466723559,520
599.0,2228,0,6,0,16.74895358071178,4.567324955116697,104.35815623285603,533
600.0,2229,0,2,1,16.67972248808562,4.752803947958726,104.67024461804726,539
601.0,2233,0,4,0,16.6450096458691,4.890729959695477,104.85433350187647,546
602.0,2236,861,3,0,16.58384456870176,5.033094812164579,105.08893559620326,557
603.0,2237,0,2,1,16.54325047558506,5.1890925346446135,105.40316357197523,567
604.0,2242,0,6,1,16.526946423195096,5.332292595896521,105.49831809876541,577
605.0,2248,0,6,0,16.495848421872836,5.480871886120997,105.59993792743457,584
606.0,2250,0,2,0,16.44984153979255,5.651555555555555,105.89112173921664,594
607.0,2254,0,5,1,16.447038657576645,5.853149955634428,106.08192759741638,609
608.0,2256,0,3,1,16.438482244022655,6.049202127659575,106.34942979583371,619
609.0,2258,0,2,0,16.418673216741972,6.252435783879539,106.64455534411752,627
610.0,2264,0,6,0,16.43740381267753,6.448321554770318,106.75131141674703,636
611.0,2269,0,6,1,16.452639715241634,6.633318642573821,106.89942743034572,641
612.0,2272,0,3,0,16.42657458365502,6.804577464788732,107.15115323921194,646
613.0,2274,0,3,1,16.402622161885283,7.029463500439753,107.44445685883157,658
614.0,2278,0,4,0,16.37322199860418,7.2664618086040385,107.6524546824657,663
615.0,2281,0,3,0,16.349847105861265,7.481367821131083,107.90918531300859,665
616.0,2287,0,6,0,16.3515757559749,7.695671184958461,108.02446717383465,675
617.0,2292,0,5,0,16.338174885382912,7.921902268760907,108.18789688130195,684
618.0,2296,0,4,0,16.316983937101462,8.172038327526133,108.40015333106099,692
619.0,2301,0,5,0,16.337111246401907,8.377661886136462,108.56494516541723,697
620.0,2305,0,4,0,16.284215599679815,8.632537960954448,108.77917744590002,709
621.0,2310,0,6,1,16.29214283790575,8.867099567099567,108.93321047160673,719
622.0,2310,0,1,1,16.288968063430165,9.121212121212121,109.33154318081526,725
623.0,2314,0,4,0,16.27376991483538,9.36171132238548,109.54933954506096,732
624.0,2315,0,1,0,16.289127685538094,9.627645788336933,109.90849384817467,738
625.0,2316,0,1,0,16.268503546214895,9.89594127806563,110.26917327556546,744
626.0,2319,0,3,0,16.233146744847268,10.129797326433808,110.53616941606441,750
627.0,2323,0,4,0,16.20257516613249,10.405510116229014,110.75688596129744,756
628.0,2328,0,5,0,16.191689450980423,10.67225085910653,110.93084029969755,761
629.0,2333,0,5,0,16.16537043326369,10.919845692241749,111.10596600712059,764
630.0,2334,0,1,0,16.12303342790924,11.212082262210798,111.47323780151889,775
631.0,2336,0,3,1,16.231887606083447,9.946917808219178,111.77964401799807,690
632.0,2337,0,2,1,16.347993428094817,8.9867351305092,112.12424186371823,624
633.0,2339,0,3,1,16.475041304938017,8.209491235570757,112.41221586088723,572
634.0,2339,0,1,1,16.602754379168363,7.591705857203933,112.78418924788912,527
635.0,2343,0,4,0,16.76630399732911,7.124199743918054,112.9636089955067,493
636.0,2345,0,2,0,16.929542804669026,6.794029850746269,113.22774267927502,468
637.0,2348,0,3,0,17.06088718798697,6.600936967632027,113.43329973489348,458
638.0,2353,0,5,0,17.22909853095004,6.402889927751806,113.5313305543748,446
639.0,2357,0,4,0,17.365754013354167,6.245226983453542,113.66818382795637,435
640.0,2362,0,5,0,17.501777858282786,6.166807790008467,113.74926679895597,427
641.0,2366,0,4,0,17.578265734717625,6.044378698224852,113.87279998896175,425
642.0,2368,0,2,0,17.668493802885983,5.922297297297297,114.08699630766083,416
643.0,2368,0,0,0,17.721396492122313,5.858108108108108,114.3936903379733,409
644.0,2372,0,4,0,17.782503526778225,5.736087689713322,114.50351279630222,404
645.0,2375,0,3,0,17.844140274348746,5.571789473684211,114.6596487734644,396
646.0,2380,0,5,0,17.871805976999898,5.432773109243698,114.71670548819273,392
647.0,2382,0,2,0,17.88532590154916,5.291771620486986,114.91799437400587,388
648.0,2386,0,4,0,17.93477152650026,5.1827326068734285,115.02046807078554,384
649.0,2388,0,4,2,17.93358457141932,5.040619765494137,115.20567719509899,380
650.0,2389,0,1,0,17.944513074179532,4.934700711594809,115.45192596503774,377
651.0,2388,0,0,1,17.930142180045497,4.892797319932998,115.77769650291916,375
652.0,2391,0,3,0,17.92529186024691,4.786281890422417,115.92680580184008,371
653.0,2397,0,6,0,17.958193146723534,4.697538589904047,115.93176215667415,370
654.0,2399,0,2,0,17.969318135129534,4.561900791996665,116.129645413332,368
655.0,2401,0,2,0,17.958612441035957,4.446480633069554,116.32832346625185,363
656.0,2404,0,4,1,17.938726183960778,4.314891846921797,116.47404544735721,359
657.0,2408,0,4,0,17.92562194822564,4.251661129568106,116.57886136702884,367
658.0,2410,0,2,0,17.904891265487404,4.144398340248963,116.78200556239318,369
659.0,2412,0,2,0,17.912383149371138,4.082504145936982,116.98462895992903,374
660.0,2416,0,4,0,17.882717385085876,3.9850993377483444,117.09194023981108,372
661.0,2422,0,6,0,17.84714837683439,3.852188274153592,117.10512608359878,370
662.0,2424,0,2,0,17.814324700206615,3.83003300330033,117.31383727333184,379
663.0,2427,0,3,0,17.793764274549122,3.8104655953852493,117.47640897215295,377
664.0,2428,0,1,0,17.7507132922055,3.75,117.73674669454351,378
665.0,2430,0,2,0,17.737511210333285,3.7037037037037037,117.95091159480731,379
666.0,2435,0,5,0,17.68394533322271,3.6969199178644763,118.02128442486293,389
667.0,2438,0,3,0,17.644914969088475,3.640689089417555,118.19240591523328,386
668.0,2441,0,3,0,17.626156814276307,3.5743547726341665,118.36460770347072,391
669.0,2445,0,5,1,17.562279048684893,3.5885480572597137,118.4845729784459,397
670.0,2449,0,4,0,17.538961048993507,3.552062066149449,118.61436963888904,404
671.0,2450,0,2,1,17.507027506679048,3.586938775510204,118.87314414115397,415
672.0,2452,0,2,0,17.478534391541242,3.5958401305057097,119.10378037071592,425
673.0,2460,0,8,0,17.447153546435132,3.653658536585366,119.04628466312126,440
674.0,2463,0,3,0,17.39662205015744,3.6792529435647583,119.23370349129335,448
675.0,2462,0,0,1,17.337046543209713,3.7339561332250204,119.61169386720375,453
676.0,2463,0,1,0,17.27228198684051,3.687779131140885,119.90433959825836,457
677.0,2463,0,1,1,17.212828573716934,3.6378400324807147,120.24284689939624,463
678.0,2465,0,2,0,17.16987240377729,3.6608519269776876,120.49263761821784,473
679.0,2470,0,5,0,17.157389527111327,3.6437246963562755,120.59675141626833,481
680.0,2475,0,5,0,17.14846370326526,3.694949494949495,120.70138881531972,497
681.0,2478,0,3,0,17.10534042075939,3.7429378531073447,120.90443125010437,499
682.0,2483,0,5,0,17.05108841666357,3.8320579943616595,121.01169775528207,509
683.0,2486,0,3,0,17.012862040837398,3.9537409493161704,121.2195957347943,527
684.0,2492,0,7,1,17.025052334231695,4.059791332263242,121.27606809422659,542
685.0,2496,0,4,0,17.00302905142433,4.1975160256410255,121.43708123557462,553
686.0,2501,0,5,0,16.9832821753526,4.343462614954018,121.55135922143505,563
687.0,2507,0,6,0,16.960429476413154,4.454726765057838,121.61976097073307,577
688.0,2510,0,3,0,16.932450659717528,4.580478087649403,121.8357327381612,590
689.0,2512,0,2,0,16.87491552277094,4.710191082802548,122.10284757808124,594
690.0,2514,0,2,0,16.829498104382075,4.853221957040573,122.37289703928592,605
691.0,2517,0,3,0,16.803021000763103,4.9566944775526425,122.59483718052346,614
692.0,2523,0,6,0,16.784859291109214,5.113753468093539,122.67355610256583,617
693.0,2529,0,6,0,16.770863574638266,5.275998418347172,122.75476074753874,633
694.0,2535,0,6,0,16.74584580609672,5.421696252465483,122.83704723998352,639
695.0,2541,0,6,0,16.714923034498902,5.593467138921684,122.92116795292837,645
696.0,2545,0,4,0,16.66353259524819,5.766994106090373,123.10573637111683,653
697.0,2546,0,1,0,16.624201826028873,5.93872741555381,123.43707209808922,657
698.0,2546,0,0,0,16.59710607993396,6.115082482325216,123.81900256093603,665
699.0,2549,0,4,1,16.57273909150955,6.296979207532366,124.02437566742807,683
700.0,2553,0,5,1,16.561061473915704,6.503721112416764,124.20666009480449,687
701.0,2558,0,5,0,16.542342403479612,6.666536356528538,124.34985743199357,697
702.0,2562,0,4,0,16.494763022377573,6.882123341139734,124.5448665454829,708
703.0,2566,0,4,0,16.493106474864447,7.075993764614186,124.74028310050988,716
704.0,2569,0,3,0,16.46942363187409,7.264305177111717,124.98584146249202,725
705.0,2572,0,3,0,16.465476017450978,7.484836702954899,125.23311950322532,734
706.0,2576,0,4,0,16.459129998537485,7.687888198757764,125.43296214864033,732
707.0,2579,0,3,0,16.419375007297205,7.920124079100426,125.68276541416269,743
708.0,2578,0,0,1,16.4024064660197,8.175717610550814,126.12369998622253,751
709.0,2580,0,3,1,16.35435667580107,8.404263565891473,126.41918775672708,757
710.0,2578,0,1,3,16.28561480908186,8.66757176105508,126.87413415416152,763
711.0,2582,0,4,0,16.262652336184434,8.892331525948876,127.08162227693796,768
712.0,2588,0,6,0,16.24287321313806,9.1016228748068,127.19174513774736,775
713.0,2594,0,6,0,16.22766165846771,9.343099460292985,127.30320813390732,784
714.0,2597,0,3,0,16.194397993891325,9.574123989218329,127.56289981499054,790
715.0,2598,0,1,0,16.17351486534828,9.836412625096228,127.92193649452717,799
716.0,2601,0,3,0,16.168061462677873,10.074586697424067,128.18486622007353,813
717.0,2602,0,1,0,16.152449978093046,10.33858570330515,128.54690152116478,811
718.0,2604,0,2,0,16.123726820571452,10.566436251920123,128.8611355727328,820
719.0,2607,0,3,0,16.08209268167929,10.827387802071346,129.12752457408118,826
720.0,2609,0,2,0,16.058167801642412,11.081640475277885,129.44477282112481,836
721.0,2611,0,2,0,16.126304568728273,9.67828418230563,129.75701895468538,732
722.0,2613,0,3,1,16.221723120690015,8.741676234213548,130.05339576999918,660
723.0,2620,0,7,0,16.391613978920685,8.025190839694657,130.10061072006863,613
724.0,2622,0,2,0,16.544286633181137,7.495423340961098,130.38655102876405,574
725.0,2623,0,1,0,16.682616418266743,7.150590926420129,130.7121144438166,552
726.0,2627,0,4,0,16.84653222088062,6.915112295393985,130.87696162204307,532
727.0,2628,0,1,0,17.0025997212085,6.705098934550989,131.1800890468581,516
728.0,2630,0,4,2,17.154338684780626,6.528136882129278,131.40410413374164,515
729.0,2634,0,4,0,17.262255371235927,6.351556567957479,131.54231689626963,504
730.0,2637,0,4,1,17.34005363795733,6.261660978384528,131.71622096150048,496
731.0,2640,0,3,0,17.385194865111924,6.155681818181818,131.89611282194542,486
732.0,2640,0,1,1,17.42635796208355,6.028030303030303,132.21554550327238,483
733.0,2640,0,1,1,17.466516958208764,5.904545454545454,132.53245709323946,477
734.0,2642,0,2,0,17.502102406894206,5.733535200605602,132.75367229428502,473
735.0,2649,0,7,0,17.543054601052024,5.5790864477161195,132.72191497759752,469
736.0,2653,0,5,1,17.553815151926116,5.4485488126649075,132.83112766084255,465
737.0,2657,0,4,0,17.575193233327106,5.368837034249153,132.94673056737793,457
738.0,2659,0,2,0,17.59400645634201,5.2711545693869875,133.15984637948378,450
739.0,2661,0,2,0,17.602647101727854,5.160090191657272,133.3717997465139,443
740.0,2661,0,0,0,17.60887454799351,5.093949642991356,133.6828490445956,449
741.0,2661,0,2,2,17.583723932323878,5.063134160090192,133.98056719158592,451
742.0,2664,0,3,0,17.571236704425157,4.966216216216216,134.14147090935518,447
743.0,2668,0,4,0,17.556720589748796,4.831334332833583,134.25225465624288,442
744.0,2671,0,4,1,17.560547166242014,4.816922500935979,134.2791816634004,444
745.0,2675,0,4,0,17.53917902723498,4.658691588785047,134.39100681697383,440
746.0,2678,0,3,0,17.54531263169023,4.534353995519044,134.551875755697,434
747.0,2683,0,5,0,17.552734841431022,4.418934029071934,134.61194020701663,439
748.0,2688,0,5,0,17.55353322022496,4.3273809523809526,134.67300598315467,435
749.0,2689,0,1,0,17.538743259358025,4.219784306433619,134.9350381537787,443
750.0,2697,0,8,0,17.538023211666292,4.1053021876158695,134.8474853991749,442
751.0,2699,0,2,0,17.507512708961855,4.068914412745461,135.06146658945778,446
752.0,2701,0,2,0,17.49220122858105,3.9503887449092927,135.2773099283095,445
753.0,2706,0,5,0,17.451847241889013,3.8780487804878048,135.3449695842145,443
754.0,2708,0,2,0,17.418674437857963,3.7991137370753325,135.56548387360124,442
755.0,2709,0,1,0,17.387291359311536,3.725359911406423,135.83834293487087,440
756.0,2713,0,4,0,17.373958504792927,3.715075562108367,135.96217352005166,447
757.0,2714,0,2,1,17.321028816447082,3.6153279292557112,136.17814214053917,447
758.0,2716,0,4,2,17.291467294188827,3.5250368188512518,136.39269974519925,446
759.0,2719,0,4,1,17.276715954477087,3.5321809488782643,136.56430302058212,457
760.0,2719,0,0,0,17.20705826391544,3.449062155204119,136.89829287216327,468
761.0,2720,0,2,1,17.15409879821668,3.458455882352941,137.13059774490443,475
762.0,2722,0,2,0,17.117031993617207,3.505143277002204,137.3695206829178,488
763.0,2725,0,3,0,17.067946352805826,3.4656880733944955,137.5600584036065,486
764.0,2731,0,6,0,17.034705260125335,3.447088978396192,137.60016940432814,503
765.0,2733,0,2,0,16.989743232158574,3.4701792901573363,137.84608267867287,516
766.0,2735,0,2,0,16.974733647964968,3.415356489945155,138.09235935653928,520
767.0,2738,0,3,0,16.927562629194654,3.439737034331629,138.29114465890808,525
768.0,2740,0,2,0,16.88590410233179,3.4678832116788323,138.54179551966675,535
769.0,2744,0,4,0,16.859849796820917,3.486880466472303,138.694125580045,537
770.0,2750,0,6,0,16.81787544403845,3.593818181818182,138.74727542293928,551
771.0,2754,0,4,0,16.778245174784878,3.654320987654321,138.90490811977162,564
772.0,2755,0,1,0,16.74867393411416,3.706715063520871,139.21472863203846,576
773.0,2759,0,4,0,16.69612921955738,3.8303733236679958,139.37468119939908,592
774.0,2760,0,2,1,16.633508563742403,3.996376811594203,139.68237275943557,608
775.0,2762,0,2,0,16.592458178529075,4.132874728457639,139.94720367512954,616
776.0,2767,0,5,0,16.559108175655613,4.279002529815685,140.0617588512345,629
777.0,2770,0,3,0,16.543874348281573,4.422382671480144,140.27930375813463,651
778.0,2773,0,3,0,16.51837526685087,4.566173818968626,140.49796575470288,656
779.0,2780,0,7,0,16.493839998533307,4.693884892086331,140.51500557752394,663
780.0,2783,0,3,0,16.423610896210842,4.862738052461372,140.73793301126824,670
781.0,2785,0,2,0,16.405986476276258,4.952603231597846,141.01189617795126,681
782.0,2788,0,3,0,16.37281152455908,5.07532281205165,141.23822088780452,690
783.0,2794,0,6,0,16.372500317980247,5.188976377952756,141.3147274246524,704
784.0,2798,0,5,1,16.37511109323052,5.296283059328092,141.48717220845887,712
785.0,2801,0,3,0,16.354534816041895,5.434487682970368,141.71808262155986,715
786.0,2806,0,5,0,16.342994867475507,5.552387740555951,141.8486627947877,721
787.0,2809,0,3,0,16.339123905162108,5.725525097899609,142.0824888109033,733
788.0,2811,0,3,1,16.33241490088712,5.8776236214870154,142.36164761557723,737
789.0,2816,0,5,0,16.322837687205066,6.046875,142.4946369425891,749
790.0,2822,0,6,0,16.324590232828797,6.228915662650603,142.57881902418276,761
791.0,2828,0,6,0,16.31109098457534,6.355374823196605,142.66357804108844,758
792.0,2831,0,3,0,16.29036713520375,6.506181561285765,142.90114531027484,759
793.0,2835,0,4,0,16.28882449644896,6.707936507936508,143.0886956440239,771
794.0,2838,0,3,0,16.267120945102036,6.908386187455955,143.3280429184091,777
795.0,2838,0,1,1,16.236903832762685,7.127906976744186,143.71518062218638,784
796.0,2838,0,0,0,16.193346540565884,7.323467230443975,144.11023211155077,789
797.0,2842,0,4,0,16.147802586562246,7.5021111893033074,144.30431948562344,798
798.0,2847,0,5,0,16.102061851385695,7.709167544783983,144.44919727000777,808
799.0,2848,0,1,0,16.083902901493982,7.923455056179775,144.798353560884,815
800.0,2851,0,3,0,16.05810703894686,8.146965976850227,145.04827432776935,822
801.0,2856,0,6,1,16.030332080934322,8.353641456582633,145.15900038614535,826
802.0,2857,0,2,1,16.02408744352538,8.557927896394819,145.50942780806432,833
803.0,2858,863,1,0,15.996886770396415,8.763470958712386,145.86497867941014,837
804.0,2861,0,3,0,15.96867602859381,9.006641034603286,146.12029314619082,853
805.0,2866,0,5,0,15.961799621943191,9.228890439637125,146.27481163911062,862
806.0,2867,0,1,0,15.933534048306743,9.451342867108476,146.63534682799323,867
807.0,2867,0,0,0,15.905028897402016,9.690268573421696,147.0487193842817,878
808.0,2870,0,3,0,15.89116820166057,9.92752613240418,147.31035843638506,890
809.0,2874,0,4,0,15.886589671507245,10.164578983994433,147.52047598049364,896
810.0,2882,0,8,0,15.875958548704038,10.39590562109646,147.52684201332707,895
811.0,2885,0,4,1,15.93906892490758,9.01733102253033,147.77864118974364,782
812.0,2889,0,4,0,16.03657974097033,8.281758393907927,147.9772646966911,717
813.0,2889,0,0,0,16.170927475942033,7.798200069228106,148.37190146035735,665
814.0,2890,0,1,0,16.30176419186377,7.412456747404844,148.70587711326235,636
815.0,2893,0,3,0,16.460449279858924,7.095057034220532,148.92598040387742,608
816.0,2896,0,3,0,16.608750211612417,6.86982044198895,149.1368347424784,574
817.0,2898,0,3,1,16.74247954819696,6.686335403726708,149.38447253021008,559
818.0,2900,0,2,0,16.85131795117547,6.568965517241379,149.62979376383853,554
819.0,2902,0,2,0,16.931731035884656,6.482081323225362,149.86938243881957,551
820.0,2906,0,4,0,17.0142573959468,6.386441844459738,150.00062619329384,543
821.0,2911,0,5,0,17.071806009313796,6.316729646169701,150.07786916572266,540
822.0,2915,0,4,0,17.11776691266553,6.187650085763293,150.20365189830977,541
823.0,2917,0,2,0,17.14798691372715,6.141926636955777,150.43032322834117,545
824.0,2922,0,5,0,17.174524086008738,6.046543463381246,150.5011545421333,540
825.0,2924,0,2,0,17.187278197007434,5.954172366621067,150.72500372937176,538
826.0,2927,0,3,0,17.181599344758425,5.8172189955585925,150.89717011435224,531
827.0,2929,0,2,0,17.195886544983566,5.693752133834073,151.11924947676013,527
828.0,2930,0,1,0,17.203215826814546,5.61160409556314,151.39294831435325,525
829.0,2932,0,3,1,17.195943504206515,5.485675306957708,151.6099009988904,522
830.0,2933,0,1,0,17.188957596025247,5.413910671667235,151.88424398323932,520
831.0,2938,0,5,0,17.22063275730157,5.356364874063989,151.9510510972256,515
832.0,2940,0,2,0,17.227125975523172,5.320408163265306,152.1724170988467,518
833.0,2941,0,1,0,17.220084746055345,5.199591975518531,152.4452344766422,522
834.0,2943,0,2,0,17.213979170500345,5.115188583078491,152.6659303674732,516
835.0,2946,0,3,0,17.19719113090151,4.990835030549898,152.83589692837157,518
836.0,2951,0,5,0,17.188289106081736,4.861402914266351,152.90267031035003,511
837.0,2953,0,2,0,17.179261935163616,4.792414493735184,153.12662145335636,513
838.0,2958,0,5,0,17.159400934934368,4.633874239350913,153.19633435115716,511
839.0,2960,0,2,0,17.130090112517397,4.524324324324325,153.4233549241026,506
840.0,2960,0,0,0,17.108386061983587,4.422972972972973,153.75547910765025,503
841.0,2963,0,4,1,17.079979578365176,4.305771177860277,153.92736993712032,499
842.0,2965,0,2,0,17.059443350690866,4.2704890387858345,154.15834085429051,502
843.0,2967,0,2,0,17.038563949387107,4.185709470845972,154.38964017714596,503
844.0,2969,0,2,0,17.02447096975248,4.033344560458067,154.62272292997133,496
845.0,2967,0,0,2,16.99489836580408,3.982810920121335,155.05548923697563,505
846.0,2970,0,3,0,16.991227846670462,3.95016835016835,155.23754899000988,502
847.0,2975,0,5,0,17.002859372825448,3.8884033613445377,155.31554823895786,508
848.0,2978,0,3,0,16.982533251884448,3.8589657488247147,155.49942191642765,523
849.0,2982,0,4,0,16.967972773029924,3.846747149564051,155.6326667931706,520
850.0,2985,0,3,0,16.9554409244638,3.8629815745393636,155.81877189275735,526
851.0,2987,0,2,0,16.91944007059986,3.8188818212253097,156.05963188058814,537
852.0,2989,0,2,0,16.910673291060867,3.8678487788558047,156.3005976116709,542
853.0,2995,0,6,0,16.901886182796165,3.8263772954924873,156.3336472420905,547
854.0,2999,0,4,0,16.8836863530037,3.8272757585861954,156.47320226023933,564
855.0,3001,0,2,0,16.859145677707467,3.8433855381539486,156.7182486461698,570
856.0,3004,0,3,0,16.827272130539406,3.7916111850865515,156.91240345738797,566
857.0,3008,0,4,0,16.775561741655558,3.845744680851064,157.05618704614977,581
858.0,3011,0,3,0,16.735409622818644,3.8226502822982398,157.25461199641663,585
859.0,3018,0,7,0,16.739254698518163,3.813452617627568,157.2451718859263,596
860.0,3022,0,4,0,16.720414603911028,3.827597617471873,157.393098079802,605
861.0,3025,0,3,0,16.70477736332099,3.874710743801653,157.59400996004445,623
862.0,3030,0,5,0,16.688507163371728,3.943894389438944,157.6927501618872,638
863.0,3034,0,4,0,16.66759476159094,3.9746209624258406,157.844767020099,640
864.0,3039,0,5,0,16.645163856468056,4.120105297795328,157.947101216351,650
865.0,3040,0,1,0,16.60793436302297,4.270394736842105,158.25886250375572,664
866.0,3043,0,3,0,16.585190006512534,4.348340453499835,158.46714826661716,675
867.0,3045,0,3,1,16.51051594608271,4.443021346469623,158.72543222780632,694
868.0,3048,0,3,0,16.453770636492425,4.566272965879265,158.9402637224264,705
869.0,3050,0,2,0,16.37617941905343,4.701639344262295,159.21118988425968,713
870.0,3051,0,2,1,16.308235433912646,4.857751556866601,159.53393835324178,733
871.0,3053,0,2,0,16.26845383243024,4.988863413036357,159.81108305694934,744
872.0,3057,0,4,0,16.19600461182616,5.11023879620543,159.98773882771223,756
873.0,3061,0,4,0,16.157185697582793,5.250898399215942,160.1663807278127,769
874.0,3061,0,1,1,16.07552209397326,5.3988892518784715,160.55386869759187,783
875.0,3064,0,3,0,16.033512539380478,5.555809399477806,160.79041381966766,798
876.0,3069,0,5,0,15.984107156049875,5.685565330726621,160.92398536026306,811
877.0,3074,0,5,0,15.959580240305867,5.824333116460638,161.0584003594639,822
878.0,3077,0,3,0,15.93084117907062,6.005524861878453,161.29964526587386,833
879.0,3083,0,6,0,15.904990975979542,6.196237431073629,161.3853338609697,853
880.0,3088,0,5,0,15.856240368599735,6.361722797927461,161.5257311815521,859
881.0,3092,0,4,0,15.807830858509798,6.533958602846054,161.7217770356251,871
882.0,3093,0,1,0,15.76030768785313,6.7442612350468805,162.07763727122736,884
883.0,3099,0,7,1,15.726675582236485,6.948047757341078,162.16626434891302,902
884.0,3104,0,5,0,15.704317987889238,7.137564432989691,162.31561401321792,910
885.0,3114,0,10,0,15.695932812561107,7.303147077713552,162.20535750130455,921
886.0,3119,0,5,0,15.670476077847216,7.4745110612375765,162.35732420557366,927
887.0,3121,0,2,0,15.657966958265172,7.6898429990387696,162.66649231936518,940
888.0,3124,0,3,0,15.647799420098401,7.876120358514725,162.92400248232826,945
889.0,3129,0,5,0,15.634848855742076,8.059443911792904,163.07883063687356,955
890.0,3132,0,3,0,15.629164488755503,8.294380587484035,163.3385090628012,970
891.0,3136,0,4,0,15.612895176766296,8.497448979591837,163.54649848794406,978
892.0,3138,0,3,1,15.594207487359132,8.68769917144678,163.8559521430167,981
893.0,3142,0,5,1,15.56301603604362,8.915340547422025,164.05991159680306,997
894.0,3143,0,1,0,15.50360444285919,9.158447343302576,164.43116298624122,1001
895.0,3146,0,3,0,15.48068173258848,9.381436745073108,164.6985837628006,1005
896.0,3149,0,4,1,15.456190683623367,9.593839314067958,164.9609681747356,1007
897.0,3155,0,7,1,15.439275951993066,9.793977812995246,165.06798554562403,1012
898.0,3156,0,2,1,15.410034627344444,10.017110266159696,165.43913763475345,1016
899.0,3160,0,4,0,15.384609418351186,10.26487341772152,165.658545122126,1023
900.0,3166,0,6,0,15.366320400138813,10.487997473152243,165.77468429065576,1030
901.0,3173,0,7,0,15.460675582530017,9.08635360857233,165.83279799461684,911
902.0,3179,0,6,0,15.57566751237671,8.335954702736709,165.93640294694407,843
903.0,3181,0,2,0,15.692218789103503,7.85570575290789,166.23972453231443,793
904.0,3181,0,0,0,15.814981504858249,7.491669286387928,166.63920683764417,752
905.0,3184,0,3,0,15.982425182928353,7.215138190954774,166.8704017675884,725
906.0,3186,0,2,0,16.132958784511686,6.946955430006278,167.14423182659533,684
907.0,3188,0,2,0,16.279759565126337,6.739335006273525,167.40906623489076,661
908.0,3192,0,4,0,16.408451130189267,6.56234335839599,167.56120479716807,642
909.0,3193,0,1,0,16.518321198187202,6.444409646100846,167.8643862103946,635
910.0,3197,0,4,0,16.61509557822802,6.296527994995308,168.0030852540108,615
911.0,3199,0,2,0,16.646822189187407,6.192872772741482,168.24367639361742,610
912.0,3202,0,3,0,16.694138498269776,6.0911930043722675,168.42955416706377,607
913.0,3203,0,1,0,16.72179845917329,5.971901342491415,168.71803427929635,603
914.0,3206,0,3,0,16.757352766565962,5.80817217716781,168.8998069441567,596
915.0,3209,0,3,0,16.785302213473287,5.660953568089748,169.07941500902004,592
916.0,3211,0,2,0,16.81834320861572,5.53939582684522,169.31039937800358,592
917.0,3213,0,3,1,16.832396500564766,5.413320883909119,169.53742307524067,590
918.0,3214,0,1,0,16.843817166208197,5.316116988176727,169.82040934956024,590
919.0,3217,0,3,0,16.84272097699247,5.246813801678583,169.99809199569003,587
920.0,3219,0,2,0,16.84075957471242,5.1528424976700835,170.22803803659363,588
921.0,3223,0,4,0,16.853382701907623,5.089357741234874,170.35119324097533,586
922.0,3228,0,5,0,16.863625908430468,4.987608426270136,170.4215167502973,585
923.0,3229,0,1,0,16.856193903939918,4.894704242799628,170.70304731405614,587
924.0,3232,0,3,0,16.829331115888174,4.849628712871287,170.8796951976691,592
925.0,3234,0,2,0,16.820928557357863,4.765924551638838,171.11018096979777,588
926.0,3237,0,3,0,16.814546096186,4.666357738646895,171.28785349392484,592
927.0,3238,0,1,0,16.827964768149,4.545707226683137,171.57151525772827,587
928.0,3240,0,2,0,16.831406021492747,4.459876543209877,171.80131359663247,595
929.0,3242,0,2,0,16.832268545453115,4.349167180752622,172.03146809698038,598
930.0,3244,0,2,0,16.80277933530805,4.247225647348952,172.26267662969855,589
931.0,3245,0,1,0,16.807004188363177,4.091217257318952,172.54719714299802,580
932.0,3246,0,1,0,16.799356085732576,3.9728897104128156,172.83282547580708,576
933.0,3248,0,2,0,16.785069706087164,3.9128694581280787,173.0664530967991,570
934.0,3249,0,1,0,16.772454617459342,3.881809787626962,173.3543754607403,568
935.0,3252,0,3,0,16.765572394784115,3.825338253382534,173.53677799430696,568
936.0,3255,0,3,0,16.788156711188332,3.7655913978494624,173.71907690184412,578
937.0,3260,0,5,0,16.80545523011095,3.7901840490797545,173.79513266679524,586
938.0,3263,0,3,0,16.80287443361693,3.8011032791909285,173.97804492592604,592
939.0,3267,0,4,0,16.79407671328565,3.810529537802265,174.10863653324037,600
940.0,3270,0,4,1,16.788114381820446,3.809480122324159,174.28910607910876,600
941.0,3273,0,3,0,16.75150085962557,3.8545676749159794,174.47663199594245,605
942.0,3274,0,1,0,16.743179237435108,3.883017715332926,174.77175751377015,609
943.0,3280,0,7,1,16.733675458865566,3.915548780487805,174.7838359422508,609
944.0,3282,0,3,1,16.720318859054355,3.9600853138330288,175.02379709453987,614
945.0,3285,0,3,0,16.689428234545254,3.9987823439878234,175.21694720598097,625
946.0,3289,0,4,0,16.677461539205346,3.9556096077835208,175.35809518790157,621
947.0,3295,0,6,0,16.675586193938575,3.9505311077389984,175.39408595239806,621
948.0,3297,0,2,0,16.64780858395998,3.9790718835304824,175.64510485225918,644
949.0,3299,0,2,0,16.609340949289816,4.0309184601394366,175.89887540519663,653
950.0,3304,0,5,0,16.575468319636038,4.0541767554479415,175.99503500211753,659
951.0,3308,0,4,0,16.545348810071413,4.094316807738815,176.14748983781067,683
952.0,3313,0,5,0,16.507280301125007,4.143374584968306,176.2486591178889,689
953.0,3315,0,2,0,16.48592641192132,4.209954751131222,176.51165558034762,700
954.0,3317,0,3,1,16.444197804504018,4.279770877298764,176.77156473355961,720
955.0,3318,0,2,1,16.406641437848876,4.383664858348403,177.08772938937045,734
956.0,3319,0,3,2,16.362448497951192,4.496535100934016,177.39690553244728,746
957.0,3320,0,2,1,16.321871951937887,4.601807228915662,177.6660447603633,767
958.0,3321,0,1,0,16.277270399925506,4.735621800662451,177.9924780926882,780
959.0,3323,0,2,0,16.251608204446562,4.879626843213964,178.26630150905243,791
960.0,3325,0,2,0,16.20780707503735,5.048421052631579,178.5410991264462,809
961.0,3328,0,3,0,16.190136260323,5.146634615384615,178.76397154313872,823
962.0,3330,0,2,0,16.13911884627107,5.281981981981982,179.04362329219325,833
963.0,3333,0,3,0,16.127422445284473,5.402640264026402,179.26994215159857,847
964.0,3338,0,5,0,16.10744315941597,5.5434391851408025,179.39023151300822,853
965.0,3339,0,1,0,16.083095345039844,5.674752920035939,179.7271009729874,858
966.0,3343,0,5,1,16.049648504657515,5.8321866586898,179.90062806346953,872
967.0,3347,0,4,0,16.017149576583343,5.981475948610696,180.08012886170002,883
968.0,3350,0,3,0,15.979010559992503,6.142686567164179,180.3171728852618,894
969.0,3355,0,5,0,15.95491823790603,6.311177347242921,180.44895367485904,902
970.0,3359,0,4,0,15.93462347218493,6.4968740696635905,180.63671317166595,913
971.0,3363,0,5,1,15.913505785935914,6.684805233422539,180.80256536589087,930
972.0,3369,0,7,1,15.92651649776585,6.904719501335708,180.88172892383827,952
973.0,3372,0,4,1,15.896251694266955,7.125741399762752,181.12297991579078,964
974.0,3373,0,2,1,15.851015862792973,7.33412392528906,181.47174095065876,983
975.0,3375,0,3,1,15.824854517041002,7.540148148148148,181.70314082471185,994
976.0,3378,0,3,0,15.820754652008137,7.778863232682061,181.9518323264383,1008
977.0,3380,0,2,0,15.821768398218438,7.974852071005917,182.25444039576072,1009
978.0,3382,0,3,1,15.810853367320215,8.167652276759314,182.5346102654476,1016
979.0,3385,0,3,0,15.80237337425045,8.352141802067948,182.78507295717296,1017
980.0,3389,0,4,0,15.814114342802274,8.539097078784302,182.9813134916224,1029
981.0,3390,0,2,1,15.80030342486341,8.692035398230088,183.31821986451817,1030
982.0,3392,0,2,0,15.775825360918537,8.899174528301886,183.62410979523386,1044
983.0,3393,0,1,0,15.751415179427458,9.110226937813145,183.98585981994228,1049
984.0,3394,0,2,1,15.7189000142574,9.336476134354744,184.34518057007992,1062
985.0,3400,0,6,0,15.70104441307315,9.568235294117647,184.43831850746474,1068
986.0,3403,0,3,0,15.667640864273558,9.786658830443725,184.6959514555424,1073
987.0,3404,0,1,0,15.646928242035886,10.035546415981198,185.06306053963493,1082
988.0,3411,0,7,0,15.636958669877487,10.252418645558487,185.10553432672532,1084
989.0,3414,0,3,0,15.62337853331984,10.49062683069713,185.36600547363886,1090
990.0,3416,0,3,1,15.609463089378488,10.718384074941453,185.6590437839323,1096
991.0,3416,0,0,0,15.691829338446722,9.289812646370024,186.0787689276826,953
992.0,3419,0,4,1,15.81875712097753,8.339865457736181,186.30089709005037,858
993.0,3424,0,5,0,15.979424910510142,7.7517523364485985,186.42951236524596,797
994.0,3430,0,6,0,16.136608670391055,7.3434402332361515,186.49290509521506,753
995.0,3437,0,7,0,16.331093552793014,7.052662205411696,186.491206580452,728
996.0,3442,0,5,0,16.48977021294291,6.780941313190006,186.58754519872312,702
997.0,3442,0,0,0,16.641347987303032,6.586287042417199,186.94527141182522,670
998.0,3445,0,3,0,16.75757213921514,6.438316400580551,187.13174305854614,657
999.0,3444,0,1,2,16.83398291730207,6.30458768873403,187.52176938229462,649
1000.0,3450,0,7,1,16.912272774914676,6.120289855072464,187.51866985858402,633
1001.0,3452,0,2,0,16.950504408553556,6.024913093858633,187.7462278205823,631
1002.0,3451,0,0,1,16.9929403785491,5.932483338162851,188.1157712998159,623
1003.0,3453,881,2,0,17.031025480084384,5.828265276571098,188.3383152339357,625
1004.0,3456,0,3,0,17.078589195435086,5.735243055555555,188.50369633152891,613
1005.0,3457,0,1,0,17.116876673165592,5.583453861729824,188.7758871299032,604
1006.0,3457,0,1,1,17.132398470117227,5.463696846977148,189.09379455452319,605
1007.0,3461,0,4,0,17.147800739360356,5.297023981508235,189.19989732887728,596
1008.0,3462,0,2,1,17.167281322101392,5.194396302715194,189.42471518866256,590
1009.0,3464,0,3,1,17.19770092125055,5.133949191685912,189.62856927867222,592
1010.0,3468,0,6,2,17.20179892833546,5.05161476355248,189.67404735736682,586
1011.0,3469,0,1,0,17.215112673758842,4.993081579705967,189.9400018513059,592
1012.0,3470,0,3,2,17.22080138089921,4.912680115273775,190.1963621232723,584
1013.0,3472,0,2,0,17.234788851253704,4.8058755760368665,190.4050630486659,579
1014.0,3477,0,5,0,17.24054496369315,4.690537819959736,190.44940859851462,574
1015.0,3481,0,5,1,17.248456113261646,4.54409652398736,190.54519934520692,569
1016.0,3483,0,3,1,17.250160094630893,4.398219925351708,190.74944432289487,559
1017.0,3488,0,5,0,17.278737114988058,4.315366972477064,190.79283735254532,558
1018.0,3491,0,3,0,17.248072820124356,4.16642795760527,190.94766744629175,544
1019.0,3494,0,3,0,17.232508768821557,4.03491700057241,191.10279176728724,546
1020.0,3498,0,5,1,17.243531871736188,3.9556889651229272,191.15513642437998,550
1021.0,3500,0,2,0,17.213824754060578,3.8594285714285714,191.3660992800976,544
1022.0,3499,0,0,1,17.208819776855236,3.7830808802515006,191.737293650123,549
1023.0,3499,0,0,0,17.20418125163064,3.7242069162617892,192.058116300667,543
1024.0,3502,0,4,1,17.205167805327033,3.7238720731010853,192.17234958542156,550
1025.0,3506,0,4,0,17.17651766869509,3.6802624073017682,192.27621639365697,540
1026.0,3508,0,3,1,17.14359460108572,3.650228050171038,192.43812222141463,551
1027.0,3511,0,3,0,17.12652843629896,3.618057533466249,192.60025624925987,546
1028.0,3513,0,5,3,17.08826509911918,3.627384002277256,192.76395493352115,560
1029.0,3514,0,2,1,17.0715265557685,3.6340352874217414,193.03272703169097,565
1030.0,3514,0,2,2,17.027720273339845,3.643995446784291,193.26771321485208,568
1031.0,3519,0,6,1,16.98392078687386,3.6254617789144645,193.2945163212184,576
1032.0,3521,0,3,1,16.926777385743637,3.6128940641863108,193.4737421245357,592
1033.0,3525,0,4,0,16.835697784547037,3.626950354609929,193.59437640375992,607
1034.0,3527,0,3,1,16.773561555693462,3.7227105188545506,193.7162975081359,633
1035.0,3532,0,5,0,16.72964451559804,3.7525481313703284,193.78867121665854,639
1036.0,3533,0,1,0,16.65479200997004,3.6767619586753466,194.0844612742922,639
1037.0,3537,0,4,0,16.59161706882414,3.680802940344925,194.21890308354,652
1038.0,3544,0,8,1,16.53979979590186,3.68510158013544,194.187419051339,671
1039.0,3546,0,2,0,16.514201309490254,3.676818950930626,194.43546180987178,689
1040.0,3549,0,4,1,16.485096760176265,3.707241476472246,194.59973427228658,701
1041.0,3552,0,4,1,16.45117443724291,3.754222972972973,194.79419608269507,725
1042.0,3553,0,2,1,16.426179824263127,3.8530819026175065,195.05727499230173,745
1043.0,3556,0,3,0,16.3853705014936,4.008998875140607,195.25789540163169,765
1044.0,3562,0,6,0,16.327555141143456,4.138405390230208,195.2974775276621,785
1045.0,3563,0,3,2,16.305075818342157,4.29497614369913,195.60593857572678,808
1046.0,3567,0,4,0,16.25875179848178,4.453602467059153,195.76028315320366,833
1047.0,3570,0,3,0,16.215145220485834,4.643977591036415,195.9713220008675,851
1048.0,3573,0,3,0,16.178716940684517,4.804086202071089,196.18600325362493,866
1049.0,3576,0,3,0,16.13249118250166,4.9812639821029085,196.40278310804607,884
1050.0,3579,0,4,1,16.080325685474445,5.158982956132998,196.61520231872305,905
1051.0,3579,0,0,0,16.0503459991075,5.31265716680637,197.0021746455963,924
1052.0,3582,0,3,0,16.02664118921388,5.489949748743719,197.22474992679247,946
1053.0,3584,0,2,0,16.003864915419456,5.657087053571429,197.50471196118792,954
1054.0,3586,0,3,1,15.993962555471507,5.804517568321249,197.7791276128868,973
1055.0,3587,0,2,1,15.94824008941473,5.944800669082799,197.99910814860274,977
1056.0,3592,0,5,0,15.92165778937348,6.099387527839643,198.1184379302391,987
1057.0,3591,0,1,2,15.89808541511305,6.259816207184628,198.35152975597836,999
1058.0,3593,0,4,2,15.877902196806165,6.349011967715001,198.60649495005012,1001
1059.0,3594,0,1,0,15.84347892307039,6.485531441291041,198.95362493287794,1011
1060.0,3599,0,5,0,15.820148068279792,6.71158655181995,199.08176613742384,1036
1061.0,3604,0,5,0,15.807125162578432,6.892341842397336,199.21055005688427,1037
1062.0,3607,0,3,0,15.75657715141409,7.085389520377045,199.45248269495843,1050
1063.0,3610,0,4,1,15.733538255915535,7.2903047091412745,199.58189224442225,1068
1064.0,3614,0,4,0,15.713969643517222,7.488931931377975,199.77153954344223,1075
1065.0,3618,0,4,0,15.698038634662469,7.689054726368159,199.9631752138158,1087
1066.0,3621,0,3,0,15.671325903875644,7.9411764705882355,200.21154326654974,1104
1067.0,3623,0,2,0,15.652360607799407,8.127794645321556,200.51651387772475,1111
1068.0,3624,0,2,1,15.628960091652939,8.33774834437086,200.87372599142637,1124
1069.0,3626,0,2,0,15.59656693618161,8.542746828461114,201.18163441545892,1133
1070.0,3631,0,5,0,15.580587717201633,8.73175433764803,201.32411873396805,1142
1071.0,3630,0,1,2,15.530932925828928,8.951515151515151,201.7571687589473,1143
1072.0,3630,0,0,0,15.477869861872097,9.171625344352616,202.1809065399109,1148
1073.0,3632,0,3,1,15.446580580059365,9.413546255506608,202.48730914133588,1162
1074.0,3633,0,2,1,15.400714106575899,9.609964216900632,202.84952825330646,1167
1075.0,3635,0,2,0,15.367702083960037,9.859972489683631,203.16780800942334,1180
1076.0,3637,0,2,0,15.339400347795165,10.100082485565027,203.48644297794826,1184
1077.0,3637,0,1,1,15.310534871416207,10.396205664008798,203.87650545570332,1200
1078.0,3644,0,9,2,15.285947518975112,10.60510428100988,203.88060857070633,1207
1079.0,3646,0,2,0,15.246763660464465,10.82309380142622,204.20302409369748,1212
1080.0,3645,0,2,3,15.205207369234925,11.07681755829904,204.58112470881136,1214
1081.0,3649,0,4,0,15.256530850370325,9.623184434091533,204.78794839787648,1067
1082.0,3651,0,2,0,15.356290021218406,8.65762804711038,205.09992957287866,968
1083.0,3653,0,3,1,15.488389476038824,7.994525047905831,205.3972224551867,892
1084.0,3659,0,7,1,15.654093822990292,7.365400382618201,205.4442400586662,825
1085.0,3660,0,1,0,15.832480980354374,6.960928961748634,205.77879665903072,777
1086.0,3659,0,0,1,16.00193315607869,6.653730527466521,206.19936486310223,745
1087.0,3662,0,4,1,16.16842020354701,6.413708356089568,206.37781950225335,717
1088.0,3664,0,2,0,16.31113044923236,6.201419213973799,206.62451273431623,694
1089.0,3669,0,5,0,16.418474879188636,6.048242027800491,206.69358169701488,680
1090.0,3673,0,4,0,16.507956267912427,5.947454396950722,206.8134695844225,676
1091.0,3678,0,5,0,16.563521819766578,5.875203915171289,206.87411074356137,672
1092.0,3681,0,4,1,16.61133082732437,5.859005704971475,207.0385397038331,673
1093.0,3685,0,6,2,16.67733523739382,5.830936227951153,207.134708629084,672
1094.0,3687,0,3,1,16.705286122864745,5.724708435042039,207.34892466728832,665
1095.0,3686,0,1,2,16.74194333457163,5.592240911557243,207.6943664114374,654
1096.0,3686,0,2,2,16.79113232226698,5.511665762344005,207.99493909879345,648
1097.0,3688,0,3,1,16.8196195683642,5.415943600867679,208.20070182944727,635
1098.0,3692,0,4,0,16.855341196342607,5.316359696641387,208.29635614257404,631
1099.0,3696,0,5,1,16.875124094382,5.189935064935065,208.38642123011502,618
1100.0,3700,0,4,0,16.873424686062318,5.115675675675676,208.48043734321953,618
1101.0,3702,0,2,0,16.884252107900075,5.061048082117774,208.68641180851307,612
1102.0,3705,0,3,0,16.903457290894107,4.965182186234818,208.83550003722763,605
1103.0,3709,0,4,0,16.920639425378155,4.896198436236182,208.9281993433817,602
1104.0,3715,0,6,0,16.95723739618355,4.868371467025572,208.90720574203493,608
1105.0,3716,0,2,1,16.950436587497,4.810279870828849,209.1605823702858,605
1106.0,3720,0,4,0,16.9469878659068,4.723924731182795,209.25311096778398,611
1107.0,3721,0,1,0,16.92194042519569,4.650094060736361,209.51592895044487,615
1108.0,3727,0,7,1,16.92012220351853,4.529648510866648,209.48963239264836,614
1109.0,3731,0,5,1,16.90290527536076,4.448941302599839,209.57917802796243,613
1110.0,3734,0,4,1,16.87931101638457,4.352972683449384,209.62330395056705,614
1111.0,3737,0,3,0,16.852827378575885,4.327267861921327,209.77950965329603,611
1112.0,3739,0,2,0,16.824650581705185,4.316394757956673,209.99318298570478,624
1113.0,3744,0,5,0,16.807456892949943,4.266826923076923,210.03980848739252,628
1114.0,3747,0,3,0,16.780894469635008,4.260208166533227,210.20010617040415,633
1115.0,3751,0,5,1,16.735571358787407,4.237003465742469,210.27823529502558,624
1116.0,3750,0,2,3,16.711220779721874,4.238666666666667,210.58465770735413,634
1117.0,3753,0,4,1,16.687560108966956,4.26378896882494,210.7429094506065,642
1118.0,3754,0,2,1,16.65782320290108,4.270378263185935,211.0158743947521,657
1119.0,3759,0,5,0,16.636592670422786,4.2947592444799145,211.07317412817824,667
1120.0,3759,0,1,1,16.59937829513766,4.330673051343442,211.40169579208617,671
1121.0,3763,0,5,1,16.569054671234657,4.352378421472229,211.42976629659975,682
1122.0,3765,0,2,0,16.50424528151937,4.425498007968128,211.66302877485157,692
1123.0,3767,0,2,0,16.46730130950242,4.447836474648261,211.89771869782572,698
1124.0,3770,0,3,0,16.407341642423983,4.503978779840849,212.08063040930193,712
1125.0,3769,0,0,1,16.348877297992647,4.5895462987529845,212.33062579368547,729
1126.0,3770,0,1,0,16.300607708904487,4.614588859416446,212.63271687886768,747
1127.0,3775,0,7,2,16.26033650911757,4.656953642384106,212.668826345824,752
1128.0,3776,0,1,0,16.214997576087594,4.740995762711864,212.97690124589488,766
1129.0,3778,0,4,2,16.15798024665735,4.82503970354685,213.14094340018772,783
1130.0,3784,0,6,0,16.118966880724507,4.892970401691332,213.17255941156273,793
1131.0,3792,0,8,0,16.069065865914958,5.00870253164557,213.09497053917934,814
1132.0,3791,0,0,1,16.009922137224837,5.064890530203113,213.48888187725356,830
1133.0,3790,0,1,2,15.944260681440635,5.214511873350924,213.90758488812256,854
1134.0,3793,0,5,2,15.886863629985026,5.359346163986291,213.99123816242127,869
1135.0,3797,0,5,1,15.827821287916183,5.495391098235449,214.1351258541765,889
1136.0,3801,0,5,1,15.784480951389734,5.643777953170218,214.25573395142598,909
1137.0,3803,0,2,0,15.760127153698662,5.8090980804627925,214.5335675422815,935
1138.0,3807,0,4,0,15.700802678007465,5.994483845547675,214.70116861246404,960
1139.0,3809,0,2,0,15.665976956125702,6.180624835914938,214.98419951826816,987
1140.0,3810,0,2,1,15.631825344079228,6.384514435695538,215.32079217536563,1011
1141.0,3817,0,7,0,15.608046238400117,6.533665182080168,215.32540414800516,1024
1142.0,3820,0,3,0,15.579075555742047,6.715968586387435,215.55736482417456,1044
1143.0,3822,0,2,0,15.571761111176075,6.895866038723182,215.84686640775533,1070
1144.0,3828,0,6,0,15.533898120738627,7.036311389759666,215.91236339402897,1074
1145.0,3827,0,0,1,15.485887624766479,7.202508492291612,216.3699246663312,1082
1146.0,3832,0,6,1,15.447514960587288,7.355167014613778,216.37159081494744,1086
1147.0,3835,0,3,0,15.402640025233374,7.5374185136897,216.6136193340161,1104
1148.0,3838,0,4,1,15.376943664426314,7.742053152683689,216.84941784259095,1120
1149.0,3840,0,3,1,15.35113347401303,7.9703125,217.1478699913082,1137
1150.0,3843,0,3,0,15.317311255539522,8.160291438979964,217.39568056210015,1146
1151.0,3845,0,5,3,15.298336286691304,8.353185955786737,217.54316504530632,1152
1152.0,3850,0,5,0,15.283426814745804,8.524415584415584,217.68065833654123,1166
1153.0,3852,0,4,2,15.273263318149375,8.701973001038422,217.9803526948343,1174
1154.0,3856,0,4,0,15.267486793372088,8.867219917012449,218.1760187487535,1185
1155.0,3860,0,4,0,15.24798779891097,9.091968911917098,218.3728054713371,1195
1156.0,3863,0,3,0,15.219849699145094,9.283717318146518,218.62736564594135,1208
1157.0,3866,0,4,1,15.191431152587601,9.523021210553544,218.87110411620168,1215
1158.0,3871,0,5,0,15.163475763094889,9.707827434771376,219.01636375894213,1216
1159.0,3872,0,3,2,15.124236800151229,9.949380165289256,219.33382342894717,1221
1160.0,3878,0,7,1,15.080291892090585,10.146209386281589,219.3690368826333,1228
1161.0,3878,0,2,2,15.024773808782214,10.396854048478597,219.74585189868174,1241
1162.0,3882,0,5,1,14.980682845979544,10.638588356517259,219.90299069514836,1251
1163.0,3885,0,4,1,14.964096681103667,10.87927927927928,220.16461352730752,1266
1164.0,3889,0,5,1,14.924556668711602,11.134739007456929,220.37122879911254,1286
1165.0,3889,0,1,1,14.897560105664464,11.396245821547955,220.7589908892381,1293
1166.0,3891,0,2,0,14.881283834336706,11.675404780262143,221.0879571212616,1310
1167.0,3893,0,3,1,14.860148884413,11.951965065502183,221.40925160015067,1325
1168.0,3898,0,5,0,14.84590883554555,12.224730631092868,221.57078368424504,1336
1169.0,3899,0,3,2,14.827784389702035,12.519107463452167,221.94001787882476,1344
1170.0,3901,0,4,2,14.823358689699155,12.798513201743143,222.2073870701735,1352
1171.0,3903,0,3,1,14.914602189071738,11.30053804765565,222.48400465929615,1204
1172.0,3906,0,4,1,15.050474996158904,10.260112647209422,222.70352880412491,1090
1173.0,3906,0,1,1,15.218830890211855,9.502304147465438,223.07277069628952,1010
1174.0,3906,0,2,2,15.380361474538786,8.938812083973374,223.4547894515012,944
1175.0,3910,0,4,0,15.562973407619435,8.536317135549872,223.62438206451978,899
1176.0,3909,0,2,3,15.713125650773284,8.273727295983628,224.02745724119566,857
1177.0,3909,0,1,1,15.885745369407772,8.024047070862114,224.39633709806387,820
1178.0,3918,0,9,0,16.057487161837763,7.871107708014293,224.2464552675918,795
1179.0,3921,0,3,0,16.179030362018167,7.7401173170109665,224.43279965290637,778
1180.0,3924,0,4,1,16.275031850861886,7.598623853211009,224.60120484199342,766
1181.0,3925,0,4,3,16.356360683805065,7.471592356687898,224.85768914500161,755
1182.0,3926,0,3,2,16.432220197391644,7.313295975547631,225.11280846916748,751
1183.0,3927,0,4,3,16.480962072189737,7.092691622103387,225.3367730903206,729
1184.0,3929,0,4,2,16.5164931884799,6.999236446933062,225.4692069171135,727
1185.0,3931,0,3,1,16.569869484696987,6.86797252607479,225.64493717159112,720
1186.0,3934,0,5,2,16.58228294748337,6.799694966954753,225.73201951392736,716
1187.0,3934,0,3,3,16.588056400912492,6.66395526182003,226.02214500139488,713
1188.0,3939,0,6,1,16.609346078707134,6.550901243970551,226.01200270027638,705
1189.0,3940,0,3,2,16.607430385868813,6.469035532994924,226.18537969073725,704
1190.0,3943,0,4,1,16.62993800742163,6.390565559218869,226.29944833638152,711
1191.0,3946,0,3,0,16.648772593765067,6.3446528129751645,226.45468450667144,709
1192.0,3951,0,5,0,16.670136441731024,6.229309035687168,226.49427650852377,702
1193.0,3956,0,6,1,16.679128863117118,6.1066734074823055,226.5294432432742,692
1194.0,3960,0,5,1,16.684736335948635,5.991161616161616,226.62319271043097,687
1195.0,3961,0,1,0,16.684531398012286,5.881595556677607,226.8911902015334,675
1196.0,3967,0,6,0,16.68205366099347,5.7375850768842955,226.8742568809299,667
1197.0,3970,0,3,0,16.69335566523472,5.668513853904282,227.02881666736982,671
1198.0,3972,0,2,0,16.69168542993888,5.576787512588117,227.2404551955019,670
1199.0,3976,0,4,0,16.68867546304379,5.520623742454728,227.3384433315583,666
1200.0,3975,0,0,1,16.67365350854088,5.4596226415094335,227.55098196838142,667
1201.0,3976,0,3,2,16.649699674416333,5.382042253521127,227.77817940323314,670
1202.0,3977,0,2,1,16.621050789254014,5.324113653507669,228.04113850818965,672
1203.0,3981,881,6,2,16.60533599058057,5.262496860085406,228.13520306724521,667
1204.0,3982,0,2,1,16.586099330578516,5.268458061275741,228.40708468663885,663
1205.0,3985,0,3,0,16.5739784758903,5.231116687578419,228.56964584932402,662
1206.0,3985,0,1,1,16.56537198216896,5.251944792973651,228.90236663635378,678
1207.0,3985,0,2,2,16.55481137955278,5.17465495608532,229.22679093895155,680
1208.0,3987,0,2,0,16.528022093749215,5.152997241033359,229.4501083087538,687
1209.0,3989,0,2,0,16.497273008445596,5.192529456004011,229.67517962553927,699
1210.0,3995,0,6,0,16.471036957978942,5.107884856070088,229.67171752624853,701
1211.0,3995,0,0,0,16.42428053209801,5.132916145181476,230.01593375022506,708
1212.0,3999,0,4,0,16.382509647424055,5.153538384596149,230.13205259672145,727
1213.0,4002,0,3,0,16.326469400298453,5.184407796101949,230.30855757016812,737
1214.0,4003,0,4,3,16.276263433181466,5.1923557332001,230.47390893527742,745
1215.0,4004,0,2,1,16.208385780921088,5.218531468531468,230.72024707603612,756
1216.0,4003,0,1,2,16.11946160205395,5.208843367474394,231.12594896534384,762
1217.0,4004,0,2,1,16.058807068382382,5.224775224775224,231.39176541147737,777
1218.0,4003,0,0,1,15.972498159100711,5.288283787159631,231.73696862382937,804
1219.0,4002,0,1,2,15.892035177684946,5.3120939530234885,232.13423478291955,816
1220.0,4006,0,4,0,15.821951852241872,5.40763854218672,232.2778868133602,832
1221.0,4008,0,4,2,15.754777336086013,5.468313373253493,232.52101671916105,854
1222.0,4015,0,8,1,15.705190864944107,5.518555417185554,232.46788804014693,876
1223.0,4020,0,7,2,15.667520297110121,5.605721393034826,232.5497953818333,887
1224.0,4025,0,5,0,15.633157744281256,5.76248447204969,232.64675880627703,910
1225.0,4026,0,2,1,15.575288910410302,5.862146050670641,232.94162409702847,935
1226.0,4026,0,1,1,15.521124144672065,5.974167908594138,233.3125932280416,956
1227.0,4027,0,5,4,15.445113570811358,6.10230941147256,233.58579847913282,975
1228.0,4030,0,4,1,15.387055094978939,6.221091811414392,233.77484689087598,1002
1229.0,4034,0,5,1,15.341726633061008,6.394893406048587,233.94291648405235,1029
1230.0,4037,0,3,0,15.279076793459486,6.597225662620758,234.1760509428179,1054
1231.0,4037,0,0,0,15.230116866592347,6.726777309883577,234.58726889232472,1078
1232.0,4036,0,0,1,15.177184958882089,6.8942021803766105,234.9583278679886,1095
1233.0,4040,0,4,0,15.134164541783017,7.060148514851485,235.14342587281095,1105
1234.0,4047,0,7,0,15.123955313455438,7.200642451198418,235.15626755734516,1119
1235.0,4051,0,5,1,15.09902667192879,7.344606270056776,235.33895974450783,1129
1236.0,4052,0,3,2,15.05520464475176,7.516535044422508,235.67316476679213,1152
1237.0,4054,0,3,1,15.020619811855031,7.70424272323631,235.94172644056252,1172
1238.0,4056,0,3,1,14.991349700583362,7.931706114398422,236.24371615524984,1191
1239.0,4056,0,1,1,14.972289907921336,8.138806706114398,236.64018468674098,1212
1240.0,4055,0,1,2,14.952964607737043,8.348705302096178,237.07989386321813,1229
1241.0,4056,0,4,3,14.937766374311845,8.54215976331361,237.40029353156308,1240
1242.0,4061,0,5,0,14.919980251185239,8.749815316424526,237.54030312377557,1255
1243.0,4060,0,1,2,14.897835857011685,8.969211822660098,238.011108159602,1265
1244.0,4062,0,4,2,14.877810621648171,9.19399310684392,238.2954445123992,1279
1245.0,4063,0,3,2,14.84940692177531,9.42234801870539,238.66056867565032,1289
1246.0,4064,0,1,0,14.824108879686149,9.660433070866143,239.040226338342,1299
1247.0,4068,0,6,2,14.809639508857067,9.880776794493608,239.21302502283672,1315
1248.0,4069,0,2,1,14.769798131411635,10.115261735070042,239.59196533835473,1335
1249.0,4069,0,3,3,14.745400697555441,10.34799705087245,239.9368344469236,1346
1250.0,4073,0,4,0,14.725167704526372,10.59071937147066,240.1448390707287,1359
1251.0,4073,0,2,2,14.680871735555943,10.850969801129388,240.507771440373,1368
1252.0,4071,0,1,3,14.639827458298466,11.11864406779661,240.9502661007788,1372
1253.0,4076,0,6,1,14.638130693596132,11.382728164867517,241.10028312878336,1389
1254.0,4078,0,3,1,14.615436482564071,11.660863168219716,241.42864459950275,1406
1255.0,4082,0,6,2,14.566681222373921,11.938510534051936,241.63062401104204,1422
1256.0,4091,0,9,0,14.536770826546924,12.189684673673918,241.55262598767283,1433
1257.0,4099,0,9,1,14.505456909712409,12.45352525006099,241.52729574199762,1440
1258.0,4100,0,3,2,14.442280145973166,12.748536585365853,241.85223133370704,1455
1259.0,4102,0,2,0,14.399510952309031,13.055095075572892,242.1957031330526,1473
1260.0,4106,0,4,0,14.374999698462767,13.371407696054554,242.42163681624157,1480
1261.0,4109,0,3,0,14.448177526735828,11.879532733025068,242.7013603363418,1309
1262.0,4112,0,3,0,14.551406016293146,10.896157587548638,242.97302017539118,1193
1263.0,4116,0,4,0,14.70810949412849,10.249757045675413,243.17558009253983,1122
1264.0,4120,0,5,1,14.864027935523858,9.700728155339807,243.35523208152176,1056
1265.0,4122,0,2,0,15.025112932946309,9.318049490538574,243.65331343700487,1021
1266.0,4122,0,0,0,15.184324490565022,8.949781659388647,244.05833071876248,974
1267.0,4129,0,7,0,15.37237504175406,8.617340760474692,244.03746303900675,935
1268.0,4131,0,2,0,15.533346904268813,8.377148390220286,244.301544835849,907
1269.0,4133,0,2,0,15.66166738458659,8.23663198645052,244.5576583176988,886
1270.0,4139,0,6,0,15.777695387887233,8.096158492389465,244.57009762988878,857
1271.0,4144,0,5,0,15.878238925790258,7.952702702702703,244.6363243411884,857
1272.0,4144,0,2,2,15.948388256075908,7.841457528957529,244.95833372494013,838
1273.0,4150,0,7,1,16.00520651575461,7.785060240963856,244.94737727765144,843
1274.0,4155,0,7,2,16.076010070506292,7.714079422382672,244.91716313391473,839
1275.0,4162,0,8,1,16.133939402479047,7.575204228736185,244.84904506195767,828
1276.0,4165,0,4,1,16.16316614618565,7.454501800720288,245.01596322432908,812
1277.0,4169,0,5,1,16.205519585239163,7.399136483569201,245.10631582868862,813
1278.0,4169,0,0,0,16.22027655207356,7.32477812425042,245.45100663623202,808
1279.0,4170,0,1,0,16.224175062960335,7.224220623501199,245.73586609231901,798
1280.0,4171,0,1,0,16.235395387572247,7.139055382402302,246.02009093483613,796
1281.0,4171,0,0,0,16.258389522801455,7.042675617357948,246.36291701682094,789
1282.0,4174,0,3,0,16.283996640909677,6.959511260182079,246.52795687843323,779
1283.0,4178,0,5,1,16.287454915433436,6.890378171373863,246.62412319166728,772
1284.0,4180,0,2,0,16.305563119375027,6.820574162679426,246.84740011650425,767
1285.0,4182,0,3,1,16.315615400894313,6.722620755619321,247.06635469046532,766
1286.0,4183,0,1,0,16.3120952744749,6.5993306239541,247.3483896890742,764
1287.0,4184,0,3,2,16.323576695267228,6.506692160611855,247.58016372341544,758
1288.0,4187,0,3,0,16.313995349959978,6.441843802245044,247.74364133616632,762
1289.0,4191,0,4,0,16.300781457073587,6.3614889047959915,247.8494156868093,759
1290.0,4195,0,5,1,16.299891740494783,6.283432657926102,247.9493483571696,752
1291.0,4197,0,3,1,16.28411047756815,6.178937336192519,248.060675127418,754
1292.0,4200,0,3,0,16.22986449346662,6.089047619047619,248.2292188235551,742
1293.0,4204,0,5,1,16.221443826500167,5.969314938154139,248.22986264826858,747
1294.0,4205,0,2,1,16.191889916323795,5.933650416171225,248.51150075612188,741
1295.0,4209,0,4,0,16.167639378461217,5.885483487764315,248.62472182922696,739
1296.0,4214,0,6,1,16.15472800378798,5.8528713811105835,248.63719236239544,752
1297.0,4214,0,2,2,16.1359552046212,5.776934029425724,248.96813574348167,745
1298.0,4218,0,5,1,16.134075150654727,5.706021811284969,249.07782527176002,746
1299.0,4220,0,2,0,16.114667266177847,5.6836492890995265,249.31551244354577,751
1300.0,4224,0,4,0,16.08078577583785,5.687026515151516,249.43656300189528,756
1301.0,4224,0,3,3,16.02381927653782,5.696732954545454,249.69010438807575,775
1302.0,4226,0,3,1,15.983391925441008,5.738760056791292,249.9099926235912,790
1303.0,4229,0,3,0,15.940677620955459,5.780799243319934,250.09822048386536,807
1304.0,4228,0,1,2,15.871193028649362,5.85643330179754,250.47141275132276,826
1305.0,4233,0,6,1,15.810698917598463,5.891330025986298,250.5448068518721,841
1306.0,4238,0,5,0,15.787842228785454,5.881547899952808,250.62362176947974,851
1307.0,4242,0,4,0,15.734618990632383,5.877416313059878,250.76562104688102,859
1308.0,4241,0,0,1,15.701381176023935,5.909691110587126,251.20167627117303,884
1309.0,4245,0,4,0,15.652110940638277,5.936631330977621,251.3474756337242,905
1310.0,4248,0,3,0,15.612853283581178,6.0214218455743875,251.55515838472232,929
1311.0,4251,0,3,0,15.574262440823192,6.107974594213126,251.76412788496276,941
1312.0,4254,0,4,1,15.553230203923533,6.21485660554772,251.9704646847521,964
1313.0,4256,0,3,1,15.5133467559682,6.348919172932331,252.2213939543893,990
1314.0,4258,0,2,0,15.486242602355983,6.469704086425552,252.49626315698637,1016
1315.0,4261,0,4,1,15.456422870149924,6.612062896033795,252.7081197589504,1039
1316.0,4262,0,1,0,15.431637709951554,6.732285312060066,253.04665261537693,1060
1317.0,4261,0,1,2,15.41377075912289,6.883595400140812,253.49131310699752,1079
1318.0,4267,0,6,0,15.38035021694103,6.993438012655261,253.53677014883442,1101
1319.0,4268,0,1,0,15.340336230843992,7.175257731958763,253.88341662398568,1131
1320.0,4274,0,7,1,15.326230825354594,7.332007487131492,253.92386507139958,1149
1321.0,4276,0,3,1,15.29987667071374,7.485032740879326,254.19923024744938,1168
1322.0,4278,0,4,2,15.270832200813583,7.618279569892473,254.46655373918205,1186
1323.0,4279,0,2,1,15.221866309319088,7.719794344473008,254.7900160333351,1205
1324.0,4284,0,5,0,15.196387571905282,7.829598506069094,254.90969115772035,1213
1325.0,4283,0,2,3,15.156018014392018,7.987158533738034,255.27140889846316,1224
1326.0,4287,0,6,2,15.104294834989277,8.135059482155354,255.41399216757938,1244
1327.0,4294,0,8,1,15.068283693633273,8.30204937121565,255.416185432354,1252
1328.0,4298,0,5,1,15.016954981328894,8.511865984178687,255.54252147173077,1275
1329.0,4299,0,3,2,14.978427987714213,8.732263317050476,255.69696707310862,1296
1330.0,4303,0,4,0,14.938997425421029,8.924936091099234,255.89166508454113,1299
1331.0,4306,0,5,2,14.890183839391772,9.138875986994892,256.02113834428354,1324
1332.0,4311,0,5,0,14.839137565373498,9.350266759452563,256.16096581430907,1339
1333.0,4313,0,3,1,14.783024516237939,9.5409227915604,256.3734987563749,1348
1334.0,4316,0,3,0,14.747519221774038,9.736098239110287,256.6370448824946,1358
1335.0,4320,0,5,1,14.713027362710175,9.941666666666666,256.8393761141437,1368
1336.0,4322,0,2,0,14.683278585031774,10.189264229523369,257.1652292234638,1371
1337.0,4325,0,5,2,14.656862833728537,10.428670520231213,257.4260359243278,1400
1338.0,4325,0,4,4,14.637596148128777,10.691791907514451,257.7559524631036,1421
1339.0,4326,0,2,1,14.60809586565384,10.946833102172908,258.1283637897244,1427
1340.0,4326,0,1,1,14.58306912730237,11.155339805825243,258.54061660682464,1442
1341.0,4328,0,4,2,14.569350709526743,11.432070240295749,258.8377560892399,1456
1342.0,4328,0,4,4,14.550460633838215,11.7047134935305,259.0261436338231,1482
1343.0,4326,0,0,2,14.528955919795541,12.004160887656033,259.5681108621882,1488
1344.0,4328,0,3,1,14.51244905645869,12.292513863216266,259.8606824250912,1505
1345.0,4326,0,2,4,14.463346625970319,12.546463245492372,260.2844844205715,1512
1346.0,4328,0,3,1,14.44590759146722,12.785351201478743,260.5413493858641,1524
1347.0,4330,0,2,0,14.410939914361023,13.004387990762124,260.88070976062056,1530
1348.0,4333,0,4,1,14.366987226437914,13.253404108008308,261.1389653004968,1540
1349.0,4335,0,2,0,14.319121820590452,13.522491349480969,261.48410686358693,1556
1350.0,4338,0,3,0,14.28999473617085,13.803135085292762,261.7707557060834,1574
1351.0,4341,0,3,0,14.352003243880036,12.289564616447823,262.0528469638095,1407
1352.0,4341,0,1,1,14.44235311746838,11.338631651693158,262.4819407963824,1290
1353.0,4341,0,2,2,14.58630248084468,10.551716194425248,262.9113147207816,1189
1354.0,4345,0,4,0,14.777991701030128,9.895742232451093,263.1029483981624,1125
1355.0,4346,0,3,2,14.952421168783903,9.454440865163368,263.3888815336534,1081
1356.0,4352,0,7,1,15.159211633624423,9.054457720588236,263.3159467404228,1027
1357.0,4355,0,4,1,15.321689386223376,8.743513203214695,263.48029648352366,988
1358.0,4356,0,2,1,15.475141775562742,8.455004591368228,263.8029185396111,958
1359.0,4358,0,2,0,15.589929538026976,8.18242312987609,264.0598544359482,936
1360.0,4361,0,4,1,15.688964540567694,7.9314377436367804,264.2455333448218,909
1361.0,4361,0,0,0,15.758713712503614,7.772299931208439,264.6114250740845,899
1362.0,4362,0,2,1,15.81095527063318,7.601788170563961,264.90959908690513,882
1363.0,4367,0,5,0,15.853534587530241,7.477673460041218,264.96501382384423,882
1364.0,4370,0,4,1,15.896776542339456,7.3254004576659035,265.1356903092148,876
1365.0,4368,0,1,3,15.936424335311923,7.181547619047619,265.4534853878812,865
1366.0,4370,0,2,0,15.97783524454841,7.001830663615561,265.6830566458204,858
1367.0,4370,0,1,1,16.003418865945427,6.856292906178489,265.9410928012911,856
1368.0,4373,0,3,0,16.05038534604301,6.741596158243769,266.10593843015647,835
1369.0,4378,0,5,0,16.0676583821544,6.600274097761535,266.1490820388313,837
1370.0,4378,0,1,1,16.05960079057405,6.476016445865692,266.4869536257027,830
1371.0,4380,0,2,0,16.075425638477196,6.314383561643836,266.7113355675062,831
1372.0,4381,0,3,2,16.06121664457163,6.2054325496462,266.97257264419557,823
1373.0,4383,0,3,1,16.045017669508137,6.04517453798768,267.064086561955,826
1374.0,4387,0,4,0,16.036426609151555,5.93435149304764,267.16911506437395,822
1375.0,4385,0,0,2,16.023203063749058,5.816419612314709,267.43014460292613,814
1376.0,4387,0,3,1,16.015693058415252,5.639617050376112,267.6466267592641,807
1377.0,4392,0,5,0,16.011434476983933,5.441029143897996,267.6913844119753,800
1378.0,4394,0,3,1,16.01057385335989,5.2514792899408285,267.89316680777404,791
1379.0,4394,0,0,0,15.967061654300513,5.078060992262175,268.2449276718769,795
1380.0,4399,0,6,1,15.956950519070848,4.995908160945669,268.2833588802901,801
1381.0,4401,0,4,2,15.95147628807521,4.898659395591911,268.25784798507004,791
1382.0,4402,0,4,3,15.928233229203821,4.778282598818719,268.4661856058316,798
1383.0,4404,0,4,2,15.918237549620248,4.670299727520436,268.67043220992434,794
1384.0,4408,0,5,1,15.886319126825384,4.547867513611616,268.7790353201564,797
1385.0,4406,0,0,2,15.869419459701733,4.438039037675897,269.2079024716205,795
1386.0,4407,0,2,1,15.856632657218881,4.378715679600635,269.47325920907326,803
1387.0,4410,0,3,0,15.834361193558987,4.321768707482994,269.6495356098842,809
1388.0,4412,0,3,1,15.797249550874684,4.245013599274706,269.86057596211856,816
1389.0,4414,0,4,2,15.786791309490322,4.282283642954236,270.00232737347903,827
1390.0,4415,0,2,1,15.744854505462978,4.2770101925254815,270.2875197869875,839
1391.0,4414,0,0,1,15.70945640835429,4.277299501585863,270.6989727833856,854
1392.0,4418,0,6,2,15.670854213807576,4.29764599366229,270.78140737310343,868
1393.0,4418,0,1,1,15.632346377693478,4.309642372114078,271.0931645509899,888
1394.0,4419,0,3,2,15.58306388802291,4.309119710341706,271.36716350488416,903
1395.0,4420,0,2,1,15.513807795114396,4.392307692307693,271.58218060301044,924
1396.0,4422,0,2,0,15.475574403998975,4.30257801899593,271.8406730608792,919
1397.0,4425,0,3,0,15.447151704704496,4.266666666666667,272.03934714452384,937
1398.0,4428,0,3,0,15.422646332676948,4.279810298102981,272.2399847974816,947
1399.0,4430,0,2,0,15.391302990537051,4.328668171557562,272.5035126946224,973
1400.0,4432,0,4,2,15.350466571225846,4.381768953068592,272.7232744492504,994
1401.0,4432,0,1,1,15.2846937176921,4.503158844765343,273.10416251349136,1009
1402.0,4434,0,2,0,15.24361899848801,4.635994587280108,273.3761037457742,1036
1403.0,4437,849,4,1,15.190057083427101,4.775298625197205,273.5806338195,1071
1404.0,4437,0,2,2,15.136299404617109,4.9127789046653145,273.92806019679216,1092
1405.0,4440,0,3,0,15.102028945927609,5.020045045045045,274.1463711263491,1108
1406.0,4442,0,4,2,15.05306222668126,5.193156235929761,274.40107098746313,1127
1407.0,4442,0,2,2,15.010745752856923,5.3921656911301215,274.75307010850383,1165
1408.0,4445,0,4,1,14.9649582462704,5.581327334083239,274.92605785996284,1183
1409.0,4445,0,2,2,14.920797408030275,5.776377952755905,275.26701627229124,1212
1410.0,4448,0,4,1,14.874895414064213,5.977068345323741,275.4965151049571,1231
1411.0,4449,0,3,2,14.809372055596654,6.104517869184086,275.84246754221084,1249
1412.0,4449,0,3,3,14.749220926464858,6.249269498763767,276.235411050618,1267
1413.0,4452,0,3,0,14.70259123738814,6.378256963162624,276.47719175403046,1275
1414.0,4454,0,2,0,14.658066278435065,6.5051638976201165,276.78349376030627,1299
1415.0,4454,0,4,4,14.621748441578434,6.619443197126179,277.0699779219395,1305
1416.0,4455,0,2,1,14.584903554663631,6.7696969696969695,277.43479366136376,1325
1417.0,4454,0,0,1,14.541647980490154,6.896946564885496,277.9152988660289,1340
1418.0,4456,0,2,0,14.516297307215345,7.06350987432675,278.2309350501685,1356
1419.0,4458,0,3,1,14.493856914814836,7.210408254822791,278.4950945970851,1370
1420.0,4458,0,3,3,14.46619390388191,7.449528936742934,278.9134519708473,1392
1421.0,4460,0,3,1,14.438659899247577,7.628026905829596,279.2253790414818,1399
1422.0,4464,0,4,0,14.407029223412623,7.775089605734767,279.42279740446565,1410
1423.0,4465,0,1,0,14.36332900870686,7.9818589025755875,279.80978046745395,1429
1424.0,4465,0,3,3,14.314764651725504,8.178947368421053,280.1215100225625,1446
1425.0,4467,0,4,2,14.284537891257648,8.416162972912469,280.4413471372834,1463
1426.0,4470,0,4,1,14.267827579334494,8.669127516778524,280.6743021094531,1487
1427.0,4467,0,0,3,14.241999674249804,8.9189612715469,281.30490145438637,1505
1428.0,4465,0,2,4,14.225841391930071,9.158566629339306,281.8202470665491,1512
1429.0,4466,0,3,2,14.189905656086832,9.429914912673533,282.113635575691,1524
1430.0,4469,0,3,0,14.166058947537898,9.696128887894384,282.38458834339275,1539
1431.0,4470,0,2,1,14.127011828038029,9.923937360178972,282.68761387529355,1540
1432.0,4468,0,1,3,14.091306240758815,10.165622202327663,283.1696124531589,1549
1433.0,4468,0,1,1,14.069095475749263,10.414055505819158,283.55905454404245,1564
1434.0,4470,0,3,1,14.03808649736077,10.685906040268456,283.8062403049997,1571
1435.0,4473,0,3,0,14.02137697493264,10.94254415381176,284.0842707421197,1580
1436.0,4475,0,3,1,13.991799061408464,11.219441340782122,284.39420097222484,1597
1437.0,4476,0,1,0,13.958296275083994,11.515862377122431,284.80237476551093,1607
1438.0,4476,0,2,2,13.923063048136914,11.808534405719392,285.2648998094659,1621
1439.0,4475,0,1,2,13.885590741410837,12.102569832402235,285.79522660021456,1628
1440.0,4477,0,2,0,13.847668617429482,12.356712083984812,286.14529862560755,1635
1441.0,4484,0,8,1,13.934963793416001,10.902096342551294,286.165280887702,1457
1442.0,4486,0,4,2,14.018176063047202,9.976148016049933,286.4386417789567,1332
1443.0,4484,0,1,3,14.161568916995094,9.338090990187332,286.79088137638854,1252
1444.0,4488,0,4,0,14.32941699915488,8.81951871657754,286.98032946953134,1189
1445.0,4488,0,0,0,14.494972921194263,8.383244206773618,287.41356296281805,1130
1446.0,4490,0,3,1,14.68092973183663,8.04097995545657,287.64708633852354,1089
1447.0,4489,0,0,1,14.845083042629245,7.78124303853865,288.11058514319103,1042
1448.0,4492,0,3,0,15.003391102778732,7.535173642030276,288.31846076076306,1004
1449.0,4492,0,1,1,15.132486228600497,7.333259127337489,288.68237059397137,983
1450.0,4495,0,3,0,15.240824866685843,7.127252502780868,288.874650762626,957
1451.0,4497,0,3,1,15.326538013815258,6.9922170335779406,289.0930617287525,948
1452.0,4501,0,4,0,15.40080466702458,6.82826038658076,289.21076066569196,929
1453.0,4504,0,4,1,15.467586719691777,6.721136767317939,289.26756751381293,934
1454.0,4508,0,5,1,15.541070532489552,6.555678793256433,289.35534116711585,923
1455.0,4514,0,8,2,15.599509713721261,6.442622950819672,289.2842492482864,919
1456.0,4517,0,3,0,15.646833768382871,6.28204560549037,289.4523684583206,901
1457.0,4523,0,6,0,15.693549914374358,6.1151890338271055,289.4264611991901,888
1458.0,4523,0,1,1,15.712374560511709,6.0145920848994034,289.77947964512197,887
1459.0,4526,0,4,1,15.73096833330541,5.907644719399028,289.90542743219476,879
1460.0,4531,0,5,0,15.780249407857085,5.83204590598102,289.93941685323165,873
1461.0,4536,0,6,1,15.803009712764455,5.7215608465608465,289.96570189391537,862
1462.0,4538,0,4,2,15.830435931034465,5.6685764654032615,290.0990382891893,869
1463.0,4537,0,0,1,15.828935545604441,5.569318933215781,290.5089899312396,852
1464.0,4540,0,3,0,15.851270692012344,5.494052863436123,290.66780981593547,853
1465.0,4542,0,2,0,15.844638952746827,5.398062527520916,290.89133601837705,852
1466.0,4546,0,6,2,15.855934640448242,5.317201935767708,290.84183697028675,853
1467.0,4545,0,1,2,15.857975362011342,5.227502750275027,291.17950446450374,850
1468.0,4546,0,2,1,15.8488589375667,5.144522657281127,291.444624801594,833
1469.0,4549,0,4,1,15.837157979499061,4.9852714882391735,291.56239928071636,830
1470.0,4549,0,2,2,15.82066780265084,4.896900417674214,291.9035710408688,831
1471.0,4551,0,3,1,15.81409927364352,4.794770380136233,292.1171454257569,825
1472.0,4553,0,3,1,15.806132608712447,4.70964199428948,292.30776900477645,831
1473.0,4550,0,3,6,15.783201978885092,4.684615384615385,292.43357456273554,834
1474.0,4550,0,1,1,15.762197286713377,4.648791208791208,292.78003418013753,837
1475.0,4551,0,3,2,15.752956819922813,4.646231597451109,293.0413125857581,843
1476.0,4555,0,4,0,15.746980293951214,4.621514818880351,293.1444144400032,839
1477.0,4555,0,0,0,15.729752980580407,4.578265642151482,293.507557802158,839
1478.0,4559,0,4,0,15.737141763412527,4.565255538495284,293.6129354936341,838
1479.0,4561,0,3,1,15.712257888217907,4.565007673755756,293.84172674669736,861
1480.0,4562,0,2,1,15.673452631032859,4.590749671196844,294.13764005879807,877
1481.0,4565,0,3,0,15.628483132477824,4.573932092004381,294.31448096606255,877
1482.0,4566,0,3,2,15.558290884701018,4.6086289969338585,294.5790495758858,895
1483.0,4569,0,3,0,15.510566102298318,4.604070912672357,294.76367726809576,919
1484.0,4573,0,5,1,15.459777684947467,4.581019024710256,294.8544188123473,930
1485.0,4574,0,2,1,15.403163345225442,4.583078268473983,295.13234300136264,960
1486.0,4574,0,2,2,15.33325641821431,4.574551814604285,295.48660447509957,976
1487.0,4575,0,1,0,15.287827690996536,4.533770491803279,295.81439913815245,987
1488.0,4575,0,2,2,15.247709591479923,4.553879781420765,296.1922859099855,1022
1489.0,4579,0,4,0,15.237867114020021,4.567591177112907,296.32931374275876,1029
1490.0,4581,0,4,2,15.204336969221073,4.626500764025322,296.51809515051474,1058
1491.0,4584,0,4,1,15.182359443952743,4.715968586387435,296.71882502163635,1080
1492.0,4587,0,4,1,15.168466518156265,4.780902550686723,296.9168053059512,1103
1493.0,4590,0,5,2,15.121100295145569,4.863616557734205,296.9977757690772,1123
1494.0,4593,0,4,1,15.078876560420401,4.935118658828652,297.20566197828947,1134
1495.0,4594,0,3,2,15.03102507856346,5.0280801044841095,297.45496749862355,1157
1496.0,4595,0,2,1,14.960079118921184,5.1212187159956475,297.77880313195374,1181
1497.0,4601,0,6,0,14.939900106021454,5.228428602477722,297.80261269084014,1203
1498.0,4602,0,2,1,14.909009885499637,5.350282485875706,298.1071693734442,1211
1499.0,4608,0,6,0,14.88054852987066,5.485677083333333,298.1354705126666,1232
1500.0,4609,0,2,1,14.84394525915937,5.624213495335214,298.4670445227652,1243
1501.0,4609,0,3,3,14.823050982072399,5.717075287481015,298.8373570067976,1270
1502.0,4609,0,2,2,14.800591082770229,5.793013668908657,299.2419598923653,1281
1503.0,4611,0,5,3,14.776610369417593,5.917371502927781,299.43095523094524,1305
1504.0,4613,0,4,2,14.767816806756754,6.040754389768047,299.63819614593484,1317
1505.0,4614,0,3,2,14.744897345087342,6.1577806675335935,299.99198527299654,1316
1506.0,4620,0,6,0,14.724501621697032,6.26038961038961,300.03113845876385,1334
1507.0,4625,0,6,1,14.714897882498637,6.410378378378378,300.12816576129535,1349
1508.0,4625,0,2,2,14.680655039397093,6.532324324324325,300.377511155713,1359
1509.0,4625,0,0,0,14.661610780126137,6.707891891891892,300.81085345075655,1375
1510.0,4627,0,5,3,14.634733841633615,6.870758590879619,300.98431859827826,1395
1511.0,4630,0,5,2,14.60132916200662,7.014254859611231,301.16774799771787,1406
1512.0,4635,0,6,1,14.58940244001267,7.115641855447681,301.2740049871723,1411
1513.0,4635,0,4,4,14.569044333377649,7.289967637540453,301.5199533362565,1414
1514.0,4634,0,1,2,14.529394709285876,7.470004315925766,301.990028860427,1430
1515.0,4636,0,2,0,14.507226915111675,7.624460742018982,302.30109817886427,1442
1516.0,4639,0,4,1,14.496267443434885,7.79047208450097,302.4447721276089,1457
1517.0,4640,0,1,0,14.468728156737237,7.969181034482759,302.8234517649793,1464
1518.0,4642,0,3,1,14.449172846876559,8.16781559672555,303.1357682938014,1481
1519.0,4645,0,4,1,14.416568024228928,8.379117330462863,303.3359790638872,1498
1520.0,4644,0,1,2,14.388459227364635,8.610895779500432,303.7059649332244,1523
1521.0,4646,0,2,0,14.370942224653307,8.826947912182522,304.02632009242757,1531
1522.0,4649,0,4,1,14.338300527090258,9.06904710690471,304.1793106350904,1565
1523.0,4649,0,2,2,14.30161136683235,9.290815229081524,304.46940004200684,1571
1524.0,4648,0,0,1,14.255360995309786,9.540447504302927,304.9909313704327,1589
1525.0,4647,0,0,1,14.212978873517757,9.770604691198622,305.4909659374471,1602
1526.0,4650,0,7,4,14.197716570789872,9.977419354838709,305.7123778177517,1612
1527.0,4652,0,3,1,14.177191775187142,10.229793637145313,306.03890622667325,1631
1528.0,4657,0,6,1,14.170485608751937,10.474124973158686,305.97900694781805,1642
1529.0,4657,0,2,2,14.141688862968778,10.75434829289242,306.32532601850784,1661
1530.0,4661,0,4,0,14.114027598847377,11.034541943788886,306.52954924508435,1668
1531.0,4664,0,4,1,14.177680777070425,9.668310463121784,306.75981511441313,1496
1532.0,4665,0,1,0,14.26258250620454,8.8508038585209,307.14971447352445,1393
1533.0,4666,0,2,1,14.405611088910826,8.200814402057437,307.50968609857375,1292
1534.0,4666,0,0,0,14.535957851662051,7.6817402486069435,307.946161432596,1215
1535.0,4670,0,6,2,14.694469792295356,7.3379014989293365,307.8927132182866,1169
1536.0,4674,0,4,0,14.8614640976708,7.0817287120239625,308.04380896887454,1128
1537.0,4676,0,3,1,15.009676518933908,6.810735671514115,308.29192313018956,1085
1538.0,4677,0,3,2,15.122865651422423,6.608295916185589,308.5751005964013,1061
1539.0,4678,0,2,1,15.231147564438913,6.442283026934588,308.76885008297205,1046
1540.0,4682,0,5,1,15.323050965738702,6.325929090132422,308.77741402023645,1041
1541.0,4682,0,2,2,15.372240019032091,6.253951302862025,309.1341531632941,1028
1542.0,4682,0,1,1,15.432503831530845,6.134771465185818,309.48388878534195,1011
1543.0,4685,0,6,3,15.495665642341855,6.08196371398079,309.55830706609754,1005
1544.0,4690,0,5,0,15.537262779513812,6.065884861407249,309.5975694353749,1020
1545.0,4689,0,3,4,15.560835785731228,5.956280656856473,309.859628504323,1014
1546.0,4689,0,2,2,15.592307271432512,5.9065898912348045,310.166128594901,1010
1547.0,4687,0,3,4,15.612445890475112,5.7943247279709835,310.49188194693204,1008
1548.0,4688,0,2,1,15.634869228341556,5.578284982935154,310.75001231740384,983
1549.0,4689,0,4,3,15.653443109279376,5.449989336745575,310.98304597375324,975
1550.0,4693,0,5,1,15.67158380028316,5.417004048582996,311.06442529938624,969
1551.0,4694,0,2,1,15.653129642671814,5.3992330634853,311.30482164270734,983
1552.0,4694,0,1,1,15.646901814066325,5.363442692799318,311.6305384732204,984
1553.0,4699,0,4,0,15.625831743295043,5.250691636518408,311.76001852325635,972
1554.0,4702,0,4,1,15.607228098164024,5.200978307103361,311.90957998076743,976
1555.0,4704,0,3,1,15.590844850644888,5.160714285714286,312.13539175236656,977
1556.0,4708,0,4,0,15.572915001867173,5.090484282073067,312.23408929867423,975
1557.0,4713,0,5,0,15.552934192248479,5.055590918735413,312.2679752685996,984
1558.0,4715,0,4,2,15.532579673011782,4.993637327677624,312.4382111285514,978
1559.0,4715,0,3,3,15.511189749263165,4.938918345705196,312.44633514851444,981
1560.0,4716,0,1,0,15.497667909128767,4.917726887192536,312.7485267675976,982
1561.0,4718,0,2,0,15.467905528021342,4.873463331920306,312.9867335380598,991
1562.0,4719,0,3,2,15.447316223170143,4.80737444373808,313.1885633188577,988
1563.0,4721,0,2,0,15.412607748824167,4.786909553060792,313.4304851315403,997
1564.0,4721,0,1,1,15.38014647224599,4.858292734590129,313.79362814862515,1004
1565.0,4723,0,3,1,15.339116155915978,4.875079398687275,314.03386583402585,1016
1566.0,4724,0,2,1,15.300353733521007,4.910880609652836,314.3264900664207,1021
1567.0,4725,0,3,2,15.26172961400941,4.907513227513228,314.6073750204421,1030
1568.0,4726,0,4,3,15.213588430267071,4.9276343630977575,314.80381943403364,1036
1569.0,4726,0,1,1,15.176787967682857,4.9496402877697845,315.1755161405118,1052
1570.0,4725,0,2,3,15.134104160004334,4.958941798941799,315.46998751146396,1050
1571.0,4728,0,6,3,15.099657280374474,4.997250423011844,315.5419584801588,1067
1572.0,4728,0,2,2,15.050002379952694,5.059644670050761,315.88660228156164,1089
1573.0,4724,0,0,4,14.977945598231218,5.136325148179509,316.3648084297333,1109
1574.0,4727,0,4,1,14.930474295506665,5.2426486143431354,316.52826128133813,1118
1575.0,4728,0,3,2,14.848491096757565,5.303510998307953,316.616507166462,1144
1576.0,4728,0,2,2,14.804391455205417,5.293358714043993,316.85675269354084,1142
1577.0,4727,0,0,1,14.742383079505096,5.350116352866512,317.31336022929673,1165
1578.0,4728,0,3,2,14.692762792328235,5.361886632825719,317.63033186339345,1170
1579.0,4730,0,3,1,14.659097155663217,5.427272727272728,317.8604200001683,1188
1580.0,4731,0,3,2,14.613239589200223,5.468188543648277,318.1043802090079,1221
1581.0,4734,0,3,0,14.58721347143739,5.557456696239966,318.323802373425,1240
1582.0,4733,0,2,3,14.55795587041667,5.651172617789985,318.6722628290226,1254
1583.0,4735,0,4,2,14.511993156909577,5.786694825765576,318.81991653767557,1281
1584.0,4740,0,8,3,14.485632354935255,5.875105485232067,318.6670684966628,1304
1585.0,4742,0,4,2,14.4460324081397,5.996836777730915,318.8987488906205,1324
1586.0,4744,0,5,3,14.399279228719996,6.166315345699831,319.0481411471682,1341
1587.0,4743,0,2,3,14.355013425725447,6.340080118068733,319.2786055804887,1360
1588.0,4746,0,4,1,14.319193741521813,6.4858828487147075,319.4580363880368,1375
1589.0,4748,0,3,1,14.271890687452146,6.697135636057287,319.74440357210045,1403
1590.0,4751,0,3,0,14.229102843353365,6.901073458219322,319.981210577181,1419
1591.0,4751,0,1,1,14.175611090098254,7.0465165228372975,320.40642365546466,1434
1592.0,4756,0,5,0,14.138913395136274,7.216568544995795,320.51385546209184,1452
1593.0,4760,0,5,1,14.10350790945992,7.4073529411764705,320.6317614564765,1472
1594.0,4761,0,1,0,14.082739729304128,7.560596513337535,321.01402883937607,1477
1595.0,4762,0,2,1,14.042448073791448,7.7335153296934065,321.3420063371318,1490
1596.0,4762,0,1,1,14.010170971671249,7.928811423771524,321.739657336194,1508
1597.0,4762,0,3,3,13.957294540416838,8.093448131037379,322.1445998364246,1519
1598.0,4763,0,3,2,13.927135869225715,8.256560990972076,322.28858711516125,1533
1599.0,4767,0,6,2,13.912929057615115,8.441367736521922,322.4251965800763,1551
1600.0,4771,0,5,1,13.886475940399194,8.626283797945923,322.5961760017922,1569
1601.0,4774,0,3,0,13.881247985581858,8.80854629241726,322.85777153010406,1584
1602.0,4773,0,3,4,13.85197600018367,8.963544940289127,323.0329738027374,1594
1603.0,4775,865,3,1,13.833306821221251,9.207958115183246,323.35850834556567,1622
1604.0,4776,0,3,2,13.816953203568081,9.423785594639867,323.6158462784905,1626
1605.0,4776,0,0,0,13.79428816661328,9.632328308207706,324.08699619980774,1640
1606.0,4778,0,5,3,13.761253604110431,9.853285893679363,324.30099234132433,1663
1607.0,4782,0,5,1,13.7492636003229,10.1056043496445,324.5000445818199,1678
1608.0,4784,0,3,1,13.723964774048243,10.289715719063546,324.82650349345755,1694
1609.0,4785,0,3,2,13.705357793571682,10.528944618599791,325.2033445507973,1705
1610.0,4784,0,0,1,13.675603705084736,10.747700668896321,325.70140713471613,1712
1611.0,4786,0,3,1,13.659062588916818,10.967195988299206,326.0164200339043,1724
1612.0,4787,0,2,1,13.655126600278672,11.202214330478379,326.3029320864849,1740
1613.0,4789,0,3,1,13.632167580791403,11.42639381916893,326.53122316748136,1755
1614.0,4792,0,4,1,13.59770410891815,11.636686143572621,326.76254837825115,1761
1615.0,4789,0,1,4,13.550448065191793,11.90457297974525,327.33825989904386,1778
1616.0,4792,0,4,1,13.537509643714793,12.124791318864775,327.5623364667855,1786
1617.0,4794,0,3,1,13.518833318816384,12.367542761785565,327.88154817769487,1800
1618.0,4792,0,2,4,13.478507814265784,12.625,328.2797967757728,1809
1619.0,4794,0,2,0,13.470349510414712,12.853566958698373,328.63265791786336,1815
1620.0,4792,0,2,4,13.4373267763975,13.093906510851419,329.02771760915203,1813
1621.0,4793,0,3,2,13.501826391013257,11.711662841644065,329.3604363159996,1624
1622.0,4797,0,5,1,13.6000033785088,10.793204085887012,329.55371000057335,1488
1623.0,4798,0,3,2,13.727980485573582,10.156731971654857,329.8957108523721,1409
1624.0,4802,0,5,1,13.89901277431603,9.647022074135776,330.0647783410291,1338
1625.0,4804,0,3,1,14.07133846834056,9.328892589508742,330.3703335522097,1303
1626.0,4808,0,4,0,14.230794628947315,9.076539101497504,330.5330412314702,1264
1627.0,4811,0,3,0,14.379723104450605,8.85533153190605,330.7543505508592,1231
1628.0,4810,0,1,2,14.492457362132868,8.686902286902287,331.0473191038738,1207
1629.0,4811,0,2,1,14.5873117741897,8.57430887549366,331.2852289152965,1190
1630.0,4812,0,2,1,14.662093038818838,8.41479634247714,331.60421474147546,1171
1631.0,4814,0,3,1,14.740715482101173,8.338180307436643,331.8651434336444,1164
1632.0,4814,0,2,2,14.77645024177003,8.273577066888242,332.2406243268039,1166
1633.0,4814,0,0,0,14.818496375412145,8.219775654341504,332.638138682168,1161
1634.0,4818,0,6,2,14.859438192070966,8.05271897052719,332.6774967581302,1147
1635.0,4818,0,2,2,14.8769792033527,7.95662100456621,333.0069137663916,1130
1636.0,4818,0,1,1,14.886433527552587,7.93192195931922,333.2859260542436,1146
1637.0,4818,0,3,3,14.908410084958131,7.8432959734329595,333.64941358648724,1129
1638.0,4822,0,5,1,14.909429188048069,7.762546661136458,333.6412364239617,1131
1639.0,4825,0,3,0,14.908852530806522,7.698238341968912,333.82510206509085,1124
1640.0,4827,0,2,0,14.913309697281099,7.631448104412678,334.0782536646651,1127
1641.0,4829,0,3,1,14.918804943769327,7.593704700766204,334.290390930378,1125
1642.0,4829,0,2,2,14.896847386972778,7.5831435079726655,334.5323543196209,1126
1643.0,4830,0,3,2,14.906478631842855,7.543271221532091,334.7944346381044,1131
1644.0,4830,0,1,1,14.883740396509992,7.489855072463768,335.150423530841,1123
1645.0,4831,0,2,1,14.871401137875681,7.401987166218174,335.4540169255605,1118
1646.0,4833,0,3,1,14.844879025433285,7.358369542727084,335.6883299718292,1121
1647.0,4835,0,2,0,14.829104033544642,7.262254395036194,335.94292375158324,1109
1648.0,4838,0,5,2,14.817004343750689,7.2213724679619675,336.01168635141914,1106
1649.0,4841,0,3,0,14.822173796888073,7.205329477380706,336.1973895645142,1111
1650.0,4841,0,1,1,14.805115810576945,7.136335467878538,336.5527048348692,1106
1651.0,4844,0,5,2,14.796766677723724,7.101362510322048,336.67980083974516,1122
1652.0,4845,0,2,1,14.796283022613856,7.1384932920536635,336.9230104357016,1125
1653.0,4844,0,3,4,14.755718191292189,7.1096201486374895,337.1644438977182,1122
1654.0,4844,0,3,3,14.707695965660946,7.123864574731627,337.37986665246814,1128
1655.0,4844,0,1,1,14.685303797570617,7.191370767960363,337.7591778997904,1147
1656.0,4844,0,1,1,14.656623708241641,7.244013212221304,338.14610601456894,1169
1657.0,4845,0,3,2,14.624235813146463,7.272858617131063,338.3303172797464,1170
1658.0,4847,0,4,2,14.606015666469844,7.313183412420053,338.4600185532507,1189
1659.0,4847,0,1,1,14.564263396247881,7.350319785434289,338.86260127383395,1195
1660.0,4849,0,4,2,14.526245981539113,7.400907403588369,339.0869487054597,1202
1661.0,4849,0,3,3,14.475954745087117,7.388327490204166,339.29817417834175,1208
1662.0,4852,0,4,1,14.43695691967583,7.4676422093981865,339.4424373885383,1218
1663.0,4852,0,2,2,14.36757489873267,7.548227535037098,339.73309040422447,1233
1664.0,4854,0,3,1,14.291284438771902,7.641738772146683,339.99520980859205,1245
1665.0,4856,0,5,3,14.223321658520312,7.728171334431631,340.26011640947894,1264
1666.0,4858,0,4,2,14.170103902572396,7.757719226018938,340.3627404910936,1276
1667.0,4864,0,6,0,14.107013250249198,7.80078125,340.37367347584933,1295
1668.0,4866,0,5,3,14.066763443040589,7.858405260994656,340.51384246643016,1301
1669.0,4866,0,2,2,14.011478189535044,7.961159062885327,340.8981451665402,1335
1670.0,4866,0,1,1,13.96532815019212,8.028771064529387,341.28326893918575,1358
1671.0,4868,0,5,3,13.921694275447162,8.125513557929334,341.49913028906025,1387
1672.0,4869,0,1,0,13.876981571079947,8.265968371328816,341.8727109759591,1413
1673.0,4870,0,3,2,13.832548542311109,8.407186858316221,342.21790532909085,1433
1674.0,4873,0,4,1,13.787777886598427,8.539708598399343,342.3956257114878,1460
1675.0,4874,0,2,1,13.747173982501758,8.730406237176856,342.7124561769267,1495
1676.0,4878,0,5,1,13.714564736021414,8.845838458384584,342.8634000698483,1508
1677.0,4882,0,6,2,13.682458463296898,9.001638672675133,342.9416281739177,1526
1678.0,4886,0,5,1,13.652007908216222,9.104993860008186,343.0457144020924,1533
1679.0,4888,0,3,1,13.615082436276062,9.301350245499181,343.34134300630865,1559
1680.0,4888,0,1,1,13.584482043339792,9.47708674304419,343.74479966889925,1580
1681.0,4893,0,5,0,13.567491238025186,9.60188023707337,343.8567166765913,1593
1682.0,4895,0,4,2,13.530017607406187,9.742798774259448,344.0717201691409,1605
1683.0,4895,0,3,3,13.496274428231068,9.919918283963227,344.44798926084735,1622
1684.0,4898,0,3,0,13.464130513789879,10.05737035524704,344.707114287162,1627
1685.0,4900,0,2,0,13.447249124217722,10.245510204081633,345.037689233387,1660
1686.0,4901,0,1,0,13.419856772114095,10.352581105896755,345.4399339065031,1663
1687.0,4909,0,9,1,13.407570369750044,10.470767977184762,345.3441379853733,1667
1688.0,4912,0,5,2,13.385284397039761,10.55435667752443,345.56056853355716,1669
1689.0,4913,0,3,2,13.375277846917896,10.665377569713007,345.93304456077794,1667
1690.0,4917,0,5,1,13.358654025438314,10.81187716087045,345.99424296762487,1686
1691.0,4920,0,3,0,13.362158579895501,10.892682926829268,346.2628756863923,1695
1692.0,4920,0,2,2,13.343611131331699,11.027032520325204,346.6919628694193,1711
1693.0,4920,0,1,1,13.314822998023594,11.171544715447155,347.00313443234415,1728
1694.0,4921,0,2,1,13.30316563588222,11.327778906726275,347.4137437794302,1726
1695.0,4923,0,7,5,13.260554071427126,11.522039406865732,347.3236041550451,1739
1696.0,4925,0,5,3,13.225108995540126,11.691573604060913,347.52918788965155,1760
1697.0,4924,0,1,2,13.1820581551506,11.877132412672625,348.04464811237546,1775
1698.0,4928,0,5,1,13.149912458578271,12.021915584415584,348.2420289976962,1787
1699.0,4933,0,6,1,13.134718384700024,12.216095682140685,348.3669666088791,1794
1700.0,4935,0,2,0,13.0905812072615,12.394123606889565,348.7223217476043,1804
1701.0,4936,0,2,1,13.077511050833934,12.597649918962723,349.0254765402372,1816
1702.0,4936,0,2,2,13.058712765884547,12.813816855753647,349.5172417970693,1837
1703.0,4939,0,4,1,13.028095527982618,13.053047175541607,349.78813105800987,1845
1704.0,4940,0,2,1,12.998224478928332,13.274898785425101,350.2029988013812,1858
1705.0,4940,0,3,3,12.960891363430184,13.504453441295546,350.6363118386118,1874
1706.0,4939,0,2,3,12.924255798828558,13.738408584733751,351.12356617120975,1892
1707.0,4941,0,4,2,12.892038402970938,13.933009512244485,351.447253578446,1899
1708.0,4943,0,4,2,12.864125998053863,14.140602872749342,351.78742390053526,1896
1709.0,4947,0,5,1,12.838566394862157,14.387709723064484,351.9999964927912,1915
1710.0,4945,0,1,3,12.802628755076737,14.644084934277048,352.475363258118,1937
1711.0,4947,0,4,2,12.844700661833079,13.25975338589044,352.67948347314456,1739
1712.0,4949,0,3,1,12.942931097884022,12.374823196605375,352.96253289461606,1609
1713.0,4954,0,5,0,13.075005337558888,11.814695195801372,353.09778225701774,1516
1714.0,4956,0,4,2,13.222114713099717,11.279257465698144,353.38328002171886,1442
1715.0,4957,0,3,2,13.370857741356392,10.932418801694574,353.57860059289635,1405
1716.0,4957,0,2,2,13.536596202712676,10.606818640306637,354.03132803668797,1362
1717.0,4957,0,3,3,13.678865132443514,10.358281218478918,354.29992058781664,1325
1718.0,4955,0,1,3,13.781200359321868,10.134207870837537,354.722802490126,1292
1719.0,4954,0,2,3,13.86873806536106,9.981025433992734,355.11309452765516,1276
1720.0,4956,0,3,1,13.946111894644963,9.824455205811137,355.36548956987644,1247
1721.0,4952,0,1,5,14.006270365161091,9.71829563812601,355.9691197329231,1228
1722.0,4950,0,2,4,14.054740056874003,9.706666666666667,356.24409863690835,1242
1723.0,4952,0,3,1,14.109462227436161,9.654483037156705,356.49716234261075,1233
1724.0,4952,0,2,2,14.162799156725791,9.519386106623587,356.779604069391,1220
1725.0,4955,0,3,0,14.20699136312382,9.460948536831483,356.9756567745485,1219
1726.0,4959,0,6,2,14.234288728214864,9.387779794313369,356.7758165977801,1204
1727.0,4961,0,3,1,14.238706329594201,9.29490022172949,357.01594535161706,1202
1728.0,4961,0,1,1,14.256546238781628,9.217093327958073,357.4126837155917,1195
1729.0,4964,0,4,1,14.26227204781499,9.1093875906527,357.58056336678396,1189
1730.0,4964,0,1,1,14.249960652737883,9.036663980660757,357.95198892444205,1188
1731.0,4963,0,1,2,14.252660201311969,8.63046544428773,358.40895190375335,1161
1732.0,4962,0,1,2,14.263302780841853,8.49173720274083,358.83170448635065,1155
1733.0,4964,0,5,3,14.262810987474323,8.445004029008864,359.0300234580675,1156
1734.0,4963,0,2,3,14.258044439631972,8.312714084223252,359.4157740143236,1162
1735.0,4965,0,3,1,14.238346937885282,8.214501510574019,359.66771090502897,1153
1736.0,4968,0,4,1,14.208802877158577,8.058574879227054,359.8554563707474,1152
1737.0,4968,0,2,2,14.22213857777662,7.919685990338165,359.97570890229065,1148
1738.0,4970,0,4,2,14.21338125905618,7.819517102615694,360.10808243180713,1155
1739.0,4976,0,6,0,14.206985458926333,7.75040192926045,360.0825254893897,1163
1740.0,4976,0,4,4,14.18562082049194,7.689710610932476,360.3513266425805,1170
1741.0,4975,0,2,3,14.162625926411643,7.653467336683417,360.6232742847214,1182
1742.0,4975,0,5,5,14.133549562118121,7.563015075376884,360.6939560201407,1181
1743.0,4974,0,1,2,14.113208719897345,7.509650180940892,361.011389668947,1188
1744.0,4978,0,6,2,14.09433038024093,7.4931699477701885,361.0994307370227,1199
1745.0,4977,0,3,4,14.076613664913063,7.458710066305003,361.37637299367435,1202
1746.0,4978,0,1,0,14.060847589217445,7.448372840498192,361.7219364820382,1208
1747.0,4980,0,5,3,14.017654031358072,7.427309236947791,361.8669666219886,1223
1748.0,4983,0,4,1,13.991854897363066,7.3831025486654625,362.01610779736836,1229
1749.0,4984,0,2,1,13.964400090841593,7.407504012841091,362.26896297324527,1247
1750.0,4987,0,5,2,13.933752141471844,7.4016442751152995,362.39668430730023,1255
1751.0,4986,0,1,2,13.859866329287522,7.432811873245086,362.8476986014435,1270
1752.0,4987,0,3,2,13.802212259524618,7.442751152997794,363.0443954431723,1289
1753.0,4991,0,5,1,13.768509346725379,7.473251853336005,363.02803706691805,1304
1754.0,4992,0,3,2,13.729274011484604,7.588741987179487,363.15645704350567,1316
1755.0,4997,0,5,0,13.708933581463924,7.648389033420052,363.23467074045936,1343
1756.0,4996,0,2,3,13.660066195109266,7.6066853482786225,363.5118125034066,1348
1757.0,4998,0,2,0,13.628066250185073,7.626650660264105,363.8134530374446,1368
1758.0,5002,0,4,0,13.613276397266578,7.630347860855657,363.97118084776156,1380
1759.0,5005,0,5,2,13.59116280067887,7.671928071928072,364.13365967117124,1416
1760.0,5003,0,0,2,13.545993793475665,7.787527483509894,364.51763490662574,1436
1761.0,5004,0,3,2,13.50909793829901,7.8587130295763385,364.77410656189613,1462
1762.0,5010,0,6,0,13.497630231482118,7.940518962075848,364.7926848910231,1488
1763.0,5012,0,3,1,13.460802280001088,8.096767757382283,364.95788514346947,1521
1764.0,5015,0,4,1,13.408473485206235,8.17048853439681,365.19664725782366,1534
1765.0,5015,0,1,1,13.388646864504464,8.273379860418745,365.6514100862179,1552
1766.0,5015,0,3,3,13.344638574110604,8.367098703888335,365.9948200322388,1576
1767.0,5018,0,5,2,13.28893822193807,8.503786369071344,366.10238273707563,1596
1768.0,5020,0,5,3,13.262389351934008,8.640239043824701,366.2563308997323,1608
1769.0,5026,0,8,2,13.227544633222651,8.767210505372065,366.179637566609,1644
1770.0,5024,0,3,5,13.18593025653503,8.947850318471337,366.5259606003945,1667
1771.0,5027,0,5,2,13.164750092862496,9.000198925800676,366.7333621472316,1673
1772.0,5028,0,5,4,13.13937867864319,9.11873508353222,366.87163219845223,1684
1773.0,5030,0,6,4,13.109428638710527,9.296023856858847,367.0301463291376,1703
1774.0,5031,0,2,1,13.074556451845286,9.419399721725304,367.42695687285016,1703
1775.0,5033,0,4,2,13.04095144438744,9.507848201867674,367.7059522664209,1719
1776.0,5034,0,1,0,13.01618835827545,9.663090981326977,368.11698099885785,1726
1777.0,5036,0,3,1,12.977700209332085,9.768467037331215,368.41725174835153,1729
1778.0,5039,0,4,1,12.941153648186491,9.883111728517562,368.682569331431,1745
1779.0,5042,0,3,0,12.920540764493254,10.008330027766759,368.95341763436244,1760
1780.0,5045,0,4,1,12.90217803317774,10.139147670961348,369.14922915055286,1769
1781.0,5049,0,6,2,12.875331480632841,10.284214695979403,369.2210678137964,1783
1782.0,5050,0,3,2,12.853594021970862,10.464950495049505,369.5504386407406,1802
1783.0,5053,0,6,3,12.831648433853536,10.665347318424699,369.8022395431583,1824
1784.0,5057,0,6,2,12.82528251602431,10.836266561202294,369.9633991983594,1825
1785.0,5056,0,3,4,12.81684578843391,11.038370253164556,370.43801625985975,1844
1786.0,5056,0,0,0,12.77951685220719,11.266811708860759,370.9370994484253,1846
1787.0,5057,0,4,3,12.733228764919321,11.488036385208622,371.1572790031666,1860
1788.0,5061,0,5,1,12.708795240336958,11.735230191661726,371.32181004698896,1862
1789.0,5062,0,2,1,12.676993638938235,11.941327538522323,371.61625451542227,1880
1790.0,5062,0,3,3,12.643565021123518,12.18984591070723,371.99140481287486,1897
1791.0,5063,0,4,3,12.623626928649355,12.42938968990717,372.12477049329436,1915
1792.0,5066,0,3,0,12.595699807765298,12.584287406237664,372.4121842666502,1926
1793.0,5067,0,4,2,12.584108843704456,12.722518255377935,372.677627486007,1935
1794.0,5067,0,3,3,12.552724244957012,12.810933491217684,373.10353786068083,1949
1795.0,5067,0,1,2,12.502406852267208,12.961120978882969,373.5524284995318,1965
1796.0,5069,0,2,0,12.475962657995591,13.12093115012823,373.9196108973158,1972
1797.0,5073,0,5,1,12.434141040369516,13.280307510348907,374.13723734090183,1983
1798.0,5074,0,2,1,12.389035148213349,13.51044540796216,374.450565502958,2008
1799.0,5072,0,0,2,12.335479475229036,13.708004731861198,375.1093050649754,2029
1800.0,5075,0,3,0,12.312154592682132,13.888669950738917,375.41295287668584,2046
1801.0,5079,0,4,0,12.366756276963885,12.38806851742469,375.6383185428617,1842
1802.0,5080,0,2,1,12.447091083940006,11.34015748031496,376.07352434020373,1711
1803.0,5083,1207,3,0,12.571623931024034,10.6059413732048,376.3582288198504,1610
1804.0,5086,0,5,2,12.70524961065305,10.002162799842706,376.62418587047716,1530
1805.0,5089,0,5,2,12.860408790458361,9.530752603654943,376.78643196091616,1483
1806.0,5092,0,4,1,13.02390762812512,9.210919088766692,376.99725737151647,1446
1807.0,5094,0,2,0,13.167997419476078,8.918727915194346,377.31232411787596,1406
1808.0,5099,0,5,0,13.30020329076357,8.634438125122573,377.39590063616436,1375
1809.0,5104,0,6,1,13.439277749263255,8.335619122257054,377.46819521796334,1348
1810.0,5108,0,4,0,13.547826896075485,8.162490211433045,377.6107004004361,1331
1811.0,5109,0,2,1,13.623682573167006,8.041691133294186,377.959549666693,1330
1812.0,5110,0,2,1,13.697021579789178,7.995694716242661,378.22758141690196,1324
1813.0,5112,0,3,1,13.745080747565439,7.863262910798122,378.4964213348428,1309
1814.0,5113,0,2,1,13.788890727135891,7.6950909446508895,378.768749303845,1288
1815.0,5114,0,2,1,13.820133341557737,7.562182244818146,379.0652269162914,1270
1816.0,5117,0,3,0,13.851353850552199,7.458080906781317,379.25994856621116,1279
1817.0,5116,0,2,3,13.874329441282363,7.3522283033620015,379.71100319150736,1263
1818.0,5115,0,1,2,13.884985171239759,7.236168132942327,380.17417365305937,1249
1819.0,5115,0,2,2,13.896585763387375,7.108504398826979,380.56925519361664,1246
1820.0,5118,0,4,1,13.927461619183783,7.030089878858929,380.7082200905166,1237
1821.0,5117,0,2,3,13.929971674208046,6.895641977721321,381.16147592342094,1223
1822.0,5122,0,5,0,13.934106763232293,6.817649355720421,381.19938939305206,1230
1823.0,5125,0,6,3,13.937484092391246,6.685073170731707,381.35075342801673,1229
1824.0,5125,0,1,1,13.943736525574847,6.5820487804878045,381.7563156696827,1224
1825.0,5129,0,6,2,13.95579420363268,6.4174302983037625,381.68676273481833,1217
1826.0,5129,0,1,1,13.960154460575659,6.313121466172743,381.8813554671619,1219
1827.0,5133,0,5,1,13.956058272726398,6.210208455094486,381.9866145535844,1224
1828.0,5135,0,3,1,13.95053696223833,6.11587147030185,382.23996993759454,1223
1829.0,5134,0,0,1,13.950167141550338,6.085508375535645,382.72080931779783,1227
1830.0,5135,0,3,2,13.94081937981291,6.031158714703018,383.0433644100891,1225
1831.0,5137,0,4,2,13.928421231442112,5.967685419505548,383.2032124180362,1214
1832.0,5138,0,4,3,13.886968428451743,5.865706500583885,383.21557368538146,1217
1833.0,5138,0,2,2,13.851635217574882,5.87874659400545,383.5642497654942,1228
1834.0,5141,0,5,2,13.80897601607489,5.887375996887765,383.57118706151357,1228
1835.0,5146,0,6,1,13.773127658468125,5.912942090944423,383.4793144117013,1238
1836.0,5151,0,7,2,13.712788507924142,5.9372937293729375,383.46763722001964,1261
1837.0,5149,0,2,4,13.666613729912834,6.003495824431929,383.8430238882207,1287
1838.0,5150,0,2,1,13.622864157528493,6.065436893203883,384.19480832172326,1299
1839.0,5152,0,4,2,13.57819350614571,6.101902173913044,384.15947975129404,1325
1840.0,5157,0,7,2,13.547224412935579,6.197207678883071,384.03224351548056,1349
1841.0,5160,0,7,4,13.478337722057333,6.21860465116279,383.94543693195624,1375
1842.0,5163,0,3,0,13.442798715884008,6.263025372845245,384.1637374104273,1401
1843.0,5167,0,6,2,13.405160792275998,6.335397716276369,384.2229432101721,1428
1844.0,5168,0,5,4,13.364593107923099,6.462267801857585,384.2116373252842,1448
1845.0,5170,0,2,0,13.32254586309431,6.538297872340426,384.5134272993068,1461
1846.0,5171,0,3,2,13.271918487375157,6.5194353123187,384.7983434379254,1472
1847.0,5171,0,1,1,13.237490061876072,6.556178688841617,385.10831355989757,1474
1848.0,5172,0,3,2,13.201345538797257,6.648878576952823,385.3635998936945,1494
1849.0,5172,0,0,0,13.16534789767304,6.74245939675174,385.82284947842464,1520
1850.0,5173,0,5,4,13.127952209468814,6.847090663058187,385.96565278187364,1555
1851.0,5173,0,2,2,13.093538318499018,6.96578387782718,386.35697514477005,1576
1852.0,5174,0,4,3,13.076803464205085,7.028411287205257,386.60565920209586,1591
1853.0,5176,0,4,2,13.056795489989996,7.161901081916538,386.87915796864036,1613
1854.0,5179,0,6,3,13.046677486720586,7.3214906352577716,386.85596473091414,1626
1855.0,5180,0,4,3,13.028829889030746,7.45019305019305,387.0681857919827,1644
1856.0,5182,0,4,2,13.000381871586393,7.521227325357005,387.2919289500721,1659
1857.0,5183,0,5,4,12.950385202558653,7.6720046305228635,387.6049713155039,1682
1858.0,5185,0,4,2,12.903819765398813,7.859402121504339,387.90726534816514,1703
1859.0,5189,0,5,1,12.86171537757075,8.01580265947196,388.0357305184429,1707
1860.0,5189,0,1,1,12.841280393513708,8.192715359414146,388.49270738098886,1712
1861.0,5193,0,5,1,12.8281258106602,8.314461775466976,388.5534293148711,1728
1862.0,5193,0,2,2,12.802939286538646,8.47005584440593,389.0020851325901,1743
1863.0,5194,0,1,0,12.785974724707563,8.690412013862149,389.4114315234864,1766
1864.0,5195,0,3,2,12.765561697198399,8.867179980750722,389.7155041848273,1769
1865.0,5197,0,3,1,12.745301649246784,9.00269386184337,390.0435135903136,1784
1866.0,5197,0,5,5,12.70526276515351,9.148932076197806,390.4238540859496,1792
1867.0,5199,0,3,1,12.689725395592204,9.226774379688402,390.74835242201914,1784
1868.0,5199,0,2,2,12.661724569125706,9.401423350644354,391.2160328406643,1796
1869.0,5200,0,3,2,12.631846245960931,9.60576923076923,391.5813209762208,1806
1870.0,5201,0,4,3,12.603587521642082,9.822341857335127,391.817436484296,1831
1871.0,5201,0,3,3,12.572868942544094,10.02614881753509,392.2906035303748,1840
1872.0,5198,0,0,3,12.528315263232429,10.254520969603695,392.7729899944997,1855
1873.0,5201,0,4,1,12.485824233533528,10.48702172659104,392.8852340400644,1876
1874.0,5202,0,2,1,12.457948560275888,10.687812379853902,393.3038128278603,1888
1875.0,5203,0,3,2,12.44216989392765,10.926004228329809,393.5840775893086,1901
1876.0,5206,0,4,1,12.43258310119153,11.111409911640415,393.8569286534463,1907
1877.0,5210,0,6,2,12.398684167743049,11.349712092130519,394.02757995562825,1922
1878.0,5213,0,3,0,12.370333356362199,11.631114521388836,394.3101847690552,1942
1879.0,5220,0,8,1,12.33990733114772,11.864176245210729,394.28608522280433,1949
1880.0,5221,0,4,3,12.293626254309126,12.12296494924344,394.70947548220863,1971
1881.0,5224,0,3,0,12.24893048963727,12.383422664624808,394.99823144722404,1987
1882.0,5228,0,5,1,12.22441855374977,12.577850038255548,395.20937535390533,1998
1883.0,5232,0,4,0,12.200888404471115,12.825496941896024,395.42568598662154,2015
1884.0,5235,0,4,1,12.155539925726512,13.066093600764088,395.7117284780925,2026
1885.0,5241,0,6,0,12.13348613849872,13.352222858233162,395.7811749984967,2045
1886.0,5246,0,6,1,12.10613438765288,13.626191383911552,395.90727096189454,2064
1887.0,5245,0,0,1,12.08830574476891,13.924880838894184,396.3661732607695,2083
1888.0,5251,0,7,1,12.075010520401495,14.203199390592268,396.3418265422808,2092
1889.0,5256,0,6,1,12.055180563245935,14.444254185692541,396.42274453183336,2105
1890.0,5258,0,4,2,12.036762068426096,14.723659186002282,396.57283603867444,2107
1891.0,5258,0,2,2,12.08041849341535,13.317991631799163,396.87211686009226,1913
1892.0,5257,0,0,1,12.183235855617898,12.373597108617082,397.39129158696744,1776
1893.0,5259,0,3,1,12.326385464272795,11.664384864042594,397.7208138581977,1666
1894.0,5261,0,5,3,12.489032481421985,11.106063486029273,397.9690638725566,1592
1895.0,5265,0,5,1,12.679568205464877,10.708262108262108,397.9378213754145,1537
1896.0,5266,0,4,3,12.868672766860827,10.391378655526015,398.265988140627,1487
1897.0,5267,0,1,0,13.049751158331771,10.115625593316878,398.65209979258384,1455
1898.0,5270,0,4,1,13.2235808560001,9.873055028462998,398.8244107985011,1424
1899.0,5271,0,2,1,13.353214871286673,9.652058432934927,399.1702082084942,1407
1900.0,5272,0,4,3,13.459886288240035,9.519726858877087,399.45071127725834,1383
1901.0,5275,0,3,0,13.537450765946852,9.442654028436019,399.65521797807315,1371
1902.0,5278,0,4,1,13.600206405549056,9.275483137552103,399.71242104340615,1372
1903.0,5280,0,3,1,13.644161006383012,9.170643939393939,399.97801965456676,1373
1904.0,5284,0,5,1,13.710126430363404,9.015329295987888,400.090946163495,1354
1905.0,5286,0,2,0,13.757964711401247,8.844116534241392,400.3578560695714,1336
1906.0,5287,0,2,1,13.799801982684228,8.674673728012106,400.6943661192766,1328
1907.0,5288,0,2,1,13.831380662826728,8.474470499243571,400.9654045055452,1306
1908.0,5285,0,0,3,13.843219518694864,8.173131504257332,401.4737706306153,1274
1909.0,5285,0,1,1,13.860493231973415,8.032544938505204,401.8805876198291,1272
1910.0,5289,0,5,1,13.87543647885961,7.905842314237096,401.98264170451813,1251
1911.0,5292,0,3,0,13.884834674061056,7.846371882086168,402.1646722155787,1265
1912.0,5294,0,4,2,13.876787221152268,7.743860974688326,402.30065086244184,1259
1913.0,5295,0,2,1,13.872607422770315,7.622851746931067,402.5927141511448,1262
1914.0,5298,0,3,0,13.860401724379795,7.445451113627784,402.7762151761063,1267
1915.0,5301,0,3,0,13.844797978578335,7.211092246745897,402.9601538753507,1258
1916.0,5303,0,2,0,13.827889810681578,7.058268904393739,403.2204451297849,1257
1917.0,5307,0,4,0,13.795248648112286,6.853024307518372,403.3311176853521,1246
1918.0,5309,0,4,2,13.768743926897537,6.704275758146544,403.443470067092,1260
1919.0,5311,0,3,1,13.725666659591935,6.539258143475805,403.5941203370484,1248
1920.0,5312,0,5,4,13.705217835552038,6.376506024096385,403.8656117585365,1264
1921.0,5312,0,2,2,13.663459976277307,6.173192771084337,404.136892167115,1262
1922.0,5312,0,3,3,13.616836544258195,6.061182228915663,404.2872573324056,1263
1923.0,5313,0,4,3,13.593978140091288,5.954263128176172,404.4720035354599,1261
1924.0,5315,0,2,0,13.553938095210333,5.9845719661335846,404.74828624672415,1271
1925.0,5319,0,6,2,13.521039084189637,5.971047189321301,404.5996701032339,1291
1926.0,5323,0,5,1,13.487715285054554,5.977268457636671,404.7050890452165,1304
1927.0,5324,0,2,1,13.43327877336347,5.987603305785124,405.06260736122834,1322
1928.0,5327,0,5,2,13.407215049233223,6.04449033226957,405.2381460668061,1360
1929.0,5328,0,2,1,13.37059853666993,6.05686936936937,405.5278980124487,1373
1930.0,5330,0,2,0,13.358266995336571,6.113320825515948,405.81569698060844,1388
1931.0,5334,0,4,0,13.323862979473901,6.09111361079865,405.95391205000504,1393
1932.0,5336,0,3,1,13.279777630228198,6.130809595202399,406.14503048731814,1399
1933.0,5337,0,1,0,13.241333388758077,6.194491287240022,406.5172096756983,1410
1934.0,5341,0,4,0,13.19899094665744,6.2675528927167194,406.6633051155517,1429
1935.0,5345,0,4,0,13.161473605949014,6.311693171188026,406.81186387295406,1454
1936.0,5345,0,2,2,13.102262632253707,6.354536950420954,407.1728037072485,1481
1937.0,5352,0,7,0,13.059156130627978,6.354820627802691,407.0980090741201,1483
1938.0,5354,0,2,0,13.021347300164877,6.42005976839746,407.4057986197214,1510
1939.0,5357,0,3,0,12.991612229905204,6.498226619376517,407.63854484369733,1532
1940.0,5358,0,1,0,12.952763161829541,6.55244494214259,408.0257814968734,1552
1941.0,5361,0,3,0,12.935552420339613,6.678418205558664,408.26184200173617,1585
1942.0,5362,0,2,1,12.905032758909362,6.844088026855651,408.5396351012954,1616
1943.0,5367,0,6,1,12.885444933404713,6.939258431153345,408.6189530314455,1629
1944.0,5369,0,2,0,12.85825053198892,7.028124417954927,408.9360732479139,1652
1945.0,5369,0,4,4,12.802554193306863,7.137083255727323,409.1225597408369,1676
1946.0,5370,0,2,1,12.771991481278892,7.262756052141527,409.51233961744515,1698
1947.0,5372,0,4,2,12.739380866372946,7.366902457185406,409.7473236742008,1708
1948.0,5373,0,4,3,12.704278227218806,7.531732737762889,409.9552345915607,1729
1949.0,5375,0,4,2,12.691150769738758,7.7147906976744185,410.1710727732179,1755
1950.0,5376,0,4,3,12.661531071152648,7.8484002976190474,410.4472303116616,1785
1951.0,5377,0,3,2,12.634277599345479,7.893063046308351,410.8349619074764,1786
1952.0,5380,0,3,0,12.609023534324523,7.982527881040892,411.0916160494045,1808
1953.0,5382,0,6,4,12.569032217372357,8.109253065774805,411.22819405130866,1827
1954.0,5385,0,4,1,12.550058757248696,8.185701021355618,411.4494939136001,1836
1955.0,5389,0,5,1,12.550804491130647,8.273334570421229,411.5703392684489,1851
1956.0,5392,0,5,2,12.517204581037213,8.40318991097923,411.6891892364624,1855
1957.0,5394,0,4,2,12.488455415377011,8.563403781979977,412.0201579823834,1871
1958.0,5397,0,4,1,12.46651294652162,8.689642393922549,412.2836054461447,1883
1959.0,5400,0,5,2,12.452911600297723,8.80537037037037,412.50874472074486,1897
1960.0,5400,0,3,3,12.43696192250804,8.937592592592592,412.79925341765164,1913
1961.0,5406,0,8,2,12.431801446383115,9.088420273769886,412.7232393957063,1929
1962.0,5409,0,3,0,12.40578440007679,9.269735625808837,412.99437293975257,1951
1963.0,5411,0,3,1,12.389639503104613,9.473664756976529,413.3022130949802,1956
1964.0,5413,0,4,2,12.364551786607263,9.683724367263993,413.54992126637734,1970
1965.0,5414,0,2,1,12.358814301776205,9.879386775027706,413.97691973559125,1985
1966.0,5418,0,5,1,12.364863393232346,10.070874861572536,414.03077201627997,1989
1967.0,5417,0,1,2,12.361714304698875,10.265829795089532,414.58918648207975,1996
1968.0,5422,0,6,1,12.370462859168493,10.446698635189966,414.6649864921168,1995
1969.0,5430,0,10,2,12.386898330031283,10.612154696132597,414.3639895791917,1997
1970.0,5433,0,3,0,12.362018238328368,10.781888459414688,414.6437394371182,2010
1971.0,5436,0,4,1,12.374370561131666,10.910228108903606,414.92117810367046,2012
1972.0,5436,0,3,3,12.361367758341574,11.118101545253863,415.1893959671609,2023
1973.0,5437,0,1,0,12.353624212039541,11.330513150634541,415.62238587086915,2040
1974.0,5437,0,2,2,12.344054596647842,11.555821224940225,415.98179512759674,2053
1975.0,5439,0,6,4,12.338988216614792,11.780290494576208,416.0660983084174,2067
1976.0,5440,0,1,0,12.315264584951134,11.99283088235294,416.50227401507726,2080
1977.0,5440,0,2,2,12.290465136459934,12.227573529411766,417.00113184826677,2093
1978.0,5443,0,3,0,12.264442681206788,12.467205585155245,417.28770607126984,2114
1979.0,5444,0,3,2,12.224300655431955,12.740631888317413,417.65393539432966,2125
1980.0,5445,0,3,2,12.183893348504123,12.999632690541782,418.06209866153716,2126
1981.0,5447,0,3,1,12.244731673062669,11.640352487607858,418.2735610219243,1921
1982.0,5453,0,6,0,12.348220963457177,10.75206308454062,418.3240335427938,1782
1983.0,5455,0,2,0,12.461236012207083,10.143171402383135,418.67328041924327,1686
1984.0,5458,0,5,2,12.59505664553709,9.64639061927446,418.8671687790197,1610
1985.0,5459,0,2,1,12.74339602162911,9.230078769005312,419.17452580372895,1545
1986.0,5460,0,3,2,12.891394072878727,8.897619047619047,419.43607129423407,1498
1987.0,5458,0,2,4,13.043104725164836,8.58024917552217,419.8220202580623,1457
1988.0,5462,0,5,1,13.183860765275504,8.329732698645184,419.91987617782735,1413
1989.0,5460,0,1,3,13.271807146133614,8.176923076923076,420.5095887458188,1397
1990.0,5462,0,2,0,13.368024644733095,7.966678872207982,420.79600219849516,1369
1991.0,5462,0,2,2,13.41419371963803,7.827169534968876,421.221960290431,1363
1992.0,5466,0,5,1,13.460247951207771,7.691547749725577,421.2759558195319,1362
1993.0,5470,0,7,3,13.500363871215251,7.515173674588666,421.3127220869576,1340
1994.0,5473,0,3,0,13.542995224813044,7.368353736524758,421.50819303303444,1331
1995.0,5474,0,2,1,13.562318175022034,7.230727073438071,421.77339462872385,1325
1996.0,5476,0,4,2,13.59332037477358,7.096238130021914,421.81906374153044,1317
1997.0,5481,0,5,0,13.617455082751503,6.992519613209268,421.85555976427366,1305
1998.0,5480,0,1,2,13.617010930587941,6.8950729927007295,422.235560779882,1293
1999.0,5480,0,2,2,13.605967309110401,6.787043795620438,422.49407469753515,1284
2000.0,5485,0,5,0,13.609840729524787,6.6782133090246125,422.5298622864943,1269
2001.0,5485,0,4,4,13.611941612030336,6.63172288058341,422.84883728224116,1275
2002.0,5489,0,4,0,13.59860818796831,6.597923118965203,422.96062451160935,1275
2003.0,5491,1179,3,1,13.588076812741518,6.528136951374977,423.0851114741898,1273
2004.0,5491,0,2,2,13.562414478573945,6.465306865780368,423.3370831726926,1282
2005.0,5489,0,0,2,13.521916137242435,6.374020768810348,423.72515589256363,1279
2006.0,5492,0,3,0,13.502002598954396,6.330298616168973,423.91673726211496,1291
2007.0,5492,0,2,2,13.47027497530212,6.2713037144938095,424.2752003585611,1301
2008.0,5494,0,4,2,13.443402858092465,6.202038587550055,424.53774625745643,1307
2009.0,5493,0,1,2,13.414075810977705,6.099581285272165,424.9920398050632,1306
2010.0,5496,0,3,0,13.394863400157003,6.07532751091703,425.1886375766473,1306
2011.0,5497,0,4,3,13.375506592339987,6.0058213571038745,425.0973964332306,1303
2012.0,5497,0,4,4,13.34991904938824,6.001455339275969,425.3063752378351,1319
2013.0,5501,0,6,2,13.32659474682699,6.011088892928559,425.2250530676166,1327
2014.0,5504,0,3,0,13.306394179896346,6.03125,425.427669127745,1354
2015.0,5504,0,1,1,13.283928402510224,6.061591569767442,425.85585014087025,1359
2016.0,5503,0,0,1,13.281835870161936,6.028166454661094,426.2217399130869,1365
2017.0,5506,0,4,1,13.277206855363236,5.970032691609154,426.34435566313334,1371
2018.0,5505,0,2,3,13.236654485848648,5.9785649409627615,426.65579350106475,1379
2019.0,5508,0,3,0,13.202330144165225,5.925925925925926,426.86371253527034,1381
2020.0,5511,0,3,0,13.165378635157976,5.908365088005807,427.0736854396513,1393
2021.0,5513,0,4,2,13.113181117486606,5.947941229820424,427.27679134653994,1400
2022.0,5515,0,2,0,13.048590861087131,5.9820489573889395,427.5700376668124,1412
2023.0,5517,0,3,1,12.995673792614774,6.060721406561537,427.77246679991026,1424
2024.0,5519,0,3,1,12.955731645005155,6.113063960862475,428.06503154368727,1441
2025.0,5520,0,3,2,12.889158254742217,6.13822463768116,428.3591188212864,1462
2026.0,5521,0,4,3,12.839352091870886,6.119543560949103,428.49807236646654,1466
2027.0,5527,0,7,1,12.797312320683112,6.1483625836801155,428.37453179609355,1474
2028.0,5529,0,3,1,12.74933878123171,6.207813347802496,428.678837399989,1488
2029.0,5529,0,2,2,12.702285737917034,6.286489419424851,429.1324731869572,1505
2030.0,5530,0,2,1,12.66222457843842,6.361663652802894,429.51601711582293,1525
2031.0,5534,0,6,2,12.65456167734454,6.454282616552223,429.5479799317374,1538
2032.0,5538,0,4,0,12.641647766741965,6.576381365113759,429.70973193142447,1576
2033.0,5540,0,3,1,12.616829219823337,6.684476534296029,429.9359477874588,1601
2034.0,5545,0,6,1,12.611091450551749,6.761587015329125,429.9824092223763,1625
2035.0,5548,0,6,3,12.57539412735347,6.870403749098775,430.01536114398374,1635
2036.0,5553,0,7,2,12.553151822769884,6.985233207275346,430.08997811005696,1643
2037.0,5556,0,5,2,12.514838599553075,7.133549316054715,430.2504636197127,1676
2038.0,5556,0,3,3,12.471943177134378,7.287616990640749,430.5581049529833,1692
2039.0,5562,0,6,0,12.453612683552254,7.439590075512406,430.5771289227703,1715
2040.0,5562,0,2,2,12.412471419038752,7.581265731751168,431.0562977477427,1723
2041.0,5561,0,3,4,12.367663694073288,7.674339147635317,431.4271140862053,1729
2042.0,5564,0,5,2,12.353000588139384,7.783429187634795,431.561094726472,1737
2043.0,5567,0,4,1,12.313006204600276,7.8787497754625475,431.68979708400576,1757
2044.0,5567,0,2,2,12.28425760854223,8.009520388000718,431.8469120235426,1767
2045.0,5569,0,3,1,12.269075821311905,8.092296642126055,432.1809340092718,1788
2046.0,5571,0,4,2,12.245963688035793,8.260096930533118,432.50595970464184,1819
2047.0,5575,0,5,1,12.241023415248888,8.413273542600896,432.6135598948842,1837
2048.0,5579,0,4,0,12.23110171285529,8.587739738304355,432.80046657682936,1858
2049.0,5585,0,6,0,12.23745021503869,8.751477170993732,432.83321711468204,1882
2050.0,5589,0,6,2,12.220421054478551,8.95509035605654,433.01188676778327,1892
2051.0,5594,0,6,1,12.218564799309885,9.131212012870932,433.0078245269902,1911
2052.0,5594,0,3,3,12.195893775291134,9.290132284590634,433.3412882197746,1921
2053.0,5595,0,4,3,12.17559898720827,9.441108132260947,433.52092832995737,1928
2054.0,5596,0,3,2,12.151588116584737,9.608470335954253,433.84121472063947,1940
2055.0,5598,0,2,0,12.12805707051584,9.76009289031797,434.19077179730476,1949
2056.0,5601,0,5,2,12.11243457081401,9.946616675593644,434.27130127742083,1949
2057.0,5604,0,4,1,12.098825486820472,10.172198429693076,434.50547867799787,1975
2058.0,5608,0,5,1,12.083719143832795,10.384450784593438,434.69450522165494,1977
2059.0,5612,0,6,2,12.073420104502175,10.585531004989308,434.8020580223049,1987
2060.0,5616,0,5,1,12.046600792841335,10.82175925925926,434.9999071556008,2009
2061.0,5620,0,5,1,12.02707433022656,11.045907473309608,435.04631378007247,2025
2062.0,5621,0,2,1,11.979221812514485,11.287671232876713,435.45560511261465,2043
2063.0,5620,0,0,1,11.958897765002039,11.518327402135231,435.84446831185403,2060
2064.0,5623,0,4,1,11.944755291217868,11.727191890449937,436.1196040783783,2069
2065.0,5627,0,5,1,11.923937207226082,11.978496534565489,436.225867230934,2091
2066.0,5629,0,2,0,11.908693982514293,12.191152957896607,436.5911809180857,2101
2067.0,5632,0,4,1,11.885830504399882,12.431640625,436.8701050429845,2116
2068.0,5631,0,0,1,11.860751056924393,12.703960220209554,437.46869838490267,2139
2069.0,5632,0,4,3,11.842156074810264,12.967507102272727,437.77836886377884,2161
2070.0,5635,0,3,0,11.828548581726247,13.211357586512866,438.0721358623602,2183
2071.0,5637,0,3,1,11.904278973395144,11.853290757495122,438.40842982222523,1968
2072.0,5641,0,4,0,12.024450595729519,10.95195887254033,438.61134638924693,1813
2073.0,5642,0,1,0,12.154791178554177,10.335873803615739,439.0390054131772,1692
2074.0,5643,0,1,0,12.308078322044421,9.8160552897395,439.45627675048456,1623
2075.0,5644,0,2,1,12.464096623185327,9.510276399716513,439.827955446598,1583
2076.0,5642,0,1,3,12.599933921499698,9.138071605813542,440.2671939625186,1524
2077.0,5644,0,3,1,12.74311263770486,8.904323175053154,440.53126985827873,1479
2078.0,5646,0,5,3,12.861203953273353,8.699433227063407,440.6725481283384,1459
2079.0,5649,0,5,2,12.958256405265523,8.542396884404319,440.67452369685395,1445
2080.0,5651,0,5,3,13.047431900267965,8.455317642895062,440.7559445589877,1428
2081.0,5652,0,2,1,13.103881456854387,8.344125973106864,441.10850367577063,1431
2082.0,5654,0,3,1,13.172933678175578,8.246551114255395,441.29891293267156,1423
2083.0,5655,0,4,3,13.214582425916946,8.145358090185676,441.4474074873874,1422
2084.0,5659,0,5,1,13.241763671431272,7.981092065735996,441.5647746488887,1411
2085.0,5662,0,4,1,13.28564128184769,7.863299187566231,441.73154264524567,1400
2086.0,5665,0,5,2,13.30846023198024,7.757458075904678,441.803945576801,1400
2087.0,5667,0,3,1,13.337453376396425,7.617963649197106,442.0582143225178,1371
2088.0,5669,0,3,1,13.334852993163803,7.5279590756747226,442.2795417917994,1360
2089.0,5672,0,4,1,13.337830115072938,7.4624471086036674,442.4445663645084,1361
2090.0,5673,0,3,2,13.334687098438089,7.418297197250133,442.74126367290523,1353
2091.0,5678,0,5,0,13.342184651424546,7.331630855935188,442.77801923195193,1350
2092.0,5678,0,2,2,13.348475307861083,7.232476224022543,442.9927374262808,1348
2093.0,5680,0,4,2,13.343225838937057,7.160739436619719,443.11747528072834,1364
2094.0,5680,0,1,1,13.34996701068686,7.074823943661972,443.54133862649763,1357
2095.0,5681,0,2,1,13.341350092711473,6.947896497095582,443.88581621173046,1356
2096.0,5683,0,2,0,13.328763072861236,6.889319021643498,444.1570740210563,1354
2097.0,5684,0,2,1,13.311312984442665,6.772519352568613,444.49942097607044,1349
2098.0,5688,0,4,0,13.295467219695272,6.708157524613221,444.61678944251975,1345
2099.0,5694,0,6,0,13.279863785903226,6.665261678960309,444.57887192421254,1354
2100.0,5697,0,4,1,13.245870612291117,6.625065824117957,444.77271128515747,1357
2101.0,5700,0,3,0,13.23016504761326,6.630175438596491,444.97185428043133,1383
2102.0,5698,0,3,5,13.194811060532404,6.654615654615655,445.1385162026252,1398
2103.0,5702,0,6,2,13.161637503675228,6.606278498772361,445.01294869689394,1404
2104.0,5703,0,4,3,13.150590932943073,6.611607925653165,445.3444184939612,1418
2105.0,5705,0,4,2,13.14545043676836,6.633128834355828,445.43316822926727,1422
2106.0,5704,0,2,3,13.11618289818279,6.6218443197755965,445.77309497505024,1430
2107.0,5707,0,5,2,13.087628174415002,6.5985631680392505,445.86977505133274,1434
2108.0,5707,0,1,1,13.059883123456846,6.649377956895041,446.270978741741,1462
2109.0,5706,0,1,1,13.01265055127548,6.617595513494567,446.7345913151594,1461
2110.0,5707,0,1,0,12.973510729072395,6.605396881023305,447.1048674091691,1466
2111.0,5709,0,5,3,12.921136846617427,6.626904887020494,447.28363849509014,1480
2112.0,5714,0,8,3,12.874181718466504,6.63843192159608,447.3288001237134,1502
2113.0,5717,0,3,0,12.831938203208999,6.609585446912717,447.55171621631,1516
2114.0,5714,0,3,6,12.77970139568313,6.605355267763388,448.10842150990413,1528
2115.0,5714,0,3,3,12.734714991401399,6.5775288764438224,448.3681809642189,1538
2116.0,5709,0,1,6,12.699794179924503,6.499737256962691,448.89430088487853,1544
2117.0,5708,0,1,2,12.655304458202458,6.439733707077785,449.36312786561604,1552
2118.0,5711,0,3,0,12.623257209998215,6.379618280511294,449.5936358772438,1551
2119.0,5712,0,2,1,12.594523838462397,6.347163865546219,449.91915063206045,1560
2120.0,5714,0,3,1,12.574955814498814,6.375393769688484,450.1109961840657,1581
2121.0,5718,0,5,1,12.550390671254913,6.367960825463449,450.11148944393,1599
2122.0,5717,0,3,4,12.534333999945673,6.367325520377821,450.4336873003835,1610
2123.0,5715,0,0,2,12.510254421803094,6.433595800524935,451.04160470162066,1631
2124.0,5719,0,5,1,12.477641345368244,6.481552719006819,451.09651588417137,1658
2125.0,5721,0,3,1,12.457557343498483,6.540115364446775,451.38635279129244,1674
2126.0,5724,0,4,1,12.437385190589112,6.62141858839972,451.5850638012659,1704
2127.0,5728,0,4,0,12.419196557508258,6.72643156424581,451.7499521446215,1716
2128.0,5728,0,1,1,12.402365821838638,6.842527932960894,452.18987400024963,1736
2129.0,5730,0,2,0,12.382544583319525,6.991448516579407,452.51408933560293,1757
2130.0,5733,0,4,1,12.364000256362447,7.10797139368568,452.73812221253314,1763
2131.0,5737,0,4,0,12.346453047697189,7.2166637615478475,452.9083915152155,1783
2132.0,5740,0,4,1,12.340550651059388,7.367247386759582,453.15121301018246,1810
2133.0,5743,0,6,4,12.32556501998096,7.465784433223054,453.42455607233734,1816
2134.0,5744,0,4,3,12.299986174992306,7.587395543175488,453.51287332903365,1835
2135.0,5744,0,3,3,12.280709081303964,7.718314763231198,453.7336008743213,1851
2136.0,5744,0,4,4,12.242540639451594,7.827472144846797,454.0565925212781,1862
2137.0,5748,0,6,2,12.234028335842822,7.961203897007655,454.0571773849653,1889
2138.0,5746,0,2,4,12.221691924596405,8.090323703445875,454.6623038512733,1907
2139.0,5750,0,6,2,12.208715562179123,8.263826086956522,454.66449645879584,1928
2140.0,5750,0,4,4,12.180960374489295,8.455652173913043,454.7275743739316,1955
2141.0,5755,0,6,1,12.137151920709771,8.611294526498696,454.8298302216278,1964
2142.0,5757,0,5,3,12.098329465385481,8.80232760118117,454.97341026855764,1984
2143.0,5757,0,5,5,12.057605087146078,8.984714260899775,455.25073442496375,2001
2144.0,5759,0,3,1,12.039924920508307,9.15419343636048,455.4928261902999,2014
2145.0,5755,0,0,4,12.00589231316701,9.375325803649002,456.09392773038354,2045
2146.0,5760,0,6,1,11.992077991353947,9.567013888888889,456.20346489630657,2055
2147.0,5763,0,4,1,11.980636940746741,9.790733992712129,456.445317989864,2064
2148.0,5764,0,4,3,11.961039479434328,10.009715475364331,456.7096802677168,2086
2149.0,5769,0,6,1,11.938630016550874,10.224475645692495,456.80110806418566,2106
2150.0,5767,0,1,3,11.903958046898527,10.43818276400208,457.3723572696634,2104
2151.0,5767,0,2,2,11.880859257424744,10.645222819490202,457.655302253114,2124
2152.0,5767,0,3,3,11.86509968472488,10.871857118085659,457.9852684074564,2131
2153.0,5767,0,1,1,11.849446738536685,11.102479625455176,458.41286707350184,2144
2154.0,5770,0,6,3,11.823648613803659,11.344367417677644,458.58332858550415,2152
2155.0,5775,0,5,0,11.809560206902793,11.556017316017316,458.7085998590341,2169
2156.0,5775,0,2,2,11.798921425047174,11.813506493506493,459.0216813499398,2184
2157.0,5778,0,5,2,11.772575935322596,12.040671512634129,459.1165553129642,2199
2158.0,5781,0,4,1,11.760898576837954,12.302023871302543,459.3790039352258,2224
2159.0,5782,0,2,1,11.726229663704656,12.602386717398824,459.66532329195525,2240
2160.0,5782,0,0,0,11.693727350321565,12.855240401245243,460.1957803050877,2261
2161.0,5785,0,4,1,11.739182808689428,11.577009507346586,460.4806686120862,2048
2162.0,5784,0,2,3,11.807410854018515,10.878284923928078,460.9868564335258,1928
2163.0,5785,0,3,2,11.909283464402023,10.386689714779603,461.327100757635,1838
2164.0,5786,0,2,1,12.029587431117788,9.888869685447633,461.74527009063326,1765
2165.0,5790,0,6,2,12.146254145433291,9.452504317789291,461.8263917597438,1691
2166.0,5792,0,3,1,12.283085770675,9.07596685082873,462.06881087571224,1630
2167.0,5797,0,7,2,12.415522847040329,8.713817491806106,461.97927486390097,1574
2168.0,5800,0,5,2,12.530482459574028,8.463275862068965,462.1827027588706,1540
2169.0,5802,0,4,2,12.638028029657926,8.236642537056188,462.41699921374436,1513
2170.0,5802,0,2,2,12.727800871957044,8.106342640468803,462.86600094069604,1486
2171.0,5804,0,5,3,12.829982807464354,7.953480358373535,462.89206695632635,1480
2172.0,5807,0,5,2,12.903956365653602,7.811090063716205,462.9651194188635,1469
2173.0,5807,0,3,3,12.966897461436567,7.749784742552093,463.121248041155,1467
2174.0,5807,0,0,0,13.021677620243066,7.598071293266747,463.5591947021587,1450
2175.0,5808,0,5,4,13.066289616705683,7.496900826446281,463.50345947101596,1435
2176.0,5809,0,3,2,13.100797992543544,7.378722671716302,463.7272528922076,1435
2177.0,5815,0,6,0,13.140807919823857,7.2472914875322445,463.67998968674397,1407
2178.0,5816,0,1,0,13.152190792027811,7.108665749656121,464.03027858980363,1396
2179.0,5818,0,3,1,13.169293432715454,6.990718459951873,464.29474739234706,1380
2180.0,5814,0,0,4,13.174563357173444,6.9299965600275195,464.5954341703194,1372
2181.0,5815,0,3,2,13.185072566421466,6.85932932072227,464.6243886492864,1371
2182.0,5814,0,3,4,13.199794219779315,6.819745442036464,464.97350224044845,1379
2183.0,5818,0,4,0,13.201705314020842,6.6947404606393945,465.0814674125724,1366
2184.0,5819,0,2,1,13.199023768933422,6.617803746348169,465.42472012169037,1368
2185.0,5821,0,4,2,13.20486396748747,6.574299948462463,465.6452795201097,1384
2186.0,5823,0,3,1,13.209441275449624,6.522754593851967,465.896644878393,1394
2187.0,5828,0,5,0,13.210034629062472,6.417638984214139,465.9250685645937,1383
2188.0,5830,0,3,1,13.199820163450614,6.375128644939966,466.17417635148394,1386
2189.0,5832,0,3,1,13.193071189081067,6.295267489711934,466.3199960722179,1371
2190.0,5834,0,2,0,13.172119806212356,6.2252314021254715,466.59206977370275,1385
2191.0,5837,0,4,1,13.1636408576202,6.158300496830564,466.67889432843987,1373
2192.0,5843,0,9,3,13.152010612950136,6.140852301899709,466.40137417582264,1389
2193.0,5846,0,5,2,13.144105794249452,6.102805336982552,466.36832056854865,1398
2194.0,5846,0,3,3,13.121130742234566,6.114608279165242,466.4813505395065,1394
2195.0,5853,0,7,0,13.107704567560523,6.137365453613532,466.3609974923654,1396
2196.0,5857,0,4,0,13.092171584200242,6.140686358203858,466.4809034381484,1399
2197.0,5857,0,1,1,13.053888943444193,6.178248249957316,466.9119834033904,1412
2198.0,5859,0,3,1,13.042765713934283,6.243727598566308,467.0403947543263,1437
2199.0,5860,0,3,2,13.01273111990803,6.295733788395904,467.39614317621835,1459
2200.0,5864,0,6,2,12.985748995374701,6.306275579809004,467.3620383153363,1460
2201.0,5866,0,3,1,12.950700981324884,6.303614047050801,467.55661945254724,1466
2202.0,5868,0,4,2,12.914583135752963,6.3962167689161555,467.7400411485257,1479
2203.0,5869,0,3,2,12.887094465148424,6.421536888737434,468.08385944543664,1477
2204.0,5871,1190,5,3,12.844288807574742,6.460909555442003,468.21975585913015,1499
2205.0,5872,0,4,3,12.8108608466502,6.4589577656675745,468.4047575193658,1508
2206.0,5876,0,5,1,12.773663485929184,6.421375085091899,468.44278577418305,1503
2207.0,5873,0,3,6,12.736882430865725,6.410352460412055,468.54063140117836,1518
2208.0,5874,0,2,1,12.705194032130917,6.446884576098059,468.7161448398515,1530
2209.0,5875,0,4,3,12.664298784235845,6.52936170212766,468.7677492539844,1554
2210.0,5872,0,1,4,12.638652004681957,6.592983651226158,469.10042226725886,1581
2211.0,5875,0,7,4,12.604270625311903,6.654468085106383,469.02334524574536,1586
2212.0,5877,0,4,2,12.5723106376955,6.770801429300664,469.22481397581686,1626
2213.0,5882,0,7,2,12.535622680035138,6.915164909894593,469.1677272642001,1647
2214.0,5883,0,4,3,12.490113400417714,7.021417644059153,469.24902666622415,1681
2215.0,5887,0,6,2,12.465150008885805,7.144216069305249,469.31392350608957,1704
2216.0,5890,0,5,2,12.444228626733874,7.255857385398981,469.2995795050058,1731
2217.0,5893,0,4,1,12.414620042662385,7.393857118615307,469.45334831921355,1760
2218.0,5895,0,3,1,12.376801804310263,7.556743002544529,469.7605428295194,1790
2219.0,5899,0,5,1,12.345847410127401,7.694185455161892,469.876381435097,1804
2220.0,5904,0,6,1,12.31262807788779,7.837228997289973,469.85759428771837,1828
2221.0,5907,0,3,0,12.293717792594194,7.975622143219908,470.10503784958524,1859
2222.0,5909,0,4,2,12.248556435390007,8.103740057539346,470.3834474277417,1871
2223.0,5909,0,1,1,12.20434100779029,8.228634286681334,470.7962014965321,1877
2224.0,5913,0,5,1,12.166357336556585,8.338745137831896,470.87039319041213,1896
2225.0,5916,0,4,1,12.128222387289602,8.40551048005409,471.1105083042602,1897
2226.0,5925,0,9,0,12.103016307396038,8.5115611814346,470.8899413989697,1910
2227.0,5929,0,6,2,12.048091337371128,8.636363636363637,471.0570689073815,1941
2228.0,5932,0,4,1,12.01019266640824,8.788267026298044,471.3011868214431,1961
2229.0,5934,0,5,3,11.962425878323874,8.91557128412538,471.3997062069912,1979
2230.0,5935,0,4,3,11.926581648758653,9.046672283066554,471.65338162127944,1982
2231.0,5935,0,2,2,11.885351897855832,9.18803706823926,472.11460625038364,1997
2232.0,5941,0,6,0,11.864903652311007,9.30584076754755,472.1466033489254,2001
2233.0,5940,0,3,4,11.83797122136192,9.498653198653198,472.45601170970303,2045
2234.0,5944,0,5,1,11.823087066157639,9.656628532974429,472.56808230558414,2048
2235.0,5946,0,4,2,11.803813170405428,9.835519677093844,472.78562120220334,2081
2236.0,5946,0,2,2,11.772321941086298,10.012445341405988,473.0149990745788,2094
2237.0,5950,0,5,1,11.757372511742203,10.229915966386555,473.2082526584421,2121
2238.0,5950,0,2,2,11.748055429788831,10.457647058823529,473.66594553569644,2138
2239.0,5956,0,6,0,11.728583052389979,10.646742780389523,473.70671988798784,2159
2240.0,5958,0,4,2,11.691920922465952,10.872440416247063,474.01081409932186,2183
2241.0,5964,0,6,0,11.691591431795834,11.098088531187123,474.05539117778363,2208
2242.0,5966,0,5,3,11.667510296532571,11.33908816627556,474.3981038738542,2224
2243.0,5970,0,5,1,11.64274015384579,11.583752093802346,474.5835865780195,2246
2244.0,5970,0,3,3,11.618460625610776,11.81608040201005,474.8898917721607,2259
2245.0,5974,0,5,1,11.58413364206074,12.091228657515902,474.94169943488953,2278
2246.0,5976,0,2,0,11.542532932448255,12.306726907630521,475.31604601851683,2297
2247.0,5978,0,4,2,11.515390898261982,12.530946804951489,475.6789168129427,2307
2248.0,5983,0,5,0,11.507534624387285,12.780712017382584,475.8167524707274,2335
2249.0,5986,0,5,2,11.499021742290758,13.030404276645505,476.106206286357,2352
2250.0,5989,0,5,2,11.479969377885482,13.26131240607781,476.2039766750646,2361
2251.0,5988,0,1,2,11.52100535086239,12.084836339345358,476.70876242181225,2155
2252.0,5990,0,3,1,11.61459126676609,11.231552587646076,476.9674255666412,1987
2253.0,5989,0,2,3,11.718758434035621,10.643680080146936,477.283166463311,1885
2254.0,5989,0,3,3,11.860146631755134,10.153948906328269,477.5288573904606,1791
2255.0,5987,0,2,4,11.997195021772633,9.784533155169534,477.9239623263837,1728
2256.0,5992,0,6,1,12.154525466072704,9.496995994659546,477.88493278774223,1676
2257.0,5993,0,3,2,12.30719075660091,9.279659602870016,478.1759497592827,1635
2258.0,5993,0,1,1,12.442066340310637,9.036542633071917,478.5468035354861,1595
2259.0,5996,0,4,1,12.540565835886545,8.823882588392262,478.7575087831222,1557
2260.0,5997,0,5,4,12.631280677871363,8.674837418709355,478.8847183941049,1526
2261.0,5998,0,4,3,12.703495910038232,8.525508502834278,479.07627997220067,1500
2262.0,6000,0,4,2,12.782979489152664,8.433833333333334,479.2094163122325,1494
2263.0,6002,0,4,2,12.847523612902764,8.244751749416862,479.259958070264,1471
2264.0,6002,0,4,4,12.922047218247554,8.104631789403532,479.3293543941026,1438
2265.0,6003,0,4,3,12.984175756288135,8.000166583374979,479.37358498805054,1433
2266.0,6006,0,7,4,13.03044683804686,7.8441558441558445,479.46222944250445,1415
2267.0,6007,0,4,3,13.070602082029119,7.7451306808723155,479.51775852987475,1406
2268.0,6007,0,2,2,13.100047367843661,7.609289162643583,479.93112680965197,1374
2269.0,6010,0,6,3,13.12300022447245,7.529118136439268,479.94652826169374,1366
2270.0,6010,0,3,3,13.143766276644673,7.502495840266223,480.0752608220978,1369
2271.0,6012,0,3,1,13.150471220983523,7.452428476380573,480.30310171826835,1359
2272.0,6011,0,3,4,13.162200442524934,7.319248045250374,480.483892768282,1338
2273.0,6012,0,4,3,13.15517167653357,7.235362608117099,480.6233439916044,1342
2274.0,6016,0,6,2,13.156458340919672,7.135139627659575,480.58740348446287,1336
2275.0,6016,0,3,3,13.14734103862429,7.017453457446808,480.7742482624066,1327
2276.0,6023,0,8,1,13.152371632755465,6.8653494936078365,480.4811652853188,1317
2277.0,6025,0,6,4,13.160972409328256,6.770788381742738,480.49389086211335,1319
2278.0,6026,0,2,1,13.163799097039412,6.728177895784932,480.81906264767304,1321
2279.0,6028,0,5,3,13.16351678688086,6.639349701393497,480.82983420937046,1314
2280.0,6027,0,1,2,13.146319499533476,6.574083291853326,481.25914553861884,1302
2281.0,6027,0,4,4,13.135888900974088,6.5024058403849345,481.48406883381483,1295
2282.0,6026,0,2,3,13.114780370609413,6.405907733156322,481.7895807813697,1301
2283.0,6024,0,3,5,13.103812894982337,6.3300132802124836,482.1647845373899,1287
2284.0,6025,0,4,3,13.070292942407688,6.2325311203319504,482.1770627171325,1295
2285.0,6021,0,1,5,13.05187620750673,6.231356917455572,482.5074203963866,1319
2286.0,6024,0,7,4,13.038456707756726,6.21746347941567,482.5197534811867,1338
2287.0,6027,0,6,3,13.024620170584573,6.2125435540069684,482.50544381906144,1344
2288.0,6025,0,2,4,12.986875763362226,6.2642323651452285,482.9453141728056,1361
2289.0,6029,0,5,1,12.957498313533852,6.2144634267706085,482.9756531811292,1385
2290.0,6032,0,4,1,12.920039764607296,6.187665782493369,483.0686229159072,1395
2291.0,6032,0,3,3,12.889944671990849,6.1820291777188325,483.2288396063266,1415
2292.0,6034,0,3,1,12.832560593400753,6.146337421279417,483.5133202262671,1423
2293.0,6036,0,2,0,12.789865873420634,6.155069582504971,483.80448126174474,1445
2294.0,6037,0,3,2,12.729651835512712,6.185522610568163,484.02257074657155,1460
2295.0,6038,0,2,1,12.653242946765717,6.1866512090096055,484.371824138632,1484
2296.0,6038,0,2,2,12.593775004064069,6.13795958926797,484.7273750989488,1497
2297.0,6037,0,0,1,12.532049295562034,6.085804207387775,485.26380383455825,1509
2298.0,6036,0,2,3,12.48365981420005,6.070742213386349,485.5289785532122,1528
2299.0,6038,0,3,1,12.448326508082513,6.091586618085459,485.7590295766919,1553
2300.0,6037,0,1,2,12.40279594401456,6.16249792943515,486.1545330796703,1577
2301.0,6036,0,1,2,12.35545153148123,6.216368455931081,486.57842828746357,1619
2302.0,6037,0,4,3,12.311109828445614,6.2685108497598145,486.85062288203113,1638
2303.0,6039,0,2,0,12.27220872160555,6.34227521112767,487.17001467921307,1681
2304.0,6037,0,1,3,12.219214602899887,6.419247970846447,487.3595992223226,1701
2305.0,6039,0,4,2,12.196523118689205,6.542639509852624,487.6115095953351,1751
2306.0,6042,0,7,4,12.167094929984852,6.645316120489904,487.71866742161427,1782
2307.0,6044,0,4,2,12.142378594548587,6.742223692918597,488.028877949224,1797
2308.0,6047,0,5,2,12.10745886277433,6.927732760046304,488.0268996477201,1833
2309.0,6047,0,4,4,12.06589961900217,7.048123036216306,488.3537647734131,1858
2310.0,6051,0,4,0,12.0570943150892,7.187902825979177,488.52664856510364,1888
2311.0,6048,0,0,3,12.014230990764258,7.286044973544974,489.1167921535762,1909
2312.0,6052,0,5,1,12.00852938772477,7.403998678122934,489.1926679444195,1944
2313.0,6052,0,3,3,11.993094144865125,7.568572372769332,489.6216762881394,1952
2314.0,6053,0,2,1,11.976340087013572,7.677184867008095,489.9710104026437,1966
2315.0,6054,0,4,3,11.957429101480333,7.776346217376941,490.28245958999184,1982
2316.0,6054,0,4,4,11.91631873086216,7.890650809382227,490.7106088407567,2001
2317.0,6050,0,0,4,11.87304284414677,8.007603305785125,491.2287068813926,2008
2318.0,6048,0,1,3,11.82952166746349,8.127480158730158,491.7837821650039,2029
2319.0,6047,0,1,2,11.807565840888472,8.226393252852654,492.2009291028043,2028
2320.0,6047,0,3,3,11.798033676213171,8.335372912187863,492.29742607809715,2037
2321.0,6049,0,4,2,11.787571232556138,8.469499090758804,492.48678602915885,2054
2322.0,6049,0,2,2,11.768071425996926,8.619937179699123,492.944834060698,2063
2323.0,6050,0,2,1,11.755997063355517,8.778347107438016,493.2653894006939,2082
2324.0,6051,0,5,4,11.73918740682269,8.925797388861346,493.5204291919279,2094
2325.0,6053,0,4,2,11.718560262447856,9.092516107715182,493.86589971054605,2119
2326.0,6053,0,2,2,11.700186850032413,9.276226664463902,494.19817198191294,2137
2327.0,6052,0,0,1,11.676260594831144,9.500495703899537,494.75657136936354,2159
2328.0,6053,0,4,3,11.659994401864214,9.706756980009912,494.8669954795831,2165
2329.0,6055,0,3,1,11.6419363564839,9.915772089182493,495.0480187091884,2176
2330.0,6054,0,2,3,11.613558547501754,10.133961017509085,495.333832900824,2180
2331.0,6056,0,5,3,11.5958408515164,10.330746367239101,495.4343058829809,2197
2332.0,6056,0,1,1,11.567838367826058,10.570838837516513,495.95445715738646,2204
2333.0,6054,0,2,4,11.5360137227039,10.799636603898248,496.3590489003443,2217
2334.0,6056,0,4,2,11.507039330685567,11.0639035667107,496.6204423378114,2251
2335.0,6057,0,3,2,11.494037532655396,11.305101535413572,496.90167683948096,2267
2336.0,6058,0,5,4,11.47563961420799,11.551172003961703,496.91528918103745,2282
2337.0,6059,0,2,1,11.458119829284174,11.776365736920283,497.3690668681472,2293
2338.0,6059,0,4,4,11.414845880889844,12.028882653903285,497.67450329819627,2309
2339.0,6059,0,2,2,11.39308203689654,12.296088463442812,498.1037114666746,2325
2340.0,6061,0,3,1,11.377107863378898,12.529615574987625,498.397018963968,2342
2341.0,6061,0,2,2,11.436021958628443,11.376175548589341,498.811394426605,2134
2342.0,6063,0,5,3,11.531510702890378,10.58931222167244,498.8228646079032,2000
2343.0,6065,0,4,2,11.652222909839914,9.993899422918384,499.1064976225502,1888
2344.0,6065,0,5,5,11.816838315486162,9.445836768342952,498.9702126193827,1783
2345.0,6067,0,3,1,11.969458815537743,9.034119004450305,499.2106208937398,1711
2346.0,6066,0,3,4,12.12252369901644,8.643587207385426,499.3939619555326,1644
2347.0,6067,0,6,5,12.285191333071753,8.316466128234712,499.3135266774477,1591
2348.0,6066,0,2,3,12.419013249416526,8.002307945928123,499.6242975631989,1540
2349.0,6067,0,2,1,12.54212621568244,7.771386187572111,500.0029581773713,1526
2350.0,6066,0,4,5,12.659521990870038,7.480217606330366,500.29242837092994,1481
2351.0,6068,0,5,3,12.761418857636304,7.303065260382334,500.2619843063474,1447
2352.0,6068,0,1,1,12.855658279223725,7.128048780487805,500.6043505409665,1424
2353.0,6067,0,3,4,12.923283434449683,7.004450304928301,500.7199051884979,1418
2354.0,6067,0,3,3,12.986906315854691,6.906873248722597,500.9537738741188,1395
2355.0,6066,0,2,3,13.041740188646571,6.769699967029344,501.2056738362888,1366
2356.0,6065,0,2,3,13.070482303093094,6.668590272052762,501.3496492739254,1359
2357.0,6065,0,2,2,13.10373709680512,6.3800494641385,501.59914932215975,1331
2358.0,6066,0,3,2,13.148404918433739,6.289317507418398,501.6765359308586,1325
2359.0,6067,0,3,2,13.166024651709659,6.206856766111752,501.81771580772795,1321
2360.0,6071,0,7,3,13.197628991338348,6.162740899357602,501.5535528098043,1332
2361.0,6070,0,3,4,13.213652376088389,6.1,501.81466468699267,1335
2362.0,6073,0,5,2,13.221346182364975,6.0609254075415775,501.7378147937774,1336
2363.0,6073,0,1,1,13.222155064521804,6.025028816071135,502.1551950263814,1338
2364.0,6074,0,4,3,13.205430741195038,5.939907803753704,502.0929819091056,1343
2365.0,6075,0,1,0,13.186187437563081,5.847407407407408,502.43766992348606,1336
2366.0,6077,0,4,2,13.169519357061693,5.780154681586309,502.56794637514065,1325
2367.0,6076,0,0,1,13.12479849912465,5.690585911784068,503.06763071375224,1331
2368.0,6075,0,1,2,13.093786993380807,5.608724279835391,503.3286220004993,1334
2369.0,6072,0,1,4,13.053871211978846,5.512845849802371,503.8522859017238,1339
2370.0,6075,0,4,1,13.041682481435574,5.41201646090535,503.94288845978116,1323
2371.0,6075,0,4,4,12.991576001782605,5.317530864197531,504.18799889564383,1333
2372.0,6076,0,4,3,12.957682380006473,5.268597761685319,504.31446368378107,1330
2373.0,6075,0,1,2,12.910353937805482,5.248230452674897,504.6294414242202,1341
2374.0,6074,0,3,4,12.858092209048339,5.228679618044122,504.92625333144287,1348
2375.0,6075,0,4,3,12.820708144058987,5.2233744855967075,505.062477979204,1367
2376.0,6077,0,5,3,12.789740331919454,5.215896001316439,505.0083115699062,1362
2377.0,6079,0,7,5,12.768835107884033,5.179963809837144,504.77513708143096,1371
2378.0,6079,0,3,3,12.740336088451551,5.1827603224214505,505.0040541964815,1381
2379.0,6080,0,4,3,12.699416193580303,5.22828947368421,505.1365009324709,1399
2380.0,6080,0,3,3,12.647330314434493,5.290953947368421,505.4235998969236,1413
2381.0,6079,0,3,4,12.591504563207174,5.342490541207435,505.6563658162048,1424
2382.0,6082,0,5,2,12.553995555222933,5.407760605064124,505.7041617302875,1466
2383.0,6085,0,5,2,12.523939330312208,5.479539852095316,505.8867037090965,1483
2384.0,6086,0,3,2,12.465593411788072,5.570325336838646,506.0666802104086,1505
2385.0,6092,0,7,1,12.428784782922103,5.6543007222587,506.02528286972023,1532
2386.0,6094,0,6,4,12.384075166151373,5.664752215293731,505.8023869081283,1548
2387.0,6098,0,5,1,12.357693530649216,5.7254837651689074,505.83567719310565,1555
2388.0,6100,0,3,1,12.329157012305862,5.7667213114754095,505.9905876238218,1575
2389.0,6099,0,2,3,12.307701131673092,5.828004590916544,506.14930568282114,1587
2390.0,6104,0,5,0,12.307677195344976,5.885157273918741,506.2100728139947,1608
2391.0,6110,0,8,2,12.30569729927017,5.944026186579378,506.16290604946425,1643
2392.0,6107,0,1,4,12.283462244761736,6.049451449156705,506.6387113329671,1660
2393.0,6107,0,3,3,12.266871589098663,6.156705420009825,507.0959266944213,1680
2394.0,6107,0,4,4,12.22146486771282,6.239724905845751,507.3747966948246,1697
2395.0,6107,0,3,3,12.187639141951912,6.35713116096283,507.81472142425946,1729
2396.0,6110,0,5,2,12.151770270605379,6.499345335515549,507.84631890091487,1753
2397.0,6114,0,6,2,12.134450017288085,6.64213280994439,507.9013083937264,1772
2398.0,6116,0,3,1,12.099889642888366,6.792838456507521,508.1480971850347,1801
2399.0,6120,0,4,0,12.064376905448182,6.941993464052287,508.3075291679835,1848
2400.0,6124,0,4,0,12.035559316119112,7.112181580666231,508.4691725454908,1867
2401.0,6124,0,3,3,11.997181383101195,7.202971913781842,508.7629309902537,1887
2402.0,6122,0,0,2,11.965170782025591,7.330447566154851,509.2480713586631,1904
2403.0,6126,0,6,2,11.940734738943359,7.475350963108064,509.21541921503746,1914
2404.0,6126,1199,2,2,11.907838283720716,7.607084557623245,509.5827669264723,1927
2405.0,6131,0,6,1,11.874855164826048,7.745881585385745,509.6636576729785,1945
2406.0,6133,0,3,1,11.852285264693911,7.873471384314365,509.91856969344724,1967
2407.0,6134,0,4,3,11.82591556880739,8.012226931855233,510.295985368327,1995
2408.0,6136,0,4,2,11.797369556366975,8.185299869621904,510.5072888970393,2019
2409.0,6135,0,2,3,11.77621539685363,8.359739201303993,510.9603798339866,2044
2410.0,6139,0,5,1,11.763702995929245,8.530053754683173,511.1190569419017,2052
2411.0,6138,0,2,3,11.738495736952224,8.684099055066797,511.6239532037802,2066
2412.0,6141,0,4,1,11.719491645313306,8.832274873799056,511.875461821028,2088
2413.0,6140,0,1,2,11.693048472905671,9.0257328990228,512.3179321843912,2103
2414.0,6146,0,7,1,11.68331148914141,9.207777416205662,512.3131664389261,2120
2415.0,6152,0,8,2,11.674985242949845,9.3722366710013,512.2961591675307,2122
2416.0,6154,0,4,2,11.65571997842642,9.586122846928827,512.4639418508235,2150
2417.0,6157,0,4,1,11.652977192692825,9.768068864706837,512.6981352781779,2153
2418.0,6158,0,2,1,11.63927338698141,9.954530691783047,512.8895830419514,2178
2419.0,6160,0,4,2,11.609760073983201,10.14724025974026,513.0003410229377,2176
2420.0,6162,0,3,1,11.575616248699292,10.328627069133399,513.3157042700566,2204
2421.0,6164,0,2,0,11.537784617445796,10.47420506164828,513.6804285640486,2214
2422.0,6162,0,1,3,11.483060487416534,10.664556962025317,514.2606784694883,2232
2423.0,6167,0,6,1,11.45623267056233,10.859088697908222,514.284472096777,2245
2424.0,6168,0,2,1,11.428954074522906,11.033236057068741,514.7321738715546,2272
2425.0,6171,0,5,2,11.406834517145745,11.234645924485497,514.832153250759,2293
2426.0,6173,0,3,1,11.370339539721437,11.393973756682326,515.0972135620375,2299
2427.0,6176,0,5,2,11.359375777770504,11.60184585492228,515.3066309190015,2308
2428.0,6179,0,3,0,11.345648438585878,11.833953714193235,515.5996500536622,2318
2429.0,6182,0,5,2,11.330011493098738,12.062277580071175,515.5758870949156,2335
2430.0,6186,0,6,2,11.316230238645614,12.313288069835112,515.7631531864085,2360
2431.0,6187,0,3,2,11.37686053101879,11.136415063843543,516.0360297014469,2148
2432.0,6187,0,4,4,11.471354984513642,10.341037659608856,516.3507877888852,1996
2433.0,6189,0,2,0,11.601576934759184,9.718532880917758,516.7097977372069,1879
2434.0,6186,0,0,3,11.732048166336401,9.21435499515034,517.0034218914683,1793
2435.0,6187,0,2,1,11.885101629796248,8.823662518183287,517.3172024330223,1734
2436.0,6188,0,5,4,12.039458813045739,8.534906270200388,517.3129289110844,1674
2437.0,6188,0,2,2,12.2054587748052,8.216871363930187,517.4987638216969,1614
2438.0,6190,0,4,2,12.339333189393454,7.896284329563812,517.7195098375001,1565
2439.0,6188,0,1,3,12.428182881807235,7.679541047188106,518.1738841098187,1544
2440.0,6188,0,3,3,12.502612351912912,7.482223658694247,518.5134325382774,1521
2441.0,6190,0,4,2,12.552563131497497,7.313247172859451,518.5822230212563,1501
2442.0,6189,0,1,2,12.603408318401119,7.208757472935854,518.9941524766286,1501
2443.0,6189,0,3,3,12.657222133192832,7.087736306349976,519.1313952444868,1480
2444.0,6187,0,2,4,12.687073119435858,6.984321965411346,519.4864198086608,1497
2445.0,6186,0,2,3,12.718368291476333,6.878758486905917,519.7015055821546,1491
2446.0,6188,0,3,1,12.75411361364313,6.7777957336780865,519.8135021196725,1479
2447.0,6192,0,5,1,12.803384043227947,6.725290697674419,519.7972745036332,1471
2448.0,6190,0,1,3,12.816819563341232,6.632794830371567,520.3033536319974,1458
2449.0,6190,0,1,1,12.833896389426132,6.609369951534734,520.6468366551576,1456
2450.0,6192,0,3,1,12.856527808859513,6.57687338501292,520.8014029199715,1461
2451.0,6195,0,6,3,12.855811430124003,6.542857142857143,520.8002801637308,1462
2452.0,6199,0,5,1,12.875033906322885,6.482013227939991,520.8020618191961,1457
2453.0,6204,0,6,1,12.886109244150079,6.461154094132818,520.7480195784631,1454
2454.0,6202,0,1,3,12.884664233094512,6.427603998710094,521.2940178884522,1459
2455.0,6203,0,4,3,12.900837698242608,6.349185877801064,521.4640141310571,1445
2456.0,6201,0,0,2,12.901593481668035,6.255765199161425,521.9604579927915,1445
2457.0,6205,0,5,1,12.91899023265334,6.181627719580983,521.9818843038219,1440
2458.0,6205,0,5,5,12.91969701301368,6.161804995970991,522.0205919743128,1455
2459.0,6210,0,5,0,12.924944065863972,6.115297906602255,522.0388106323197,1450
2460.0,6212,0,5,3,12.915122938044615,6.128783000643915,522.0032054105968,1450
2461.0,6212,0,1,1,12.901433739779721,6.102704443013522,522.3405573446079,1459
2462.0,6215,0,4,1,12.90644360193254,6.099597747385358,522.4401743563404,1464
2463.0,6213,0,2,4,12.896550284824874,6.099629808466119,522.5727766349228,1472
2464.0,6216,0,5,2,12.86716969824165,6.1055341055341055,522.6150246878448,1487
2465.0,6219,0,5,2,12.859366334967715,6.1037144235407625,522.6794531809519,1494
2466.0,6222,0,5,2,12.851503388322685,6.135647701703633,522.7220199909203,1508
2467.0,6225,0,5,2,12.832943930910712,6.161285140562249,522.7617761662865,1522
2468.0,6224,0,2,3,12.804627602698368,6.252410025706941,523.0921300160253,1536
2469.0,6226,0,5,3,12.780432317279626,6.287182781882429,523.1154004664486,1548
2470.0,6226,0,2,2,12.747546259069745,6.298104722132991,523.242983504041,1566
2471.0,6227,0,3,2,12.706650594057743,6.299020395053798,523.3968016033855,1576
2472.0,6227,0,4,4,12.672212925737096,6.286333708045608,523.4249657955147,1584
2473.0,6228,0,3,2,12.623937336895926,6.337989723827874,523.6977432633238,1591
2474.0,6230,0,7,5,12.562376113627328,6.43916532905297,523.3244285277572,1606
2475.0,6233,0,3,0,12.517002259073024,6.497994545162843,523.537285232377,1631
2476.0,6232,0,3,4,12.458844733909139,6.529525032092426,523.3942348619007,1641
2477.0,6230,0,1,3,12.415323138752377,6.550722311396469,523.822598196593,1637
2478.0,6232,0,4,2,12.375726265849359,6.594191270860077,523.9811030505344,1650
2479.0,6234,0,5,3,12.342383633789524,6.655598331729227,524.1720287365944,1674
2480.0,6234,0,3,3,12.304338562030438,6.732755854988771,524.5244938225143,1688
2481.0,6239,0,8,3,12.277323620564347,6.811828818720949,524.5101396367938,1717
2482.0,6241,0,3,1,12.240998277146584,6.9105912514020185,524.819728598546,1739
2483.0,6244,0,5,2,12.21904098015896,7.036034593209481,524.9404347859345,1748
2484.0,6248,0,5,1,12.187021279949327,7.144686299615877,525.0456511188908,1774
2485.0,6247,0,3,4,12.16468292196247,7.25468224747879,525.3187892441273,1806
2486.0,6250,0,5,2,12.147521518119024,7.41648,525.470109049877,1842
2487.0,6251,0,5,4,12.115534621427061,7.5883858582626775,525.6679700219981,1876
2488.0,6256,0,7,2,12.094480281905575,7.750159846547315,525.4702129993486,1896
2489.0,6256,0,2,2,12.062742451387162,7.947090792838875,525.8708469105336,1930
2490.0,6259,0,6,3,12.034428751650605,8.126537785588752,525.9635887540718,1947
2491.0,6265,0,7,1,12.003316033452869,8.276456504389465,525.7932723732913,1981
2492.0,6266,0,3,2,11.969478524957726,8.4468560485158,526.1690916964292,1993
2493.0,6268,0,5,3,11.945549742071217,8.603541799617103,526.3200966449488,2014
2494.0,6270,0,2,0,11.924083621089473,8.761562998405104,526.6545936153256,2039
2495.0,6278,0,8,0,11.9172865784492,8.906180312201338,526.4867293979389,2057
2496.0,6284,0,7,1,11.884536206426331,9.075907065563335,526.4823360874814,2069
2497.0,6281,0,0,3,11.860461925386954,9.236268110173539,527.184851112899,2086
2498.0,6280,0,4,5,11.833490119904535,9.369585987261146,527.653015424986,2097
2499.0,6281,0,3,2,11.79734393711812,9.56869925171151,528.0550327271461,2119
2500.0,6283,0,5,3,11.76628046460644,9.750915167913417,528.0731804142641,2131
2501.0,6285,0,5,3,11.735771200484544,9.929037390612569,528.3609638417297,2153
2502.0,6285,0,3,3,11.70453547487647,10.136038186157517,528.4688534802012,2176
2503.0,6285,0,2,2,11.69102098322825,10.374383452665075,528.7982276349956,2196
2504.0,6288,0,5,2,11.667316566624862,10.544529262086513,528.9365950043384,2216
2505.0,6291,0,5,2,11.651304871831359,10.74280718486727,529.0211613716676,2222
2506.0,6295,0,5,1,11.643965111450262,10.978077839555203,529.1931336159961,2248
2507.0,6297,0,3,1,11.622268848503072,11.176115610608226,529.3722188016529,2264
2508.0,6301,0,4,0,11.60622781618239,11.43342326614823,529.5620209031464,2286
2509.0,6301,0,1,1,11.588874460022147,11.687192509125536,530.0848020891283,2317
2510.0,6302,0,3,2,11.558698231190395,11.897175499841321,530.5001411669319,2327
2511.0,6302,0,3,3,11.54054801007364,12.145985401459853,530.6024159025762,2326
2512.0,6306,0,4,0,11.5361271894326,12.366793529971456,530.7972899413872,2342
2513.0,6310,0,6,2,11.517263927596112,12.631537242472266,530.8995009503167,2353
2514.0,6313,0,5,2,11.514178513315127,12.906700459369555,531.1650471059083,2387
2515.0,6316,0,4,1,11.505136034046112,13.17590246991767,531.437238119337,2394
2516.0,6322,0,6,0,11.494157771615535,13.468364441632394,531.4690701010331,2414
2517.0,6322,0,3,3,11.471876598179465,13.761626067700094,531.7274972005488,2444
2518.0,6327,0,8,3,11.455955353598451,14.04472893946578,531.6222057129925,2460
2519.0,6326,0,1,2,11.43106035966677,14.296553904521025,532.1986273397528,2465
2520.0,6328,0,4,2,11.407642690995484,14.548988621997472,532.4067801906133,2487
2521.0,6327,0,1,2,11.447897773634276,13.421526789947842,532.739428666883,2275
2522.0,6327,0,2,2,11.526230106966187,12.588430535798956,533.0215904129458,2132
2523.0,6328,0,1,0,11.647080089069181,11.944690265486726,533.4630472695989,2007
2524.0,6331,0,5,2,11.764888013400146,11.488390459643027,533.5593893912128,1909
2525.0,6332,0,1,0,11.89909473257177,11.053379658875553,533.9823613884265,1840
2526.0,6335,0,5,2,12.047104180725848,10.683662194159432,533.9291687462807,1782
2527.0,6337,0,2,0,12.199692933742352,10.351743727315764,534.2476122367132,1728
2528.0,6337,0,2,2,12.312190365655335,10.070538109515544,534.4001379970529,1685
2529.0,6337,0,1,1,12.417575108151691,9.851507022250276,534.869452085285,1648
2530.0,6338,0,1,0,12.51358939398767,9.707005364468287,535.2504553049079,1613
2531.0,6340,0,3,1,12.600964082770933,9.65347003154574,535.5000640105585,1609
2532.0,6337,0,1,4,12.668450426670782,9.488243648414077,535.9785649379443,1564
2533.0,6338,0,3,2,12.721686837785281,9.38529504575576,536.2439605349181,1552
2534.0,6337,0,3,4,12.764668638007704,9.278522960391353,536.5249394892387,1544
2535.0,6338,0,3,2,12.806406004164987,9.12306721363206,536.8370146206237,1539
2536.0,6337,0,3,4,12.8299008106711,9.038661827363105,536.97429495684,1533
2537.0,6339,0,4,2,12.86101270211165,8.948572330020507,537.1355252703736,1533
2538.0,6337,0,3,5,12.881040078758266,8.882752090894746,537.1798416076947,1527
2539.0,6337,0,2,2,12.896538895871501,8.782546946504656,537.294010688078,1521
2540.0,6336,0,3,4,12.925835135639751,8.680082070707071,537.4154994545321,1511
2541.0,6337,0,4,3,12.933819012197633,8.569038977434117,537.5304451420333,1500
2542.0,6338,0,1,0,12.938056548086294,8.535342379299463,537.8800569362336,1502
2543.0,6341,0,5,2,12.950507297718714,8.423119381800978,537.8599783704534,1486
2544.0,6341,0,2,2,12.9357159915076,8.33275508594859,538.2869842721252,1480
2545.0,6343,0,5,3,12.958612895325098,8.212360081980135,538.3174934512554,1483
2546.0,6344,0,2,1,12.968114879240542,8.156683480453973,538.6641345005264,1476
2547.0,6344,0,2,2,12.947776749380093,8.051702395964691,539.0604798676254,1468
2548.0,6344,0,2,2,12.954961311225885,7.975882723833544,539.4787924260494,1484
2549.0,6346,0,3,1,12.962005039336221,7.913173652694611,539.7341224516608,1493
2550.0,6350,0,5,1,12.951517898384715,7.846299212598425,539.8149869579742,1481
2551.0,6349,0,1,2,12.930479905602322,7.823751771932588,540.2103189558514,1491
2552.0,6351,0,5,3,12.892387235170743,7.783341206109274,540.255593550649,1495
2553.0,6353,0,3,1,12.859188081740726,7.714308200849992,540.5207109194881,1503
2554.0,6351,0,2,4,12.812851894528134,7.660210990395213,540.8814467674963,1507
2555.0,6353,0,4,2,12.786694311472912,7.630410829529356,540.8335998651415,1525
2556.0,6354,0,1,0,12.759179810854015,7.582310355681461,541.1940377850573,1522
2557.0,6355,0,3,2,12.738377569361859,7.572305271439811,541.4423285215883,1536
2558.0,6357,0,3,1,12.726803608153242,7.541450369671229,541.6073192757165,1543
2559.0,6358,0,2,1,12.67652793446233,7.5,541.8263444261407,1553
2560.0,6357,0,1,2,12.633980032328662,7.471134182790625,542.2247515048517,1554
2561.0,6362,0,5,0,12.598931210811333,7.437598239547312,542.253766696654,1587
2562.0,6365,0,4,1,12.55424912334395,7.4603299293008645,542.4520985521837,1590
2563.0,6370,0,6,1,12.504678277481107,7.450392464678179,542.4748190646463,1606
2564.0,6370,0,4,4,12.447101801139626,7.472684458398744,542.7478556127268,1620
2565.0,6369,0,1,2,12.40473014334419,7.440100486732611,543.276232790049,1633
2566.0,6371,0,4,2,12.355593289359932,7.437137027154293,543.3249791428238,1638
2567.0,6372,0,4,3,12.33756098739172,7.422787193973635,543.4758675846604,1655
2568.0,6373,0,5,4,12.296383279307532,7.415189078926722,543.6688964439289,1692
2569.0,6377,0,4,0,12.27237970363757,7.459150070566097,543.8039125572927,1727
2570.0,6378,0,4,3,12.25073765161928,7.481969269363437,543.8556609829251,1735
2571.0,6381,0,5,2,12.223509579961686,7.491615734210939,544.0402208209077,1762
2572.0,6381,0,3,3,12.201071186675854,7.582353863030873,544.3037256490481,1801
2573.0,6381,0,2,2,12.175620369504166,7.68092775427049,544.6907744478212,1816
2574.0,6384,0,4,1,12.147808530594078,7.830513784461153,544.8771702039646,1851
2575.0,6386,0,5,3,12.130911053749438,7.940181647353586,544.9959128754699,1885
2576.0,6387,0,5,4,12.0958253112437,8.094567089400345,545.0158144985447,1918
2577.0,6387,0,2,2,12.052668404530275,8.253013934554565,545.4132927260961,1944
2578.0,6384,0,1,4,12.012461688098693,8.397556390977444,545.9474041969013,1959
2579.0,6387,0,5,2,11.969432620043476,8.56489744794113,546.1087021634563,1980
2580.0,6387,0,2,2,11.926758904534362,8.734460623140755,546.4541804951634,2010
2581.0,6391,0,5,1,11.897073975779408,8.833359411672665,546.5980798245394,2010
2582.0,6389,0,2,4,11.877947556373282,8.962591954922523,546.974771742682,2020
2583.0,6392,0,4,1,11.870835631182782,9.134699624530663,547.2167463725257,2042
2584.0,6397,0,7,2,11.844261085026213,9.267469126152884,547.1592234082793,2047
2585.0,6396,0,1,2,11.802503368834975,9.413852407754847,547.4984910690775,2064
2586.0,6402,0,6,0,11.772050655984383,9.52061855670103,547.4937074057444,2081
2587.0,6400,0,2,4,11.733652888814117,9.6959375,547.7107844356987,2102
2588.0,6399,0,3,4,11.709522787220653,9.834036568213783,547.8899570351043,2126
2589.0,6401,0,3,1,11.679345498880611,9.96297453522887,548.2273990222072,2148
2590.0,6404,0,4,1,11.64478321790971,10.112742036227358,548.4692066390409,2171
2591.0,6406,0,2,0,11.60040583841734,10.26116141117702,548.818962564947,2201
2592.0,6406,0,4,4,11.563179693816716,10.435060880424603,549.0526610790947,2249
2593.0,6405,0,3,4,11.529392910920766,10.605932864949258,548.9792600708955,2280
2594.0,6406,0,2,1,11.49618477030745,10.736184826724946,549.2594302436866,2292
2595.0,6405,0,2,2,11.478772294493966,10.857455113192819,549.6220339046384,2319
2596.0,6405,0,3,3,11.449615825204067,11.001092896174864,550.087938157962,2330
2597.0,6404,0,2,3,11.418659763891872,11.18269831355403,550.5122153631787,2357
2598.0,6406,0,4,2,11.392440867831306,11.326724945363722,550.7649308737809,2382
2599.0,6406,0,3,3,11.36832094560236,11.489697158913518,551.1696474897058,2397
2600.0,6407,0,2,1,11.359577601939435,11.644139222725144,551.4509891029843,2425
2601.0,6407,0,1,2,11.337804405626722,11.802559700327766,552.1100665172697,2441
2602.0,6410,0,5,2,11.327135794838007,11.961310452418097,552.3034171915604,2454
2603.0,6413,0,4,1,11.312335020455976,12.139716201465772,552.4517581959147,2480
2604.0,6413,1132,3,3,11.290657785201358,12.291595197255575,552.8026067738673,2479
2605.0,6415,0,4,2,11.265930382561178,12.459080280592362,552.9954543346472,2490
2606.0,6415,0,2,2,11.247545846996099,12.652065471551053,553.3702216103915,2492
2607.0,6415,0,3,3,11.228955041327225,12.906001558846453,553.83816142892,2514
2608.0,6420,0,6,1,11.220613695823026,13.114330218068536,553.9332494843748,2516
2609.0,6422,0,3,1,11.206070212659585,13.266583618810339,554.1971687126719,2530
2610.0,6424,0,4,2,11.178876184952461,13.50653798256538,554.4682314268747,2536
2611.0,6425,0,3,2,11.225943519984295,12.341634241245137,554.717240112791,2332
2612.0,6425,0,1,1,11.31078322244855,11.531517509727626,555.243258541687,2171
2613.0,6425,0,2,2,11.429519955968722,10.886848249027237,555.7003953444865,2054
2614.0,6424,0,1,2,11.557089311418244,10.313667496886675,556.1580415021728,1971
2615.0,6424,0,3,3,11.695271931929543,9.821606475716065,556.4783358111696,1888
2616.0,6425,0,1,0,11.832676397552822,9.482178988326849,556.8934948033844,1832
2617.0,6426,0,4,3,11.972450720386126,9.197945845004668,557.1927884148307,1782
2618.0,6426,0,2,2,12.090044337961434,8.92670401493931,557.6214001358344,1741
2619.0,6425,0,2,3,12.200181238838587,8.729805447470817,558.1146636950841,1721
2620.0,6425,0,3,3,12.298234806432795,8.580856031128405,558.4388750881808,1708
2621.0,6428,0,5,2,12.386392801236253,8.454418170504045,558.4846882117827,1699
2622.0,6429,0,4,3,12.44143772871058,8.307668377663711,558.5862104102664,1682
2623.0,6429,0,2,2,12.492620573095982,8.175766060040441,558.9515139454566,1679
2624.0,6433,0,6,2,12.545146285286123,8.020674646354733,558.9730823144587,1671
2625.0,6434,0,4,3,12.584100786980756,7.863848305875039,559.2507243885665,1646
2626.0,6435,0,4,3,12.61563866833275,7.732090132090132,559.5713269389676,1642
2627.0,6436,0,7,6,12.65112833072646,7.599129894344313,559.6021115389706,1619
2628.0,6435,0,1,2,12.662761751025153,7.4579642579642575,560.0816185644701,1604
2629.0,6433,0,2,4,12.661996830495518,7.3688792165397174,560.4375975570667,1594
2630.0,6433,0,2,2,12.63838251499947,7.256179076636095,560.7680189400808,1577
2631.0,6434,0,2,1,12.634448656626406,7.165993161330432,561.1109522674642,1585
2632.0,6436,0,2,0,12.615495582517688,7.128806712243629,561.383991274693,1576
2633.0,6439,0,4,1,12.622337621927036,7.039913029973598,561.4529442180412,1592
2634.0,6442,0,3,0,12.618949043915434,6.937597019559143,561.6386383788517,1588
2635.0,6444,0,3,1,12.60809119194353,6.856300434512725,561.7732686555437,1590
2636.0,6446,0,3,1,12.604186838572492,6.7815699658703075,561.8545487361648,1599
2637.0,6444,0,1,3,12.577686335250544,6.738981998758535,562.450333278212,1610
2638.0,6445,0,1,0,12.56039535672383,6.673390224980605,562.8131850042266,1620
2639.0,6445,0,2,2,12.539774710754383,6.626842513576416,563.1277707661824,1614
2640.0,6445,0,1,1,12.513764068125159,6.569743987587277,563.459577999981,1622
2641.0,6446,0,2,1,12.487673334681036,6.50372323921812,563.7966758450057,1624
2642.0,6444,0,2,4,12.47089671665851,6.432805710738672,564.040251109133,1623
2643.0,6445,0,3,2,12.449708045040241,6.400155159038014,564.2642427572428,1617
2644.0,6446,0,3,2,12.434488016182094,6.386130933912504,564.3239944961266,1639
2645.0,6447,0,3,2,12.424213130244368,6.380642159143788,564.6102365821326,1647
2646.0,6448,0,2,1,12.405070059351337,6.4024503722084365,564.8595873299166,1658
2647.0,6451,0,4,1,12.39003454129375,6.373120446442412,565.0312265915214,1659
2648.0,6452,0,4,3,12.359955677621153,6.403440793552387,565.0759238037303,1671
2649.0,6456,0,5,1,12.342359847392546,6.435563816604708,565.0058734439181,1688
2650.0,6457,0,2,1,12.311533367559164,6.464766919622115,565.3725236032062,1719
2651.0,6458,0,3,2,12.272688593172603,6.4913285847011455,565.478243994826,1735
2652.0,6462,0,5,1,12.230104424372739,6.482977406375735,565.5101200355496,1738
2653.0,6462,0,2,2,12.188232262786952,6.528628907458991,565.8059244864662,1765
2654.0,6463,0,5,4,12.135351429616334,6.601887668265511,565.6935008133119,1788
2655.0,6465,0,3,1,12.10489548697052,6.660170146945089,565.9640351903868,1813
2656.0,6468,0,4,1,12.069657197591217,6.645949288806432,566.0106138657061,1821
2657.0,6464,0,0,4,12.016521315797945,6.671875,566.4682289717738,1833
2658.0,6468,0,5,1,11.987156319312236,6.742888064316635,566.4761214278248,1843
2659.0,6467,0,4,5,11.951215721444061,6.836245554352868,566.4517166210283,1867
2660.0,6468,0,5,4,11.901405032894539,6.9145021645021645,566.6036431676523,1883
2661.0,6471,0,3,0,11.873944920369711,6.991655076495132,566.8341802503925,1904
2662.0,6472,0,3,2,11.848852067952038,7.0720024721878865,566.9365138691272,1928
2663.0,6476,0,5,1,11.824585685892776,7.130790611488573,567.0480082029654,1950
2664.0,6478,0,4,2,11.811160320534537,7.228156838530411,567.1184207281507,1976
2665.0,6478,0,1,1,11.791866800824502,7.366316764433467,567.402755244416,1997
2666.0,6485,0,7,0,11.772853959288224,7.4886661526599845,567.2924710122645,2022
2667.0,6487,0,3,1,11.744774492467965,7.628641899182981,567.5475623537257,2064
2668.0,6488,0,3,2,11.719701944183774,7.8034833538840935,567.7407128220048,2084
2669.0,6492,0,5,1,11.69265054568548,7.997689463955638,567.880778169909,2115
2670.0,6494,0,4,2,11.656107079820556,8.201724668925161,568.1816821462215,2147
2671.0,6494,0,2,2,11.62179509141549,8.351863258392362,568.6664228649963,2174
2672.0,6494,0,3,3,11.582204561794784,8.501231906375116,569.0185273230442,2200
2673.0,6497,0,4,1,11.549461094825034,8.595197783592427,569.2593380933013,2215
2674.0,6498,0,3,2,11.523701849824924,8.693598030163127,569.6241175918088,2219
2675.0,6498,0,3,3,11.483316168464967,8.831794398276394,570.1197490431183,2243
2676.0,6503,0,5,0,11.460057149131051,8.938797478087038,570.2035914551246,2259
2677.0,6502,0,2,3,11.430131639023704,9.071055059981544,570.755170766324,2269
2678.0,6505,0,4,1,11.388738945433701,9.230745580322829,570.9875788355946,2291
2679.0,6502,0,2,5,11.33148940657354,9.391725622885266,571.3592934023634,2322
2680.0,6502,0,3,3,11.291414483641946,9.541525684404798,571.6957450569272,2335
2681.0,6506,0,6,2,11.247122250783242,9.723639717184138,571.8712022694413,2357
2682.0,6507,0,2,1,11.211185430467784,9.898417089288458,572.2916303975978,2383
2683.0,6510,0,4,1,11.18938586775993,10.062519201228879,572.4161437295296,2396
2684.0,6513,0,3,0,11.160353862321578,10.267465069860279,572.6931992224663,2408
2685.0,6514,0,5,4,11.123688237509697,10.480657046361683,572.7720922956853,2427
2686.0,6517,0,3,0,11.09622683093155,10.68313641245972,573.0537251346982,2443
2687.0,6519,0,4,2,11.089053491085597,10.856879889553612,573.111255332393,2456
2688.0,6519,0,1,1,11.06639239117074,11.028838778953828,573.6333949729748,2469
2689.0,6522,0,4,1,11.059073336526165,11.206378411530206,573.7839406093657,2487
2690.0,6525,0,4,1,11.049664728706265,11.415938697318008,573.9104739651241,2502
2691.0,6529,0,5,1,11.053686121477208,11.581406034614796,574.091429233056,2525
2692.0,6533,0,6,2,11.049210742463062,11.771008724934946,574.1721437709216,2530
2693.0,6536,0,4,1,11.031547427653555,11.980569155446757,574.4410124654177,2549
2694.0,6539,0,5,2,11.006443858373872,12.104450221746445,574.5996227033341,2539
2695.0,6540,0,3,2,10.996050491620355,12.28532110091743,575.0472166223144,2545
2696.0,6541,0,1,0,10.996475255698765,12.506038831982877,575.5111662045534,2552
2697.0,6542,0,2,1,10.978917473561092,12.693213084683583,575.8109958346499,2552
2698.0,6540,0,2,4,10.97872496256965,12.936238532110092,576.2854205819042,2568
2699.0,6542,0,4,2,10.939793146514335,13.172882910424946,576.6146747484082,2578
2700.0,6541,0,3,4,10.9125998321776,13.410793456658004,576.9095664238528,2584
2701.0,6544,0,4,1,10.967026970861733,12.391503667481663,577.0802302472321,2387
2702.0,6544,0,5,5,11.053044153840284,11.652200488997556,577.3425804074051,2246
2703.0,6546,0,3,1,11.170190935768197,11.11044912923923,577.6816033577788,2145
2704.0,6547,0,1,0,11.313154819695805,10.639071330380327,578.1220523685386,2050
2705.0,6551,0,4,0,11.464337667117034,10.266371546328804,578.287893736877,1984
2706.0,6555,0,4,0,11.628694955993693,9.946758199847444,578.4439182547735,1918
2707.0,6562,0,7,0,11.783096056613253,9.695519658640658,578.3254269218178,1856
2708.0,6565,0,4,1,11.924557992815775,9.468088347296268,578.541614288094,1810
2709.0,6568,0,5,2,12.024666498919304,9.258830694275273,578.7479560899333,1759
2710.0,6571,0,4,1,12.108614230919903,9.071222036219753,578.9557805468859,1715
2711.0,6572,0,3,2,12.166207854370288,8.877814972611077,579.2182663092924,1690
2712.0,6573,0,3,2,12.222279348937905,8.788833105127035,579.4520596541712,1675
2713.0,6576,0,3,0,12.291490905007416,8.712895377128953,579.6532682587476,1663
2714.0,6577,0,1,0,12.334230463452718,8.604074806142618,580.0277636872011,1651
2715.0,6577,0,2,2,12.37138846318248,8.53002888855101,580.4461144850047,1648
2716.0,6580,0,4,1,12.412501511347633,8.537537993920973,580.6180505994191,1645
2717.0,6582,0,4,2,12.437363512383673,8.47553934974172,580.6492129595918,1648
2718.0,6583,0,3,2,12.467159833432145,8.40908400425338,580.9725443730257,1643
2719.0,6582,0,0,1,12.480950210238467,8.313886356730476,581.4738985843518,1631
2720.0,6584,0,2,0,12.498285501656097,8.241038882138518,581.7499201265119,1635
2721.0,6588,0,4,0,12.492839917079833,8.173800850030359,581.84979524249,1640
2722.0,6588,0,2,2,12.469862234437443,8.137978142076502,582.2571344181422,1641
2723.0,6591,0,5,2,12.4692578757753,8.098467607343347,582.3114226959958,1652
2724.0,6589,0,1,3,12.457288036919323,8.028532402488997,582.6897902205918,1638
2725.0,6592,0,4,1,12.44477152562069,7.953276699029126,582.7495470111636,1635
2726.0,6594,0,2,0,12.441236543491671,7.893236275401881,583.0281487220432,1639
2727.0,6595,0,2,1,12.43479065873375,7.912357846853677,583.3905367052101,1649
2728.0,6598,0,5,2,12.420641332166952,7.893301000303122,583.5692554325728,1652
2729.0,6598,0,1,1,12.411752104295381,7.848438920885116,584.0172407712324,1657
2730.0,6599,0,2,1,12.392903828619179,7.849068040612214,584.2645786022699,1671
2731.0,6601,0,2,0,12.367252595251557,7.855476442963187,584.5479098046112,1681
2732.0,6602,0,3,2,12.341141122446272,7.912753710996667,584.7843643733248,1716
2733.0,6602,0,1,1,12.302398614876926,7.913813995758861,585.1155311179454,1716
2734.0,6600,0,1,3,12.275793309127627,7.943636363636363,585.514931653848,1747
2735.0,6599,0,3,4,12.233597950276602,7.942263979390817,585.931661562304,1751
2736.0,6601,0,4,2,12.213309555003258,8.003029843963036,586.0928535769885,1778
2737.0,6604,0,4,1,12.196833701249817,7.98167777104785,586.1656309292633,1767
2738.0,6605,0,2,1,12.172533974018261,7.998788796366389,586.5464265805873,1771
2739.0,6607,0,4,2,12.136804285411788,8.022854548206448,586.7208704285651,1789
2740.0,6605,0,2,4,12.09075495091163,8.108251324753974,586.8679629661247,1809
2741.0,6608,0,4,1,12.060261366161876,8.190980629539952,587.0613170011426,1817
2742.0,6605,0,1,4,11.999636821644287,8.292051476154429,587.6810213965537,1845
2743.0,6605,0,3,3,11.95061057667089,8.400605601816805,588.0421135768066,1861
2744.0,6606,0,3,2,11.892989674643836,8.483045716015743,588.2134770004745,1885
2745.0,6608,0,3,1,11.842495146139507,8.503480629539952,588.4098496758078,1904
2746.0,6608,0,2,2,11.783989040937238,8.561440677966102,588.8742935598007,1919
2747.0,6610,0,4,2,11.739307364602677,8.607110438729197,589.1813629795702,1917
2748.0,6613,0,6,3,11.70374491466781,8.697414184182671,589.0313431901594,1938
2749.0,6611,0,1,3,11.657288384274095,8.785509000151263,589.3962891722246,1956
2750.0,6611,0,4,4,11.610885510068856,8.905460595976402,589.6497540854233,1999
2751.0,6612,0,3,2,11.561207045523467,9.026315789473685,589.7612592763993,2011
2752.0,6614,0,3,1,11.51973852552059,9.108255216208043,590.0856590564507,2062
2753.0,6619,0,6,1,11.487234434828164,9.22269224958453,590.0284110310236,2096
2754.0,6621,0,4,2,11.460476084126169,9.327896088204199,590.1633677948453,2120
2755.0,6621,0,2,2,11.42938132807181,9.441020993807582,590.4830123552299,2131
2756.0,6624,0,5,2,11.40214895680133,9.639190821256038,590.701481107598,2167
2757.0,6628,0,5,1,11.391449497426034,9.836753168376584,590.8394125716169,2201
2758.0,6626,0,1,3,11.355281022707453,10.01011168125566,591.2209362374541,2230
2759.0,6628,0,3,1,11.329812772027237,10.150573325286663,591.5219861426275,2252
2760.0,6631,0,6,3,11.304926358591272,10.347760518775448,591.6818497288065,2286
2761.0,6629,0,1,3,11.270205154255724,10.52028963644592,592.154638672426,2317
2762.0,6633,0,6,2,11.247710206067524,10.69365294738429,592.1137439215269,2322
2763.0,6633,0,2,2,11.219520444981754,10.816221920699533,592.4574485960466,2346
2764.0,6631,0,1,3,11.193247741231314,10.952043432363142,592.7335334406689,2352
2765.0,6635,0,4,0,11.168233850264599,11.14318010550113,592.9154382953933,2374
2766.0,6633,0,2,4,11.135033066454463,11.308156188753204,593.1147597376239,2402
2767.0,6630,0,1,4,11.072691807694666,11.459276018099548,593.8292246428567,2414
2768.0,6635,0,5,0,11.045114099854777,11.635116804822909,593.9294594329593,2435
2769.0,6637,0,4,2,11.019458071574157,11.801717643513635,594.1698118859799,2447
2770.0,6637,0,1,1,10.991736216946798,12.025613982220882,594.5989736979385,2483
2771.0,6639,0,3,1,10.972712166924927,12.251995782497364,594.9533092494464,2504
2772.0,6643,0,4,0,10.963678967157163,12.432635857293391,595.1489916374431,2526
2773.0,6648,0,6,1,10.957757804832342,12.59265944645006,595.2281580708146,2533
2774.0,6648,0,1,1,10.923456345890436,12.74413357400722,595.7731414159035,2547
2775.0,6651,0,5,2,10.895905104924175,12.93715230792362,595.8973106255336,2570
2776.0,6650,0,2,3,10.871158406165803,13.155037593984963,596.5268903722252,2591
2777.0,6652,0,3,1,10.836910136649752,13.369813589897776,596.8052954710373,2613
2778.0,6652,0,4,4,10.800018464334142,13.594407696933253,597.0889421199278,2624
2779.0,6650,0,1,3,10.76382869632905,13.838646616541354,597.7186369054451,2638
2780.0,6652,0,3,1,10.743347663452905,14.09365604329525,598.1040008651023,2662
2781.0,6653,0,3,2,10.716653904329565,14.289944385991282,598.316323367401,2683
2782.0,6653,0,1,1,10.695333639587403,14.528333082819781,598.8669279830922,2698
2783.0,6650,0,0,3,10.653864194580933,14.784210526315789,599.5836921297938,2711
2784.0,6651,0,3,2,10.621945532390924,15.023906179521877,599.9166266646394,2730
2785.0,6653,0,2,0,10.603962996210694,15.290545618517962,600.3116269621843,2752
2786.0,6654,0,4,3,10.57635583362541,15.544183949504058,600.6236995139315,2774
2787.0,6654,0,1,1,10.541944459716758,15.807634505560564,601.0538760836837,2799
2788.0,6655,0,3,2,10.50225540054318,16.083245679939896,601.4670837055372,2794
2789.0,6658,0,5,2,10.471532657262768,16.35551216581556,601.5376141265523,2814
2790.0,6657,0,3,4,10.416003395013318,16.691753041910772,601.9390764002212,2842
2791.0,6657,0,2,2,10.461549163239098,15.554003304791948,602.2890680968578,2629
2792.0,6661,0,5,1,10.567251297282313,14.72361507281189,602.4967135136857,2463
2793.0,6661,0,3,3,10.677749475793965,14.138417655006755,602.699556889329,2331
2794.0,6660,0,2,3,10.804737324163376,13.616966966966967,603.0348552978446,2239
2795.0,6659,0,1,2,10.951334610218973,13.21414626820844,603.6348090455418,2165
2796.0,6661,0,5,3,11.097173201510971,12.933343341840564,603.8579539416559,2087
2797.0,6661,0,2,2,11.232825473613069,12.708001801531301,604.1749735093963,2052
2798.0,6661,0,2,2,11.354085380928547,12.433268278036332,604.6405570422966,2008
2799.0,6666,0,5,0,11.449642166872675,12.310831083108312,604.6993480923957,2006
2800.0,6667,0,2,1,11.526054786059818,12.125093745312734,605.0651060543455,1969
2801.0,6669,0,4,2,11.604903439732652,12.003448792922477,605.3130137589575,1948
2802.0,6670,0,1,0,11.658350409271403,11.875262368815592,605.7200764971587,1920
2803.0,6669,0,1,2,11.696573469076446,11.790073474284,606.1742000918575,1915
2804.0,6670,1235,2,1,11.746353977075808,11.618740629685158,606.5597710334147,1915
2805.0,6673,0,3,0,11.791246898087895,11.496478345571706,606.7758370284424,1908
2806.0,6674,0,3,2,11.82016931605734,11.399310758166017,606.9176754289423,1902
2807.0,6676,0,2,0,11.85187031486608,11.346165368484122,607.2208737227538,1903
2808.0,6681,0,5,0,11.859794921106955,11.237988325101032,607.2507996462183,1902
2809.0,6685,0,4,0,11.872584571081674,11.172625280478684,607.3718595352545,1888
2810.0,6690,0,6,1,11.890744031493028,11.117339312406576,607.3978513625985,1900
2811.0,6693,0,3,0,11.899375920845126,11.012849245480353,607.6093046917945,1884
2812.0,6694,0,2,1,11.907786401725165,11.0,607.999698020615,1893
2813.0,6695,0,2,1,11.901705221608577,10.98386855862584,608.282547785879,1905
2814.0,6697,0,3,1,11.904191265203316,10.852919217560101,608.354605044775,1899
2815.0,6699,0,4,2,11.905624009356082,10.761009105836692,608.6161667586085,1890
2816.0,6700,0,3,2,11.913019275791992,10.628208955223881,608.9079805930422,1886
2817.0,6701,0,4,3,11.902163909673893,10.583345769288165,609.1420751740063,1892
2818.0,6705,0,6,2,11.902345293172367,10.560775540641313,609.1265821990374,1904
2819.0,6707,0,4,2,11.888593925944173,10.507231250931863,609.4062272129644,1919
2820.0,6708,0,1,0,11.850713697424215,10.363744782349434,609.8037753429267,1908
2821.0,6707,0,2,3,11.813381030926859,10.330251975547935,610.3441397262004,1913
2822.0,6706,0,2,3,11.773674302122059,10.346704443781688,610.628595984302,1928
2823.0,6709,0,6,3,11.762971460673187,10.329855418095097,610.766360502046,1934
2824.0,6712,0,3,0,11.73676384209467,10.28337306317044,610.9887188372235,1941
2825.0,6714,0,5,3,11.720338869682221,10.269139112302652,611.0664131889913,1953
2826.0,6715,0,3,2,11.68826546956922,10.309903201787044,611.2318676275517,1984
2827.0,6715,0,4,4,11.672130457247869,10.297096053611318,611.6516956827494,2003
2828.0,6716,0,4,3,11.63614061077168,10.293627159023227,611.9721047829404,2026
2829.0,6719,0,4,1,11.60511178344099,10.322964726893883,612.0940447742211,2039
2830.0,6719,0,4,4,11.56754658524008,10.382199732102992,612.4486391316492,2064
2831.0,6719,0,1,1,11.537039859475378,10.398273552611997,612.946968962805,2064
2832.0,6720,0,3,2,11.495541163742374,10.362053571428572,613.2011896993549,2088
2833.0,6723,0,3,0,11.443881277563726,10.423769150676781,613.4406492420401,2121
2834.0,6723,0,4,4,11.40126607131527,10.490852298081213,613.8281903617657,2155
2835.0,6726,0,4,1,11.360921320424433,10.58861135890574,614.0721084790345,2173
2836.0,6725,0,3,4,11.31899009249812,10.566542750929369,614.5066888309779,2186
2837.0,6724,0,1,2,11.274223739006299,10.600684116597263,614.9014713541319,2213
2838.0,6728,0,5,1,11.238063875154001,10.624405469678953,614.938823757926,2239
2839.0,6731,0,4,1,11.213359611159136,10.665428613876095,614.9134387683059,2258
2840.0,6730,0,2,3,11.181055827608724,10.726002971768201,615.3996180913372,2302
2841.0,6729,0,2,3,11.163771732722456,10.772477336899986,615.7706398763195,2328
2842.0,6730,0,4,3,11.15689777379401,10.856463595839525,616.0729879062585,2352
2843.0,6733,0,3,0,11.124060931875276,10.98470221298084,616.3340080060296,2379
2844.0,6731,0,2,4,11.112318155963067,11.111870450155994,616.6134991780673,2407
2845.0,6736,0,7,2,11.092300284001656,11.133461995249407,616.4039745639781,2407
2846.0,6740,0,5,1,11.088864811371158,11.212759643916915,616.3757708936823,2428
2847.0,6736,0,0,4,11.060548782213957,11.36208432304038,616.6872170767308,2452
2848.0,6734,0,1,3,11.032157754972118,11.479655479655479,617.2390916963692,2468
2849.0,6734,0,2,2,11.00431418494985,11.621918621918622,617.5543030680685,2490
2850.0,6736,0,4,2,10.981124565371243,11.767072446555819,617.8849868366957,2515
2851.0,6739,0,5,2,10.97166998385983,11.831280605431074,618.1468020995887,2519
2852.0,6739,0,2,2,10.94866854140489,11.95919275856952,618.4991724632929,2537
2853.0,6740,0,3,2,10.928116471757209,12.137091988130564,618.8388503800716,2556
2854.0,6741,0,2,1,10.913017536621577,12.321317311971518,619.1497579472295,2585
2855.0,6739,0,2,4,10.8890760793939,12.5140228520552,619.7624081909303,2608
2856.0,6739,0,3,3,10.871736563696363,12.666716129989613,620.166406936907,2624
2857.0,6739,0,2,2,10.861326875705005,12.81584804867191,620.6089724067951,2633
2858.0,6740,0,3,2,10.833070904330553,12.95593471810089,620.7958929743468,2636
2859.0,6740,0,4,4,10.814913599288586,13.119287833827894,620.8642219731063,2655
2860.0,6745,0,5,0,10.80230923229713,13.345144551519644,620.9602874641677,2677
2861.0,6747,0,2,0,10.784598115527995,13.547799021787462,621.33479391342,2686
2862.0,6750,0,3,0,10.782866484065043,13.669185185185185,621.6171261788288,2690
2863.0,6750,0,3,3,10.76854097351006,13.852592592592593,621.9929184721764,2718
2864.0,6754,0,4,0,10.763706659280604,14.043677820550785,622.1868746140343,2725
2865.0,6754,0,1,1,10.760008280173926,14.14021320698845,622.5580236902414,2737
2866.0,6754,0,2,2,10.754603926374376,14.261770802487415,622.9276835044013,2748
2867.0,6759,0,6,1,10.747549644700117,14.399319425950585,622.7771187078772,2762
2868.0,6764,0,5,0,10.752436705459225,14.488468361916025,622.8814006526884,2769
2869.0,6766,0,2,0,10.74682255698686,14.683121489801952,623.2619980567582,2777
2870.0,6767,0,3,2,10.73613256729704,14.871287128712872,623.6214968066296,2783
2871.0,6771,0,5,1,10.73022066202306,15.086840939299956,623.6810415574712,2803
2872.0,6771,0,2,2,10.720123961803584,15.28178998670802,623.9434069555116,2792
2873.0,6772,0,2,1,10.701105723219394,15.471352628470171,624.3721448351465,2812
2874.0,6772,0,1,1,10.686997588214169,15.645747194329592,624.9314232394313,2804
2875.0,6773,0,5,4,10.660514495005193,15.869481765834934,624.9528297819273,2833
2876.0,6774,0,1,0,10.63662098213818,16.125184529081782,625.4341912343305,2840
2877.0,6775,0,3,2,10.628723496157257,16.34848708487085,625.702902846885,2866
2878.0,6776,0,1,0,10.600418398108395,16.56582054309327,626.1870954243723,2878
2879.0,6779,0,5,2,10.58656132165272,16.83404631951615,626.2837754503802,2885
2880.0,6780,0,2,1,10.56107718703302,17.07905604719764,626.6055058053104,2905
2881.0,6782,0,3,1,10.597427066919797,15.998378059569449,626.9952928171647,2710
2882.0,6784,0,5,3,10.665794859918481,15.222435141509434,627.1176514157719,2566
2883.0,6786,0,4,2,10.76866205949461,14.613026819923371,627.1811315843603,2446
2884.0,6788,0,2,0,10.886140323310638,14.150117855038303,627.5537125312068,2364
2885.0,6789,0,2,1,11.02145175868521,13.720430107526882,627.8551951631158,2275
2886.0,6788,0,2,3,11.15089868984008,13.376546847377725,628.4375919066526,2192
2887.0,6790,0,3,1,11.278362114114673,13.08541973490427,628.6310788548254,2163
2888.0,6790,0,3,3,11.375506044663439,12.902650957290133,628.9532286179373,2125
2889.0,6790,0,3,3,11.460394805360535,12.716789396170839,629.2614302523255,2100
2890.0,6791,0,4,3,11.516498554645802,12.55735532322191,629.4999779070462,2064
2891.0,6792,0,2,1,11.586994380573447,12.484982332155477,629.8063112926039,2057
2892.0,6794,0,3,1,11.636184055551892,12.381660288489844,629.9611872691595,2038
2893.0,6795,0,3,2,11.688859440635104,12.33598233995585,630.1482678797432,2040
2894.0,6796,0,4,3,11.730009650878307,12.219540906415538,630.2623410416716,2022
2895.0,6798,0,6,4,11.785367081017162,12.11253309796999,630.256587676771,2000
2896.0,6798,0,3,3,11.809282982559726,12.01323918799647,630.4338482592758,1983
2897.0,6799,0,2,1,11.825270541208617,11.869539638182086,630.6979306686798,1953
2898.0,6798,0,0,1,11.839803035212686,11.814945572227126,631.1968620769381,1945
2899.0,6797,0,3,4,11.836421717306685,11.789171693394145,631.5182809672903,1944
2900.0,6798,0,3,2,11.83421437112815,11.766696087084437,631.7530603316976,1941
2901.0,6795,0,1,3,11.849940540584534,11.640618101545254,632.0721302782636,1931
2902.0,6796,0,3,2,11.858521345454628,11.498381400824014,632.4396431093433,1911
2903.0,6795,0,2,3,11.869382097253267,11.318616629874908,632.714681027071,1904
2904.0,6797,0,3,1,11.87468284012475,11.156833897307635,632.9341234210932,1891
2905.0,6799,0,4,2,11.89204755414188,10.924253566700985,633.0812734452953,1892
2906.0,6798,0,0,1,11.887352700643708,10.825536922624302,633.5353134365636,1892
2907.0,6797,0,0,2,11.873219324068543,10.73679564513756,634.250517362838,1912
2908.0,6798,0,3,2,11.876323539488263,10.667696381288614,634.4991289028748,1903
2909.0,6799,0,3,2,11.868013306134568,10.550080894249154,634.7442706741183,1916
2910.0,6800,0,2,1,11.856417864751517,10.43235294117647,634.9952579547446,1903
2911.0,6799,0,1,2,11.842496127771009,10.38358582144433,635.3512788170257,1904
2912.0,6799,0,2,2,11.826819998805924,10.304309457273128,635.6522333931566,1903
2913.0,6802,0,3,0,11.808898281199133,10.297853572478683,635.8682706370088,1927
2914.0,6799,0,1,4,11.789171971755874,10.27695249301368,636.3954079812039,1928
2915.0,6802,0,4,1,11.782836598071322,10.214642752131725,636.600595531988,1935
2916.0,6806,0,6,2,11.780304568746772,10.164707610931531,636.5953878749332,1925
2917.0,6808,0,3,1,11.756657934526343,10.105170387779083,636.7706972496471,1944
2918.0,6806,0,2,4,11.72235181213431,10.112253893623274,637.3410272199967,1961
2919.0,6804,0,1,3,11.69441880018094,10.020723104056437,637.6941276335767,1968
2920.0,6807,0,4,1,11.675221399263192,9.993976788599971,637.7960336682063,1987
2921.0,6809,0,4,2,11.640611090296247,9.94654134234102,637.8637865627647,1996
2922.0,6809,0,3,3,11.606162279353319,9.935967102364518,638.3376546033442,2019
2923.0,6807,0,2,4,11.560498731766844,9.938004994858234,638.617043293354,2028
2924.0,6809,0,5,3,11.523649694047853,9.93112057570862,638.6471889893808,2041
2925.0,6808,0,3,4,11.489753823676123,9.970035252643948,639.0436013492164,2070
2926.0,6805,0,1,4,11.449583808375147,9.898016164584863,639.3079444779902,2067
2927.0,6803,0,1,3,11.405825395859168,9.809054828752021,639.848019742065,2082
2928.0,6803,0,1,1,11.371298147333675,9.81170072027047,640.2977646774292,2109
2929.0,6801,0,1,3,11.338808454904076,9.825760917512131,640.9078856706126,2117
2930.0,6799,0,2,4,11.309797266951648,9.856449477864391,641.2447025809084,2151
2931.0,6797,0,3,5,11.282122829995247,9.867000147123731,641.5893329186878,2187
2932.0,6797,0,4,4,11.265523396461797,9.9284978667059,641.691040177301,2208
2933.0,6799,0,4,2,11.23974625309083,9.969701426680395,641.9112879276263,2250
2934.0,6804,0,8,3,11.229848091202273,9.992063492063492,641.7901179577053,2261
2935.0,6802,0,2,4,11.199591106721511,10.051455454278154,641.9884565735443,2277
2936.0,6803,0,3,2,11.169395802620992,10.123327943554314,642.3306035744781,2289
2937.0,6801,0,4,6,11.134646661666881,10.157770916041759,642.461513784453,2312
2938.0,6804,0,5,2,11.110170019746977,10.248677248677248,642.5292511664602,2344
2939.0,6807,0,5,2,11.083191362808982,10.270016159835464,642.699120956094,2379
2940.0,6808,0,3,2,11.064483426234288,10.350910693301998,643.1412620595274,2399
2941.0,6808,0,3,3,11.025924957014462,10.512925969447709,643.5136607356227,2412
2942.0,6812,0,6,2,10.988277829666997,10.636376981796829,643.6689585065942,2448
2943.0,6817,0,5,0,10.96334918671208,10.727739474842306,643.7473968036214,2472
2944.0,6816,0,3,4,10.93189066134276,10.832159624413146,644.1851011961792,2507
2945.0,6819,0,6,3,10.92034056284681,10.908344332013492,644.2760492337769,2521
2946.0,6824,0,8,3,10.916688783963178,10.993698710433764,644.0476465171664,2550
2947.0,6828,0,6,2,10.917470793267425,11.060486233157587,643.8230948093915,2569
2948.0,6830,0,6,4,10.912958574584424,11.228550512445095,643.9208153795009,2594
2949.0,6835,0,6,1,10.902674288633975,11.358888076079005,644.002343893653,2613
2950.0,6837,0,3,1,10.877351453310629,11.535176246891911,644.1221606622747,2651
2951.0,6839,0,2,0,10.849588687220603,11.687381196081299,644.4946890844302,2652
2952.0,6843,0,5,1,10.824659910727823,11.856495689025282,644.6751923645315,2676
2953.0,6846,0,5,2,10.809125987328017,12.06587788489629,644.8205734556393,2688
2954.0,6847,0,4,3,10.790226728742839,12.23002774937929,644.9948119557191,2708
2955.0,6842,0,0,5,10.76352067949913,12.42794504530839,645.7502091002198,2740
2956.0,6848,0,7,1,10.778247208954584,12.60572429906542,645.7329886989264,2736
2957.0,6850,0,3,1,10.7804618529796,12.745985401459855,645.9236946777877,2752
2958.0,6855,0,7,2,10.780650462737416,12.924288840262582,645.6600310571494,2783
2959.0,6860,0,6,1,10.788948382929139,13.117492711370263,645.5590274870455,2807
2960.0,6862,0,5,3,10.78571605822563,13.32774701253279,645.5068972472428,2830
2961.0,6867,0,6,1,10.77710596465679,13.528760739769915,645.4767523195133,2851
2962.0,6869,0,4,2,10.777344024715056,13.737370796331344,645.8465647603866,2852
2963.0,6869,0,5,5,10.761804220435653,13.962439947590624,645.9793354364269,2879
2964.0,6873,0,4,0,10.763102763893762,14.114942528735632,646.1765847552624,2878
2965.0,6875,0,3,1,10.756203596066756,14.296436363636364,646.5507483371756,2899
2966.0,6875,0,1,1,10.745632456734223,14.497454545454545,647.1038213192255,2903
2967.0,6876,0,2,1,10.742585337923988,14.72978475858057,647.5822398779947,2920
2968.0,6877,0,3,2,10.724861768860382,15.005380253017304,647.7347275521913,2951
2969.0,6880,0,5,2,10.714101238773964,15.253633720930232,647.8391623325394,2971
2970.0,6880,0,2,2,10.695306090878452,15.51046511627907,647.9990946192183,2992
2971.0,6883,0,4,1,10.71405473391019,14.491210228098213,648.1152719186607,2790
2972.0,6882,0,2,3,10.77634835064185,13.74135425748329,648.465804249371,2628
2973.0,6877,0,1,6,10.859205973555191,13.212592700305366,649.0190497609946,2509
2974.0,6879,0,4,2,10.964158551756771,12.75505160633813,649.265497354389,2412
2975.0,6879,0,2,2,11.062431646461995,12.341619421427533,649.6866991372495,2320
2976.0,6877,0,2,4,11.181505888659927,12.045077795550386,649.8618360588101,2244
2977.0,6879,0,3,1,11.318445978992472,11.749382177642099,650.1103416231709,2195
2978.0,6879,0,0,0,11.440171802772852,11.469108882104956,650.6332357234558,2147
2979.0,6881,0,3,1,11.547108661716733,11.290946083418108,650.8131794986753,2110
2980.0,6882,0,2,1,11.63244523127702,11.177709968032548,651.0950649147056,2084
2981.0,6881,0,2,3,11.720449231278158,11.058712396454004,651.5593220814202,2074
2982.0,6880,0,0,1,11.795296435589183,10.953924418604652,652.0371965102739,2048
2983.0,6880,0,3,3,11.873481907392287,10.819040697674419,652.1687477599042,2029
2984.0,6884,0,5,1,11.92543961811001,10.685938407902382,652.0864216940986,2017
2985.0,6888,0,6,2,11.973614591666296,10.546893147502903,651.959097286452,1985
2986.0,6887,0,1,2,12.00968952376711,10.52562799477276,652.3262261303107,1988
2987.0,6888,0,1,0,12.02860601940019,10.460511033681765,652.7180974237992,1982
2988.0,6888,0,2,2,12.045342444711524,10.367305458768874,652.97357523186,1958
2989.0,6890,0,2,0,12.0635173830018,10.272423802612481,653.2684198361677,1943
2990.0,6890,0,2,2,12.07181525454381,10.218142235123366,653.644626018849,1946
2991.0,6889,0,1,2,12.08589810932917,10.146320220641602,654.2020436772983,1939
2992.0,6891,0,4,2,12.097211124067735,10.096647801480191,654.242950991585,1914
2993.0,6891,0,3,3,12.093388897156927,10.057466260339574,654.5474332703102,1906
2994.0,6890,0,1,2,12.087204867023756,10.023802612481857,654.8265786913098,1915
2995.0,6891,0,1,0,12.08185436304635,9.977216659410825,655.2130972923599,1909
2996.0,6892,0,1,0,12.070104066697084,9.893644805571677,655.6002906448925,1912
2997.0,6894,0,3,1,12.06423487061961,9.779518421816071,655.6706312343193,1898
2998.0,6898,0,6,2,12.068567444212784,9.704841983183531,655.5245825580691,1897
2999.0,6898,0,1,1,12.058764869725747,9.561902000579877,655.8021122504765,1899
3000.0,6903,0,7,2,12.066536158473822,9.503983775170216,655.6283917902986,1894
3001.0,6907,0,4,0,12.054492595272995,9.39134211669321,655.7342485337194,1908
3002.0,6908,0,4,3,12.03819721906241,9.418500289519399,656.1039050836537,1931
3003.0,6909,0,3,2,12.01808371168478,9.3997684180055,656.3825269326366,1936
3004.0,6915,1177,7,1,12.013880396463234,9.380043383947939,656.1227138235934,1953
3005.0,6916,0,2,1,11.992984682238824,9.338924233661075,656.4103885932469,1943
3006.0,6918,0,3,1,11.978434529210162,9.344897369181844,656.6780755434514,1943
3007.0,6918,0,1,1,11.961976223127872,9.28866724486846,657.0317267127954,1961
3008.0,6918,0,1,1,11.93069747891834,9.216825672159583,657.4720203230548,1959
3009.0,6918,0,1,1,11.9187588563862,9.25021682567216,657.828572923335,1963
3010.0,6917,0,1,2,11.88893974023426,9.238109006794854,658.414135950213,1972
3011.0,6921,0,4,0,11.850203315896277,9.242739488513221,658.5350146224007,1993
3012.0,6923,0,3,1,11.811822107748645,9.294525494727718,658.846204105659,2016
3013.0,6924,0,2,1,11.766853321696082,9.258809936452918,659.1824048110904,2010
3014.0,6926,0,2,0,11.7383538890623,9.278804504764654,659.501248731189,2026
3015.0,6927,0,3,2,11.69993378109995,9.373754872239065,659.5606198202969,2071
3016.0,6931,0,4,0,11.662859457597612,9.401817919492137,659.6954432579989,2078
3017.0,6933,0,3,1,11.62513590116979,9.377037357565268,660.0190878671157,2095
3018.0,6932,0,1,2,11.582596358482666,9.418205424120023,660.1711420541701,2132
3019.0,6933,0,2,1,11.566515276283656,9.466608971585172,660.4703781907169,2148
3020.0,6935,0,3,1,11.557231618118415,9.523143475126172,660.643464074846,2164
3021.0,6934,0,2,3,11.535860528273052,9.568070377848283,660.9594301981517,2185
3022.0,6931,0,1,4,11.513143125132093,9.650122637426056,661.5597440772685,2208
3023.0,6934,0,4,1,11.493232534621418,9.736659936544562,661.5624210712444,2241
3024.0,6937,0,3,0,11.478925054858463,9.802796597953005,661.8052228067461,2246
3025.0,6944,0,7,0,11.484418590779585,9.940380184331797,661.666628999946,2289
3026.0,6948,0,4,0,11.459502510330108,10.06174438687392,661.8169933731166,2317
3027.0,6950,0,4,2,11.429553824494196,10.181726618705037,662.0158760803915,2327
3028.0,6953,0,3,0,11.411848422939888,10.326909247806702,662.2651338241582,2348
3029.0,6956,0,3,0,11.393413429352481,10.437464059804485,662.515913805168,2379
3030.0,6959,0,5,2,11.361923029640739,10.602529099008478,662.536858984806,2408
3031.0,6965,0,6,0,11.34948300355809,10.766547020818377,662.5058694770468,2437
3032.0,6967,0,3,1,11.327650064616183,10.845270561217166,662.8516510971314,2467
3033.0,6971,0,5,1,11.293438315127439,11.00286902883374,662.9240821675116,2496
3034.0,6973,0,2,0,11.267387339961036,11.13165065251685,663.2784021298116,2507
3035.0,6979,0,7,1,11.251934285045246,11.272388594354492,663.179539933776,2521
3036.0,6984,0,6,1,11.22918675686154,11.390750286368844,663.1564064114018,2518
3037.0,6985,0,1,0,11.203073946139085,11.564924838940588,663.6098445152477,2542
3038.0,6987,0,3,1,11.165354638975396,11.743380563904394,663.9681711327701,2552
3039.0,6989,0,3,1,11.13144924125434,11.92130490771212,664.1191724241789,2574
3040.0,6992,0,5,2,11.104482776010546,12.085240274599542,664.2527497792931,2594
3041.0,6994,0,3,1,11.092836623271475,12.283528738919074,664.5985466841786,2620
3042.0,6996,0,4,2,11.07891676913516,12.523441966838194,664.5559481255268,2642
3043.0,6998,0,5,3,11.076067584611023,12.73849671334667,664.3997563129165,2666
3044.0,7003,0,7,2,11.060332348796457,12.978866200199914,664.3749462450942,2686
3045.0,7000,0,1,4,11.037657381998795,13.211571428571428,664.6145463648146,2697
3046.0,7002,0,2,0,11.025536151387763,13.448728934590116,664.9851290498292,2706
3047.0,7002,0,3,3,11.010427657716471,13.70208511853756,665.2553483766487,2733
3048.0,7003,0,3,2,10.997565507970068,13.90118520634014,665.6548337717844,2744
3049.0,7006,0,4,1,10.984522101664123,14.1552954610334,665.8978321834571,2774
3050.0,7008,0,2,0,10.969170497092556,14.437928082191782,666.2722156893719,2801
3051.0,7008,0,1,1,10.940107873564148,14.72017694063927,666.6677624319028,2816
3052.0,7012,0,4,0,10.914816868413434,15.034512264689104,666.8542350128578,2844
3053.0,7014,0,2,0,10.89146777249857,15.327487881380097,667.2321441499988,2858
3054.0,7016,0,4,2,10.889646183247075,15.619726339794754,667.4443207582732,2881
3055.0,7016,0,2,2,10.874105593386929,15.879561003420752,667.841547467601,2893
3056.0,7018,0,2,0,10.849848830554503,16.163151895126816,668.2216303839583,2919
3057.0,7021,0,4,1,10.826717994502818,16.417461900014242,668.4941120489751,2936
3058.0,7023,0,3,1,10.795112373945257,16.711661683041434,668.8450743343175,2950
3059.0,7027,0,4,0,10.772824904144333,16.991461505621174,669.0398950888364,2964
3060.0,7030,0,5,2,10.750478627658428,17.27439544807966,669.3255511634253,2989
3061.0,7034,0,5,1,10.792430779355216,16.32342905885698,669.5169680454408,2789
3062.0,7036,0,3,1,10.86540947283526,15.681921546333143,669.7473045957811,2634
3063.0,7037,0,3,2,10.96352808767281,15.202216853772915,670.2065343143755,2529
3064.0,7039,0,2,0,11.093539767141715,14.779656201164938,670.5686213769341,2430
3065.0,7040,0,2,1,11.218856318960368,14.480397727272727,670.8888895692494,2357
3066.0,7039,0,2,3,11.343167307324382,14.248046597528058,671.3998783066529,2295
3067.0,7040,0,2,1,11.473146554492143,14.060653409090909,671.6385972377003,2237
3068.0,7041,0,2,1,11.576867931079994,13.872745348672064,671.9212034919836,2186
3069.0,7045,0,4,0,11.659551085497242,13.659190915542938,672.0523985025424,2144
3070.0,7044,0,1,2,11.73294792341219,13.470045428733673,672.6077943053183,2127
3071.0,7043,0,1,2,11.78558851949148,13.212125514695442,672.9399279546915,2105
3072.0,7042,0,2,3,11.829669457786162,13.059642147117296,673.0137219776544,2108
3073.0,7047,0,6,0,11.872530352776353,12.834823329076203,672.9840146002239,2094
3074.0,7048,0,3,2,11.898116726067274,12.648978433598185,673.2419079364657,2087
3075.0,7051,0,4,1,11.918253247812903,12.473266203375408,673.3962648770295,2075
3076.0,7051,0,3,3,11.915988497219908,12.421216848673946,673.6058525296748,2068
3077.0,7053,0,4,2,11.928432528179426,12.32581880051042,673.7131400800952,2076
3078.0,7053,0,2,2,11.93538265060979,12.28129873812562,674.1476698607161,2084
3079.0,7053,0,3,3,11.932562712169915,12.251524174110308,674.2793315575747,2070
3080.0,7056,0,4,1,11.93703463996038,12.224773242630386,674.4552366687485,2063
3081.0,7059,0,5,2,11.943469132065987,12.194220144496388,674.6010430760595,2071
3082.0,7060,0,4,3,11.952396458948716,12.187393767705382,674.8841575397463,2058
3083.0,7061,0,2,1,11.944915158085523,12.099136099702593,675.2370715117657,2050
3084.0,7062,0,3,2,11.93338482609893,12.088218634947607,675.5598766895663,2048
3085.0,7062,0,2,2,11.917413267060828,12.090625885018408,675.8636171743772,2055
3086.0,7062,0,2,2,11.886055465135003,12.081280090625885,676.2492721080074,2061
3087.0,7062,0,0,0,11.875018125807985,12.054800339847068,676.7413873573231,2055
3088.0,7063,0,2,2,11.863230250533308,11.997451507857852,677.0694760912397,2067
3089.0,7066,0,4,1,11.864466315023346,11.97056326068497,677.1245830555931,2064
3090.0,7065,0,0,1,11.835935028154465,11.938428874734607,677.7109659455389,2068
3091.0,7065,0,2,2,11.823933019346297,11.934890304317056,678.0066999673023,2072
3092.0,7066,0,2,1,11.816342016293918,11.954146617605435,678.3498438727216,2085
3093.0,7069,0,6,3,11.80042993316747,11.946951478285472,678.2484709345066,2092
3094.0,7068,0,3,4,11.793060350519815,11.93180531975099,678.4473130385287,2089
3095.0,7066,0,3,5,11.761663675814221,11.966459099915086,679.0132713318945,2090
3096.0,7069,0,5,2,11.729939571096603,11.996463431885697,679.0806663570319,2103
3097.0,7066,0,1,4,11.674120843713665,11.97863005943957,679.5239097213013,2108
3098.0,7066,0,1,1,11.618363977523805,11.989810359467874,679.9832334422657,2135
3099.0,7068,0,3,1,11.576573348826242,12.028862478777588,680.1923147557115,2156
3100.0,7070,0,4,2,11.534296760926704,12.064780763790665,680.4637700804718,2180
3101.0,7069,0,1,2,11.484667155867077,12.113736030555948,680.7418771995563,2196
3102.0,7071,0,4,2,11.452668109896178,12.17267713194739,681.0023398825358,2219
3103.0,7073,0,4,2,11.413422079507761,12.16456948960837,681.2067247434604,2222
3104.0,7075,0,3,1,11.378130435841785,12.205936395759718,681.509424053403,2242
3105.0,7074,0,1,2,11.318316541315488,12.192818772971444,681.7616729001348,2252
3106.0,7073,0,1,2,11.258149773309352,12.12597200622084,682.3588147187128,2259
3107.0,7073,0,3,3,11.216892663698065,12.155662378057402,682.6494574584005,2270
3108.0,7069,0,0,4,11.158597248225865,12.142170038194935,683.06152109398,2295
3109.0,7068,0,1,2,11.113982217044503,12.089841539332202,683.5672317786734,2301
3110.0,7069,0,3,2,11.07072291910968,12.118828688640543,683.8378451876698,2354
3111.0,7070,0,3,2,11.047787427210526,12.146958981612446,684.0202518053909,2381
3112.0,7074,0,7,3,11.028961604445291,12.153519932145887,683.8822063508621,2393
3113.0,7076,0,4,2,11.007357872440155,12.244205765969474,683.998615884153,2436
3114.0,7075,0,2,3,10.98714717286782,12.355759717314488,684.2876308684977,2447
3115.0,7078,0,6,3,10.968774639774127,12.393048883865498,684.1517831369459,2474
3116.0,7078,0,2,2,10.952245030967491,12.492653291890365,684.4867234917426,2489
3117.0,7081,0,6,3,10.950630731592824,12.60429317892953,684.4571985112249,2514
3118.0,7085,0,7,3,10.959013393535017,12.68045165843331,684.405861444572,2534
3119.0,7085,0,3,3,10.933691841017929,12.786026817219478,684.8358227277195,2556
3120.0,7083,0,1,3,10.904795904854925,12.922066920796272,685.413286353512,2570
3121.0,7084,0,3,2,10.885553470753432,12.985742518351215,685.6148996043879,2592
3122.0,7085,0,3,2,10.855170593080272,13.086379675370502,685.9014618028758,2602
3123.0,7087,0,4,2,10.82491688085924,13.221250176379286,686.1510261488149,2625
3124.0,7091,0,6,2,10.791010570634734,13.31406007615287,685.9020216024659,2641
3125.0,7093,0,2,0,10.765882431060627,13.39926688284224,686.2710401403392,2657
3126.0,7092,0,2,3,10.753710511945814,13.48984771573604,686.5577385363871,2663
3127.0,7095,0,5,2,10.73933628203038,13.598026779422128,686.6260878450204,2689
3128.0,7098,0,4,1,10.713855910523165,13.705550859397013,686.8985684288203,2697
3129.0,7099,0,4,3,10.700869680725326,13.846316382589096,687.0146729879085,2721
3130.0,7099,0,0,0,10.681980525882997,14.01070573320186,687.58275832967,2731
3131.0,7102,0,4,1,10.665515942593004,14.15066178541256,687.7153236576439,2742
3132.0,7106,0,5,1,10.659788992041827,14.312974950745849,687.6129367393798,2762
3133.0,7109,0,6,3,10.649597447072091,14.512871008580673,687.745420200559,2776
3134.0,7114,0,7,2,10.647186921705252,14.688501546246837,687.5859454159825,2798
3135.0,7116,0,3,1,10.632469103744072,14.844294547498595,687.8003913223179,2810
3136.0,7119,0,5,2,10.62069109599926,15.030481809242872,687.8683326631516,2843
3137.0,7121,0,3,1,10.60047896009275,15.242241258250246,688.227262785517,2866
3138.0,7120,0,2,3,10.580375367442645,15.476685393258427,688.6366615326758,2898
3139.0,7120,0,1,1,10.563863524359821,15.741011235955057,689.1926038229601,2929
3140.0,7121,0,1,0,10.549883864536977,15.948883583766325,689.6748266176567,2952
3141.0,7121,0,2,2,10.53405250291697,16.153208818986098,690.0473395700939,2962
3142.0,7126,0,6,1,10.543078843697737,16.36682570867247,689.9950099397483,2978
3143.0,7130,0,4,0,10.530032702472637,16.566900420757364,690.1895598543917,2999
3144.0,7131,0,2,1,10.528723597182289,16.772121722058618,690.6437276789098,3022
3145.0,7138,0,8,1,10.532124639046652,16.960633230596805,690.326336078226,3029
3146.0,7142,0,5,1,10.51679812129345,17.21758611033324,690.3897391484361,3070
3147.0,7142,0,2,2,10.495237707061003,17.480677681321758,690.8266858555219,3091
3148.0,7141,0,2,3,10.473349707548392,17.75185548242543,691.2801208741505,3116
3149.0,7142,0,5,4,10.459778299148875,17.99145897507701,691.6392236913767,3120
3150.0,7147,0,5,0,10.444323438836255,18.194767035119632,691.7461894157012,3135
3151.0,7146,0,2,3,10.483029270588334,17.249090400223903,692.2322515329441,2947
3152.0,7146,0,1,1,10.56832208195974,16.646795410019593,692.6453617583925,2797
3153.0,7151,0,5,0,10.676797442283886,16.14767165431408,692.7351907862978,2689
3154.0,7152,0,4,3,10.794025985059893,15.695329977628635,692.9937710686384,2582
3155.0,7153,0,1,0,10.91181198958777,15.333146931357472,693.4550704269217,2526
3156.0,7154,0,2,1,11.036189118189093,15.016214705060106,693.8445103640915,2450
3157.0,7156,0,2,0,11.169343247551788,14.710732252655115,694.1906019621348,2397
3158.0,7159,0,4,1,11.280652131009992,14.412906830562928,694.2572362629018,2343
3159.0,7160,0,1,0,11.375184870360384,14.20754189944134,694.685963408916,2310
3160.0,7159,0,4,5,11.452427604902015,14.076127950831122,694.778480947117,2281
3161.0,7158,0,1,2,11.521541068977069,13.988963397597095,695.1623423514566,2255
3162.0,7159,0,3,2,11.587124697119608,13.954323229501327,695.4276065490722,2248
3163.0,7160,0,3,2,11.644934867115685,13.89986033519553,695.6285258927538,2220
3164.0,7164,0,5,1,11.695024558852394,13.787409268565048,695.5857636594088,2225
3165.0,7164,0,1,1,11.728320033006696,13.78824678950307,695.9551371551963,2218
3166.0,7167,0,3,0,11.753623932478284,13.697362913352867,696.162694475446,2192
3167.0,7171,0,4,0,11.78779581065339,13.66183238042114,696.2715112599858,2176
3168.0,7180,0,10,1,11.815751370991585,13.529805013927577,695.88709807101,2153
3169.0,7184,0,4,0,11.841368322970705,13.581709354120267,695.9936777509349,2152
3170.0,7184,0,3,3,11.837874695263995,13.487332962138085,696.302046482128,2141
3171.0,7186,0,3,1,11.845304133499958,13.429446145282494,696.5725271537385,2156
3172.0,7186,0,1,1,11.822274608689959,13.447954355691623,696.9292243413005,2163
3173.0,7186,0,2,2,11.8097065056251,13.427497912607848,697.3209469072517,2162
3174.0,7189,0,4,1,11.810461166353733,13.436361107247183,697.3771031579995,2165
3175.0,7189,0,2,2,11.782535106541381,13.428988732786202,697.7164515652529,2169
3176.0,7193,0,4,0,11.770434769095985,13.311552898651467,697.8255075437523,2151
3177.0,7194,0,2,1,11.744525460898044,13.257575757575758,698.2232646355368,2153
3178.0,7195,0,2,1,11.72476965866105,13.24683808200139,698.4942191921716,2158
3179.0,7196,0,1,0,11.691291575817571,13.172595886603668,698.8986529134941,2157
3180.0,7196,0,2,2,11.664531865393217,13.132434685936632,699.2691440985484,2167
3181.0,7196,0,0,0,11.63221965832266,13.085742078932741,699.7736662631634,2167
3182.0,7198,0,2,0,11.612694317863543,13.065156988052237,700.0856227743482,2181
3183.0,7201,0,6,3,11.577277458163861,13.047215664491043,699.8930318200089,2197
3184.0,7201,0,1,1,11.56093243223237,13.075128454381336,700.2480458180622,2206
3185.0,7200,0,1,2,11.532023682933506,13.085416666666667,700.6523591541492,2225
3186.0,7200,0,1,1,11.505258986295967,13.10361111111111,701.0337760281086,2243
3187.0,7201,0,3,2,11.476511951470389,13.14692403832801,701.4092757147988,2265
3188.0,7204,0,4,1,11.467224627608584,13.159911160466407,701.4828859958559,2295
3189.0,7205,0,2,1,11.447496743528948,13.215961138098542,701.8415124861398,2310
3190.0,7204,0,2,3,11.411173709281787,13.266657412548584,702.2079783976037,2319
3191.0,7203,0,2,3,11.349704749227621,13.3022351797862,702.3714065612776,2352
3192.0,7204,0,1,0,11.293874423434243,13.301776790671848,702.799232956883,2362
3193.0,7205,0,2,1,11.229147538981161,13.305482303955586,703.2272169363844,2385
3194.0,7205,0,1,1,11.178879639437236,13.420680083275503,703.7204470520809,2415
3195.0,7206,0,2,1,11.131697513472457,13.526505689703026,703.8898644834587,2439
3196.0,7208,0,3,1,11.09431367400925,13.579633740288568,704.2305223012202,2459
3197.0,7210,0,2,0,11.066230083860132,13.585991678224689,704.5749973449571,2493
3198.0,7213,0,5,2,11.060621967944966,13.606266463330098,704.555750452252,2518
3199.0,7214,0,5,4,11.034781358574289,13.559883559744941,704.7496265461534,2531
3200.0,7212,0,0,2,11.0018014722714,13.58361064891847,705.3091231239656,2559
3201.0,7208,0,0,4,10.969631730822657,13.656215316315205,705.8589769226913,2561
3202.0,7209,0,3,2,10.941009010705368,13.724927174365376,706.1458027740309,2572
3203.0,7205,0,2,6,10.907230169933172,13.81998612074948,706.6499745459463,2583
3204.0,7208,1226,5,2,10.883388011055693,13.87819089900111,706.6914701480595,2612
3205.0,7212,0,6,2,10.852267374648731,13.915280088740987,706.8323703619317,2625
3206.0,7211,0,4,5,10.821664854291203,14.107752045486063,706.9014635620482,2668
3207.0,7211,0,0,0,10.795098260227567,14.238385799473027,707.4577707162279,2694
3208.0,7215,0,5,1,10.759962161073739,14.285377685377686,707.5874241938657,2716
3209.0,7218,0,3,0,10.733858646908802,14.3816846771959,707.8530727821153,2748
3210.0,7221,0,4,1,10.709581663481838,14.499376817615289,708.0903295744738,2769
3211.0,7224,0,4,1,10.698462244304741,14.527547065337764,708.1409635828232,2764
3212.0,7230,0,6,0,10.684818961406577,14.579806362378976,708.1165483819101,2768
3213.0,7232,0,4,2,10.674509746151733,14.62154314159292,708.251722520135,2791
3214.0,7232,0,1,1,10.644622387160831,14.66620575221239,708.8003777207182,2800
3215.0,7232,0,4,4,10.616801390337244,14.757051991150442,708.8679049998276,2820
3216.0,7233,0,2,1,10.593116551428642,14.898382413936126,709.3006831245268,2844
3217.0,7233,0,5,5,10.570796840676374,15.05350476980506,709.6553805828405,2856
3218.0,7236,0,3,0,10.554510327917686,15.194444444444445,709.9297263549317,2857
3219.0,7239,0,5,2,10.54660176030501,15.326150020721094,710.0005936645379,2866
3220.0,7240,0,3,2,10.51542793987966,15.500414364640884,710.4222235645759,2876
3221.0,7243,0,4,1,10.503875605316933,15.603893414331079,710.6535444294931,2906
3222.0,7243,0,2,2,10.481572764533727,15.78903769156427,710.8712672668781,2938
3223.0,7249,0,8,2,10.482125040021405,15.94523382535522,710.4532381217316,2960
3224.0,7252,0,3,0,10.466637852718826,15.994760066188638,710.7362292254059,2970
3225.0,7254,0,4,2,10.445325303233815,16.11221395092363,710.9080152626782,2998
3226.0,7259,0,5,0,10.426328887913433,16.315745970519355,710.9980283730237,3021
3227.0,7261,0,3,1,10.39921618394486,16.552954138548408,711.3377352348208,3041
3228.0,7261,0,2,2,10.373246421338395,16.756231923977413,711.842934572284,3078
3229.0,7264,0,5,2,10.346880124788239,16.918089207048457,711.8632325518704,3078
3230.0,7265,0,2,1,10.30846848409561,17.114659325533378,712.3040429213604,3108
3231.0,7268,0,4,1,10.292223377398933,17.34603742432581,712.4782615501333,3118
3232.0,7269,0,4,3,10.271958132848278,17.605035080478746,712.6689940106622,3141
3233.0,7272,0,3,0,10.252171451003363,17.822469746974697,712.9638097682249,3177
3234.0,7272,0,3,3,10.227157984489628,18.089933993399338,713.232509095137,3190
3235.0,7272,0,2,2,10.207918846873557,18.359873487348736,713.5446305084196,3213
3236.0,7273,0,3,2,10.188661417923594,18.607314725697787,713.7859460120147,3235
3237.0,7277,0,5,1,10.181217196406163,18.83166139892813,713.8808032070222,3256
3238.0,7277,0,3,3,10.149810763857591,19.116119279923044,714.2332602246906,3272
3239.0,7275,0,0,2,10.118404626693746,19.397800687285223,714.6804409238675,3294
3240.0,7277,0,5,3,10.086224646888082,19.624845403325548,714.8827824506134,3300
3241.0,7278,0,4,3,10.122991539792194,18.707199780159385,715.2197430710936,3106
3242.0,7276,0,1,3,10.184425774549,18.044117647058822,715.4448347794117,2960
3243.0,7278,0,3,1,10.278598650176548,17.487496564990384,715.7237031936705,2856
3244.0,7281,0,5,2,10.395517293789835,16.985578903996704,715.9770719531427,2766
3245.0,7282,0,4,3,10.546116103923374,16.507552870090635,716.3851251467098,2673
3246.0,7284,0,4,2,10.69023109399149,16.10063152114223,716.5169136204034,2575
3247.0,7285,0,2,1,10.827471308401904,15.780507892930679,716.7735698462964,2504
3248.0,7289,0,4,0,10.956248841035755,15.473453148580052,716.9207598181681,2444
3249.0,7288,0,2,3,11.056767440090706,15.255076838638859,717.2195278304678,2412
3250.0,7289,0,3,2,11.150811008360575,15.079983536836329,717.371954098855,2392
3251.0,7287,0,1,3,11.205457051351534,14.884588994099081,717.9700618307235,2369
3252.0,7289,0,3,1,11.25544989487438,14.739607627932502,718.287439233424,2365
3253.0,7292,0,3,0,11.308351694275586,14.59585847504114,718.5111201381206,2351
3254.0,7295,0,4,1,11.344591897638562,14.503221384509938,718.6993673609384,2339
3255.0,7295,0,1,1,11.36589533141202,14.364222069910898,719.177336029002,2335
3256.0,7298,0,3,0,11.383573060841014,14.246094820498767,719.3956979744377,2313
3257.0,7305,0,7,0,11.421297137971917,14.053388090349076,719.2184325661239,2301
3258.0,7308,0,3,0,11.451050961482995,13.905993431855501,719.4336722904878,2287
3259.0,7310,0,2,0,11.480781581745585,13.721067031463749,719.7460356913608,2273
3260.0,7315,0,5,0,11.511015119436667,13.637457279562543,719.762037433171,2281
3261.0,7318,0,3,0,11.531407879822988,13.523503689532658,719.9735984732307,2269
3262.0,7320,0,4,2,11.52932756261531,13.43620218579235,720.2438199552525,2267
3263.0,7321,0,1,0,11.533550913113185,13.374675590766289,720.6508632696831,2293
3264.0,7325,0,5,1,11.530775012834724,13.334607508532423,720.6902599165697,2288
3265.0,7324,0,1,2,11.512733095602641,13.225013653741126,721.1342999390703,2287
3266.0,7322,0,0,2,11.486522313223398,13.133979786943458,721.5597752672528,2292
3267.0,7323,0,2,1,11.465968836700295,13.05735354362966,721.9346702754086,2282
3268.0,7326,0,4,1,11.449062167674562,13.01992901992902,721.9857848062535,2325
3269.0,7327,0,1,0,11.427334008190437,13.082298348573769,722.3983121340431,2346
3270.0,7328,0,2,1,11.4049328740402,13.007778384279476,722.6772901989748,2331
3271.0,7327,0,1,2,11.376946825370785,12.957963695919203,723.2735630357232,2332
3272.0,7328,0,3,2,11.354490639851617,12.862445414847162,723.5632097982402,2329
3273.0,7332,0,5,1,11.337525076284042,12.85733769776323,723.5555026920567,2347
3274.0,7328,0,1,5,11.3032626997226,12.855076419213974,723.6797901700994,2341
3275.0,7323,0,1,6,11.259834537194015,12.804451727434111,724.2051335533907,2362
3276.0,7325,0,3,1,11.214343073238085,12.692150170648464,724.3175611627883,2363
3277.0,7326,0,4,3,11.177979075666684,12.60974610974611,724.302572633061,2392
3278.0,7327,0,1,0,11.126401495222662,12.652245120786134,724.7318694606089,2427
3279.0,7324,0,3,6,11.069644833612132,12.615374112506826,724.7066941031426,2440
3280.0,7324,0,2,2,11.031191592003605,12.569770617149098,725.0795087030908,2448
3281.0,7322,0,2,4,10.980034640571725,12.597924064463262,725.2516476934322,2470
3282.0,7323,0,5,4,10.945348685388765,12.675133142154854,725.3678517161001,2499
3283.0,7322,0,2,3,10.904914550649552,12.687790221251024,725.7548080812759,2506
3284.0,7323,0,2,1,10.864935901174539,12.741089717328963,726.1340717481869,2536
3285.0,7325,0,2,0,10.836671817492087,12.80778156996587,726.4834940947562,2571
3286.0,7327,0,3,1,10.798837808732886,12.795823665893272,726.8306309089445,2582
3287.0,7329,0,4,2,10.76520806680359,12.833128666939555,726.926470342275,2611
3288.0,7329,0,1,1,10.726849690293108,12.84472642925365,727.4485136145057,2627
3289.0,7329,0,3,3,10.693323571024067,12.902988129349161,727.7535348229076,2676
3290.0,7329,0,0,0,10.664424833467503,12.952380952380953,728.3130612475902,2693
3291.0,7328,0,2,3,10.634034495129441,13.011735807860262,728.5262786442594,2717
3292.0,7329,0,4,3,10.60383501879572,13.151726019920863,728.6764402587903,2755
3293.0,7332,0,3,0,10.574300241865188,13.223949809056192,728.944830269519,2775
3294.0,7334,0,4,2,10.547174551823282,13.305835833106082,729.0293393300764,2801
3295.0,7335,0,4,3,10.530308499061032,13.38009543285617,729.2210925285455,2807
3296.0,7339,0,5,1,10.517455706180028,13.436162964981605,729.2747370687581,2836
3297.0,7345,0,6,0,10.510331148595231,13.534104833219878,729.2506999635305,2855
3298.0,7349,0,4,0,10.50662883507689,13.60402775887876,729.4264305035524,2887
3299.0,7354,0,5,0,10.481168011455344,13.700571117759043,729.5047670182205,2896
3300.0,7355,0,4,3,10.475989005836349,13.80231135282121,729.6409967668484,2924
3301.0,7362,0,7,0,10.44721981057297,13.887258897038848,729.5246425162727,2944
3302.0,7357,0,1,6,10.400807567885662,13.964523582982194,730.0905631248168,2958
3303.0,7354,0,1,4,10.36778146631228,14.067310307315747,730.3215547982395,2975
3304.0,7354,0,4,4,10.338752049833564,14.121294533587163,730.569243616296,3000
3305.0,7354,0,2,2,10.330101666147131,14.24503671471308,731.014142349218,3017
3306.0,7358,0,6,2,10.316611486283659,14.31870073389508,731.1592453859511,3042
3307.0,7359,0,4,3,10.304613083423234,14.420301671422747,731.441024671352,3050
3308.0,7359,0,0,0,10.302275016782712,14.5995379807039,732.028278727098,3078
3309.0,7360,0,2,1,10.29815027052188,14.670923913043477,732.4803506383357,3083
3310.0,7363,0,3,0,10.289099224263168,14.779980986011136,732.7705888594361,3090
3311.0,7369,0,8,2,10.275186279943519,14.889808657891166,732.7075816084681,3093
3312.0,7369,0,1,1,10.269964327453422,15.057674039896865,733.2227108530592,3114
3313.0,7376,0,7,0,10.268606191585558,15.259896963123644,733.11875844422,3136
3314.0,7377,0,1,0,10.24701195079526,15.336857801274231,733.6125426483285,3146
3315.0,7379,0,4,2,10.22907340101123,15.521750914758098,733.9048173433578,3173
3316.0,7381,0,3,1,10.2016415995603,15.684595583254302,734.2983020094392,3177
3317.0,7385,0,4,0,10.176690503213923,15.920379146919432,734.4980341914498,3204
3318.0,7387,0,3,1,10.152977406250066,16.09489643969135,734.8687901091316,3223
3319.0,7390,0,4,1,10.142949252178248,16.264140730717184,735.0152200680221,3248
3320.0,7392,0,5,3,10.122013256012291,16.502435064935064,735.3956111337887,3277
3321.0,7394,0,3,1,10.10302627279694,16.777522315390858,735.748635551376,3298
3322.0,7397,0,3,0,10.091251940453432,16.983236447208327,736.0541942174175,3307
3323.0,7402,0,6,1,10.067765542231939,17.18684139421778,736.1585892304305,3323
3324.0,7404,0,3,1,10.048594970816572,17.36048082117774,736.5629435620907,3341
3325.0,7408,0,4,0,10.04231122196579,17.576403887688986,736.7732107196921,3364
3326.0,7410,0,3,1,10.03816272932923,17.79676113360324,736.8937578069412,3377
3327.0,7414,0,5,1,10.030327682268334,17.98300512543836,737.1029615712561,3389
3328.0,7413,0,1,2,10.009802955212942,18.190071496020504,737.5045631079516,3399
3329.0,7414,0,2,1,9.988796806760691,18.42676018343674,738.0142402572902,3426
3330.0,7416,0,3,1,9.959456162235412,18.760652642934197,738.4120782689098,3435
3331.0,7419,0,4,1,9.984542576659837,17.653187761153795,738.7221309975653,3216
3332.0,7417,0,0,2,10.041448080910719,16.836187137656733,739.3589934370617,3051
3333.0,7416,0,2,3,10.131582843559272,16.19848975188781,740.0166414599707,2930
3334.0,7414,0,1,3,10.247106947626154,15.709873212840572,740.5783998577134,2821
3335.0,7414,0,1,1,10.381041656665277,15.299568384138118,741.1330147252497,2725
3336.0,7418,0,5,1,10.522631427163862,14.94418980857374,741.3010276813022,2626
3337.0,7422,0,5,1,10.666175222022877,14.645513338722717,741.4274934188431,2574
3338.0,7425,0,5,2,10.79477004010195,14.414410774410774,741.6461956025996,2518
3339.0,7426,0,2,1,10.891358365289022,14.228521411257743,741.9552310572737,2486
3340.0,7431,0,5,0,10.993986271701553,13.988830574619836,741.9954242683143,2451
3341.0,7434,0,4,1,11.063275646268536,13.873150390099543,742.1913757752404,2419
3342.0,7436,0,2,0,11.134075645571397,13.758606777837548,742.5216469522289,2411
3343.0,7439,0,3,0,11.202830680392243,13.652103777389435,742.7475353041417,2388
3344.0,7439,0,4,4,11.249145582483012,13.487431106331496,743.1128802724008,2359
3345.0,7439,0,0,0,11.301645720710347,13.39413899717704,743.6318333039942,2336
3346.0,7440,0,1,0,11.335888272147184,13.304032258064517,744.0493009813333,2325
3347.0,7442,0,2,0,11.367132188507801,13.215936576189197,744.3646739412791,2309
3348.0,7444,0,2,0,11.392837351569957,13.085303600214939,744.6787643615344,2286
3349.0,7446,0,3,1,11.411277073534935,13.021488047273705,744.946570000225,2281
3350.0,7446,0,0,0,11.416895107527699,12.950711791565942,745.4586608685544,2292
3351.0,7451,0,6,1,11.443996215284715,12.842839887263455,745.4456340239884,2287
3352.0,7452,0,1,0,11.437524790704103,12.749597423510467,745.8571711874833,2283
3353.0,7455,0,5,2,11.458664269759407,12.659959758551308,745.901365858354,2269
3354.0,7458,0,4,1,11.472782527327723,12.560740144810941,746.1019271862326,2269
3355.0,7458,0,1,1,11.475156152267726,12.531107535532314,746.443944246139,2293
3356.0,7460,0,3,1,11.490985777257618,12.441286863270777,746.6186935763822,2293
3357.0,7462,0,3,1,11.497846163053419,12.13588850174216,746.9245540039798,2257
3358.0,7462,0,2,2,11.494829444667289,12.017019565800053,747.4025057031666,2258
3359.0,7460,0,1,3,11.489322286443157,11.825067024128685,747.6990191732953,2242
3360.0,7463,0,4,1,11.475961533937257,11.643306981106793,747.8779273810698,2231
3361.0,7463,0,3,3,11.471044421690795,11.541337263834919,748.2944033281191,2238
3362.0,7462,0,2,3,11.458854621243782,11.424283034039131,748.6770210659873,2253
3363.0,7463,0,1,0,11.448621040929014,11.354683103309661,749.0916004030521,2250
3364.0,7464,0,2,1,11.433765431868585,11.342443729903536,749.3440893046176,2274
3365.0,7463,0,1,2,11.406133345874244,11.255393273482515,749.8366574527314,2277
3366.0,7462,0,0,1,11.380239630071328,11.203564727954971,750.2147647162215,2287
3367.0,7463,0,2,1,11.3760076715866,11.106123542811202,750.4630419684364,2289
3368.0,7465,0,2,0,11.347871892532408,11.090689886135298,750.7836646628593,2306
3369.0,7468,0,3,0,11.323709830369856,11.044991965720406,751.0050040246141,2303
3370.0,7471,0,4,1,11.295154850790695,11.026904028911792,751.2057550250901,2327
3371.0,7471,0,3,3,11.268708857889083,11.006960246285638,751.5580284520167,2318
3372.0,7474,0,3,0,11.254932796819745,10.966149317634466,751.7847936117142,2326
3373.0,7478,0,6,1,11.228675865806158,10.965899973254881,751.7784007261638,2346
3374.0,7481,0,4,1,11.184790727275898,10.921133538297019,751.9920624651695,2376
3375.0,7481,0,2,2,11.139685185762652,10.916321347413447,752.1206464761781,2397
3376.0,7486,0,5,0,11.117843366103903,10.868287469943896,752.1569118840794,2433
3377.0,7488,0,5,3,11.092098339740206,10.82946047008547,752.1588347900174,2452
3378.0,7488,0,4,4,11.059118855577546,10.791800213675213,752.201445802619,2459
3379.0,7490,0,3,1,11.02961484476439,10.76475300400534,752.523360167623,2493
3380.0,7492,0,6,4,11.002472662224447,10.821142552055527,752.3231734806691,2534
3381.0,7494,0,5,3,10.971173396074748,10.897384574326127,752.1765145073567,2552
3382.0,7496,0,3,1,10.940181447995359,11.023612593383138,752.2610682266633,2590
3383.0,7500,0,5,1,10.917994100987595,11.099066666666667,752.4091611127302,2634
3384.0,7503,0,5,2,10.889786545813976,11.159669465547115,752.2480090348191,2679
3385.0,7505,0,3,1,10.870298541832863,11.235709526982012,752.4886812876997,2708
3386.0,7505,0,3,3,10.840286620050298,11.327381745502999,752.9105159890872,2746
3387.0,7506,0,4,3,10.818462195118615,11.414868105515588,752.9843693929051,2771
3388.0,7508,0,5,3,10.775650585277294,11.48028769312733,752.9711684416623,2801
3389.0,7505,0,1,4,10.735049665979874,11.559493670886075,753.5049059774302,2829
3390.0,7507,0,3,1,10.712352981114748,11.627947249234047,753.8242554085696,2873
3391.0,7509,0,4,2,10.688024234035913,11.711679318151551,754.0190514899239,2882
3392.0,7509,0,1,1,10.666018103193643,11.856971634039153,754.3882362125414,2898
3393.0,7512,0,4,1,10.643164169967525,11.967651757188499,754.4863821539484,2940
3394.0,7513,0,5,4,10.630183330014006,12.024757087714628,754.6335762291375,2952
3395.0,7519,0,6,0,10.61808080613181,12.128740524005853,754.605899797787,2952
3396.0,7519,0,0,0,10.605740079306473,12.209070355100412,755.1814732922275,2979
3397.0,7521,0,4,2,10.58240297753769,12.339715463369233,755.2928305184661,3001
3398.0,7522,0,4,3,10.565196588336,12.493219888327573,755.4556571084463,3003
3399.0,7522,0,2,2,10.547585893849798,12.672560489231588,755.8251240355619,3032
3400.0,7526,0,5,1,10.531997778701918,12.811719372840818,755.8942016722199,3052
3401.0,7527,0,3,2,10.51438617455002,12.970771887870333,756.1593997682196,3081
3402.0,7529,0,5,3,10.491142141731686,13.176517465798911,756.2924692060775,3105
3403.0,7530,0,3,2,10.451441108502392,13.368525896414342,756.6437796932629,3130
3404.0,7534,1160,4,0,10.427798949071418,13.543403238651447,756.8301490291994,3153
3405.0,7537,0,5,2,10.404437721099296,13.735173145813985,756.809454176894,3164
3406.0,7540,0,4,1,10.380844098541147,13.937267904509284,757.0955748167206,3201
3407.0,7542,0,4,2,10.364723915008836,14.161495624502784,757.3615598735107,3240
3408.0,7545,0,5,2,10.344479659066797,14.37455268389662,757.5094389498498,3265
3409.0,7548,0,4,1,10.32978681553262,14.605458399576047,757.7546355587981,3291
3410.0,7548,0,1,1,10.304675987962538,14.859167991520932,758.2379578921573,3315
3411.0,7554,0,7,1,10.30010330554789,15.066190097961345,758.2010698873922,3326
3412.0,7556,0,4,2,10.285127430961955,15.2997617787189,758.4655169341797,3333
3413.0,7554,0,0,2,10.257081931636012,15.509928514694202,759.0715738020921,3331
3414.0,7554,0,1,1,10.241349046276218,15.749271908922426,759.5468018872657,3345
3415.0,7559,0,5,0,10.228233529802257,15.94258499801561,759.6460588143005,3349
3416.0,7559,0,1,1,10.209416312448282,16.180711734356397,760.1042213844736,3382
3417.0,7563,0,5,1,10.194766372858043,16.40579135263784,760.2673374864193,3382
3418.0,7564,0,2,1,10.179127282534393,16.611316763617133,760.6300384129751,3397
3419.0,7565,0,1,0,10.174806296282181,16.82934567085261,761.1353885378675,3410
3420.0,7566,0,2,1,10.168831362131128,16.98123182659265,761.6059188187468,3425
3421.0,7566,0,3,3,10.203689264524318,15.884218873909596,761.9959421842581,3216
3422.0,7569,0,4,1,10.280788382068657,15.125644074514467,762.2740526006751,3063
3423.0,7571,0,3,1,10.39395485193078,14.37709681680095,762.6295105452972,2910
3424.0,7573,0,4,2,10.520221079064818,13.754786742374224,762.9416567501089,2783
3425.0,7576,0,5,2,10.679831779457972,13.180702217529038,763.1656452532665,2679
3426.0,7578,0,2,0,10.837438202976358,12.701240432831883,763.5274928483781,2595
3427.0,7579,0,3,2,10.982086197487142,12.27840084443858,763.8331121024719,2519
3428.0,7578,0,1,2,11.109522488635012,11.95605700712589,764.433677288013,2477
3429.0,7578,0,1,1,11.227752454268147,11.731195566112431,764.8519894822392,2435
3430.0,7575,0,3,6,11.324447747669293,11.55907590759076,765.2287017500189,2414
3431.0,7578,0,3,0,11.415313829207804,11.301530746898917,765.4497900722233,2378
3432.0,7579,0,1,0,11.496396044727275,11.107006201345824,765.8668570432085,2356
3433.0,7582,0,4,1,11.552959367359273,10.889211289897125,766.0712958641257,2327
3434.0,7583,0,3,2,11.605209866816123,10.714888566530396,766.3028152112782,2317
3435.0,7587,0,4,0,11.647055879935463,10.537234743640438,766.4066117833787,2299
3436.0,7588,0,2,1,11.677556847688422,10.389167105956775,766.8092734533093,2279
3437.0,7588,0,1,1,11.696797230645572,10.25065893516078,767.2697694477773,2266
3438.0,7588,0,2,2,11.720941965654177,10.135081707959937,767.6850580379418,2247
3439.0,7592,0,5,1,11.756789051052738,10.060853530031613,767.7564645741743,2239
3440.0,7593,0,3,2,11.78458498751552,9.95285131041749,767.9287551089039,2231
3441.0,7594,0,4,3,11.806910020876739,9.887016065314722,768.0232168464606,2220
3442.0,7595,0,2,1,11.812266305855768,9.820934825543121,768.4004256082509,2201
3443.0,7597,0,4,2,11.814131581663469,9.72949848624457,768.6565457282404,2201
3444.0,7598,0,2,1,11.796307599758203,9.674256383258752,768.9403964277138,2208
3445.0,7602,0,4,0,11.807059139233976,9.603262299394896,769.0324424091061,2196
3446.0,7603,0,2,1,11.793822531828866,9.558858345389977,769.4251229037187,2201
3447.0,7602,0,0,1,11.786072901275986,9.471717968955538,770.005523256505,2186
3448.0,7603,0,2,1,11.773547437183698,9.353150072339865,770.3564057477042,2173
3449.0,7603,0,2,2,11.76422057862599,9.278968828094174,770.7412570587373,2176
3450.0,7602,0,1,2,11.760986992268649,9.219679031833728,771.3175673044515,2177
3451.0,7603,0,2,1,11.765305866960123,9.145205839800079,771.5359438698225,2179
3452.0,7605,0,2,0,11.76106957258285,9.114003944773176,771.8321891374837,2165
3453.0,7608,0,4,1,11.749603320965663,9.112250262881178,771.8842710561275,2186
3454.0,7609,0,5,4,11.736917350922713,9.075962675778683,772.1947512712469,2163
3455.0,7612,0,4,1,11.737344827488485,9.047162375197058,772.096398758565,2160
3456.0,7610,0,0,2,11.72289422430541,8.999211563731931,772.6235194905414,2172
3457.0,7609,0,2,3,11.719056855235838,8.956104612958338,773.1507345344514,2169
3458.0,7610,0,4,3,11.71521053994138,8.95873850197109,773.3534498816879,2179
3459.0,7607,0,2,5,11.701500004757424,8.943078743262785,773.5011269306659,2187
3460.0,7611,0,6,2,11.684563302474002,8.895020365260807,773.4919501289955,2185
3461.0,7612,0,5,4,11.659204668980534,8.896216500262742,773.6913260788904,2198
3462.0,7618,0,6,0,11.631525872083321,8.864531373063796,773.5926242883005,2222
3463.0,7620,0,2,0,11.591759405562636,8.877165354330709,773.9031931159374,2240
3464.0,7620,0,2,2,11.554200412124375,8.885826771653543,774.2876556942362,2274
3465.0,7623,0,4,1,11.522923085309083,8.908566181293454,774.3172557402143,2300
3466.0,7623,0,1,1,11.474955277486021,8.912764003673095,774.8292999759498,2318
3467.0,7625,0,3,1,11.438907137527165,8.910688524590164,774.9408126814831,2333
3468.0,7626,0,2,1,11.391390686033722,8.916469971151324,775.091805973364,2352
3469.0,7630,0,4,0,11.347828532076441,8.958977719528178,775.2139026864711,2376
3470.0,7633,0,3,0,11.313763441577064,8.994628586401152,775.4391605878801,2397
3471.0,7634,0,4,3,11.26717740308474,9.01585014409222,775.5792349526673,2410
3472.0,7634,0,3,3,11.225273048789571,9.08553838092743,775.8282984803911,2439
3473.0,7633,0,4,5,11.17953864366038,9.16127341805319,775.545835124712,2467
3474.0,7633,0,2,2,11.142405702393091,9.244464823791432,775.88763786298,2508
3475.0,7637,0,5,1,11.118122062025913,9.351970669110907,775.892174349305,2550
3476.0,7643,0,7,1,11.087659217120935,9.472850974748136,775.5582367978942,2588
3477.0,7643,0,1,1,11.062504751391016,9.59937197435562,775.8294212460743,2624
3478.0,7647,0,5,1,11.034325445707166,9.712567019746306,775.9686396718158,2651
3479.0,7649,0,3,1,11.009687116285324,9.892142763759969,776.132798976704,2704
3480.0,7651,0,4,2,10.983529100049896,10.02235001960528,776.3300923454293,2731
3481.0,7651,0,3,3,10.95595387031984,10.12978695595347,776.5904622280244,2745
3482.0,7654,0,3,0,10.93719154092055,10.262085184217403,776.8402256640909,2768
3483.0,7656,0,6,4,10.904271342232171,10.375914315569489,776.7708445655761,2785
3484.0,7660,0,7,3,10.89151187393522,10.487597911227153,776.7860901615024,2792
3485.0,7660,0,2,2,10.87206494010021,10.6088772845953,777.2956309143489,2817
3486.0,7661,0,4,3,10.846665173710061,10.78149066701475,777.2752568053357,2830
3487.0,7660,0,2,3,10.817455868415244,10.968146214099217,777.5469653448363,2858
3488.0,7660,0,1,1,10.794054472076898,11.192950391644908,777.8206369591702,2900
3489.0,7661,0,1,0,10.775260525707274,11.366923378149068,778.2838157211384,2925
3490.0,7664,0,4,1,10.76291552940091,11.569806889352819,778.5203344886189,2944
3491.0,7664,0,3,3,10.748517412738481,11.791362212943632,778.9264917158666,2970
3492.0,7667,0,3,0,10.739271014238025,12.015781922525107,779.1902138571241,2996
3493.0,7670,0,4,1,10.725208629401637,12.170534550195567,779.2996523791137,3007
3494.0,7675,0,5,0,10.71267996225488,12.336026058631921,779.3629151025017,3028
3495.0,7676,0,2,1,10.698704250219704,12.488405419489318,779.7156193341838,3042
3496.0,7679,0,5,2,10.696575246771342,12.694231019664018,779.9213136256581,3051
3497.0,7680,0,1,0,10.688252387319515,12.900520833333333,780.39395386062,3069
3498.0,7684,0,5,1,10.658112627229439,13.11283185840708,780.53164795772,3089
3499.0,7686,0,3,1,10.64965234876667,13.373406193078324,780.7329043554441,3115
3500.0,7687,0,3,2,10.61978836625846,13.641732795628984,781.1567113100871,3137
3501.0,7690,0,3,0,10.59711387824467,13.901170351105332,781.4333251861015,3164
3502.0,7689,0,1,2,10.566448264735156,14.170893484198205,782.0953072662226,3187
3503.0,7694,0,6,1,10.550612570912888,14.446581752014557,782.1238459504092,3216
3504.0,7694,0,1,1,10.516574507840563,14.727319989602288,782.4753633441568,3246
3505.0,7695,0,2,1,10.506637309046083,15.013905133203378,782.9334492498015,3272
3506.0,7693,0,1,3,10.484514125357439,15.304042636162745,783.6285420568472,3289
3507.0,7694,0,1,0,10.464469521172447,15.587990642058747,784.1172940322595,3318
3508.0,7692,0,1,3,10.436336669134331,15.879615184607385,784.6418507192074,3338
3509.0,7692,0,2,2,10.41512079630755,16.17498699947998,785.0557806575044,3344
3510.0,7691,0,2,3,10.388584839398371,16.476661032375503,785.6152101323145,3353
3511.0,7692,0,4,2,10.436867124702138,15.508190327613104,785.641573826583,3157
3512.0,7694,0,2,0,10.501838923101593,14.762672212113335,786.0234146563148,3008
3513.0,7696,0,5,3,10.602389731250295,14.160862785862786,785.946822619215,2878
3514.0,7697,0,2,1,10.715117022386695,13.654410809406262,786.3753626143939,2774
3515.0,7698,0,3,2,10.847282409697053,13.216160041569239,786.7010717591769,2685
3516.0,7701,0,3,0,10.994003446828541,12.819114400727178,786.946479422545,2589
3517.0,7702,0,1,1,11.13628126769616,12.52492858997663,787.6236948270302,2527
3518.0,7704,0,5,3,11.257502812124379,12.289330218068535,787.901702734898,2482
3519.0,7707,0,3,0,11.367165642434472,12.11353315168029,788.1206111876875,2438
3520.0,7709,0,2,0,11.458586658075399,11.940848359060839,788.4353488980021,2401
3521.0,7710,0,3,2,11.534590612733117,11.900129701686122,788.8348205825841,2380
3522.0,7711,0,2,1,11.60967435352086,11.724030605628323,789.232965393373,2341
3523.0,7711,0,1,1,11.674864888121602,11.657242899753598,789.7184752288748,2328
3524.0,7713,0,3,1,11.738945007300646,11.483210164657072,789.995852513254,2289
3525.0,7714,0,2,1,11.793017639983962,11.38047705470573,790.3650988148655,2284
3526.0,7716,0,4,2,11.838696276685994,11.277216174183515,790.5979522945706,2268
3527.0,7715,0,3,4,11.871989902571615,11.173298768632534,791.0943040795762,2250
3528.0,7715,0,2,2,11.898699223300936,11.077640959170447,791.5011442101819,2237
3529.0,7721,0,7,1,11.918343131566917,11.058800673487891,791.1443026235152,2232
3530.0,7723,0,4,2,11.912574757796728,11.023954421856791,791.4004115939538,2223
3531.0,7723,0,1,1,11.911058612265233,10.835815097759937,791.8762073756932,2198
3532.0,7726,0,4,1,11.923848433059254,10.746699456381052,792.0115114541118,2195
3533.0,7727,0,3,2,11.92324882995315,10.696389284327681,792.3340289744247,2189
3534.0,7727,0,2,2,11.917593434629405,10.639316681765239,792.4942526917482,2193
3535.0,7726,0,3,4,11.911024096461796,10.628009319181983,792.7071626774988,2194
3536.0,7728,0,3,1,11.919319226330135,10.548654244306418,792.947804448,2194
3537.0,7726,0,2,4,11.912995574147523,10.458063681076883,793.3620693563897,2194
3538.0,7725,0,2,3,11.890282454916518,10.408155339805825,793.8632310595389,2199
3539.0,7725,0,2,2,11.876431167058813,10.364271844660195,794.3006862870564,2189
3540.0,7725,0,3,3,11.853168029273462,10.304983818770227,794.5731225127483,2198
3541.0,7728,0,5,2,11.84013600022172,10.218814699792961,794.6835736472844,2197
3542.0,7728,0,2,2,11.821950773920296,10.17572463768116,795.0557349650819,2196
3543.0,7728,0,3,3,11.803695764177819,10.172360248447205,795.0622125336886,2212
3544.0,7727,0,3,4,11.789838909616181,10.06457874983823,795.2880307197428,2215
3545.0,7726,0,3,4,11.76470622320656,10.083484338596945,795.4686259979821,2247
3546.0,7727,0,2,1,11.747817174466038,10.05564902290669,795.7504097827918,2251
3547.0,7728,0,3,2,11.734817839965999,9.966356107660456,795.856919151363,2246
3548.0,7729,0,2,1,11.692631229443723,9.93039203001682,796.2459026296775,2261
3549.0,7728,0,3,4,11.654366739985674,9.922489648033126,796.2659365584792,2284
3550.0,7726,0,0,2,11.600442862449336,9.946932435930623,796.6821240628537,2302
3551.0,7725,0,2,3,11.561812742687085,9.980582524271844,796.9875946318244,2326
3552.0,7722,0,1,4,11.529793573105605,10.063455063455063,797.4399783749695,2352
3553.0,7720,0,0,2,11.486383030070469,10.080181347150258,798.0153856578385,2381
3554.0,7725,0,5,0,11.440258377664913,10.148090614886732,798.0187806936219,2401
3555.0,7727,0,4,2,11.403461473846408,10.148699365859972,798.1412257496809,2418
3556.0,7728,0,4,3,11.367768557871274,10.161878881987578,798.2640048346481,2421
3557.0,7730,0,4,2,11.338559995467845,10.158990944372574,798.3202900658365,2442
3558.0,7728,0,3,5,11.307328431001144,10.20898033126294,798.9261973090453,2464
3559.0,7729,0,2,1,11.272676174812524,10.190580928968819,799.3292103506044,2479
3560.0,7728,0,4,5,11.25407052504421,10.222955486542443,799.5996290899285,2512
3561.0,7733,0,6,1,11.251230574911059,10.251519462045778,799.4600580632502,2544
3562.0,7733,0,2,2,11.226029054766814,10.300659511185827,799.6806402909635,2577
3563.0,7731,0,1,3,11.20105099751035,10.382615444315094,799.8658332318055,2613
3564.0,7737,0,6,0,11.185518437911687,10.455602946878635,799.7836470523673,2640
3565.0,7740,0,5,2,11.158516099183945,10.53062015503876,799.6914124896008,2668
3566.0,7741,0,3,2,11.133951569351831,10.619816561167807,800.0050950593362,2691
3567.0,7743,0,4,2,11.117501343405642,10.713547720521762,800.278270909943,2716
3568.0,7750,0,8,1,11.097732854737238,10.815096774193549,800.078064949763,2743
3569.0,7750,0,2,2,11.061179431179166,10.900129032258064,800.488344671549,2771
3570.0,7755,0,7,2,11.019394292084122,10.998839458413926,800.4812947922384,2797
3571.0,7753,0,3,5,10.985398583049154,11.076615503675997,801.0884945289985,2809
3572.0,7753,0,2,2,10.956784654964586,11.21359473752096,801.5719481885528,2848
3573.0,7757,0,5,1,10.94225823051006,11.356967899961326,801.7101524451462,2880
3574.0,7758,0,3,2,10.91372552425702,11.481825212683681,802.1308674922533,2893
3575.0,7763,0,6,1,10.877925401111947,11.59744943964962,802.1510239137982,2898
3576.0,7766,0,5,2,10.844398509918573,11.70718516610868,802.2274442946637,2923
3577.0,7769,0,3,0,10.81045596372531,11.86162955335307,802.4792339195102,2937
3578.0,7771,0,3,1,10.77165572034574,11.981083515635053,802.8348052755589,2953
3579.0,7772,0,3,2,10.724952568235611,12.180391147709727,803.0971240601657,2965
3580.0,7774,0,3,1,10.681446389328036,12.34731155132493,803.3320288395929,3002
3581.0,7780,0,7,1,10.656180643971776,12.45745501285347,803.0291541462486,3013
3582.0,7782,0,3,1,10.646143715071771,12.610896941660242,803.187428504696,3018
3583.0,7781,0,0,1,10.622213716969664,12.834854131859657,803.8492323477251,3040
3584.0,7785,0,6,2,10.614845295689324,13.027360308285164,803.678433215496,3070
3585.0,7785,0,3,3,10.596356735687039,13.257931920359667,804.0485086954008,3090
3586.0,7788,0,4,1,10.590949196354492,13.406394453004623,804.2765354627533,3110
3587.0,7791,0,4,1,10.578555974098098,13.575792581183416,804.518737859831,3130
3588.0,7791,0,4,4,10.571950170568005,13.742138364779874,804.9438447453583,3149
3589.0,7793,0,3,1,10.565602932826796,13.85294495059669,805.268877371397,3149
3590.0,7791,0,3,5,10.533472593772553,14.003208830702093,805.5087076879896,3166
3591.0,7789,0,0,2,10.528904155115049,14.215560405700346,806.061055982336,3187
3592.0,7791,0,4,2,10.518441795793679,14.439353099730459,806.3767523842216,3216
3593.0,7794,0,3,0,10.502794379255686,14.663715678727225,806.6507431006954,3220
3594.0,7795,0,3,2,10.481242035138518,14.911738293778063,807.088133443681,3239
3595.0,7794,0,1,2,10.465859865722253,15.13317936874519,807.76638718771,3251
3596.0,7794,0,1,1,10.459561418359481,15.336540928919682,808.3177561753649,3271
3597.0,7795,0,1,0,10.433976749257837,15.568569595894804,808.8021126493707,3288
3598.0,7797,0,2,0,10.422243297929048,15.784532512504809,809.1847191566067,3298
3599.0,7799,0,2,0,10.402499956630058,16.052955507116298,809.5690353785607,3325
3600.0,7801,0,3,1,10.392484620481941,16.312139469298806,809.9508897831612,3353
3601.0,7804,0,4,1,10.466198608086277,15.24910302409021,810.1793260385031,3121
3602.0,7803,0,0,1,10.553914615902078,14.444444444444445,810.7402348637988,2947
3603.0,7800,0,0,3,10.661351064109622,13.873589743589744,811.2850379309706,2823
3604.0,7798,0,0,2,10.76852345580992,13.412926391382406,811.9016485622535,2734
3605.0,7798,0,0,0,10.906028947996697,13.042831495255193,812.460582212558,2648
3606.0,7798,0,0,0,11.03417137679423,12.721851756860733,813.0107585414868,2584
3607.0,7798,0,1,1,11.159195854080082,12.430751474737113,813.3373219491491,2518
3608.0,7797,0,0,1,11.265806917959118,12.210337309221496,813.8350443009598,2484
3609.0,7797,0,0,0,11.361296337607271,11.937540079517763,814.362599402343,2423
3610.0,7795,0,0,2,11.448096667845466,11.833226427196921,814.9136245580211,2395
3611.0,7793,0,1,3,11.518426416797347,11.80918773258052,815.6309810982603,2381
3612.0,7791,0,0,2,11.5816670657916,11.801694262610704,816.3116667486515,2387
3613.0,7788,0,0,3,11.638384136748192,11.734206471494607,816.8667089128247,2352
3614.0,7786,0,0,2,11.689606510099773,11.657718982789623,817.4850446391036,2347
3615.0,7783,0,0,3,11.729419847819173,11.557240138763973,818.2663779956964,2323
3616.0,7784,0,1,0,11.775905738089264,11.459789311408016,818.6612487437453,2317
3617.0,7784,0,0,0,11.814440871562306,11.402235354573484,819.1587330223953,2299
3618.0,7781,0,0,3,11.826476746415219,11.349697982264491,819.6834011927075,2281
3619.0,7781,0,0,0,11.833327195207271,11.337231718288137,820.1805244637079,2286
3620.0,7780,0,0,1,11.847751593774326,11.31413881748072,820.6103250949863,2273
3621.0,7779,0,0,1,11.842288977581541,11.273428461241805,821.0492899024898,2260
3622.0,7777,0,0,2,11.837509597834064,11.275813295615276,821.5568914024935,2246
3623.0,7775,0,0,2,11.84141065518219,11.296848874598071,822.0978145185941,2260
3624.0,7775,0,0,0,11.848117008952885,11.278456591639872,822.5941869485056,2270
3625.0,7772,0,0,3,11.845320573752199,11.24305198147195,823.0872057154803,2250
3626.0,7770,0,0,2,11.849227226758085,11.251351351351351,823.5652506028471,2263
3627.0,7768,0,0,2,11.84828428640921,11.254891864057672,823.8826469114871,2277
3628.0,7766,0,0,2,11.843687205958942,11.247875354107649,824.3025282722703,2288
3629.0,7764,0,0,2,11.830632642572041,11.21973209685729,824.5662331043604,2279
3630.0,7762,0,0,2,11.816175517215964,11.181267714506571,825.0118038311197,2268
3631.0,7762,0,0,0,11.797964764607567,11.171862921927339,825.5127817843853,2278
3632.0,7760,0,0,2,11.781184376843344,11.170103092783505,825.9860098614002,2268
3633.0,7759,0,0,1,11.76218880744393,11.150663745328005,826.3980875333644,2273
3634.0,7758,0,0,1,11.73307892154172,11.108533127094612,827.0047781770726,2275
3635.0,7754,0,0,4,11.702875134044874,11.077121485684808,827.4703172000521,2275
3636.0,7750,0,0,4,11.671431529871025,11.068903225806451,827.8551905538469,2283
3637.0,7749,0,0,1,11.628527787661476,11.044263775971093,828.4417729293492,2292
3638.0,7747,0,0,2,11.581029808924251,11.012650058087,829.0205854139837,2290
3639.0,7747,0,0,0,11.528752269580133,10.949012520975861,829.536573144079,2308
3640.0,7746,0,0,1,11.470484655013642,10.980893364317067,830.0016835232232,2312
3641.0,7745,0,0,1,11.416007028787627,10.989928986442866,830.419863005232,2348
3642.0,7746,0,1,0,11.351081096662952,10.970049057578105,830.8374593591669,2366
3643.0,7744,0,0,2,11.294463036822384,10.979467975206612,831.543586740779,2380
3644.0,7742,0,0,2,11.225719252737198,11.045078791010075,832.0577586014936,2403
3645.0,7741,0,2,3,11.16621997812899,11.05516083193386,832.5299136708908,2418
3646.0,7739,0,0,2,11.11175846569436,11.000775293965628,833.1669906665797,2431
3647.0,7739,0,0,0,11.073005978818154,10.98023000387647,833.70730055704,2457
3648.0,7739,0,1,1,11.0307411089049,10.994702157901537,834.2347086197024,2468
3649.0,7739,0,1,1,11.008607558795388,10.97609510272645,834.6351371283458,2490
3650.0,7738,0,0,1,10.98628460267064,11.000646161798915,835.0963719704132,2503
3651.0,7741,0,4,1,10.96188214420557,10.975584549799768,835.3170352645017,2531
3652.0,7740,0,0,1,10.93501267972626,11.020671834625324,835.870181660487,2566
3653.0,7740,0,1,1,10.911158709526797,11.00671834625323,836.1995459064732,2570
3654.0,7740,0,2,2,10.879294752465379,11.028940568475452,836.5641633455223,2607
3655.0,7740,0,2,2,10.853037567419095,11.131007751937984,836.9649999502877,2631
3656.0,7737,0,1,4,10.828141830017746,11.179268450303736,837.3073248129955,2653
3657.0,7734,0,2,5,10.812469529025691,11.217351952417895,837.8012329796622,2657
3658.0,7734,0,1,1,10.786930374323553,11.259762089475045,838.3214014359954,2681
3659.0,7732,0,1,3,10.758268358001596,11.348551474392137,838.7477480729657,2691
3660.0,7732,0,2,2,10.725410260818999,11.421753750646664,838.917659879217,2714
3661.0,7730,0,2,4,10.688335053992082,11.509831824062095,839.0561954811998,2729
3662.0,7726,0,0,4,10.656194129263335,11.607300025886616,839.7125637645756,2758
3663.0,7727,0,3,2,10.632488136076535,11.732367024718519,839.9232553439526,2784
3664.0,7725,0,0,2,10.606138889292234,11.820323624595469,840.5566167528982,2811
3665.0,7725,0,2,2,10.569232233357992,11.955210355987054,840.9403090496519,2814
3666.0,7725,0,1,1,10.537230787445301,12.044919093851133,841.3130912680983,2839
3667.0,7725,0,1,1,10.506385694965594,12.137087378640777,841.7445800742572,2863
3668.0,7724,0,1,2,10.482690337973725,12.296737441740031,842.1594729644808,2885
3669.0,7726,0,3,1,10.46494559198631,12.414185865907326,842.214302583241,2889
3670.0,7725,0,1,2,10.439076340288098,12.583948220064725,842.6107001094446,2913
3671.0,7725,0,0,0,10.402032855214305,12.72673139158576,843.1919863721395,2942
3672.0,7724,0,1,2,10.367396203593307,12.861211807353703,843.6703784497662,2960
3673.0,7724,0,2,2,10.340098030099352,12.980321077162092,844.0449186298046,2982
3674.0,7723,0,0,1,10.319019296185257,13.131814061893047,844.5838559352151,3007
3675.0,7723,0,2,2,10.289852191964917,13.22504208209245,845.1010708492283,3029
3676.0,7722,0,0,1,10.26733322706009,13.382284382284382,845.7685895874042,3058
3677.0,7723,0,3,2,10.243307626884972,13.523242263369157,846.189219405871,3083
3678.0,7723,0,1,1,10.234128556702393,13.74284604428331,846.6664579050586,3094
3679.0,7722,0,1,2,10.216203819725566,13.91996891996892,847.2980314259522,3109
3680.0,7721,0,1,2,10.191633941741495,14.130682554073307,847.9963229140036,3137
3681.0,7719,0,0,2,10.163764524209348,14.291488534784298,848.7723100049734,3148
3682.0,7720,0,1,0,10.141466269412307,14.467875647668393,849.2613008513872,3166
3683.0,7720,0,1,1,10.12421120928113,14.657512953367876,849.8303957393712,3196
3684.0,7718,0,0,2,10.078255423272546,14.930422389220006,850.2990059412124,3221
3685.0,7718,0,1,1,10.043276913210542,15.162995594713657,850.7154389690153,3224
3686.0,7717,0,1,2,10.003410024555368,15.41855643384735,851.1731900076531,3264
3687.0,7717,0,1,1,9.975636062118998,15.675910327847609,851.5804510691312,3282
3688.0,7717,0,1,1,9.947170522580448,15.91253077620837,852.1455303068113,3319
3689.0,7715,0,0,2,9.921306777646356,16.15243033052495,852.7689126804091,3346
3690.0,7713,0,0,2,9.88245030098076,16.4699857383638,853.4098150302768,3363
3691.0,7712,0,1,2,9.902016767907474,15.448132780082988,853.9553871903402,3150
3692.0,7713,0,2,1,9.965701378166804,14.653701542849735,854.3810703178748,2974
3693.0,7708,0,0,5,10.046118951681185,14.115983393876492,855.1811736747908,2851
3694.0,7707,0,0,1,10.158720865343208,13.620864149474503,855.8342685567421,2737
3695.0,7704,0,1,4,10.265465923614459,13.28413811007269,856.1263105747789,2667
3696.0,7704,0,0,0,10.39807867864278,12.983904465212877,856.699798767186,2598
3697.0,7702,0,0,2,10.503583465501295,12.829265125941314,857.1326451572809,2578
3698.0,7702,0,0,0,10.618704582602687,12.686055569981823,857.690373767896,2533
3699.0,7702,0,0,0,10.715006597769015,12.57997922617502,858.2419361448638,2509
3700.0,7700,0,0,2,10.80719996149924,12.614415584415584,858.977552020419,2498
3701.0,7700,0,2,2,10.877026484884228,12.524155844155844,859.3053565327759,2482
3702.0,7700,0,0,0,10.952160835158873,12.475454545454545,859.8410113257897,2477
3703.0,7698,0,0,2,11.001514110718391,12.440504027020005,860.2651477387814,2466
3704.0,7697,0,0,1,11.049978068665066,12.362089125633364,860.6650066230534,2450
3705.0,7696,0,0,1,11.098002600290659,12.258316008316008,861.1425516985333,2432
3706.0,7697,0,1,0,11.135882255371705,12.177731583733923,861.5548599440084,2439
3707.0,7694,0,0,3,11.153447947006546,12.170392513646998,862.2939717416014,2428
3708.0,7694,0,0,0,11.172853483127547,12.134650376917078,862.8162278833059,2410
3709.0,7693,0,0,1,11.187645387748901,12.085792278694917,863.4087430549283,2404
3710.0,7691,0,0,2,11.203469113224017,12.080223638018463,864.0822312075709,2408
3711.0,7688,0,0,3,11.196506044465087,12.070239334027056,864.8751750595476,2416
3712.0,7685,0,0,3,11.194013201409277,11.924788549121665,865.1116229500288,2380
3713.0,7683,0,0,2,11.207286463602015,11.86554731224782,865.551116520517,2375
3714.0,7681,0,0,2,11.207418652131254,11.835047519854186,866.1395400958064,2389
3715.0,7680,0,0,1,11.197664242810166,11.795833333333333,866.7352713206459,2399
3716.0,7679,0,0,1,11.18783848351809,11.771715067066024,867.3650141156987,2397
3717.0,7678,0,0,1,11.184569440429609,11.67087783276895,867.9911420207001,2376
3718.0,7676,0,0,2,11.172982249739771,11.61294945284002,868.5981200162774,2375
3719.0,7673,0,0,3,11.148484929132144,11.53629610321908,869.3827121438839,2363
3720.0,7669,0,0,4,11.120398174734015,11.500065197548572,869.9619340083125,2375
3721.0,7667,0,0,2,11.083797834513886,11.412677709664797,870.709074918683,2372
3722.0,7664,0,0,3,11.051271650221006,11.399660751565762,871.4120556247649,2368
3723.0,7661,0,0,3,11.028770411903201,11.425009789844667,871.9968906185047,2381
3724.0,7661,0,1,1,11.007841946719056,11.368881347082626,872.2656173013731,2383
3725.0,7657,0,0,4,10.985405961219781,11.300901136215227,872.7132667252918,2394
3726.0,7652,0,0,5,10.961816281974976,11.2011238891793,873.5800454107497,2397
3727.0,7649,0,0,3,10.95277325441704,11.135050333376912,873.9380608986476,2403
3728.0,7646,0,0,3,10.932970938372696,11.13248757520272,874.5546933786603,2439
3729.0,7645,0,0,1,10.895418227398089,11.042511445389144,875.1894523714789,2433
3730.0,7642,0,0,3,10.844503398693192,11.077728343365612,875.838362404761,2461
3731.0,7642,0,0,0,10.802589689809727,11.080214603506935,876.378504993267,2482
3732.0,7641,0,0,1,10.77346350547961,11.044496793613401,876.8825904040092,2488
3733.0,7641,0,0,0,10.733668368366693,11.045805522837325,877.4266790017814,2514
3734.0,7640,0,0,1,10.680471071272349,11.065314136125654,877.7718273805057,2521
3735.0,7639,0,1,2,10.63516982492086,11.107474800366541,878.2086264673751,2542
3736.0,7638,0,0,1,10.604930006750402,10.992930086410055,878.6710374591677,2535
3737.0,7637,0,0,1,10.56848684835495,10.978787481995548,879.3338514752251,2548
3738.0,7637,0,1,1,10.520844379186476,10.94618305617389,879.7339947631588,2553
3739.0,7636,0,0,1,10.48777476574676,10.93098480880042,880.4039620596965,2562
3740.0,7633,0,0,3,10.446864265294503,10.948382025415958,880.4529768678202,2586
3741.0,7631,0,0,2,10.414937076764872,10.923601100773162,880.9188516208508,2598
3742.0,7631,0,1,1,10.394445424523955,11.025553662691653,881.2355074725199,2621
3743.0,7630,0,2,3,10.368524265744284,11.079816513761468,881.3387970660214,2652
3744.0,7626,0,1,5,10.351677100039286,11.146079202727512,881.9825560871441,2664
3745.0,7625,0,0,1,10.350818784089505,11.257311475409836,882.5119136627288,2686
3746.0,7622,0,1,4,10.326542086085821,11.317764366308056,883.0259421847181,2704
3747.0,7622,0,0,0,10.296555089709765,11.398058252427184,883.594017119397,2722
3748.0,7624,0,2,0,10.274095744301347,11.534627492130115,883.9330140212669,2751
3749.0,7624,0,1,1,10.24033963895887,11.666054564533054,884.5038626129267,2775
3750.0,7623,0,0,1,10.20424564617294,11.77961432506887,885.0475236325444,2814
3751.0,7622,0,1,2,10.16804559649754,11.89989504067174,885.5873653252474,2831
3752.0,7623,0,1,0,10.13325622790644,12.022169749442476,886.0524093837519,2858
3753.0,7621,0,1,3,10.112236297544593,12.130297861173075,886.6951222164696,2875
3754.0,7621,0,1,1,10.08815955044785,12.212570528801994,887.1673828859956,2888
3755.0,7621,0,2,2,10.05804064128091,12.38472641385645,887.7254667821765,2912
3756.0,7620,0,1,2,10.038156531257043,12.567979002624671,887.9276747530007,2950
3757.0,7618,0,0,2,10.010865309825306,12.737595169335783,888.5768444822679,2967
3758.0,7618,0,2,2,9.991553758862294,12.901680231031767,889.1110740473662,2976
3759.0,7617,0,1,2,9.96447540268608,13.053433110148353,889.8096560513245,2999
3760.0,7614,0,0,3,9.940214964367728,13.18360914105595,890.5599803867489,3001
3761.0,7613,0,2,3,9.913835259791064,13.322868777091816,891.1000651433812,3032
3762.0,7612,0,0,1,9.880841614950771,13.486600105097216,891.59320075081,3062
3763.0,7609,0,1,4,9.842570705017204,13.644105664344854,892.2339751930648,3080
3764.0,7608,0,0,1,9.806177182443653,13.83596214511041,892.9530184616784,3116
3765.0,7604,0,0,4,9.766552783529352,14.04615991583377,893.8631224069214,3142
3766.0,7605,0,1,0,9.75368698120708,14.258382642998027,894.3522779538982,3170
3767.0,7605,0,2,2,9.737127288212653,14.47232084155161,894.8214835282125,3197
3768.0,7605,0,2,2,9.706665236015834,14.656015779092701,895.2247292135495,3233
3769.0,7605,0,0,0,9.676654281625698,14.91137409598948,895.8370090185523,3266
3770.0,7603,0,0,2,9.649975215141822,15.132184663948442,896.3134073071709,3299
3771.0,7600,0,0,3,9.63215826841543,15.369342105263158,897.2044164691055,3314
3772.0,7600,0,1,1,9.613350220335132,15.63,897.7926204719797,3348
3773.0,7598,0,0,2,9.596766649186973,15.888918136351672,898.3124545511195,3386
3774.0,7597,0,0,1,9.577261418771721,16.200737133078846,899.0146937357717,3416
3775.0,7598,0,1,0,9.548661273775336,16.447354566991315,899.5174509803062,3423
3776.0,7595,0,1,4,9.513751288163949,16.69203423304806,900.0193081855018,3429
3777.0,7594,0,0,1,9.478656616841128,16.93889913089281,900.7570445874209,3450
3778.0,7594,0,0,0,9.463079655350136,17.217671846194364,901.3829935153431,3472
3779.0,7592,0,0,2,9.440296282561238,17.499209694415175,902.0229333751424,3506
3780.0,7592,0,0,0,9.421562901995074,17.777528977871444,902.652665761423,3524
3781.0,7588,0,0,4,9.450254253883582,16.75237216657881,903.4115126324784,3298
3782.0,7587,0,0,1,9.523867672368402,16.05338078291815,904.1113241231275,3119
3783.0,7585,0,1,3,9.614433729272465,15.526565589980224,904.6316276321704,2995
3784.0,7585,0,1,1,9.734251690606213,15.006987475280159,905.1122430327903,2875
3785.0,7583,0,0,2,9.858563806477012,14.644731636555454,905.7391053402613,2785
3786.0,7582,0,0,1,10.001091218111005,14.392772355579003,906.4048154400415,2711
3787.0,7580,0,1,3,10.129879113113741,14.18179419525066,907.1408108514212,2655
3788.0,7578,0,0,2,10.244277691278187,14.020717867511216,907.7914066256914,2615
3789.0,7576,0,0,2,10.355557594726363,13.90232312565998,908.5557934127232,2586
3790.0,7574,0,0,2,10.464820572128279,13.683654607869025,909.2923792178669,2530
3791.0,7572,0,0,2,10.541092497605007,13.544902271526677,909.8252390254485,2506
3792.0,7568,0,0,4,10.617633035700548,13.430496828752643,910.4076414919156,2467
3793.0,7567,0,0,1,10.670000372224589,13.325095810757235,911.0687514319894,2456
3794.0,7564,0,0,3,10.703981948466149,13.206107879428874,911.8590206772546,2447
3795.0,7561,0,0,3,10.735276628885364,13.135035048274037,912.6759898683061,2451
3796.0,7559,0,0,2,10.751954654982969,13.069585924064029,913.2510308830124,2442
3797.0,7557,0,0,2,10.766704525800975,13.016011644832606,913.9367726596699,2453
3798.0,7553,0,0,4,10.759155095787484,12.943333774659076,914.475482649731,2449
3799.0,7551,0,0,2,10.770517771739492,12.88518077075884,914.9754638797987,2453
3800.0,7549,0,0,2,10.770090091304532,12.830573585905418,915.55138110011,2439
3801.0,7547,0,0,2,10.769994257795469,12.811448257585795,916.2495957275873,2419
3802.0,7543,0,0,4,10.784768481040283,12.71311149410049,916.9269949406445,2407
3803.0,7540,0,0,3,10.779069637587007,12.643633952254643,917.437272194034,2393
3804.0,7539,0,0,1,10.776967920051458,12.586549940310386,918.0428458597607,2390
3805.0,7539,0,0,0,10.75302350883767,12.530043772383605,918.5762016158669,2382
3806.0,7538,0,0,1,10.741285936728433,12.498408065799946,919.194326540753,2406
3807.0,7539,0,1,0,10.718409893991282,12.515055047088474,919.6069944140037,2424
3808.0,7539,0,0,0,10.692299066020812,12.463324048282265,920.1439768006395,2435
3809.0,7536,0,0,3,10.664115311724547,12.44041932059448,920.5081900946212,2440
3810.0,7534,0,0,2,10.64410202786184,12.461507831165383,920.8249766762905,2443
3811.0,7530,0,1,5,10.600860511510293,12.439575033200532,920.9445696157616,2442
3812.0,7526,0,0,4,10.573047471272055,12.449774116396492,921.536087809116,2445
3813.0,7521,0,0,4,10.540115567017397,12.482648583964899,922.2244678455028,2448
3814.0,7518,0,0,3,10.510511866006508,12.381883479648844,922.715279977943,2463
3815.0,7516,0,0,2,10.486447845764243,12.331160191591271,923.1547237655362,2464
3816.0,7516,0,0,0,10.461723033652591,12.275146354443853,923.7042974950306,2458
3817.0,7513,0,0,3,10.445383918853377,12.275256222547585,924.0660041323573,2477
3818.0,7511,0,0,2,10.423259656788929,12.265344161895886,924.6327572516167,2499
3819.0,7508,0,0,3,10.397714437886195,12.252131060202451,924.9411993235923,2516
3820.0,7506,0,0,2,10.36348554793658,12.293232081001864,925.546157474513,2524
3821.0,7504,0,0,2,10.334658517077193,12.31889658848614,925.7680346203479,2532
3822.0,7504,0,0,0,10.300782824489106,12.287313432835822,926.3291418170813,2537
3823.0,7501,0,0,3,10.26759681259435,12.307159045460605,927.1596083218276,2546
3824.0,7501,0,0,0,10.240682136086939,12.305425943207572,927.7250310938844,2579
3825.0,7500,0,0,1,10.200032919174726,12.3228,928.047607477215,2610
3826.0,7500,0,1,1,10.163179773787004,12.263866666666667,928.4269482975578,2615
3827.0,7498,0,0,2,10.118790534398633,12.26540410776207,928.8645956512865,2622
3828.0,7498,0,0,0,10.083164681379571,12.26633769005068,929.4410661905512,2632
3829.0,7495,0,1,4,10.051052682237609,12.292995330220148,929.555807479504,2647
3830.0,7493,0,0,2,10.018945462305291,12.323902308821566,930.103651151813,2671
3831.0,7494,0,2,1,10.002320191917859,12.329730451027489,930.5293255814711,2673
3832.0,7494,0,1,1,9.996426797139833,12.316653322658127,931.0594502651531,2672
3833.0,7495,0,1,0,9.996608503894345,12.371180787191461,931.5165938267487,2683
3834.0,7494,0,2,3,9.980964759682399,12.421403789698426,931.8035507753041,2712
3835.0,7493,0,1,2,9.961977740078254,12.484719071133057,932.2537393220637,2744
3836.0,7494,0,1,0,9.937414208096316,12.590605817987724,932.7143515931991,2770
3837.0,7494,0,2,2,9.910748739046491,12.663464104617027,933.2541279096253,2785
3838.0,7495,0,2,1,9.874232788405399,12.706871247498333,933.7015592736111,2794
3839.0,7495,0,2,2,9.833563700913587,12.821480987324883,934.2586214746078,2829
3840.0,7494,0,1,2,9.791085173185937,12.891513210568455,934.742348190362,2848
3841.0,7494,0,2,2,9.754418873591478,12.955831331732051,935.3081626052168,2865
3842.0,7496,0,3,1,9.71801241005481,13.060298826040555,935.4331033140562,2903
3843.0,7494,0,1,3,9.66502244149499,13.078462770216174,936.1948369639344,2912
3844.0,7492,0,1,3,9.615251350166393,13.167111585691405,936.9617307729046,2949
3845.0,7493,0,2,1,9.576985538588549,13.300146803683438,937.2691970456159,2981
3846.0,7493,0,3,3,9.541893679167245,13.379287334845856,937.8357792814688,2993
3847.0,7491,0,1,3,9.495614556882005,13.48631691362969,938.4332289074566,3018
3848.0,7492,0,2,1,9.460743261609274,13.654564869193807,938.7489449333755,3043
3849.0,7490,0,0,2,9.44650912993257,13.773030707610147,939.4499168860415,3052
3850.0,7490,0,4,4,9.419169107840059,13.91068090787717,939.7129211018099,3073
3851.0,7489,0,0,1,9.403932950690471,14.04686874081987,940.2112767074501,3090
3852.0,7487,0,0,2,9.375816052621818,14.107519700814745,940.9048447931947,3102
3853.0,7486,0,2,3,9.350202260510162,14.221079348116485,941.2868172099949,3121
3854.0,7486,0,2,2,9.325308549479116,14.399679401549559,941.652103434608,3146
3855.0,7484,0,0,2,9.314969666848413,14.554249064671298,942.3234776558693,3157
3856.0,7484,0,2,2,9.291032464647332,14.707242116515232,942.9158172302097,3189
3857.0,7483,0,0,1,9.278989596623685,14.843912869170119,943.4860541599217,3223
3858.0,7481,0,0,2,9.268082045795218,15.045983157331907,944.1589369990423,3247
3859.0,7482,0,1,0,9.262770331499333,15.221732157177225,944.6597168410221,3263
3860.0,7483,0,2,1,9.24611217869021,15.456367766938394,945.1279946449407,3295
3861.0,7481,0,0,2,9.225093539157914,15.698035022055874,945.5716339764441,3336
3862.0,7480,0,0,1,9.211509738558396,15.887566844919785,946.3228781228585,3338
3863.0,7477,0,0,3,9.187306044499893,16.11154206232446,947.0757217658315,3370
3864.0,7474,0,0,3,9.161998704228058,16.36085094995986,948.0386380416145,3390
3865.0,7473,0,0,1,9.133919458777678,16.63762879700254,948.5689146034858,3408
3866.0,7469,0,0,4,9.09321161590837,16.865443834516,949.1180714254637,3430
3867.0,7469,0,1,1,9.056832975252226,17.134288392020352,949.705117149954,3461
3868.0,7469,0,3,3,9.010388819126657,17.425358147007632,949.9414962356949,3482
3869.0,7469,0,0,0,8.975186391777006,17.736243138304992,950.5872391065126,3499
3870.0,7467,0,0,2,8.936419080855597,18.011115575197536,951.4785289888191,3517
3871.0,7467,0,0,0,8.958357211835574,17.051694120798178,952.1246448468019,3314
3872.0,7466,0,0,1,9.012074666874469,16.40208947227431,952.8892262835499,3174
3873.0,7463,0,0,3,9.101330843196088,15.981776765375853,953.8184949185712,3071
3874.0,7463,0,0,0,9.22663757111591,15.470052257805172,954.4446540202156,2944
3875.0,7462,0,1,2,9.353331643319677,15.159742696328061,955.1803764127675,2885
3876.0,7463,0,1,0,9.491976928367096,14.897628299611416,955.6597184826581,2833
3877.0,7459,0,0,5,9.602251173866136,14.63748491754927,956.8083798055944,2766
3878.0,7459,0,0,0,9.719501684566227,14.430352594181526,957.3994849151484,2717
3879.0,7457,0,0,2,9.824326096729235,14.269008984846453,958.1377568144783,2684
3880.0,7453,0,0,4,9.905722670334267,14.177646585267677,958.7531834169235,2643
3881.0,7452,0,0,1,9.96253245812444,14.092592592592593,959.4550574230948,2627
3882.0,7449,0,1,4,10.0023371724607,13.955027520472546,959.8683004609668,2620
3883.0,7446,0,0,3,10.051181707237602,13.827961321514907,960.7562342205395,2604
3884.0,7445,0,0,1,10.075981525734615,13.659905977165883,961.2835511406649,2582
3885.0,7442,0,0,3,10.114904603793375,13.629400698736898,961.9784140308068,2580
3886.0,7440,0,0,2,10.141432207804597,13.590725806451612,962.4163545562319,2569
3887.0,7438,0,0,2,10.16303728702235,13.436407636461414,962.8048428165988,2527
3888.0,7435,0,0,3,10.17238191683118,13.338399462004036,963.5452802019945,2512
3889.0,7431,0,0,5,10.169994460634758,13.319068765980353,964.3108535370479,2506
3890.0,7426,0,0,5,10.175118419187323,13.19485591166173,964.7523353123242,2481
3891.0,7424,0,0,2,10.175416370475894,13.15301724137931,965.1811373620989,2471
3892.0,7420,0,0,4,10.16938074188856,13.138948787061995,965.9417196458079,2476
3893.0,7419,0,0,1,10.167432595978916,13.135732578514624,966.5007383468602,2467
3894.0,7416,0,0,2,10.151738178192952,13.14401294498382,967.1406209027023,2469
3895.0,7414,0,0,2,10.153605833762496,13.038980307526302,967.7877091123488,2467
3896.0,7414,0,1,1,10.164959193548164,12.92096034529269,968.3427125652972,2448
3897.0,7411,0,0,3,10.156200239105633,12.837133990014843,969.2537875544685,2463
3898.0,7411,0,0,0,10.15913762229047,12.71393873971124,969.8116796059137,2438
3899.0,7410,0,0,1,10.138322856357407,12.642240215924426,970.4957649469926,2452
3900.0,7407,0,0,3,10.114281260862327,12.587012285675712,971.142461634586,2472
3901.0,7406,0,0,1,10.092684997333151,12.552930056710775,971.7971757678733,2473
3902.0,7403,0,0,3,10.06574827281505,12.515601783060921,972.4437233301157,2508
3903.0,7402,0,0,1,10.046684811021725,12.451634693326127,972.9516442195186,2533
3904.0,7402,0,1,1,10.017007157316026,12.390570116184815,973.3167610231276,2539
3905.0,7400,0,1,3,9.97619225373051,12.307297297297298,973.9202642451716,2548
3906.0,7397,0,0,3,9.948955729364432,12.261186967689603,974.7817164758826,2567
3907.0,7394,0,0,3,9.907145272729355,12.226264538815256,975.4918485755244,2599
3908.0,7394,0,1,1,9.876365705450558,12.171355152826616,976.0128079045851,2613
3909.0,7393,0,0,2,9.841068304200762,12.021777356959285,976.6348591689547,2600
3910.0,7392,0,0,1,9.801279585492054,11.89650974025974,977.3008046114774,2636
3911.0,7388,0,0,4,9.753029656558846,11.8408229561451,977.798222913146,2647
3912.0,7384,0,0,4,9.705257211825002,11.713569880823401,978.6257900064174,2652
3913.0,7384,0,0,0,9.667633134667817,11.688244853737812,979.213779738629,2686
3914.0,7382,0,1,3,9.627552756952714,11.671904632890815,979.6682243793673,2701
3915.0,7381,0,1,2,9.59047244301524,11.587318791491668,980.2014367824279,2708
3916.0,7380,0,0,1,9.555405397359591,11.554742547425475,980.9266234346741,2723
3917.0,7378,0,0,2,9.533104571683804,11.479804825155869,981.4062194123505,2710
3918.0,7375,0,0,3,9.513418472485647,11.478372881355932,982.176241254985,2721
3919.0,7372,0,1,4,9.486551492191445,11.431361909929462,982.7745085311677,2748
3920.0,7368,0,0,4,9.472745760546369,11.395358306188925,983.2602618802292,2744
3921.0,7366,0,1,3,9.45851753730823,11.314281835460223,983.4010319546559,2752
3922.0,7365,0,1,2,9.433699728361741,11.235302104548541,984.0774710705762,2748
3923.0,7358,0,0,7,9.40061519804633,11.240554498505029,984.4053559135017,2772
3924.0,7359,0,2,1,9.381957236147343,11.205055034651448,984.7574142465162,2786
3925.0,7355,0,0,4,9.36927887988377,11.19320190346703,985.5771927988854,2795
3926.0,7353,0,0,2,9.347193235640056,11.21515027879777,986.3820043844056,2804
3927.0,7353,0,1,1,9.3203760712133,11.242078063375493,986.9553978152944,2824
3928.0,7351,0,0,2,9.288148680272002,11.333560059855802,987.5100214237648,2835
3929.0,7353,0,2,0,9.258255945502317,11.354957160342718,987.8520896636015,2857
3930.0,7352,0,0,1,9.247477786482216,11.417437431991296,988.547387966409,2884
3931.0,7352,0,1,1,9.22536026580852,11.511425462459195,989.128730316603,2916
3932.0,7351,0,0,1,9.212056025505726,11.5610121071963,989.6337779071982,2942
3933.0,7353,0,2,0,9.19723826048934,11.598259213926289,989.9799045377152,2959
3934.0,7353,0,2,2,9.18329192020447,11.656194750441996,990.3940553275488,2981
3935.0,7352,0,2,3,9.166424972717106,11.736806311207834,990.7734867022408,2980
3936.0,7350,0,0,2,9.149467161906692,11.816326530612244,991.1238695230966,2979
3937.0,7348,0,2,4,9.12531690879952,11.898067501360915,991.1263064214431,3002
3938.0,7348,0,2,2,9.104897987772214,11.985166031573216,991.3734774247665,3010
3939.0,7344,0,0,4,9.086021358229894,12.080201525054466,992.0952218820973,3028
3940.0,7341,0,1,4,9.054037641528705,12.210189347500341,992.1042311687786,3050
3941.0,7339,0,1,3,9.028947059862594,12.397738111459327,992.4237093722423,3063
3942.0,7339,0,1,1,9.001981721632589,12.575418994413408,992.8796899954549,3085
3943.0,7340,0,2,1,8.982058168686486,12.785558583106267,993.3489063472632,3110
3944.0,7339,0,1,2,8.953825108696153,12.93486851069628,993.6891172062757,3128
3945.0,7337,0,0,2,8.935555524598504,13.16001090363909,994.4583850052489,3155
3946.0,7338,0,3,2,8.913708641402833,13.306759334968657,994.6270880112285,3190
3947.0,7335,0,1,4,8.87885541318397,13.499250170415815,995.4095164765744,3213
3948.0,7332,0,0,3,8.851354453488728,13.731451172940535,996.2780130948059,3234
3949.0,7331,0,2,3,8.828380996638128,13.998363115536762,996.7126621427552,3276
3950.0,7327,0,0,4,8.79346092882142,14.297256721714207,997.5940944248192,3309
3951.0,7326,0,1,2,8.7649175854366,14.526617526617526,998.0918918256498,3330
3952.0,7319,0,0,7,8.74053654180872,14.77046044541604,998.8318485425419,3361
3953.0,7317,0,0,2,8.714884591153014,15.029246959136257,999.6903354990258,3383
3954.0,7314,0,1,4,8.698234965784255,15.284659557013946,1000.214554032339,3401
3955.0,7311,0,1,4,8.685479961236267,15.497332786212556,1000.6604448232015,3413
3956.0,7307,0,0,4,8.669814846249718,15.701108526070891,1000.8491639980127,3418
3957.0,7303,0,0,4,8.644670543980249,15.940435437491441,1001.6322317593114,3441
3958.0,7298,0,1,6,8.626690420169123,16.201425047958345,1001.8372608319665,3454
3959.0,7296,0,0,2,8.617865275323192,16.497532894736842,1002.1391717389862,3492
3960.0,7294,0,0,2,8.605386470788007,16.751028242391005,1003.066690279709,3501
3961.0,7293,0,0,1,8.647537901997394,15.787467434526258,1003.6425814081259,3297
3962.0,7294,0,1,0,8.721949651088785,15.174527008500137,1004.1540440508824,3155
3963.0,7294,0,1,1,8.819714149921158,14.680833561831642,1004.6339902398404,3044
3964.0,7293,0,0,1,8.926568168916749,14.248320307143837,1005.2475990596012,2945
3965.0,7292,0,0,1,9.042468804735334,13.928414701042238,1006.0083324828743,2872
3966.0,7291,0,0,1,9.161132515383155,13.629268961733644,1006.7608474834749,2831
3967.0,7290,0,0,1,9.273040265162326,13.38724279835391,1007.185186338092,2761
3968.0,7286,0,0,4,9.363365271272668,13.139308262421082,1007.9670454084919,2727
3969.0,7284,0,0,2,9.442422314098646,12.944398682042834,1008.5711954730833,2684
3970.0,7282,0,0,2,9.497597531613478,12.727547377094204,1009.1100429163414,2666
3971.0,7281,0,0,1,9.563623649015172,12.558851806070594,1009.8287079519179,2632
3972.0,7279,0,0,2,9.617130243107626,12.520813298530017,1010.1860075762473,2617
3973.0,7279,0,0,0,9.65977392014757,12.480423135046022,1010.765682793521,2614
3974.0,7278,0,0,1,9.697936624882582,12.33402033525694,1011.3266088020309,2612
3975.0,7278,0,1,1,9.733922003433966,12.249244297884035,1011.7442779790965,2597
3976.0,7276,0,0,2,9.752031339057792,12.163413963716328,1012.4368826569448,2578
3977.0,7272,0,0,4,9.775763978932053,12.035891089108912,1012.8139766695052,2560
3978.0,7269,0,0,3,9.794092596292256,11.97908928325767,1013.4469869713923,2543
3979.0,7268,0,0,1,9.813183034082604,11.953907539900936,1014.0704893411801,2539
3980.0,7265,0,0,3,9.821235800533783,11.906538196834136,1014.9662483930827,2529
3981.0,7263,0,0,2,9.828339783246467,11.891229519482307,1015.4327288362176,2515
3982.0,7260,0,0,3,9.831495094437853,11.911570247933884,1016.1551390714959,2500
3983.0,7257,0,0,3,9.834285473442595,11.87901336640485,1016.5373056189749,2504
3984.0,7255,0,0,2,9.827281179599721,11.864782908339077,1016.9197348432248,2475
3985.0,7253,0,0,2,9.818443693474014,11.84378877705777,1017.5145263680889,2484
3986.0,7251,0,0,2,9.814279542858637,11.839884153909805,1018.1012488870228,2484
3987.0,7248,0,0,3,9.803896473127432,11.881622516556291,1018.9345079204278,2484
3988.0,7248,0,0,0,9.794699388025725,11.847544150110375,1019.50149385212,2483
3989.0,7245,0,0,3,9.78353730993167,11.86583850931677,1019.9557815335444,2493
3990.0,7242,0,0,3,9.766896625465366,11.9015465341066,1020.7011122999584,2521
3991.0,7241,0,0,1,9.760185654717908,11.920591078580307,1021.2095143726965,2513
3992.0,7238,0,0,3,9.738437650149502,11.94363083724786,1022.094623420692,2517
3993.0,7237,0,0,1,9.722310367723434,11.978305927870665,1022.6110822367064,2517
3994.0,7233,0,1,5,9.696523845157627,11.980229503663763,1023.1294957855398,2528
3995.0,7231,0,0,2,9.6887603830422,11.91218365371318,1023.4748894755479,2525
3996.0,7228,0,0,3,9.672196026549226,11.942169341449917,1024.2253609688432,2536
3997.0,7226,0,0,2,9.657956733150536,11.969139219485193,1024.751131504247,2534
3998.0,7226,0,0,0,9.636091469024429,12.014254082479933,1025.328618991064,2554
3999.0,7222,0,0,4,9.590959520858297,12.110911104957076,1025.8735423772248,2579
4000.0,7219,0,0,3,9.552235640558985,12.158609225654523,1026.4343873881207,2591
4001.0,7217,0,0,2,9.502903508526384,12.277816267147013,1026.8596640018,2621
4002.0,7217,0,1,1,9.45761518057167,12.337397810724678,1027.150489929643,2628
4003.0,7215,0,0,2,9.422198208836013,12.3991683991684,1027.776259473701,2643
4004.0,7212,0,0,3,9.371419204062992,12.46630615640599,1027.93171553797,2660
4005.0,7210,0,0,2,9.330543387956196,12.451317614424411,1028.584415447409,2683
4006.0,7208,0,0,2,9.297231431272046,12.393867924528301,1029.1745505049262,2669
4007.0,7207,0,0,1,9.271619767430046,12.379214652421258,1029.8489946773145,2675
4008.0,7205,0,0,2,9.238249087646679,12.442748091603054,1030.4383373425383,2692
4009.0,7204,0,1,2,9.203012563958074,12.428928373126041,1030.9071690086025,2699
4010.0,7201,0,0,3,9.167509485618783,12.494375781141509,1031.3928370148585,2737
4011.0,7195,0,0,6,9.13900552486956,12.528700486448923,1031.8642084103235,2756
4012.0,7195,0,1,1,9.103509491582962,12.547741487143849,1032.2398634296494,2763
4013.0,7192,0,0,3,9.070786262341676,12.576751946607342,1032.5982958519176,2791
4014.0,7188,0,0,4,9.028898189100056,12.643850862548693,1032.963170987976,2830
4015.0,7190,0,2,0,8.995082707327429,12.74826147426982,1033.2917428830015,2858
4016.0,7188,0,0,2,8.962480743965356,12.82262103505843,1033.9972567166055,2880
4017.0,7185,0,0,3,8.925208633918182,12.84008350730689,1034.619207922908,2885
4018.0,7185,0,2,2,8.88882882998177,12.945581071677106,1034.8400321479216,2922
4019.0,7185,0,0,0,8.859723452862982,13.050939457202505,1035.4643439698307,2930
4020.0,7183,0,0,2,8.831925307738874,13.157872755116246,1036.1245204754327,2948
4021.0,7181,0,1,3,8.80425736323886,13.201503968806573,1036.5418099027324,2976
4022.0,7180,0,1,2,8.782970277381345,13.28565459610028,1036.8683568800082,2979
4023.0,7178,0,0,2,8.764049666076405,13.371830593480079,1037.707060749423,2999
4024.0,7174,0,1,5,8.743693451464626,13.447727906328408,1038.3332216529443,3009
4025.0,7171,0,0,3,8.714798429406969,13.530051596708967,1039.165252540011,3015
4026.0,7170,0,1,2,8.683685407293819,13.652440725244073,1039.734848677729,3051
4027.0,7167,0,0,3,8.648542189292186,13.709780940421377,1040.5180454272281,3058
4028.0,7164,0,1,4,8.623364959676394,13.811139028475711,1040.9406490680813,3059
4029.0,7164,0,0,0,8.603224399229637,13.94249022892239,1041.5814353956325,3079
4030.0,7160,0,0,4,8.584381680718295,14.047206703910614,1042.2720605545771,3105
4031.0,7158,0,1,3,8.568190739273891,14.184548756635932,1042.4553889234808,3127
4032.0,7156,0,0,2,8.54878787031059,14.343627724986026,1043.0107377690595,3140
4033.0,7153,0,1,4,8.508311867209693,14.560184537956102,1043.7005405234142,3168
4034.0,7151,0,0,2,8.49571878929171,14.8021255768424,1044.0720561400015,3185
4035.0,7147,0,0,4,8.47310477093944,14.978172659857282,1045.081524720994,3218
4036.0,7146,0,1,2,8.46262885784534,15.145116148894486,1045.308897870789,3237
4037.0,7143,0,0,3,8.438177313215764,15.347613047739046,1045.9144413245679,3252
4038.0,7142,0,1,2,8.417094493770346,15.562867544105293,1046.1130798180352,3268
4039.0,7142,0,1,1,8.398455366535119,15.842901148137777,1046.5537942161236,3312
4040.0,7142,0,1,1,8.383892540563508,16.094931391767012,1047.0088201605327,3335
4041.0,7137,0,0,5,8.351638474231102,16.323945635421044,1047.8643117385518,3354
4042.0,7133,0,0,4,8.316699354220134,16.57955979251367,1048.6805511672303,3380
4043.0,7133,0,0,0,8.305383951328087,16.84270293004346,1049.3416062214787,3399
4044.0,7130,0,0,3,8.281463809071559,17.126227208976157,1049.7334054458297,3434
4045.0,7127,0,0,3,8.260670998155206,17.415883260839063,1050.2515695071104,3467
4046.0,7128,0,1,0,8.233266743379614,17.66750841750842,1050.769934597492,3477
4047.0,7126,0,0,2,8.213694384381837,17.97698568621948,1051.6615445557268,3486
4048.0,7125,0,0,1,8.184260991587573,18.24701754385965,1052.4393537620708,3520
4049.0,7123,0,0,2,8.155020664778814,18.484486873508352,1053.048732133443,3540
4050.0,7123,0,1,1,8.124872473109425,18.781412326267024,1053.6450643660107,3571
4051.0,7123,0,0,0,8.168282203836538,17.903973045065282,1054.314422689556,3376
4052.0,7120,0,0,3,8.24008013769237,17.316573033707865,1055.3196672604204,3237
4053.0,7117,0,0,3,8.322819111736184,16.952789096529436,1056.3712499931817,3143
4054.0,7117,0,1,1,8.435468022778805,16.541520303498665,1056.7906477170284,3043
4055.0,7116,0,0,1,8.553298857189496,16.217818999437885,1057.5246663401851,2962
4056.0,7114,0,0,2,8.668887601577032,16.013072814169245,1058.135576640107,2920
4057.0,7113,0,0,1,8.771335541344385,15.829185997469422,1058.668111134275,2879
4058.0,7112,0,0,1,8.863373762297423,15.577896512935883,1059.2485492631852,2829
4059.0,7111,0,0,1,8.946697397796505,15.356911826747293,1060.006733612872,2802
4060.0,7108,0,0,3,9.01968383707747,15.215531795160382,1060.6156185997847,2771
4061.0,7107,0,0,1,9.0768339384051,14.997607992120445,1061.3585730623097,2736
4062.0,7106,0,0,1,9.126331089282976,14.955811989867717,1062.0520200647834,2729
4063.0,7104,0,0,2,9.170793531813064,14.886120495495495,1062.7259600254001,2720
4064.0,7102,0,0,2,9.205976212512313,14.841171500985638,1063.1147983326277,2692
4065.0,7101,0,0,1,9.244809562820054,14.763976904661316,1063.8071050409783,2666
4066.0,7100,0,0,1,9.288989862552954,14.69338028169014,1064.2455502947194,2644
4067.0,7098,0,0,2,9.312970123177381,14.65469146238377,1064.8649051682312,2624
4068.0,7095,0,0,3,9.324285105874125,14.67878787878788,1065.1675709622302,2627
4069.0,7093,0,0,2,9.335985785631152,14.620611870858593,1065.523779979671,2609
4070.0,7090,0,0,3,9.341973220888711,14.528208744710861,1066.5043129798921,2588
4071.0,7088,0,0,2,9.356602115429496,14.41944130925508,1067.1468574074042,2584
4072.0,7088,0,0,0,9.354667881897015,14.34762979683973,1067.7294511173513,2575
4073.0,7087,0,0,1,9.351576796837879,14.264710032453788,1068.2629039737867,2572
4074.0,7087,0,0,0,9.33991873955605,14.13475377451672,1068.8467376709702,2561
4075.0,7086,0,0,1,9.329761479129933,14.00762066045724,1069.5783318100296,2545
4076.0,7084,0,0,2,9.314275326506754,13.923913043478262,1070.4346842465188,2542
4077.0,7084,0,0,0,9.303896213693388,13.891727837380012,1071.0201743842338,2525
4078.0,7084,0,0,0,9.29093577669851,13.796442687747035,1071.606976867195,2509
4079.0,7084,0,0,0,9.274551145367452,13.792631281761716,1072.1948405533374,2513
4080.0,7084,0,0,0,9.252426047427216,13.784584980237154,1072.7839683311734,2520
4081.0,7082,0,0,2,9.243699854354551,13.748517367975149,1073.6141471433295,2518
4082.0,7081,0,0,1,9.239960267273624,13.71727157181189,1074.1743509398261,2515
4083.0,7079,0,0,2,9.224857966340943,13.658285068512502,1074.9777804812384,2523
4084.0,7077,0,0,2,9.194241643957037,13.630775752437474,1075.8545724336948,2530
4085.0,7077,0,1,1,9.176946539703186,13.590787056662428,1076.2266456581726,2550
4086.0,7074,0,0,3,9.147435849002989,13.501554990104609,1077.0544109571103,2542
4087.0,7073,0,0,1,9.134305550376457,13.458080022621235,1077.6121981317822,2556
4088.0,7072,0,0,1,9.103854586999022,13.45814479638009,1078.1445768898714,2583
4089.0,7071,0,0,1,9.061381789460059,13.455381134210155,1078.6850903095858,2592
4090.0,7070,0,0,1,9.02278874703227,13.492927864214993,1079.1267430628975,2611
4091.0,7069,0,0,1,8.978889461636374,13.52355354364125,1079.5248828862238,2622
4092.0,7067,0,0,2,8.935372860280578,13.518324607329843,1080.1815259128362,2646
4093.0,7065,0,0,2,8.904078669194707,13.54281670205237,1080.7743737539306,2678
4094.0,7064,0,0,1,8.881695814308285,13.579275198187995,1081.225055050831,2693
4095.0,7061,0,0,3,8.845239190041996,13.601897748194308,1081.8772912131815,2710
4096.0,7060,0,1,2,8.822222590961537,13.597592067988668,1082.127390643691,2720
4097.0,7058,0,0,2,8.79484215208399,13.572825162935676,1082.5493805018216,2720
4098.0,7055,0,0,3,8.748200687287117,13.575761871013466,1083.0197378012383,2741
4099.0,7053,0,0,2,8.728790513203062,13.60343116404367,1083.6008095209677,2754
4100.0,7048,0,0,5,8.705104397108068,13.649545970488083,1084.4748466127521,2780
4101.0,7047,0,1,2,8.68172802336106,13.699588477366255,1084.995464779374,2810
4102.0,7044,0,0,3,8.668386338898523,13.732396365701305,1085.8384144340048,2823
4103.0,7043,0,1,2,8.655387792920493,13.812011926735765,1086.4134692590783,2853
4104.0,7043,0,1,1,8.638251789191763,13.86979980122107,1087.0017973731624,2876
4105.0,7042,0,0,1,8.625787402257261,13.953138312979267,1087.500144343259,2906
4106.0,7038,0,0,4,8.595943501805493,14.07814720090935,1088.2556028493127,2943
4107.0,7039,0,1,0,8.567023887620655,14.210683335701093,1088.7365879713388,2962
4108.0,7038,0,1,2,8.535961854067816,14.351236146632566,1089.445527096561,2976
4109.0,7035,0,0,3,8.506829266493662,14.463681592039801,1090.4137225718946,3007
4110.0,7031,0,1,5,8.474544450562393,14.633195846963448,1090.731378694191,3039
4111.0,7031,0,1,1,8.459792639475024,14.696486986203954,1091.3688999408864,3037
4112.0,7031,0,1,1,8.43846608775961,14.827478310339924,1092.0047801301507,3071
4113.0,7030,0,0,1,8.419737662772892,14.936984352773827,1092.8026495820272,3095
4114.0,7029,0,2,3,8.398937186239012,15.006544316403472,1093.2985775324908,3099
4115.0,7025,0,0,4,8.370632989000935,15.147473309608541,1094.288763396096,3110
4116.0,7021,0,0,4,8.339454654262164,15.307933342828656,1095.059422885928,3136
4117.0,7021,0,2,2,8.335096343513168,15.381854436689931,1095.3377728337578,3143
4118.0,7019,0,0,2,8.316183945502159,15.484684427981193,1096.0550158690294,3146
4119.0,7021,0,2,0,8.290183933649406,15.65076199971514,1096.3968639521793,3171
4120.0,7019,0,0,1,8.257787488805278,15.784299757800257,1097.0079448908375,3188
4121.0,7019,0,1,1,8.236610129268707,15.916084912380681,1097.3545310679629,3208
4122.0,7016,0,1,4,8.194315076287015,16.055444697833522,1098.3656314736925,3220
4123.0,7013,0,0,3,8.165094194383487,16.2496791672608,1099.095633117821,3266
4124.0,7010,0,1,4,8.142393491464826,16.39671897289586,1099.463453359194,3287
4125.0,7007,0,0,3,8.113832741618605,16.58684172969887,1100.2267117748434,3320
4126.0,7003,0,1,6,8.092332237899493,16.77780951020991,1101.1947382189044,3343
4127.0,6999,0,0,4,8.066479290149594,17.036719531361623,1101.9724915048605,3374
4128.0,6998,0,1,2,8.058223013908737,17.215061446127464,1102.3875037757264,3380
4129.0,6999,0,1,0,8.05187159069611,17.42206029432776,1102.9013113280278,3405
4130.0,6997,0,0,2,8.037817244740904,17.603258539374018,1103.385126134017,3408
4131.0,6995,0,0,2,8.024923281630464,17.837169406719084,1104.0227665365649,3431
4132.0,6993,0,1,3,8.010814350261759,18.03045903045903,1104.5551638242844,3448
4133.0,6991,0,0,2,7.98362283676407,18.268488056072094,1105.1624967098292,3468
4134.0,6991,0,1,1,7.970088991808776,18.49077385209555,1105.7803343691737,3472
4135.0,6989,0,0,2,7.940209452041126,18.709829732436685,1106.6497644576243,3497
4136.0,6985,0,0,4,7.9146668937064995,18.949319971367217,1107.2246103576585,3518
4137.0,6984,0,0,1,7.89810112765298,19.19931271477663,1108.0068662523063,3541
4138.0,6981,0,0,3,7.878541819431113,19.468987251110157,1108.7027868005086,3568
4139.0,6978,0,0,3,7.855156487154226,19.73731728288908,1109.6117128878386,3583
4140.0,6976,0,0,2,7.832502956485484,20.02537270642202,1110.0908588624932,3608
4141.0,6977,0,1,0,7.886762901098874,18.923892790597677,1110.6140036599188,3384
4142.0,6975,0,0,2,7.977504048016133,18.018494623655915,1111.4172994265264,3220
4143.0,6972,0,0,3,8.101817081829877,17.42111302352266,1112.1431278584764,3111
4144.0,6971,0,0,1,8.237549251932991,16.805910199397506,1112.8560406322545,2992
4145.0,6969,0,0,2,8.390990154993522,16.35213086526044,1113.5643475584618,2921
4146.0,6966,0,0,3,8.52933162724597,16.02411714039621,1114.1323363427828,2859
4147.0,6964,0,0,2,8.652231792927692,15.70807007466973,1114.7658412445305,2820
4148.0,6962,0,0,2,8.757879836078684,15.457052571100258,1115.5009405203277,2772
4149.0,6960,0,0,2,8.857647286346896,15.188362068965517,1116.1714096332726,2722
4150.0,6957,0,0,3,8.931234261562063,15.086531550955872,1116.926667438511,2710
4151.0,6954,0,0,3,9.00588870393225,14.904227782571182,1117.4715191377857,2697
4152.0,6952,0,0,2,9.061926110630514,14.70368239355581,1118.1256691212868,2666
4153.0,6952,0,0,0,9.123295013546274,14.600402761795166,1118.722776092825,2671
4154.0,6949,0,0,3,9.15994662226666,14.415023744423658,1119.4159226629456,2634
4155.0,6949,0,0,0,9.204519703565026,14.241761404518636,1120.0068015045592,2629
4156.0,6946,0,0,3,9.23584636644446,14.119637201266917,1120.7224714250417,2612
4157.0,6943,0,0,3,9.250177495277386,14.042344807720006,1121.1789654940305,2604
4158.0,6940,0,0,3,9.25122496174107,13.935158501440922,1121.9309918105723,2595
4159.0,6937,0,0,3,9.266472121087267,13.789534380856278,1122.7177381705228,2600
4160.0,6934,0,0,3,9.26430299163187,13.686328237669455,1123.3597580038445,2591
4161.0,6934,0,0,0,9.276407296191845,13.582059417363714,1123.943689929039,2569
4162.0,6930,0,0,4,9.269670472352674,13.452092352092352,1124.5599910003486,2554
4163.0,6927,0,0,3,9.260069760522153,13.312112025407824,1124.8666768293451,2549
4164.0,6925,0,0,2,9.246573830213665,13.183826714801445,1125.3839357661477,2547
4165.0,6923,0,0,2,9.23194970044419,13.055900621118013,1126.0872444755028,2550
4166.0,6922,0,0,1,9.207772669364097,12.885148800924588,1126.7984009983934,2536
4167.0,6921,0,0,1,9.20674737174815,12.823146944083225,1127.256282850287,2547
4168.0,6919,0,0,2,9.186227608697434,12.750975574504986,1127.8871711819727,2536
4169.0,6918,0,1,2,9.169084077630755,12.663486556808326,1128.4192346166546,2541
4170.0,6915,0,0,3,9.14137940787863,12.567317425885756,1129.0194469932783,2557
4171.0,6913,0,0,2,9.120154185704529,12.455229278171561,1129.7989202363112,2560
4172.0,6911,0,0,2,9.097706895449015,12.394443640573,1130.4270488278564,2558
4173.0,6909,0,0,2,9.080013411726783,12.366333767549573,1131.0795415272482,2575
4174.0,6907,0,0,2,9.062717649988329,12.342116693209787,1131.6832042436158,2588
4175.0,6905,0,0,2,9.05356736308731,12.347139753801594,1132.3591104953923,2589
4176.0,6903,0,0,2,9.042546341644066,12.304070693901203,1133.134966254116,2592
4177.0,6904,0,1,0,9.044581301292911,12.281575898030127,1133.566405540876,2614
4178.0,6903,0,0,1,9.023544760716687,12.300738809213385,1134.301832177459,2630
4179.0,6900,0,0,3,8.99671438803377,12.247101449275362,1135.0978391630422,2637
4180.0,6899,0,0,1,8.968299459516441,12.270473981736483,1135.8311282052518,2671
4181.0,6896,0,0,3,8.936513940450782,12.364994199535962,1136.441121137674,2705
4182.0,6893,0,0,3,8.894184091953921,12.365298128536196,1136.8826991314306,2700
4183.0,6890,0,0,3,8.861669111007444,12.405950653120465,1137.3941907087683,2723
4184.0,6887,0,0,3,8.828986271683533,12.463917525773196,1137.8593199831814,2755
4185.0,6882,0,1,6,8.781726904141593,12.506684103458298,1138.448610681585,2761
4186.0,6879,0,0,3,8.739313523356882,12.50327082424771,1138.9211434674598,2772
4187.0,6875,0,0,4,8.709485958355359,12.438690909090909,1139.7140395403187,2772
4188.0,6873,0,0,2,8.670935012193219,12.423395896988215,1140.257186785729,2766
4189.0,6869,0,0,4,8.62705668566815,12.443878293783666,1140.8180518705672,2789
4190.0,6867,0,0,2,8.606244845057184,12.484345420125237,1141.5384414268065,2807
4191.0,6866,0,1,2,8.585304713902975,12.540926303524614,1142.1249801472982,2811
4192.0,6864,0,1,3,8.580446221396931,12.619318181818182,1142.608733925792,2816
4193.0,6861,0,0,3,8.5764686758084,12.770878880629645,1143.2368642801225,2848
4194.0,6859,0,1,3,8.550556731000468,12.898381688292755,1143.6787298062122,2877
4195.0,6857,0,1,3,8.513988897533828,12.946478051626075,1144.2895777723547,2873
4196.0,6856,0,1,2,8.472774516354441,13.073220536756127,1144.5863802805732,2898
4197.0,6857,0,1,0,8.429931837698238,13.155024063001312,1145.0542978710719,2925
4198.0,6855,0,0,2,8.403096401055453,13.30401167031364,1145.9262981069717,2948
4199.0,6857,0,4,2,8.365133657498594,13.390258130377717,1145.9821158902757,2974
4200.0,6856,0,0,1,8.340434004556217,13.510647607934656,1146.4338706742305,2997
4201.0,6855,0,1,2,8.312435863161685,13.639679066374908,1146.9296245701746,3043
4202.0,6855,0,1,1,8.285468960391736,13.745003646973013,1147.3358043470337,3040
4203.0,6854,0,1,2,8.260384674598615,13.891304347826088,1147.7920325454159,3063
4204.0,6855,0,1,0,8.234556704472377,14.009628008752735,1148.2712884389089,3088
4205.0,6857,0,2,0,8.216077109261365,14.13169024354674,1148.5841214550273,3103
4206.0,6855,0,0,2,8.18475717353376,14.24580598103574,1149.1133976614153,3118
4207.0,6855,0,1,1,8.156643562384318,14.428154631655726,1149.5826944166117,3120
4208.0,6853,0,1,3,8.11620409855912,14.5606303808551,1149.7834572200109,3140
4209.0,6850,0,0,3,8.071881810601793,14.788029197080292,1150.10512982103,3163
4210.0,6848,0,1,3,8.0485638089276,14.935017523364486,1150.7781227847809,3176
4211.0,6844,0,0,4,8.03266314796075,15.106808883693747,1151.759288071912,3210
4212.0,6841,0,1,4,8.009462523165123,15.315304780002924,1152.2769918018573,3234
4213.0,6838,0,0,3,7.996472138640907,15.537876572097105,1152.6718660008873,3259
4214.0,6835,0,1,4,7.9736608098905455,15.698610095098756,1153.2812174771257,3272
4215.0,6833,0,0,2,7.955414265491434,15.920093663105517,1153.7252115595898,3285
4216.0,6830,0,1,4,7.948274431400553,16.10717423133236,1154.462926980525,3299
4217.0,6827,0,0,3,7.925522699946495,16.30789512230848,1154.8050944081383,3317
4218.0,6825,0,2,4,7.915039268561216,16.471501831501833,1155.4313492231647,3319
4219.0,6823,0,0,2,7.902664567160854,16.724901069910597,1156.1164920746926,3330
4220.0,6820,0,0,3,7.877296063488273,16.945307917888563,1157.1951951761985,3361
4221.0,6818,0,0,2,7.848475991310698,17.190231739513052,1157.9180486787968,3374
4222.0,6816,0,0,2,7.82666490327136,17.523914319248828,1158.7796199591317,3389
4223.0,6814,0,0,2,7.801319476572538,17.81802171998826,1159.6706162549365,3426
4224.0,6813,0,0,1,7.7772377396134305,18.131953618083077,1160.3435263398057,3457
4225.0,6811,0,0,2,7.763075223103184,18.44002349141095,1161.3107377779509,3472
4226.0,6809,0,0,2,7.751313110464291,18.707739756205022,1162.0822483427712,3490
4227.0,6807,0,0,2,7.722571683029704,19.007051564565888,1162.8440738195052,3501
4228.0,6805,0,0,2,7.7050838234684695,19.316678912564292,1163.7641946602132,3515
4229.0,6804,0,1,2,7.677662837276213,19.57231040564374,1164.3942459142959,3532
4230.0,6801,0,0,3,7.65812424731998,19.83781796794589,1164.95286905874,3567
4231.0,6798,0,0,3,7.701605692485874,18.894380700205943,1165.7285722051354,3378
4232.0,6796,0,0,2,7.782385852703836,18.199823425544437,1166.4968506334467,3227
4233.0,6795,0,0,1,7.894642995686567,17.664164827078736,1167.2503016373234,3111
4234.0,6791,0,0,4,8.031468012605906,17.176115446915034,1167.4331781704852,3011
4235.0,6788,0,0,3,8.176708558257173,16.74469652327637,1167.7940153756986,2929
4236.0,6788,0,0,0,8.329848732908976,16.434737772539776,1168.4371689362083,2849
4237.0,6786,0,1,3,8.460777315037534,16.204980842911876,1168.7182960022346,2798
4238.0,6784,0,0,2,8.578975735584603,15.972435141509434,1169.486420435322,2734
4239.0,6784,0,0,0,8.686760214111368,15.773584905660377,1170.1039847715329,2704
4240.0,6783,0,0,1,8.774578151247834,15.671236915818959,1170.5773637507493,2674
4241.0,6783,0,0,0,8.856369415124249,15.59811292938228,1171.1825845601386,2667
4242.0,6782,0,0,1,8.92958004033472,15.49985255086995,1171.7995562814808,2642
4243.0,6781,0,1,2,8.991196263476196,15.4452145701224,1172.411983847394,2626
4244.0,6781,0,1,1,9.033988447780592,15.290812564518507,1172.771347332036,2591
4245.0,6780,0,0,1,9.08080895774052,15.179941002949853,1173.4749065221984,2590
4246.0,6779,0,0,1,9.115429031414399,15.059300781826227,1174.0298969167955,2574
4247.0,6778,0,0,1,9.133313832410643,14.94983771023901,1174.7256520958497,2543
4248.0,6779,0,1,0,9.13827103943668,14.863106652898658,1175.1370334860683,2535
4249.0,6777,0,0,2,9.156115657360834,14.749003984063744,1175.5885932003764,2524
4250.0,6776,0,1,2,9.15466955848573,14.638282172373081,1175.9164029319872,2507
4251.0,6775,0,0,1,9.175296969267162,14.515276752767528,1176.6164277683786,2508
4252.0,6773,0,0,2,9.180883128379612,14.465967813376643,1177.0185771752454,2496
4253.0,6772,0,0,1,9.187710313566267,14.358239810986415,1177.4600276150015,2488
4254.0,6771,0,0,1,9.187522360028948,14.282971496086251,1178.071030469781,2494
4255.0,6770,0,0,1,9.177235368581446,14.231166912850812,1178.6591590966882,2494
4256.0,6768,0,0,2,9.169563574302302,14.004137115839244,1179.5263152324628,2489
4257.0,6766,0,0,2,9.167005439019718,14.010345846881465,1180.0123261495125,2500
4258.0,6764,0,0,2,9.168507791944792,13.870490833826139,1180.6827620299268,2493
4259.0,6763,0,0,1,9.152513375825178,13.785302380600326,1181.3892904194602,2500
4260.0,6762,0,1,2,9.137217698996245,13.754806270334221,1181.6064990921545,2507
4261.0,6759,0,0,3,9.11737994948187,13.712383488681757,1182.247735395778,2497
4262.0,6757,0,0,2,9.102257483420539,13.642148882640225,1182.6510786087256,2487
4263.0,6756,0,0,1,9.090344633769359,13.66696269982238,1183.3287126927182,2507
4264.0,6751,0,0,5,9.060056407186883,13.699600059250482,1184.1489850297369,2516
4265.0,6750,0,0,1,9.048956203894317,13.665333333333333,1184.6621189135185,2540
4266.0,6747,0,0,3,9.021857327028288,13.737809396768935,1185.3730161424803,2550
4267.0,6745,0,0,2,9.004313355473476,13.789028910303928,1185.8383697682057,2575
4268.0,6742,0,1,4,8.971346560109792,13.861910412340551,1186.268727972888,2597
4269.0,6741,0,0,1,8.921624942857262,13.95549621717846,1186.829130227306,2615
4270.0,6739,0,0,2,8.883024884456551,14.048226739872385,1187.4898710283153,2629
4271.0,6737,0,0,2,8.843763786792733,14.133442184948791,1188.09178569263,2648
4272.0,6735,0,0,2,8.827390572483692,14.260133630289532,1188.6448430662472,2669
4273.0,6732,0,0,3,8.79527418900013,14.391117052881759,1189.230372119622,2676
4274.0,6731,0,0,1,8.750490095952614,14.534987371861536,1189.679519918984,2699
4275.0,6728,0,0,3,8.700954188443683,14.70154577883472,1190.3811949443032,2727
4276.0,6726,0,0,2,8.65790388693736,14.758251561106155,1190.894931644418,2719
4277.0,6722,0,0,4,8.608829836278316,14.7762570663493,1191.688587686285,2723
4278.0,6718,0,0,4,8.579730494206544,14.798749627865437,1192.0996013947922,2734
4279.0,6713,0,0,5,8.543070541884248,14.8601221510502,1192.6153068420272,2757
4280.0,6709,0,0,4,8.506564022884062,14.943359666120138,1193.3796698818292,2783
4281.0,6707,0,0,2,8.49283798614634,15.008051289697331,1194.0597935855317,2804
4282.0,6702,0,1,6,8.454293960814317,15.092211280214862,1194.3413170632389,2812
4283.0,6697,0,0,5,8.43095587687885,15.136031058682992,1195.014009890163,2835
4284.0,6695,0,1,3,8.392296533586158,15.225392083644511,1195.133973419895,2868
4285.0,6692,0,0,3,8.363424319248615,15.310071727435744,1195.9641800516708,2893
4286.0,6693,0,2,1,8.324520974535641,15.471985656656209,1196.2828780128602,2917
4287.0,6691,0,0,2,8.291597787685767,15.597817964429831,1197.007870550761,2926
4288.0,6690,0,1,2,8.266861138677365,15.70627802690583,1197.427780078582,2939
4289.0,6687,0,0,3,8.221786237985825,15.892328398384926,1198.0820234432977,2965
4290.0,6686,0,1,2,8.192922963859708,16.076877056536045,1198.7466347218033,3004
4291.0,6684,0,1,3,8.16284023172511,16.220975463794137,1199.4218810339917,3042
4292.0,6681,0,1,4,8.123073499373046,16.434366112857358,1199.6007854424397,3055
4293.0,6679,0,0,2,8.099676109023509,16.680191645455906,1200.3891042674218,3092
4294.0,6678,0,1,2,8.060518298286446,16.88155136268344,1200.8571704918454,3105
4295.0,6675,0,0,3,8.013669607352714,17.032359550561797,1201.6459880654527,3111
4296.0,6674,0,0,1,7.995689341345618,17.206472879832184,1202.240526840664,3125
4297.0,6675,0,2,1,7.966776873631934,17.369138576779026,1202.4835660072,3133
4298.0,6674,0,0,1,7.941349648401453,17.597992208570574,1203.135310661769,3164
4299.0,6673,0,0,1,7.917198788045631,17.80788251161397,1203.6393851714306,3194
4300.0,6672,0,1,2,7.887435656919588,18.003447242206235,1203.8049591457743,3197
4301.0,6671,0,0,1,7.870811576049523,18.180932393943937,1204.2389012685253,3235
4302.0,6669,0,1,3,7.835961310777598,18.385814964762332,1204.3778706493908,3248
4303.0,6667,0,0,2,7.815803311293667,18.548072596370183,1205.1436070562825,3255
4304.0,6666,0,0,1,7.786663075456975,18.76942694269427,1205.792564181995,3280
4305.0,6665,0,0,1,7.7712572080223286,18.996399099774944,1206.6038211456125,3296
4306.0,6663,0,1,3,7.749521942437676,19.279453699534745,1206.9368818118887,3309
4307.0,6661,0,1,3,7.732565601931844,19.51088425161387,1207.2899016939953,3328
4308.0,6659,0,1,3,7.714094424998012,19.71587325424238,1207.6934565722593,3331
4309.0,6658,0,0,1,7.688170401762968,20.00225292880745,1208.3258821834497,3357
4310.0,6654,0,0,4,7.650583783648709,20.224075743913435,1209.2516373001033,3366
4311.0,6651,0,0,3,7.615064413120235,20.519320402946924,1209.8565597855215,3386
4312.0,6649,0,0,2,7.580525845521854,20.72687622198827,1210.8230727545936,3408
4313.0,6646,0,0,3,7.538272236081724,20.965392717424013,1211.4850466945875,3411
4314.0,6645,0,0,1,7.509377376380764,21.242588412340105,1212.153419178034,3430
4315.0,6642,0,0,3,7.476835719027463,21.552694971394157,1212.9221768818854,3457
4316.0,6639,0,0,3,7.454106479671512,21.74002108751318,1214.0215851151863,3450
4317.0,6638,0,0,1,7.429374350528782,21.91759566134378,1214.6532751622467,3451
4318.0,6634,0,0,4,7.403798800620158,22.08381067229424,1215.9024497835335,3463
4319.0,6634,0,0,0,7.378615035776074,22.332378655411517,1216.5958869136923,3477
4320.0,6632,0,0,2,7.349634840767095,22.55307599517491,1217.2950797949954,3481
4321.0,6631,0,0,1,7.389687629923661,21.399638063640477,1217.8411691239435,3281
4322.0,6630,0,0,1,7.461130370699691,20.528808446455507,1218.5171705096611,3120
4323.0,6626,0,0,4,7.548612105975097,19.918050105644433,1219.1729528084434,3013
4324.0,6625,0,0,1,7.679055942915311,19.39109433962264,1219.7829086083623,2912
4325.0,6623,0,0,2,7.8156109561368385,18.90351804318285,1220.5138069412628,2810
4326.0,6622,0,0,1,7.960939181213325,18.46723044397463,1221.1318051891385,2736
4327.0,6620,0,0,2,8.103418565416343,18.125981873111783,1221.6732385630644,2669
4328.0,6618,0,0,2,8.235668800281545,17.90238742822605,1222.3769628448285,2642
4329.0,6616,0,0,2,8.34290865383934,17.713875453446192,1222.9097663290154,2611
4330.0,6615,0,0,1,8.426462890369493,17.61148904006047,1223.7052230227184,2587
4331.0,6611,0,0,4,8.48989827857744,17.54318559975798,1224.4522919463725,2566
4332.0,6610,0,0,1,8.535065104202438,17.481543116490165,1225.0085697051052,2559
4333.0,6610,0,0,0,8.585463847740803,17.374583963691375,1225.612249802312,2552
4334.0,6608,0,0,2,8.631354554989581,17.138922518159806,1226.2692308644494,2537
4335.0,6607,0,0,1,8.68439559674892,17.046919933403966,1226.8586999072595,2519
4336.0,6606,0,0,1,8.724561988483979,16.883439297608234,1227.4059338590223,2487
4337.0,6605,0,0,1,8.748057838251052,16.782740348221044,1227.9328955506066,2473
4338.0,6602,0,0,3,8.755249727952757,16.676158739775826,1228.372830275731,2469
4339.0,6601,0,0,1,8.747263227426153,16.600515073473716,1229.0064157435081,2461
4340.0,6600,0,0,1,8.741835279997234,16.53439393939394,1229.778503253337,2451
4341.0,6599,0,0,1,8.746279294750327,16.493408092135173,1230.1418196696343,2443
4342.0,6597,0,0,2,8.75095672307794,16.4735485826891,1230.8789111882747,2434
4343.0,6594,0,0,3,8.76438639177377,16.438883833788292,1230.8803398054513,2454
4344.0,6592,0,0,2,8.755057901749971,16.416413834951456,1231.2218043703785,2462
4345.0,6591,0,0,1,8.75267156225947,16.39341526323775,1231.658396287937,2457
4346.0,6591,0,0,0,8.754561671111995,16.3824912759824,1232.249022371178,2459
4347.0,6591,0,0,0,8.745639151835405,16.276589288423608,1232.840085687183,2448
4348.0,6589,0,0,2,8.723491852744033,16.2363029291243,1233.6352000109894,2451
4349.0,6586,0,0,3,8.716975437970488,16.179775280898877,1234.1929850092035,2449
4350.0,6586,0,1,1,8.697651514127271,16.16504706954145,1234.4363625042804,2458
4351.0,6584,0,0,2,8.669461144486448,16.082168894289186,1234.9893257284289,2448
4352.0,6581,0,0,3,8.643209599685267,16.155143595198297,1235.6944850956327,2475
4353.0,6577,0,0,4,8.629609146267862,16.14459480006082,1235.9590846866117,2479
4354.0,6575,0,0,2,8.603370196672824,16.202433460076044,1236.4909863607684,2503
4355.0,6569,0,0,6,8.587399393928276,16.234282234738924,1236.4883313302055,2505
4356.0,6567,0,0,2,8.572653246249965,16.260545149992385,1237.294063683024,2514
4357.0,6566,0,0,1,8.570310364215683,16.257843435881817,1237.639055613338,2528
4358.0,6563,0,0,3,8.541589047062173,16.222916349230534,1238.134231960734,2522
4359.0,6557,0,0,6,8.500052611906357,16.24828427634589,1238.5727341868858,2541
4360.0,6552,0,0,5,8.451598983844104,16.271367521367523,1239.170021718882,2547
4361.0,6549,0,0,3,8.412743269510315,16.278057718735685,1239.6631395899226,2579
4362.0,6544,0,0,5,8.363628977223222,16.325641809290953,1240.578078257557,2597
4363.0,6541,0,0,3,8.318136161876,16.332517963614126,1241.1896345059236,2584
4364.0,6540,0,0,1,8.294111356883002,16.36360856269113,1241.9216257551448,2613
4365.0,6538,0,0,2,8.264341111461777,16.39538085041297,1242.6628401660996,2647
4366.0,6537,0,0,1,8.234566562472693,16.262352761205445,1243.4027833497819,2633
4367.0,6534,0,0,3,8.207931817461267,16.275941230486684,1244.1005835830085,2667
4368.0,6531,0,0,3,8.167001442388283,16.313581381105497,1245.0061597697515,2684
4369.0,6530,0,0,1,8.1313072100616,16.38208269525268,1245.8235586389658,2705
4370.0,6527,0,0,3,8.090810478638542,16.456718247280527,1246.7877765812761,2731
4371.0,6527,0,2,2,8.062718751767383,16.587252949287574,1247.1008855024888,2756
4372.0,6526,0,0,1,8.044033185696899,16.60588415568495,1247.6539345788287,2779
4373.0,6526,0,1,1,8.022265637430573,16.663346613545816,1248.2105157251087,2785
4374.0,6524,0,1,3,8.00057602275873,16.81591048436542,1249.1279125123644,2802
4375.0,6524,0,1,1,7.9658696164365015,16.91155732679338,1249.524051954469,2828
4376.0,6521,0,0,3,7.941016649214625,17.049532280325103,1250.015578659718,2867
4377.0,6520,0,0,1,7.930685707953755,17.2260736196319,1250.6034158890002,2870
4378.0,6519,0,1,2,7.900417968120033,17.378278877128395,1251.1793515854024,2898
4379.0,6518,0,1,2,7.880299677750883,17.576710647437864,1251.433505277169,2919
4380.0,6518,0,2,2,7.855966218810432,17.840441853329242,1251.4236638933721,2950
4381.0,6515,0,0,3,7.83105086825795,17.97651573292402,1251.9347737857938,2967
4382.0,6515,0,1,1,7.817872691789116,18.124635456638526,1252.3797874552665,2980
4383.0,6514,0,1,2,7.787635053702081,18.247159963156278,1252.9407176730083,3004
4384.0,6513,0,0,1,7.774161451145186,18.428066943037003,1253.7074222497442,3030
4385.0,6513,0,2,2,7.75153842879958,18.604022723783203,1254.0197570671576,3045
4386.0,6513,0,0,0,7.7436940066411415,18.73345616459389,1254.681674552904,3062
4387.0,6511,0,1,3,7.716879175610061,18.8645369374904,1255.1790423427553,3085
4388.0,6507,0,0,4,7.686753614724416,19.17242969110189,1255.8645157995013,3129
4389.0,6506,0,0,1,7.665966327921871,19.405318167845067,1256.5127113946878,3140
4390.0,6504,0,0,2,7.646598168509139,19.591174661746617,1257.2206122310001,3143
4391.0,6501,0,1,4,7.613112267174996,19.70835256114444,1257.6782382558067,3176
4392.0,6500,0,2,3,7.580470143065353,19.941076923076924,1257.7000353142075,3195
4393.0,6498,0,1,3,7.550832270479774,20.158664204370577,1258.4839116365688,3202
4394.0,6496,0,0,2,7.523465030363843,20.375615763546797,1259.050033127764,3242
4395.0,6495,0,1,1,7.504135813861925,20.520400307929176,1259.3077458976697,3255
4396.0,6493,0,0,2,7.475295135301521,20.60511319882951,1260.2019053458816,3254
4397.0,6493,0,1,1,7.462010620652185,20.827352533497614,1260.6159671563664,3276
4398.0,6491,0,0,2,7.451845760038925,20.94561700816515,1261.5476409880384,3293
4399.0,6492,0,2,1,7.431035805419267,21.13493530499076,1261.75134525986,3311
4400.0,6490,0,0,2,7.404228178299866,21.259476117103237,1262.4992444975385,3320
4401.0,6487,0,0,3,7.367458655619791,21.47248342839525,1263.1626113241946,3346
4402.0,6487,0,0,0,7.345644193577678,21.730229690149528,1263.8538706696663,3388
4403.0,6483,0,0,4,7.305294403845997,21.95295387937683,1264.4728917587986,3388
4404.0,6481,0,0,2,7.271155048562822,22.169264002468754,1265.1952879618498,3410
4405.0,6480,0,0,1,7.246909399062465,22.44104938271605,1265.8282618099734,3439
4406.0,6478,0,0,2,7.248160712742309,22.680920037048473,1266.5819028418143,3451
4407.0,6477,0,0,1,7.235971569350546,22.88652153774896,1267.2328540925023,3472
4408.0,6476,0,0,1,7.216336623531914,23.11411365040148,1267.9604560680298,3496
4409.0,6474,0,0,2,7.1933751768427685,23.288693234476366,1268.8514863417824,3494
4410.0,6472,0,0,2,7.167054493309571,23.560105067985166,1269.7156083431057,3523
4411.0,6469,0,0,3,7.196906666626728,22.611686504869375,1270.9094267684795,3333
4412.0,6468,0,0,1,7.275607390808141,21.924860853432282,1271.779527781156,3199
4413.0,6466,0,0,2,7.376094208702968,21.281936282090935,1272.7639014393344,3078
4414.0,6461,0,0,5,7.490993536886205,20.809626992725583,1273.19332876106,2967
4415.0,6458,0,0,3,7.633900568842308,20.3649736760607,1274.166423892116,2892
4416.0,6454,0,0,4,7.779152748701827,19.968391695072825,1275.1908608760152,2818
4417.0,6448,0,0,6,7.918318221370721,19.688740694789082,1275.9640218787354,2743
4418.0,6445,0,0,3,8.050205050174341,19.416291698991465,1276.6281573451663,2682
4419.0,6439,0,0,6,8.148156024729111,19.123311073148006,1277.5050327932966,2638
4420.0,6437,0,0,2,8.23892904238492,18.878670187975764,1278.3818799605565,2603
4421.0,6434,0,0,3,8.334725148068111,18.65231582219459,1278.876354850279,2560
4422.0,6434,0,0,0,8.407333589208541,18.488964874106312,1279.4906987754734,2547
4423.0,6432,0,0,2,8.464364146620715,18.389769900497512,1280.2119321133962,2532
4424.0,6428,0,0,4,8.496320303006186,18.32031736154325,1281.2559548893926,2508
4425.0,6424,0,0,3,8.536119381363259,18.074408468244084,1281.8274335761898,2502
4426.0,6420,0,0,4,8.562362626685715,17.842367601246107,1282.4264879958878,2469
4427.0,6420,0,0,0,8.577550593470447,17.66651090342679,1283.0299713507834,2478
4428.0,6418,0,0,2,8.58021335707535,17.451698348395137,1283.8061759753073,2452
4429.0,6417,0,0,1,8.580713884576308,17.343774349384447,1284.1921094916245,2435
4430.0,6416,0,0,1,8.582851638790665,17.168485037406484,1284.9092057246862,2431
4431.0,6413,0,0,4,8.57414362002469,16.879463589583658,1285.9273150376828,2418
4432.0,6411,0,0,2,8.56537166817594,16.73545468725628,1286.7755138688865,2421
4433.0,6407,0,0,4,8.542418011600503,16.626034025284845,1287.5323835502877,2405
4434.0,6405,0,0,2,8.531240235193554,16.591569086651052,1288.0898457414896,2414
4435.0,6405,0,1,1,8.511604449628432,16.446994535519124,1288.6124934645547,2433
4436.0,6403,0,0,2,8.488143054192944,16.245978447602685,1289.3815210375521,2423
4437.0,6403,0,1,1,8.485627179558596,16.146181477432453,1289.7623063436386,2409
4438.0,6400,0,0,3,8.462518318771705,16.00859375,1290.9040795797148,2418
4439.0,6399,0,0,1,8.456156075278829,15.809188935771214,1291.3173794193217,2413
4440.0,6394,0,0,5,8.43858438509509,15.6000938379731,1291.7067998160264,2405
4441.0,6392,0,0,2,8.419837960188762,15.542083854818523,1292.2204296570255,2430
4442.0,6390,0,0,2,8.395642050729535,15.407824726134585,1292.8711369764976,2445
4443.0,6389,0,0,1,8.377575761788519,15.21333542025356,1293.399712914487,2463
4444.0,6389,0,2,2,8.35896915063788,14.976052590389733,1293.3107659081388,2452
4445.0,6389,0,0,0,8.340388380721082,14.819377054312099,1293.9274934630268,2445
4446.0,6388,0,0,1,8.325605296483646,14.759862241703193,1294.5428980168724,2454
4447.0,6386,0,0,2,8.289811175018174,14.582367679298466,1295.2578958423803,2447
4448.0,6384,0,0,2,8.25355949173536,14.4953007518797,1296.100503890639,2472
4449.0,6385,0,0,0,8.226822488123629,14.345497259201252,1296.8038548054183,2487
4450.0,6382,0,1,4,8.180900072755117,14.350830460670636,1297.3877243246664,2499
4451.0,6382,0,1,1,8.144584720196978,14.294265120651833,1297.8018926055965,2523
4452.0,6380,0,0,2,8.116511773186732,14.315673981191223,1298.7859102682157,2529
4453.0,6378,0,0,2,8.090732424208218,14.341956726246472,1299.2826493582966,2549
4454.0,6378,0,0,0,8.058850507924541,14.29711508309815,1299.9157288566078,2554
4455.0,6377,0,2,3,7.992505245523262,14.228163713344832,1300.3265606902476,2562
4456.0,6376,0,0,1,7.95578776070028,14.098023839397742,1301.0934441205256,2559
4457.0,6371,0,0,5,7.927316371304503,14.008632867681683,1301.1125516452978,2552
4458.0,6371,0,1,1,7.890774820577866,13.946947104065297,1301.5346237602919,2569
4459.0,6368,0,0,3,7.861443857564848,13.709170854271356,1302.3537132524111,2568
4460.0,6364,0,1,5,7.829676524383162,13.59789440603394,1302.9421188636845,2566
4461.0,6364,0,1,1,7.7929580963052345,13.474230043997485,1303.4900179053175,2589
4462.0,6361,0,1,4,7.764484056679389,13.372582927212703,1304.280282604691,2624
4463.0,6358,0,1,4,7.751640401006635,13.35860333438188,1304.532206596538,2636
4464.0,6353,0,1,6,7.728075325514437,13.3245710687864,1304.9664402478784,2673
4465.0,6351,0,0,2,7.700733426040602,13.263580538497875,1305.7177681150272,2732
4466.0,6350,0,2,3,7.66933088340723,13.320787401574803,1306.251271406432,2745
4467.0,6347,0,0,3,7.639709488834024,13.227036395147314,1306.8959319273056,2747
4468.0,6347,0,1,1,7.619912815659365,13.248621395935087,1307.5393902995245,2761
4469.0,6345,0,1,3,7.590308419215457,13.216233254531128,1307.8730075684655,2780
4470.0,6346,0,1,0,7.567136537028899,13.397100535770564,1308.3303507449032,2819
4471.0,6343,0,1,4,7.532264707307389,13.563771086236796,1309.0607522336682,2851
4472.0,6342,0,1,2,7.500595577926898,13.722169662567014,1309.536969038356,2894
4473.0,6341,0,0,1,7.4700961329780515,13.697366346002207,1310.3278392965858,2898
4474.0,6340,0,0,1,7.442316620485564,13.679179810725552,1311.1974126524008,2924
4475.0,6340,0,1,1,7.422623053160252,13.746214511041009,1311.6053322228681,2950
4476.0,6337,0,0,3,7.387523437041831,13.880542843616853,1312.6321453938017,2958
4477.0,6338,0,1,0,7.3656409875372395,13.978857683811928,1313.1015851454015,2983
4478.0,6335,0,1,4,7.336351901663447,14.071665351223363,1313.9772126704977,2992
4479.0,6334,0,1,2,7.3017512605406045,14.22402904957373,1314.5313790952039,3014
4480.0,6334,0,2,2,7.260940758506534,14.401799810546258,1314.6051935493224,3043
4481.0,6334,0,0,0,7.240675932740002,14.469371645089991,1315.2891029842838,3045
4482.0,6332,0,1,3,7.210950620213642,14.588281743524952,1315.684311446184,3063
4483.0,6332,0,0,0,7.19425011678397,14.699620972836387,1316.3716031441973,3073
4484.0,6332,0,0,0,7.1773299312406,14.873341756159192,1317.0610461833605,3108
4485.0,6330,0,0,2,7.156214481043022,15.016587677725118,1317.9391888440393,3124
4486.0,6327,0,0,3,7.140873650184714,15.127074442863917,1318.9644839480227,3131
4487.0,6325,0,0,2,7.129571525080493,15.24711462450593,1319.547773328902,3152
4488.0,6322,0,0,3,7.1212867854202,15.419012970578931,1320.4521879246377,3154
4489.0,6319,0,2,5,7.109599074950789,15.563855040354486,1320.3648035841447,3159
4490.0,6318,0,0,1,7.103776239369917,15.704336815447926,1321.015896336638,3169
4491.0,6314,0,0,4,7.087513014928148,15.901488755147291,1321.6991536587293,3197
4492.0,6313,0,1,2,7.0853284818246145,16.00665293838112,1322.2043996273546,3194
4493.0,6309,0,0,4,7.070738611113655,16.163575844032334,1322.8123294223685,3214
4494.0,6305,0,0,4,7.057549604106611,16.375099127676446,1323.515882833229,3234
4495.0,6304,0,0,1,7.06249386958991,16.517607868020306,1324.2441592912278,3240
4496.0,6302,0,0,2,7.048778370614248,16.754681053633767,1324.9561369855433,3252
4497.0,6301,0,0,1,7.035783206241702,16.87002063164577,1325.5340338392177,3243
4498.0,6300,0,0,1,7.021358867154614,17.12031746031746,1326.020935076131,3288
4499.0,6299,0,0,1,7.0078303284039665,17.30528655342118,1326.662114817785,3306
4500.0,6298,0,0,1,6.983210125166377,17.56589393458241,1327.2198086472888,3325
4501.0,6295,0,0,3,7.03925185081978,16.420810166799047,1328.002455671756,3116
4502.0,6294,0,0,1,7.12015717603837,15.584524944391484,1328.900778046373,2970
4503.0,6290,0,0,4,7.229967320189094,14.902861685214626,1330.0738671427503,2844
4504.0,6287,0,0,3,7.367342511847166,14.369333545411166,1330.625161701302,2745
4505.0,6285,0,0,2,7.522732959405396,13.952108194112967,1331.3764254722314,2666
4506.0,6281,0,0,4,7.670521812288629,13.617895239611526,1332.3951271509484,2606
4507.0,6280,0,0,1,7.81753835595795,13.273566878980892,1333.2041393815803,2538
4508.0,6277,0,0,3,7.937111509482107,13.00621315915246,1333.9214297890053,2497
4509.0,6276,0,0,1,8.050040823218866,12.77342256214149,1334.668919065459,2477
4510.0,6274,0,0,2,8.13781574035729,12.617628307299968,1335.543854796412,2440
4511.0,6272,0,1,3,8.198144114541368,12.447544642857142,1336.252127376995,2403
4512.0,6268,0,0,4,8.270039775457771,12.345405232929163,1336.6492976417517,2388
4513.0,6266,0,0,2,8.319915339056006,12.22757740185126,1337.435874057441,2373
4514.0,6263,0,0,3,8.361905034927403,12.120549257544308,1338.2010165940462,2370
4515.0,6261,0,0,2,8.40523959793683,11.979555981472608,1338.8701134839205,2332
4516.0,6259,0,0,2,8.43419032147264,11.904617351014538,1339.641743444989,2320
4517.0,6255,0,0,4,8.466010810729461,11.843485211830535,1340.5408439857208,2323
4518.0,6253,0,0,2,8.479874358896474,11.817367663521509,1341.0288424215319,2313
4519.0,6250,0,0,3,8.496447257122067,11.67408,1341.6996698626872,2272
4520.0,6249,0,0,1,8.509427507789812,11.601376220195231,1342.5076769114198,2272
4521.0,6247,0,0,2,8.506310056165475,11.343845045621899,1343.2841572291352,2232
4522.0,6246,0,0,1,8.501175463110316,11.200128081972462,1344.0823279529461,2219
4523.0,6245,0,0,1,8.497556486743127,11.059247397918334,1344.892390873987,2223
4524.0,6244,0,0,1,8.503857799993444,10.991992312620114,1345.4106606622813,2208
4525.0,6245,0,1,0,8.495486734085393,10.846116893514813,1345.7982553621075,2190
4526.0,6243,0,0,2,8.49692744350157,10.808265257087939,1346.4373103071275,2200
4527.0,6241,0,0,2,8.494275804953817,10.659990386156064,1347.2483153633664,2184
4528.0,6238,0,0,3,8.476257287862635,10.522603398525169,1347.9933224927431,2197
4529.0,6236,0,0,2,8.455620908252602,10.428800513149454,1348.6992092534074,2193
4530.0,6232,0,0,4,8.436202535620053,10.356867779204109,1349.7861610214156,2212
4531.0,6231,0,0,1,8.435179347032829,10.24602792489167,1350.5428345482985,2197
4532.0,6229,0,0,2,8.431788761047569,10.088457216246589,1351.25185640368,2205
4533.0,6228,0,0,1,8.431351523773746,10.025208734746307,1352.0590552400251,2200
4534.0,6228,0,2,2,8.416528301145185,10.012684649967888,1352.3770373757175,2204
4535.0,6225,0,0,3,8.400170912571914,10.015421686746988,1352.8069032981668,2203
4536.0,6221,0,0,4,8.384253503180686,10.043722874135991,1353.4554873276159,2221
4537.0,6218,0,0,3,8.373180264686656,10.026535863621744,1354.2761688852381,2223
4538.0,6214,0,0,4,8.363351136903129,10.08384293530737,1355.1021829469464,2258
4539.0,6211,0,0,3,8.34914193673977,10.133311866044115,1356.257425602745,2278
4540.0,6209,0,1,3,8.319084799486635,10.213560959896924,1356.816906947533,2285
4541.0,6205,0,0,4,8.280802251753187,10.272038678485092,1357.8227787601923,2286
4542.0,6204,0,0,1,8.247904127870102,10.266602192134107,1358.325981465558,2288
4543.0,6201,0,0,3,8.199121008332332,10.280438638929205,1359.3237578474068,2315
4544.0,6199,0,1,3,8.162702672394577,10.333924826584933,1359.9935149821126,2341
4545.0,6196,0,0,3,8.111513730523315,10.37572627501614,1360.3613849437554,2372
4546.0,6194,0,0,2,8.076051072754089,10.374878915079108,1361.1342950354247,2371
4547.0,6194,0,0,0,8.049450433713778,10.385695834678721,1361.7717654358312,2374
4548.0,6192,0,0,2,8.038575103818705,10.470122739018088,1362.529738121831,2404
4549.0,6190,0,1,3,8.022037946365998,10.522455573505654,1362.735402179317,2412
4550.0,6190,0,0,0,8.024626457005139,10.544749596122779,1363.3750502943356,2405
4551.0,6190,0,0,0,8.023052719063395,10.610016155088854,1364.0150587903408,2419
4552.0,6188,0,1,3,8.028970234931858,10.691661279896573,1364.3880222405105,2411
4553.0,6189,0,1,0,8.03815230839206,10.816448537728228,1364.806918137102,2426
4554.0,6186,0,0,3,8.027907362970453,10.881829938570966,1365.6553495739627,2444
4555.0,6186,0,1,1,8.005413371524268,10.986420950533462,1366.2624419688136,2470
4556.0,6182,0,0,4,7.983377311696359,11.161759948236817,1367.4925323710756,2498
4557.0,6181,0,1,2,7.9652157026443815,11.344280860702153,1368.2147839265108,2545
4558.0,6177,0,0,4,7.935054395802737,11.519345960822406,1368.923562160959,2569
4559.0,6176,0,2,3,7.902431816052343,11.699481865284975,1369.546750074812,2590
4560.0,6174,0,0,2,7.868533607031321,11.894719792678977,1370.3778563232304,2625
4561.0,6171,0,1,4,7.844617528499354,11.964511424404472,1370.682348827812,2656
4562.0,6168,0,0,3,7.81535082688673,12.071173800259404,1371.1678058917405,2679
4563.0,6167,0,2,3,7.775769516161759,12.192313928976812,1371.6415285101725,2699
4564.0,6164,0,0,3,7.7442826276582855,12.300454250486696,1372.3801072960684,2721
4565.0,6165,0,3,2,7.7007870252319846,12.370640713706408,1372.4866556959303,2730
4566.0,6162,0,1,4,7.664314333567327,12.537000973709835,1372.6936502978592,2760
4567.0,6161,0,1,2,7.625441140663877,12.709138126927447,1372.8763866554127,2783
4568.0,6159,0,0,2,7.600770357964216,12.89965903555772,1373.8205622152855,2803
4569.0,6158,0,1,2,7.574635311812188,13.040110425462812,1374.3378395620011,2802
4570.0,6156,0,1,3,7.538163244214671,13.21361273554256,1375.1403210553053,2802
4571.0,6155,0,1,2,7.507982575617503,13.31697806661251,1375.8745916713472,2836
4572.0,6155,0,1,1,7.499032362238773,13.446791226645004,1376.3366582516874,2838
4573.0,6150,0,0,5,7.474523560852906,13.595284552845529,1377.1312235192204,2852
4574.0,6149,0,1,2,7.443945092916978,13.814604000650512,1377.6488709510625,2874
4575.0,6144,0,0,5,7.414714710766746,14.009928385416666,1378.6336375968476,2886
4576.0,6144,0,2,2,7.386567458786508,14.266927083333334,1379.1454047820673,2927
4577.0,6142,0,1,3,7.347716935583981,14.554705307717356,1380.2174349020893,2973
4578.0,6140,0,0,2,7.318884117258849,14.824755700325733,1381.116795106149,2991
4579.0,6137,0,0,3,7.284158900097548,15.158709467166368,1381.535552961528,3023
4580.0,6136,0,1,2,7.2530096616672814,15.390319426336376,1381.7212558377842,3036
4581.0,6135,0,0,1,7.235667390043172,15.66601466992665,1382.5926388980631,3054
4582.0,6130,0,1,6,7.19719315088686,15.953507340946166,1383.4409426877992,3061
4583.0,6127,0,0,3,7.167298892893676,16.22098906479517,1384.2040320576796,3084
4584.0,6123,0,0,4,7.120991918115828,16.50171484566389,1384.8460734124392,3097
4585.0,6121,0,0,2,7.081650412838662,16.78500245057997,1385.385199428587,3114
4586.0,6117,0,0,4,7.040370931587976,17.107242112146476,1386.6530070894687,3145
4587.0,6112,0,0,5,6.992615019586463,17.398560209424083,1387.7116227708443,3170
4588.0,6110,0,0,2,6.970239469576421,17.69541734860884,1388.3651249723,3176
4589.0,6108,0,0,2,6.939517311139286,17.94351669941061,1388.8872160317635,3189
4590.0,6106,0,0,2,6.912121951746445,18.263838847035704,1389.7909095678833,3206
4591.0,6104,0,0,2,6.948657213835619,17.11156618610747,1390.6528885429673,3017
4592.0,6103,0,0,1,7.021988895418053,16.365230214648534,1391.5204469465893,2875
4593.0,6104,0,1,0,7.130881653095612,15.827981651376147,1391.9851069696592,2766
4594.0,6102,0,0,2,7.280539881287841,15.400524418223533,1392.6426967579062,2679
4595.0,6103,0,1,0,7.426230783409361,15.043585122071113,1393.0866873638863,2613
4596.0,6100,0,0,3,7.5522684801959175,14.808360655737705,1394.2058504801414,2555
4597.0,6097,0,0,3,7.6804241399382445,14.621453173691979,1395.3473375956235,2507
4598.0,6094,0,0,3,7.816716525208873,14.40072202166065,1396.3860501918853,2470
4599.0,6092,0,0,2,7.9368253116413205,14.34914642153644,1397.3142071481982,2455
4600.0,6088,0,0,4,8.020202791720992,14.295663600525625,1397.9309170086851,2429
4601.0,6084,0,0,4,8.07478534341739,14.277942143326758,1398.8558009920757,2421
4602.0,6083,0,0,1,8.137896583169502,14.204833141542002,1399.6664712326556,2406
4603.0,6081,0,0,2,8.186258080958103,14.189278079263278,1400.466159899211,2399
4604.0,6078,0,0,3,8.230589812779998,14.121586048042118,1400.8542356798607,2385
4605.0,6074,0,0,4,8.240976306156492,14.060256832400395,1401.9780148509574,2368
4606.0,6073,0,0,1,8.283605234701666,13.958504857566277,1402.8031167713566,2356
4607.0,6069,0,0,4,8.303563521327595,13.91893227879387,1403.4109100491814,2339
4608.0,6067,0,1,3,8.321982981641368,13.833195978242953,1403.863180371025,2324
4609.0,6064,0,0,3,8.334567536840488,13.761213720316622,1404.5338201040909,2299
4610.0,6062,0,0,2,8.354176487143414,13.767073573078193,1405.3454110737584,2280
4611.0,6059,0,0,3,8.376625017523148,13.77389008087143,1406.1658611558569,2282
4612.0,6055,0,0,4,8.382067646800802,13.77588769611891,1406.9543339582415,2290
4613.0,6053,0,0,2,8.394895126993676,13.616058152981992,1407.6751575985295,2254
4614.0,6050,0,1,4,8.387106350425778,13.596859504132231,1408.1586029057994,2238
4615.0,6048,0,0,2,8.391468205690476,13.498181216931217,1408.9313650519407,2231
4616.0,6045,0,0,3,8.368683794339448,13.40694789081886,1409.4816320568755,2232
4617.0,6043,0,0,2,8.35807819560343,13.403111037564123,1410.301226253586,2231
4618.0,6041,0,0,2,8.33221240253754,13.342989571263036,1411.0586064596446,2238
4619.0,6039,0,0,2,8.309225076582695,13.333995694651433,1411.4522382547084,2239
4620.0,6038,0,1,2,8.281073450383563,13.338688307386551,1411.7072649702575,2246
4621.0,6036,0,0,2,8.26161289078953,13.271371769383698,1412.6882859360846,2240
4622.0,6034,0,0,2,8.238451004900686,13.283228372555518,1413.2845725440168,2259
4623.0,6034,0,0,0,8.199784555460429,13.211136890951277,1413.8976755661852,2268
4624.0,6033,0,0,1,8.155145969225858,13.23935024034477,1414.4825338381343,2292
4625.0,6030,0,0,3,8.104062900177214,13.255389718076286,1415.505563455493,2317
4626.0,6029,0,0,1,8.067341259014928,13.276165201525957,1416.0867959803234,2326
4627.0,6027,0,1,3,7.999809395200263,13.334826613572258,1416.7608275232485,2344
4628.0,6025,0,0,2,7.954502625775913,13.389543568464731,1417.5672933502915,2357
4629.0,6023,0,0,2,7.907061345512949,13.39548397808401,1418.1488437103526,2381
4630.0,6021,0,0,2,7.8615030461340805,13.547085201793722,1419.0553636838083,2404
4631.0,6021,0,0,0,7.816643729182657,13.66417538614848,1419.6905353223124,2428
4632.0,6021,0,1,1,7.7725475933489,13.729613021092842,1420.0738632742155,2430
4633.0,6020,0,0,1,7.743104039662904,13.814950166112958,1420.6510265292704,2439
4634.0,6019,0,1,2,7.711943913769466,13.93620202691477,1421.156624720294,2467
4635.0,6016,0,0,3,7.675764070835886,14.069813829787234,1421.608856047743,2486
4636.0,6015,0,0,1,7.644434965406845,14.126350789692436,1422.2560975120255,2490
4637.0,6013,0,0,2,7.59982710666542,14.162647596873441,1422.8795179651556,2498
4638.0,6010,0,0,3,7.551081178936627,14.197171381031614,1423.4167761624383,2518
4639.0,6007,0,0,3,7.5285711446404875,14.318295322124188,1424.3650456914665,2544
4640.0,6004,0,1,4,7.5015003173252826,14.405063291139241,1424.978041149788,2560
4641.0,6000,0,1,5,7.472719852558118,14.501,1425.720125604556,2574
4642.0,5997,0,0,3,7.446512736876175,14.607136901784225,1426.7319712021567,2605
4643.0,5994,0,0,3,7.416325601527902,14.739406072739406,1427.4136397636246,2618
4644.0,5990,0,1,5,7.3892568578750755,14.85575959933222,1428.2931630153962,2649
4645.0,5986,0,1,5,7.361517031601013,15.01703975943869,1429.485931526997,2668
4646.0,5981,0,0,5,7.328364024013498,15.100484868751044,1429.820895776427,2694
4647.0,5975,0,0,6,7.304530616758865,15.255732217573222,1430.4967631260868,2700
4648.0,5973,0,1,3,7.273489074908428,15.433115687259333,1431.0186721593368,2732
4649.0,5972,0,0,1,7.2678760964158045,15.61888814467515,1431.8281777810732,2771
4650.0,5970,0,1,3,7.240386514396072,15.814907872696818,1432.0651138471271,2770
4651.0,5971,0,2,1,7.218383219317944,15.98358733880422,1432.2232449914716,2784
4652.0,5967,0,0,4,7.195309971946502,16.17747611865259,1433.0709816220974,2802
4653.0,5964,0,0,3,7.155836693837391,16.418343393695505,1433.5212398917888,2827
4654.0,5960,0,0,4,7.122573067461547,16.621308724832215,1434.2420971522051,2834
4655.0,5959,0,1,2,7.096589848319696,16.78889075348213,1434.5951940474342,2850
4656.0,5958,0,1,2,7.080015814018274,16.973313192346424,1434.9663616112925,2864
4657.0,5958,0,0,0,7.071987528830411,17.14518294729775,1435.6521751221244,2876
4658.0,5956,0,0,2,7.0545217662075075,17.132639355271994,1436.6231699436719,2877
4659.0,5955,0,1,2,7.029668754648722,17.29403862300588,1436.959235298834,2902
4660.0,5954,0,1,2,6.997278085264873,17.48807524353376,1437.8044155926693,2923
4661.0,5954,0,0,0,6.980132016711619,17.682734296271413,1438.497932941761,2947
4662.0,5953,0,2,3,6.936272850378773,17.815555182261043,1438.8712573957882,2966
4663.0,5948,0,0,5,6.902295811325889,18.022528581035644,1439.4369460731004,2987
4664.0,5946,0,1,3,6.855686688556897,18.178102926337033,1439.7879123072923,3004
4665.0,5941,0,0,5,6.814110182527189,18.387645177579532,1440.912070425396,3017
4666.0,5939,0,1,3,6.789123726690864,18.507997979457823,1441.9053967748396,3052
4667.0,5936,0,2,5,6.760301174769716,18.72894204851752,1442.4971885025484,3047
4668.0,5934,0,0,2,6.741366818655603,18.942703067071115,1443.2240005216056,3067
4669.0,5931,0,1,4,6.720148481955459,19.160343955488113,1443.4725186062901,3083
4670.0,5930,0,1,2,6.689406315261551,19.42546374367622,1444.085379875359,3110
4671.0,5929,0,0,1,6.665162992819855,19.68105920053972,1444.9897994843889,3121
4672.0,5928,0,2,3,6.622824674422695,19.966261808367072,1445.146545738147,3151
4673.0,5927,0,0,1,6.586976375487826,20.233338957313986,1445.8810829910128,3155
4674.0,5926,0,1,2,6.5559312417529405,20.501349983125213,1446.5130944758841,3160
4675.0,5925,0,0,1,6.519161897995957,20.685569620253165,1447.4127775252664,3183
4676.0,5922,0,0,3,6.469019600758238,21.00388382303276,1448.4055973292702,3223
4677.0,5922,0,0,0,6.439349449794807,21.225599459642012,1449.13260038239,3217
4678.0,5917,0,1,6,6.397737056990371,21.492310292377894,1450.4812072005861,3246
4679.0,5917,0,1,1,6.370625541827138,21.774547912793647,1451.1278928043544,3258
4680.0,5915,0,0,2,6.350494991595331,22.078444632290786,1451.802365418217,3271
4681.0,5913,0,0,2,6.399716976710816,20.887535937764248,1452.8709611298518,3086
4682.0,5911,0,0,2,6.491104212928671,20.03451192691592,1453.7398151650793,2928
4683.0,5910,0,1,2,6.621423393612435,19.358883248730965,1454.5444149319442,2786
4684.0,5910,0,1,1,6.762024492609519,18.731979695431473,1455.2101281681576,2681
4685.0,5908,0,0,2,6.918412938458267,18.262525389302642,1456.2919933607275,2581
4686.0,5908,0,1,1,7.087395817014107,17.907244414353418,1456.9253830447967,2496
4687.0,5907,0,0,1,7.244557928086491,17.673607584222108,1457.6256823588571,2442
4688.0,5905,0,0,2,7.3917889467685995,17.450635055038102,1458.3398562412626,2373
4689.0,5904,0,1,2,7.514178994388486,17.261348238482384,1458.7649459640027,2344
4690.0,5901,0,0,3,7.61181449490437,17.10828673106253,1459.6695735940814,2309
4691.0,5900,0,0,1,7.704475488299858,16.971864406779662,1460.3205786170745,2296
4692.0,5900,0,1,1,7.782441672641695,16.892033898305083,1460.8595598170461,2285
4693.0,5900,0,0,0,7.841565375082209,16.791186440677965,1461.4854767628428,2260
4694.0,5897,0,0,3,7.909485043478478,16.626759369170763,1461.867283177043,2247
4695.0,5897,0,1,1,7.970674447025525,16.544344581990842,1462.2534606337615,2260
4696.0,5897,0,1,1,7.999401995820446,16.51246396472783,1462.5270573331045,2266
4697.0,5894,0,0,3,8.027347666133876,16.45571767899559,1463.4057501520203,2255
4698.0,5892,0,0,2,8.04231047753756,16.458418194161574,1463.9187297006179,2244
4699.0,5892,0,1,1,8.043912693334672,16.497623896809234,1464.1902916160304,2261
4700.0,5889,0,0,3,8.055943484562958,16.444387841738834,1464.8390033759456,2256
4701.0,5887,0,1,3,8.059996248983863,16.300662476643453,1465.7166603115468,2249
4702.0,5887,0,0,0,8.06363594124824,16.157635467980295,1466.3266207004824,2235
4703.0,5884,0,0,3,8.077547991453116,15.990992522093814,1467.1425650109961,2209
4704.0,5884,0,1,1,8.080091298175276,15.933378653976886,1467.428020252441,2214
4705.0,5884,0,1,1,8.089841772664847,15.848062542488103,1467.8968702941465,2201
4706.0,5882,0,1,3,8.061127830505988,15.781536892213532,1468.5381715021513,2195
4707.0,5880,0,0,2,8.051992843797485,15.724489795918368,1469.1750362460295,2192
4708.0,5879,0,0,1,8.05050399199873,15.711515563871407,1469.9383208943539,2201
4709.0,5878,0,0,1,8.037245137806536,15.650901667233754,1470.3210568468594,2206
4710.0,5876,0,1,3,8.012840911174292,15.591729067392784,1471.0255005208473,2201
4711.0,5874,0,1,3,7.990555251204331,15.534729315628192,1471.4704431393566,2210
4712.0,5871,0,1,4,7.966019571067297,15.411514222449327,1471.7905020036185,2210
4713.0,5870,0,0,1,7.9475760626816,15.404258943781942,1472.4514867843704,2227
4714.0,5865,0,1,6,7.925605447885092,15.371184995737426,1473.1783488383792,2231
4715.0,5863,0,0,2,7.908716704881809,15.324066177724715,1473.9042274440399,2230
4716.0,5859,0,1,5,7.885128245537989,15.326335552142003,1474.1027214184355,2252
4717.0,5856,0,1,4,7.865164393390312,15.289617486338798,1474.532887661465,2248
4718.0,5853,0,0,3,7.833593941235008,15.206902443191526,1475.5733599282933,2260
4719.0,5853,0,1,1,7.791508647936722,15.284127797710577,1475.9755244878213,2281
4720.0,5851,0,0,2,7.737037790727227,15.298410528114852,1476.661817534066,2300
4721.0,5847,0,0,4,7.691518247437607,15.176500769625449,1477.1738108099612,2308
4722.0,5847,0,1,1,7.638664997414096,15.197366170685822,1477.748866594033,2338
4723.0,5844,0,0,3,7.590865460658476,15.309719370294319,1478.6720261688763,2349
4724.0,5844,0,0,0,7.555581557981054,15.309034907597535,1479.3155969867728,2366
4725.0,5841,0,0,3,7.514701813789136,15.27974661872967,1480.265237973581,2375
4726.0,5840,0,0,1,7.48065581763612,15.21027397260274,1481.104768753214,2372
4727.0,5838,0,0,2,7.46663211789729,15.147139431312093,1482.1195528489134,2384
4728.0,5833,0,0,5,7.431614681408346,15.113835076290073,1483.3678425122384,2394
4729.0,5831,0,0,2,7.424733453838409,15.070313839821642,1483.974526978298,2426
4730.0,5828,0,0,3,7.392281265380655,15.050102951269732,1484.5357902641663,2450
4731.0,5825,0,0,3,7.3716797372849685,15.090643776824034,1485.3438951948717,2471
4732.0,5822,0,1,4,7.331951864100843,15.029027825489523,1485.783391656717,2461
4733.0,5820,0,0,2,7.314471798160318,15.095017182130585,1486.660506842807,2483
4734.0,5817,0,1,4,7.278597497192217,15.163314423242221,1486.7687808884077,2484
4735.0,5815,0,0,2,7.248030492284238,15.28804815133276,1487.3036170525907,2524
4736.0,5815,0,2,2,7.203731086608949,15.442648323301805,1487.5568982650748,2580
4737.0,5815,0,1,1,7.179225302963507,15.486844368013758,1487.8883614342308,2577
4738.0,5813,0,1,3,7.132255884649573,15.50197832444521,1488.2049330950008,2599
4739.0,5811,0,0,2,7.086891892091453,15.665978316985028,1488.9006074113552,2653
4740.0,5809,0,0,2,7.052241098295955,15.88035806507144,1489.486290853885,2671
4741.0,5805,0,0,4,7.012101299895983,16.057881136950904,1490.421636794207,2712
4742.0,5803,0,1,3,6.970679483046413,16.100637601240738,1491.2358907653263,2736
4743.0,5798,0,0,5,6.940740428687588,16.2357709555019,1492.136058907229,2747
4744.0,5794,0,0,4,6.908038242082296,16.353641698308596,1492.7973797322757,2771
4745.0,5791,0,0,3,6.8744458569047735,16.415817648074597,1493.8673487393544,2780
4746.0,5788,0,1,4,6.8308197070379695,16.619730476848652,1494.4970710317195,2807
4747.0,5785,0,1,4,6.790469284550489,16.797752808988765,1495.1499395274366,2836
4748.0,5783,0,0,2,6.757689470597497,16.978212000691684,1495.716540347115,2863
4749.0,5781,0,1,3,6.720788505654923,17.18370524130773,1496.2979259429828,2887
4750.0,5779,0,1,3,6.682739333882045,17.37169060391071,1496.8102868665765,2903
4751.0,5776,0,0,3,6.638623583122012,17.610803324099724,1497.43237793327,2935
4752.0,5775,0,0,1,6.605519954197051,17.798268398268398,1498.1231298647592,2956
4753.0,5775,0,0,0,6.577734719486984,17.9821645021645,1498.8255269534677,2970
4754.0,5775,0,0,0,6.559151252829871,18.138181818181817,1499.5299287907724,2986
4755.0,5773,0,0,2,6.5376120954151835,18.347133206305212,1499.7941918684676,3005
4756.0,5772,0,0,1,6.511208169538182,18.56081081081081,1500.4108919853759,3006
4757.0,5769,0,1,4,6.486324273896509,18.758363667880047,1501.396666632408,3014
4758.0,5768,0,0,1,6.457367810149879,19.042995839112344,1502.2775538813917,3037
4759.0,5766,0,0,2,6.421627053127311,19.265348595213318,1502.8909576730878,3053
4760.0,5764,0,0,2,6.383502590635086,19.484038861901457,1503.7358743864054,3056
4761.0,5761,0,0,3,6.348023066222523,19.71445929526124,1504.1014448747512,3070
4762.0,5758,0,0,3,6.32005163913333,19.998436957276834,1504.8087217078407,3082
4763.0,5755,0,0,3,6.282202117047534,20.234231103388357,1505.3786438430507,3101
4764.0,5753,0,1,3,6.2514029647071165,20.480271162871546,1506.0313390436543,3103
4765.0,5749,0,0,4,6.225448161632061,20.7441294138111,1507.0226000049274,3121
4766.0,5746,0,0,3,6.192815727216744,20.981378350156632,1507.5005759545309,3136
4767.0,5745,0,0,1,6.1501531684365895,21.17006092254134,1508.2828799587635,3140
4768.0,5744,0,1,2,6.111605606990758,21.395543175487465,1508.8948233289814,3159
4769.0,5742,0,1,3,6.084567951648896,21.60902124695228,1509.2012878791365,3164
4770.0,5740,0,0,2,6.065038610188093,21.867421602787456,1509.7609601017957,3177
4771.0,5737,0,0,2,6.121638494197263,20.455115914240892,1510.1757711952919,2961
4772.0,5737,0,0,0,6.225413814554656,19.424437859508455,1510.9015649718863,2803
4773.0,5735,0,0,2,6.3489759150151555,18.645335658238885,1511.8301530391075,2677
4774.0,5733,0,0,2,6.4944606096577955,17.819989534275248,1512.7065161706316,2556
4775.0,5729,0,0,4,6.6744795472805345,17.118868912550184,1513.439058573452,2466
4776.0,5729,0,0,1,6.854873472507298,16.551405131785653,1514.2302443993606,2393
4777.0,5726,0,1,4,7.032680886162654,16.09151239958086,1514.4961512942687,2339
4778.0,5724,0,0,2,7.2016451850114205,15.749825296995109,1514.9749265206794,2292
4779.0,5721,0,0,3,7.3351896601746835,15.39783254675756,1515.9852478984499,2260
4780.0,5720,0,0,1,7.456929828762099,15.063986013986014,1516.8370329764027,2218
4781.0,5717,0,0,3,7.558045550735962,14.691621479797096,1517.9060749948283,2192
4782.0,5714,0,0,3,7.639039480056241,14.443822191109556,1519.1231414050847,2172
4783.0,5712,0,0,2,7.716998466336791,14.301470588235293,1519.9537130200151,2155
4784.0,5712,0,0,0,7.788146347450654,14.050245098039216,1520.574521418108,2130
4785.0,5712,0,0,0,7.846758434667927,13.881827731092438,1521.191462370672,2105
4786.0,5713,0,1,0,7.889760532955476,13.700332574829337,1521.5385803726786,2102
4787.0,5712,0,0,1,7.941965919287225,13.554096638655462,1522.2224017091532,2102
4788.0,5711,0,0,1,7.97236971834669,13.31693223603572,1522.6954933161373,2095
4789.0,5709,0,0,2,7.985535094269858,13.248204589245052,1523.2603024096527,2101
4790.0,5706,0,0,3,7.995960105262619,13.13757448300035,1524.1066811864175,2107
4791.0,5705,0,0,1,8.000761809998394,13.043996494303244,1524.617580919381,2097
4792.0,5702,0,0,3,7.9934802566097884,12.967204489652753,1525.2442038356344,2100
4793.0,5702,0,0,0,7.992131309666062,12.838302350052613,1525.8535276301038,2099
4794.0,5701,0,0,1,7.987454706675934,12.784774600947202,1526.6060061854507,2104
4795.0,5698,0,0,3,7.975215998448938,12.67093717093717,1527.113722411372,2106
4796.0,5697,0,0,1,7.952617150089019,12.54642794453221,1527.621188077921,2107
4797.0,5695,0,0,2,7.923217887880249,12.423705004389817,1528.3327934296221,2120
4798.0,5695,0,1,1,7.89898543481387,12.278841088674275,1528.627818847439,2139
4799.0,5692,0,0,3,7.8612378479818865,12.211173576950106,1529.3350545003036,2143
4800.0,5690,0,0,2,7.823005321510787,12.086994727592268,1530.0633174950042,2143
4801.0,5691,0,1,0,7.8076833723105885,11.871200140572835,1530.4163029101758,2147
4802.0,5689,0,0,2,7.771597639132673,11.736333274740728,1531.1156724104735,2172
4803.0,5689,0,1,1,7.744535465189552,11.599929688873264,1531.5114178218785,2164
4804.0,5687,0,1,3,7.709891580184229,11.385792157552313,1531.5189564392474,2155
4805.0,5686,0,0,1,7.6856995636333165,11.289834681674288,1531.9779207567988,2161
4806.0,5684,0,0,2,7.655973701664031,11.145320197044335,1532.8121058725494,2194
4807.0,5683,0,1,2,7.606316476819242,11.149216962871723,1533.1316251385706,2216
4808.0,5680,0,0,3,7.568413555673108,11.097711267605634,1533.7997302606125,2201
4809.0,5680,0,1,1,7.534623377680148,11.049295774647888,1534.3704513891096,2215
4810.0,5676,0,0,4,7.479410252408103,11.029774489076814,1535.2946322610228,2237
4811.0,5673,0,1,4,7.428634789314252,11.111581173982021,1535.8139940397218,2263
4812.0,5673,0,0,0,7.395044889504623,11.045126035607263,1536.4600426955633,2261
4813.0,5669,0,1,5,7.344398465381698,11.007937907920269,1537.181752464468,2290
4814.0,5665,0,0,4,7.297448889741591,10.981112091791703,1537.4665409635095,2322
4815.0,5664,0,2,3,7.261142771363876,11.049611581920903,1538.0362744036208,2351
4816.0,5663,0,0,1,7.232054704304755,11.017481900052976,1538.9190737619426,2354
4817.0,5657,0,0,6,7.1994607585559125,10.975251900300513,1540.4687880887398,2351
4818.0,5655,0,1,3,7.167757498030256,11.003006189213085,1541.3309263430717,2369
4819.0,5653,0,0,2,7.133830227001115,11.047231558464532,1542.294545254656,2365
4820.0,5645,0,0,8,7.095782372546477,11.18086802480071,1543.5985190158553,2392
4821.0,5643,0,0,2,7.07739846136512,11.255537834485203,1544.59616856181,2415
4822.0,5640,0,2,5,7.046748337706272,11.331028368794327,1544.7813933070563,2429
4823.0,5639,0,1,2,7.0277237284021945,11.478453626529527,1544.9641088094463,2459
4824.0,5638,0,1,2,6.998792336916318,11.643313231642427,1545.010225034437,2491
4825.0,5636,0,1,3,6.9698883379418035,11.772711142654364,1545.4395828241393,2508
4826.0,5633,0,2,5,6.931693417602248,11.922954020947985,1545.5898637200905,2529
4827.0,5632,0,0,1,6.905865928852663,12.040838068181818,1546.2277487647946,2532
4828.0,5630,0,0,2,6.878957258335054,12.229129662522203,1547.1451360578785,2552
4829.0,5627,0,2,5,6.857096250830283,12.406433268171316,1547.5928558194369,2585
4830.0,5626,0,0,1,6.825607865351049,12.574653394952009,1548.2526036109784,2603
4831.0,5625,0,1,2,6.799544265412626,12.729777777777779,1548.2946287747495,2616
4832.0,5624,0,1,2,6.760123556822638,12.992887624466572,1548.6730890790702,2636
4833.0,5622,0,1,3,6.713210963107521,13.164532194948418,1549.4020596936257,2656
4834.0,5621,0,1,2,6.678742835205286,13.339263476249778,1549.6914314745975,2674
4835.0,5618,0,0,3,6.636462002721249,13.55500177999288,1550.8307019598456,2697
4836.0,5617,0,1,2,6.600848229032014,13.687377603703045,1551.3541966916657,2724
4837.0,5615,0,1,3,6.574793723641335,13.951558325912734,1551.3080202537042,2744
4838.0,5613,0,1,3,6.532285290798223,14.164796009264208,1551.804317973897,2756
4839.0,5614,0,1,0,6.5150096936031945,14.406305664410402,1552.2310709905096,2797
4840.0,5612,0,0,2,6.4903641224875,14.694939415538133,1552.801434287782,2831
4841.0,5611,0,0,1,6.46931701583204,14.907324897522724,1553.224155357563,2861
4842.0,5611,0,1,1,6.450505861047496,15.149884156121903,1553.8755984792053,2876
4843.0,5611,0,1,1,6.427402215601936,15.422384601675281,1554.5600723209468,2887
4844.0,5608,0,0,3,6.396277128812527,15.669400855920115,1555.121343055547,2911
4845.0,5607,0,1,2,6.360532377280366,15.94649545211343,1555.98265163565,2926
4846.0,5608,0,1,0,6.332752155819285,16.21005706134094,1556.4225644075764,2939
4847.0,5609,0,1,0,6.318641434011803,16.442681404885008,1556.8635850132503,2952
4848.0,5609,0,0,0,6.301569075537456,16.726689249420573,1557.5837498864205,2968
4849.0,5607,0,0,2,6.273846623912109,17.006063848760476,1558.328321576932,2983
4850.0,5607,0,1,1,6.253266316629745,17.27429998216515,1558.6413378838527,2989
4851.0,5605,0,0,2,6.236210827288359,17.58412132024978,1559.764378387911,3006
4852.0,5606,0,1,0,6.218696425818993,17.90920442383161,1560.2118913978384,3022
4853.0,5604,0,0,2,6.200166894916478,18.207173447537475,1560.904079249964,3042
4854.0,5603,0,1,2,6.169951720538805,18.502766375156167,1561.4243451282382,3042
4855.0,5599,0,0,4,6.135202345817095,18.755134845508127,1562.5311928909434,3046
4856.0,5598,0,0,1,6.102028112764662,19.070382279385495,1563.444030924625,3062
4857.0,5595,0,1,4,6.057583271205177,19.32975871313673,1564.1174718422894,3081
4858.0,5592,0,0,3,6.015624245652098,19.674713876967097,1564.9279816176743,3095
4859.0,5589,0,0,3,5.975442830188321,19.954732510288064,1565.630925294935,3104
4860.0,5589,0,1,1,5.941369897198833,20.304526748971192,1566.1904591588059,3136
4861.0,5586,0,1,4,5.980784268558609,19.08252774794128,1567.1223847138126,2951
4862.0,5586,0,0,0,6.0786335482061356,18.156462585034014,1567.8563806072843,2815
4863.0,5585,0,2,3,6.195100805661932,17.486660698299016,1568.2486860620063,2694
4864.0,5585,0,1,1,6.332342953369781,16.89579230080573,1568.9007692647303,2578
4865.0,5584,0,0,1,6.487559985826928,16.456840974212035,1569.8183226591925,2501
4866.0,5582,0,1,3,6.649305619754192,16.00519527051236,1570.635333259613,2424
4867.0,5580,0,0,2,6.808868017104292,15.660394265232975,1570.9773497113624,2370
4868.0,5578,0,1,3,6.943010709369322,15.342775188239512,1571.4506561995936,2319
4869.0,5577,0,1,2,7.074929265524012,15.086964317733548,1572.0979988909908,2284
4870.0,5575,0,0,2,7.180548842203622,14.93883408071749,1572.7494021232487,2252
4871.0,5573,0,1,3,7.252983721129299,14.865422573120401,1573.5612296701813,2226
4872.0,5572,0,0,1,7.3425588926634,14.722720746590094,1574.4183513025646,2222
4873.0,5571,0,1,2,7.415917711168212,14.549632022976127,1575.000356331475,2215
4874.0,5570,0,0,1,7.47756487074893,14.476660682226212,1575.803939390561,2197
4875.0,5571,0,2,1,7.5388103054226505,14.371028540656974,1575.9372337666043,2179
4876.0,5569,0,0,2,7.591369915097696,14.261447297539954,1576.8328508764196,2169
4877.0,5565,0,0,4,7.63452982966781,14.148966756513927,1577.881381865897,2165
4878.0,5564,0,1,2,7.664224493187034,14.080697340043134,1577.9808977159837,2155
4879.0,5562,0,1,3,7.691816122170209,14.065623876303487,1578.5376900143467,2156
4880.0,5560,0,0,2,7.7049028611022665,13.923021582733814,1579.328559068715,2131
4881.0,5559,0,2,3,7.719489276353435,13.791149487317863,1579.4943677396877,2121
4882.0,5557,0,0,2,7.717672106044552,13.730969947813568,1580.5139821200773,2133
4883.0,5556,0,1,2,7.711355587220353,13.648848092152628,1580.7337903896018,2115
4884.0,5553,0,0,3,7.70138876906298,13.623987034035656,1581.8419426598887,2121
4885.0,5552,0,1,2,7.681362061351683,13.59185878962536,1582.3823509916092,2119
4886.0,5550,0,1,3,7.67203146417534,13.548828828828828,1582.8212386110738,2111
4887.0,5550,0,1,1,7.657378215265648,13.484144144144144,1583.139787314122,2126
4888.0,5545,0,0,5,7.639957761314842,13.38990081154193,1584.2282930056754,2127
4889.0,5546,0,2,1,7.631479144144749,13.355571583122972,1584.5064553435502,2138
4890.0,5544,0,0,2,7.6084315239096645,13.366522366522366,1585.5635397784372,2158
4891.0,5541,0,1,4,7.5796529656739455,13.346868796246165,1585.8836758522089,2153
4892.0,5542,0,1,0,7.568072837482494,13.302598339949476,1586.2340637343223,2142
4893.0,5542,0,1,1,7.546805472353911,13.252796824251172,1586.7347316840164,2162
4894.0,5541,0,2,3,7.5154777995281306,13.219635444865547,1586.2724540761815,2162
4895.0,5536,0,0,5,7.476633211860446,13.289559248554914,1587.421391881555,2178
4896.0,5535,0,2,3,7.432627479338258,13.390785907859078,1587.7907632516442,2199
4897.0,5533,0,0,2,7.407643045913597,13.438460148201699,1588.8125286705304,2218
4898.0,5532,0,1,2,7.377566026465906,13.457881417208966,1589.360060172734,2219
4899.0,5531,0,0,1,7.338138101194945,13.496293617790634,1590.1702272913224,2226
4900.0,5532,0,2,1,7.286615862451944,13.54880694143167,1590.1114612558301,2251
4901.0,5529,0,0,3,7.2461834027941565,13.618014107433533,1590.8844423527007,2274
4902.0,5527,0,1,3,7.2080424241894185,13.592002894879682,1591.7719032235877,2291
4903.0,5527,0,0,0,7.168368415766068,13.685362764610096,1592.4335285544355,2314
4904.0,5527,0,1,1,7.130381852134382,13.856341595802425,1592.668693281956,2342
4905.0,5528,0,1,0,7.084047960315882,14.007597684515195,1593.0488560975762,2363
4906.0,5527,0,1,2,7.037773716728291,14.061516193233219,1593.3633243524669,2356
4907.0,5524,0,1,4,7.006821320987576,14.08454018826937,1593.7498407452667,2371
4908.0,5521,0,0,3,6.987563275175243,14.21735192899837,1594.9284038863295,2384
4909.0,5520,0,1,2,6.984708633396763,14.340942028985507,1595.3574346760272,2418
4910.0,5517,0,1,4,6.965157668774942,14.463657785028095,1596.1307553536335,2413
4911.0,5512,0,1,6,6.94792915539826,14.586538461538462,1596.7113257113401,2424
4912.0,5510,0,0,2,6.930696944248924,14.704355716878403,1597.260198137098,2448
4913.0,5509,0,0,1,6.904847261522501,14.820657106552913,1598.1027902441585,2455
4914.0,5509,0,2,2,6.849090808792511,14.974042475948448,1597.9970458592647,2477
4915.0,5508,0,1,2,6.798038447844449,15.205519244734932,1598.4091111452904,2511
4916.0,5505,0,1,4,6.752852933432984,15.365304268846502,1598.3823841189107,2527
4917.0,5505,0,0,0,6.721685779456174,15.482288828337875,1599.0737587318254,2564
4918.0,5503,0,1,3,6.679892003153946,15.719789205887698,1599.9010618673205,2602
4919.0,5501,0,1,3,6.65016770162159,15.967824031994184,1600.093346483287,2630
4920.0,5501,0,2,2,6.615999541223364,16.189420105435374,1600.3142150652104,2661
4921.0,5500,0,1,2,6.577817680470348,16.341636363636365,1600.9527867152472,2681
4922.0,5498,0,0,2,6.538009716232304,16.606220443797746,1601.4414923743427,2720
4923.0,5495,0,1,4,6.506250808747063,16.848589626933578,1602.1098964204623,2748
4924.0,5495,0,1,1,6.477014663851097,17.105914467697907,1602.697581372059,2782
4925.0,5493,0,0,2,6.446017246777988,17.329146186054977,1603.1878023139604,2796
4926.0,5489,0,0,4,6.402326698873669,17.609218436873746,1603.917384791311,2816
4927.0,5489,0,1,1,6.38094831561217,17.866642375660412,1604.5581881674098,2833
4928.0,5486,0,0,3,6.335566137156087,18.126321545752827,1605.5045767889274,2847
4929.0,5484,0,1,3,6.290498467379676,18.33679795769511,1606.1291153998075,2868
4930.0,5481,0,0,3,6.248216569603071,18.62962962962963,1607.514413122069,2904
4931.0,5477,0,0,4,6.213367198189001,18.897389081614023,1608.7704182488649,2906
4932.0,5473,0,0,4,6.185902472676027,19.12424630001827,1609.62793456478,2920
4933.0,5471,0,1,3,6.155335192295213,19.386949369402302,1610.0936616164972,2935
4934.0,5470,0,1,2,6.1318986739987,19.676234003656308,1610.4103915312987,2958
4935.0,5468,0,0,2,6.106776763929436,19.86356986100951,1611.287620777873,2966
4936.0,5466,0,0,2,6.094472594215507,20.140504939626783,1612.1338008939174,2989
4937.0,5464,0,1,3,6.059884967727478,20.42953879941435,1613.090008702338,3011
4938.0,5463,0,2,3,6.014718230429119,20.764964305326743,1613.756500681037,3032
4939.0,5461,0,1,3,5.987845231052011,21.038637612158944,1614.8569206774082,3039
4940.0,5459,0,1,3,5.949016880278548,21.317457409782012,1615.5702220949204,3053
4941.0,5459,0,0,0,5.933244559073104,21.581241985711667,1616.3097507303662,3060
4942.0,5458,0,1,2,5.909185175378664,21.80359105899597,1616.8374290087163,3066
4943.0,5455,0,0,3,5.893769148441695,22.11365719523373,1617.9451578640771,3070
4944.0,5455,0,2,2,5.867072068892918,22.399083409715857,1618.2107430854107,3085
4945.0,5453,0,0,2,5.857489628476139,22.677975426370804,1619.082831369423,3087
4946.0,5451,0,1,3,5.834319829272971,22.87451843698404,1619.685827924265,3090
4947.0,5450,0,0,1,5.820520606778577,23.090091743119267,1620.3174021813754,3089
4948.0,5447,0,1,4,5.7866559979914,23.330824306957958,1621.1939395531103,3095
4949.0,5442,0,0,5,5.744312497605852,23.56725468577729,1622.2860077951932,3106
4950.0,5442,0,2,2,5.696662052105278,23.82763689819919,1622.6848819251447,3105
4951.0,5441,0,0,1,5.735016391545303,22.472339643447896,1623.5125825577309,2922
4952.0,5439,0,1,3,5.810363116900129,21.54293068578783,1624.2211502652801,2789
4953.0,5434,0,0,5,5.897493634300696,20.70887007729113,1625.8764502387533,2670
4954.0,5434,0,2,2,6.035383318732377,19.901361796098637,1626.1332587979603,2571
4955.0,5430,0,0,4,6.183618161259781,19.346408839779006,1627.2880933070621,2508
4956.0,5427,0,1,4,6.350630468258056,18.943615257048094,1627.8557129954877,2453
4957.0,5425,0,0,2,6.511896213467869,18.588571428571427,1628.6215337797485,2402
4958.0,5423,0,2,4,6.648889824312519,18.2793656647612,1629.1948946976354,2361
4959.0,5420,0,0,3,6.753115493559414,18.081734317343173,1630.3076865246592,2345
4960.0,5418,0,0,2,6.849534497757916,18.003691399040235,1631.1208482915742,2323
4961.0,5417,0,1,2,6.933726603114195,17.86486985416282,1631.8907602520085,2300
4962.0,5415,0,0,2,7.012605731401954,17.78725761772853,1632.9364454285662,2300
4963.0,5414,0,0,1,7.086164092784356,17.690247506464722,1633.4519169571126,2291
4964.0,5413,0,1,2,7.141065424773335,17.55015702937373,1633.7291620996275,2269
4965.0,5412,0,0,1,7.190530235707872,17.454360679970435,1634.238015317756,2262
4966.0,5410,0,0,2,7.212764828898571,17.31663585951941,1635.1011459942301,2238
4967.0,5408,0,0,2,7.226560205008606,17.245562130177515,1636.0748392489002,2228
4968.0,5405,0,0,3,7.217737891417299,17.103977798334874,1637.2313169323409,2220
4969.0,5402,0,0,3,7.2213538433885835,17.03794890781192,1638.2600179255182,2203
4970.0,5400,0,1,3,7.227830407961166,16.997592592592593,1639.1364121936276,2213
4971.0,5399,0,0,1,7.229548525971646,16.952954250787183,1639.9536661793325,2215
4972.0,5395,0,0,4,7.226455764370042,16.965708989805375,1640.816435841954,2230
4973.0,5392,0,0,3,7.214657777057458,16.998887240356083,1641.6754581046616,2241
4974.0,5391,0,0,1,7.20889948290891,16.964570580597293,1642.4959702532278,2237
4975.0,5386,0,0,5,7.184156412616466,16.944857036761974,1643.8326967956234,2233
4976.0,5385,0,1,2,7.149206539072467,16.987000928505108,1644.6332309577576,2239
4977.0,5383,0,0,2,7.122130018034154,16.8402377856214,1645.465271466362,2245
4978.0,5383,0,1,1,7.106830873738341,16.7555266579974,1645.9362084649633,2240
4979.0,5382,0,0,1,7.0971390262601926,16.6644370122631,1646.4524645110114,2236
4980.0,5380,0,0,2,7.084104007229683,16.657434944237917,1647.225772867116,2234
4981.0,5378,0,0,2,7.0579129981455715,16.648754183711418,1647.9884625790055,2246
4982.0,5377,0,1,2,7.023747925086878,16.639947926352985,1648.500548043683,2243
4983.0,5377,0,1,1,6.991784534487663,16.685512367491167,1648.8901787362204,2258
4984.0,5378,0,1,0,6.961551977186024,16.746746002231312,1649.2408170242747,2279
4985.0,5378,0,0,0,6.944828558691631,16.74209743399033,1649.899299503972,2283
4986.0,5377,0,1,2,6.92239722356592,16.719918169983263,1649.88835872243,2284
4987.0,5376,0,2,3,6.895740278934436,16.670572916666668,1649.8076520404506,2315
4988.0,5375,0,0,1,6.874814367830791,16.67813953488372,1650.62840152024,2312
4989.0,5376,0,2,1,6.851242393524372,16.713541666666668,1650.8707730067642,2317
4990.0,5374,0,0,2,6.818556634755817,16.871417938221065,1651.3159845093267,2345
4991.0,5374,0,1,1,6.795584125686196,17.024190547078526,1651.5744399746102,2355
4992.0,5374,0,0,0,6.765684155318449,17.094715295868998,1652.2431613030403,2363
4993.0,5373,0,1,2,6.729349105298782,17.162665177740553,1652.573273783923,2367
4994.0,5373,0,2,2,6.670257411290113,17.227247347850362,1652.3211620253653,2385
4995.0,5372,0,0,1,6.6204256834277855,17.217795979151155,1652.8697079808915,2397
4996.0,5372,0,2,2,6.574291101990531,17.224311243484735,1653.1587643836385,2412
4997.0,5371,0,0,1,6.53574342839206,17.20983057158816,1653.773343413451,2422
4998.0,5369,0,0,2,6.512458411138135,17.1964984168374,1654.2227172548176,2427
4999.0,5368,0,0,1,6.4831832404218614,17.230625931445605,1655.110320022492,2439
5000.0,5366,0,2,4,6.449612130037399,17.220648527767423,1655.2561701668071,2457
5001.0,5366,0,1,1,6.427510763329443,17.295751024972045,1655.8593400353166,2475
5002.0,5368,0,2,0,6.4000851322890115,17.26602086438152,1655.9364511131496,2479
5003.0,5365,0,0,3,6.387450813547929,17.338863000931966,1656.8291567600625,2503
5004.0,5368,0,4,1,6.372682062197267,17.404806259314455,1656.4477417075998,2536
5005.0,5364,0,0,4,6.353633375438788,17.580164056674125,1657.7278755810462,2563
5006.0,5364,0,1,1,6.343181009296747,17.709545115585385,1658.2860268307006,2593
5007.0,5359,0,2,7,6.316159496668586,17.81265161410711,1659.1329256257943,2607
5008.0,5357,0,1,3,6.299194676810437,17.940078402090723,1660.0074753941415,2632
5009.0,5355,0,2,4,6.26951391491847,17.945845004668534,1660.1078427839789,2631
5010.0,5352,0,2,5,6.225444943972806,18.108183856502244,1660.5881110332807,2638
5011.0,5352,0,2,2,6.203631840871663,18.36976831091181,1660.9088523304229,2695
5012.0,5349,0,0,3,6.183915642745801,18.55374836418022,1662.055588665726,2705
5013.0,5347,0,2,4,6.16422749487731,18.725827566859923,1662.1677019817705,2736
5014.0,5348,0,2,1,6.15861722475498,18.844988780852656,1662.0647683188035,2741
5015.0,5346,0,2,4,6.143785034588456,18.97138047138047,1662.2251449326704,2759
5016.0,5344,0,0,2,6.119124619190056,19.10872005988024,1662.9388195181461,2763
5017.0,5344,0,2,2,6.089896555158162,19.20490269461078,1663.2755368315538,2783
5018.0,5342,0,0,2,6.065186343946999,19.325907899663047,1664.0562391789256,2792
5019.0,5342,0,2,2,6.040168437138519,19.417446649195057,1664.1822030574338,2799
5020.0,5340,0,1,3,6.00939723158189,19.609176029962548,1664.7686091207288,2834
5021.0,5338,0,1,3,5.98313139697748,19.752154364930686,1665.6353193538018,2839
5022.0,5337,0,0,1,5.963102148197357,19.92542626943976,1666.431565004338,2855
5023.0,5335,0,3,5,5.943204567814928,20.101968134957826,1666.520388372461,2864
5024.0,5335,0,1,1,5.933280552617026,20.206747891283975,1667.0392814810345,2856
5025.0,5337,0,2,0,5.9312513847683555,20.389732059209294,1667.1457964318556,2876
5026.0,5334,0,0,3,5.902608401392096,20.59392575928009,1668.3202200306487,2900
5027.0,5333,0,1,2,5.884133647540716,20.78173635852241,1669.1773880669016,2915
5028.0,5331,0,1,3,5.847743069752722,21.005252297880322,1669.8001820647646,2934
5029.0,5329,0,1,3,5.813003948603262,21.205291799587165,1670.8771232645477,2953
5030.0,5327,0,1,3,5.783971259801119,21.45917026468932,1671.5583386847773,2967
5031.0,5327,0,1,1,5.75401330986836,21.672235779988736,1672.2354341071405,2988
5032.0,5324,0,0,3,5.711734817688748,21.95567242674681,1673.4350224096831,2996
5033.0,5323,0,1,1,5.6829590107202055,22.22036445613376,1673.5792918717264,3027
5034.0,5321,0,1,3,5.64529518640923,22.378876151099416,1674.0048577832608,3037
5035.0,5321,0,1,1,5.618555305658435,22.463634655140012,1674.5336174225076,3054
5036.0,5321,0,1,1,5.609083466875661,22.610599511370044,1674.8282884238824,3058
5037.0,5318,0,0,3,5.584690472526174,22.821737495298983,1676.1640483729382,3073
5038.0,5317,0,0,1,5.565466838760963,23.052473199172464,1676.7299437037232,3090
5039.0,5318,0,2,2,5.535438584740462,23.141970665663784,1677.5301745637012,3097
5040.0,5316,0,0,2,5.495196795571805,23.29025583145222,1678.7127383724269,3109
5041.0,5314,0,1,3,5.526680376684802,21.82894241625894,1679.3134406755578,2907
5042.0,5311,0,0,3,5.611798652448998,20.691960082846922,1680.7001292199368,2768
5043.0,5309,0,0,2,5.741103072419508,19.765492559804105,1681.6505890062047,2659
5044.0,5309,0,2,2,5.881052385084726,18.98380109248446,1682.2104919339256,2551
5045.0,5308,0,0,1,6.061841601137374,18.39242652599849,1683.1899728964188,2484
5046.0,5308,0,1,1,6.23022991717942,17.814996232102487,1683.4276635970366,2432
5047.0,5306,0,0,2,6.392037307345984,17.336034677723333,1684.546560125151,2398
5048.0,5304,0,0,2,6.527825983064139,17.029600301659126,1685.4575325461078,2358
5049.0,5303,0,1,2,6.653963442468777,16.76617009240053,1686.1528426581517,2323
5050.0,5302,0,0,1,6.74916876220706,16.52055827989438,1686.9229223011575,2302
5051.0,5301,0,0,1,6.835271584315915,16.32427843803056,1687.82858481374,2292
5052.0,5302,0,1,0,6.887912221621046,16.103923047906452,1688.16882882778,2284
5053.0,5302,0,0,0,6.948852379419383,15.868728781591852,1688.8234725713194,2261
5054.0,5303,0,1,0,6.996792611198911,15.613614934942486,1689.1568772560693,2239
5055.0,5304,0,1,0,7.043196467913952,15.4920814479638,1689.4876324269608,2226
5056.0,5304,0,0,0,7.075657815058909,15.365573152337857,1690.1346706229308,2220
5057.0,5303,0,0,1,7.103816437383308,15.27475014142938,1690.7374712244873,2217
5058.0,5301,0,0,2,7.115381169699208,15.186757215619695,1691.7824794446744,2205
5059.0,5301,0,0,0,7.130725157013439,15.066025278249388,1692.4262945669482,2206
5060.0,5302,0,1,0,7.147515883999837,15.031686156167485,1692.7500344652844,2200
5061.0,5300,0,0,2,7.155847232184914,14.897924528301887,1693.4809355336527,2185
5062.0,5300,0,0,0,7.178386465982974,14.804150943396227,1694.1218201631768,2186
5063.0,5300,0,0,0,7.188583051002461,14.66132075471698,1694.761885743221,2170
5064.0,5299,0,0,1,7.1935456282623464,14.616720135874694,1695.2377858819582,2176
5065.0,5299,0,0,0,7.18322001705311,14.392904321570107,1695.878522259483,2158
5066.0,5297,0,0,2,7.17104278115511,14.305078346233717,1696.0200761999213,2174
5067.0,5297,0,0,0,7.163390402792399,14.134415707003965,1696.6630144685287,2174
5068.0,5297,0,1,1,7.143067440651395,14.056447045497451,1697.0845520186454,2174
5069.0,5295,0,0,2,7.1384324011587905,13.978470254957507,1697.309265891147,2192
5070.0,5293,0,0,2,7.115466506760458,13.873417721518987,1697.9619015928688,2194
5071.0,5291,0,0,2,7.092192128276329,13.77981477981478,1698.523740103863,2196
5072.0,5291,0,2,2,7.068724821612204,13.670572670572671,1698.6405918138125,2212
5073.0,5289,0,0,2,7.043588794787313,13.624503686897334,1699.6694682755128,2232
5074.0,5287,0,0,2,7.02137863618509,13.498581426139587,1700.3284200549235,2226
5075.0,5286,0,0,1,6.987102720263456,13.354143019296254,1700.8274294706903,2234
5076.0,5284,0,0,2,6.957432896223454,13.374905374716125,1701.5495459173883,2261
5077.0,5285,0,1,0,6.918905422982885,13.31996215704825,1701.8854024385703,2282
5078.0,5282,0,0,3,6.872398029157364,13.298750473305565,1702.5405826477045,2303
5079.0,5282,0,0,0,6.831855411459573,13.344755774327906,1703.2048735864146,2318
5080.0,5282,0,0,0,6.780448087546337,13.407989397955319,1703.8719964719573,2351
5081.0,5282,0,2,2,6.745020415083937,13.493373722074972,1703.8275799258886,2380
5082.0,5281,0,0,1,6.713047095388927,13.551410717667109,1704.1307540016069,2397
5083.0,5281,0,1,1,6.680248317410707,13.689642113236129,1704.646509243095,2418
5084.0,5280,0,0,1,6.630557388970644,13.788825757575758,1705.01234175323,2440
5085.0,5276,0,0,4,6.569671961265514,13.884571645185746,1705.963268120895,2460
5086.0,5276,0,0,0,6.529181237398947,13.854245640636845,1706.6489984096131,2469
5087.0,5274,0,1,3,6.480347843605335,13.936291240045506,1706.9958143855258,2495
5088.0,5273,0,0,1,6.450323534344015,13.991655604020481,1707.6563949497688,2490
5089.0,5274,0,2,1,6.4233988850130395,14.028820629503223,1707.6500517243755,2488
5090.0,5272,0,1,3,6.386377328044922,14.085735963581184,1707.932397477348,2510
5091.0,5271,0,0,1,6.378667725649675,14.11193321950294,1708.7801860764544,2523
5092.0,5270,0,2,3,6.3753475514034195,14.195445920303605,1708.686752092324,2542
5093.0,5269,0,1,2,6.352409451383287,14.245397608654393,1708.9713798065586,2564
5094.0,5268,0,0,1,6.318922782889024,14.377182991647684,1709.8273872565092,2571
5095.0,5265,0,2,5,6.276394489607593,14.543019943019942,1709.9427424231214,2592
5096.0,5262,0,1,4,6.239388955730721,14.641011022424934,1710.7974728177103,2616
5097.0,5261,0,0,1,6.20559002248274,14.813913704618894,1711.500855862193,2641
5098.0,5260,0,2,3,6.178863661442862,15.006844106463879,1711.6744004248426,2665
5099.0,5257,0,0,3,6.166614865388594,15.221989727981738,1712.7640372934425,2686
5100.0,5256,0,0,1,6.146241292213939,15.416476407914764,1713.6869935290792,2706
5101.0,5253,0,1,4,6.130503463529497,15.623453264801066,1714.9326805062567,2717
5102.0,5251,0,1,3,6.105510304896107,15.777375737954676,1715.4462904727452,2723
5103.0,5250,0,0,1,6.069098662163553,15.879238095238096,1716.3710078505273,2733
5104.0,5248,0,1,3,6.040097328305986,15.958650914634147,1717.1810515316756,2737
5105.0,5244,0,1,5,5.995579891297768,16.037185354691076,1718.426214056303,2744
5106.0,5243,0,0,1,5.962970281104649,16.104520312798016,1719.1280046356562,2753
5107.0,5243,0,1,1,5.930284297247104,16.2860957467099,1719.4223396169991,2781
5108.0,5240,0,1,4,5.879287793712105,16.48148854961832,1720.1374926191513,2820
5109.0,5239,0,0,1,5.840149012835628,16.670738690589808,1720.967302285056,2839
5110.0,5240,0,2,1,5.791481759738009,16.841603053435115,1720.978977655013,2854
5111.0,5236,0,0,4,5.733373173336955,17.076394194041253,1722.3270766666733,2876
5112.0,5234,0,0,2,5.683029308654884,17.311807413068397,1723.0871715117642,2899
5113.0,5231,0,0,3,5.645084407142253,17.545020072643855,1724.362003125929,2910
5114.0,5230,0,1,2,5.605067572201542,17.731739961759082,1724.3636671674362,2929
5115.0,5230,0,1,1,5.589126135787285,17.8736137667304,1724.8715319510166,2952
5116.0,5230,0,2,2,5.543999041722793,18.15391969407266,1725.021840492568,2971
5117.0,5230,0,0,0,5.509383792002974,18.383365200764818,1725.770350512751,2993
5118.0,5230,0,0,0,5.488618542626067,18.621032504780114,1726.5203287471488,3021
5119.0,5230,0,1,1,5.448834393078054,18.905544933078392,1726.8128697853938,3047
5120.0,5230,0,1,1,5.412893590454933,19.12543021032505,1727.226496827569,3066
5121.0,5230,0,0,0,5.374830477293561,19.423709369024856,1727.9855357035315,3082
5122.0,5232,0,2,0,5.336660568344991,19.63340978593272,1728.0856532692242,3107
5123.0,5230,0,0,2,5.299576537349972,19.98068833652008,1728.6992628603325,3142
5124.0,5229,0,0,1,5.2629883968733076,20.25588066551922,1729.3394408317083,3150
5125.0,5225,0,0,4,5.235222974277587,20.51196172248804,1730.253689404928,3175
5126.0,5224,0,1,2,5.198161826734894,20.85049770290965,1730.6181397408545,3191
5127.0,5223,0,0,1,5.161160584496248,21.145510243155275,1731.5887289027014,3217
5128.0,5224,0,1,0,5.124499306977122,21.440275650842267,1732.0308169486243,3240
5129.0,5223,0,1,2,5.086056179055416,21.80528431935669,1732.5169156363932,3240
5130.0,5223,0,1,1,5.052799151483554,22.09707064905227,1733.0670121170726,3270
5131.0,5223,0,1,1,5.116377064496091,20.77790541834195,1733.7265503586223,3082
5132.0,5220,0,1,4,5.209123896680343,19.754022988505746,1734.7666362401671,2920
5133.0,5218,0,0,2,5.334119642401732,18.979877347642773,1735.6550585409846,2807
5134.0,5215,0,0,3,5.492300974298289,18.362799616490893,1736.8671188299052,2719
5135.0,5212,0,0,3,5.652643571811603,18.030314658480428,1737.5372877411407,2654
5136.0,5212,0,1,1,5.82444366473479,17.63449731389102,1738.1926191273988,2580
5137.0,5209,0,0,3,5.982007412503408,17.318103282779806,1739.1112890724141,2543
5138.0,5208,0,0,1,6.1310296458085505,16.909562211981566,1739.9787802864896,2502
5139.0,5208,0,0,0,6.2573612734562145,16.634024577572966,1740.6716448399882,2483
5140.0,5205,0,0,3,6.350180956159303,16.46416906820365,1741.8198641970266,2455
5141.0,5203,0,0,2,6.419782540593481,16.300980203728617,1742.8898897346166,2422
5142.0,5201,0,0,2,6.487410859600863,16.13708902134205,1743.7829654120937,2418
5143.0,5200,0,0,1,6.5377089921648395,16.072307692307692,1744.6997634357945,2411
5144.0,5199,0,0,1,6.581506112573676,16.03115983843047,1745.464961475307,2418
5145.0,5198,0,0,1,6.621479283758487,15.91035013466718,1746.4056364874582,2407
5146.0,5198,0,0,0,6.6575614375680585,15.776644863409004,1747.06859399097,2378
5147.0,5197,0,0,1,6.689707611390435,15.655955358860881,1747.667996060038,2381
5148.0,5197,0,0,0,6.715866645279209,15.583413507792958,1748.3266602555289,2368
5149.0,5197,0,0,0,6.737582446254243,15.588416394073503,1748.9841284033148,2381
5150.0,5196,0,0,1,6.75432089571019,15.622401847575057,1749.5764842342526,2385
5151.0,5196,0,0,0,6.756609298962118,15.623749037721325,1750.2334161555102,2389
5152.0,5195,0,0,1,6.759885171057008,15.511838306063522,1751.1246995194065,2363
5153.0,5194,0,0,1,6.7630380631390254,15.451097420100115,1751.6077710990792,2358
5154.0,5192,0,0,2,6.75651210875863,15.423151001540832,1752.5835726717858,2347
5155.0,5189,0,0,3,6.7294067448914765,15.262092888803238,1753.1780867092584,2353
5156.0,5188,0,0,1,6.721399104100124,15.123747108712413,1753.6997104298043,2341
5157.0,5187,0,0,1,6.71584899545409,15.071524966261808,1754.5672987976238,2346
5158.0,5187,0,0,0,6.689682963080279,14.968382494698284,1755.2279727600335,2341
5159.0,5185,0,0,2,6.668261884946577,14.97473481195757,1756.1889731841484,2357
5160.0,5183,0,0,2,6.651248711672439,14.89311209724098,1757.055452541009,2356
5161.0,5183,0,0,0,6.63906297690497,14.808412116534825,1757.719265567062,2348
5162.0,5181,0,0,2,6.615072681008352,14.610885929357266,1758.6770162610014,2343
5163.0,5179,0,0,2,6.599322029586192,14.528094226684688,1759.33380560529,2334
5164.0,5176,0,0,3,6.578112432104806,14.471020092735703,1760.359862702191,2350
5165.0,5176,0,0,0,6.5632839783491015,14.433539412673879,1761.0298649127858,2359
5166.0,5171,0,0,5,6.54221085165901,14.444981628311739,1761.5105574055933,2368
5167.0,5168,0,0,3,6.538448695231808,14.401509287925697,1762.4125530409995,2379
5168.0,5167,0,0,1,6.52735777061586,14.371976001548287,1762.9789549063953,2376
5169.0,5163,0,0,4,6.491381045406124,14.384272709664923,1763.7440046787915,2390
5170.0,5160,0,0,3,6.450517527264034,14.415697674418604,1764.6464524833586,2400
5171.0,5159,0,0,1,6.422630780944172,14.496026361698004,1765.4661758809764,2422
5172.0,5157,0,0,2,6.3795147987225125,14.488462284273803,1766.41081880741,2426
5173.0,5157,0,0,0,6.344509280329877,14.518130696141167,1767.09580109345,2434
5174.0,5154,0,0,3,6.292726679786461,14.587116802483507,1767.4990235336543,2437
5175.0,5151,0,0,3,6.234297110200115,14.648417782954766,1768.5734812497003,2450
5176.0,5151,0,0,0,6.194946820380746,14.51426907396622,1769.2686343600312,2438
5177.0,5146,0,0,5,6.1505203055347,14.482316362223086,1770.1155773727858,2438
5178.0,5144,0,0,2,6.141191218043127,14.404354587869362,1771.0812175270185,2419
5179.0,5144,0,0,0,6.134367882930259,14.309292379471229,1771.7812148285802,2421
5180.0,5142,0,0,2,6.12083734470732,14.287436795021392,1772.4157466091838,2449
5181.0,5139,0,1,4,6.10839275604486,14.277680482584161,1772.4008408349125,2475
5182.0,5137,0,0,2,6.093197091282292,14.181428849523067,1773.336118117746,2494
5183.0,5134,0,1,4,6.071108209176192,14.161277756135567,1773.935964446135,2498
5184.0,5131,0,0,3,6.042181285206886,14.253361917754823,1774.3888038863695,2514
5185.0,5129,0,0,2,6.028485866131962,14.32657438097095,1774.81844616743,2543
5186.0,5126,0,0,3,5.99521440635649,14.430745220444791,1775.808666603122,2574
5187.0,5127,0,1,0,5.976407954131643,14.517846693973084,1776.1725967462946,2583
5188.0,5125,0,0,2,5.948012259020095,14.613073170731708,1777.231851025769,2604
5189.0,5122,0,0,3,5.921231703756176,14.682741116751268,1778.0579839838601,2618
5190.0,5122,0,1,1,5.879186514622364,14.718078875439282,1778.4304981112116,2629
5191.0,5122,0,2,2,5.835987217377971,14.68898867629832,1778.6702085502639,2649
5192.0,5122,0,0,0,5.808245163833872,14.65443186255369,1779.393633378294,2651
5193.0,5120,0,0,2,5.764279174131678,14.6814453125,1780.153445525973,2667
5194.0,5120,0,0,0,5.722970221321082,14.655078125,1780.8820891800049,2678
5195.0,5119,0,0,1,5.6776820543274535,14.700527446766946,1781.71125182585,2702
5196.0,5117,0,0,2,5.623385943641137,14.701973812780926,1782.795287123402,2722
5197.0,5115,0,0,2,5.582257878513078,14.726490713587488,1783.2025578202608,2732
5198.0,5114,0,0,1,5.523122943990921,14.87211576065702,1783.7931762955873,2759
5199.0,5113,0,1,2,5.481957609789366,14.999608840211227,1784.180376688791,2803
5200.0,5110,0,0,3,5.427660591853833,15.163405088062623,1785.024667702622,2823
5201.0,5108,0,0,2,5.3908081526469305,15.248042286609241,1785.5530015109669,2833
5202.0,5108,0,1,1,5.357100676931336,15.375293657008614,1786.0590706871328,2866
5203.0,5106,0,0,2,5.327296752630266,15.569721895808852,1787.0960701771628,2895
5204.0,5104,0,0,2,5.3133638593281916,15.724725705329154,1788.30092980751,2915
5205.0,5102,0,0,2,5.287373489572052,16.024892199137593,1789.5491991383792,2938
5206.0,5099,0,0,3,5.2670847569074,16.298293783094724,1790.4241684222104,2955
5207.0,5097,0,0,2,5.254930611249475,16.640180498332352,1791.2287386756425,2970
5208.0,5095,0,1,3,5.224629508856284,16.896957801766437,1791.4739786796008,2980
5209.0,5093,0,0,2,5.182114779322679,17.162576084822305,1792.6591357317757,3004
5210.0,5093,0,1,1,5.1491579746101905,17.40702925584135,1793.2763176036067,3022
5211.0,5092,0,0,1,5.1180361885968635,17.7028672427337,1793.9002368123263,3043
5212.0,5091,0,0,1,5.094985340806597,18.064820271066587,1794.7655531229234,3073
5213.0,5087,0,0,4,5.067303512873069,18.28798899154708,1795.6211803663223,3079
5214.0,5086,0,0,1,5.038663638997815,18.6399921352733,1796.5895911132648,3106
5215.0,5084,0,0,2,5.017351173792153,19.04523996852872,1797.2027394933612,3110
5216.0,5082,0,0,2,4.990049402537065,19.42345533254624,1797.7428527056663,3139
5217.0,5080,0,0,2,4.966822266637271,19.770472440944882,1798.5243404077182,3140
5218.0,5076,0,0,4,4.928211203460046,20.2080378250591,1799.8797282217492,3168
5219.0,5072,0,0,4,4.888653910432986,20.642350157728707,1799.9622466331546,3199
5220.0,5071,0,0,1,4.853948552231185,21.053638335634,1800.98894904832,3219
5221.0,5067,0,0,4,4.906728072271933,19.718176435760807,1802.0986791138707,3027
5222.0,5066,0,0,1,5.002102804994287,18.751480457954994,1803.1190803734287,2884
5223.0,5064,0,1,3,5.119814371821025,18.075236966824644,1803.3267682965993,2780
5224.0,5060,0,0,4,5.265429003714751,17.40098814229249,1804.0269457156273,2671
5225.0,5058,0,0,2,5.415169291212244,16.94998022933966,1804.8298560059354,2597
5226.0,5055,0,0,3,5.582593173793697,16.566963402571712,1805.6654175212243,2532
5227.0,5052,0,0,3,5.743156208744586,16.215360253365002,1806.7484522324523,2476
5228.0,5052,0,1,1,5.898305388140952,15.917854315122725,1807.1456740765784,2425
5229.0,5048,0,0,4,6.013507884690427,15.693938193343898,1808.4247147941003,2399
5230.0,5048,0,0,0,6.111258238923689,15.515055467511885,1809.1217315239492,2371
5231.0,5046,0,0,2,6.198537104721904,15.28458184700753,1810.1445222052046,2356
5232.0,5044,0,0,2,6.273985919322025,15.106661379857256,1811.1400152760946,2327
5233.0,5042,0,0,2,6.321698756303656,15.122570408568029,1811.9262946640238,2340
5234.0,5039,0,0,3,6.371856313805726,15.065290732288153,1813.2159220699589,2323
5235.0,5037,0,1,3,6.397947671602206,15.02640460591622,1813.8243769493504,2321
5236.0,5033,0,1,5,6.418364547029976,14.922710113252533,1814.754699391364,2309
5237.0,5032,0,0,1,6.442990908255631,14.787957074721781,1815.6199723590548,2284
5238.0,5027,0,0,5,6.453977939677554,14.78814402227969,1816.6010935976317,2293
5239.0,5025,0,0,2,6.463780659744805,14.760597014925374,1817.2255291633835,2288
5240.0,5022,0,0,3,6.485136117962441,14.6268418956591,1818.4412958381631,2295
5241.0,5018,0,0,4,6.521001305523649,14.517736149860502,1819.99204051871,2256
5242.0,5014,0,0,4,6.530232841189295,14.49900279218189,1820.5826712288108,2250
5243.0,5012,0,0,2,6.526962985321826,14.460095770151636,1821.4706696086798,2242
5244.0,5009,0,0,3,6.522142727411135,14.430624875224595,1822.4284368370875,2247
5245.0,5007,0,0,2,6.493974988457691,14.401637707209906,1823.0699756244217,2250
5246.0,5007,0,0,0,6.461410123437333,14.277611344118235,1823.742332263764,2233
5247.0,5003,0,0,4,6.439367005675174,14.167899260443734,1824.8963242320572,2237
5248.0,5001,0,1,3,6.425521956014777,14.12017596480704,1825.0762098815615,2258
5249.0,5001,0,0,0,6.412006004308696,14.11997600479904,1825.7513657953807,2264
5250.0,4999,0,0,2,6.399621425701413,14.168433686737348,1826.5124126932394,2278
5251.0,4996,0,0,3,6.3972062539712375,14.138110488390712,1826.9382459671028,2275
5252.0,4993,0,0,3,6.376221747458684,14.132785900260364,1827.4372360934908,2286
5253.0,4992,0,0,1,6.351920843410639,14.184294871794872,1828.2067914577683,2313
5254.0,4990,0,1,3,6.32348709671064,14.266733466933868,1828.9335672889868,2314
5255.0,4988,0,0,2,6.302051388343934,14.233159582999198,1830.0010106560703,2325
5256.0,4987,0,0,1,6.284610126120045,14.07399238018849,1830.5720949417441,2321
5257.0,4985,0,0,2,6.254398932484865,14.059779338014042,1831.067367824297,2339
5258.0,4982,0,0,3,6.225961858397438,14.104777197912485,1831.9975788860713,2359
5259.0,4981,0,0,1,6.194422607933146,14.103995181690424,1832.580544290519,2354
5260.0,4979,0,0,2,6.156048148973899,14.198835107451295,1833.5122707921905,2386
5261.0,4975,0,0,4,6.097825997412569,14.27638190954774,1834.654376002194,2407
5262.0,4972,0,0,3,6.054047909854669,14.340506838294448,1835.5259274385528,2425
5263.0,4972,0,0,0,6.008199246539773,14.355390185036203,1836.229484731247,2435
5264.0,4970,0,1,3,5.947362394611841,14.424144869215292,1837.1406622029444,2454
5265.0,4969,0,0,1,5.895555055039776,14.538337693700946,1837.7592757787068,2486
5266.0,4968,0,0,1,5.858806681214519,14.560789049919485,1838.724913281124,2482
5267.0,4967,0,0,1,5.823294683281899,14.540970404670828,1839.3742010899148,2505
5268.0,4964,0,0,3,5.77748604095443,14.554995970991136,1839.8058659205053,2529
5269.0,4963,0,0,1,5.738777614855279,14.616562562965948,1840.8050708619,2548
5270.0,4962,0,1,2,5.6939639807723115,14.630794034663442,1841.332272317588,2554
5271.0,4961,0,0,1,5.655853429710517,14.65813344083854,1841.9009601302037,2572
5272.0,4958,0,0,3,5.632776230058348,14.728317870108915,1842.3126232582008,2568
5273.0,4957,0,0,1,5.6139349814334665,14.855356062134355,1842.8837160475916,2605
5274.0,4957,0,2,2,5.585027841520638,15.025015130119023,1843.120271131609,2630
5275.0,4956,0,0,1,5.566940789408218,15.156577885391444,1843.6680351265225,2639
5276.0,4957,0,1,0,5.564801376169868,15.3498083518257,1844.029841838208,2678
5277.0,4956,0,0,1,5.522361151527512,15.503833736884584,1844.5976085661678,2707
5278.0,4957,0,1,0,5.466708370436457,15.70808957030462,1844.9653245113107,2732
5279.0,4956,0,0,1,5.419045419427458,15.91182405165456,1845.5653673504953,2752
5280.0,4957,0,2,1,5.3715052159599495,16.165624369578374,1845.8078381665734,2787
5281.0,4958,0,1,0,5.328854546170732,16.38362242839855,1846.1848503569568,2814
5282.0,4959,0,1,0,5.309425369054731,16.591046581972172,1846.562921011303,2835
5283.0,4959,0,1,1,5.274449599272329,16.77172817100222,1846.9226458545872,2868
5284.0,4960,0,1,0,5.256486998942748,16.89939516129032,1847.3044425117828,2876
5285.0,4960,0,2,2,5.2314178517449195,17.078024193548387,1847.3437079112834,2888
5286.0,4957,0,0,3,5.204026045373908,17.285253177324996,1848.2126354519658,2905
5287.0,4954,0,0,3,5.176748120739941,17.480016148566815,1849.517753489634,2924
5288.0,4953,0,2,3,5.143070619951113,17.77690288713911,1850.1994062294812,2946
5289.0,4951,0,0,2,5.117050121856498,18.065643304382952,1851.3219836078576,2972
5290.0,4951,0,1,1,5.09378611485945,18.280549383962835,1851.9280705002602,2995
5291.0,4951,0,1,1,5.062123905841292,18.600282771157342,1852.5233575082,2998
5292.0,4950,0,0,1,5.024629828817742,18.92222222222222,1853.5167400416753,3020
5293.0,4949,0,1,2,4.999905861543819,19.17478278440089,1854.2787814922506,3016
5294.0,4948,0,0,1,4.981983563490109,19.491915925626515,1854.8753068497085,3039
5295.0,4946,0,0,2,4.9620069176753985,19.827537403962797,1855.5324994275209,3052
5296.0,4945,0,0,1,4.951156244472466,20.13387259858443,1856.2951768613677,3070
5297.0,4944,0,0,1,4.9468896359355,20.393001618122977,1857.3069061137383,3072
5298.0,4944,0,2,2,4.9356257156251875,20.672734627831716,1857.4242946685686,3078
5299.0,4943,0,1,2,4.920355049502753,20.961764110863847,1858.0709562621055,3096
5300.0,4943,0,0,0,4.915661804963831,21.301234068379525,1858.8495879032505,3120
5301.0,4942,0,0,1,4.901503628793228,21.610279239174425,1859.4090424252033,3115
5302.0,4941,0,0,1,4.882837779374181,21.965391621129324,1860.241039318729,3143
5303.0,4939,0,0,2,4.853536802929725,22.2982385098198,1860.7620718269498,3143
5304.0,4938,0,0,1,4.8286744625303015,22.666666666666668,1861.4702039917156,3151
5305.0,4938,0,0,0,4.801060513697854,23.063588497367356,1862.2569486554407,3174
5306.0,4936,0,0,2,4.775621888689386,23.41491085899514,1862.9280496329266,3195
5307.0,4935,0,0,1,4.759589564175118,23.74387031408308,1863.7153071324735,3183
5308.0,4933,0,0,2,4.730966077348008,24.177376849787148,1864.1364364152653,3202
5309.0,4933,0,0,0,4.712784044999022,24.63247516724103,1864.929801977992,3222
5310.0,4932,0,0,1,4.672310432492774,25.070356853203567,1865.4128400675695,3241
5311.0,4932,0,0,0,4.724325375467769,23.66950527169505,1866.204339245593,3040
5312.0,4932,0,0,0,4.839815657860751,22.54947283049473,1866.9877914835304,2880
5313.0,4931,0,0,1,4.987490498655998,21.685864936118435,1867.6080523861356,2734
5314.0,4931,0,0,0,5.170336896092478,21.008720340701682,1868.368621545226,2636
5315.0,4931,0,0,0,5.357502424319619,20.451632528898802,1869.116954842613,2545
5316.0,4931,0,0,0,5.546680246480245,20.12309876292841,1869.852144143847,2516
5317.0,4931,0,0,0,5.7015184057367625,19.761103224498072,1870.576769479438,2470
5318.0,4929,0,0,2,5.853304132519531,19.487319943193345,1871.4032816739157,2438
5319.0,4929,0,0,0,5.981115401787999,19.253804017041997,1872.1089218660454,2423
5320.0,4928,0,0,1,6.088941498698626,19.052962662337663,1872.9136183864975,2382
5321.0,4928,0,0,0,6.187391971385804,18.648741883116884,1873.6048241425979,2362
5322.0,4928,0,0,0,6.280382339830049,18.399147727272727,1874.2892970499101,2334
5323.0,4928,0,0,0,6.34098290505499,18.31554383116883,1874.9687359652348,2328
5324.0,4926,0,0,2,6.3842950633779845,18.116930572472594,1875.5992803633387,2317
5325.0,4924,0,0,2,6.408518943056275,17.984362307067425,1876.2584992950385,2308
5326.0,4924,0,0,0,6.437406974256604,17.524573517465477,1876.9291842286993,2283
5327.0,4922,0,0,2,6.470369996433326,17.33116619260463,1876.8543943024763,2271
5328.0,4922,0,0,0,6.504808550289818,17.157456318569686,1877.5199786196843,2242
5329.0,4922,0,0,0,6.515138825915637,17.048151158065828,1878.1843218735985,2222
5330.0,4922,0,0,0,6.524215490505022,16.960788297440065,1878.8472309467968,2210
5331.0,4922,0,0,0,6.525458520306565,16.800284437220643,1879.5101193460703,2193
5332.0,4922,0,0,0,6.525643831248411,16.735473384802926,1880.172518604226,2195
5333.0,4922,0,0,0,6.524314029416349,16.62068264932954,1880.8344214812798,2193
5334.0,4922,0,0,0,6.5379781400742,16.464242177976434,1881.4948030384098,2202
5335.0,4921,0,0,1,6.537614608675435,16.36029262345052,1882.3844187398192,2200
5336.0,4919,0,0,2,6.530947074131467,16.227891847936572,1883.2464031401466,2200
5337.0,4918,0,0,1,6.518617996866458,16.188491256608376,1884.152613044949,2199
5338.0,4917,0,0,1,6.5002214320881295,16.169005491153143,1884.8909589025498,2218
5339.0,4914,0,0,2,6.4861485085264325,16.12067562067562,1884.8916762842493,2210
5340.0,4912,0,0,2,6.47689469492095,15.871742671009772,1885.7552785163962,2186
5341.0,4912,0,1,1,6.461359316312902,15.77728013029316,1885.98132082457,2186
5342.0,4911,0,0,1,6.432075736807974,15.6361229892079,1886.9048534220324,2190
5343.0,4911,0,1,1,6.423130481905536,15.503767053553247,1887.4115098330337,2211
5344.0,4909,0,0,3,6.392950941883959,15.254634345080465,1888.6632984635073,2220
5345.0,4909,0,0,0,6.380018889919626,15.133020981870034,1889.3353794058023,2227
5346.0,4908,0,0,1,6.367476136118402,14.979625101874491,1890.076399645139,2259
5347.0,4905,0,0,3,6.335789912214576,14.904179408766565,1891.150432900318,2269
5348.0,4902,0,0,3,6.299171719492772,14.764789881680947,1892.1370912095374,2273
5349.0,4901,0,0,1,6.267317506960657,14.705570291777189,1892.9254715290097,2300
5350.0,4901,0,0,0,6.241526582774532,14.670883493164661,1893.6077361560588,2322
5351.0,4899,0,0,2,6.210356613609649,14.586446213512962,1894.0018081377023,2309
5352.0,4899,0,0,0,6.167610926536203,14.653806899367218,1894.6899125698712,2336
5353.0,4899,0,0,0,6.100383202552893,14.642171871810573,1895.3818988372789,2336
5354.0,4899,0,0,0,6.033000943013206,14.677076954480507,1896.0787479122323,2374
5355.0,4899,0,1,1,5.978309702237981,14.835884874464176,1896.2715403615553,2387
5356.0,4898,0,0,1,5.939948124772837,14.77439771335239,1896.6935241890903,2392
5357.0,4896,0,0,2,5.906179559043815,14.719362745098039,1897.2010410725063,2386
5358.0,4895,0,0,1,5.887297562381853,14.674565883554648,1897.7805721622622,2404
5359.0,4893,0,0,2,5.853049350081472,14.683425301451052,1898.1036212960653,2425
5360.0,4892,0,0,1,5.821695232503633,14.781684382665576,1898.9263949728431,2457
5361.0,4891,0,0,1,5.782400284686704,14.849928439991821,1899.540015300802,2485
5362.0,4889,0,0,2,5.7647221773043755,14.867048476170996,1900.036898079399,2515
5363.0,4885,0,0,4,5.741173849624442,14.914022517911976,1900.82648027613,2538
5364.0,4882,0,1,4,5.723910801215818,15.0,1901.3201497277807,2550
5365.0,4879,0,1,4,5.703990900388535,15.098995695839312,1901.076274437476,2552
5366.0,4877,0,0,2,5.677105885149621,15.281935616157474,1901.6101178385788,2572
5367.0,4875,0,1,3,5.638234288629814,15.392820512820514,1901.9130368343504,2598
5368.0,4871,0,0,4,5.610459170208808,15.474645863272428,1902.9522886946343,2602
5369.0,4870,0,1,2,5.582567998218276,15.638809034907597,1903.2629518479266,2627
5370.0,4870,0,1,1,5.555614879658949,15.8435318275154,1903.8635751846487,2660
5371.0,4869,0,0,1,5.5302696174483525,16.032244814130213,1904.5820117468945,2686
5372.0,4867,0,1,3,5.500541083075779,16.159646599547976,1905.0704858788815,2702
5373.0,4867,0,0,0,5.482133245143169,16.3299773988083,1905.8076225424104,2729
5374.0,4864,0,0,3,5.4609145250814555,16.467722039473685,1906.7095063114068,2754
5375.0,4863,0,1,2,5.438364584993866,16.582356570018508,1907.3597688692562,2765
5376.0,4863,0,0,0,5.436400143226958,16.66933991363356,1908.1000370080137,2764
5377.0,4863,0,1,1,5.4444991839805885,16.719925971622455,1908.617412629212,2765
5378.0,4861,0,0,2,5.436277222969097,16.88664883768772,1909.2461583989266,2777
5379.0,4858,0,0,3,5.421606959664077,17.18340881020996,1909.8559296254732,2779
5380.0,4855,0,0,3,5.395590390891893,17.352214212152422,1910.357255305323,2800
5381.0,4854,0,1,2,5.359513728011724,17.570663370416153,1910.4873368188325,2817
5382.0,4852,0,0,2,5.315723271814014,17.753297609233307,1910.988278990935,2827
5383.0,4852,0,0,0,5.294757146558242,17.98083264633141,1911.7386499980332,2841
5384.0,4852,0,0,0,5.275826259076074,18.16075845012366,1912.4905422714164,2855
5385.0,4851,0,0,1,5.244329755628142,18.371675943104513,1913.4091625838541,2846
5386.0,4850,0,1,2,5.206616789958859,18.677731958762887,1913.6794222250687,2868
5387.0,4851,0,1,0,5.183926084132477,18.931972789115648,1914.0434859723684,2887
5388.0,4849,0,0,2,5.15915589146041,19.28294493710043,1914.9225690907138,2890
5389.0,4847,0,0,2,5.129414803621299,19.526304930885082,1916.1276233772176,2903
5390.0,4846,0,0,1,5.10278510472236,19.834089971110195,1917.1377213259245,2922
5391.0,4843,0,0,3,5.0736366694807575,20.178814784224656,1918.2717368066467,2953
5392.0,4843,0,0,0,5.055807794942185,20.50794961800537,1919.0404929886279,2963
5393.0,4842,0,0,1,5.01923555636879,20.884345311854606,1919.7445221256282,2991
5394.0,4842,0,0,0,4.990874334965097,21.273234200743495,1920.5177408898771,3009
5395.0,4843,0,1,0,4.961468215709934,21.66405120792897,1920.8958147569515,3031
5396.0,4841,0,0,2,4.914807342652594,22.148936170212767,1921.8320420018315,3060
5397.0,4839,0,0,2,4.8689066834963555,22.53523455259351,1922.632616752486,3073
5398.0,4838,0,1,2,4.831817280275121,22.890243902439025,1923.107962803047,3080
5399.0,4837,0,0,1,4.7860833081688865,23.29522431259045,1923.9022918026794,3103
5400.0,4835,0,1,3,4.732031627204789,23.710858324715616,1923.8251659177533,3118
5401.0,4834,0,0,1,4.761435396343078,22.35581299131154,1924.4777454904372,2928
5402.0,4832,0,1,3,4.839880961116347,21.419495033112582,1924.8626125475032,2781
5403.0,4831,0,0,1,4.961827598012302,20.597391844338645,1925.528849124197,2673
5404.0,4830,0,1,2,5.102655497027066,20.000621118012422,1926.21760202102,2592
5405.0,4828,0,0,2,5.257564262474621,19.500414250207125,1926.741011980688,2511
5406.0,4826,0,0,2,5.427470318683325,19.134065478657273,1927.5909916437377,2457
5407.0,4824,0,1,3,5.588466986338292,18.847014925373134,1927.834455207971,2413
5408.0,4821,0,0,3,5.729162159910914,18.64322754615225,1929.2624202082388,2389
5409.0,4821,0,0,0,5.8601232269651335,18.4552997303464,1929.9671043896474,2364
5410.0,4821,0,1,1,5.9588893559559235,18.255548641360715,1930.542767065815,2327
5411.0,4821,0,0,0,6.041508076826178,18.189379796722672,1931.2348676027482,2309
5412.0,4819,0,0,2,6.118611904131675,17.882133222660304,1931.9065032359804,2261
5413.0,4819,0,1,1,6.1869619976485115,17.650134882755758,1932.097255433605,2239
5414.0,4818,0,0,1,6.264063796751942,17.407430469074306,1932.677137818606,2202
5415.0,4818,0,0,0,6.331579666529136,17.234952262349523,1933.3489217823178,2183
5416.0,4818,0,0,0,6.3884971380412425,17.04711498547115,1934.0167918107077,2167
5417.0,4817,0,0,1,6.440465503676202,16.989204899314927,1934.8580042917304,2172
5418.0,4816,0,0,1,6.481400437803551,16.93376245847176,1935.5098103889886,2177
5419.0,4815,0,0,1,6.5113570633750415,16.836967808930424,1936.192548504818,2146
5420.0,4814,0,0,1,6.509188867955714,16.842958039052764,1936.776198067167,2159
5421.0,4812,0,0,2,6.517171211787837,16.59330839567747,1937.595935954535,2137
5422.0,4812,0,0,0,6.5338524786548335,16.490440565253532,1938.2547942407127,2122
5423.0,4811,0,0,1,6.535599525403968,16.359800457285388,1938.711110848036,2110
5424.0,4810,0,0,1,6.542715753887664,16.2983367983368,1939.3580795515634,2113
5425.0,4809,0,0,1,6.556813360333561,16.156789353295903,1939.806863465052,2092
5426.0,4809,0,0,0,6.552879060828796,16.009981285090454,1940.46465363248,2088
5427.0,4808,0,0,1,6.546057788014631,15.959442595673877,1940.9802131257834,2088
5428.0,4807,0,0,1,6.542577842943507,15.821510297482838,1941.7442545321223,2096
5429.0,4807,0,0,0,6.532948885007098,15.757021011025587,1942.4060464657787,2093
5430.0,4807,0,0,0,6.53516956815417,15.72290409819014,1943.0685083077958,2099
5431.0,4805,0,0,2,6.532965168850587,15.66264308012487,1943.755741286788,2089
5432.0,4806,0,1,0,6.525365565597915,15.615480649188514,1944.0150301691224,2102
5433.0,4804,0,0,2,6.5192290430292825,15.484388009991674,1945.052617255225,2093
5434.0,4801,0,0,3,6.486046342620446,15.325348885648824,1945.5399095939138,2099
5435.0,4802,0,1,0,6.4729372748179745,15.118492294877134,1945.8018730787567,2104
5436.0,4800,0,0,2,6.458468820286189,15.018541666666666,1946.4222381113443,2105
5437.0,4800,0,0,0,6.438779276291531,14.8975,1947.0923527338903,2126
5438.0,4798,0,0,2,6.410437489153223,14.799291371404752,1947.794640273533,2134
5439.0,4798,0,0,0,6.379380715733841,14.76094205919133,1948.4687542493264,2153
5440.0,4798,0,0,0,6.353324747063763,14.72488536890371,1949.1446632869809,2168
5441.0,4797,0,0,1,6.3315788946699065,14.691265374192204,1949.9400581512286,2179
5442.0,4795,0,0,2,6.2916296046822495,14.714702815432743,1950.343701342628,2201
5443.0,4795,0,0,0,6.254734207878079,14.7422314911366,1951.0267790861872,2209
5444.0,4795,0,0,0,6.215698762190797,14.728675703858185,1951.713399884706,2233
5445.0,4795,0,0,0,6.1593110557982405,14.861730969760167,1952.4037878351635,2254
5446.0,4795,0,0,0,6.112339390288259,14.85318039624609,1953.0975308392872,2271
5447.0,4792,0,0,3,6.066251885155833,14.836811352253756,1953.1965216394146,2275
5448.0,4792,0,0,0,6.023356937359058,14.86414858096828,1953.8958626833914,2289
5449.0,4790,0,0,2,5.989623667594422,14.881210855949895,1954.8951715888923,2301
5450.0,4789,0,0,1,5.9414906383654955,14.949049906034663,1955.3764632465366,2319
5451.0,4786,0,0,3,5.8996342328837805,14.992269118261596,1956.098697751581,2339
5452.0,4784,0,0,2,5.864965513345326,15.00041806020067,1956.7159774329098,2359
5453.0,4782,0,2,4,5.821682565197323,15.064826432455039,1956.9956352799559,2379
5454.0,4779,0,0,3,5.792441657856802,15.172211759782382,1957.7614809009106,2379
5455.0,4777,0,0,2,5.765241911049366,15.308352522503663,1958.337846923499,2410
5456.0,4774,0,0,3,5.736335456754893,15.448470883954755,1958.3971474327905,2413
5457.0,4774,0,0,0,5.720420620975848,15.546082949308756,1959.1178001019082,2437
5458.0,4774,0,1,1,5.690955916475566,15.641181399245916,1959.2984549484213,2453
5459.0,4772,0,0,2,5.658538794975784,15.729253981559095,1959.8170022236254,2463
5460.0,4770,0,0,2,5.620551551613299,15.920335429769391,1960.5964161471618,2480
5461.0,4770,0,1,1,5.593508935480893,15.977568134171907,1960.7745915069497,2486
5462.0,4770,0,0,0,5.575958465512764,16.060167714884695,1961.5061776810526,2494
5463.0,4768,0,1,3,5.558667268049018,16.15771812080537,1962.003000449197,2510
5464.0,4767,0,1,2,5.530484505120012,16.273337528844138,1962.7156893398374,2515
5465.0,4767,0,1,1,5.503618485865888,16.460876861757917,1963.251706251199,2518
5466.0,4764,0,0,3,5.479954669233831,16.588371116708647,1963.9319718145052,2538
5467.0,4764,0,1,1,5.469265247305747,16.706759026028546,1964.4293888904785,2548
5468.0,4763,0,0,1,5.44823399668631,16.875078731891666,1965.1615487779227,2573
5469.0,4760,0,0,3,5.40699992706768,17.063865546218487,1966.1594075807739,2579
5470.0,4759,0,0,1,5.37359166000191,17.263500735448623,1967.0742346480351,2586
5471.0,4756,0,1,4,5.343452016836649,17.502943650126156,1966.8422641691895,2617
5472.0,4757,0,2,1,5.311799292000008,17.733445448812276,1966.750532219356,2622
5473.0,4754,0,0,3,5.281450514692337,17.93563315103071,1968.0455054366844,2655
5474.0,4754,0,2,2,5.249838265941708,18.20887673538073,1968.4096109380305,2667
5475.0,4755,0,1,0,5.23406192198555,18.478023133543637,1968.7531399615184,2693
5476.0,4754,0,0,1,5.219404037225499,18.721497686159022,1969.6464077029345,2715
5477.0,4753,0,0,1,5.196743335910097,19.078476751525354,1970.284683056031,2748
5478.0,4751,0,0,2,5.158019809488474,19.393601347084825,1971.4061201215602,2764
5479.0,4749,0,0,2,5.127000480371904,19.785217940619077,1972.3016500765398,2786
5480.0,4749,0,1,1,5.106357339704215,20.13413350178985,1972.6570352543797,2810
5481.0,4747,0,0,2,5.084443928725529,20.51885401306088,1973.6947244146527,2836
5482.0,4746,0,1,2,5.0547459645880775,20.871681415929203,1974.349681263153,2863
5483.0,4745,0,0,1,5.032160950443528,21.175974710221286,1975.3851376058706,2876
5484.0,4744,0,1,2,5.003381690316432,21.497259696458684,1975.5435808411619,2896
5485.0,4742,0,0,2,4.9768055467401915,21.886123998312947,1976.6412111694312,2913
5486.0,4738,0,0,4,4.959146829148804,22.270578303081468,1978.3833656807046,2924
5487.0,4737,0,0,1,4.935003605095406,22.68735486594891,1979.2966526326218,2944
5488.0,4734,0,0,3,4.8834813277714195,23.141529362061682,1980.5081025961422,2976
5489.0,4732,0,0,2,4.8410841782563905,23.534023668639055,1981.236130323006,2984
5490.0,4732,0,1,1,4.8005815237676055,23.939983093829248,1981.4255168234558,3001
5491.0,4730,0,0,2,4.843140979558142,22.558562367864692,1982.6041072097184,2824
5492.0,4729,0,1,2,4.930075057935421,21.394586593360117,1982.8239939187954,2698
5493.0,4726,0,0,3,5.041456330727187,20.530892932712653,1983.4715023768165,2599
5494.0,4726,0,1,1,5.203208510924424,19.817181548878544,1983.9424621633175,2514
5495.0,4724,0,1,3,5.371177853922545,19.373835732430145,1985.0616621855838,2453
5496.0,4722,0,0,2,5.547334570780414,18.955527318932656,1985.622745873668,2389
5497.0,4722,0,0,0,5.725097622230611,18.536213468869125,1986.3430333172762,2329
5498.0,4720,0,0,2,5.872142161461783,18.23877118644068,1987.0605442504445,2288
5499.0,4719,0,1,2,5.979580286850785,17.9285865649502,1987.341624358886,2249
5500.0,4716,0,0,3,6.0857994806245,17.448261238337576,1988.0547780468846,2216
5501.0,4713,0,0,3,6.158860663019361,17.199236155315084,1988.603995943766,2198
5502.0,4710,0,0,3,6.221820846419879,16.920806794055203,1989.1036344043923,2182
5503.0,4709,0,0,1,6.279651962784862,16.709917179868338,1989.7289812657139,2163
5504.0,4707,0,0,2,6.337900674115324,16.541533885702147,1990.5196107658724,2149
5505.0,4707,0,1,1,6.400240072766201,16.436371361801573,1990.9415581641626,2150
5506.0,4707,0,0,0,6.445900131923135,16.376035691523263,1991.613175385453,2137
5507.0,4706,0,0,1,6.4766641650536,16.294517637059073,1992.4336951302244,2134
5508.0,4706,0,0,0,6.493535492147033,16.25881852953676,1993.1024982218887,2136
5509.0,4703,0,0,3,6.503614200382869,16.21730810121199,1994.229557587123,2150
5510.0,4701,0,0,2,6.514477318434695,16.199319293767285,1995.0960317273702,2148
5511.0,4697,0,0,4,6.506580210522578,16.167340855865447,1996.4356533699831,2162
5512.0,4696,0,0,1,6.512757680632303,16.140971039182283,1997.1404887610472,2147
5513.0,4693,0,0,3,6.50126629647388,16.20242914979757,1997.8221634123506,2138
5514.0,4691,0,0,2,6.476463708719886,16.172884246429334,1998.0674901321345,2138
5515.0,4688,0,0,3,6.45380494280965,16.15273037542662,1999.1055383476676,2133
5516.0,4686,0,0,2,6.448961352023414,16.071062740076826,2000.2191401139073,2138
5517.0,4686,0,0,0,6.439847254202163,16.05399061032864,2000.8907067454184,2141
5518.0,4685,0,1,2,6.433960503161147,16.017289220917824,2001.4057719979487,2135
5519.0,4685,0,0,0,6.429618983851284,16.10522945570971,2002.0784101263778,2142
5520.0,4684,0,0,1,6.425352931734949,16.170794192997437,2002.9791285800513,2158
5521.0,4682,0,0,2,6.422848097964045,16.144596326356258,2003.7964538901604,2142
5522.0,4681,0,1,2,6.399499248221796,16.186284981841485,2004.2118134853963,2170
5523.0,4681,0,1,1,6.39628209876041,16.258064516129032,2004.6985282293665,2170
5524.0,4680,0,0,1,6.379680106820114,16.241239316239316,2005.353071226276,2168
5525.0,4678,0,0,2,6.367938065792146,16.227447627191108,2006.3087297731795,2181
5526.0,4677,0,0,1,6.3630661165781435,16.256360915116527,2007.1172930949863,2168
5527.0,4674,0,0,3,6.339633835078934,16.31578947368421,2007.7452882021876,2191
5528.0,4672,0,0,2,6.321131469109673,16.35980308219178,2008.2859220024616,2188
5529.0,4670,0,0,2,6.288768742572077,16.446895074946468,2008.8680395543759,2207
5530.0,4667,0,0,3,6.25225317047493,16.53417613027641,2009.6894507806912,2226
5531.0,4666,0,0,1,6.197374015152909,16.618945563651952,2010.3038585699828,2246
5532.0,4666,0,1,1,6.161553084778786,16.612730390055724,2010.761415752643,2275
5533.0,4666,0,1,1,6.098453014158036,16.663309044149162,2010.8953966714914,2268
5534.0,4666,0,1,1,6.0596052158042975,16.720317188169737,2011.4248070517224,2292
5535.0,4665,0,0,1,6.009414505258419,16.82400857449089,2012.2648965315389,2315
5536.0,4665,0,0,0,5.988917732351097,16.8064308681672,2012.9711399453022,2324
5537.0,4662,0,0,3,5.948869495214395,16.77885027885028,2013.5941024578856,2322
5538.0,4661,0,0,1,5.927303041957303,16.729886290495603,2014.3111628154898,2332
5539.0,4658,0,0,3,5.894259831312219,16.81880635465865,2015.3465664613934,2353
5540.0,4656,0,0,2,5.860503408946724,16.90270618556701,2016.4164670543298,2369
5541.0,4656,0,0,0,5.848494898406915,16.9641323024055,2017.1338105427508,2393
5542.0,4657,0,3,2,5.82513361002344,17.05582993343354,2016.7321576659997,2395
5543.0,4656,0,0,1,5.8101467092442585,17.07689003436426,2017.606486376881,2416
5544.0,4656,0,1,1,5.802485270688966,17.08827319587629,2018.1964735651923,2417
5545.0,4656,0,2,2,5.779438736131534,17.2143470790378,2018.1300501638557,2438
5546.0,4656,0,1,1,5.747417076008139,17.204682130584192,2018.6333420618096,2432
5547.0,4653,0,1,4,5.7059208571586275,17.19965613582635,2018.4384123122652,2454
5548.0,4652,0,1,2,5.667076593365731,17.311478933791918,2018.565724626315,2486
5549.0,4651,0,0,1,5.642583569993118,17.40335411739411,2019.5630301999497,2517
5550.0,4652,0,2,1,5.614824933526091,17.5073086844368,2019.6653979148953,2538
5551.0,4651,0,1,2,5.584201931434245,17.675553644377555,2020.0007852857932,2559
5552.0,4651,0,0,0,5.573556745368987,17.8385293485272,2020.7366989992183,2584
5553.0,4652,0,3,2,5.520807311889291,18.041057609630265,2020.2921803415784,2609
5554.0,4651,0,1,2,5.477779687390989,18.089013115459043,2020.5360385996642,2627
5555.0,4652,0,2,1,5.440027899372528,18.222269991401546,2020.4888031763078,2632
5556.0,4651,0,2,3,5.397540090705517,18.37475811653408,2020.3894200258324,2642
5557.0,4652,0,2,1,5.367735295659898,18.522570937231297,2020.572243034908,2648
5558.0,4651,0,1,2,5.338351676508359,18.606966243818533,2021.2021398631964,2658
5559.0,4651,0,1,1,5.309993395341072,18.81573855084928,2021.666975504347,2669
5560.0,4651,0,2,2,5.272641551970194,18.99419479681789,2022.0446199086762,2689
5561.0,4650,0,1,2,5.239040938961753,19.14559139784946,2022.1920288153722,2696
5562.0,4650,0,2,2,5.212731176979015,19.361075268817203,2022.2300771155328,2727
5563.0,4650,0,1,1,5.179426258691595,19.496129032258064,2022.810301024918,2743
5564.0,4649,0,1,2,5.1586846787528335,19.767261776726176,2023.595759350929,2766
5565.0,4647,0,0,2,5.137446690810951,20.03507639337207,2024.593995584292,2774
5566.0,4647,0,2,2,5.114267309537881,20.291801162040027,2024.8873514298598,2780
5567.0,4647,0,2,2,5.083553282095728,20.561652679147837,2025.234681428876,2792
5568.0,4646,0,0,1,5.0595305228227545,20.869995695221697,2026.0392523466112,2809
5569.0,4645,0,2,3,5.038827112303084,21.14768568353068,2025.5087314971738,2808
5570.0,4644,0,0,1,5.02054822591306,21.511197243755383,2026.5443686893223,2835
5571.0,4642,0,0,2,4.991245916696138,21.708961654459284,2027.153288974732,2830
5572.0,4639,0,0,3,4.965989398312298,22.05410648846734,2028.1828348550157,2847
5573.0,4637,0,0,2,4.94554715066872,22.36489109337934,2029.2260369235485,2861
5574.0,4636,0,2,3,4.920490340089199,22.78688524590164,2029.356360985446,2882
5575.0,4634,0,1,3,4.8930692556378546,23.139188605955976,2030.0436875389291,2922
5576.0,4634,0,0,0,4.890488741889479,23.534311609840312,2030.8268632313323,2924
5577.0,4634,0,0,0,4.88379269717988,23.824557617608978,2031.611187332982,2930
5578.0,4634,0,0,0,4.858983777069659,24.15343116098403,2032.3970188332214,2939
5579.0,4634,0,0,0,4.842586533887563,24.472378075097108,2033.1839903181517,2947
5580.0,4634,0,0,0,4.811091771515459,24.802977988778593,2033.9732998367713,2969
5581.0,4632,0,0,2,4.854623203514699,23.46351468048359,2034.873585098275,2803
5582.0,4629,0,0,3,4.938609302253962,22.49945992655001,2035.903122867304,2677
5583.0,4627,0,0,2,5.060500886318033,21.771125999567754,2036.3307922102324,2571
5584.0,4625,0,0,2,5.199316416951566,21.211675675675675,2037.5944931400113,2493
5585.0,4624,0,0,1,5.369426457336985,20.87629757785467,2038.1397900885534,2440
5586.0,4623,0,0,1,5.535455167551372,20.481721825654336,2039.0251708359829,2379
5587.0,4622,0,0,1,5.697964195116811,20.146040675032452,2039.9963196972728,2329
5588.0,4621,0,0,1,5.839104234745438,19.698333694005626,2040.6435159122339,2280
5589.0,4621,0,0,0,5.966031949576426,19.47543821683618,2041.349631786435,2246
5590.0,4619,0,0,2,6.060340036057298,19.30677635851916,2041.9799846802746,2211
5591.0,4619,0,0,0,6.139176634104901,19.10391859709894,2042.6749864354451,2196
5592.0,4619,0,0,0,6.2056707855548945,18.93245291188569,2043.3656718130703,2185
5593.0,4619,0,0,0,6.257679749077514,18.766832647759255,2044.0527433607579,2167
5594.0,4618,0,0,1,6.303734540694698,18.611520138588133,2045.0797079064153,2156
5595.0,4618,0,0,0,6.342120379434306,18.514941533131225,2045.760561482196,2146
5596.0,4618,0,0,0,6.371470953871241,18.43676916414032,2046.4393888649536,2142
5597.0,4617,0,0,1,6.372234055884694,18.365605371453324,2047.2180278878946,2131
5598.0,4619,0,2,0,6.369163421488027,18.317817709460922,2047.0095812294976,2127
5599.0,4619,0,0,0,6.373704933832876,18.359818142455076,2047.6871108257099,2134
5600.0,4619,0,0,0,6.372009100815644,18.291405066031608,2048.364821853617,2126
5601.0,4616,0,0,3,6.360049165887487,18.220103986135182,2048.532774610107,2119
5602.0,4615,0,0,1,6.352374960735877,18.180281690140845,2049.2809487917198,2132
5603.0,4615,0,0,0,6.345979229787278,18.100325027085592,2049.960439090545,2118
5604.0,4615,0,0,0,6.346009148943006,18.156446370530876,2050.6400150372656,2127
5605.0,4616,0,1,0,6.344229468309563,18.18132582322357,2050.8751076931044,2145
5606.0,4616,0,0,0,6.325199307122713,18.231369150779894,2051.556197568228,2154
5607.0,4616,0,1,1,6.312380883785134,18.212954939341422,2052.0023378723185,2144
5608.0,4616,0,1,1,6.3010109742016995,18.219020797227035,2052.3043328584754,2164
5609.0,4614,0,0,2,6.287837471182561,18.2752492414391,2053.3247125220983,2185
5610.0,4614,0,1,1,6.282792966980767,18.214564369310793,2053.6851271328364,2168
5611.0,4614,0,1,1,6.276080960303619,18.214130905938447,2054.2499558117056,2180
5612.0,4614,0,0,0,6.265969386367216,18.250975292587775,2054.937178613692,2198
5613.0,4613,0,1,2,6.2538957540998705,18.325601560806415,2055.4110728011856,2196
5614.0,4613,0,2,2,6.240360859717045,18.33774116626924,2055.371647745596,2227
5615.0,4615,0,2,0,6.231683096738406,18.252004333694476,2055.170935027622,2219
5616.0,4613,0,0,2,6.212391586395585,18.21070886624756,2056.0448957432336,2228
5617.0,4612,0,1,2,6.187396060523136,18.190156114483955,2056.200610697735,2238
5618.0,4612,0,1,0,6.1635880031758346,18.123373807458805,2056.3588697355276,2253
5619.0,4612,0,1,1,6.110541871862714,17.97918473547268,2056.5797781572464,2253
5620.0,4612,0,1,1,6.082231639943483,18.014744145706853,2057.1570191987553,2268
5621.0,4612,0,1,1,6.026652627893437,18.06678230702515,2057.462656051704,2272
5622.0,4612,0,1,1,5.985186953137089,18.089765828274068,2057.9746787933773,2292
5623.0,4610,0,0,2,5.938097742662465,18.17830802603037,2058.9074602330757,2316
5624.0,4611,0,1,0,5.911296025224539,18.236174365647365,2059.1752151585224,2317
5625.0,4610,0,1,2,5.858896614750943,18.260303687635574,2059.0100330722976,2333
5626.0,4610,0,1,1,5.830610173933649,18.190455531453363,2059.2897458826046,2325
5627.0,4610,0,1,2,5.7945697411188375,18.155748373101954,2060.096194718129,2342
5628.0,4608,0,0,2,5.763854430858256,18.15386284722222,2061.0193106637985,2362
5629.0,4608,0,1,1,5.747327354865385,18.11740451388889,2061.205786338276,2377
5630.0,4606,0,1,3,5.710753260337534,18.161311333043855,2061.175848943073,2394
5631.0,4604,0,1,3,5.689950319278656,18.216768027801912,2061.221101625677,2409
5632.0,4603,0,0,1,5.680028381693543,18.331740169454704,2062.254517256236,2404
5633.0,4603,0,1,1,5.669480712743384,18.359765370410603,2062.5346422940265,2417
5634.0,4603,0,2,2,5.663825620369954,18.38366282859005,2062.153874074859,2427
5635.0,4601,0,0,2,5.6302610616469755,18.493153662247337,2062.8992742803225,2449
5636.0,4600,0,0,1,5.600064414506465,18.596086956521738,2063.3665042147472,2466
5637.0,4600,0,2,2,5.564985489278047,18.883478260869566,2063.0266893323474,2492
5638.0,4600,0,0,0,5.532970501729059,19.085,2063.7681928579996,2527
5639.0,4600,0,0,0,5.511607769324902,19.215217391304346,2064.5107295669814,2551
5640.0,4603,0,3,0,5.469480173569275,19.297849228763848,2063.910297679675,2553
5641.0,4602,0,0,1,5.444533589434661,19.392220773576707,2064.6816440393636,2564
5642.0,4602,0,0,0,5.435114770257676,19.445458496305953,2065.4292303975985,2560
5643.0,4603,0,1,0,5.415632672499593,19.64653486856398,2065.7292787526194,2586
5644.0,4603,0,1,1,5.403059991648753,19.705192265913535,2065.7785500781574,2599
5645.0,4603,0,1,1,5.378775842847293,19.77710189007169,2066.2543339531826,2604
5646.0,4604,0,1,0,5.355019033276555,19.738053866203302,2066.5582530342253,2608
5647.0,4602,0,1,3,5.316634655732651,19.820947414167755,2067.524970787042,2618
5648.0,4602,0,1,1,5.288340094890289,19.878096479791395,2068.057280241851,2645
5649.0,4600,0,0,2,5.2643731990764975,19.899782608695652,2069.134809504228,2655
5650.0,4598,0,1,3,5.240422990559845,19.963897346672468,2069.9902518308077,2666
5651.0,4598,0,0,0,5.229153428580452,20.003262287951284,2070.751827778721,2679
5652.0,4595,0,2,5,5.198136678912768,20.119912948857454,2070.924751559968,2700
5653.0,4595,0,1,1,5.171268996652806,20.231120783460284,2071.2448085531637,2716
5654.0,4591,0,0,4,5.130390241465345,20.38553692006099,2072.628748735991,2728
5655.0,4588,0,0,3,5.101820927484058,20.63644289450741,2073.5939027495942,2747
5656.0,4588,0,1,1,5.0692249058799925,20.765911072362684,2073.896323639685,2769
5657.0,4587,0,0,1,5.056235371240312,20.940701983867452,2074.5929317742575,2799
5658.0,4586,0,0,1,5.035320545820068,21.184038377671172,2075.6179148850265,2826
5659.0,4586,0,2,2,4.994374463930025,21.351504579153946,2075.7954870123517,2835
5660.0,4586,0,1,1,4.965494209099129,21.520279110335803,2076.1273108481037,2820
5661.0,4584,0,0,2,4.934097800924,21.70375218150087,2076.9662265681004,2836
5662.0,4583,0,0,1,4.9240488917102345,21.90530220379664,2078.064514496958,2833
5663.0,4582,0,1,2,4.9020223687809485,22.19947621126146,2078.519381525022,2839
5664.0,4580,0,0,2,4.891180793002577,22.444759825327512,2080.016353653585,2852
5665.0,4579,0,0,1,4.877895910506868,22.603625245686832,2080.962840811003,2862
5666.0,4579,0,1,1,4.856116558793036,22.870277353133872,2081.619077075905,2879
5667.0,4579,0,0,0,4.832028922370096,23.1371478488753,2082.404309027408,2889
5668.0,4576,0,0,3,4.811242657755506,23.434877622377623,2083.372951680293,2913
5669.0,4576,0,1,1,4.798039892237286,23.790428321678323,2083.9388295953986,2915
5670.0,4573,0,0,3,4.784973968029787,24.186529630439537,2084.601917824988,2926
5671.0,4572,0,0,1,4.8543518719810335,22.788713910761153,2085.7159183230965,2765
5672.0,4571,0,0,1,4.949745042380246,21.75803981623277,2086.3813409634254,2640
5673.0,4569,0,0,2,5.073794394174917,20.9732983147297,2087.230860736571,2543
5674.0,4569,0,1,1,5.217379109351243,20.19938717443642,2087.6652373542925,2467
5675.0,4569,0,0,0,5.376437454237367,19.554169402495077,2088.4109949349063,2407
5676.0,4569,0,0,0,5.549687010690551,18.962792733639745,2089.144439499513,2344
5677.0,4571,0,2,0,5.702047389946048,18.5747101290746,2088.9528853240904,2310
5678.0,4572,0,1,0,5.826936556366589,18.246719160104988,2089.210019542512,2272
5679.0,4572,0,0,0,5.922112447914748,17.989501312335957,2089.917374362231,2237
5680.0,4569,0,1,4,5.973052643711721,17.665134602757714,2090.819262881086,2211
5681.0,4569,0,0,0,6.036227681916666,17.394834755964105,2091.519207601872,2190
5682.0,4569,0,0,0,6.094211003288208,16.950317356095425,2092.2142759063286,2142
5683.0,4568,0,0,1,6.13916127916291,16.68826619964974,2092.8709512766004,2119
5684.0,4570,0,2,0,6.172880462214445,16.41312910284464,2092.6435062076216,2116
5685.0,4570,0,0,0,6.2298072318970785,15.997155361050329,2093.3285822326284,2095
5686.0,4569,0,0,1,6.259454441126723,15.759465966294593,2094.261711174627,2092
5687.0,4570,0,1,0,6.281403076656439,15.589059080962802,2094.484416955986,2102
5688.0,4569,0,0,1,6.3027967505451015,15.310571240971766,2095.396941475814,2077
5689.0,4568,0,0,1,6.312329643620607,15.205341506129598,2096.3224808682285,2078
5690.0,4568,0,0,0,6.332134585886416,15.05122591943958,2097.0003309754543,2078
5691.0,4566,0,0,2,6.313171538234828,14.898817345597898,2097.989821584325,2077
5692.0,4566,0,0,0,6.296602745117145,14.865308804204993,2098.669310962395,2097
5693.0,4566,0,0,0,6.2930224932917165,14.811870346035917,2099.3494257320654,2083
5694.0,4567,0,1,0,6.274615095685813,14.712064812787387,2099.57088076154,2091
5695.0,4567,0,1,1,6.262825504099973,14.733742062623167,2099.921196010899,2099
5696.0,4568,0,1,0,6.248417082865242,14.731392294220665,2100.1443791768515,2106
5697.0,4568,0,0,0,6.223895920411945,14.600262697022767,2100.8295236550116,2120
5698.0,4567,0,0,1,6.200571916013819,14.464199693453033,2101.3698697080085,2129
5699.0,4568,0,1,0,6.18370199918041,14.421847635726795,2101.5976253013787,2141
5700.0,4567,0,0,1,6.168524183121651,14.426976133128969,2102.010025140983,2158
5701.0,4567,0,0,0,6.157233782729268,14.423691701335668,2102.700051178358,2167
5702.0,4566,0,0,1,6.142059405898502,14.457731055628559,2103.099783298805,2175
5703.0,4566,0,0,0,6.12254815153784,14.456636005256241,2103.792588642541,2183
5704.0,4565,0,0,1,6.101872058974206,14.352464403066813,2104.6080531205207,2192
5705.0,4563,0,0,2,6.076086452623569,14.42077580539119,2105.154962399422,2221
5706.0,4564,0,2,1,6.059343329375786,14.35692375109553,2105.139720604982,2234
5707.0,4563,0,0,1,6.04490926036058,14.446416831032217,2105.854418104472,2249
5708.0,4561,0,0,2,6.006672508170349,14.543959657969744,2106.5382285211736,2258
5709.0,4560,0,0,1,5.964256956634859,14.640131578947368,2107.273936664187,2279
5710.0,4558,0,0,2,5.929676111150293,14.657525230364195,2108.2650696095125,2272
5711.0,4558,0,0,0,5.895722057194288,14.645677928916191,2108.974306763193,2278
5712.0,4558,0,0,0,5.85775519229319,14.758227292672224,2109.685808725729,2308
5713.0,4557,0,1,2,5.798545627014052,14.874039938556068,2110.1391572938574,2330
5714.0,4557,0,0,0,5.7723707584841915,14.963572525784507,2110.8562511222694,2359
5715.0,4557,0,1,1,5.7227003654725275,15.091727013386,2111.254621144282,2363
5716.0,4556,0,0,1,5.6979718095347165,15.039069359086918,2111.897134640815,2345
5717.0,4555,0,0,1,5.660435311000573,15.037102085620198,2112.898973503004,2346
5718.0,4555,0,0,0,5.641998633338624,15.083424807903404,2113.6257239749475,2352
5719.0,4555,0,0,0,5.629559511941124,15.133479692645444,2114.3530183964767,2368
5720.0,4555,0,2,2,5.605419288718334,15.279692645444566,2114.026860512471,2382
5721.0,4555,0,0,0,5.589248040338646,15.430515916575192,2114.7583439112345,2404
5722.0,4552,0,1,4,5.559738660799491,15.540421792618629,2115.7200391058495,2428
5723.0,4551,0,0,1,5.55013598972075,15.691496374423204,2116.270140951988,2441
5724.0,4550,0,0,1,5.521161146465358,15.804395604395605,2117.2832764349805,2453
5725.0,4548,0,1,3,5.486636221561211,15.93249780123131,2117.4753688424057,2466
5726.0,4546,0,0,2,5.461871919041727,16.08029036515618,2118.2120573091474,2505
5727.0,4547,0,1,0,5.4360244411568095,16.219265449747088,2118.4884224615666,2506
5728.0,4546,0,0,1,5.406389683571602,16.363836339639242,2118.99129052748,2532
5729.0,4545,0,1,2,5.379083079878947,16.537513751375137,2119.8691400374632,2559
5730.0,4544,0,0,1,5.359997747899725,16.705325704225352,2120.5257428848527,2571
5731.0,4543,0,0,1,5.339785132287092,16.811138014527845,2121.5904973709335,2587
5732.0,4543,0,0,0,5.333245508324271,16.884217477437815,2122.3413280566406,2589
5733.0,4544,0,2,1,5.315987528907723,17.008802816901408,2122.3837759258686,2599
5734.0,4542,0,0,2,5.286489745465062,17.144429766622633,2123.4958562275515,2613
5735.0,4544,0,2,0,5.280791352999385,17.254401408450704,2123.315591729603,2608
5736.0,4542,0,0,2,5.266439795380886,17.398502862175253,2124.227353626285,2630
5737.0,4543,0,1,0,5.251124253314527,17.61633281972265,2124.5161997393316,2635
5738.0,4542,0,0,1,5.240420111267962,17.76530162923822,2125.417439506667,2631
5739.0,4542,0,0,0,5.207714622352099,17.994275649493616,2126.17742229125,2649
5740.0,4540,0,1,3,5.17003099530637,18.282378854625552,2126.09051622748,2669
5741.0,4538,0,0,2,5.148638001735779,18.527765535478185,2126.76243276377,2686
5742.0,4538,0,1,1,5.129376416299935,18.803657999118556,2126.7918041063344,2699
5743.0,4535,0,0,3,5.092760577268581,19.100992282249173,2127.1790659011103,2728
5744.0,4535,0,1,1,5.072350908585256,19.306504961411246,2127.38580449553,2753
5745.0,4533,0,1,3,5.045230588229292,19.495257004191483,2127.712972599572,2734
5746.0,4534,0,1,0,5.02810717138279,19.740626378473753,2128.017617191065,2755
5747.0,4534,0,2,2,4.999333563721358,20.03153947948831,2127.988494672662,2771
5748.0,4532,0,1,3,4.971135951427395,20.31090026478376,2128.335794378245,2787
5749.0,4532,0,0,0,4.963581040375778,20.604148278905562,2129.1147962688333,2805
5750.0,4531,0,1,2,4.928852584328794,20.919885235047452,2129.458339981034,2829
5751.0,4531,0,0,0,4.903309677722622,21.19421761200618,2130.2418498620486,2863
5752.0,4530,0,1,2,4.890008993439007,21.47792494481236,2130.5289248722056,2861
5753.0,4530,0,1,1,4.859579213728466,21.779470198675497,2130.9572552056156,2887
5754.0,4529,0,0,1,4.843221110650224,22.120777213512916,2131.716778474929,2894
5755.0,4528,0,1,2,4.7977032718759665,22.542181978798588,2132.3424525409678,2912
5756.0,4527,0,0,1,4.770621052976811,22.78175392091893,2133.390760093652,2916
5757.0,4528,0,1,0,4.749718409066222,23.077296819787986,2133.714366720122,2936
5758.0,4526,0,0,2,4.712859119375113,23.374944763588157,2134.7719480828036,2955
5759.0,4526,0,0,0,4.679178623165821,23.677198409191337,2135.57126139447,2957
5760.0,4525,0,1,2,4.635198931698796,23.98718232044199,2136.387034201597,2992
5761.0,4524,0,0,1,4.6869466837571245,22.70733863837312,2137.4103490053785,2816
5762.0,4524,0,0,0,4.783540860095863,21.93213969938108,2138.2002432376494,2728
5763.0,4523,0,1,2,4.898740148718618,21.378509838602696,2138.2817302531907,2639
5764.0,4523,0,0,0,5.049231906123811,20.872429803227945,2139.0531366881537,2567
5765.0,4520,0,0,3,5.2075444238144275,20.363274336283187,2140.1806385719724,2503
5766.0,4519,0,0,1,5.369330740222651,19.861252489488827,2141.1245158987795,2417
5767.0,4516,0,0,3,5.519651400825774,19.54096545615589,2141.4934324705905,2378
5768.0,4516,0,0,0,5.653922181102831,19.362710363153234,2142.220671353145,2351
5769.0,4515,0,1,2,5.751328287001874,19.175858250276853,2142.4189870528257,2324
5770.0,4513,0,0,2,5.857516448702506,19.07622424108132,2143.6372333458016,2291
5771.0,4513,0,0,0,5.936259397247702,19.024595612674496,2144.3448763469014,2290
5772.0,4511,0,0,2,5.99134661483822,19.092440700509865,2145.105084317477,2303
5773.0,4510,0,0,1,6.052287575048712,19.01330376940133,2146.159675297996,2283
5774.0,4507,0,1,4,6.088584935045235,18.864876858220544,2146.6156814488622,2259
5775.0,4505,0,0,2,6.133684842401319,18.615538290788013,2147.4690724357124,2216
5776.0,4504,0,0,1,6.164850033669627,18.454706927175845,2148.4597305318634,2209
5777.0,4500,0,0,4,6.19151447765167,17.994666666666667,2149.722584449183,2159
5778.0,4499,0,0,1,6.22853426763987,17.91975994665481,2150.3480422283214,2144
5779.0,4497,0,0,2,6.2626262665847054,17.801867911941294,2151.1476041763226,2125
5780.0,4496,0,0,1,6.271246277684688,17.778247330960856,2151.8749143170307,2122
5781.0,4493,0,0,3,6.27845636294016,17.754507010905854,2152.4173692726235,2131
5782.0,4492,0,0,1,6.267166955061108,17.78606411398041,2153.3059093294846,2137
5783.0,4492,0,0,0,6.259936097828538,17.776046304541406,2153.9900713347984,2141
5784.0,4491,0,0,1,6.24533590120738,17.814740592295703,2154.8528329658034,2141
5785.0,4490,0,0,1,6.23890487390848,17.647438752783966,2155.5159279191626,2137
5786.0,4489,0,0,1,6.23878802173371,17.511695255067945,2156.3119892436753,2129
5787.0,4488,0,0,1,6.235928460521489,17.46524064171123,2157.3602782335524,2135
5788.0,4486,0,0,2,6.221323546392471,17.321444493981275,2158.2422015063653,2137
5789.0,4484,0,0,2,6.199103666646167,17.301739518287242,2159.3765989970743,2136
5790.0,4483,0,0,1,6.180306884985886,17.190497434753514,2159.9838244848315,2111
5791.0,4481,0,0,2,6.165069559837608,17.11515286766347,2160.6776370557236,2122
5792.0,4481,0,1,1,6.134243719640063,17.074313769247937,2161.2212320789035,2134
5793.0,4478,0,0,2,6.1167360705577005,16.893032603841,2160.9771654404376,2121
5794.0,4475,0,0,3,6.1060108845629815,16.721787709497207,2161.605606367863,2115
5795.0,4472,0,0,3,6.109921418057335,16.602191413237925,2162.5836932262923,2128
5796.0,4472,0,0,0,6.094053590826871,16.44968694096601,2163.28111266922,2141
5797.0,4471,0,0,1,6.088644944576138,16.32050995303064,2164.2009979036147,2158
5798.0,4468,0,0,3,6.05256931442443,16.238585496866605,2165.0735334780875,2190
5799.0,4466,0,0,2,6.024173081536448,16.23690103000448,2165.5188857021503,2198
5800.0,4466,0,1,1,5.994235705013269,16.08732646663681,2165.891287182423,2179
5801.0,4467,0,0,0,5.960770692523074,16.098947839713453,2167.0901771952967,2192
5802.0,4466,0,0,1,5.916191958565664,16.04075235109718,2168.0459995512447,2188
5803.0,4465,0,0,1,5.869664442861878,15.950055991041433,2168.795212339167,2185
5804.0,4464,0,0,1,5.816186115990363,15.9540770609319,2169.5173182743433,2198
5805.0,4462,0,0,2,5.743431772290403,15.956073509636933,2170.1952577359384,2209
5806.0,4461,0,1,2,5.683292808883822,15.923559739968617,2170.957108116331,2228
5807.0,4460,0,1,2,5.63462614648588,15.93183856502242,2171.3790718858036,2259
5808.0,4460,0,0,0,5.620330841371832,16.008744394618834,2172.108774868817,2302
5809.0,4456,0,0,4,5.565379366439566,16.019299820466788,2172.699849141331,2320
5810.0,4455,0,0,1,5.539045491875463,16.04107744107744,2173.719544751404,2333
5811.0,4453,0,0,2,5.4995417962724815,16.056591062205253,2174.6742166806403,2361
5812.0,4451,0,0,2,5.467733585873883,15.968771062682544,2175.693903445699,2367
5813.0,4450,0,1,2,5.457309861068023,15.968539325842697,2176.2370600579584,2401
5814.0,4448,0,0,2,5.430640729357776,16.008093525179856,2176.1601952662954,2432
5815.0,4447,0,0,1,5.405203909384491,16.22329660445244,2177.103273940549,2463
5816.0,4447,0,2,2,5.377235628409272,16.374634585113558,2176.5270934715736,2483
5817.0,4445,0,1,3,5.3460102117962105,16.523059617547805,2176.5530421075455,2506
5818.0,4444,0,0,1,5.320399135428317,16.656840684068406,2177.244243150199,2523
5819.0,4441,0,0,3,5.286570777961954,16.857464535014635,2177.737860228064,2553
5820.0,4440,0,1,2,5.248437426465624,17.095045045045044,2177.98075257182,2558
5821.0,4438,0,0,2,5.215754820020381,17.28008111762055,2178.9138800374667,2584
5822.0,4438,0,0,0,5.182801559331232,17.514871563767464,2179.674071752767,2602
5823.0,4440,0,2,0,5.143853232354958,17.700225225225225,2179.454286595345,2617
5824.0,4439,0,1,2,5.111230675808049,17.929939175489974,2179.5810918910483,2647
5825.0,4437,0,0,2,5.079883603158495,18.07031778228533,2180.2361673612327,2651
5826.0,4436,0,0,1,5.06054889120499,18.36203787195672,2180.716320620861,2683
5827.0,4437,0,2,1,5.038443117561192,18.54586432274059,2180.7517437258734,2701
5828.0,4436,0,0,1,5.021562589189004,18.812669071235348,2181.5184668791226,2717
5829.0,4435,0,0,1,5.010248137091738,19.12739571589628,2182.6020543985915,2741
5830.0,4436,0,1,0,5.004496381268841,19.459197475202885,2182.883027600643,2754
5831.0,4435,0,1,2,4.981109365144106,19.74904171364149,2183.8876140961197,2758
5832.0,4435,0,0,0,4.9620841031918,20.082976324689966,2184.6645966740552,2785
5833.0,4435,0,1,1,4.935903908329422,20.468545659526495,2184.542766263758,2815
5834.0,4434,0,0,1,4.911660422364855,20.806044203879114,2185.436542045128,2819
5835.0,4434,0,0,0,4.890941544519078,21.126071267478576,2186.21866797074,2819
5836.0,4434,0,1,1,4.8744463856538935,21.475191700496165,2186.129010253738,2852
5837.0,4434,0,2,2,4.855343012033357,21.86513306269734,2186.693858888488,2866
5838.0,4435,0,1,0,4.842564952614582,22.22074408117249,2186.9874343227825,2890
5839.0,4434,0,0,1,4.827390296716287,22.645692377086153,2188.1097584627446,2898
5840.0,4433,0,1,2,4.815569123644417,23.07827656214753,2189.0254203034838,2907
5841.0,4432,0,0,1,4.799482171541645,23.466832129963898,2190.122216461056,2925
5842.0,4429,0,0,3,4.775536390231724,23.851659516820952,2191.6637003348515,2924
5843.0,4429,0,1,1,4.757852635490765,24.2919394897268,2191.8898441242827,2931
5844.0,4427,0,0,2,4.743579495924628,24.63361192681274,2193.1734586129246,2949
5845.0,4425,0,0,2,4.723270103570679,25.029378531073448,2194.1305220395698,2948
5846.0,4425,0,0,0,4.710869224029438,25.425310734463277,2194.9293909819717,2967
5847.0,4425,0,1,1,4.696005253374107,25.814237288135594,2195.2339544008064,2972
5848.0,4424,0,0,1,4.681013679477771,26.262884267631105,2195.796789374792,2975
5849.0,4423,0,0,1,4.658383612982134,26.75446529504861,2196.9426032460465,2995
5850.0,4421,0,0,2,4.638100381882715,27.052703008369146,2198.1215346377967,2991
5851.0,4420,0,0,1,4.694913863408871,25.444570135746606,2198.8032001173297,2824
5852.0,4419,0,1,2,4.794349119949941,24.2765331522969,2198.9421915574903,2692
5853.0,4419,0,0,0,4.934828962699871,23.39058610545372,2199.723338078571,2576
5854.0,4418,0,0,1,5.094110642279716,22.68650973291082,2200.5713434041704,2508
5855.0,4419,0,1,0,5.264403963953896,22.19348268839104,2200.8302375850003,2438
5856.0,4418,0,0,1,5.423734400489326,21.765052059755547,2201.908740724579,2382
5857.0,4418,0,0,0,5.57725813651311,21.38750565866908,2202.6441127455164,2340
5858.0,4417,0,0,1,5.712755282410371,20.999320805976907,2203.670460546392,2285
5859.0,4417,0,1,1,5.849264669872359,20.68915553543129,2204.191136537632,2257
5860.0,4414,0,0,3,5.970711957360304,20.441776166742184,2204.377277569518,2233
5861.0,4413,0,0,1,6.068507966560556,20.335372762293225,2205.1409348556663,2209
5862.0,4413,0,1,1,6.153594712888849,20.098799002945842,2205.1544479117874,2197
5863.0,4413,0,0,0,6.227373540849826,19.958531611148878,2205.846699484266,2173
5864.0,4413,0,0,0,6.284826892609867,19.742578744618175,2206.534744182119,2152
5865.0,4412,0,0,1,6.3164474665130665,19.587035358114235,2207.596985638277,2165
5866.0,4412,0,1,1,6.330766140238559,19.47438803263826,2207.7034967590685,2155
5867.0,4413,0,1,0,6.327319368493487,19.336279175164286,2207.8860558528954,2145
5868.0,4413,0,0,0,6.320650734625672,19.284387038295943,2208.5686638508887,2149
5869.0,4413,0,0,0,6.325384900801188,19.09358712893723,2209.24976435667,2136
5870.0,4411,0,0,2,6.327646466430198,19.06529131716164,2209.7066741447807,2137
5871.0,4410,0,0,1,6.317690945373013,18.97324263038549,2210.155744413463,2133
5872.0,4409,0,1,2,6.301349281683017,18.81333635745067,2210.4182855338177,2134
5873.0,4408,0,0,1,6.293327450168904,18.681941923774954,2210.899644406961,2135
5874.0,4407,0,0,1,6.275494612537163,18.627184025414113,2211.740745632019,2141
5875.0,4407,0,0,0,6.251922031103961,18.54481506693896,2212.4259962520364,2146
5876.0,4406,0,0,1,6.228746552557238,18.494779845665,2213.2991321473814,2163
5877.0,4404,0,0,2,6.204354100697791,18.463442325158947,2214.0677278442313,2168
5878.0,4402,0,0,2,6.183090622095913,18.313721035892776,2214.8715599270577,2163
5879.0,4402,0,0,0,6.1634362489410845,18.168559745570196,2215.562396327468,2167
5880.0,4401,0,0,1,6.129945096755287,18.043399227448308,2216.6130468884317,2165
5881.0,4400,0,1,2,6.1036899694590865,17.85090909090909,2216.608537992727,2175
5882.0,4399,0,0,1,6.079991978578382,17.704478290520573,2217.0898294067183,2180
5883.0,4399,0,1,1,6.05364211750008,17.58967947260741,2217.0841735430404,2187
5884.0,4397,0,0,2,6.033133144733909,17.47577894018649,2217.699885275626,2198
5885.0,4397,0,0,0,6.022632067853752,17.430748237434614,2218.400412494358,2198
5886.0,4397,0,0,0,6.017491441716503,17.33682055947237,2219.1017441213316,2205
5887.0,4397,0,0,0,6.012266829501604,17.19331362292472,2219.803732366907,2214
5888.0,4396,0,0,1,5.9889517560320655,17.09781619654231,2220.3398682919374,2209
5889.0,4394,0,0,2,5.957336002009199,16.9827036868457,2221.1587796828244,2215
5890.0,4395,0,1,0,5.922946680500682,16.918088737201366,2221.3616107847715,2227
5891.0,4395,0,1,1,5.88413037668466,16.84550625711035,2221.6086463512634,2251
5892.0,4394,0,0,1,5.840044597330551,16.76854802002731,2222.5562280474073,2259
5893.0,4394,0,1,1,5.784304710081295,16.74032771961766,2222.6955588532037,2270
5894.0,4394,0,1,1,5.732406579262785,16.644742831133364,2222.7132767656167,2265
5895.0,4392,0,0,2,5.686991885686739,16.47495446265938,2223.44120727729,2268
5896.0,4393,0,1,0,5.640694245119047,16.33621670839973,2223.6622568375133,2283
5897.0,4392,0,1,2,5.586133453440216,16.31967213114754,2223.7617172233295,2297
5898.0,4392,0,1,1,5.550361820964505,16.325819672131146,2223.501716589335,2302
5899.0,4392,0,1,1,5.52778937160496,16.430100182149364,2223.716106050201,2330
5900.0,4390,0,0,2,5.490837891520174,16.543507972665147,2224.3669648017835,2340
5901.0,4391,0,1,0,5.456179202205774,16.684582099749488,2224.599160721038,2388
5902.0,4391,0,2,2,5.4183986657807575,16.742427693008427,2224.2826254066827,2406
5903.0,4390,0,1,2,5.374600203979008,16.800683371298405,2224.7651559770025,2440
5904.0,4387,0,0,3,5.337897211552856,16.84020971050832,2225.231680066618,2461
5905.0,4388,0,2,1,5.3152907329264645,16.84115770282589,2225.1382798642244,2472
5906.0,4388,0,1,1,5.289147189120761,16.920009115770284,2225.3663081316267,2481
5907.0,4389,0,1,0,5.272431381177688,16.962861699703804,2225.6096760495448,2508
5908.0,4390,0,2,1,5.254073949475257,17.113439635535308,2225.4493234652696,2534
5909.0,4388,0,0,2,5.2234058748079395,17.19598906107566,2225.9461302482614,2544
5910.0,4388,0,0,0,5.205634238171461,17.28577939835916,2226.702825874142,2562
5911.0,4389,0,1,0,5.18455494659904,17.401913875598087,2226.953613254342,2580
5912.0,4388,0,1,2,5.151745128918563,17.50592525068368,2227.4167848540224,2599
5913.0,4390,0,2,0,5.124231195116118,17.686560364464693,2227.1646890501465,2609
5914.0,4390,0,1,1,5.086174607581165,17.81981776765376,2227.6172731261718,2618
5915.0,4392,0,2,0,5.052548164541224,17.985428051001822,2227.3698276716977,2628
5916.0,4394,0,2,0,5.037445912239613,18.21347291761493,2227.123695983154,2652
5917.0,4395,0,1,0,5.021667482898148,18.400682593856654,2227.386424985047,2665
5918.0,4394,0,1,2,4.990768410836948,18.588074647246245,2228.000251783585,2683
5919.0,4393,0,0,1,4.971050785115182,18.755975415433646,2228.46421354008,2703
5920.0,4392,0,0,1,4.955486108242673,18.895491803278688,2229.562852820389,2718
5921.0,4393,0,2,1,4.934733109704406,18.977464147507398,2229.5242166643543,2719
5922.0,4392,0,0,1,4.905057835312646,19.141621129326047,2230.1884505179232,2741
5923.0,4388,0,0,4,4.868903816366877,19.36531449407475,2231.753628168832,2754
5924.0,4387,0,1,2,4.8421138855693195,19.589012992933668,2231.793439533081,2771
5925.0,4387,0,1,1,4.817062546362916,19.960565306587647,2232.247696288799,2803
5926.0,4387,0,0,0,4.800274806927892,20.185320264417598,2233.0359520167,2815
5927.0,4388,0,1,0,4.786434624814907,20.52757520510483,2233.3164874103895,2841
5928.0,4388,0,0,0,4.777830190336926,20.90018231540565,2234.1070020924167,2837
5929.0,4388,0,1,1,4.771458062305667,21.257976298997264,2234.5269090406346,2849
5930.0,4385,0,0,3,4.7639331590927965,21.617559863169898,2235.29559276177,2866
5931.0,4384,0,0,1,4.751724456553663,21.93339416058394,2236.27324429799,2879
5932.0,4385,0,1,0,4.7493519483870035,22.23283922462942,2236.557230398214,2885
5933.0,4385,0,0,0,4.745333150498804,22.631927023945266,2237.3521024633174,2899
5934.0,4383,0,0,2,4.720618935341172,22.99041752224504,2238.128834542137,2917
5935.0,4384,0,1,0,4.706077449725669,23.369981751824817,2238.416154717477,2930
5936.0,4384,0,0,0,4.690603719723198,23.77258211678832,2239.2152157936075,2935
5937.0,4384,0,0,0,4.670588629403892,24.17632299270073,2240.0163678993054,2950
5938.0,4382,0,0,2,4.655155417850192,24.640575079872203,2241.34972568826,2965
5939.0,4382,0,0,0,4.6379428225099195,24.98105887722501,2242.1529535938284,2967
5940.0,4379,0,0,3,4.617726336483697,25.414706554007765,2242.9362966561243,2977
5941.0,4379,0,1,1,4.687270300110404,24.11669330897465,2243.5284692668693,2807
5942.0,4378,0,0,1,4.782796984485208,23.231384193695753,2243.916182884639,2689
5943.0,4376,0,0,2,4.914151153950289,22.625228519195613,2244.5560550883265,2606
5944.0,4375,0,0,1,5.069542879766929,21.97874285714286,2245.442338956068,2531
5945.0,4373,0,0,2,5.2325018535787065,21.562771552709812,2246.3163426716574,2465
5946.0,4371,0,0,2,5.388969199771842,21.145046900022876,2246.649743961962,2398
5947.0,4368,0,0,3,5.523140911692243,20.74473443223443,2247.8444470925438,2335
5948.0,4368,0,0,0,5.678912564764953,20.40842490842491,2248.5745851085026,2296
5949.0,4366,0,0,1,5.78772027255519,20.061841502519467,2249.083971249547,2280
5950.0,4366,0,0,0,5.896380397684556,19.652542372881356,2249.7983879404806,2235
5951.0,4365,0,0,1,5.977852190346886,19.51408934707904,2250.2389486060224,2197
5952.0,4365,0,0,0,6.066626950371163,19.29049255441008,2250.9408987581373,2177
5953.0,4365,0,0,0,6.151870571998944,19.142268041237113,2251.6370943378615,2163
5954.0,4364,0,0,1,6.218647258622939,18.808432630614117,2252.49898402639,2114
5955.0,4365,0,0,0,6.30034030695317,18.51408934707904,2253.542662587623,2098
5956.0,4364,0,0,1,6.334618859096461,18.294454628780937,2254.1400228750913,2074
5957.0,4364,0,0,0,6.366772830834677,18.044454628780937,2254.820730123658,2068
5958.0,4362,0,0,2,6.380874972795049,17.844337459880787,2256.091223682176,2052
5959.0,4359,0,0,3,6.3678162241921745,17.75223675154852,2257.424085624136,2064
5960.0,4358,0,0,1,6.360758159803185,17.519045433685175,2258.0588550574307,2040
5961.0,4358,0,0,0,6.352245296530284,17.384350619550254,2258.7386799087953,2046
5962.0,4358,0,0,0,6.335469351242865,17.321707205139973,2259.4194983743973,2065
5963.0,4358,0,0,0,6.311967446979264,17.162000917852225,2260.101668659639,2064
5964.0,4357,0,0,1,6.295014434719297,17.080560018361258,2261.019650974156,2064
5965.0,4355,0,0,2,6.2768965669569035,16.972904707233067,2261.955860824779,2075
5966.0,4354,0,0,1,6.280643160080337,16.822232429949473,2262.5779598033896,2069
5967.0,4354,0,1,1,6.267354411212501,16.834864492420763,2262.9949379229465,2088
5968.0,4352,0,0,2,6.247856558083977,16.741038602941178,2263.921233813201,2066
5969.0,4352,0,0,0,6.237463975242525,16.737132352941178,2264.608993439339,2081
5970.0,4351,0,0,1,6.227156779382749,16.7117903930131,2265.0428232345935,2082
5971.0,4350,0,0,1,6.21798993869376,16.690344827586205,2265.8963937759404,2082
5972.0,4348,0,0,2,6.187967952970532,16.6221251149954,2266.751334597389,2080
5973.0,4348,0,1,1,6.169466049787856,16.604645814167434,2266.854128849911,2084
5974.0,4346,0,0,2,6.145743521967701,16.559595029912565,2267.7450034253493,2093
5975.0,4346,0,0,0,6.144625109593535,16.503451449608836,2268.440466115612,2087
5976.0,4344,0,1,3,6.1183665688822115,16.4445211786372,2268.1681950347643,2104
5977.0,4342,0,0,2,6.112728248601865,16.3519115614924,2269.0740094502303,2105
5978.0,4343,0,1,0,6.103557917281821,16.391664747870134,2269.250008132434,2116
5979.0,4338,0,0,5,6.0611056798996605,16.475564776394652,2269.107250172568,2131
5980.0,4336,0,0,2,6.036708047630609,16.518450184501845,2269.778361702211,2135
5981.0,4334,0,0,2,6.002455188202822,16.563451776649746,2270.4052666665534,2142
5982.0,4333,0,0,1,5.9640228401881545,16.69882298638357,2270.8805858149076,2161
5983.0,4333,0,0,0,5.9095359252763595,16.78121393953381,2271.5939511450247,2169
5984.0,4331,0,0,2,5.8536976683050215,16.91572385130455,2271.814105349685,2194
5985.0,4332,0,1,0,5.816264656621261,17.033702677746998,2272.009731685802,2205
5986.0,4331,0,1,2,5.7690105384564765,17.081043638882477,2272.318673637799,2230
5987.0,4331,0,0,0,5.7439741174396035,17.118910182405912,2273.044079287909,2228
5988.0,4329,0,0,2,5.709442031934584,17.254331254331255,2274.1117544777294,2256
5989.0,4328,0,0,1,5.655454141723924,17.396256931608132,2274.770538957028,2274
5990.0,4329,0,1,0,5.6436339895840275,17.479094479094478,2274.9777927732725,2283
5991.0,4328,0,0,1,5.633947956913352,17.466035120147875,2275.278875091494,2290
5992.0,4328,0,2,2,5.619375002917173,17.52264325323475,2274.91619449348,2299
5993.0,4326,0,1,3,5.612034378992929,17.596625057790106,2274.8468552464874,2328
5994.0,4325,0,0,1,5.594026478043852,17.57364161849711,2275.235304845783,2333
5995.0,4324,0,0,1,5.56747443836403,17.71877890841813,2275.9207935923223,2371
5996.0,4322,0,1,3,5.5335662314503775,17.853540027764925,2275.8984997592524,2380
5997.0,4323,0,2,1,5.506356153124815,18.03492944714319,2275.253050104797,2417
5998.0,4320,0,1,4,5.472373950967388,18.266435185185184,2274.7349014180904,2449
5999.0,4319,0,0,1,5.4498684044527685,18.417457744848345,2275.191774128116,2471
6000.0,4320,0,2,1,5.435345551443225,18.57638888888889,2274.7361585384356,2481
6001.0,4320,0,1,1,5.420376370812703,18.699074074074073,2274.6720847228567,2499
6002.0,4320,0,0,0,5.395635048359262,18.84976851851852,2275.42382342327,2521
6003.0,4321,0,2,1,5.361417840997002,18.998148576718354,2275.049743826406,2524
6004.0,4321,0,1,1,5.335429782183817,19.139088174033787,2275.2438042839926,2537
6005.0,4322,0,2,1,5.295443203995073,19.353077279037482,2274.8660236198916,2558
6006.0,4322,0,1,1,5.272261427615835,19.5451180009255,2274.6415499864415,2576
6007.0,4323,0,2,1,5.239421317334332,19.705528568123988,2274.534656868345,2593
6008.0,4322,0,1,2,5.217194541294969,19.882461823229985,2274.7319838391227,2598
6009.0,4323,0,2,1,5.184533207360787,20.0823502197548,2274.3065550505103,2610
6010.0,4323,0,1,1,5.161859354985153,20.19731667823271,2274.7455920217526,2620
6011.0,4323,0,1,1,5.140848071888126,20.337497108489476,2274.905167125357,2616
6012.0,4322,0,1,2,5.113751451356467,20.506247107820453,2275.2344910084375,2630
6013.0,4321,0,0,1,5.089377886921678,20.684563758389263,2275.8923844587603,2634
6014.0,4322,0,2,1,5.079282530000811,20.876677464136975,2275.8147104177046,2638
6015.0,4322,0,1,1,5.0606770939894705,21.130957889865805,2275.8818120443657,2652
6016.0,4322,0,0,0,5.046672870869244,21.29130032392411,2276.657638511798,2652
6017.0,4324,0,2,0,5.024520486340756,21.527520814061056,2276.3818803371682,2685
6018.0,4326,0,2,0,4.999715192082065,21.74040684234859,2276.1081371868995,2697
6019.0,4326,0,0,0,4.984633034598193,22.01109570041609,2276.8885699469956,2713
6020.0,4326,0,1,1,4.969785809766898,22.339574664817384,2277.3845638366497,2710
6021.0,4326,0,0,0,4.967874974706636,22.702034211742948,2278.1667209553084,2740
6022.0,4325,0,0,1,4.943674475274872,23.09780346820809,2279.1253552790545,2761
6023.0,4324,0,0,1,4.915809457223882,23.382053654024052,2279.6868557421053,2758
6024.0,4325,0,1,0,4.895016946957231,23.6721387283237,2279.946079899585,2762
6025.0,4324,0,0,1,4.887134704638795,23.934551341350602,2280.9752568102504,2750
6026.0,4324,0,0,0,4.878265594862774,24.210222016651247,2281.7633073288757,2756
6027.0,4325,0,1,0,4.864692291095224,24.48,2282.0241832817524,2773
6028.0,4324,0,0,1,4.849088615892368,24.779833487511564,2283.033988313325,2788
6029.0,4324,0,0,0,4.832775878421254,25.11563367252544,2283.8258470554147,2801
6030.0,4323,0,0,1,4.816425629477247,25.450381679389313,2284.389227834235,2822
6031.0,4322,0,0,1,4.877598919136307,24.08306339657566,2284.9266866982643,2658
6032.0,4321,0,0,1,4.976021334256144,23.239296459152975,2285.839098324288,2531
6033.0,4321,0,0,0,5.093998393844734,22.66975237213608,2286.6113746804635,2458
6034.0,4320,0,1,2,5.242370947764864,22.124074074074073,2286.5633941018723,2384
6035.0,4319,0,0,1,5.414442389828091,21.620050937717064,2287.0524981165313,2343
6036.0,4320,0,1,0,5.57409122242778,21.146064814814814,2287.2611400431206,2287
6037.0,4319,0,0,1,5.72478463667701,20.77610557999537,2288.139621525119,2252
6038.0,4318,0,0,1,5.854882597887916,20.401574803149607,2289.036595245745,2218
6039.0,4318,0,0,0,5.9881867999186085,20.173691523853638,2289.7456248948415,2195
6040.0,4318,0,0,0,6.108288702449837,19.913385826771652,2290.446487900272,2152
6041.0,4318,0,0,0,6.209276867925422,19.62204724409449,2291.14017933455,2116
6042.0,4317,0,0,1,6.288714955144315,19.64095436645819,2291.972399187597,2112
6043.0,4317,0,0,0,6.345835998749002,19.466990965948575,2292.6560398659044,2096
6044.0,4316,0,0,1,6.401911708662956,19.349397590361445,2293.5332074198004,2081
6045.0,4314,0,0,2,6.438331682992161,19.200973574408902,2294.583405531717,2060
6046.0,4313,0,1,2,6.4557359326437,19.080918154416878,2294.0164735277667,2044
6047.0,4311,0,0,2,6.4792222690278285,18.961261888192993,2294.3931171594677,2032
6048.0,4310,0,0,1,6.499429171629447,18.811600928074245,2295.018484145257,2013
6049.0,4310,0,0,0,6.510358210839736,18.780974477958235,2295.6882416932026,2022
6050.0,4310,0,0,0,6.510187421272989,18.722041763341068,2296.358185257268,2019
6051.0,4309,0,0,1,6.507984400238102,18.73729403573915,2296.7298473546452,2026
6052.0,4309,0,0,0,6.485754595971019,18.738686470178695,2297.4006217704596,2027
6053.0,4308,0,1,2,6.479834747942663,18.738393686165274,2297.243449483346,2024
6054.0,4307,0,0,1,6.484237700114311,18.71325748781054,2298.3763022514127,2023
6055.0,4305,0,0,2,6.477602370000689,18.650406504065042,2298.658647972926,2027
6056.0,4305,0,0,0,6.446640552870351,18.577235772357724,2299.3321482556344,2036
6057.0,4303,0,0,2,6.43386932035474,18.564489890773878,2300.3579451371666,2025
6058.0,4303,0,1,1,6.412238654176932,18.517081106204973,2300.4223712994526,2025
6059.0,4300,0,0,3,6.409882233893945,18.404651162790696,2301.0493802831957,2031
6060.0,4295,0,0,5,6.364842883025267,18.331082654249126,2301.3455774922427,2032
6061.0,4295,0,0,0,6.3567886377386404,18.31268917345751,2302.0267818277644,2042
6062.0,4291,0,0,4,6.333061622992896,18.26916802610114,2302.3947063026258,2038
6063.0,4289,0,0,2,6.309866300971989,18.321287013289812,2303.558789567095,2048
6064.0,4288,0,0,1,6.291277868781503,18.292444029850746,2304.3157517946775,2049
6065.0,4286,0,0,2,6.274035325916008,18.27228184787681,2305.4741601222404,2045
6066.0,4285,0,0,1,6.262616072792636,18.2926487747958,2305.854493132584,2059
6067.0,4282,0,2,5,6.22700737447003,18.38556749182625,2305.4476285944197,2070
6068.0,4282,0,0,0,6.191236427301381,18.455628211116302,2306.1415445676676,2083
6069.0,4281,0,1,2,6.1431168547442025,18.49824807288017,2305.828312151636,2076
6070.0,4281,0,0,0,6.110477667171051,18.589348283111423,2306.5280737233084,2085
6071.0,4278,0,0,3,6.060738879863791,18.758765778401123,2307.0145837194686,2121
6072.0,4278,0,0,0,6.031973540299938,18.863955119214587,2307.7197882290393,2132
6073.0,4276,0,1,3,5.995716035263158,19.027362020579982,2307.724248165989,2152
6074.0,4275,0,1,2,5.951825984533063,19.149941520467838,2307.9030049289136,2160
6075.0,4275,0,1,1,5.913266554629948,19.337543859649124,2308.092088256706,2180
6076.0,4273,0,0,2,5.866225794122639,19.46454481628832,2308.3221082029168,2195
6077.0,4273,0,0,0,5.821107970959566,19.594664170372106,2309.042093582933,2215
6078.0,4271,0,0,2,5.777484554258739,19.777569655818308,2309.574419765612,2221
6079.0,4271,0,1,1,5.754636342413305,19.925076094591432,2309.385067562611,2249
6080.0,4270,0,0,1,5.734973272009888,20.138173302107727,2310.103656477022,2247
6081.0,4269,0,0,1,5.712518602747079,20.348793628484422,2310.808578319652,2268
6082.0,4269,0,2,2,5.690718050733325,20.490747247598968,2310.1129794711255,2280
6083.0,4268,0,0,1,5.677959012801331,20.77389878163074,2310.621504559843,2310
6084.0,4269,0,1,0,5.657176453379948,20.997891777933944,2310.81306151968,2337
6085.0,4268,0,0,1,5.621409451464534,21.27507029053421,2311.8941206167246,2360
6086.0,4265,0,0,3,5.583670498432604,21.574912075029307,2312.822875098816,2394
6087.0,4264,0,1,2,5.528116539186023,21.886960600375236,2313.1862895317286,2413
6088.0,4262,0,1,3,5.4626892161696565,22.2346316283435,2313.603817837468,2442
6089.0,4260,0,0,2,5.416364428095766,22.5,2314.9377327599805,2455
6090.0,4259,0,1,2,5.392709146071186,22.76778586522658,2315.210097768425,2477
6091.0,4258,0,0,1,5.351466273763426,23.011507750117428,2316.2235534047627,2492
6092.0,4255,0,0,3,5.3118844954414515,23.356756756756756,2316.6854702152004,2517
6093.0,4255,0,0,0,5.285705995996406,23.686251468860164,2317.4448525304824,2550
6094.0,4256,0,2,1,5.250324057605449,23.96968984962406,2317.326003407119,2567
6095.0,4256,0,0,0,5.215816746039794,24.241071428571427,2318.090137242913,2581
6096.0,4258,0,2,0,5.186583260086538,24.532879286049788,2317.767352233892,2596
6097.0,4257,0,0,1,5.160356014936393,24.845900869156683,2318.357088207395,2621
6098.0,4257,0,0,0,5.126786764263388,25.13789053323937,2319.1284381285113,2629
6099.0,4256,0,0,1,5.086571366699212,25.43937969924812,2320.059433787349,2650
6100.0,4255,0,0,1,5.059862055454643,25.781668625146885,2321.2551402594318,2664
6101.0,4255,0,0,0,5.026806242195339,26.02491186839013,2322.034029963932,2668
6102.0,4257,0,2,0,5.018085194986541,26.237961005402866,2321.7227255266375,2682
6103.0,4257,0,0,0,4.992038650098468,26.546863988724454,2322.504664869059,2695
6104.0,4256,0,0,1,4.968697100120134,26.87593984962406,2323.7285445113557,2705
6105.0,4255,0,0,1,4.940922536860705,27.160282021151588,2324.736049658169,2722
6106.0,4254,0,1,2,4.914470884032084,27.46309355900329,2324.8772035390816,2738
6107.0,4256,0,2,0,4.892605047496405,27.867716165413533,2324.572299538154,2781
6108.0,4256,0,1,1,4.880315847849201,28.22438909774436,2325.0506079939883,2775
6109.0,4256,0,0,0,4.866955971525186,28.65296052631579,2325.840568774739,2797
6110.0,4257,0,1,0,4.851545118819492,29.036410617805966,2326.085540473915,2799
6111.0,4254,0,0,3,4.828590244273035,29.398683591913493,2326.9392201017436,2800
6112.0,4255,0,1,0,4.816531009599728,29.73325499412456,2327.1864964616243,2805
6113.0,4255,0,0,0,4.792057179087238,30.07262044653349,2327.9823606524797,2824
6114.0,4254,0,0,1,4.760641081289294,30.366948754113775,2328.902408336417,2830
6115.0,4253,0,1,2,4.725210700536998,30.73242417117329,2329.6990176427757,2845
6116.0,4252,0,0,1,4.703118178389796,31.06585136406397,2330.5565490899094,2848
6117.0,4250,0,0,2,4.673968012904621,31.47364705882353,2331.8752345524954,2864
6118.0,4251,0,1,0,4.653300218736287,31.789226064455423,2332.130707210093,2868
6119.0,4249,0,0,2,4.624952536038619,32.229230407154624,2332.6696388211462,2884
6120.0,4248,0,0,1,4.598029491159711,32.678201506591336,2333.270354940361,2897
6121.0,4247,0,0,1,4.662165389336995,31.11396279726866,2334.30212202985,2718
6122.0,4247,0,0,0,4.790215109194089,30.072521780080056,2335.0940363494396,2585
6123.0,4245,0,0,2,4.935623082509324,29.155005889281508,2336.3320949471768,2475
6124.0,4245,0,0,0,5.108316611180897,28.443580683156654,2337.102551915502,2391
6125.0,4244,0,0,1,5.2803823692080245,27.951696512723846,2338.148772070703,2338
6126.0,4242,0,0,2,5.4584318242853405,27.509193776520508,2339.34192165731,2299
6127.0,4239,0,0,3,5.609697327117618,27.153338051427223,2340.5192478096537,2265
6128.0,4237,0,0,2,5.750079684693785,26.854142081661553,2340.9570807251125,2245
6129.0,4236,0,0,1,5.862455158981111,26.60882908404155,2341.9050908145846,2217
6130.0,4235,0,0,1,5.965618754370691,26.331523022432112,2342.788164064024,2190
6131.0,4234,0,0,1,6.054506323658306,26.173358526216344,2343.3509461983567,2176
6132.0,4235,0,2,1,6.132851371107679,26.046753246753248,2342.4638626869455,2160
6133.0,4234,0,0,1,6.2138470232756235,25.87883797827114,2343.0735366416575,2137
6134.0,4233,0,0,1,6.25704105474047,25.544767304512167,2343.7860481351413,2114
6135.0,4232,0,0,1,6.299307801797631,25.382797731569,2344.2061603303814,2116
6136.0,4231,0,0,1,6.333857923518749,25.08815882770031,2344.8678125708293,2090
6137.0,4230,0,0,1,6.3568043130664,24.929550827423167,2345.4790124431547,2090
6138.0,4229,0,0,1,6.359826144313478,24.675573421612675,2345.9209439173696,2080
6139.0,4229,0,0,0,6.358742918179226,24.373137857649564,2346.6028983803103,2082
6140.0,4228,0,0,1,6.348131989630615,24.259697256385998,2347.4608186387773,2084
6141.0,4227,0,0,1,6.34520076336841,23.98060089898273,2348.086817848486,2060
6142.0,4226,0,0,1,6.337988480878809,23.755087553241836,2348.718285699733,2057
6143.0,4224,0,0,2,6.337361505098485,23.531013257575758,2349.0991610126152,2057
6144.0,4223,0,0,1,6.313470237423853,23.28463177835662,2349.8516552824517,2052
6145.0,4221,0,0,2,6.320826832613006,22.84861407249467,2350.4669466958403,2019
6146.0,4220,0,0,1,6.312632924163927,22.561137440758294,2351.5263664511226,2027
6147.0,4219,0,0,1,6.294905477309646,22.292012325195543,2352.4462020849674,2016
6148.0,4219,0,0,0,6.275129988790302,22.039582839535434,2353.1316669428193,2026
6149.0,4216,0,0,3,6.258719744673984,21.967267552182165,2353.2225172137278,2024
6150.0,4213,0,0,3,6.244882903877807,21.711132209826726,2353.5824635474273,2023
6151.0,4211,0,0,2,6.238131147261522,21.491094751840418,2354.221788319689,2033
6152.0,4212,0,2,0,6.232534872227602,21.237654320987655,2353.3172700388427,2052
6153.0,4210,0,0,2,6.20628924218633,21.020902612826603,2353.8204537750817,2044
6154.0,4210,0,0,0,6.19669225052484,20.721377672209027,2354.511396605161,2044
6155.0,4208,0,0,2,6.1760201459358735,20.549429657794676,2355.008625050705,2056
6156.0,4205,0,0,3,6.1495753011832,20.28323424494649,2355.545104774033,2054
6157.0,4205,0,0,0,6.14067437314824,19.924137931034483,2356.240280803059,2056
6158.0,4204,0,0,1,6.120560505055319,19.634633682207422,2357.2170664514347,2050
6159.0,4203,0,0,1,6.073166207115029,19.410183202474425,2358.146869728048,2058
6160.0,4202,0,0,1,6.036619806559237,19.242265587815325,2358.430484084421,2075
6161.0,4203,0,1,1,5.978459425798296,18.99524149417083,2358.951530973097,2087
6162.0,4203,0,0,0,5.945755052959031,18.958600999286226,2359.6626493616823,2098
6163.0,4201,0,0,2,5.884833644601758,18.882885027374435,2359.864750736245,2116
6164.0,4199,0,0,2,5.823241798161296,18.80590616813527,2360.457784155987,2146
6165.0,4199,0,0,0,5.7865268844073725,18.642057632769706,2361.1802469770364,2166
6166.0,4199,0,0,0,5.744652840269941,18.498690164324838,2361.9063060355784,2168
6167.0,4198,0,1,2,5.693386158557678,18.338018103858982,2361.9324783204725,2175
6168.0,4198,0,0,0,5.660502853319562,18.326345878989994,2362.663569073036,2204
6169.0,4196,0,0,2,5.626810275070346,18.244995233555766,2362.823140684135,2209
6170.0,4196,0,1,1,5.603648286179612,17.98164918970448,2363.0565142279625,2216
6171.0,4196,0,0,0,5.575363291378523,17.71186844613918,2363.7931813886203,2230
6172.0,4194,0,0,2,5.541771302663865,17.72532188841202,2364.5909820667835,2263
6173.0,4191,0,0,3,5.510901741591804,17.810069195895966,2365.5230880242657,2290
6174.0,4189,0,0,2,5.481671722855795,17.79183576032466,2366.1210730125986,2306
6175.0,4189,0,1,1,5.44877595456383,17.811172117450464,2366.217793742154,2329
6176.0,4188,0,0,1,5.412902935488522,17.780085959885387,2367.173237270663,2341
6177.0,4187,0,0,1,5.3822901116538215,17.81967996178648,2368.336072930149,2370
6178.0,4187,0,0,0,5.352577664020554,17.957726295677094,2369.090404458435,2394
6179.0,4188,0,1,0,5.321586487896181,18.020534861509073,2369.2811736177237,2410
6180.0,4185,0,0,3,5.2723969242779996,18.18709677419355,2369.0873728424676,2445
6181.0,4182,0,0,3,5.23484911222887,18.261358201817313,2369.598120674943,2454
6182.0,4182,0,0,0,5.211295528894212,18.422764227642276,2370.362575434819,2472
6183.0,4180,0,0,2,5.180115614994908,18.589712918660286,2371.7405999349176,2489
6184.0,4179,0,0,1,5.180951238370457,18.72672888250778,2372.594127890441,2519
6185.0,4179,0,0,0,5.17173938975082,18.875329026082795,2373.361902100991,2532
6186.0,4178,0,0,1,5.154325956714038,19.056247008137866,2373.9121010133854,2544
6187.0,4177,0,0,1,5.134771619207,19.23892745989945,2374.645541021253,2558
6188.0,4177,0,0,0,5.118795278787934,19.483600670337562,2375.4167025208785,2590
6189.0,4178,0,1,0,5.106790843481988,19.67065581617999,2375.6209433833706,2587
6190.0,4178,0,0,0,5.088326600760351,19.89995213020584,2376.395382240313,2591
6191.0,4178,0,0,0,5.075370620720509,20.162996649114408,2377.1705729420464,2598
6192.0,4178,0,0,0,5.060101032047117,20.410483484921016,2377.9473600838164,2615
6193.0,4177,0,0,1,5.037254229463305,20.58893943021307,2378.634021736344,2622
6194.0,4176,0,1,2,5.004370539814847,20.78639846743295,2378.5907233821113,2643
6195.0,4175,0,0,1,4.9783957462805395,21.07137724550898,2379.7933376293677,2666
6196.0,4173,0,0,2,4.956491087170332,21.40857895998083,2380.7945553453455,2686
6197.0,4173,0,0,0,4.9371142815070685,21.7653965971723,2381.581303881905,2713
6198.0,4172,0,0,1,4.910721254552459,22.026845637583893,2382.6028661973633,2718
6199.0,4170,0,0,2,4.885777826694138,22.334532374100718,2383.2639428367106,2730
6200.0,4170,0,0,0,4.86513270842659,22.59928057553957,2384.0562463802544,2736
6201.0,4168,0,0,2,4.845782880931644,22.870201535508638,2385.0333524350217,2737
6202.0,4167,0,0,1,4.835459022192403,23.151187904967603,2385.555984067848,2753
6203.0,4167,0,0,0,4.824722855403498,23.354211663066955,2386.3512909391966,2746
6204.0,4167,0,1,1,4.814007197871006,23.73098152147828,2386.7335905905215,2772
6205.0,4165,0,0,2,4.790368150028116,24.0641056422569,2387.4732084159186,2788
6206.0,4163,0,0,2,4.750809976579345,24.38842181119385,2388.3570572510193,2787
6207.0,4163,0,0,0,4.715770920947638,24.719673312515013,2389.1587420647315,2805
6208.0,4162,0,0,1,4.687012850026802,25.072320999519462,2389.8837237309817,2817
6209.0,4162,0,0,0,4.676055469695992,25.409178279673235,2390.6871895708045,2822
6210.0,4161,0,0,1,4.646021101059916,25.805094929103582,2391.680591463424,2824
6211.0,4161,0,0,0,4.708692798553648,24.208363374188895,2392.480789919178,2650
6212.0,4160,0,0,1,4.805635247859581,23.181490384615383,2393.5200893169394,2531
6213.0,4161,0,1,0,4.947389108949262,22.409757269887045,2393.7269289247724,2438
6214.0,4161,0,0,0,5.1090912256815795,21.693583273251623,2394.4973968743884,2340
6215.0,4160,0,0,1,5.289914464381752,21.065384615384616,2395.452362027674,2271
6216.0,4159,0,0,1,5.465292853219027,20.59413320509738,2395.707811231088,2221
6217.0,4158,0,0,1,5.621857655052795,20.188792688792688,2396.367735640137,2175
6218.0,4157,0,0,1,5.776167674410994,19.918931922059176,2396.9656191567537,2139
6219.0,4156,0,0,1,5.896210284807139,19.69177093358999,2397.9343615600487,2122
6220.0,4156,0,0,0,6.010634554887702,19.25,2398.6401239700576,2074
6221.0,4156,0,1,1,6.096264329490051,18.93671799807507,2398.8731474035776,2042
6222.0,4156,0,0,0,6.169258344439533,18.77430221366699,2399.568013173306,2032
6223.0,4155,0,0,1,6.223458276819134,18.63465703971119,2400.3122991208184,2025
6224.0,4154,0,0,1,6.2535256047137215,18.50096292729899,2400.939560482331,2015
6225.0,4153,0,0,1,6.284258952567475,18.29593065254033,2401.5266340115113,1985
6226.0,4152,0,0,1,6.305615428170744,18.248073217726397,2402.489851607551,1986
6227.0,4152,0,0,0,6.314771439996166,18.15655105973025,2403.1748498844563,1992
6228.0,4150,0,0,2,6.328860549195913,18.04240963855422,2403.9161909993113,1990
6229.0,4149,0,0,1,6.334731685670327,17.98529766208725,2404.7053360992018,2003
6230.0,4148,0,0,1,6.329948133666433,17.924059787849565,2405.334361830591,2003
6231.0,4146,0,0,2,6.335185012754509,17.824650265315967,2406.354747574748,2012
6232.0,4146,0,0,0,6.341203274540532,17.74481427882296,2407.0376526943487,2003
6233.0,4144,0,0,2,6.347775567257806,17.70415057915058,2408.2633240068153,1988
6234.0,4142,0,0,2,6.365497958983277,17.652341863833897,2408.5933622889524,1975
6235.0,4140,0,0,2,6.388448010452216,17.556038647342994,2409.3406919616223,1965
6236.0,4138,0,0,2,6.382035173156636,17.43040115998067,2410.1352210105715,1946
6237.0,4137,0,0,1,6.381413273492466,17.412376117959873,2410.9191054168014,1937
6238.0,4136,0,0,1,6.391103986901782,17.2678916827853,2411.136745710048,1928
6239.0,4135,0,0,1,6.397033848376268,17.10423216444982,2412.056761585815,1914
6240.0,4132,0,0,3,6.374677462884092,17.11640851887706,2412.5904893002535,1930
6241.0,4132,0,1,1,6.35397118393232,16.957647628267182,2412.6219220511407,1911
6242.0,4132,0,0,0,6.339422834466238,16.95329138431752,2413.3067742757976,1917
6243.0,4130,0,0,2,6.324596077459194,16.967070217917676,2414.271741598762,1918
6244.0,4130,0,0,0,6.3091261203285764,16.955932203389832,2414.9593237607405,1923
6245.0,4129,0,1,2,6.287599251461271,17.005570356018406,2415.0453126070124,1939
6246.0,4126,0,0,3,6.273313303415109,17.017207949587977,2415.1527613330536,1945
6247.0,4125,0,0,1,6.26809893305359,17.078545454545456,2415.836074909987,1957
6248.0,4125,0,0,0,6.255665907156969,17.089454545454547,2416.529596277656,1961
6249.0,4124,0,0,1,6.223638795202315,17.180407371483994,2417.166716698354,1978
6250.0,4124,0,0,0,6.187994922171409,17.33559650824442,2417.8647339217728,1991
6251.0,4124,0,0,0,6.145867249851159,17.343355965082445,2418.5656237264484,1989
6252.0,4124,0,0,0,6.1063381623472575,17.367119301648884,2419.26909699376,2004
6253.0,4122,0,0,2,6.051665701572871,17.49344978165939,2419.6222126035136,2011
6254.0,4121,0,1,2,5.989253037935393,17.541373453045377,2419.1987076261616,2022
6255.0,4120,0,0,1,5.935356571208565,17.63252427184466,2419.5943006905127,2031
6256.0,4119,0,0,1,5.912902022665739,17.584607914542364,2420.3596345881483,2034
6257.0,4119,0,0,0,5.883184772718403,17.59796067006555,2421.0781996639935,2050
6258.0,4119,0,1,1,5.83921218192012,17.605001213886865,2421.2150943476486,2061
6259.0,4119,0,0,0,5.79862457966479,17.531439669822774,2421.9395450893207,2071
6260.0,4118,0,0,1,5.75278658141495,17.479844584749877,2422.5686118486938,2092
6261.0,4117,0,0,1,5.722234873382575,17.45810055865922,2422.8045212366187,2106
6262.0,4116,0,1,2,5.687835857081402,17.4178814382896,2423.3904239110307,2139
6263.0,4117,0,1,0,5.671664120004928,17.369443769735245,2423.5344775746134,2152
6264.0,4117,0,0,0,5.65433458161221,17.20476074811756,2424.2683826092716,2169
6265.0,4114,0,0,3,5.60607850861977,17.31234807972776,2424.6743933743787,2201
6266.0,4112,0,1,3,5.556922362359228,17.48103112840467,2424.476622966406,2231
6267.0,4113,0,2,1,5.513149458990219,17.535861901288598,2424.2675247393363,2257
6268.0,4114,0,1,0,5.479587382039125,17.63660670879922,2424.4232509224335,2279
6269.0,4114,0,1,1,5.43434287590927,17.81356344190569,2424.5592480970863,2307
6270.0,4114,0,1,1,5.391707537192796,18.024793388429753,2424.525941213785,2336
6271.0,4112,0,0,2,5.344089977064621,18.18093385214008,2425.551542151665,2359
6272.0,4113,0,2,1,5.292971409547368,18.421833211767566,2425.395802791687,2375
6273.0,4112,0,0,1,5.241093222531087,18.641536964980546,2426.53091647686,2400
6274.0,4111,0,1,2,5.187952238537555,18.91899781075164,2426.8636067448447,2426
6275.0,4110,0,1,2,5.126718328489758,19.14963503649635,2426.498899703001,2437
6276.0,4107,0,0,3,5.0923680777598195,19.43072802532262,2426.8522742276873,2459
6277.0,4108,0,1,0,5.070145273260447,19.63388510223953,2427.0328977569034,2462
6278.0,4108,0,0,0,5.041515545847611,19.827166504381694,2427.8068155707306,2469
6279.0,4108,0,1,1,4.9868698052954405,20.01996105160662,2427.487335210367,2480
6280.0,4109,0,1,0,4.955056141026278,20.349963494767582,2427.6749578514496,2497
6281.0,4109,0,0,0,4.941208275139198,20.659041129228523,2428.4547136129922,2518
6282.0,4107,0,1,3,4.916533970384606,20.93864134404675,2428.297937384099,2536
6283.0,4105,0,0,2,4.902148578152019,21.16272838002436,2428.658211715099,2551
6284.0,4105,0,1,1,4.880583496975621,21.413885505481122,2429.0842171881363,2561
6285.0,4104,0,0,1,4.864178459983268,21.68835282651072,2429.5932543201443,2573
6286.0,4104,0,0,0,4.8632216544426825,21.917153996101366,2430.3794065796537,2568
6287.0,4104,0,0,0,4.87477044412208,22.14083820662768,2431.164840872057,2565
6288.0,4102,0,0,2,4.8626485743344485,22.499268649439298,2431.545455010956,2569
6289.0,4102,0,0,0,4.852711273508636,22.769380789858605,2432.3327854404515,2583
6290.0,4102,0,1,1,4.8452930843437425,23.143832276938078,2432.529619376769,2581
6291.0,4101,0,0,1,4.820842957267009,23.519873201658132,2433.3274953115206,2595
6292.0,4101,0,0,0,4.819085414371385,23.933918556449647,2434.1167263702114,2616
6293.0,4100,0,1,2,4.803367938643311,24.314146341463413,2434.201890869704,2619
6294.0,4100,0,0,0,4.800630779322468,24.701951219512196,2434.9924335513097,2637
6295.0,4097,0,0,3,4.782159962270295,25.101537710519892,2435.8554937154404,2636
6296.0,4096,0,0,1,4.775173851580299,25.484130859375,2436.661742121374,2646
6297.0,4095,0,0,1,4.7509825826842,25.884737484737485,2437.8938901660204,2645
6298.0,4094,0,1,2,4.710729965514834,26.33829995114802,2437.6431382002033,2655
6299.0,4092,0,0,2,4.682516256292435,26.83479960899316,2439.091334717172,2672
6300.0,4089,0,0,3,4.6462917287983965,27.24969430178528,2439.5792762564847,2680
6301.0,4089,0,1,1,4.719459089116192,25.738077769625825,2440.1915907655193,2507
6302.0,4088,0,0,1,4.828821750593938,24.6692759295499,2440.597151316332,2388
6303.0,4088,0,1,1,4.974880131332248,23.723825831702545,2440.648536255581,2284
6304.0,4086,0,0,2,5.151001111845295,22.97479197258933,2441.4478284775078,2197
6305.0,4085,0,0,1,5.3276775658460895,22.302815177478582,2441.935710242597,2134
6306.0,4085,0,1,1,5.506544217393708,21.713831089351284,2442.3121589754364,2085
6307.0,4085,0,0,0,5.6707240438514885,21.323378212974298,2443.041897272178,2033
6308.0,4085,0,1,1,5.838887979866937,20.881028151774785,2443.5394577109228,1985
6309.0,4085,0,0,0,5.97063938375863,20.524112607099145,2444.249035747491,1975
6310.0,4084,0,1,2,6.084274884984313,19.894711067580804,2444.6597864190385,1926
6311.0,4084,0,1,1,6.189982327265185,19.65989226248776,2445.162755015437,1907
6312.0,4084,0,1,1,6.288735780000975,19.54456415279138,2445.1695939146716,1886
6313.0,4084,0,1,1,6.371266886422509,19.069049951028404,2445.6712473194625,1848
6314.0,4086,0,2,0,6.4281026299535835,18.796867351933432,2445.152713364767,1828
6315.0,4085,0,0,1,6.4761086322785255,18.446022031823745,2445.9913590694764,1826
6316.0,4084,0,0,1,6.514969117955202,18.100881488736533,2446.9169327297095,1812
6317.0,4085,0,1,0,6.546940178310465,17.90330477356181,2446.988842747324,1803
6318.0,4083,0,0,2,6.561431029447227,17.64486896889542,2447.9072950668865,1803
6319.0,4080,0,0,3,6.569222788788956,17.37671568627451,2448.9720951830645,1781
6320.0,4080,0,1,1,6.574582093417762,17.091176470588234,2448.8552293197004,1788
6321.0,4078,0,0,2,6.575809362461592,16.74178518881805,2449.3522853642307,1777
6322.0,4079,0,1,0,6.590400518361985,16.5302770286835,2449.4182258129013,1782
6323.0,4079,0,1,1,6.587994879620738,16.189016915910763,2449.4932732835587,1778
6324.0,4080,0,1,0,6.5908022019319485,16.04485294117647,2449.5589835882524,1783
6325.0,4078,0,0,2,6.603989438884574,15.72756253065228,2450.550650457733,1757
6326.0,4077,0,0,1,6.617217063028439,15.603139563404465,2450.6797224660477,1755
6327.0,4077,0,1,1,6.63235346269732,15.268825116507236,2450.70336222036,1733
6328.0,4077,0,0,0,6.636840677088808,15.100809418690213,2451.3684609117668,1737
6329.0,4075,0,0,2,6.638788743489551,14.889815950920246,2452.3257349850032,1722
6330.0,4073,0,0,2,6.625396127229942,14.702676160078566,2453.0804982715736,1717
6331.0,4074,0,1,0,6.605951702839577,14.55301914580265,2453.1446596742785,1727
6332.0,4071,0,1,4,6.589101494242911,14.432326209776468,2453.018394098354,1730
6333.0,4070,0,1,2,6.569158719433325,14.37886977886978,2453.3448437723655,1731
6334.0,4068,0,0,2,6.536030866764431,14.283185840707965,2453.6446693575836,1720
6335.0,4068,0,0,0,6.534585006175005,14.140117994100295,2454.316806922349,1721
6336.0,4068,0,0,0,6.527887469213163,14.02384464110128,2454.9898776011564,1724
6337.0,4068,0,0,0,6.514139169334682,13.880285152409046,2455.664239176766,1725
6338.0,4068,0,0,0,6.4986112063896195,13.717305801376598,2456.3406080743866,1746
6339.0,4067,0,0,1,6.455457806543245,13.640029505778214,2456.9130184789356,1775
6340.0,4067,0,0,0,6.403663468763594,13.587410867961642,2457.596476019657,1795
6341.0,4066,0,0,1,6.3659348105650535,13.655189375307428,2458.298138495705,1816
6342.0,4066,0,0,0,6.308841225679907,13.530742744712247,2458.989116601385,1837
6343.0,4066,0,0,0,6.273569921238042,13.508116084604033,2459.6828006943865,1855
6344.0,4064,0,0,2,6.22429755479395,13.433316929133857,2459.496333359682,1873
6345.0,4064,0,0,0,6.174364374243051,13.373277559055119,2460.1977674215614,1899
6346.0,4062,0,0,2,6.122282145506289,13.205071393402266,2460.3908460928083,1894
6347.0,4061,0,0,1,6.081377106261342,13.186161044077814,2461.05819097364,1919
6348.0,4060,0,0,1,6.0468685571254905,13.20960591133005,2461.7647713837996,1946
6349.0,4059,0,0,1,6.014689947862711,13.191672825819166,2462.584951786415,1948
6350.0,4058,0,0,1,5.9757792510579195,13.33316904879251,2463.2399152556104,1980
6351.0,4058,0,1,1,5.941502263576632,13.41769344504682,2463.611319219053,1993
6352.0,4060,0,2,0,5.927591703574284,13.505172413793103,2463.115858449249,2026
6353.0,4059,0,0,1,5.897214085504066,13.642769154964277,2463.6424933998655,2028
6354.0,4059,0,2,2,5.854334055042256,13.739837398373984,2463.1903086245247,2068
6355.0,4059,0,2,2,5.8009513354381825,13.825572801182558,2462.606409009385,2082
6356.0,4060,0,1,0,5.758038841901562,13.88448275862069,2462.7303397516225,2120
6357.0,4058,0,0,2,5.699697149165532,14.064317397732873,2463.271359158728,2144
6358.0,4057,0,1,2,5.644926082174206,14.23859995070249,2463.3039830716284,2167
6359.0,4057,0,2,2,5.5864485682238625,14.466107961547943,2462.7624775434524,2187
6360.0,4057,0,0,0,5.541003179548596,14.702736011831403,2463.506899178792,2217
6361.0,4058,0,2,1,5.510866051059943,14.918186298669296,2462.839390086519,2236
6362.0,4058,0,1,1,5.48532778705645,15.167077378018728,2462.7669343463426,2261
6363.0,4056,0,0,2,5.448373246100689,15.430966469428007,2463.333550451865,2289
6364.0,4057,0,2,1,5.4143279297340055,15.57752033522307,2463.0691277992532,2303
6365.0,4055,0,0,2,5.364960847219511,15.811590628853267,2463.6070126218583,2332
6366.0,4054,0,0,1,5.314340183846908,16.06314750863345,2464.5728434071784,2362
6367.0,4053,0,0,1,5.273327500122371,16.35356526030101,2464.7609521211534,2397
6368.0,4054,0,1,0,5.234994789395842,16.634928465712875,2464.9154417257564,2409
6369.0,4054,0,1,1,5.185750993537323,16.93808584114455,2465.005342947834,2438
6370.0,4053,0,0,1,5.154360696068693,17.185048112509254,2465.616018641897,2444
6371.0,4051,0,0,2,5.117782971086027,17.43569489015058,2466.4564663516035,2463
6372.0,4049,0,0,2,5.091683305018318,17.751296616448506,2466.9266150313465,2489
6373.0,4048,0,1,2,5.0510671020141,18.0197628458498,2466.7840502737454,2515
6374.0,4046,0,0,2,4.990926995848156,18.361097380128523,2467.9900154446686,2530
6375.0,4046,0,1,1,4.948778710860053,18.71478002965892,2468.379332520954,2542
6376.0,4044,0,0,2,4.888162942015701,19.135014836795254,2468.1811386524023,2581
6377.0,4043,0,1,2,4.860394344200469,19.541429631461785,2468.5434907470267,2592
6378.0,4043,0,1,1,4.833169333283425,19.91417264407618,2468.634878564871,2622
6379.0,4041,0,0,2,4.806659252300825,20.340509774808215,2469.091770739279,2628
6380.0,4040,0,0,1,4.78051200706368,20.756930693069307,2469.5326268664694,2649
6381.0,4039,0,0,1,4.755830493633116,21.21044813072543,2470.055997550808,2661
6382.0,4038,0,0,1,4.733892731737838,21.60921248142645,2470.7173609866763,2672
6383.0,4037,0,0,1,4.693194182517671,22.08620262571216,2471.680697035079,2691
6384.0,4035,0,0,2,4.649976086394409,22.563568773234202,2472.5572764845974,2711
6385.0,4033,0,0,2,4.634734519194832,22.96974956607984,2473.679247151847,2713
6386.0,4033,0,1,1,4.610674271134218,23.484006942722537,2473.962106535341,2739
6387.0,4032,0,0,1,4.584434883498446,23.99032738095238,2474.9783929485743,2766
6388.0,4031,0,0,1,4.566415302224941,24.472835524683703,2475.8561670549516,2780
6389.0,4030,0,0,1,4.536176163450999,24.973449131513647,2476.3415487647862,2793
6390.0,4029,0,0,1,4.5101006776327734,25.50210970464135,2476.884809640113,2795
6391.0,4028,0,0,1,4.584051381325517,24.13604766633565,2477.4663632784036,2634
6392.0,4028,0,0,0,4.700141025400621,23.159136047666337,2478.2606106175926,2512
6393.0,4028,0,0,0,4.86223378183721,22.400198609731877,2479.044540879012,2406
6394.0,4027,0,0,1,5.041487082747128,21.78370995778495,2479.6737861756965,2319
6395.0,4026,0,0,1,5.213675408179696,21.240685543964233,2480.2774397248777,2257
6396.0,4025,0,0,1,5.403821276184727,20.686708074534163,2480.7411115154273,2200
6397.0,4024,0,0,1,5.591495636700618,20.25844930417495,2481.936421457584,2146
6398.0,4022,0,0,2,5.764166921608416,19.82023868722029,2483.18962732726,2085
6399.0,4022,0,0,0,5.915242174779131,19.450024863252114,2483.9036070510388,2053
6400.0,4021,0,0,1,6.053740988575501,19.33200696344193,2484.3217840345114,2038
6401.0,4019,0,0,2,6.152256643572668,19.14506096043792,2485.16696911516,2025
6402.0,4018,0,0,1,6.2629954050789625,18.854405176704827,2486.3484230692975,1973
6403.0,4017,0,0,1,6.354226590952972,18.654219566840926,2487.2571094512514,1958
6404.0,4013,0,0,4,6.425654725772154,18.428607027161725,2487.625264015468,1933
6405.0,4013,0,0,0,6.491206188142335,18.22900573137304,2488.3007675071476,1909
6406.0,4011,0,0,2,6.543584923170304,17.987035651957118,2489.279032292109,1888
6407.0,4010,0,0,1,6.583966955728296,17.807231920199502,2490.035605923262,1866
6408.0,4010,0,0,0,6.611028432259594,17.589775561097255,2490.702903505508,1852
6409.0,4006,0,0,4,6.6203106652973265,17.478781827259112,2491.56516957613,1846
6410.0,4005,0,0,1,6.641960336532006,17.339825218476904,2492.190619129592,1818
6411.0,4003,0,0,2,6.6437295301512895,17.30652010991756,2493.176240547977,1804
6412.0,4003,0,0,0,6.643969015266963,17.109917561828627,2493.840784803402,1802
6413.0,4002,0,0,1,6.6504562783113235,16.82533733133433,2494.7535178650182,1795
6414.0,4001,0,0,1,6.655867738948523,16.664833791552113,2495.3091783488026,1791
6415.0,4001,0,0,0,6.646295622130826,16.557610597350664,2495.974419004823,1781
6416.0,4001,0,0,0,6.642196163876925,16.482879280179954,2496.640210730875,1778
6417.0,4000,0,0,1,6.647980123738433,16.2545,2497.4649726390458,1773
6418.0,3998,0,0,2,6.6464816080901015,15.990745372686343,2497.533986809633,1761
6419.0,3999,0,1,0,6.651164565032475,15.806951737934483,2497.574424633598,1774
6420.0,3997,0,0,2,6.644490987150785,15.622216662496873,2498.240281548481,1773
6421.0,3998,0,1,0,6.646746714392249,15.498499249624812,2498.2813314819477,1791
6422.0,3998,0,0,0,6.644112477625069,15.375187593796898,2498.948576246814,1791
6423.0,3998,0,1,1,6.635916929859949,15.312906453226613,2498.6102192725452,1801
6424.0,3998,0,0,0,6.599758159416431,15.23486743371686,2499.280894776833,1805
6425.0,3997,0,1,2,6.563836130008882,15.142356767575682,2499.6015507587113,1803
6426.0,3997,0,0,0,6.528996279871646,15.10032524393295,2500.2772482203122,1831
6427.0,3996,0,0,1,6.491117885073586,15.003253253253254,2500.998519100638,1838
6428.0,3996,0,1,1,6.4461887426235425,14.925175175175175,2500.9248348852557,1861
6429.0,3994,0,1,3,6.382801094754068,14.952178267401102,2500.7209159364556,1887
6430.0,3992,0,0,2,6.319915088928412,14.88877755511022,2501.8791273232787,1900
6431.0,3991,0,0,1,6.240646506959237,14.922325231771486,2502.1006398587006,1929
6432.0,3991,0,0,0,6.168664176191745,14.846654973690804,2502.8014511009205,1940
6433.0,3990,0,0,1,6.087064349612974,14.77593984962406,2503.336406157215,1963
6434.0,3990,0,0,0,6.00497415135036,14.790977443609023,2504.048611420368,1983
6435.0,3989,0,0,1,5.920565781009251,14.723238906994235,2504.5004117379167,1997
6436.0,3988,0,1,2,5.848969471204938,14.551905717151454,2504.031455445117,2003
6437.0,3988,0,0,0,5.795787854947768,14.606318956870611,2504.756607721724,2019
6438.0,3986,0,0,2,5.75687383516832,14.663572503763172,2504.9709925542047,2035
6439.0,3984,0,0,2,5.719685110468837,14.69051204819277,2505.5790359291364,2052
6440.0,3981,0,0,3,5.6816695335267156,14.696307460437076,2505.1763450003255,2078
6441.0,3978,0,1,4,5.650565923430472,14.801910507792861,2504.8168036667435,2109
6442.0,3976,0,0,2,5.627283312391659,14.89738430583501,2505.220803021005,2123
6443.0,3975,0,1,2,5.598398273488026,14.950188679245283,2505.2437941404346,2130
6444.0,3975,0,0,0,5.576064057651635,15.048553459119496,2505.9828663908293,2149
6445.0,3973,0,0,2,5.543725967398558,15.126856279889253,2506.7989753684096,2166
6446.0,3973,0,0,0,5.528451727409758,15.045054115278127,2507.5406691907433,2160
6447.0,3974,0,1,0,5.489527289594488,15.264217413185706,2507.654952751535,2197
6448.0,3973,0,0,1,5.444733273997448,15.46639818776743,2508.3603981600995,2230
6449.0,3972,0,0,1,5.409299944366829,15.715508559919437,2509.049474651721,2253
6450.0,3972,0,1,1,5.369294010229364,15.920443101711983,2509.210825847226,2283
6451.0,3970,0,0,2,5.3383068529683655,16.114105793450882,2509.9461364291033,2292
6452.0,3969,0,1,2,5.307563319468974,16.377676996724617,2510.060484076395,2322
6453.0,3966,0,0,3,5.271755183487164,16.625315179021683,2510.634078128285,2324
6454.0,3965,0,0,1,5.247751907323547,16.75359394703657,2511.308407695437,2329
6455.0,3964,0,0,1,5.220830829469679,16.920282542885975,2511.99365672989,2343
6456.0,3964,0,1,1,5.195862312871262,17.086024217961654,2512.1342451148016,2351
6457.0,3962,0,0,2,5.147776898031841,17.389197375063098,2512.72708946989,2379
6458.0,3960,0,0,2,5.085528935188934,17.736868686868686,2513.686444252051,2400
6459.0,3961,0,1,0,5.049361788142603,18.047210300429185,2513.8239368091035,2411
6460.0,3961,0,0,0,5.014485616673886,18.338550870992172,2514.598709936103,2433
6461.0,3961,0,0,0,4.978117015993169,18.659429437010857,2515.3751620504436,2444
6462.0,3961,0,1,1,4.935991493850024,18.98889169401666,2515.4669288336454,2462
6463.0,3961,0,1,1,4.904675654286659,19.325675334511487,2515.325936661096,2474
6464.0,3961,0,0,0,4.878798743637065,19.703105276445342,2516.107839997105,2487
6465.0,3961,0,0,0,4.855585373254151,19.935369856096944,2516.891204982388,2484
6466.0,3962,0,1,0,4.828540907158998,20.342756183745582,2517.040820818474,2508
6467.0,3961,0,0,1,4.786722110743967,20.7417318858874,2517.574918792287,2528
6468.0,3962,0,1,0,4.764111789229956,21.147147905098436,2517.72840050595,2547
6469.0,3962,0,0,0,4.728332156514014,21.60070671378092,2518.519746238479,2581
6470.0,3962,0,0,0,4.693174429300584,22.006814740030286,2519.313348847622,2599
6471.0,3962,0,0,0,4.666752036487601,22.429328621908127,2520.1089147905295,2612
6472.0,3962,0,0,0,4.642928935061703,22.813982836951034,2520.9061109074373,2616
6473.0,3962,0,0,0,4.624141812567711,23.236496718828874,2521.705157507307,2629
6474.0,3961,0,0,1,4.594044780629792,23.673314819490027,2522.5134542289984,2642
6475.0,3960,0,0,1,4.588437995674141,24.094444444444445,2523.2953170124683,2651
6476.0,3959,0,0,1,4.569828807864483,24.5572114170245,2524.131432222612,2663
6477.0,3958,0,0,1,4.546101149221784,25.057352198079837,2524.9188261210747,2678
6478.0,3956,0,0,2,4.509091401611126,25.554347826086957,2525.538086028687,2704
6479.0,3956,0,0,0,4.478204551868473,26.082153690596563,2526.348422555685,2723
6480.0,3955,0,0,1,4.4491420495551735,26.574462705436158,2527.0834112575144,2736
6481.0,3955,0,0,0,4.531156822722623,25.092793931731986,2527.889404354121,2559
6482.0,3955,0,0,0,4.656362977505486,24.008849557522122,2528.6866316837477,2439
6483.0,3953,0,0,2,4.800926786139535,23.32911712623324,2529.1492705574824,2335
6484.0,3951,0,0,2,4.96300464684942,22.54619083776259,2529.362497583175,2260
6485.0,3951,0,0,0,5.131382435042268,22.032903062515818,2530.1261101453383,2217
6486.0,3951,0,0,0,5.313964697074896,21.531004808909138,2530.877332255863,2171
6487.0,3950,0,0,1,5.501600720459276,21.091898734177214,2531.679247779165,2114
6488.0,3950,0,0,0,5.6725545322679904,20.723544303797468,2532.407233882934,2078
6489.0,3949,0,0,1,5.810113554301654,20.344644213724994,2533.1580398676756,2027
6490.0,3949,0,0,0,5.947858941006233,19.83742719675867,2533.867980298949,1987
6491.0,3948,0,0,1,6.07490401897973,19.581560283687942,2534.657385610336,1951
6492.0,3947,0,0,1,6.173753357368164,19.252596909044843,2534.9258535756376,1925
6493.0,3947,0,0,0,6.262287632134287,18.820623258170762,2535.61607612999,1886
6494.0,3947,0,0,0,6.342566616518961,18.534583227767925,2536.3009637961713,1849
6495.0,3947,0,0,0,6.404608822089179,18.2650114010641,2536.981712436712,1843
6496.0,3947,0,0,0,6.444530009916929,18.06283253103623,2537.6594570869765,1831
6497.0,3947,0,0,0,6.470194977879806,17.946034963263237,2538.3355081672416,1812
6498.0,3947,0,0,0,6.5204566033839715,17.63845958956169,2539.0083124508337,1774
6499.0,3947,0,0,0,6.568356657666794,17.557131998986574,2539.6774165681977,1763
6500.0,3947,0,0,0,6.589720398042216,17.532303014948063,2540.345732175502,1771
6501.0,3945,0,0,2,6.5712864845742835,17.50190114068441,2541.059450629929,1758
6502.0,3943,0,0,2,6.557351114438199,17.517372558965256,2541.401380519073,1765
6503.0,3942,0,0,1,6.5559134072333505,17.5,2541.975103472609,1775
6504.0,3941,0,0,1,6.534920330702876,17.49809692971327,2542.7602654333964,1787
6505.0,3941,0,0,0,6.527051156100036,17.416645521441257,2543.431009266288,1776
6506.0,3940,0,0,1,6.513017699130368,17.31243654822335,2543.771539110436,1766
6507.0,3940,0,0,0,6.508037528651507,17.175380710659898,2544.444016855611,1746
6508.0,3936,0,0,4,6.479892941052842,17.140243902439025,2544.8599816793617,1764
6509.0,3936,0,0,0,6.48018098404723,16.9702743902439,2545.5349707343785,1741
6510.0,3936,0,0,0,6.473732878021972,16.91946138211382,2546.2101198254563,1742
6511.0,3936,0,0,0,6.445671655729914,16.845782520325205,2546.8880541244685,1754
6512.0,3933,0,0,3,6.403256782740026,16.829392321383168,2547.5953612972803,1770
6513.0,3931,0,0,2,6.374179914600679,16.792419231747648,2548.3216242026233,1800
6514.0,3931,0,1,1,6.348203151559389,16.756296107860596,2548.6474064170748,1808
6515.0,3930,0,0,1,6.326950968182217,16.74529262086514,2549.773119490876,1813
6516.0,3928,0,0,2,6.293814956136697,16.765784114052952,2550.648676525026,1824
6517.0,3928,0,0,0,6.268527048777564,16.84826883910387,2551.338250482026,1839
6518.0,3928,0,0,0,6.232510824291716,16.795061099796335,2552.0303780686922,1859
6519.0,3927,0,0,1,6.179460065395492,16.9266615737204,2552.7051703637167,1872
6520.0,3926,0,0,1,6.110497534264519,17.06724401426388,2553.3259203905927,1905
6521.0,3926,0,0,0,6.049110519894,17.269740193581253,2554.030868866796,1937
6522.0,3925,0,0,1,5.992378293752398,17.33171974522293,2554.7878581419513,1952
6523.0,3923,0,0,2,5.92236729476157,17.49732347693092,2555.462167383007,1987
6524.0,3923,0,0,0,5.871269723996051,17.691817486617385,2556.1800452046728,2020
6525.0,3923,0,1,1,5.807595233996256,17.798623502421616,2555.981691933178,2030
6526.0,3920,0,0,3,5.75708913332466,17.847704081632653,2556.3221087598195,2047
6527.0,3919,0,0,1,5.705648442753135,17.888747129369737,2557.1697743624263,2048
6528.0,3917,0,0,2,5.649415839901365,18.019147306612204,2557.6338513942374,2071
6529.0,3915,0,0,2,5.595973062003763,18.143805874840357,2558.009196617108,2086
6530.0,3915,0,0,0,5.54584769115522,18.249808429118772,2558.7478441195744,2086
6531.0,3914,0,1,2,5.4898703187103655,18.293050587634134,2558.3945038622965,2109
6532.0,3914,0,1,1,5.4384327931518675,18.415176290240165,2558.780289126698,2134
6533.0,3913,0,0,1,5.403271984700132,18.64477383082034,2559.932832057619,2166
6534.0,3912,0,0,1,5.3832840578530226,18.869887525562373,2560.8214241101755,2192
6535.0,3909,0,0,3,5.343748697743095,19.117932975185468,2561.5374380721537,2214
6536.0,3909,0,1,1,5.301780345826423,19.323100537221794,2562.052041983533,2238
6537.0,3907,0,0,2,5.2621601929544415,19.54645508062452,2562.7928465962304,2260
6538.0,3907,0,1,1,5.248062295351213,19.850780650115176,2562.8201396497034,2287
6539.0,3907,0,1,1,5.205061933122005,20.107499360122855,2563.024013502802,2304
6540.0,3907,0,0,0,5.171524779302321,20.36600972613258,2563.786145198179,2332
6541.0,3906,0,1,2,5.150030199790336,20.651817716333845,2563.770249135325,2343
6542.0,3905,0,0,1,5.1157921555933505,21.01177976952625,2564.7524638941204,2373
6543.0,3905,0,1,1,5.083854818696859,21.312419974391805,2565.0208037977977,2395
6544.0,3906,0,1,0,5.051862963913905,21.535586277521762,2565.1348340816407,2418
6545.0,3906,0,1,1,5.008501037672775,21.77547363031234,2564.8414393664725,2428
6546.0,3905,0,0,1,4.963362604249222,22.01024327784891,2565.9406407310166,2446
6547.0,3903,0,0,2,4.9164258390374025,22.292595439405584,2566.278820942214,2466
6548.0,3902,0,1,2,4.877011598194285,22.573808303434138,2566.179991442413,2475
6549.0,3902,0,0,0,4.834839588694813,22.948744233726295,2566.9636408601214,2499
6550.0,3900,0,0,2,4.78551020425281,23.3025641025641,2567.5815096138326,2514
6551.0,3901,0,2,1,4.742923256355783,23.576262496795692,2566.982193294043,2525
6552.0,3900,0,0,1,4.713212446971521,23.93974358974359,2567.720432873532,2548
6553.0,3900,0,1,1,4.6868183904794245,24.354102564102565,2567.8641649374476,2564
6554.0,3900,0,0,0,4.665406344565027,24.724102564102566,2568.659924088765,2563
6555.0,3901,0,1,0,4.646389513621085,25.011535503716996,2568.798480345544,2566
6556.0,3902,0,1,0,4.626170807408892,25.38646847770374,2568.9388370395463,2578
6557.0,3902,0,0,0,4.610737929429101,25.760123013839056,2569.7391753099078,2598
6558.0,3902,0,0,0,4.594250680779049,26.110199897488467,2570.540738688555,2597
6559.0,3901,0,0,0,4.588403335903025,26.43091514996155,2570.6108911070364,2607
6560.0,3901,0,0,0,4.580400021449631,26.75467828761856,2571.4140450052837,2613
6561.0,3901,0,0,0,4.563613861913987,27.03255575493463,2572.218654257622,2624
6562.0,3901,0,0,0,4.557387538883518,27.35631889259164,2573.023592549059,2636
6563.0,3901,0,0,0,4.543057412691875,27.63035119200205,2573.8303766848826,2623
6564.0,3901,0,0,0,4.527933901758282,28.039220712637785,2574.6382905593364,2631
6565.0,3900,0,0,2,4.501317214041912,28.25974358974359,2576.020788250423,2635
6566.0,3899,0,0,1,4.476301719445844,28.525519363939473,2576.542840828546,2633
6567.0,3896,0,0,3,4.4313438232230675,28.843685831622178,2577.0525916700562,2629
6568.0,3895,0,0,1,4.405620557155374,29.11527599486521,2577.9220746360365,2637
6569.0,3894,0,0,1,4.372999282369929,29.45608628659476,2578.8792263112796,2647
6570.0,3894,0,0,0,4.348526398916495,29.817668207498716,2579.6981180604885,2658
6571.0,3894,0,0,0,4.400599128017972,28.465331278890602,2580.5125357351926,2512
6572.0,3894,0,0,0,4.503460949268667,27.30688238315357,2581.319126986926,2396
6573.0,3894,0,1,1,4.645074119673519,26.50693374422188,2581.681155067621,2311
6574.0,3893,0,0,1,4.810300951927807,25.816593886462883,2582.568768326862,2239
6575.0,3892,0,0,1,4.989435807400191,25.30267214799589,2583.3776568680714,2188
6576.0,3891,0,0,1,5.164388666958073,24.79285530711899,2584.2435793014115,2124
6577.0,3887,0,0,4,5.346357873069288,24.413429379984564,2585.1244464917227,2087
6578.0,3887,0,0,0,5.5065450588928435,24.078209416002057,2585.862679984259,2053
6579.0,3884,0,0,3,5.622757782957506,23.812564366632337,2586.7098054366174,2031
6580.0,3882,0,0,2,5.728637447245056,23.530911901081918,2587.5113153703037,1995
6581.0,3882,0,0,0,5.820462321631901,23.35059247810407,2588.228294087955,1981
6582.0,3881,0,0,1,5.894090522704345,23.193764493687194,2589.3959393442606,1967
6583.0,3881,0,0,0,5.9563684723051535,23.035042514815768,2590.1032083532477,1940
6584.0,3879,0,0,2,6.011134223726421,22.85047692704305,2590.9869730083424,1933
6585.0,3878,0,0,1,6.058537637072486,22.775915420319752,2591.867146102643,1915
6586.0,3877,0,0,1,6.093244329970829,22.71704926489554,2593.019406890359,1902
6587.0,3876,0,0,1,6.103623116132905,22.676470588235293,2593.8572533644065,1903
6588.0,3875,0,0,1,6.120751549887894,22.707354838709676,2594.539147323624,1904
6589.0,3874,0,0,1,6.138556351681906,22.648683531233868,2595.1563047633144,1891
6590.0,3872,0,0,2,6.162862636444446,22.549586776859503,2595.908150940663,1864
6591.0,3871,0,0,1,6.176144692572268,22.507879101007493,2596.3734083228483,1866
6592.0,3870,0,0,1,6.197714956808298,22.56201550387597,2597.289187706426,1852
6593.0,3870,0,0,0,6.210780962517685,22.460981912144703,2597.978990223002,1841
6594.0,3870,0,0,0,6.206835573173884,22.40232558139535,2598.6690004966113,1828
6595.0,3869,0,0,1,6.213207884719264,22.421555957611787,2599.7053065229716,1835
6596.0,3869,0,0,0,6.209729533820707,22.29645903334195,2600.395676990361,1826
6597.0,3868,0,0,1,6.199399366557651,22.17321613236815,2601.364042483644,1825
6598.0,3865,0,0,3,6.176303794709992,22.00439844760673,2602.272169323324,1819
6599.0,3865,0,0,0,6.168567675804129,21.911772315653298,2602.966925900201,1858
6600.0,3863,0,0,2,6.163300089243133,21.701527310380534,2604.0823947663703,1855
6601.0,3864,0,1,0,6.160923177149735,21.69047619047619,2604.1052410804023,1866
6602.0,3861,0,0,3,6.1365026914205965,21.589484589484588,2605.390722439272,1852
6603.0,3859,0,0,2,6.118037263230181,21.512308888313033,2605.5482364616855,1850
6604.0,3855,0,0,4,6.095101458995121,21.330998702983138,2606.8292653145218,1849
6605.0,3854,0,0,1,6.07368128428519,21.252205500778413,2607.710548964409,1872
6606.0,3850,0,0,4,6.049325791987883,21.253246753246753,2608.298905588724,1890
6607.0,3850,0,1,1,6.02641534348008,21.236623376623378,2608.501320532278,1909
6608.0,3849,0,0,1,6.0019617509121685,21.101325019485582,2609.0793697669765,1920
6609.0,3846,0,0,3,5.967193373324966,21.202028081123245,2609.62608851829,1919
6610.0,3847,0,1,0,5.930142442416447,21.16662334286457,2609.6609273955296,1932
6611.0,3845,0,0,2,5.894081511242828,21.08998699609883,2610.566011781325,1930
6612.0,3843,0,0,2,5.847746401681946,21.069476971116316,2611.097047452472,1957
6613.0,3843,0,0,0,5.784246009152743,21.17616445485298,2611.8214224487847,1961
6614.0,3841,0,1,3,5.7120107324469505,21.263733402759698,2611.7059405808723,1981
6615.0,3840,0,0,1,5.6503043594924405,21.434375,2612.6762084774014,1995
6616.0,3840,0,0,0,5.612705062961132,21.455208333333335,2613.413326463167,2019
6617.0,3839,0,0,1,5.573786280959875,21.460536598072416,2614.087695921103,2035
6618.0,3838,0,0,1,5.555734664226945,21.42470036477332,2615.107217645248,2040
6619.0,3837,0,0,1,5.54173744234304,21.305186343497525,2615.201841108383,2043
6620.0,3836,0,0,1,5.51360649295883,21.03832116788321,2615.900939496326,2045
6621.0,3835,0,1,2,5.4895416102545544,21.012255541069102,2615.8716257318315,2070
6622.0,3836,0,1,0,5.481132352677938,20.890250260688216,2615.936690966565,2074
6623.0,3834,0,0,2,5.4741270105345,20.795774647887324,2616.1886977954787,2089
6624.0,3833,0,0,1,5.457007427786107,20.74171667101487,2616.9957115359525,2086
6625.0,3832,0,1,2,5.414485041895498,20.661273486430062,2616.314693436306,2103
6626.0,3830,0,0,2,5.367878755708305,20.786161879895563,2616.4731757221502,2124
6627.0,3831,0,1,0,5.33024064308606,20.886191594883844,2616.5454647798656,2154
6628.0,3830,0,0,1,5.290684113174974,21.057441253263708,2617.1314641799736,2183
6629.0,3831,0,1,0,5.262443195658676,21.16131558339859,2617.207757376085,2195
6630.0,3830,0,0,1,5.230940864227071,21.400783289817234,2617.9251049571503,2207
6631.0,3831,0,1,0,5.179368231452487,21.516575306708432,2618.0067036287633,2227
6632.0,3830,0,0,1,5.133070146985268,21.608616187989558,2618.645438533866,2252
6633.0,3831,0,2,1,5.074446099354712,21.806838945445055,2618.0042671692395,2283
6634.0,3831,0,0,0,5.0299525209503555,21.78151918559123,2618.779597273855,2283
6635.0,3832,0,1,0,4.990265589831542,21.8643006263048,2618.87411824762,2311
6636.0,3831,0,0,1,4.956281140431467,21.97154789872096,2619.29479062726,2309
6637.0,3831,0,0,0,4.921597878068797,22.087183503001828,2620.0773486368194,2336
6638.0,3829,0,0,2,4.886533104959812,22.197962914599113,2621.046482231624,2348
6639.0,3828,0,0,1,4.8681430313667615,22.22048066875653,2621.7093137120564,2343
6640.0,3827,0,0,1,4.8458234026635205,22.304154690357983,2622.7311997804704,2354
6641.0,3829,0,2,0,4.82613808320968,22.458866544789764,2622.1508587630374,2375
6642.0,3829,0,0,0,4.802730822008836,22.65056150430922,2622.9430420306076,2397
6643.0,3827,0,0,2,4.786160846288461,22.84269662921348,2624.111846736498,2415
6644.0,3826,0,0,1,4.7536461909923835,23.02692106638787,2624.6914296499167,2421
6645.0,3825,0,0,1,4.724898387660012,23.320522875816994,2625.293707334872,2446
6646.0,3825,0,0,0,4.696389137746281,23.59660130718954,2626.0937850313526,2465
6647.0,3824,0,1,2,4.669872274461408,23.830282426778243,2626.799400373285,2478
6648.0,3824,0,0,0,4.659918692056236,24.088389121338913,2627.60233432059,2489
6649.0,3823,0,1,2,4.623673238487867,24.30630394977766,2627.3106985630484,2504
6650.0,3823,0,0,0,4.58861411168065,24.52471880721946,2628.118226036176,2523
6651.0,3822,0,0,1,4.54909398523003,24.81135531135531,2628.9456367525686,2548
6652.0,3821,0,0,1,4.515346115067981,24.978539649306466,2629.980484539689,2549
6653.0,3819,0,0,2,4.47240630605581,25.197695731866983,2630.2638444114427,2556
6654.0,3818,0,0,1,4.445257371831182,25.29072812991095,2630.9675759192305,2557
6655.0,3818,0,0,0,4.425832030863003,25.591932949188056,2631.785229302509,2577
6656.0,3817,0,0,1,4.379561264709985,25.8488341629552,2632.4499359364995,2608
6657.0,3816,0,0,1,4.358141065834995,26.127620545073377,2633.5582396614195,2605
6658.0,3816,0,1,1,4.315222070984709,26.488731656184488,2633.8841515599574,2625
6659.0,3816,0,0,0,4.28997677667296,26.8896750524109,2634.710041267489,2631
6660.0,3816,0,1,1,4.241108669544575,27.143343815513628,2635.090868794247,2649
6661.0,3815,0,0,1,4.313876181187824,25.27287024901704,2635.668310099061,2481
6662.0,3814,0,0,1,4.426637552099702,23.882538017829052,2636.2390872972724,2358
6663.0,3814,0,0,0,4.56933952540745,22.805715783953854,2637.0449780600734,2275
6664.0,3809,0,0,5,4.7213773326365365,21.995011814124442,2638.309404500096,2211
6665.0,3809,0,0,0,4.904150115168333,21.599369913363088,2639.0924743849755,2169
6666.0,3807,0,1,3,5.082696260854693,21.214342001576043,2638.8553469033395,2129
6667.0,3804,0,0,3,5.26201839927327,20.981335436382754,2639.5756849368627,2102
6668.0,3802,0,0,2,5.422845125241169,20.76617569700158,2640.1213832679427,2078
6669.0,3801,0,0,1,5.539611442569318,20.594054196264143,2640.803538609357,2056
6670.0,3802,0,1,0,5.662584316230571,20.282482903734877,2640.8404433601063,2015
6671.0,3800,0,0,2,5.760135206028082,19.94184210526316,2640.878948599233,1972
6672.0,3800,0,0,0,5.859692047227438,19.57842105263158,2641.598102273243,1941
6673.0,3800,0,0,0,5.934227025643669,19.145526315789475,2642.3122794641295,1918
6674.0,3801,0,1,0,6.016400767330081,18.879242304656668,2642.3253256776343,1901
6675.0,3802,0,1,0,6.096871643175884,18.672803787480273,2642.332854536513,1864
6676.0,3803,0,1,0,6.152819599033346,18.53825926899816,2642.3362146250174,1850
6677.0,3802,0,0,1,6.195096843246633,18.32009468700684,2642.915493855482,1833
6678.0,3800,0,0,2,6.224968329872579,18.078157894736844,2643.328804001795,1826
6679.0,3799,0,0,1,6.243157830171695,17.949723611476703,2643.8518397418243,1832
6680.0,3798,0,0,1,6.260889793406752,17.86071616640337,2644.1787058077307,1829
6681.0,3798,0,1,1,6.24631649623529,17.668773038441284,2644.04559134723,1812
6682.0,3798,0,0,0,6.249211259471689,17.60452869931543,2644.7373951753375,1819
6683.0,3797,0,0,1,6.244618952646307,17.21069265209376,2645.0736033890826,1784
6684.0,3795,0,0,2,6.230729103169773,16.990777338603426,2645.4589505679614,1781
6685.0,3794,0,0,1,6.23096586581543,16.906167633104904,2646.570166401485,1770
6686.0,3792,0,0,2,6.193766186022403,16.89662447257384,2647.254133184535,1773
6687.0,3789,0,0,3,6.1722673484578845,16.88255476378992,2647.637055270629,1780
6688.0,3789,0,0,0,6.165816085826036,16.793877012404327,2648.333675525371,1796
6689.0,3787,0,0,2,6.13013718943246,16.839186691312385,2648.3387334626177,1808
6690.0,3786,0,0,1,6.115044928448533,16.82488114104596,2649.2903512675543,1808
6691.0,3786,0,1,1,6.089103502796765,16.73798203909139,2649.0776119451893,1809
6692.0,3784,0,0,2,6.081580273044574,16.675475687103596,2649.898391584983,1810
6693.0,3783,0,0,1,6.074611932025785,16.614062913031987,2650.334923306041,1814
6694.0,3784,0,1,0,6.058400555332888,16.607558139534884,2650.3378739092495,1818
6695.0,3784,0,0,0,6.027602595841098,16.549154334038054,2651.0432621346754,1826
6696.0,3784,0,0,0,5.991354682797905,16.49154334038055,2651.7516780270644,1841
6697.0,3784,0,0,0,5.965624857306438,16.536997885835095,2652.4621408153516,1842
6698.0,3782,0,0,1,5.940585803332457,16.516922263352722,2653.426256624429,1858
6699.0,3782,0,0,0,5.898189753845354,16.46853516657853,2654.1418233395248,1854
6700.0,3783,0,0,0,5.840437702775878,16.500132170235265,2654.535688117556,1896
6701.0,3783,0,1,1,5.763586933404249,16.436690457309012,2654.5372654423636,1895
6702.0,3782,0,0,1,5.679988361774192,16.47567424643046,2655.186309794692,1931
6703.0,3782,0,0,0,5.628872009222485,16.554732945531466,2655.919372373792,1945
6704.0,3782,0,0,0,5.577767656181059,16.653886832363828,2656.6555039909776,1958
6705.0,3782,0,0,0,5.5309067040049555,16.75039661554733,2657.394694612172,1978
6706.0,3782,0,0,0,5.4939554233643575,16.751454257006873,2658.1362193380946,1966
6707.0,3781,0,0,1,5.464290450093541,16.661200740544828,2659.023886981244,1967
6708.0,3780,0,1,2,5.4274176016173765,16.615608465608467,2659.473582853786,1976
6709.0,3778,0,0,2,5.38807748036085,16.697194282689253,2659.869824018638,1982
6710.0,3775,0,0,3,5.3509479791635775,16.728741721854306,2660.7695540427244,2012
6711.0,3776,0,1,0,5.327223793380908,16.75873940677966,2660.81690985039,2028
6712.0,3777,0,1,0,5.314452627767672,16.800105904156737,2660.8650669310227,2056
6713.0,3778,0,1,0,5.2989947718871395,16.803070407623082,2660.9146312763364,2074
6714.0,3775,0,0,3,5.273110150468522,17.00476821192053,2661.434026930818,2100
6715.0,3775,0,1,1,5.252606115344445,17.02198675496689,2661.5558609362215,2129
6716.0,3776,0,1,0,5.221390116113,17.136917372881356,2661.6105694458643,2144
6717.0,3775,0,0,1,5.178902906680959,17.277350993377482,2661.7231121795107,2156
6718.0,3775,0,0,0,5.148832279831396,17.425165562913907,2662.4885896477313,2181
6719.0,3775,0,0,0,5.109478428749267,17.576688741721853,2663.2573696292243,2210
6720.0,3774,0,1,2,5.065802698681196,17.742448330683626,2662.9575907363196,2225
6721.0,3774,0,0,0,5.0271272813394265,17.87970323264441,2663.731767763697,2241
6722.0,3775,0,1,0,5.009472735904391,18.119205298013245,2663.8015184682044,2276
6723.0,3775,0,1,1,4.979960257048643,18.35814569536424,2663.3328833769297,2300
6724.0,3775,0,0,0,4.960603869474654,18.50596026490066,2664.1115820555433,2314
6725.0,3773,0,0,2,4.925213627786864,18.858468062549694,2664.6569646335565,2335
6726.0,3773,0,1,1,4.8923063200122865,19.157964484495096,2664.6758791497327,2357
6727.0,3771,0,0,2,4.857898845428217,19.408114558472555,2665.9502756842526,2362
6728.0,3770,0,0,1,4.811846652660834,19.60106100795756,2666.946883217081,2383
6729.0,3769,0,0,1,4.75922015487261,19.92677102679756,2667.6312187276862,2406
6730.0,3766,0,0,3,4.699505322952464,20.281200212426977,2668.2041931642902,2426
6731.0,3764,0,0,2,4.662201918405489,20.577842720510095,2668.910755289476,2429
6732.0,3764,0,0,0,4.644937168345704,20.886556854410202,2669.7099613165433,2443
6733.0,3764,0,0,0,4.611589961734736,21.22077577045696,2670.510763541787,2468
6734.0,3763,0,0,1,4.583835379279415,21.57347860749402,2671.184013138387,2491
6735.0,3761,0,1,3,4.5478442867208795,21.91757511300186,2670.936713821228,2506
6736.0,3760,0,0,1,4.513760831813671,22.35372340425532,2671.4948661257768,2536
6737.0,3760,0,0,0,4.496438218470831,22.741755319148936,2672.3028080105037,2542
6738.0,3760,0,1,1,4.464256616657214,23.10904255319149,2672.6486686364933,2553
6739.0,3759,0,0,1,4.439939861813625,23.397712157488694,2673.2211470359084,2564
6740.0,3758,0,0,1,4.40212830078505,23.782331027142096,2674.2809000833386,2575
6741.0,3758,0,0,0,4.3940454935569635,24.268493879723255,2675.0954571028697,2600
6742.0,3757,0,0,1,4.383297001441275,24.602342294383817,2675.7452115118786,2612
6743.0,3757,0,0,0,4.365232554432755,25.086771360127763,2676.5623934635805,2624
6744.0,3755,0,0,2,4.3300764883011436,25.488415446071905,2677.123831354131,2645
6745.0,3755,0,0,0,4.317173964887079,25.93422103861518,2677.9433764553924,2639
6746.0,3755,0,0,0,4.301639980554895,26.42237017310253,2678.7639195257225,2647
6747.0,3754,0,0,1,4.269196968502674,26.831646244006393,2679.241385016377,2660
6748.0,3754,0,0,0,4.246213834442383,27.26132125732552,2680.064706328036,2659
6749.0,3754,0,0,0,4.2210861594935505,27.63372402770378,2680.8892977452397,2663
6750.0,3754,0,0,0,4.197041209976526,28.019179541822055,2681.715978798415,2672
6751.0,3753,0,1,2,4.2435915015916,26.648814281907807,2682.430985559004,2527
6752.0,3753,0,0,0,4.341226209032783,25.41007194244604,2683.24524263679,2426
6753.0,3753,0,0,0,4.4729219285311705,24.63709032773781,2684.0506257968354,2338
6754.0,3753,0,0,0,4.631090164828018,23.930189181987743,2684.8447548714207,2249
6755.0,3753,0,1,1,4.797585321455123,23.334665600852652,2684.8375288882144,2199
6756.0,3752,0,0,1,4.960546843782683,22.736673773987206,2685.3806928985623,2141
6757.0,3752,0,1,1,5.113942926535016,22.27878464818763,2685.6677171359997,2109
6758.0,3751,0,0,1,5.24350608946642,21.983471074380166,2686.158487353955,2091
6759.0,3750,0,0,1,5.340952283361808,21.7104,2686.54752126,2062
6760.0,3750,0,1,1,5.442950371383712,21.509333333333334,2686.4670164787403,2039
6761.0,3749,0,0,1,5.527642580908293,21.280874899973327,2687.074136179945,2023
6762.0,3747,0,0,2,5.585311061694678,21.064851881505206,2687.283868122195,2010
6763.0,3747,0,1,1,5.632480123501035,20.88470776621297,2686.9030076189274,1994
6764.0,3746,0,0,1,5.679406050467681,20.5320341697811,2687.700920750604,1962
6765.0,3746,0,0,0,5.7343371226040345,20.316871329418046,2688.419096307678,1954
6766.0,3746,0,1,1,5.756022370610406,20.108115323011212,2688.636073961499,1959
6767.0,3746,0,0,0,5.785880906865335,19.85798184730379,2689.3505375236386,1928
6768.0,3746,0,0,0,5.79735768803647,19.61345435130806,2690.0643269750763,1910
6769.0,3744,0,0,2,5.819906621566918,19.468482905982906,2691.187438500606,1903
6770.0,3742,0,0,2,5.81739681914995,19.52725815072154,2691.6179756428733,1903
6771.0,3741,0,1,2,5.819459805794435,19.4669874365143,2692.4551676787974,1897
6772.0,3739,0,0,2,5.835363733099041,19.350093607916556,2693.395447358572,1890
6773.0,3737,0,0,2,5.840049169397327,19.307465881723306,2694.3047634092304,1891
6774.0,3735,0,0,2,5.838521880660312,19.27362784471218,2694.923055482699,1890
6775.0,3733,0,0,2,5.8451342374063815,19.351459951781408,2695.732352626833,1897
6776.0,3731,0,0,2,5.860485990903763,19.247118734923614,2695.953514388022,1886
6777.0,3731,0,1,1,5.870811863517406,19.12838381131064,2695.9745842177067,1895
6778.0,3730,0,0,1,5.872798634346102,19.093029490616622,2697.16438027076,1886
6779.0,3729,0,0,1,5.88508152198591,18.98980960042907,2697.9082904533866,1898
6780.0,3728,0,0,1,5.868666102574808,19.130096566523605,2698.469287839902,1912
6781.0,3728,0,0,0,5.851152903795682,19.17972103004292,2699.1807780772056,1918
6782.0,3726,0,0,2,5.8376022824761336,19.201288244766506,2699.8328192304853,1931
6783.0,3726,0,0,0,5.814833207714896,19.147074610842726,2700.548555514791,1927
6784.0,3726,0,0,0,5.781908028224614,19.20155662909286,2701.2672639351626,1926
6785.0,3726,0,1,1,5.761123251185664,19.127482555018787,2701.231292551596,1938
6786.0,3726,0,0,0,5.738666054224084,19.162372517444982,2701.954137394138,1936
6787.0,3724,0,0,2,5.7273164083392825,18.93716433941998,2702.242594530376,1944
6788.0,3724,0,0,0,5.707838548873612,19.022287862513426,2702.9688904451987,1953
6789.0,3723,0,0,1,5.659179417107656,19.08111737845823,2703.647096531947,1970
6790.0,3724,0,1,0,5.6249248727434225,19.025510204081634,2703.6535221050976,1983
6791.0,3724,0,0,0,5.589129033793388,18.997314715359828,2704.389315720932,1998
6792.0,3723,0,0,1,5.539686625097909,19.068493150684933,2704.564042952852,2024
6793.0,3723,0,0,0,5.495837880596877,19.120333064732744,2705.3067778034692,2030
6794.0,3722,0,0,1,5.4458686424008516,19.203922622246104,2706.2253358291214,2052
6795.0,3721,0,0,1,5.383540795822229,19.190271432410643,2707.178529353379,2066
6796.0,3720,0,0,1,5.349124688394332,19.140860215053763,2708.031108082388,2063
6797.0,3720,0,0,0,5.329364365908894,19.115322580645163,2708.785137607237,2064
6798.0,3719,0,1,2,5.304120385051605,19.18096262436139,2708.1860583560474,2072
6799.0,3718,0,0,1,5.273265425418103,19.178052716514255,2708.9106118368913,2078
6800.0,3718,0,0,0,5.2582837015275175,19.249596557288864,2709.6697665632696,2103
6801.0,3717,0,0,1,5.248666543820247,19.278181329028786,2709.9323386434653,2117
6802.0,3716,0,1,2,5.246922267951548,19.357373519913885,2709.1805681756364,2129
6803.0,3716,0,1,1,5.243507833496813,19.3772874058127,2709.01252092758,2155
6804.0,3714,0,0,2,5.219633520828077,19.382337102854066,2709.2564247589594,2162
6805.0,3715,0,1,0,5.2002446626799514,19.32812920592194,2709.2897613702257,2161
6806.0,3713,0,0,2,5.170730498549612,19.41098841906814,2709.630857835382,2163
6807.0,3711,0,1,3,5.126329835478254,19.46348693074643,2709.2423250508778,2176
6808.0,3711,0,0,0,5.0942474736524765,19.57316087308003,2710.0109381914313,2184
6809.0,3711,0,1,1,5.056711803222332,19.77930476960388,2709.998074257191,2203
6810.0,3710,0,1,2,5.017725794146049,20.02345013477089,2709.8167091774603,2227
6811.0,3709,0,1,2,4.96710291343785,20.272849824750608,2710.0451070585036,2252
6812.0,3708,0,1,2,4.945266497126269,20.485436893203882,2709.686024881376,2266
6813.0,3708,0,1,1,4.925543600252437,20.8433117583603,2709.302002638854,2279
6814.0,3705,0,0,3,4.887620073544958,21.123346828609986,2710.487865193863,2285
6815.0,3706,0,1,0,4.877191034364366,21.283864004317323,2710.5394607260127,2296
6816.0,3704,0,1,3,4.849230329576619,21.470302375809936,2710.1493707240725,2280
6817.0,3704,0,1,1,4.82218942090584,21.666036717062635,2709.966653548087,2289
6818.0,3703,0,0,1,4.7944420796612395,21.925735889819066,2710.850156657192,2317
6819.0,3703,0,1,1,4.7610233649922336,22.19065622468269,2710.6204128260683,2329
6820.0,3704,0,1,0,4.723530987789193,22.420356371490282,2710.680232281575,2340
6821.0,3704,0,1,1,4.683671644055073,22.703023758099352,2711.0251933687455,2355
6822.0,3704,0,0,0,4.65747852849614,22.9505939524838,2711.821537417857,2363
6823.0,3704,0,1,1,4.621571961805875,23.14524838012959,2711.753670242364,2364
6824.0,3704,0,0,0,4.596752260451211,23.367170626349893,2712.55448615385,2375
6825.0,3703,0,1,2,4.569975007529193,23.67593842830138,2711.9661608234615,2398
6826.0,3702,0,1,2,4.532941394128272,24.018098325229605,2711.8069556326886,2419
6827.0,3701,0,0,1,4.501192654137948,24.36908943528776,2712.9310584372874,2435
6828.0,3701,0,1,1,4.478563827918249,24.743582815455284,2712.9645645242636,2444
6829.0,3700,0,0,1,4.447009106381506,25.129459459459458,2713.9167139038173,2455
6830.0,3700,0,0,0,4.4297484577689366,25.484324324324323,2714.728973707075,2473
6831.0,3699,0,0,1,4.4190915567834415,25.80264936469316,2715.640803272407,2485
6832.0,3697,0,0,2,4.397642010650989,26.15634298079524,2716.075209075748,2484
6833.0,3697,0,0,0,4.381197041688308,26.470110900730322,2716.889962118297,2478
6834.0,3694,0,0,3,4.343906893140582,26.87628586897672,2717.6092451719956,2507
6835.0,3692,0,0,2,4.3138501446140065,27.344799566630552,2718.4497170061577,2512
6836.0,3692,0,0,0,4.288889715340466,27.65059588299025,2719.2694509052985,2524
6837.0,3692,0,0,0,4.271517049721669,28.075839653304442,2720.0900320377486,2537
6838.0,3691,0,0,1,4.244038763818679,28.50067732321864,2721.072442474235,2550
6839.0,3689,0,0,2,4.196008262388184,29.022499322309567,2721.831812176285,2567
6840.0,3689,0,0,0,4.179541322169854,29.474112225535375,2722.6578247090583,2577
6841.0,3689,0,1,1,4.238712737339247,28.10599078341014,2722.502815739109,2440
6842.0,3689,0,0,0,4.357950292112714,27.19707237733803,2723.3152152541197,2327
6843.0,3689,0,0,0,4.497209572215513,26.486039577121172,2724.117983877288,2254
6844.0,3687,0,0,2,4.642321781817821,25.87794955248169,2725.0327339816163,2192
6845.0,3687,0,0,0,4.812441626743962,25.363710333604555,2725.8133328771005,2149
6846.0,3685,0,0,2,4.951975442588453,24.87462686567164,2726.5270803802814,2092
6847.0,3686,0,1,0,5.093662581243853,24.44872490504612,2726.5476220055093,2072
6848.0,3684,0,0,2,5.22280695024105,24.115363735070577,2727.303415590641,2040
6849.0,3684,0,0,0,5.3514259835399525,23.88246471226927,2728.0471384378684,2021
6850.0,3684,0,1,1,5.460815340322679,23.70928338762215,2728.085277096457,2001
6851.0,3684,0,0,0,5.546999976079118,23.59744842562432,2728.8170348723756,1993
6852.0,3682,0,0,2,5.612577748925603,23.425040738728953,2729.4295646287364,1965
6853.0,3681,0,0,1,5.6841404852829855,23.20157565878837,2730.0437794494133,1932
6854.0,3682,0,1,0,5.737875740010167,22.89027702335687,2730.022093113641,1939
6855.0,3678,0,0,4,5.764332763451634,22.696030451332245,2730.536823318215,1919
6856.0,3677,0,1,2,5.799732296281185,22.624966004895295,2730.1304808646823,1905
6857.0,3676,0,0,1,5.836091529218727,22.45348204570185,2731.0586347249764,1896
6858.0,3675,0,0,1,5.860889954072996,22.269659863945577,2731.6545716948135,1876
6859.0,3672,0,0,3,5.865210544996485,22.174836601307188,2731.737618314831,1865
6860.0,3673,0,1,0,5.874945124678222,21.99727742989382,2731.703861460118,1857
6861.0,3672,0,0,1,5.893040376023927,21.830337690631808,2732.1732104081702,1848
6862.0,3671,0,0,1,5.881771883090599,21.757559248161265,2732.6393229974124,1847
6863.0,3671,0,0,0,5.888104690528403,21.471533642059384,2733.348948262732,1837
6864.0,3671,0,0,0,5.893646819057075,21.26150912557886,2734.0579386409777,1839
6865.0,3670,0,1,1,5.8953133317546556,21.049046321525886,2733.4509441363575,1836
6866.0,3669,0,0,1,5.90486155436712,20.557917688743526,2733.85282089854,1809
6867.0,3668,0,0,1,5.898958015131829,20.27998909487459,2734.7239527892407,1819
6868.0,3668,0,0,0,5.8799993777036486,20.027262813522356,2735.4349833827064,1821
6869.0,3666,0,0,2,5.88065596031232,19.874795417348608,2736.1154857254737,1825
6870.0,3665,0,0,1,5.862301502949528,19.730968622100956,2736.841695677911,1820
6871.0,3666,0,0,0,5.833695393668494,19.47163120567376,2738.1267178002295,1820
6872.0,3662,0,0,4,5.811491266529599,19.14582195521573,2739.707050580656,1812
6873.0,3661,0,0,1,5.803885069794576,19.051352089593006,2740.847977732884,1819
6874.0,3660,0,0,1,5.7872417692889275,18.871584699453553,2741.2506759848693,1831
6875.0,3657,0,0,3,5.75402530898859,18.802843861088324,2741.83771954579,1831
6876.0,3657,0,1,1,5.734526087816108,18.69729286300246,2741.75001112767,1838
6877.0,3655,0,0,2,5.691508724279077,18.664295485636114,2742.439302176013,1852
6878.0,3652,0,0,3,5.661169144273975,18.576396495071194,2742.336098061103,1854
6879.0,3651,0,0,1,5.628300623149767,18.501506436592713,2743.0026316044455,1874
6880.0,3650,0,0,1,5.588456464232265,18.52191780821918,2743.699705060495,1876
6881.0,3648,0,0,2,5.5117977555417434,18.44873903508772,2744.7607988572827,1893
6882.0,3647,0,0,1,5.455753631589893,18.37400603235536,2745.5095437521522,1909
6883.0,3645,0,0,2,5.399009288030166,18.086694101508915,2745.964037550751,1913
6884.0,3645,0,1,1,5.339565546164417,17.96241426611797,2745.866197078739,1915
6885.0,3643,0,0,2,5.2842657276449945,18.0082349711776,2747.009897486865,1942
6886.0,3642,0,0,1,5.246368229048716,17.860241625480505,2748.033416944233,1926
6887.0,3640,0,0,2,5.206857013086139,17.69423076923077,2748.960438441247,1934
6888.0,3637,0,0,3,5.146469628718396,17.596920538905692,2748.786479584324,1948
6889.0,3634,0,0,3,5.0949694104101235,17.62465602641717,2749.322736956781,1973
6890.0,3633,0,0,1,5.048058961469842,17.631434076520783,2749.845628544318,2001
6891.0,3631,0,0,2,4.998830211139961,17.758193335169373,2750.665179330171,2013
6892.0,3631,0,1,1,4.976611998361487,17.771137427705867,2750.868574448045,2035
6893.0,3628,0,1,4,4.93111849015047,17.80843439911797,2750.7166821934675,2057
6894.0,3628,0,0,0,4.926905194189571,17.577728776185225,2751.4935877054104,2058
6895.0,3627,0,0,1,4.918408084878628,17.71298593879239,2752.2415951396342,2077
6896.0,3625,0,0,2,4.8914036543812385,17.79310344827586,2752.8831041909666,2093
6897.0,3626,0,1,0,4.872540597311852,18.036127964699393,2752.9051985271276,2120
6898.0,3625,0,0,1,4.841688998152639,18.278344827586206,2753.623700820405,2150
6899.0,3624,0,0,1,4.815828230047193,18.38300220750552,2754.411144284314,2158
6900.0,3624,0,1,1,4.769327848005519,18.626931567328917,2754.258364985965,2183
6901.0,3624,0,0,0,4.743193993138731,18.846854304635762,2755.048452826877,2195
6902.0,3624,0,0,0,4.723487046902993,19.071192052980134,2755.8401228605553,2191
6903.0,3624,0,0,0,4.708393299707281,19.29939293598234,2756.633026377979,2221
6904.0,3623,0,1,2,4.675197717055332,19.5926028153464,2756.251263014194,2245
6905.0,3623,0,0,0,4.6660230476764815,19.97653878001656,2757.0467507579933,2267
6906.0,3621,0,1,3,4.6503762585438055,20.312896989781827,2756.0608888082024,2279
6907.0,3619,0,0,2,4.6251739289135925,20.528322741088697,2756.530843783876,2281
6908.0,3618,0,0,1,4.594679012912364,20.823383084577113,2756.69646995017,2288
6909.0,3617,0,0,1,4.571591478250591,21.00359413878905,2757.336805806117,2290
6910.0,3613,0,0,4,4.5106214139421414,21.30750069194575,2757.3262041307344,2305
6911.0,3611,0,0,2,4.469816031882807,21.548878427028523,2757.7125885331207,2333
6912.0,3611,0,1,1,4.431804092812623,21.878980891719745,2757.4678127887446,2339
6913.0,3609,0,0,2,4.399777490941696,22.192574120254918,2757.655190876335,2352
6914.0,3606,0,0,3,4.353771351759044,22.471436494731005,2758.3297903104553,2380
6915.0,3605,0,0,1,4.333999772355313,22.660471567267685,2759.2466610842957,2384
6916.0,3605,0,1,1,4.316470398178997,22.88626907073509,2759.4357580278884,2403
6917.0,3605,0,0,0,4.314273969826835,23.315672676837725,2760.2533502609203,2428
6918.0,3605,0,2,2,4.295894989583481,23.694590846047156,2758.8844915127456,2434
6919.0,3605,0,0,0,4.2826304291918635,24.001664355062413,2759.703900979832,2444
6920.0,3605,0,0,0,4.263810988729035,24.324549237170597,2760.5256545223,2455
6921.0,3605,0,0,0,4.239036617650541,24.767267683772538,2761.3495833935735,2477
6922.0,3605,0,0,0,4.236657664344064,25.186962552011096,2762.174686378695,2475
6923.0,3604,0,0,1,4.2232032528830405,25.62930077691454,2762.842092656756,2484
6924.0,3601,0,0,3,4.199766815055084,25.991113579561233,2763.0106304115193,2511
6925.0,3601,0,0,0,4.1843859271016095,26.456262149402942,2763.8388853807214,2529
6926.0,3598,0,1,4,4.167057894624397,26.9585881045025,2763.227340689829,2535
6927.0,3596,0,0,2,4.1473327017483825,27.43325917686318,2763.8060970756756,2541
6928.0,3594,0,0,2,4.127863840658244,27.985809682804675,2764.379339363559,2568
6929.0,3590,0,0,4,4.107521387383746,28.518105849582174,2765.1631831352356,2569
6930.0,3589,0,0,1,4.079033751511988,29.01866815268877,2765.971021874374,2571
6931.0,3586,0,0,3,4.13837846322903,27.45761293920803,2767.2138282715296,2420
6932.0,3585,0,1,2,4.226485038715178,26.478940027894,2767.1317171886235,2332
6933.0,3585,0,0,0,4.354717596298706,25.830683403068342,2767.945631736465,2262
6934.0,3584,0,0,1,4.509447692317382,25.182756696428573,2768.6691892991266,2203
6935.0,3583,0,0,1,4.687336329373577,24.628244487859337,2769.425709075202,2148
6936.0,3581,0,1,3,4.844118907857548,24.158894163641442,2769.019668832837,2094
6937.0,3580,0,0,1,4.974134674731122,23.906424581005588,2769.263412228232,2070
6938.0,3579,0,0,1,5.111662454680514,23.599050013970384,2770.0403324022514,2016
6939.0,3579,0,1,1,5.2369218987011745,23.305113160100586,2770.148233630879,1986
6940.0,3579,0,0,0,5.338210050914115,23.011455713886562,2770.894311125872,1943
6941.0,3579,0,0,0,5.418567756133407,22.82034087734004,2771.6351157402373,1914
6942.0,3579,0,0,0,5.488211252844868,22.639564124057,2772.370902447369,1905
6943.0,3580,0,1,0,5.550108599213045,22.54608938547486,2772.3276785084254,1909
6944.0,3579,0,0,1,5.61259471777379,22.39815590947192,2773.0566406700336,1889
6945.0,3579,0,1,1,5.6462571612049794,22.250069851913942,2773.0665306916217,1899
6946.0,3579,0,0,0,5.664126929995911,22.008102822017324,2773.7890291838357,1879
6947.0,3580,0,1,0,5.6858623180889705,21.84804469273743,2773.7344977002263,1869
6948.0,3580,0,0,0,5.688033529016475,21.856983240223464,2774.4542437543605,1859
6949.0,3579,0,0,1,5.730087257769922,21.8678401788209,2775.3645009329034,1865
6950.0,3579,0,0,0,5.774756400843308,21.875663593182452,2776.07811634736,1859
6951.0,3580,0,1,0,5.796584229111959,21.79385474860335,2776.0144099241998,1851
6952.0,3579,0,0,1,5.796576532384679,21.65353450684549,2776.386221870207,1832
6953.0,3579,0,0,0,5.790956053693121,21.634255378597373,2777.0983670672895,1827
6954.0,3579,0,0,0,5.780435816224809,21.570829840737638,2777.81106613156,1817
6955.0,3578,0,0,1,5.7692822838518545,21.521520402459476,2778.406994732358,1817
6956.0,3577,0,0,1,5.761883241802511,21.27285434721834,2779.1733760152374,1816
6957.0,3577,0,0,0,5.758699731905796,21.099245177523063,2779.886799891561,1821
6958.0,3578,0,1,0,5.737213841765469,21.041643376187814,2779.8241250874394,1827
6959.0,3578,0,0,0,5.735641676782715,20.908328675237563,2780.5390445096323,1817
6960.0,3578,0,0,0,5.705402090816732,20.80631637786473,2781.2556454353166,1809
6961.0,3576,0,0,2,5.694848373554618,20.740212527964207,2782.041499509181,1788
6962.0,3575,0,0,1,5.679385055728392,20.685594405594404,2782.8080518283336,1799
6963.0,3574,0,0,1,5.665723946862949,20.7011751538892,2783.570333627186,1803
6964.0,3571,0,0,2,5.65313831306204,20.546625595071408,2783.8814236663206,1810
6965.0,3570,0,0,1,5.63751064752224,20.33221288515406,2784.5492263765705,1802
6966.0,3570,0,1,1,5.597342138135828,20.189075630252102,2784.431761303898,1826
6967.0,3567,0,0,3,5.566805791754206,19.9932716568545,2785.1605219586513,1828
6968.0,3566,0,0,1,5.538864314187246,19.844083006169377,2785.9852332941377,1829
6969.0,3564,0,0,2,5.514529226641155,19.79517396184063,2786.848079843331,1835
6970.0,3563,0,0,1,5.497515114072093,19.731406118439516,2787.0304571740735,1841
6971.0,3561,0,0,2,5.463567704951628,19.59898904802022,2787.3520671552506,1837
6972.0,3562,0,0,0,5.436486669051474,19.54576080853453,2788.6586781396986,1852
6973.0,3561,0,0,1,5.393079597936763,19.524571749508564,2789.2445163637553,1859
6974.0,3559,0,0,2,5.362260702226022,19.602416409103682,2789.335380733092,1869
6975.0,3558,0,1,2,5.305932626921146,19.655424395727938,2789.527863352964,1878
6976.0,3557,0,0,1,5.283553968396989,19.39583919032893,2790.1164111921157,1862
6977.0,3555,0,0,2,5.262054712417664,19.31026722925457,2790.5493893358585,1884
6978.0,3554,0,0,1,5.223986350514537,19.29544175576815,2791.2736384151876,1906
6979.0,3553,0,0,1,5.195531563507246,19.256121587390936,2792.219222534728,1936
6980.0,3553,0,0,0,5.161316891873342,19.26625386996904,2792.9787241433833,1952
6981.0,3553,0,1,1,5.117774849464385,19.335209681958908,2792.4240034790864,1984
6982.0,3553,0,0,0,5.108173075899205,19.45201238390093,2793.1876327692326,1994
6983.0,3553,0,1,1,5.0829828912726684,19.6524064171123,2793.280880158204,2018
6984.0,3553,0,0,0,5.06969519504419,19.71967351533915,2794.0475563895766,2023
6985.0,3553,0,1,1,5.039483781039304,19.917534477905996,2793.938966444386,2034
6986.0,3552,0,0,1,5.026611603762586,20.03490990990991,2794.530658579874,2057
6987.0,3551,0,0,1,5.01527454300999,20.143058293438468,2794.609370979119,2073
6988.0,3550,0,1,2,5.007233650338109,20.18394366197183,2794.917996318251,2082
6989.0,3548,0,0,2,4.9574336914053605,20.24013528748591,2795.4502592669733,2086
6990.0,3545,0,0,3,4.911193453494721,20.403667136812413,2796.5807199143924,2103
6991.0,3543,0,1,3,4.862125959820052,20.531752751905167,2796.0831873392535,2113
6992.0,3542,0,0,1,4.826919513147665,20.629023150762283,2796.8102702077263,2134
6993.0,3541,0,1,2,4.813310689805647,20.72832533182717,2796.2889336516514,2143
6994.0,3539,0,0,2,4.803777290856918,20.866346425543938,2796.6123186639925,2162
6995.0,3539,0,1,1,4.784394019472209,21.063577281718,2796.7641979703844,2177
6996.0,3536,0,0,3,4.7454271137884705,21.17816742081448,2797.4331366726265,2170
6997.0,3536,0,1,1,4.722312441454558,21.45079185520362,2797.4200511630934,2181
6998.0,3532,0,1,4,4.660570111112056,21.50736126840317,2797.0468772661684,2180
6999.0,3530,0,0,2,4.614940441978523,21.695467422096318,2797.8683651144133,2197
7000.0,3529,0,1,2,4.56874562127718,21.907622555964863,2797.789497572759,2208
7001.0,3527,0,0,2,4.514026001374748,22.103770910121916,2798.992597691009,2229
7002.0,3528,0,1,0,4.484599810542388,22.332482993197278,2799.000469961561,2256
7003.0,3527,0,0,1,4.4340170134326415,22.586333994896513,2800.1339667891643,2277
7004.0,3527,0,1,0,4.409780663420407,22.725829316699745,2800.5445349732895,2285
7005.0,3528,0,1,0,4.388755344811183,22.993197278911566,2800.55960932963,2303
7006.0,3526,0,0,2,4.354731963615004,23.379466817923994,2801.2366400074043,2320
7007.0,3525,0,0,1,4.33397324606884,23.74382978723404,2801.9767919789197,2330
7008.0,3525,0,0,0,4.336186955963482,23.89673758865248,2802.7886602339277,2324
7009.0,3523,0,0,2,4.318911861555765,24.029236446210614,2802.8900762020457,2329
7010.0,3522,0,0,1,4.315582335794031,24.17206132879046,2803.4763772235765,2330
7011.0,3521,0,0,1,4.294538150382607,24.56006816245385,2804.1364598840196,2347
7012.0,3520,0,0,1,4.28312622546282,24.953125,2805.188810434642,2360
7013.0,3520,0,0,0,4.2916424473213315,25.055965909090908,2806.0047203138583,2356
7014.0,3519,0,0,2,4.266518607729992,25.474566638249502,2806.2143186220446,2376
7015.0,3519,0,0,0,4.23986849926457,25.932935493037796,2807.033228149606,2404
7016.0,3518,0,0,1,4.218782411692261,26.268050028425243,2807.6940705069173,2411
7017.0,3517,0,0,1,4.198528882174061,26.584020471993178,2808.775401291361,2421
7018.0,3517,0,0,0,4.1760845965414335,26.89110036963321,2809.5984020351807,2441
7019.0,3515,0,0,2,4.14233058497039,27.16415362731152,2809.5818920269126,2448
7020.0,3515,0,0,0,4.113742772386926,27.47908961593172,2810.4086878967832,2465
7021.0,3514,0,0,1,4.152052223484404,25.792544109277177,2810.9919259089015,2321
7022.0,3514,0,0,0,4.247521687820604,24.738190096755833,2811.8081920069417,2213
7023.0,3514,0,0,0,4.364896657306828,23.974957313602733,2812.615970027237,2166
7024.0,3516,0,3,1,4.516421612393303,23.225540386803186,2810.385773406442,2083
7025.0,3515,0,0,1,4.6792674892056905,22.65348506401138,2811.079191200391,2050
7026.0,3515,0,0,0,4.863465842668049,22.16642958748222,2811.852452509379,2005
7027.0,3514,0,0,1,5.035844021847654,21.76750142287991,2812.61354778721,1958
7028.0,3514,0,0,0,5.162702281143643,21.509675583380762,2813.366414033349,1938
7029.0,3513,0,1,2,5.276948359723851,21.25220609165955,2813.0501450925394,1921
7030.0,3512,0,0,1,5.356733388168546,20.96753986332574,2813.1226085344906,1914
7031.0,3512,0,1,1,5.432984256481662,20.515375854214124,2812.943668173818,1886
7032.0,3511,0,0,1,5.498129314828208,20.33864995727713,2813.4826405647796,1896
7033.0,3510,0,0,1,5.564086486671067,20.16809116809117,2813.921652300689,1878
7034.0,3510,0,1,1,5.639031679404764,19.94074074074074,2813.608460346174,1858
7035.0,3510,0,0,0,5.686440796984391,19.817378917378917,2814.3261564042264,1845
7036.0,3508,0,0,2,5.735016313811646,19.51539338654504,2814.8610087212464,1817
7037.0,3508,0,0,0,5.762802644850715,19.368871151653362,2815.5731343538678,1816
7038.0,3506,0,1,3,5.772639333985767,19.12093553907587,2815.7796500697295,1808
7039.0,3504,0,0,2,5.782048621717982,19.040239726027398,2816.9416996805194,1794
7040.0,3504,0,1,1,5.793936588584196,18.92722602739726,2816.756322455678,1785
7041.0,3500,0,0,4,5.791466608271327,18.84,2817.7827778299575,1781
7042.0,3499,0,0,1,5.787945843122947,18.714775650185768,2818.5845738578096,1774
7043.0,3500,0,1,0,5.79685396035598,18.493142857142857,2818.4884033149815,1750
7044.0,3498,0,0,2,5.802508515281568,18.392510005717554,2819.1395313718335,1733
7045.0,3498,0,0,0,5.803725465846514,18.331903945111492,2819.8485784039567,1740
7046.0,3496,0,0,2,5.815736860824322,18.251144164759726,2820.9969576668727,1734
7047.0,3496,0,0,0,5.801351922529674,17.97454233409611,2821.707054902102,1729
7048.0,3494,0,0,2,5.791322313178043,17.88122495706926,2822.566074660049,1739
7049.0,3494,0,1,1,5.7981430844266635,17.78878076702919,2822.561457352224,1746
7050.0,3489,0,0,5,5.766363804588743,17.774433935224994,2823.6058548804194,1732
7051.0,3489,0,0,0,5.753868116871439,17.669246202350244,2824.3212054675923,1741
7052.0,3489,0,0,0,5.733476118685392,17.66895958727429,2825.038669053477,1734
7053.0,3487,0,0,2,5.683930936591354,17.59535417264124,2825.8945936046393,1738
7054.0,3485,0,0,2,5.652590788074595,17.445911047345767,2826.499245776444,1728
7055.0,3483,0,0,2,5.627003857894509,17.24404249210451,2827.089407884427,1737
7056.0,3483,0,0,0,5.597050965910179,17.17829457364341,2827.8161699360007,1744
7057.0,3482,0,0,1,5.57685509554188,17.01263641585296,2828.5268225762934,1738
7058.0,3482,0,1,1,5.522250932806004,17.010338885697873,2828.4459410770587,1753
7059.0,3481,0,0,1,5.471709414595237,16.848893995978166,2829.3555515716007,1760
7060.0,3481,0,0,0,5.405383605269965,16.81183567940247,2830.09453441412,1750
7061.0,3479,0,0,2,5.341281596351336,16.80626616843921,2830.870153562388,1783
7062.0,3476,0,0,3,5.257552765338958,16.96403912543153,2830.4698659799024,1815
7063.0,3476,0,0,0,5.204868255649725,16.93958573072497,2831.2219626396736,1827
7064.0,3475,0,0,1,5.133907875675835,16.98906474820144,2831.308838217341,1845
7065.0,3475,0,1,1,5.081747107166686,17.03769784172662,2831.2857537666837,1864
7066.0,3473,0,0,2,5.028475446015673,16.982435934350704,2831.4889191140455,1879
7067.0,3472,0,0,1,4.981532779749114,16.847638248847925,2832.499079680279,1884
7068.0,3471,0,0,1,4.9608823650651885,16.848170556035726,2833.1680684654307,1890
7069.0,3469,0,0,2,4.952653480961231,16.837128855577976,2834.0557111794847,1888
7070.0,3469,0,1,1,4.937037620035852,16.86941481695013,2833.8605340976806,1918
7071.0,3467,0,0,2,4.905926960935559,16.92039226997404,2834.6157160065227,1918
7072.0,3465,0,0,2,4.878009254714267,16.900721500721502,2835.433210028602,1927
7073.0,3460,0,0,5,4.8236319000069585,16.82976878612717,2836.0143338745493,1931
7074.0,3461,0,1,0,4.804754148239769,16.8832707310026,2835.9705946318904,1964
7075.0,3459,0,0,2,4.782832838081793,17.038450419196298,2836.6960868723877,1990
7076.0,3456,0,0,3,4.749181163983321,17.21585648148148,2836.8728438209832,2009
7077.0,3457,0,1,0,4.7101178546561,17.314145212612093,2836.834472687514,2018
7078.0,3455,0,0,2,4.669401042564062,17.465991316931984,2837.5418662897073,2044
7079.0,3454,0,0,1,4.639337753555828,17.702374059061956,2838.745613299753,2063
7080.0,3452,0,0,2,4.609194352683898,17.91396292004635,2839.1821560181656,2086
7081.0,3452,0,1,1,4.570852650167005,18.1265932792584,2838.7207494107424,2094
7082.0,3453,0,1,0,4.539296054407141,18.373298580944105,2838.6909785550083,2120
7083.0,3452,0,0,1,4.503358476028874,18.607763615295482,2839.8334687208635,2155
7084.0,3450,0,0,2,4.483440165634954,18.819130434782608,2840.76233547518,2157
7085.0,3450,0,1,1,4.478829690022364,18.99304347826087,2840.6413097581817,2176
7086.0,3449,0,0,1,4.457784629852084,19.177442737025224,2841.3774665473657,2176
7087.0,3449,0,0,0,4.446192456800782,19.353725717599303,2842.1763346439147,2176
7088.0,3447,0,0,2,4.409875682376557,19.57412242529736,2842.8577301681466,2194
7089.0,3449,0,1,0,4.381547054030851,19.80806030733546,2842.3903219932445,2206
7090.0,3448,0,0,1,4.333948492396512,20.074825986078885,2843.0501766986026,2225
7091.0,3446,0,0,2,4.293101498852688,20.313406848520025,2843.3643924093617,2222
7092.0,3446,0,0,0,4.279863810922198,20.632327336041786,2844.174462905478,2250
7093.0,3444,0,0,2,4.2659364133901905,20.851626016260163,2844.665126558954,2243
7094.0,3442,0,0,2,4.283661085477636,21.038640325392215,2844.879234283139,2251
7095.0,3442,0,0,0,4.286334241966423,21.334108076699593,2845.690221306233,2253
7096.0,3441,0,0,1,4.281179926729525,21.682941005521652,2846.8049574943634,2268
7097.0,3441,0,1,1,4.283017012817699,22.077012496367335,2846.569025726099,2282
7098.0,3439,0,0,2,4.267657320962229,22.391683628961907,2846.924613000063,2278
7099.0,3439,0,1,1,4.249586115212692,22.831637103809246,2847.0358313400534,2300
7100.0,3438,0,0,1,4.230339647299475,23.27021524141943,2847.657745394731,2307
7101.0,3437,0,0,1,4.190907032867769,23.713703811463485,2848.194074610575,2317
7102.0,3437,0,1,1,4.155409753901528,24.079429735234214,2848.038399090523,2335
7103.0,3435,0,0,2,4.108743546731702,24.587190684133915,2848.5628538322458,2346
7104.0,3435,0,0,0,4.08438698965209,25.10509461426492,2849.3869583346054,2371
7105.0,3433,0,0,2,4.063328526536613,25.62540052432275,2849.9875646478786,2384
7106.0,3433,0,0,0,4.0638250452183176,26.16050101951646,2850.8131061592053,2403
7107.0,3432,0,0,1,4.056468971335778,26.679195804195803,2850.999081837021,2403
7108.0,3432,0,0,0,4.034415869251702,27.19988344988345,2851.8269353510723,2406
7109.0,3431,0,0,1,4.017615711684578,27.625473622850482,2852.9827990509216,2415
7110.0,3431,0,0,0,3.987268175252417,27.925386184785776,2853.813654279336,2416
7111.0,3432,0,1,0,4.036630674357501,26.440850815850816,2853.8087907120594,2285
7112.0,3432,0,1,1,4.13278351127155,25.469114219114218,2853.53959965939,2193
7113.0,3431,0,0,1,4.267979090090301,24.807053337219468,2854.31527683738,2125
7114.0,3430,0,0,1,4.441684972270094,24.142565597667637,2854.919348180604,2071
7115.0,3430,0,0,0,4.6319945575172845,23.632069970845482,2855.7036439243943,2018
7116.0,3430,0,0,0,4.821566465957653,23.11720116618076,2856.4761077866674,1964
7117.0,3431,0,1,0,4.993255180146518,22.725153016613234,2856.4044981692564,1923
7118.0,3431,0,0,0,5.146414465603761,22.36898863305159,2857.1556805439877,1894
7119.0,3431,0,0,0,5.259395387959519,22.024774118332846,2857.8992202473282,1869
7120.0,3431,0,1,1,5.369557061290677,21.642961235791315,2857.4456815608255,1828
7121.0,3430,0,0,1,5.423770130237226,21.46880466472303,2858.349692013096,1829
7122.0,3430,0,0,0,5.458373336234397,21.187755102040818,2859.078501046152,1808
7123.0,3428,0,0,2,5.480724394488353,20.960035005834307,2860.151609509316,1812
7124.0,3428,0,1,1,5.509209019496704,20.749416569428238,2859.9729737056505,1796
7125.0,3426,0,0,2,5.5348908846699345,20.540863981319323,2860.664408444149,1797
7126.0,3425,0,1,2,5.552250507667977,20.325839416058393,2860.0483336631664,1797
7127.0,3425,0,0,0,5.565322923228448,20.201751824817517,2860.7690817903394,1803
7128.0,3425,0,1,1,5.553441438742907,19.99182481751825,2860.599833443691,1803
7129.0,3425,0,0,0,5.557859379303065,19.85985401459854,2861.3198749130734,1818
7130.0,3425,0,0,0,5.556209134873013,19.793868613138685,2862.040176241931,1828
7131.0,3425,0,1,1,5.55123486149806,19.675036496350366,2861.7501271870988,1829
7132.0,3425,0,0,0,5.537988578527679,19.69985401459854,2862.4710183723064,1834
7133.0,3424,0,0,1,5.5195246923346,19.651869158878505,2863.5023096429723,1827
7134.0,3424,0,1,1,5.489457465975647,19.598130841121495,2863.6811534762123,1817
7135.0,3422,0,0,2,5.4684080584542,19.504091174751608,2864.2079712452955,1824
7136.0,3421,0,0,1,5.449612087767551,19.44840689856767,2865.2253976744228,1823
7137.0,3421,0,0,0,5.431725635357459,19.37152879275066,2865.9532998028885,1816
7138.0,3420,0,0,1,5.420402813042065,19.35,2866.7513797804595,1824
7139.0,3419,0,0,1,5.426363566577276,19.222579701667154,2867.8731083027055,1825
7140.0,3419,0,1,1,5.415639047834706,19.1357121965487,2867.9099018100874,1832
7141.0,3419,0,0,0,5.402756573326649,18.953202690845277,2868.6418557674997,1819
7142.0,3418,0,0,1,5.402433852147219,18.883557636044472,2869.5482073796366,1820
7143.0,3416,0,0,2,5.375378938953318,18.82201405152225,2870.117277166758,1826
7144.0,3416,0,0,0,5.351291096858292,18.767564402810304,2870.853235994699,1828
7145.0,3415,0,0,1,5.325161959668424,18.655051244509515,2871.5459372573446,1822
7146.0,3415,0,0,0,5.2876465201861125,18.677598828696926,2872.286470247164,1829
7147.0,3415,0,1,1,5.249526956087093,18.708931185944362,2872.3958443267134,1849
7148.0,3413,0,0,2,5.206162768272538,18.742748315265164,2873.3715849095183,1851
7149.0,3412,0,0,1,5.174898653353049,18.720691676436108,2874.356109506151,1870
7150.0,3410,0,0,2,5.122727688699506,18.721114369501468,2875.14685712874,1866
7151.0,3410,0,0,0,5.0774852623232745,18.85483870967742,2875.902411781095,1890
7152.0,3410,0,0,0,5.025355890725186,18.990322580645163,2876.6606900118427,1903
7153.0,3409,0,0,1,4.992071955371211,19.15400410677618,2877.410380677051,1918
7154.0,3409,0,1,1,4.94259301695108,19.27310061601643,2876.7990617955943,1933
7155.0,3409,0,0,0,4.891910451047814,19.480492813141684,2877.5659863832643,1964
7156.0,3407,0,0,2,4.828055205617456,19.592016436747873,2878.364312225198,1962
7157.0,3407,0,0,0,4.778653841108787,19.649251540945112,2879.1388617898424,1970
7158.0,3405,0,0,2,4.745142420393062,19.726578560939796,2879.9437278632063,1988
7159.0,3404,0,0,1,4.722867549290432,19.805522914218567,2880.8720393799294,2000
7160.0,3404,0,1,0,4.686625103150761,19.747943595769684,2881.294124042688,2014
7161.0,3402,0,0,2,4.682709819040657,19.69488536155203,2882.201238585731,2018
7162.0,3402,0,0,0,4.6841006511968795,19.790123456790123,2882.982559926425,2033
7163.0,3402,0,2,2,4.655262332518773,19.867724867724867,2881.413921985408,2046
7164.0,3401,0,0,1,4.637435195593977,20.076448103498972,2882.0089775675233,2060
7165.0,3400,0,0,1,4.6009880148018,20.277941176470588,2882.5622987932325,2079
7166.0,3400,0,1,1,4.56389808261643,20.410588235294117,2882.2128131246554,2087
7167.0,3402,0,1,0,4.526546954117483,20.576425631981188,2881.6667610441264,2116
7168.0,3401,0,0,1,4.478776833888246,20.691855336665686,2882.3407811100515,2134
7169.0,3403,0,2,0,4.442062648663742,20.701439905965326,2881.440562924588,2142
7170.0,3402,0,0,1,4.4061929140499,20.732804232804234,2881.465580091969,2172
7171.0,3402,0,2,2,4.375660605008637,20.819223985890652,2880.0813095951853,2185
7172.0,3403,0,1,0,4.369635369715705,20.853070819864826,2880.033254961985,2172
7173.0,3400,0,0,3,4.318486668200824,20.881470588235295,2880.476444704287,2187
7174.0,3399,0,0,1,4.283770053916435,20.902912621359224,2880.994864217827,2201
7175.0,3399,0,2,2,4.2467910623958804,20.998823183289204,2880.1206023289587,2224
7176.0,3397,0,0,1,4.2061527401518175,21.130409184574624,2881.2799611542932,2228
7177.0,3398,0,2,1,4.181714327199013,21.176868746321365,2880.1418254370437,2241
7178.0,3397,0,0,1,4.1506251457174015,21.233441271710333,2880.892162155619,2239
7179.0,3398,0,1,0,4.141277121630522,21.284579164214243,2880.8570606126937,2232
7180.0,3398,0,0,0,4.141534962058079,21.568569746909947,2881.6706125191595,2238
7181.0,3399,0,1,0,4.1197418454701085,21.81847602235952,2881.6375482918293,2251
7182.0,3399,0,1,1,4.102200343949348,22.129744042365402,2880.8627774864804,2274
7183.0,3398,0,0,1,4.069338548781045,22.339022954679223,2881.129611906563,2282
7184.0,3398,0,0,0,4.055037320745874,22.622719246615656,2881.949018331926,2295
7185.0,3398,0,0,0,4.053664946298235,22.937610359034725,2882.76871935906,2310
7186.0,3397,0,2,3,4.019528616258154,23.17927583161613,2881.5888968383533,2320
7187.0,3397,0,0,0,4.0053371996510245,23.514866058286724,2882.4121993547265,2338
7188.0,3397,0,0,0,3.997368429436848,23.85575507801001,2883.236084553657,2339
7189.0,3397,0,0,0,3.980064767104509,24.13865175154548,2884.061722197811,2343
7190.0,3397,0,0,0,3.9651119812967375,24.4945540182514,2884.8885884890497,2363
7191.0,3397,0,0,0,3.962944421289841,24.7833382396232,2885.715227046696,2367
7192.0,3397,0,0,0,3.9489261886120977,25.194289078598764,2886.5430828872754,2376
7193.0,3397,0,0,0,3.939621134500634,25.480718280836033,2887.371705116648,2379
7194.0,3395,0,0,2,3.9233471590849147,25.91281296023564,2888.217231505332,2393
7195.0,3394,0,0,1,3.8888375495928025,26.303476723629934,2889.2970803411085,2405
7196.0,3394,0,0,0,3.8734478912462498,26.74690630524455,2890.1289912866623,2419
7197.0,3394,0,0,0,3.860201917607232,27.218621096051855,2890.9627176751974,2423
7198.0,3393,0,0,1,3.822031034017932,27.69171824344238,2892.126703434551,2429
7199.0,3390,0,0,3,3.7805147529438403,28.12448377581121,2892.5873106967933,2442
7200.0,3389,0,0,1,3.7389688466220603,28.59221009147241,2892.8153159294643,2450
7201.0,3389,0,1,0,3.8162379833702573,27.072882856299792,2893.291037567963,2312
7202.0,3389,0,0,0,3.9359988586764265,26.056358807907937,2894.1171832617524,2199
7203.0,3389,0,0,1,4.084311783965155,25.269401003245797,2894.537771219072,2106
7204.0,3389,0,0,0,4.245148897378734,24.59899675420478,2895.34154535208,2045
7205.0,3389,0,0,0,4.431031885654369,23.881971082915314,2896.132008334122,1979
7206.0,3389,0,1,1,4.61825636744452,23.315727353201535,2896.341177351339,1940
7207.0,3389,0,0,0,4.79877060910253,22.833579226910594,2897.1076167110514,1892
7208.0,3387,0,0,2,4.941299970727746,22.412164157071153,2897.394425904381,1877
7209.0,3388,0,1,0,5.0644202915025796,22.159976387249113,2897.2874438666345,1866
7210.0,3389,0,0,0,5.163490952663164,21.87606963706108,2897.5338915796774,1848
7211.0,3388,0,0,1,5.2387754432954035,21.780401416765052,2897.961441413198,1836
7212.0,3388,0,1,1,5.309087097789402,21.644037780401415,2897.6382105075077,1823
7213.0,3388,0,0,0,5.373066828547833,21.493506493506494,2898.366382399724,1806
7214.0,3386,0,0,2,5.4312333205961645,21.23154164205552,2898.930786968713,1787
7215.0,3387,0,1,0,5.47730579368056,21.07528786536758,2898.795491909912,1785
7216.0,3386,0,0,1,5.514706766461586,20.931777909037212,2899.3883393476867,1775
7217.0,3385,0,1,2,5.5312040451145945,20.789955686853766,2898.972441998443,1763
7218.0,3385,0,0,0,5.539473255358848,20.61565731166913,2899.688463077659,1742
7219.0,3384,0,0,1,5.5602718202916295,20.504728132387708,2900.3441642990806,1757
7220.0,3385,0,1,0,5.573044267400588,20.416248153618906,2900.2019966217717,1763
7221.0,3384,0,0,1,5.559029624536035,20.344267139479907,2900.8670306313265,1753
7222.0,3384,0,0,0,5.532908927832483,20.21306146572104,2901.583977473445,1751
7223.0,3384,0,1,1,5.508425350322059,20.12115839243499,2901.4522424840056,1755
7224.0,3384,0,0,0,5.480116125399975,20.080082742316783,2902.1736692258764,1762
7225.0,3383,0,0,1,5.436455297594648,20.0523204256577,2902.6791748630258,1777
7226.0,3383,0,1,1,5.420244071173642,19.78332840673958,2902.282988186066,1760
7227.0,3381,0,0,2,5.390951851527899,19.759834368530022,2902.1919880573923,1775
7228.0,3381,0,0,0,5.379789483563494,19.709849157054126,2902.919426145936,1772
7229.0,3381,0,0,0,5.365785670617608,19.729961549837327,2903.6472057359197,1766
7230.0,3379,0,0,2,5.344465335670976,19.78011245930749,2904.55031664694,1781
7231.0,3379,0,1,1,5.330394877100476,19.839893459603434,2904.664911674879,1788
7232.0,3378,0,0,1,5.312560201772069,19.885435168738898,2905.5698285668223,1796
7233.0,3377,0,0,1,5.28918600043831,19.87651761918863,2906.7590556129667,1789
7234.0,3377,0,0,0,5.269130577689344,19.901984009475868,2907.493527871052,1801
7235.0,3374,0,0,3,5.232878772309169,19.955245998814462,2908.088621728941,1786
7236.0,3373,0,0,1,5.218735424874483,19.962644530091907,2908.946485589197,1797
7237.0,3369,0,0,4,5.189817621656096,20.06500445235975,2909.7536981461044,1807
7238.0,3368,0,0,1,5.174450751273015,20.078978622327792,2910.220712591142,1821
7239.0,3368,0,1,1,5.149059771972618,20.234857482185273,2909.3099259852356,1825
7240.0,3367,0,0,1,5.123527627129957,20.26017226017226,2909.847561733033,1844
7241.0,3365,0,0,2,5.074004391062684,20.366121842496284,2910.196644139421,1857
7242.0,3365,0,0,0,5.0320267481462775,20.388707280832094,2910.9507724673335,1857
7243.0,3365,0,0,0,4.990211115329993,20.587815750371472,2911.7079439362137,1874
7244.0,3365,0,0,0,4.9430765301457225,20.750074294205053,2912.4682715607514,1888
7245.0,3363,0,0,2,4.888329634398336,20.927148379423134,2912.9281393083706,1912
7246.0,3363,0,0,0,4.830213020441506,21.020220041629496,2913.695552374972,1925
7247.0,3362,0,1,2,4.786121137803634,21.036882807852468,2913.2487533650515,1923
7248.0,3360,0,0,2,4.7394447546898855,21.226488095238096,2913.2645254616796,1936
7249.0,3358,0,0,2,4.705872200844594,21.240321620011912,2914.2583284894713,1963
7250.0,3358,0,0,0,4.690365166627206,21.410958904109588,2915.034786669031,1993
7251.0,3356,0,1,3,4.661127144409049,21.643921334922528,2914.6277660857027,2002
7252.0,3354,0,1,3,4.636791041100477,21.72122838401908,2914.561744203759,2009
7253.0,3353,0,0,1,4.62286038261328,21.95884282731882,2915.1719400022776,2024
7254.0,3351,0,1,3,4.590040232144452,22.11608475082065,2915.04491734562,2020
7255.0,3351,0,0,0,4.5647375096128,22.446732318710833,2915.829455803438,2037
7256.0,3351,0,0,0,4.552736257534324,22.8218442256043,2916.6152537508356,2064
7257.0,3352,0,2,1,4.510880307754144,23.10143198090692,2915.6796957883284,2091
7258.0,3351,0,0,1,4.474311588227049,23.29364368845121,2916.4841203509254,2106
7259.0,3352,0,1,0,4.427015372252801,23.579355608591886,2916.407557426776,2139
7260.0,3352,0,1,1,4.3718094768133895,23.920942720763723,2916.345155841922,2158
7261.0,3352,0,0,0,4.335306435655047,24.22255369928401,2917.1450540114233,2177
7262.0,3351,0,0,1,4.302674318647553,24.45270068636228,2917.691665615302,2183
7263.0,3350,0,1,2,4.269680578778045,24.750149253731344,2917.6714907129194,2199
7264.0,3350,0,0,0,4.255755332769448,24.946567164179104,2918.477472076183,2202
7265.0,3348,0,0,2,4.2366032323568685,25.25388291517324,2919.1233785762493,2212
7266.0,3350,0,2,0,4.210670084904115,25.56776119402985,2918.1889013304976,2226
7267.0,3347,0,0,3,4.184301821060208,25.902001792650136,2918.9205352137596,2232
7268.0,3345,0,0,2,4.1523861478187625,26.267563527653213,2919.634106157523,2238
7269.0,3345,0,1,1,4.134961236963526,26.45949177877429,2919.4184668635908,2247
7270.0,3345,0,0,0,4.111711780158524,26.76831091180867,2920.234800533793,2260
7271.0,3345,0,0,0,4.085774876412733,27.04663677130045,2921.0530361766655,2277
7272.0,3346,0,1,0,4.0535676448700455,27.384638374178124,2921.0003736261942,2296
7273.0,3345,0,0,1,4.023531014235236,27.753662182361733,2921.5822969769006,2296
7274.0,3345,0,0,0,3.994400703336939,28.094469357249626,2922.407072891545,2308
7275.0,3345,0,0,0,3.9704618473554354,28.472944693572497,2923.2338148229665,2313
7276.0,3345,0,0,0,3.929678823990787,28.90254110612855,2924.0628876582873,2325
7277.0,3345,0,0,0,3.9053350231009696,29.30373692077728,2924.893513024691,2345
7278.0,3345,0,1,1,3.8605765652116353,29.62511210762332,2924.5056557906087,2343
7279.0,3345,0,0,0,3.8256455161175635,30.006875934230195,2925.340642528351,2345
7280.0,3345,0,1,1,3.7869657478806085,30.32047832585949,2924.724140172127,2354
7281.0,3344,0,0,1,3.7408365974641713,30.70095693779904,2925.3210589221208,2373
7282.0,3343,0,0,1,3.7052222006684117,31.097218067603947,2925.5480127796623,2388
7283.0,3342,0,0,1,3.683831207312705,31.550269299820467,2926.234038611697,2405
7284.0,3341,0,0,1,3.6626776755478057,32.06105956300509,2927.4908465032067,2417
7285.0,3339,0,0,2,3.640474419943271,32.58460616951183,2928.3226777433806,2430
7286.0,3339,0,0,0,3.6274402896056785,33.086253369272235,2929.1688122750384,2441
7287.0,3339,0,0,0,3.6106116261912384,33.5381850853549,2930.016813396791,2441
7288.0,3340,0,1,0,3.5877641301039507,34.02814371257485,2929.9885522239483,2457
7289.0,3340,0,0,0,3.57137853494886,34.36197604790419,2930.839003658087,2450
7290.0,3339,0,0,1,3.5487396340438493,34.884995507637015,2931.4753507494374,2470
7291.0,3340,0,1,0,3.6374119609562854,33.211077844311376,2931.443114047817,2331
7292.0,3341,0,1,0,3.7799171886697613,31.89583956899132,2931.4010377805384,2221
7293.0,3340,0,0,1,3.9499780690668382,31.05119760479042,2932.2131478029855,2148
7294.0,3340,0,0,0,4.138296203173005,30.42005988023952,2933.0244439509256,2092
7295.0,3340,0,1,1,4.32318917539303,29.932335329341317,2932.8733637653118,2043
7296.0,3339,0,0,1,4.517717870257731,29.456424079065588,2933.7109299506205,1996
7297.0,3340,0,1,0,4.69552022840623,29.07365269461078,2933.606771602597,1960
7298.0,3339,0,0,1,4.848190449416811,28.842767295597483,2934.3108097744253,1936
7299.0,3337,0,1,3,4.9593968435438,28.566676655678755,2933.9291088088094,1924
7300.0,3338,0,1,0,5.078426301295801,28.25554224086279,2933.7994095002914,1887
7301.0,3337,0,0,1,5.165565745447994,28.052142643092598,2934.7816124932983,1892
7302.0,3337,0,1,1,5.242360476397132,27.819598441714113,2934.5063340162737,1877
7303.0,3337,0,1,1,5.307222024024324,27.512735990410548,2933.7324065766993,1857
7304.0,3336,0,0,1,5.349341565772813,27.121103117505996,2934.145135142829,1847
7305.0,3335,0,0,1,5.392565720306804,26.631484257871065,2934.6288084177195,1829
7306.0,3335,0,1,1,5.412807510085512,26.161619190404796,2934.1828438894436,1812
7307.0,3335,0,0,0,5.409622056995918,25.916041979010494,2934.9103701267127,1812
7308.0,3335,0,0,0,5.4186983725211935,25.69745127436282,2935.6368410496557,1789
7309.0,3335,0,0,0,5.427258073081068,25.48215892053973,2936.363171819231,1801
7310.0,3335,0,0,0,5.4470836016579804,25.304047976011994,2937.0886278232056,1814
7311.0,3335,0,0,0,5.451856240202571,25.130434782608695,2937.814055513529,1809
7312.0,3332,0,0,3,5.450616632759725,24.86284513805522,2938.632605195545,1795
7313.0,3331,0,0,1,5.45296571206959,24.67457220054038,2938.6253746457282,1785
7314.0,3331,0,1,1,5.440883779468226,24.453017111978387,2938.429505784783,1791
7315.0,3330,0,0,1,5.448039624028614,24.242942942942943,2939.1746281510354,1792
7316.0,3329,0,0,1,5.414464306717322,24.039050765995796,2939.696769657836,1791
7317.0,3329,0,0,0,5.401645253511276,23.909582457194354,2940.4256738517747,1799
7318.0,3328,0,0,1,5.383277109454124,23.787560096153847,2941.293883248269,1811
7319.0,3327,0,0,1,5.3504184635671965,23.74752028854824,2941.864653520212,1826
7320.0,3325,0,0,2,5.305392958092961,23.626165413533833,2942.0993264027775,1836
7321.0,3324,0,0,1,5.26951090199012,23.564981949458485,2942.7352902817397,1853
7322.0,3323,0,0,1,5.225079922699245,23.53596148058983,2943.151412910666,1868
7323.0,3322,0,0,1,5.192071533207996,23.509632751354605,2943.706905191169,1875
7324.0,3321,0,1,2,5.170667633787462,23.407106293285157,2943.6666744960726,1868
7325.0,3321,0,0,0,5.16219497793119,23.313158687142426,2944.411011956645,1859
7326.0,3320,0,0,1,5.140004661001314,23.243674698795182,2945.311621138065,1872
7327.0,3317,0,0,3,5.127277668602341,23.16038589086524,2946.6614344001014,1861
7328.0,3315,0,0,2,5.1161553091077785,23.087179487179487,2947.7236400924417,1874
7329.0,3312,0,0,3,5.077753799361358,23.02173913043478,2947.6715235850625,1883
7330.0,3310,0,0,2,5.043532834252383,22.79607250755287,2948.5981750403103,1876
7331.0,3310,0,1,1,4.9871797541272995,22.74592145015106,2947.938166659427,1894
7332.0,3309,0,0,1,4.9470626588774484,22.69537624660018,2948.5972741990904,1895
7333.0,3309,0,0,0,4.901917892768358,22.7059534602599,2949.358795082259,1898
7334.0,3308,0,0,1,4.862215856614817,22.75272067714631,2950.374985376174,1913
7335.0,3307,0,0,1,4.81671456060553,22.73571212579377,2950.937560487682,1912
7336.0,3307,0,0,0,4.781680900094763,22.709101905049895,2951.7089616571216,1916
7337.0,3307,0,0,0,4.766644782862275,22.600544299969762,2952.481362753254,1917
7338.0,3307,0,1,1,4.7394828207281,22.665860296341094,2952.5187421569763,1921
7339.0,3307,0,0,0,4.733908545750879,22.622921076504383,2953.293424803955,1926
7340.0,3305,0,0,2,4.713103006711872,22.626021180030257,2953.947853767642,1925
7341.0,3304,0,0,1,4.703068697050738,22.61743341404358,2954.2449644211783,1941
7342.0,3303,0,0,1,4.69425422748515,22.769906145927944,2954.875952855653,1953
7343.0,3302,0,0,1,4.686976552385652,22.783161720169595,2955.214469309465,1961
7344.0,3302,0,0,0,4.662749552875795,22.994548758328285,2955.993821646232,1978
7345.0,3299,0,0,3,4.627454184638449,23.123976962715975,2955.657847357603,1986
7346.0,3300,0,1,0,4.600939793695189,23.304242424242425,2955.5450271037953,2011
7347.0,3299,0,0,1,4.566717045871609,23.414671112458322,2955.9061167591312,2014
7348.0,3297,0,0,2,4.515878894657684,23.59629966636336,2956.8403655159195,2038
7349.0,3297,0,0,0,4.490199898113728,23.78374279648165,2957.630078991912,2045
7350.0,3297,0,0,0,4.456264253846904,24.018804974218988,2958.421996765159,2061
7351.0,3296,0,0,1,4.40969416594912,24.280339805825243,2959.0771540196533,2080
7352.0,3295,0,0,1,4.384411613549448,24.525644916540212,2960.047924171075,2083
7353.0,3294,0,0,1,4.347436496889171,24.847601700060718,2960.2904405384706,2099
7354.0,3293,0,0,1,4.3190215539366115,25.111144852717885,2961.143204242598,2109
7355.0,3292,0,0,1,4.2788726607988545,25.38730255164034,2961.9261084422333,2120
7356.0,3292,0,0,0,4.242761595761166,25.675273390036452,2962.7336307764285,2130
7357.0,3292,0,1,1,4.211831254299196,25.87910085054678,2962.3771371088237,2129
7358.0,3293,0,1,0,4.18991152638108,26.070756149407835,2962.2880020652974,2156
7359.0,3293,0,0,0,4.158296701955425,26.396902520498028,2963.10112423639,2173
7360.0,3293,0,0,0,4.122585793212564,26.758275129061644,2963.917341788989,2192
7361.0,3292,0,0,1,4.09876259559245,27.130012150668286,2963.922992173092,2204
7362.0,3292,0,0,0,4.06056957765823,27.567739975698665,2964.743687492888,2226
7363.0,3290,0,0,1,4.0211693402245015,27.90577507598784,2965.030596473745,2242
7364.0,3290,0,1,1,3.9890222441534022,27.99726443768997,2965.111931691932,2241
7365.0,3291,0,1,1,3.9607001420087102,28.137648131267092,2965.216373058455,2244
7366.0,3292,0,1,0,3.9404074629241834,28.315309842041312,2965.144528951688,2265
7367.0,3291,0,0,1,3.9271667959825844,28.641446368884836,2965.953244263496,2277
7368.0,3289,0,0,2,3.917581778081468,28.962906658558833,2966.451911244788,2281
7369.0,3288,0,0,1,3.912536572976829,29.342761557177617,2967.205532204577,2297
7370.0,3287,0,0,1,3.889926392050256,29.649224216610893,2967.6999608686774,2315
7371.0,3286,0,0,1,3.8683824286769886,29.969872185027388,2968.466764139701,2315
7372.0,3286,0,0,0,3.838865234359847,30.162203286670724,2969.30421257647,2329
7373.0,3286,0,0,0,3.814695295855738,30.43639683505782,2970.143609713848,2337
7374.0,3286,0,0,0,3.797695837948254,30.631466828971394,2970.983779541465,2337
7375.0,3286,0,0,0,3.7844810273403993,30.87583688374924,2971.8249927269094,2336
7376.0,3285,0,0,1,3.764530484034957,31.289193302891935,2972.638342694013,2355
7377.0,3284,0,0,1,3.7633134232426517,31.67326431181486,2973.650037873465,2370
7378.0,3284,0,0,0,3.7662703495877325,31.93148599269184,2974.4925252527664,2365
7379.0,3283,0,0,1,3.762005905032822,32.26439232409382,2975.3272220377094,2382
7380.0,3283,0,0,0,3.743973575742531,32.67286018885166,2976.170999811699,2390
7381.0,3283,0,0,0,3.8155977112160144,31.019798964361865,2977.0091989909397,2246
7382.0,3284,0,1,0,3.928719761788471,29.929354445797806,2976.932130068036,2146
7383.0,3282,0,0,2,4.076372164283761,29.116087751371115,2977.863875822471,2077
7384.0,3282,0,0,0,4.227162811051825,28.61121267519805,2978.674037589851,2033
7385.0,3281,0,0,1,4.381654621713559,28.12861932337702,2979.4105999308467,1986
7386.0,3281,0,0,0,4.54440727031054,27.665650716245047,2980.1998738589505,1942
7387.0,3281,0,0,0,4.743843272949519,27.24779030783298,2980.9746067476685,1906
7388.0,3282,0,1,0,4.913130315851017,26.948811700182816,2980.8294998045517,1888
7389.0,3282,0,0,0,5.028388716005703,26.53625837903717,2981.5857971180376,1860
7390.0,3282,0,0,0,5.131166136034065,26.17976843388178,2982.3347219766174,1847
7391.0,3281,0,0,1,5.211210948644458,25.886315147820785,2983.2459491974537,1827
7392.0,3282,0,1,0,5.287619290091456,25.739792809262646,2983.0749787368613,1826
7393.0,3281,0,0,1,5.335594536333118,25.50167631819567,2983.780888576835,1816
7394.0,3282,0,1,0,5.391892547446917,25.16270566727605,2983.6024892651276,1812
7395.0,3281,0,0,1,5.421532368609257,24.818652849740932,2984.058596579123,1800
7396.0,3281,0,0,0,5.460047665263307,24.361170374885706,2984.7845654445664,1770
7397.0,3282,0,1,0,5.485944892860847,24.172455819622183,2984.5985691316832,1746
7398.0,3282,0,0,0,5.516397945163986,23.847349177330894,2985.3199813139536,1725
7399.0,3281,0,0,1,5.552803464321612,23.57787259981713,2985.9948095495984,1700
7400.0,3281,0,1,1,5.589868958515107,23.291984151173423,2985.8220578500677,1691
7401.0,3280,0,0,1,5.5895936761299545,23.14390243902439,2986.52068687244,1681
7402.0,3279,0,0,1,5.602824838425948,22.963403476669715,2986.9167130193237,1670
7403.0,3278,0,0,1,5.584247977977879,22.682733374008542,2987.6806997827343,1657
7404.0,3278,0,1,1,5.555085878542353,22.35692495424039,2987.473502710766,1647
7405.0,3278,0,0,0,5.549099483314311,22.11928004881025,2988.191201018952,1631
7406.0,3278,0,0,0,5.552591209197394,21.822147651006713,2988.90875723702,1630
7407.0,3277,0,0,1,5.5349931962768855,21.478791577662495,2989.368432438635,1617
7408.0,3277,0,0,0,5.534664741889987,21.279218797680805,2990.085914302832,1632
7409.0,3276,0,0,1,5.505433327452852,21.08730158730159,2990.5510791279667,1634
7410.0,3276,0,1,1,5.474227322223461,20.776556776556777,2990.340017833906,1624
7411.0,3274,0,0,2,5.449055398346114,20.558338423946243,2990.9927638444697,1635
7412.0,3273,0,0,1,5.425370133747147,20.32661167124962,2991.670723344326,1638
7413.0,3272,0,0,1,5.409847001959109,20.11583129584352,2992.231453484164,1644
7414.0,3272,0,0,0,5.397555387247273,20.00213936430318,2992.959123643436,1658
7415.0,3271,0,0,1,5.3930615883932,19.578722103332314,2994.002352441576,1658
7416.0,3269,0,0,2,5.378048095989118,19.399204649739982,2994.438346201646,1674
7417.0,3266,0,0,3,5.353014884612596,19.25015309246785,2994.9201995396675,1682
7418.0,3264,0,0,2,5.341163526654576,19.053002450980394,2996.0980569382286,1660
7419.0,3265,0,1,0,5.326274808528027,18.893721286370596,2995.9142480236364,1682
7420.0,3264,0,0,1,5.2855059428289834,18.850490196078432,2996.5835142953465,1703
7421.0,3264,0,0,0,5.252885768054237,18.759497549019606,2997.3237616871056,1703
7422.0,3264,0,0,0,5.2093074676223665,18.73406862745098,2998.067057350866,1709
7423.0,3264,0,0,0,5.160306237313114,18.64001225490196,2998.813229232914,1701
7424.0,3263,0,0,1,5.0901804907333,18.63101440392277,2999.6372283459923,1714
7425.0,3262,0,0,1,5.014033688684732,18.598712446351932,3000.263818014122,1733
7426.0,3262,0,0,0,4.94613812283114,18.54353157572042,3001.024666133163,1757
7427.0,3259,0,0,3,4.880243097952179,18.462411782755446,3001.9401060300993,1772
7428.0,3258,0,0,1,4.864281453747214,18.40208717004297,3002.902022855263,1783
7429.0,3258,0,0,0,4.836902895259911,18.441375076734193,3003.6705038456275,1810
7430.0,3255,0,0,3,4.782888913527623,18.585560675883258,3004.60865344079,1837
7431.0,3252,0,0,3,4.75619693956097,18.71740467404674,3003.8618757188524,1850
7432.0,3252,0,1,1,4.72747455328787,18.899138991389915,3003.572692361267,1874
7433.0,3252,0,1,1,4.6917999869463305,19.12607626076261,3003.207855135297,1906
7434.0,3252,0,1,1,4.652957980460151,19.388068880688806,3002.2325464279756,1928
7435.0,3251,0,0,1,4.632418232926057,19.640110735158412,3003.3486045605373,1938
7436.0,3250,0,1,2,4.589285090406565,19.84923076923077,3003.0765504595274,1975
7437.0,3249,0,1,2,4.521616982981701,20.193598030163127,3002.342738406518,2012
7438.0,3250,0,1,0,4.472570324823243,20.523076923076925,3002.211985293777,2039
7439.0,3250,0,0,0,4.438051524758283,20.715692307692308,3003.008239435582,2074
7440.0,3249,0,1,2,4.395812105709886,21.00123114804555,3002.880754610664,2092
7441.0,3250,0,2,1,4.355999613517413,21.234153846153845,3001.5769552063052,2117
7442.0,3249,0,0,1,4.316961112411309,21.454293628808863,3002.208919910309,2126
7443.0,3249,0,1,1,4.288922643570882,21.69867651585103,3001.9087923863635,2144
7444.0,3249,0,1,1,4.250637357161018,21.910433979686058,3001.5189710912177,2159
7445.0,3248,0,0,1,4.224902676688742,22.23737684729064,3002.998948617259,2164
7446.0,3249,0,1,0,4.203175458995189,22.546014158202524,3002.886279948922,2169
7447.0,3248,0,1,2,4.183927599886191,22.7810960591133,3003.3725885096196,2183
7448.0,3249,0,1,0,4.164794469350487,22.83964296706679,3003.262547804424,2193
7449.0,3248,0,0,1,4.128640327044374,22.94704433497537,3003.7519081178475,2198
7450.0,3250,0,2,0,4.099709279365407,23.169846153846155,3002.7219346708976,2214
7451.0,3250,0,0,0,4.062043056361338,23.480923076923077,3003.5430639454657,2232
7452.0,3250,0,1,1,4.026116289491468,23.71507692307692,3003.4160583783405,2251
7453.0,3248,0,0,2,3.9770187260502263,23.967364532019705,3004.2038592833323,2245
7454.0,3249,0,1,0,3.952894066177367,24.413050169282855,3004.108310361273,2276
7455.0,3248,0,0,1,3.9253864084726517,24.86576354679803,3004.5878544383772,2286
7456.0,3250,0,2,0,3.907331906064737,25.27723076923077,3003.5712060988367,2307
7457.0,3250,0,1,1,3.887936632598792,25.588923076923077,3002.9247395246,2314
7458.0,3249,0,0,1,3.8757785529090127,26.046168051708218,3003.713463115702,2328
7459.0,3248,0,0,1,3.8600122513832167,26.436884236453203,3003.746475615048,2334
7460.0,3248,0,1,1,3.8406129571869627,26.85006157635468,3003.62676347089,2351
7461.0,3248,0,0,0,3.822342260419558,27.24445812807882,3004.466021386036,2348
7462.0,3248,0,0,0,3.7979391044439277,27.652401477832512,3005.3070922627717,2351
7463.0,3248,0,0,0,3.7758529631074893,28.017549261083744,3006.1492203247653,2366
7464.0,3248,0,0,0,3.75415381592972,28.52093596059113,3006.993161454611,2377
7465.0,3247,0,0,1,3.7286301049979174,28.944256236526023,3007.8018381036795,2383
7466.0,3247,0,0,0,3.7104962411457074,29.37665537419156,3008.648788915943,2382
7467.0,3246,0,0,1,3.661262293328171,29.782809611829943,3009.4401745698297,2402
7468.0,3246,0,0,0,3.638489676090544,30.037276648182377,3010.2909947412913,2401
7469.0,3246,0,0,0,3.6255894215261057,30.256931608133087,3011.142193304757,2420
7470.0,3246,0,0,0,3.6083269662874593,30.588416512630932,3011.9951391613267,2418
7471.0,3247,0,1,0,3.682651180637127,28.82599322451494,3011.913993965306,2274
7472.0,3246,0,0,1,3.7972109065319706,27.530807147258162,3012.3510160741102,2178
7473.0,3245,0,0,1,3.9474467310538017,26.453312788906008,3013.1810371329493,2086
7474.0,3244,0,0,1,4.118889177944061,25.619297163995068,3013.748548786687,2023
7475.0,3243,0,0,0,4.296535945498875,24.804810360777058,3013.926215294672,1973
7476.0,3243,0,0,0,4.495049914324499,24.067221708294788,3014.7176080868267,1918
7477.0,3244,0,1,0,4.664902025519027,23.42786683107275,3014.568052995425,1880
7478.0,3243,0,0,1,4.827790913983898,22.975948196114707,3014.5293747970654,1847
7479.0,3242,0,0,1,4.958427890045562,22.521900061690314,3015.1353697668583,1819
7480.0,3243,0,1,0,5.063627835178524,22.22695035460993,3014.9593445240675,1802
7481.0,3244,0,0,0,5.153200778461984,21.791615289765723,3016.333621137473,1770
7482.0,3244,0,0,0,5.207626274067783,21.60912453760789,3017.077462604959,1772
7483.0,3243,0,0,1,5.28915772139882,21.46037619488128,3018.258305527483,1767
7484.0,3242,0,0,1,5.336354278251973,21.251696483652065,3018.7137437225106,1768
7485.0,3241,0,0,0,5.398991951849567,20.806232644245604,3019.587712355498,1757
7486.0,3239,0,0,1,5.446538000398125,20.37202840382834,3020.2169394224775,1738
7487.0,3237,0,0,1,5.49534573014684,19.88693234476367,3020.107661067734,1719
7488.0,3235,0,0,2,5.517105697995654,19.449459041731068,3021.0110099106687,1701
7489.0,3234,0,0,1,5.524608919208248,18.96444032158318,3022.026444349479,1691
7490.0,3234,0,0,1,5.542968441651672,18.486703772418057,3023.8783801206587,1681
7491.0,3233,0,0,1,5.545122940195931,18.240024744819053,3024.520541405269,1678
7492.0,3233,0,0,0,5.527887491376809,18.13609650479431,3025.246431343555,1690
7493.0,3232,0,0,2,5.527745628321841,17.923267326732674,3025.4515909227307,1680
7494.0,3231,0,0,1,5.501293495211308,17.857319715258434,3025.6160311878357,1689
7495.0,3231,0,0,1,5.477622051218725,17.712163416898793,3026.2981130585304,1685
7496.0,3230,0,0,1,5.4536621910355425,17.538699690402478,3026.7471892971253,1699
7497.0,3228,0,0,2,5.420060922745063,17.1682156133829,3027.702423641668,1688
7498.0,3227,0,0,1,5.402161144695313,16.961264332197086,3028.35639382818,1696
7499.0,3228,0,1,0,5.411740132912088,16.473358116480792,3028.150348371212,1670
7500.0,3228,0,0,0,5.405353732023796,16.384138785625776,3028.88293261695,1670
7501.0,3227,0,0,1,5.418205615054863,16.20545398202665,3029.4814400949676,1653
7502.0,3227,0,0,0,5.42039469231398,16.12116516888751,3030.2129876692984,1647
7503.0,3225,0,0,2,5.418378282298313,15.986976744186046,3031.031905587505,1637
7504.0,3225,0,0,0,5.403809072520355,15.77829457364341,3031.7652229459914,1659
7505.0,3224,0,0,1,5.380206329465073,15.527295285359802,3032.2441054477777,1653
7506.0,3224,0,0,0,5.35208323486848,15.477357320099255,3032.9811350444033,1669
7507.0,3223,0,0,1,5.316698189724409,15.353707725721378,3033.246096743115,1674
7508.0,3222,0,0,1,5.2794930026112,15.238361266294227,3034.252647153573,1674
7509.0,3220,0,0,2,5.225013384087792,15.264906832298136,3035.0247067870505,1695
7510.0,3218,0,0,2,5.145936165129463,15.270975761342449,3035.6825725356234,1709
7511.0,3218,0,0,0,5.100973098570993,15.230577998756992,3036.4356788422865,1713
7512.0,3218,0,0,0,5.070197527461306,15.279676817899317,3037.190184241324,1718
7513.0,3217,0,0,1,5.018080047422415,15.191482747901771,3037.820543824705,1728
7514.0,3217,0,0,0,4.979199310377778,15.28473733291887,3038.581616614914,1735
7515.0,3215,0,0,2,4.931504384783312,15.315707620528771,3039.2156493123384,1752
7516.0,3216,0,1,0,4.909555333283111,15.345771144278608,3039.0362216004314,1774
7517.0,3214,0,0,2,4.85552856279724,15.417548226509023,3040.0717457486526,1792
7518.0,3214,0,0,0,4.833522732651143,15.484443061605477,3040.843069041291,1800
7519.0,3212,0,0,2,4.781955247367729,15.391967621419676,3041.670050941795,1803
7520.0,3213,0,1,0,4.7650315899854805,15.493619670090258,3041.4995069014935,1833
7521.0,3210,0,0,3,4.720390780745063,15.63644859813084,3042.397601493249,1846
7522.0,3210,0,0,0,4.714230731266366,15.70436137071651,3043.176901730799,1849
7523.0,3207,0,0,3,4.689130771583087,15.773620205799812,3043.2711128287724,1869
7524.0,3206,0,1,2,4.646010241497769,15.816593886462883,3043.632276201344,1875
7525.0,3204,0,0,2,4.5913058314664195,15.926342072409488,3044.5138754041814,1901
7526.0,3202,0,0,2,4.547808820606039,16.030293566520925,3044.6422205270296,1911
7527.0,3201,0,0,1,4.498557135207843,16.175882536707277,3044.47711696792,1930
7528.0,3199,0,0,2,4.448640853517135,16.377618005626758,3044.610103858798,1955
7529.0,3198,0,0,1,4.405986495404788,16.669480925578487,3045.5105605971853,1979
7530.0,3197,0,0,1,4.369894815133394,16.966531122927744,3046.0526447719085,1990
7531.0,3197,0,2,2,4.324535293315504,17.353143572098844,3044.0302807758203,2018
7532.0,3197,0,0,0,4.278527042009875,17.731623396934626,3044.837531760214,2038
7533.0,3194,0,0,3,4.230604037644509,18.081089542892926,3045.36350449178,2049
7534.0,3193,0,0,1,4.183280937286793,18.3222674600689,3045.874272625016,2062
7535.0,3192,0,0,1,4.145033397010329,18.68045112781955,3046.0802465564448,2078
7536.0,3192,0,0,0,4.113582161139205,19.12437343358396,3046.898432343051,2100
7537.0,3192,0,1,1,4.065147230112744,19.532268170426065,3046.5221712866614,2126
7538.0,3192,0,0,0,4.04524059829186,19.81672932330827,3047.3452516676807,2123
7539.0,3191,0,0,1,4.023359200638438,20.232842369163272,3048.1485716209777,2141
7540.0,3192,0,1,0,3.993096308312967,20.586779448621552,3048.0203686691693,2152
7541.0,3190,0,0,2,3.9668871522282094,20.836363636363636,3048.936122747768,2165
7542.0,3187,0,0,3,3.9071786083592395,21.229369312833384,3049.878085931361,2181
7543.0,3186,0,0,1,3.887358074180562,21.631826741996232,3050.808461706291,2186
7544.0,3185,0,1,2,3.8431331848258035,22.064992150706438,3050.3489128064534,2204
7545.0,3184,0,0,1,3.8133464195425684,22.478643216080403,3051.1618923478104,2212
7546.0,3184,0,0,0,3.787243864385623,22.859924623115578,3052.0025646495938,2227
7547.0,3184,0,1,1,3.753215153404428,23.18247487437186,3051.3400260250496,2232
7548.0,3184,0,0,0,3.7441292151408305,23.483668341708544,3052.1839487271363,2247
7549.0,3184,0,0,0,3.7283128403102537,23.79679648241206,3053.02913587738,2260
7550.0,3184,0,0,0,3.714750906551586,24.077575376884422,3053.8750723093035,2269
7551.0,3184,0,0,0,3.7159857774633203,24.40295226130653,3054.721320919989,2285
7552.0,3183,0,0,1,3.693363619034969,24.775054979579014,3055.5710996663765,2289
7553.0,3183,0,0,0,3.691901969187987,25.201696512723846,3056.418742165963,2308
7554.0,3183,0,0,0,3.68724137247419,25.69651272384543,3057.2667002773724,2311
7555.0,3182,0,0,1,3.6771879916314987,26.13639220615965,3057.923609378647,2316
7556.0,3182,0,0,0,3.674321401811755,26.652734129478315,3058.772327807922,2329
7557.0,3181,0,0,1,3.6501622656306476,27.107827727129834,3059.612967278261,2336
7558.0,3181,0,0,0,3.643365520747526,27.444828670229487,3060.463495592226,2328
7559.0,3180,0,0,1,3.6240115750359783,27.94559748427673,3061.3063500831568,2327
7560.0,3180,0,0,0,3.6078813634977553,28.418867924528303,3062.1586946549187,2339
7561.0,3179,0,0,1,3.6709776977915305,26.90531613715005,3062.9593416064376,2195
7562.0,3179,0,0,0,3.7976013324737417,25.88832966341617,3063.797900529838,2097
7563.0,3179,0,0,0,3.9725036737775064,24.995910663730733,3064.624366849193,2024
7564.0,3179,0,0,0,4.157578794043282,24.374016986473734,3065.4375032514777,1959
7565.0,3177,0,0,2,4.331732202852152,24.02738432483475,3065.566879544566,1929
7566.0,3177,0,0,0,4.536496963890349,23.615360402895814,3066.3546998117267,1882
7567.0,3177,0,0,0,4.706168172777573,23.40478438778722,3067.1308729868697,1863
7568.0,3177,0,0,0,4.8445376027483285,23.25999370475291,3067.8977064263927,1848
7569.0,3177,0,0,0,4.955890546359297,23.111740635819956,3068.656825925082,1833
7570.0,3176,0,0,1,5.044111245371062,22.801952141057935,3069.207911976146,1807
7571.0,3176,0,0,0,5.124412095533206,22.539672544080606,3069.955046308986,1786
7572.0,3176,0,0,0,5.190374951500072,22.412783375314863,3070.6976581786844,1766
7573.0,3176,0,0,0,5.2553373065995626,22.313287153652393,3071.43631012463,1755
7574.0,3176,0,0,0,5.307843011302848,22.088790931989923,3072.1709169082255,1736
7575.0,3175,0,0,1,5.348592453287442,21.944251968503938,3072.330544483718,1724
7576.0,3174,0,0,1,5.368122813774851,21.961562696912413,3072.946519777072,1715
7577.0,3173,0,0,1,5.369517821917029,21.856917743460446,3073.6590973981492,1700
7578.0,3171,0,0,2,5.367295818109849,21.709239987385683,3074.0970602465695,1687
7579.0,3171,0,0,0,5.382089924703082,21.40933459476506,3074.825593458022,1683
7580.0,3171,0,0,0,5.383061928676973,21.3598233995585,3075.5538378489114,1674
7581.0,3171,0,0,0,5.392188965914285,20.96657205928729,3076.2818445595794,1649
7582.0,3170,0,0,1,5.383853958053825,20.97602523659306,3077.1488603489815,1657
7583.0,3170,0,0,0,5.382769267292528,21.04447949526814,3077.877506048688,1656
7584.0,3169,0,0,1,5.383740329604092,20.967182076364782,3078.7775931839096,1648
7585.0,3168,0,0,1,5.371264196141883,20.866477272727273,3079.5363975330342,1643
7586.0,3168,0,0,0,5.38198607745282,20.57260101010101,3080.264551387766,1641
7587.0,3167,0,0,1,5.363778440504698,20.391537732870223,3081.137935773972,1649
7588.0,3167,0,0,0,5.362368898077682,20.307862330281022,3081.867293167931,1640
7589.0,3166,0,1,2,5.347420901499746,20.31269740998105,3081.5805696356847,1630
7590.0,3164,0,0,2,5.350268073575104,20.285398230088497,3082.161926113745,1617
7591.0,3163,0,0,1,5.335446053462756,20.20360417325324,3082.90364865713,1621
7592.0,3161,0,0,2,5.319600415962398,20.223663397658967,3083.403823139225,1631
7593.0,3161,0,0,0,5.327603960160303,20.14742170199304,3084.1363793320475,1623
7594.0,3161,0,0,0,5.321687585743651,20.24992091110408,3084.870002133111,1645
7595.0,3159,0,0,2,5.303367490854216,20.282367837923392,3085.4689396358635,1649
7596.0,3158,0,0,1,5.283952475520022,20.245091830272326,3085.9045485219604,1661
7597.0,3158,0,0,0,5.287607505541252,20.274540848638377,3086.641935663351,1665
7598.0,3157,0,0,1,5.283209729868678,20.22077922077922,3087.339837621439,1658
7599.0,3156,0,0,1,5.255243154289523,20.23954372623574,3088.253766842975,1680
7600.0,3154,0,0,2,5.187086338007731,20.148700063411543,3088.8933158844325,1677
7601.0,3154,0,0,0,5.131118492530412,20.16138237159163,3089.642456644562,1690
7602.0,3152,0,0,2,5.073248384067831,20.17258883248731,3090.2883803259656,1699
7603.0,3152,0,0,0,5.046596784307256,20.26491116751269,3091.043264248716,1722
7604.0,3151,0,0,1,5.005104613179569,20.327515074579498,3091.26569357812,1711
7605.0,3152,0,1,0,4.9633331302111685,20.413388324873097,3091.0460365995195,1719
7606.0,3150,0,0,2,4.924971787121721,20.49111111111111,3091.2317342218307,1729
7607.0,3148,0,0,2,4.888683298945799,20.51874205844981,3092.0457848093397,1745
7608.0,3148,0,0,0,4.868023031606031,20.56289707750953,3092.8142631699125,1746
7609.0,3146,0,0,2,4.836249660245184,20.556261919898283,3093.25459600991,1764
7610.0,3146,0,0,0,4.822640622985488,20.6106166560712,3094.026518004281,1766
7611.0,3147,0,1,0,4.796947586909072,20.738798856053386,3093.8167415962084,1779
7612.0,3144,0,1,4,4.737767601644109,20.849554707379134,3092.884211029597,1807
7613.0,3144,0,1,1,4.709841569676954,21.018447837150127,3092.8274154248566,1816
7614.0,3142,0,0,2,4.666874970134939,21.105028644175686,3093.5225691760083,1826
7615.0,3140,0,0,2,4.610763773394191,21.244585987261146,3093.986564217968,1853
7616.0,3139,0,1,2,4.566034642393971,21.40172029308697,3093.598479293349,1869
7617.0,3137,0,1,3,4.522667135653241,21.550844756136435,3094.209005680376,1877
7618.0,3136,0,1,2,4.47033519349169,21.79655612244898,3093.8689328389632,1904
7619.0,3135,0,0,1,4.420007167864498,22.025199362041466,3094.5949618952027,1932
7620.0,3135,0,2,2,4.360332197248209,22.36012759170654,3093.235985511999,1973
7621.0,3134,0,0,1,4.313918339987005,22.677728142948308,3093.1016125102133,1986
7622.0,3133,0,0,1,4.285334395503792,22.920523459942547,3094.3591007270898,2005
7623.0,3132,0,1,2,4.262106695214902,23.196360153256705,3093.4423859304484,2013
7624.0,3132,0,1,1,4.239640941929115,23.48052362707535,3093.055968330282,2029
7625.0,3131,0,0,1,4.211527975080213,23.729798786330246,3093.8170638606653,2051
7626.0,3132,0,1,0,4.2063493004900305,24.013729246487866,3093.641114902831,2057
7627.0,3132,0,1,1,4.194161016426266,24.347062579821202,3093.4279954627596,2071
7628.0,3132,0,0,0,4.185335223149137,24.669220945083016,3094.241493502485,2086
7629.0,3133,0,1,0,4.18525093101789,25.03511011809767,3094.068086417036,2105
7630.0,3133,0,0,0,4.169289059934243,25.461857644430257,3094.8839634840756,2120
7631.0,3135,0,2,0,4.136912787649381,25.902392344497606,3093.727058308827,2143
7632.0,3135,0,0,0,4.121530144746526,26.219776714513557,3094.5461038686376,2155
7633.0,3134,0,0,0,4.089440687806363,26.467453733248245,3095.743299670336,2165
7634.0,3134,0,0,0,4.056334875113972,26.71888959795788,3096.5669661685015,2184
7635.0,3134,0,0,0,4.040851208391684,27.052329291640078,3097.3919062927143,2185
7636.0,3135,0,0,0,4.009611941231135,27.47145135566188,3097.8427825757635,2201
7637.0,3135,0,0,0,3.97420301894703,27.932695374800637,3098.6731017834836,2206
7638.0,3135,0,0,0,3.938622977263076,28.382775119617225,3099.506125415111,2235
7639.0,3137,0,2,0,3.89991996588492,28.909148868345554,3098.3653027900764,2251
7640.0,3137,0,0,0,3.883004056002955,29.406439273190948,3099.202416157785,2269
7641.0,3137,0,0,0,3.849460440336282,29.795983423653173,3100.0415263827817,2265
7642.0,3136,0,0,1,3.8405391234634827,30.301339285714285,3101.2039095545542,2283
7643.0,3136,0,0,0,3.833224609063649,30.770089285714285,3102.0449332466874,2283
7644.0,3135,0,0,1,3.8327199092101814,31.24657097288676,3102.84436692657,2276
7645.0,3135,0,0,0,3.833801156955269,31.72822966507177,3103.6860041416962,2287
7646.0,3135,0,0,0,3.8304463798952706,32.26858054226475,3104.527992539108,2310
7647.0,3134,0,0,1,3.8059026691151736,32.91512444160817,3105.0910821589437,2327
7648.0,3134,0,0,0,3.789485283840159,33.39821314613912,3105.935680448472,2328
7649.0,3134,0,0,0,3.7493724748181703,33.791320995532864,3106.783114494603,2337
7650.0,3133,0,0,1,3.7128007578983038,34.30960740504309,3107.558726475492,2349
7651.0,3133,0,0,0,3.7736382255748406,32.82891796999681,3108.403840583727,2224
7652.0,3132,0,0,1,3.88103765022237,31.91698595146871,3108.8506217915224,2143
7653.0,3132,0,0,0,4.007958878470077,31.31513409961686,3109.679156101401,2088
7654.0,3131,0,0,1,4.160764910869309,30.725646758224208,3109.650610066972,2024
7655.0,3131,0,0,0,4.325082836811327,30.290003193867776,3110.456998191372,1988
7656.0,3128,0,0,3,4.488293344299159,29.968989769820972,3110.3624163290124,1956
7657.0,3126,0,0,2,4.647796866373486,29.73704414587332,3111.1799358226654,1929
7658.0,3125,0,1,2,4.794729147399512,29.58848,3110.778129261737,1896
7659.0,3124,0,0,1,4.911480513289481,29.312099871959028,3111.3061871461327,1876
7660.0,3124,0,0,0,5.008573143833344,29.091869398207425,3112.0654685422237,1859
7661.0,3124,0,0,0,5.073242723234665,28.892765685019207,3112.8201499374227,1833
7662.0,3124,0,0,0,5.126963570941313,28.854673495518565,3113.570097299255,1825
7663.0,3124,0,0,0,5.161637232302187,28.85595390524968,3114.3176351567054,1827
7664.0,3124,0,0,0,5.201607560543836,28.651408450704224,3115.0620129511867,1795
7665.0,3122,0,0,2,5.247033361049225,28.42568866111467,3115.9600306278844,1770
7666.0,3122,0,0,0,5.280982482725426,28.349135169762974,3116.699888046409,1771
7667.0,3122,0,0,0,5.317112000258445,28.256566303651507,3117.437883980784,1779
7668.0,3122,0,0,0,5.335158092517348,28.083600256245997,3118.174183301536,1767
7669.0,3123,0,1,0,5.367175286050994,27.922190201729105,3117.908423612759,1756
7670.0,3123,0,0,0,5.397347191058239,27.76977265449888,3118.639534968963,1749
7671.0,3123,0,0,0,5.401119036042464,27.653858469420427,3119.369717848348,1738
7672.0,3124,0,1,0,5.411580403858329,27.536811779769526,3119.100646947597,1730
7673.0,3124,0,0,0,5.4314191282073425,27.341869398207425,3119.8290207205496,1715
7674.0,3125,0,1,0,5.4145446969515145,27.2832,3119.5603176905374,1726
7675.0,3124,0,0,1,5.400189992816141,27.350512163892446,3120.5307304384396,1726
7676.0,3123,0,0,1,5.401508038879063,27.30931796349664,3121.1055361147883,1725
7677.0,3123,0,0,0,5.4041665535660055,27.240794108229267,3121.836526452724,1714
7678.0,3124,0,1,0,5.400285674071869,26.999039692701665,3121.567837398081,1708
7679.0,3124,0,0,0,5.387989609022109,26.763124199743917,3122.2999041913968,1711
7680.0,3123,0,0,1,5.372369208926185,26.603906500160104,3123.3393334621865,1707
7681.0,3122,0,0,1,5.367964678765107,26.46796925048046,3123.9157605477008,1711
7682.0,3122,0,0,0,5.358825853312438,26.229019859064703,3124.650998549651,1728
7683.0,3122,0,0,0,5.346517996760439,26.062780269058297,3125.3877173404653,1715
7684.0,3120,0,0,2,5.3422413029048865,25.94519230769231,3125.8383448326167,1722
7685.0,3118,0,0,2,5.314259128563769,25.922386144964722,3126.502785269464,1728
7686.0,3118,0,0,0,5.291166411204774,25.79923027581783,3127.2445007394276,1716
7687.0,3117,0,0,1,5.261690598279611,25.657362848893168,3128.047914904655,1721
7688.0,3117,0,0,0,5.237823358027542,25.623676612127046,3128.7946851776082,1733
7689.0,3117,0,0,0,5.204496011964048,25.74109720885467,3129.543614588072,1750
7690.0,3117,0,0,0,5.17768925291075,25.73339749759384,3130.2950856979287,1745
7691.0,3114,0,0,3,5.115867568523916,25.849389852280027,3131.0668459149015,1756
7692.0,3114,0,0,0,5.078086342193277,25.88471419396275,3131.8253978237526,1750
7693.0,3113,0,0,1,5.023288880940871,26.03951172502409,3132.484522661457,1769
7694.0,3110,0,0,3,4.957815241132994,26.25659163987138,3132.415045028041,1790
7695.0,3110,0,0,0,4.914715363119112,26.419614147909968,3133.184954389459,1808
7696.0,3108,0,0,2,4.8476452474144685,26.525418275418275,3133.735917627934,1819
7697.0,3108,0,0,0,4.809104468988004,26.655083655083654,3134.512020578916,1834
7698.0,3108,0,0,0,4.769629379078028,26.774453024453024,3135.2912727785133,1846
7699.0,3107,0,0,1,4.7128246596957934,26.883488896041197,3136.2638337671006,1844
7700.0,3106,0,0,1,4.6778889175707095,27.00193174500966,3136.8528526654954,1873
7701.0,3103,0,0,3,4.64477079261211,27.16435707379955,3136.672350311309,1869
7702.0,3102,0,0,1,4.6046237009788555,27.316892327530624,3136.5259227823103,1884
7703.0,3102,0,0,0,4.574556720006198,27.454223081882656,3137.3174779409233,1894
7704.0,3100,0,1,3,4.54241293391606,27.473548387096773,3137.024035165307,1894
7705.0,3099,0,0,1,4.523602174020805,27.570183930300097,3137.982557252058,1900
7706.0,3099,0,0,0,4.495609292145914,27.707970313004196,3138.77834610295,1916
7707.0,3098,0,0,1,4.463030173024481,27.866365397030343,3139.6393550647394,1937
7708.0,3098,0,0,0,4.431082441071545,28.061007101355713,3140.439651748528,1950
7709.0,3097,0,0,1,4.3838351536368885,28.150468195027447,3140.5696288856425,1979
7710.0,3095,0,0,2,4.337481177254455,28.462035541195476,3141.474244596823,2008
7711.0,3094,0,1,2,4.287879851820001,28.866192630898514,3141.413003981364,2017
7712.0,3094,0,0,0,4.2478387997305935,29.099547511312217,3142.226590322804,2034
7713.0,3092,0,0,2,4.209292260594515,29.436610608020697,3142.380351954026,2045
7714.0,3092,0,1,1,4.169274543370119,29.72509702457956,3141.4665946425025,2056
7715.0,3091,0,0,1,4.1437278270795685,30.03299902944031,3142.4684976057297,2064
7716.0,3091,0,0,0,4.11940936689159,30.290520867033322,3143.291440832643,2085
7717.0,3090,0,0,1,4.103313744482113,30.58608414239482,3143.9597758266514,2079
7718.0,3088,0,0,1,4.074273293731753,30.848445595854923,3145.373697136516,2091
7719.0,3088,0,1,1,4.061574176989012,31.03465025906736,3145.218193847742,2099
7720.0,3088,0,0,0,4.050019497677229,31.1544689119171,3145.2920613960614,2106
7721.0,3087,0,0,1,4.0299396531736145,31.449951409135082,3146.1377234769775,2122
7722.0,3088,0,0,0,3.999381790906433,31.754533678756477,3146.979260681521,2148
7723.0,3086,0,0,2,3.9646856414999423,32.0751782242385,3147.922419182466,2152
7724.0,3086,0,0,0,3.9551378725646407,32.21581335061568,3148.7578627981934,2166
7725.0,3087,0,1,0,3.9450228607286464,32.425979915775834,3148.573866502765,2169
7726.0,3086,0,0,1,3.927862744679543,32.78742709008425,3149.480385990421,2182
7727.0,3087,0,1,0,3.9086191606315586,33.05571752510528,3149.2992692071953,2197
7728.0,3087,0,0,0,3.883270729365073,33.25720764496275,3150.1400028162143,2188
7729.0,3086,0,0,0,3.8658866821315763,33.4549578742709,3151.130348047984,2209
7730.0,3085,0,0,1,3.847988403841749,33.683630470016205,3151.710591805317,2220
7731.0,3085,0,0,1,3.8348515471325837,33.971474878444084,3151.48398343313,2239
7732.0,3084,0,0,1,3.8156584637311344,34.25194552529183,3152.1270271335675,2235
7733.0,3083,0,0,1,3.791754802462146,34.45669802140772,3152.638421093972,2246
7734.0,3082,0,0,1,3.773210817552554,34.64568462037638,3153.3174814822387,2255
7735.0,3082,0,0,0,3.7704188406863106,34.84166125892278,3154.1653562654596,2260
7736.0,3082,0,0,0,3.755829614618105,35.07754704737184,3155.0149655406426,2280
7737.0,3081,0,0,1,3.752713702530518,35.298279779292436,3155.5405225029585,2285
7738.0,3082,0,1,0,3.7457554789784697,35.6959766385464,3155.366362339755,2301
7739.0,3082,0,0,0,3.731663802502473,35.99870214146658,3156.2176639327117,2306
7740.0,3080,0,0,2,3.7031470167299188,36.407792207792205,3156.913058169483,2313
7741.0,3081,0,1,0,3.769043561782531,34.7078870496592,3156.73675027896,2193
7742.0,3079,0,0,2,3.867020843829003,33.455992205261445,3157.7207154047196,2100
7743.0,3080,0,1,0,4.015643897384996,32.630194805194805,3157.526906543714,2027
7744.0,3080,0,0,0,4.1732093044048515,31.866558441558443,3158.3474054291996,1977
7745.0,3081,0,1,0,4.356650510241119,31.304446608244078,3158.130147471019,1948
7746.0,3081,0,0,0,4.525102426723409,30.923401493021746,3158.926350851496,1913
7747.0,3082,0,1,0,4.6998050819068276,30.58695652173913,3158.685757852168,1876
7748.0,3082,0,0,0,4.8590589640732045,30.3530175210902,3159.4596873881524,1840
7749.0,3080,0,0,2,4.972020196562786,30.18409090909091,3159.390116346943,1818
7750.0,3079,0,0,1,5.086834197917634,29.932770379993503,3160.170418333964,1791
7751.0,3079,0,1,1,5.174026660354767,29.707372523546606,3159.7630989429294,1794
7752.0,3078,0,0,1,5.232321933217541,29.468810916179336,3160.378642042446,1787
7753.0,3077,0,0,1,5.285302339553943,29.34449138771531,3161.0943459712926,1788
7754.0,3075,0,0,2,5.3448471581326995,28.865040650406502,3161.210097104619,1767
7755.0,3075,0,0,0,5.399792780440516,28.615609756097562,3161.9487095550835,1753
7756.0,3075,0,0,0,5.442254600906082,28.336585365853658,3162.684380603565,1727
7757.0,3075,0,0,0,5.465171516188226,28.044552845528454,3163.4178412754786,1718
7758.0,3075,0,0,0,5.478326430069438,27.76,3164.1500919706027,1695
7759.0,3075,0,0,0,5.496936208401228,27.54861788617886,3164.881919024879,1685
7760.0,3075,0,0,0,5.533550946386174,27.166829268292684,3165.6113794554444,1671
7761.0,3074,0,0,1,5.556163606083129,26.90826284970722,3165.784931411963,1668
7762.0,3074,0,0,0,5.557144431026436,26.705920624593364,3166.513179194616,1669
7763.0,3074,0,0,0,5.557044144602905,26.388744307091738,3167.24114251153,1668
7764.0,3073,0,0,1,5.555286805203507,26.28018223234624,3167.9946674582493,1667
7765.0,3073,0,0,0,5.544352810036318,25.98372925479987,3168.7238194436736,1662
7766.0,3071,0,0,2,5.5129507814668175,25.836535330511236,3169.756108711889,1657
7767.0,3070,0,0,1,5.509413731617785,25.612052117263843,3170.2485145704995,1650
7768.0,3069,0,0,1,5.499358913831424,25.291951775822742,3171.087318926553,1646
7769.0,3069,0,0,0,5.497304926191414,24.96415770609319,3171.8196468637925,1645
7770.0,3069,0,0,0,5.506687858472018,24.82730531117628,3172.551434408754,1643
7771.0,3069,0,0,0,5.484317671540484,24.668947539915283,3173.285351562819,1632
7772.0,3069,0,0,0,5.4475531634105865,24.3365917236885,3174.022116498214,1625
7773.0,3069,0,0,0,5.4144288189091005,24.039752362333008,3174.760850092654,1633
7774.0,3067,0,0,2,5.373055845794931,23.946201499836974,3175.538664739112,1648
7775.0,3066,0,0,1,5.34076244553421,23.629158512720156,3176.0398419898343,1642
7776.0,3065,0,0,1,5.312418676796708,23.48515497553018,3177.6526397942944,1657
7777.0,3065,0,0,0,5.307634115431157,23.095921696574226,3178.3991608544934,1650
7778.0,3065,0,0,0,5.3021092773577285,22.767699836867862,3179.145885092637,1648
7779.0,3064,0,0,1,5.266593301764044,22.533942558746737,3179.704962196191,1656
7780.0,3063,0,0,1,5.24448798984669,22.17335945151812,3179.8709258858753,1648
7781.0,3061,0,0,2,5.18134487728322,22.059131002940216,3179.6489878346906,1658
7782.0,3061,0,0,0,5.138138978323366,21.855602744201242,3180.4075257994077,1689
7783.0,3061,0,0,0,5.107134054578442,21.613198301208755,3181.168481294802,1689
7784.0,3060,0,0,1,5.040272128311431,21.55392156862745,3182.000672094407,1706
7785.0,3058,0,0,2,4.982928522948674,21.472531066056245,3182.716142973269,1714
7786.0,3058,0,0,0,4.924685658771697,21.38227599738391,3183.48969734513,1726
7787.0,3058,0,0,0,4.878929492534318,21.256703727926748,3184.266622439154,1745
7788.0,3057,0,0,1,4.845253125726011,20.939810271508016,3185.0402263085507,1755
7789.0,3056,0,0,1,4.814817180073061,20.842604712041886,3185.57613176992,1763
7790.0,3056,0,0,0,4.8059763407938645,20.790903141361255,3186.357868456713,1794
7791.0,3054,0,1,3,4.764781532794929,20.84315651604453,3184.4511410608943,1817
7792.0,3052,0,0,2,4.75291350849297,20.84829619921363,3185.073363635309,1845
7793.0,3050,0,0,2,4.74272339604854,20.788524590163934,3185.362523131135,1844
7794.0,3050,0,0,0,4.729649965547777,20.802295081967213,3186.1477376510716,1852
7795.0,3049,0,0,1,4.688699787600839,20.907838635618237,3187.021354093192,1873
7796.0,3049,0,1,1,4.6522900589827,20.907510659232535,3186.1330770457066,1896
7797.0,3049,0,0,0,4.617930287102651,21.03214168579862,3186.9247700438254,1921
7798.0,3045,0,0,4,4.56778452856392,20.625944170771756,3187.117507724668,1926
7799.0,3044,0,0,1,4.534225077558609,20.507884362680684,3187.8524229701884,1923
7800.0,3043,0,1,2,4.485453582929418,20.608938547486034,3187.1950160936226,1942
7801.0,3043,0,0,0,4.454406826342439,20.676634899769965,3187.998059513864,1946
7802.0,3042,0,0,1,4.415936383115898,20.730111768573305,3188.21303207341,1950
7803.0,3041,0,0,1,4.382577437104539,20.844787898717527,3188.9397165959767,1961
7804.0,3040,0,0,1,4.3524238257665555,21.04736842105263,3189.9245625114872,1990
7805.0,3038,0,0,2,4.31654059640609,21.33903884134299,3190.5274822594833,2007
7806.0,3037,0,0,1,4.289314916926961,21.27066183733948,3190.4631083904715,2001
7807.0,3037,0,0,0,4.278172317422846,21.442541982219296,3191.277172176855,2016
7808.0,3037,0,0,0,4.250893758849499,21.678630227197893,3192.093153903554,2021
7809.0,3037,0,0,0,4.224025463318512,21.978597299967074,3192.9107450757415,2022
7810.0,3037,0,0,0,4.202243549298966,22.17056305564702,3193.7300418122527,2016
7811.0,3037,0,0,0,4.179109491250053,22.45637141916365,3194.5510132818895,2042
7812.0,3037,0,0,0,4.1566345394070225,22.815607507408625,3195.373668450148,2053
7813.0,3036,0,0,1,4.127327931196596,23.02042160737813,3195.8090914711456,2059
7814.0,3036,0,0,0,4.114673533158325,23.297101449275363,3196.634274530613,2074
7815.0,3037,0,1,0,4.105073168761191,23.45637141916365,3196.4078330812436,2084
7816.0,3037,0,1,1,4.088993156213882,23.756667764241026,3195.8078680110384,2101
7817.0,3036,0,0,1,4.0784039859414545,24.011857707509883,3196.3723224600612,2111
7818.0,3035,0,0,1,4.053180102865264,24.28500823723229,3197.4261692983364,2109
7819.0,3036,0,1,0,4.026174519861841,24.715085638998683,3197.2053573323274,2123
7820.0,3036,0,0,0,4.002924349040449,25.1133069828722,3198.0399240638553,2143
7821.0,3036,0,0,0,3.9830730619752632,25.545125164690383,3198.8762636548754,2156
7822.0,3037,0,1,0,3.9576849851660767,25.86499835363846,3198.6602343937616,2174
7823.0,3037,0,0,0,3.944413575669052,26.10931840632203,3199.499311519741,2182
7824.0,3037,0,0,0,3.935277070276663,26.53836022390517,3200.339268512985,2202
7825.0,3036,0,0,1,3.92548256285514,26.98056653491436,3201.191350280202,2205
7826.0,3036,0,1,1,3.912421765892672,27.334650856389988,3200.9912609574844,2207
7827.0,3036,0,0,0,3.9033174972460687,27.642292490118578,3201.8329335124413,2203
7828.0,3035,0,0,1,3.889504965538785,28.087314662273474,3202.713945561973,2212
7829.0,3035,0,1,1,3.8618579270747713,28.530477759472817,3202.217863033333,2211
7830.0,3035,0,0,0,3.8499063180661124,28.825370675453048,3203.062670219326,2209
7831.0,3034,0,0,0,3.9276223756081974,27.24851680949242,3203.2272769142264,2092
7832.0,3035,0,1,0,4.043508994127239,26.276112026359144,3203.0024098324316,2019
7833.0,3036,0,0,0,4.211389619380612,25.484848484848484,3204.496252502067,1936
7834.0,3036,0,0,0,4.397648713973918,24.76745718050066,3205.3030391947696,1870
7835.0,3036,0,0,0,4.562691036454131,24.304347826086957,3206.0976665983967,1827
7836.0,3036,0,0,0,4.730089502841834,23.79479578392622,3206.881595893034,1783
7837.0,3034,0,0,2,4.886132427259332,23.224785761371127,3207.4060320657504,1749
7838.0,3034,0,0,0,5.042630309171284,22.6318391562294,3208.169070966533,1722
7839.0,3033,0,0,1,5.172141413867524,22.230464886251237,3208.9242118957313,1689
7840.0,3034,0,1,0,5.278732216443186,22.108767303889255,3208.6133822329853,1694
7841.0,3033,0,0,1,5.3723683400142965,21.957138147049125,3209.3827700418956,1687
7842.0,3032,0,0,1,5.444351476674331,21.821899736147756,3210.1666925042987,1696
7843.0,3031,0,0,1,5.49847146030936,21.652919828439458,3211.1824925644073,1686
7844.0,3029,0,0,2,5.549280408208594,21.39154836579729,3211.407683555919,1662
7845.0,3029,0,0,0,5.608905816773052,21.08715747771542,3212.1338912134142,1646
7846.0,3027,0,0,2,5.6421253853634905,21.018169805087545,3212.747431763694,1653
7847.0,3026,0,0,1,5.6729121129284765,20.895241242564442,3213.4937684289775,1646
7848.0,3024,0,0,2,5.696470635048076,20.770833333333332,3214.6050456418616,1639
7849.0,3024,0,0,0,5.722837720584663,20.580026455026456,3215.323977389506,1620
7850.0,3022,0,0,2,5.73113249893025,20.52978160158835,3216.391523890428,1610
7851.0,3022,0,0,0,5.734382251345522,20.32097948378557,3217.1097404637962,1611
7852.0,3021,0,0,1,5.717134972338743,20.254220456802383,3217.469091056835,1611
7853.0,3020,0,0,1,5.6989394157369775,20.106291390728476,3218.186957397623,1614
7854.0,3019,0,0,1,5.666334811442235,19.923484597548857,3218.9031074487166,1625
7855.0,3019,0,0,0,5.630984181548411,19.755216959258032,3219.627044023534,1607
7856.0,3019,0,0,0,5.606306187839287,19.54885723749586,3220.352367081587,1612
7857.0,3017,0,0,2,5.584180478728373,19.451441829632085,3219.7245230373237,1603
7858.0,3017,0,0,0,5.555789771725205,19.370235333112362,3220.45193452252,1601
7859.0,3017,0,0,0,5.543185774650033,19.14517732847199,3221.18029989249,1590
7860.0,3016,0,0,1,5.531752718031416,18.93633952254642,3221.384995639153,1583
7861.0,3014,0,0,2,5.515034300303704,18.83344392833444,3221.7976864121542,1584
7862.0,3013,0,0,1,5.493223800286761,18.667441088616,3222.459003544011,1591
7863.0,3013,0,0,0,5.4714220599435155,18.450381679389313,3223.192991604193,1595
7864.0,3011,0,0,2,5.432984053318831,18.42311524410495,3223.969600644441,1603
7865.0,3010,0,0,1,5.41389350368764,18.446179401993355,3224.191774050912,1605
7866.0,3009,0,0,1,5.403502065610628,18.41774675972084,3224.7296676807114,1595
7867.0,3008,0,0,1,5.361417530405804,18.29820478723404,3225.547942578416,1603
7868.0,3008,0,0,0,5.331626005519484,18.398271276595743,3226.2934946175683,1626
7869.0,3008,0,0,0,5.307707543521346,18.31316489361702,3227.04092271665,1634
7870.0,3005,0,0,3,5.252380703150012,18.476539101497504,3226.5697158266025,1652
7871.0,3005,0,0,0,5.206345926807434,18.539767054908484,3227.3238654988063,1662
7872.0,3005,0,0,0,5.152294034583049,18.73144758735441,3228.081880887194,1680
7873.0,3005,0,0,0,5.108476629670882,18.80965058236273,3228.8426532064736,1668
7874.0,3005,0,0,0,5.060034059088928,18.921131447587353,3229.60596196102,1678
7875.0,3005,0,0,0,5.000974139676207,19.01497504159734,3230.373337150093,1696
7876.0,3003,0,0,2,4.948702629726754,18.871794871794872,3230.115210827118,1705
7877.0,3001,0,0,2,4.893265518609696,18.934355214928356,3230.2365380359433,1718
7878.0,2998,0,0,3,4.833756201334327,19.028352234823217,3230.2970785039984,1719
7879.0,2997,0,0,1,4.802064797665838,19.168835502168836,3230.925763187383,1755
7880.0,2995,0,0,2,4.7714221629405165,19.302838063439065,3230.8618524063504,1759
7881.0,2994,0,1,2,4.741174120577274,19.420841683366735,3229.995603109958,1781
7882.0,2994,0,0,0,4.732418543028827,19.48363393453574,3230.7791873566744,1780
7883.0,2993,0,0,1,4.7107165797582295,19.65519545606415,3231.4750250359343,1802
7884.0,2991,0,0,2,4.672993205994725,19.70244065529923,3231.5932448699314,1819
7885.0,2990,0,0,1,4.643392976477861,19.93578595317726,3231.9221264797807,1842
7886.0,2990,0,0,0,4.627788968760858,20.076588628762543,3232.7110419574165,1858
7887.0,2988,0,0,2,4.592226268451336,20.30053547523427,3233.9522804457083,1858
7888.0,2989,0,1,0,4.572225503698273,20.53730344596855,3233.6626695930945,1871
7889.0,2990,0,2,1,4.54608531214558,20.891973244147156,3232.275860134936,1894
7890.0,2989,0,0,1,4.504250988052774,21.22415523586484,3232.7581265187137,1910
7891.0,2989,0,1,1,4.47728674033251,21.29140180662429,3231.4979908408623,1915
7892.0,2989,0,0,0,4.45389571668915,21.611910337905655,3232.2983348160533,1944
7893.0,2990,0,1,0,4.421090586267745,22.02173913043478,3232.019725190758,1963
7894.0,2990,0,0,0,4.389141557550543,22.375585284280938,3232.8243508026158,1978
7895.0,2992,0,2,0,4.359035943139314,22.66644385026738,3231.469603208511,1989
7896.0,2992,0,0,0,4.352744638495376,22.913101604278076,3232.277387130538,1988
7897.0,2991,0,0,1,4.3151250496723454,23.246071547977266,3233.0852304221276,1996
7898.0,2989,0,0,2,4.275466963047213,23.25794580127133,3233.850604065328,1987
7899.0,2989,0,1,1,4.241365658312805,23.663098026095685,3233.704187687922,2014
7900.0,2989,0,0,0,4.218172320071785,23.935429909668784,3234.5213076299306,2023
7901.0,2988,0,0,1,4.178252702504543,24.336345381526105,3235.2492162516346,2045
7902.0,2988,0,0,0,4.170395433829445,24.59404283801874,3236.070377619714,2048
7903.0,2987,0,0,1,4.164295332798724,25.052226314027454,3236.8759425169346,2058
7904.0,2987,0,1,1,4.152267151824176,25.480749916303985,3236.434878293969,2068
7905.0,2986,0,0,1,4.154176305788787,25.785331547220363,3237.237696121148,2074
7906.0,2986,0,0,0,4.160996303644022,26.256195579370395,3238.0616208584306,2090
7907.0,2985,0,1,2,4.151753110187986,26.721608040201005,3236.757285215662,2101
7908.0,2986,0,1,0,4.148505420736572,27.119557937039517,3236.4986232374767,2120
7909.0,2985,0,0,1,4.116249608422667,27.65795644891122,3236.326829385835,2133
7910.0,2984,0,0,1,4.0891724651936014,28.152144772117964,3236.7648467658883,2148
7911.0,2984,0,0,0,4.060834769799955,28.671246648793566,3237.595933305619,2161
7912.0,2983,0,0,1,4.048682368931101,29.162252765672143,3237.931759919072,2172
7913.0,2983,0,0,0,4.04312482903203,29.598055648675828,3238.763195031459,2179
7914.0,2983,0,0,0,4.02695395281668,30.125041904123364,3239.5959914726272,2185
7915.0,2983,0,0,0,4.018908793402753,30.510559839088167,3240.4286892471678,2185
7916.0,2983,0,0,0,4.0132476490359785,31.04358028830037,3241.261856762862,2184
7917.0,2983,0,0,0,4.000496010314973,31.540730807911498,3242.095682627854,2183
7918.0,2983,0,0,0,4.001172321847306,31.956084478712704,3242.92949676852,2187
7919.0,2983,0,0,0,3.987313868123823,32.47133757961783,3243.764411021173,2193
7920.0,2983,0,0,0,3.9681645796792155,32.97720415688904,3244.6008831705954,2202
7921.0,2983,0,0,0,4.049735907631445,31.32316459939658,3245.4313406471338,2077
7922.0,2982,0,0,1,4.154357532600013,30.308853118712275,3246.3582106379836,1995
7923.0,2981,0,0,1,4.298101417433613,29.53270714525327,3247.0630016506793,1922
7924.0,2980,0,0,1,4.462970030190047,28.8251677852349,3247.4880285526983,1869
7925.0,2979,0,0,1,4.627488717701282,28.355488418932527,3248.13527435981,1833
7926.0,2979,0,0,0,4.823622805828846,27.871097683786505,3248.9135395549324,1796
7927.0,2977,0,0,2,4.97333707248395,27.58750419885791,3248.9423730053127,1757
7928.0,2976,0,0,1,5.13038846236361,27.02956989247312,3249.226949597537,1732
7929.0,2976,0,0,0,5.276284445641247,26.76478494623656,3249.9754411362624,1710
7930.0,2976,0,0,0,5.382145202405549,26.31081989247312,3250.716530970251,1691
7931.0,2974,0,0,2,5.473296481909341,26.179219905850704,3251.2107058205606,1694
7932.0,2974,0,0,0,5.555108944191999,25.932750504371217,3251.9403973536087,1678
7933.0,2975,0,1,0,5.586037783437179,25.740840336134454,3251.5740687569864,1674
7934.0,2975,0,0,0,5.615330485418531,25.24638655462185,3252.2992686010234,1657
7935.0,2975,0,0,0,5.6500155989745995,24.830252100840337,3253.0214573568473,1637
7936.0,2975,0,0,0,5.671647069791395,24.42252100840336,3253.7418401238997,1635
7937.0,2974,0,0,1,5.690557323580073,24.062205783456623,3254.5692172870004,1618
7938.0,2973,0,0,1,5.702866549565349,23.717120753447695,3255.258082940607,1606
7939.0,2973,0,0,0,5.722692970302408,23.46619576185671,3255.9763064828358,1612
7940.0,2973,0,0,0,5.7365479657564595,23.25664312142617,3256.693848617513,1599
7941.0,2972,0,0,1,5.721996938692094,22.98822341857335,3256.5683248278838,1607
7942.0,2972,0,0,0,5.719886835115824,22.849259757738896,3257.287356835505,1604
7943.0,2971,0,0,1,5.697601189043086,22.531134298216088,3258.0097420192615,1591
7944.0,2970,0,0,1,5.675705340544652,22.355555555555554,3258.3488784527913,1593
7945.0,2970,0,0,0,5.65390320438734,22.196296296296296,3259.071568527649,1605
7946.0,2970,0,0,0,5.652882469929666,21.996969696969696,3259.7945220109905,1597
7947.0,2969,0,0,1,5.624813896407092,21.916807005725833,3260.5515474752615,1604
7948.0,2969,0,0,0,5.633262181469926,21.66520714045133,3261.27683567783,1589
7949.0,2968,0,0,1,5.615274126935794,21.513814016172507,3261.957637479334,1601
7950.0,2966,0,0,2,5.602154149345533,21.194200944032367,3261.7286928816097,1596
7951.0,2966,0,0,0,5.5747295465050435,21.039447066756576,3262.458992411643,1592
7952.0,2965,0,0,1,5.544665326145027,20.966610455311972,3263.1762763260235,1587
7953.0,2965,0,0,0,5.533059016560407,20.80741989881956,3263.9106411750317,1587
7954.0,2965,0,0,0,5.514184920290187,20.736930860033727,3264.6462728080496,1602
7955.0,2965,0,0,0,5.485692587310537,20.709612141652613,3265.3840918134615,1593
7956.0,2963,0,0,2,5.455813977955652,20.708403644954437,3266.0471460254726,1609
7957.0,2962,0,0,1,5.430275925569233,20.680958811613774,3266.5545892858786,1617
7958.0,2961,0,0,1,5.4088794271110565,20.606551840594395,3266.9724575158157,1627
7959.0,2960,0,0,1,5.399132793033342,20.680743243243242,3267.59574773122,1648
7960.0,2959,0,0,1,5.357146279682786,20.76309564041906,3268.098668342051,1655
7961.0,2956,0,0,3,5.297820959551803,20.865020297699594,3267.9716993201523,1668
7962.0,2955,0,0,1,5.250469516707652,20.842301184433165,3268.4635952710287,1659
7963.0,2954,0,0,1,5.188296265186244,20.966824644549764,3269.1991389471773,1676
7964.0,2954,0,0,0,5.132548675603975,21.101218686526742,3269.96175869431,1693
7965.0,2953,0,0,1,5.089150989483667,21.138841855739926,3270.535679747728,1693
7966.0,2951,0,0,2,5.042745745879416,21.225686208065063,3271.0193083193694,1685
7967.0,2949,0,0,2,4.995445458723615,21.391658189216685,3271.0220648184295,1700
7968.0,2948,0,0,1,4.974371500576192,21.51492537313433,3271.619844099554,1710
7969.0,2946,0,0,2,4.965460165018303,21.622199592668025,3272.3633085307983,1728
7970.0,2943,0,0,3,4.938835712848584,21.746517159361197,3272.4035425468464,1728
7971.0,2943,0,1,1,4.942926715494793,21.79068977234115,3271.8929037083185,1725
7972.0,2942,0,0,1,4.930409439216579,21.97892590074779,3272.0128000483237,1728
7973.0,2942,0,0,0,4.921306504484126,22.18830727396329,3272.788779544281,1742
7974.0,2943,0,2,1,4.893024888434436,22.270132517838938,3270.632565136957,1757
7975.0,2943,0,0,0,4.848032450508909,22.522256201155283,3271.4134729651496,1783
7976.0,2944,0,1,0,4.8322319593286025,22.592391304347824,3271.0837950806517,1794
7977.0,2943,0,1,2,4.785276794364552,22.831124702684335,3271.1365692071276,1811
7978.0,2940,0,0,3,4.731650941672959,23.13469387755102,3271.9895305065693,1833
7979.0,2938,0,0,2,4.683102246950982,23.40639891082369,3272.5380100708803,1839
7980.0,2937,0,1,2,4.628373857072717,23.747361252979232,3272.253364433687,1864
7981.0,2937,0,1,1,4.5822954470017025,24.081716036772217,3271.030808314111,1885
7982.0,2936,0,0,1,4.530910372294969,24.337874659400544,3270.903186063783,1894
7983.0,2934,0,0,2,4.493416622062747,24.69700068166326,3271.794257981037,1911
7984.0,2931,0,1,4,4.430548329571243,25.021835551006482,3271.082864481841,1925
7985.0,2930,0,0,1,4.4064103525285425,25.438225255972696,3271.584766875401,1941
7986.0,2931,0,1,0,4.388623759450787,25.792903445922892,3271.2793481949184,1945
7987.0,2931,0,0,0,4.353753180737792,26.163084271579667,3272.093030110935,1961
7988.0,2931,0,0,0,4.352244820042334,26.593312862504266,3272.9071832326986,1985
7989.0,2930,0,1,2,4.329185640492117,26.919112627986348,3271.821006847311,1999
7990.0,2930,0,0,0,4.31972391350787,27.12730375426621,3272.638261139735,1995
7991.0,2931,0,1,0,4.303698007835963,27.467417263732514,3272.3398041624,2009
7992.0,2929,0,0,2,4.2861588451214665,27.87948105155343,3273.472298849334,2013
7993.0,2926,0,0,3,4.247928657381603,28.42412850307587,3273.345583677757,2028
7994.0,2925,0,1,2,4.229153002481165,28.881367521367522,3272.9618409256827,2029
7995.0,2926,0,1,0,4.211209094922773,29.352016404647983,3272.66804485462,2040
7996.0,2926,0,0,0,4.201015800757435,29.669514695830486,3273.494405348339,2037
7997.0,2926,0,0,0,4.192227378376785,29.902255639097746,3274.3215666375063,2051
7998.0,2926,0,0,0,4.179773232543593,30.44360902255639,3275.1498521562266,2061
7999.0,2925,0,0,1,4.185084786722021,30.867350427350427,3275.7019093200206,2068
8000.0,2925,0,0,0,4.168419718795649,31.355897435897436,3276.5316323179136,2081
8001.0,2925,0,0,0,4.1537551955325105,31.88991452991453,3277.36227034374,2093
8002.0,2925,0,1,1,4.142043589778132,32.364102564102566,3277.0258253361885,2097
8003.0,2925,0,0,0,4.147282113449314,32.76136752136752,3277.856930449883,2086
8004.0,2925,0,0,0,4.1208111842264445,33.051965811965815,3278.6892510207927,2086
8005.0,2925,0,0,0,4.113709731015685,33.3948717948718,3279.522403329719,2090
8006.0,2925,0,0,0,4.0806228516027065,33.91863247863248,3280.357716004177,2108
8007.0,2924,0,0,1,4.0721615629905905,34.48084815321477,3280.922483043936,2119
8008.0,2924,0,0,0,4.0478921973493955,35.07079343365253,3281.7593863917386,2141
8009.0,2922,0,0,1,4.003391049732812,35.488021902806295,3282.3555556584256,2157
8010.0,2922,0,0,0,3.9793028761528033,35.869609856262834,3283.195896771,2166
8011.0,2922,0,0,1,4.047973379229016,34.33127994524298,3284.1341759818583,2048
8012.0,2921,0,0,1,4.152050967611853,33.431701472098595,3284.42866748323,1961
8013.0,2921,0,0,0,4.298153118349697,32.81239301609038,3285.2458375461815,1908
8014.0,2920,0,0,0,4.471117167966573,32.141780821917806,3286.0441218204824,1859
8015.0,2918,0,0,3,4.636336806320738,31.53427004797807,3286.683474464802,1820
8016.0,2918,0,0,0,4.813394491634151,31.077793008910213,3287.4672517089743,1784
8017.0,2917,0,0,1,4.9741521993710025,30.717860815906754,3287.9439136798833,1749
8018.0,2917,0,0,0,5.096382373815893,30.389441206719233,3288.7102065423505,1733
8019.0,2916,0,0,1,5.194568506951677,30.21604938271605,3288.746593425229,1716
8020.0,2916,0,0,0,5.298955818639343,29.93758573388203,3289.4990813159525,1698
8021.0,2916,0,0,0,5.380338912861808,29.60048010973937,3290.2467024417024,1671
8022.0,2916,0,0,0,5.45706414526533,29.364197530864196,3290.9892779958864,1664
8023.0,2916,0,0,0,5.523095690407009,29.21639231824417,3291.7273874486336,1651
8024.0,2915,0,0,1,5.586244039864797,28.478902229845627,3292.3131108710318,1620
8025.0,2914,0,0,1,5.632434794004092,27.927934111187373,3293.1732264843295,1607
8026.0,2913,0,0,1,5.66327089201762,27.39615516649502,3293.986395527811,1603
8027.0,2913,0,0,0,5.685543535409725,27.201167181599725,3294.714070723489,1602
8028.0,2913,0,0,0,5.6936217213866325,26.976999656711293,3295.4413542477505,1598
8029.0,2913,0,0,0,5.6993229339708575,26.65636800549262,3296.168822367481,1592
8030.0,2913,0,0,0,5.699491707372484,26.360453141091657,3296.896026363363,1580
8031.0,2911,0,0,2,5.690234720009265,26.101339745791822,3297.051790985699,1592
8032.0,2911,0,0,0,5.675492706772366,25.996908278941945,3297.7800839495635,1586
8033.0,2911,0,0,0,5.666912408096837,25.932669185846787,3298.509323088812,1590
8034.0,2908,0,0,3,5.657572036447947,25.682599724896836,3300.09879869423,1591
8035.0,2906,0,0,2,5.647513108849334,25.19614590502409,3301.2377876844225,1563
8036.0,2905,0,0,1,5.6516440458639785,24.930120481927712,3302.022851470502,1566
8037.0,2904,0,0,1,5.623638021885711,24.539256198347108,3302.577889231973,1553
8038.0,2902,0,0,2,5.591022766172578,24.342522398345967,3303.169225360328,1546
8039.0,2902,0,0,0,5.587096743692979,24.167470709855273,3303.9016727559606,1538
8040.0,2902,0,0,0,5.560415717023284,24.08890420399724,3304.635545862124,1551
8041.0,2901,0,0,1,5.5363885784806675,24.028610823853843,3305.3260387772425,1563
8042.0,2899,0,0,2,5.511755478641764,23.99103139013453,3305.3192855564153,1564
8043.0,2899,0,0,0,5.490817861845815,23.94135908934115,3306.0577630421535,1567
8044.0,2898,0,0,1,5.479232165896003,23.67632850241546,3306.549531769492,1573
8045.0,2896,0,0,2,5.449248177944283,23.576312154696133,3306.4710865869542,1575
8046.0,2895,0,0,1,5.432812767352773,23.355440414507772,3306.9835872259787,1580
8047.0,2894,0,0,1,5.4077356976439575,23.221492743607463,3307.38734081521,1582
8048.0,2894,0,0,0,5.40499192145303,23.159640635798205,3308.132451017677,1587
8049.0,2893,0,0,1,5.366657162899619,23.128931904597305,3308.802533446617,1575
8050.0,2893,0,0,0,5.3174376396826695,23.1116488074663,3309.553930941904,1590
8051.0,2892,0,0,1,5.2786812268232906,23.149723374827108,3309.946148086234,1597
8052.0,2892,0,0,0,5.237267188652468,23.283195020746888,3310.7035881076245,1614
8053.0,2890,0,0,2,5.183827669117727,23.38235294117647,3311.356071775899,1622
8054.0,2889,0,0,1,5.124211213874056,23.343717549325024,3311.8175525189695,1624
8055.0,2889,0,0,0,5.067812997848569,23.470404984423677,3312.5858662476708,1648
8056.0,2888,0,0,1,5.015265572434364,23.558518005540165,3313.0170171504424,1645
8057.0,2886,0,0,2,4.981705243996157,23.603950103950105,3313.649996564599,1655
8058.0,2886,0,0,0,4.957820177674026,23.66146916146916,3314.424907569563,1665
8059.0,2885,0,0,1,4.949632495253478,23.874870017331023,3315.607097294749,1676
8060.0,2885,0,0,0,4.934873993715669,24.05199306759099,3316.383905650559,1701
8061.0,2884,0,1,2,4.916643768304567,24.207350901525658,3314.900279278294,1719
8062.0,2884,0,1,1,4.91714542237341,24.419556171983356,3314.5654897004547,1722
8063.0,2882,0,0,2,4.9094326467539515,24.502428868841083,3315.1828471239164,1728
8064.0,2881,0,1,2,4.895767422575316,24.668170774036792,3314.1829421755924,1738
8065.0,2881,0,0,0,4.880414226456025,24.808052759458523,3314.9638795494507,1751
8066.0,2881,0,0,0,4.845332098076624,24.98958694897605,3315.7472943661805,1772
8067.0,2882,0,2,1,4.804603763215036,25.003122831367108,3313.9785774960333,1766
8068.0,2882,0,0,0,4.767554437668719,25.215128383067313,3314.7667320654095,1786
8069.0,2882,0,1,1,4.718956073825997,25.44587092297016,3313.6899562047097,1805
8070.0,2881,0,0,1,4.687015457623377,25.653592502603264,3314.628971306951,1825
8071.0,2881,0,1,1,4.654351298566302,25.911141964595625,3313.4698580480162,1838
8072.0,2882,0,1,0,4.632592936620783,25.914295628036086,3313.1180392699653,1847
8073.0,2882,0,1,1,4.603352088575331,26.0735600277585,3311.606075440658,1852
8074.0,2882,0,0,0,4.568485043622613,26.199167244968773,3312.408608099496,1863
8075.0,2883,0,1,0,4.53545759552618,26.440860215053764,3312.0647249128037,1872
8076.0,2883,0,0,0,4.50387238075436,26.749913284772806,3312.871829931906,1901
8077.0,2883,0,1,1,4.478921451002701,26.871661463753036,3312.8381887981122,1912
8078.0,2883,0,0,0,4.45661913165338,27.20950398890045,3313.648673535677,1928
8079.0,2884,0,2,1,4.420432685629531,27.44348127600555,3312.084741701673,1945
8080.0,2884,0,0,0,4.388111310637259,27.6497919556172,3312.900464805146,1952
8081.0,2884,0,1,1,4.358374929491823,28.05963938973648,3312.6303931573593,1971
8082.0,2885,0,1,0,4.333478661226884,28.280415944540728,3312.301719331343,1991
8083.0,2884,0,0,1,4.317572319895858,28.682038834951456,3313.2375539131144,2004
8084.0,2883,0,0,1,4.308214708061717,29.009018383628167,3313.7887002582884,2016
8085.0,2882,0,0,0,4.305911016977642,29.213393476752255,3314.084598432069,2019
8086.0,2883,0,1,0,4.288493136749529,29.388831078737425,3313.760043166083,2030
8087.0,2883,0,1,1,4.272174951777269,29.464446756850503,3312.67096485625,2050
8088.0,2883,0,0,0,4.2668677910079875,29.76448144294138,3313.498688240156,2057
8089.0,2883,0,0,0,4.256740811030993,30.095386749913285,3314.327185183512,2083
8090.0,2884,0,1,0,4.250220811926786,30.45873786407767,3314.0061364293274,2095
8091.0,2885,0,0,0,4.245676226205239,30.729636048526864,3315.363888215007,2098
8092.0,2885,0,0,0,4.227531696089268,31.03258232235702,3316.1953772008756,2111
8093.0,2884,0,0,1,4.208301729701399,31.385228848821082,3316.1580792151917,2111
8094.0,2884,0,0,0,4.184109149478708,31.74514563106796,3316.9917565254527,2119
8095.0,2883,0,0,1,4.1734532271283475,31.99132847728061,3317.5593586296322,2114
8096.0,2882,0,0,1,4.154190885200343,32.01075641915337,3318.519247128616,2117
8097.0,2882,0,0,0,4.139224370199521,32.29042331714088,3319.3551002836784,2132
8098.0,2881,0,0,1,4.126911640337761,32.54043734814301,3319.7491352841093,2134
8099.0,2880,0,0,1,4.115884701653697,32.912847222222226,3320.721614637547,2141
8100.0,2880,0,0,0,4.102993820080827,33.28576388888889,3321.5597990577276,2143
8101.0,2880,0,0,0,4.187386929403938,31.61076388888889,3322.3914413912353,2024
8102.0,2880,0,0,0,4.31118681366046,30.64409722222222,3323.2138111103754,1951
8103.0,2878,0,0,2,4.449460076313136,29.61640027797081,3323.5140883112495,1873
8104.0,2878,0,0,0,4.610590492269044,28.88394718554552,3324.315779460066,1832
8105.0,2877,0,0,1,4.778171003762288,28.179005908932915,3324.9926504578507,1804
8106.0,2876,0,0,1,4.950714216309992,27.44401947148818,3325.6215016540013,1763
8107.0,2875,0,0,1,5.099958989586112,26.908521739130435,3326.1190986919883,1726
8108.0,2875,0,0,0,5.23691546836564,26.417739130434782,3326.879160018761,1706
8109.0,2874,0,0,1,5.348896921371112,26.059498956158663,3327.71018055214,1698
8110.0,2874,0,0,0,5.436160181543643,25.822199025748088,3328.456838764092,1683
8111.0,2874,0,0,0,5.5172547948242885,25.739039665970772,3329.1982002887153,1676
8112.0,2874,0,0,0,5.590775163834323,25.401183020180934,3329.9351711360487,1650
8113.0,2874,0,0,0,5.65417362293876,25.231732776617953,3330.6681045932623,1630
8114.0,2874,0,0,0,5.699136473629849,25.083855254001392,3331.397618308101,1637
8115.0,2874,0,0,0,5.739919844159377,24.799234516353515,3332.124836859248,1611
8116.0,2874,0,0,0,5.764840679761568,24.49652052887961,3332.849508552595,1596
8117.0,2874,0,0,0,5.787000076218797,24.27974947807933,3333.5734776395607,1591
8118.0,2873,0,0,1,5.8109416362590895,24.10476853463279,3334.127376577176,1592
8119.0,2872,0,0,1,5.835643424160412,24.07033426183844,3334.8969536421587,1588
8120.0,2871,0,0,1,5.844582098522298,23.86833855799373,3335.6292211095847,1590
8121.0,2871,0,0,0,5.851839774368398,23.857192615813304,3336.3504674922337,1598
8122.0,2870,0,0,1,5.846734889343312,23.84459930313589,3336.9230653301934,1597
8123.0,2869,0,0,1,5.833179647018015,23.785639595677935,3337.6738776176467,1593
8124.0,2869,0,0,0,5.8399265847451645,23.58905542000697,3338.396250866969,1593
8125.0,2868,0,0,1,5.826759672507388,23.309623430962343,3339.268772811426,1580
8126.0,2866,0,0,2,5.828920003122828,23.28506629448709,3340.038243585513,1584
8127.0,2866,0,0,0,5.831118202091011,23.155617585484997,3340.76172292544,1579
8128.0,2865,0,0,1,5.83681965025079,22.92216404886562,3341.248367589482,1569
8129.0,2865,0,0,0,5.846448486434451,22.633158813263524,3341.9706229979515,1567
8130.0,2864,0,0,1,5.832676458383582,22.575418994413408,3342.585156866212,1571
8131.0,2864,0,0,0,5.820367456554968,22.526885474860336,3343.3097454657286,1579
8132.0,2862,0,0,2,5.787320959682794,22.53214535290007,3343.7414100898754,1579
8133.0,2860,0,0,2,5.785474470868124,22.47902097902098,3344.008972511069,1587
8134.0,2859,0,0,1,5.762380294298776,22.46659671213711,3344.7905190055953,1589
8135.0,2858,0,0,1,5.741635806040089,22.472708187543738,3345.5682918542534,1578
8136.0,2857,0,0,1,5.738977810363334,22.409170458522926,3345.9170846796974,1575
8137.0,2856,0,0,1,5.733962774911123,22.394957983193276,3346.8080509680867,1570
8138.0,2853,0,0,3,5.710560243445932,22.347353662811077,3346.4182235120556,1574
8139.0,2852,0,0,1,5.697646200760928,22.242636746143056,3347.049227922662,1582
8140.0,2851,0,0,1,5.655073594121752,22.21641529287969,3347.527795500434,1591
8141.0,2851,0,0,0,5.633792799446002,21.916169764994738,3348.268025163097,1585
8142.0,2851,0,0,0,5.601134826776234,21.701858996843214,3349.009742798323,1588
8143.0,2851,0,0,0,5.567872558313987,21.506138197123818,3349.7536633659124,1587
8144.0,2851,0,0,0,5.524341584130085,21.442651701157487,3350.500167073788,1600
8145.0,2851,0,0,0,5.486018190343481,21.3707471062785,3351.248923436338,1597
8146.0,2850,0,0,1,5.458404076578694,21.113684210526316,3351.6443586961573,1606
8147.0,2849,0,0,1,5.441280203687444,20.99052299052299,3352.478528091112,1616
8148.0,2848,0,0,1,5.41740427403144,20.91116573033708,3353.353046651227,1617
8149.0,2845,0,0,3,5.368970993332567,20.827768014059753,3353.5856636910303,1647
8150.0,2846,0,1,0,5.330360211474243,20.95080815179199,3353.1663877203937,1670
8151.0,2845,0,0,1,5.28659471346041,20.923725834797892,3353.5340756473724,1679
8152.0,2844,0,1,2,5.245798070210218,20.932137834036567,3353.6595585705277,1688
8153.0,2843,0,1,2,5.20214275894475,21.089342244108337,3353.2133940704216,1712
8154.0,2841,0,0,2,5.1656639492314635,21.245336149243226,3353.1984790291444,1726
8155.0,2841,0,0,0,5.132954949865266,21.190425906370997,3353.969849735185,1727
8156.0,2841,0,0,0,5.117049379752043,21.307990144315383,3354.7428989867276,1742
8157.0,2842,0,2,1,5.0789348306358715,21.4292751583392,3352.786186729295,1754
8158.0,2842,0,0,0,5.0624048063178835,21.541168191414496,3353.56315284333,1766
8159.0,2840,0,0,2,5.053994461647353,21.789788732394367,3353.10286905544,1767
8160.0,2836,0,2,6,4.9859705781566,21.961565585331453,3350.4416271469245,1781
8161.0,2836,0,0,0,4.957964794875631,22.09485190409027,3351.225071849482,1788
8162.0,2836,0,1,1,4.911480696029845,22.24576868829337,3350.79776046445,1800
8163.0,2834,0,0,2,4.871738557231001,22.419901199717714,3351.3756953540524,1811
8164.0,2834,0,0,0,4.829273524238578,22.49788285109386,3352.1669826209145,1825
8165.0,2835,0,1,0,4.798635385348417,22.696649029982364,3351.7775177733943,1846
8166.0,2835,0,1,1,4.7742052867347455,23.063139329805995,3351.2837778729854,1871
8167.0,2834,0,0,1,4.746067656540181,23.09985885673959,3351.5041313222323,1884
8168.0,2833,0,0,1,4.7239535931071845,23.46981997882104,3352.512255704964,1886
8169.0,2834,0,1,0,4.700804404817052,23.78440366972477,3352.1296420848503,1911
8170.0,2832,0,0,2,4.663314611040627,24.1034604519774,3353.2381650238003,1917
8171.0,2832,0,0,0,4.640652062849382,24.35204802259887,3354.0430151307105,1931
8172.0,2831,0,0,1,4.616868000978717,24.693394560226068,3354.1235889815084,1953
8173.0,2831,0,0,0,4.62093736713022,24.98481102084069,3354.9309742392566,1955
8174.0,2831,0,2,2,4.621637234935848,25.34510773578241,3353.059236109279,1966
8175.0,2831,0,0,0,4.6226445226472,25.695513952666904,3353.867037967802,1981
8176.0,2831,0,0,0,4.630021086299063,26.032144118685977,3354.674885168258,1976
8177.0,2831,0,0,0,4.619018691026044,26.480395619922287,3355.484194099267,1990
8178.0,2831,0,0,0,4.587465618134461,26.81985164252914,3356.295894218002,2002
8179.0,2829,0,0,2,4.558444200207424,27.204665959703075,3355.869798367586,2011
8180.0,2830,0,2,1,4.535600625523122,27.524028268551238,3353.5480453736686,2021
8181.0,2831,0,1,0,4.517616435472038,27.754856941010242,3353.1797772721225,2019
8182.0,2831,0,0,0,4.495383169240794,28.11656658424585,3353.998423664652,2027
8183.0,2829,0,0,2,4.4637552204941695,28.571226581831034,3353.9196810001818,2041
8184.0,2828,0,0,1,4.43697880485055,28.98939179632249,3353.6814581132653,2056
8185.0,2828,0,0,0,4.410671140900869,29.224540311173975,3354.5053102859306,2063
8186.0,2828,0,0,0,4.386815795703371,29.51874115983027,3355.3304828006676,2069
8187.0,2827,0,0,1,4.366140581080671,29.833392288645207,3356.0498805033953,2079
8188.0,2826,0,0,1,4.338894802800857,30.36058032554848,3356.5836889447687,2100
8189.0,2825,0,0,1,4.319975963633033,30.907610619469025,3357.392713583081,2118
8190.0,2825,0,0,0,4.293372981584108,31.31504424778761,3358.2243058748127,2111
8191.0,2825,0,0,0,4.3688303359295535,29.688141592920353,3359.0503475284504,1993
8192.0,2825,0,0,0,4.512180619010799,28.764601769911504,3359.8669247153975,1912
8193.0,2825,0,0,0,4.658772507485383,28.12849557522124,3360.6733420487894,1853
8194.0,2824,0,0,1,4.816122230109892,27.552053824362606,3361.8167509258474,1811
8195.0,2824,0,0,0,4.98774739757471,26.967067988668557,3362.5994430036894,1765
8196.0,2823,0,0,1,5.1651833554705195,26.560750974140984,3363.1875637412245,1731
8197.0,2823,0,0,0,5.3245683222463045,26.151611760538433,3363.947834244343,1705
8198.0,2823,0,0,0,5.459202622351204,25.749202975557917,3364.6986130464643,1671
8199.0,2822,0,0,1,5.557606963725654,25.477321048901487,3365.5180820624932,1656
8200.0,2823,0,1,0,5.642783940461472,25.213248317392843,3365.064852069136,1639
8201.0,2823,0,0,0,5.699893176641318,25.095642933049948,3365.8005688136705,1632
8202.0,2823,0,0,0,5.754614420449341,24.85405596882749,3366.5326043744626,1628
8203.0,2823,0,0,0,5.790606342127689,24.69819341126461,3367.2620754144777,1620
8204.0,2823,0,0,0,5.80846612877375,24.46900460503011,3367.9904513835613,1618
8205.0,2823,0,0,0,5.843605889125031,24.00035423308537,3368.716184233859,1590
8206.0,2822,0,0,1,5.852453119686069,23.832034018426647,3369.327611023021,1578
8207.0,2821,0,0,1,5.846656526786138,23.678482807515067,3370.345718658477,1580
8208.0,2820,0,0,1,5.861955767312396,23.423758865248228,3371.067510763812,1575
8209.0,2820,0,0,0,5.875654876315943,23.25531914893617,3371.7904753629614,1569
8210.0,2820,0,0,0,5.882878453381513,23.07304964539007,3372.511545065548,1565
8211.0,2820,0,0,0,5.892416161675262,23.078014184397162,3373.2320739372217,1568
8212.0,2820,0,0,0,5.876357289186028,23.125531914893617,3373.9535929939248,1571
8213.0,2820,0,0,0,5.860602098727285,22.78368794326241,3374.674652988485,1562
8214.0,2820,0,0,0,5.8604435168488624,22.65886524822695,3375.396648315079,1558
8215.0,2819,0,0,1,5.862562737032816,22.519333096842853,3375.677005431461,1559
8216.0,2818,0,0,1,5.8633755652537936,22.242370475514548,3376.1266131886937,1536
8217.0,2819,0,1,0,5.873379331976194,21.904576090812345,3375.650540368601,1520
8218.0,2817,0,0,2,5.885270706874424,21.727014554490594,3376.3053993302888,1517
8219.0,2815,0,0,2,5.901252811427149,21.368383658969805,3376.586131241683,1503
8220.0,2813,0,0,2,5.90244796899164,21.219338784216138,3376.6334442693114,1493
8221.0,2812,0,0,1,5.9003601553219776,20.92140825035562,3377.6412234027216,1484
8222.0,2808,0,0,4,5.8649371242694945,20.92663817663818,3376.9627817018873,1499
8223.0,2808,0,0,0,5.851596372294722,20.998575498575498,3377.686079278522,1502
8224.0,2807,0,1,1,5.84657577219983,20.95226220163876,3377.1716949833026,1500
8225.0,2807,0,0,0,5.835968096605204,20.849305308158176,3377.895655208145,1504
8226.0,2807,0,0,1,5.832188054612923,20.742073387958676,3378.735947871682,1505
8227.0,2806,0,0,1,5.814710955765492,20.576265146115468,3379.808155296028,1503
8228.0,2804,0,0,2,5.782626059917082,20.522111269614836,3380.6190931288147,1503
8229.0,2803,0,1,2,5.736009169139952,20.50909739564752,3380.6061045487295,1504
8230.0,2802,0,0,1,5.698588316177608,20.401142041399,3381.0950766821156,1513
8231.0,2800,0,0,2,5.658433350136402,20.54642857142857,3381.6296760291707,1537
8232.0,2798,0,0,2,5.610888134532946,20.600071479628305,3381.6165542214285,1532
8233.0,2798,0,0,0,5.571823210325221,20.72301644031451,3382.360051161285,1544
8234.0,2796,0,0,2,5.526868324956969,20.917739628040056,3383.029996670187,1557
8235.0,2796,0,0,0,5.498200504957183,21.13483547925608,3383.779240619221,1573
8236.0,2796,0,1,1,5.46042340563806,21.218884120171673,3382.924255870708,1580
8237.0,2796,0,0,0,5.43120736913712,21.224964234620888,3383.677879682838,1583
8238.0,2795,0,0,1,5.40009184656635,21.414669051878356,3384.2914322910647,1613
8239.0,2794,0,0,1,5.382258849588124,21.45597709377237,3384.6809542980836,1629
8240.0,2791,0,0,3,5.344908868433489,21.699749193837334,3383.8473697090058,1645
8241.0,2790,0,1,2,5.318585249569688,21.865591397849464,3383.7029844097865,1656
8242.0,2788,0,0,2,5.283790805464299,22.14777618364419,3384.967878297938,1675
8243.0,2789,0,2,1,5.240697602330566,22.48476156328433,3383.7651837902936,1719
8244.0,2787,0,0,2,5.210394351060642,22.67886616433441,3384.4706469634175,1731
8245.0,2785,0,1,3,5.174047004503121,22.92818671454219,3384.0607032278886,1729
8246.0,2785,0,0,0,5.1474962174152985,23.133213644524236,3384.8331173464226,1741
8247.0,2786,0,2,1,5.1066293155876235,23.40021536252692,3382.484788757804,1759
8248.0,2785,0,0,1,5.066016059449438,23.82010771992819,3383.322033560387,1779
8249.0,2784,0,1,2,5.022203227724899,24.10237068965517,3382.196037146389,1784
8250.0,2785,0,1,0,4.9742450376096965,24.36301615798923,3381.765854812586,1801
8251.0,2786,0,1,0,4.929450729439169,24.545585068198132,3381.33900942799,1813
8252.0,2785,0,0,1,4.881052089989305,24.91597845601436,3381.6776334022934,1829
8253.0,2785,0,1,1,4.824155539618797,25.175942549371634,3380.578443187283,1844
8254.0,2786,0,1,0,4.800142566195256,25.454055994257,3380.1602156860345,1848
8255.0,2786,0,0,0,4.7684859543005835,25.69059583632448,3380.957858892763,1853
8256.0,2787,0,2,1,4.706519042660935,26.04556871187657,3378.272068327323,1873
8257.0,2785,0,1,3,4.649714987456986,26.504129263913825,3376.7496523708364,1891
8258.0,2784,0,1,2,4.600727884966356,26.863864942528735,3376.166421271861,1900
8259.0,2783,0,0,1,4.556624604474344,27.235716852317644,3376.669127062109,1923
8260.0,2781,0,1,3,4.506039768983659,27.71628910463862,3376.197814551738,1936
8261.0,2780,0,1,2,4.458663534848225,28.06294964028777,3376.35769945961,1948
8262.0,2780,0,1,1,4.439052325173844,28.41043165467626,3375.7405923326146,1956
8263.0,2782,0,2,0,4.409642588541998,28.737958303378864,3374.1315459548346,1963
8264.0,2781,0,0,1,4.3784883956081595,29.277957569219705,3374.3948227082014,1989
8265.0,2781,0,0,0,4.382977818580481,29.733549083063647,3375.215968880023,1995
8266.0,2782,0,1,0,4.385803248850367,30.01509705248023,3374.824279004765,1991
8267.0,2781,0,0,1,4.371556394298163,30.5019777058612,3375.437158423403,2002
8268.0,2782,0,1,0,4.366975176347585,30.9352983465133,3375.046876030934,2001
8269.0,2783,0,1,0,4.364548424450152,31.230686309737692,3374.657582066044,2007
8270.0,2783,0,0,0,4.359713928190251,31.67696730147323,3375.4827218175183,2004
8271.0,2783,0,0,0,4.347589296704667,32.14193316564858,3376.3094652930217,2022
8272.0,2784,0,1,0,4.328389309684874,32.58800287356322,3375.9244383338264,2036
8273.0,2784,0,0,0,4.312304341905417,33.01867816091954,3376.7538374195333,2041
8274.0,2783,0,0,1,4.298526658269087,33.492633848365074,3377.3664948850446,2061
8275.0,2782,0,0,1,4.287693547046355,33.95722501797268,3378.778187628763,2061
8276.0,2782,0,0,0,4.2778775143345005,34.38281811646298,3379.609816524325,2064
8277.0,2782,0,0,0,4.279278709985432,34.781092739036666,3380.441603429168,2063
8278.0,2782,0,0,0,4.261069891436759,35.164629762760605,3381.275248729774,2079
8279.0,2782,0,0,0,4.247818863715965,35.652048885693745,3382.1094873468755,2084
8280.0,2781,0,0,1,4.234151310987838,36.09888529306005,3382.7804669749007,2085
8281.0,2781,0,0,0,4.30344189849555,34.724919093851135,3383.6101700979893,1968
8282.0,2781,0,0,0,4.434123600677311,33.74613448399856,3384.430412301852,1887
8283.0,2779,0,0,2,4.5654886345348755,33.2274199352285,3385.385737623903,1840
8284.0,2779,0,0,0,4.752619228828015,32.90248290752069,3386.1832107568234,1799
8285.0,2778,0,0,1,4.914736090163149,32.687185025197984,3386.687297431865,1776
8286.0,2778,0,0,0,5.0856599197272585,32.51511879049676,3387.46291283434,1754
8287.0,2778,0,0,0,5.243894377193279,32.30669546436285,3388.2277990769207,1717
8288.0,2777,0,0,1,5.355409582236658,32.00396110911055,3388.7062887135717,1697
8289.0,2777,0,0,0,5.470657957026391,31.893410154843355,3389.4560446301866,1695
8290.0,2777,0,0,0,5.569237707966864,31.7821389989197,3390.1998904507413,1673
8291.0,2776,0,0,1,5.649623097672108,31.721902017291065,3391.315685518983,1666
8292.0,2776,0,0,0,5.710351786274464,31.735590778097983,3392.051048214067,1649
8293.0,2775,0,0,1,5.748782976608835,31.741621621621622,3392.8045238320346,1631
8294.0,2775,0,0,0,5.77786539323395,31.620540540540542,3393.5361836116876,1617
8295.0,2773,0,0,2,5.808584627628361,31.43418680129823,3394.1093655606915,1597
8296.0,2773,0,0,0,5.8456615220458845,31.364587089794448,3394.837222919248,1588
8297.0,2773,0,0,0,5.860841067534285,31.067075369635774,3395.5635406808165,1575
8298.0,2772,0,0,1,5.866338953369356,30.856060606060606,3396.2829041045366,1559
8299.0,2772,0,0,0,5.883210704019645,30.673520923520922,3397.007782522739,1556
8300.0,2771,0,0,1,5.880672469237568,30.61494045470949,3397.6981978398717,1556
8301.0,2769,0,0,2,5.894493835874748,30.602022390754787,3399.0311959833234,1561
8302.0,2768,0,0,1,5.887621175858134,30.559248554913296,3400.37889747866,1545
8303.0,2768,0,0,0,5.894694979325258,30.550216763005782,3401.101556059322,1547
8304.0,2768,0,0,0,5.91182121844243,30.457731213872833,3401.8232364177547,1528
8305.0,2767,0,0,1,5.899390152004911,30.29056740151789,3402.6186959718943,1526
8306.0,2767,0,1,1,5.886315745215043,30.178532706902782,3401.7368646602854,1520
8307.0,2766,0,0,1,5.883626539669426,29.853940708604483,3402.1769090446387,1514
8308.0,2766,0,0,0,5.908253063375004,29.874909616775128,3402.897779626385,1520
8309.0,2766,0,0,0,5.908454897690992,29.6999276934201,3403.6185795927263,1504
8310.0,2765,0,0,1,5.897737882439676,29.53019891500904,3404.195202303069,1489
8311.0,2763,0,0,2,5.885008210416044,29.471950778139703,3405.3899724806383,1487
8312.0,2760,0,0,3,5.856037733546221,29.53840579710145,3406.2208144861497,1489
8313.0,2759,0,0,1,5.8275677018983565,29.562522653135193,3406.83269016275,1499
8314.0,2759,0,0,0,5.8176734476870315,29.659659296846684,3407.559476946828,1515
8315.0,2759,0,0,0,5.789120379959021,29.482058716926424,3408.2881778001424,1518
8316.0,2759,0,0,0,5.77991243991906,29.489307720188474,3409.0173219109083,1533
8317.0,2758,0,1,2,5.748537761934816,29.578680203045685,3409.133866736548,1533
8318.0,2757,0,0,1,5.725643512820254,29.499455930359087,3409.849781186222,1528
8319.0,2757,0,0,0,5.7071081815720275,29.63728690605731,3410.583254407159,1536
8320.0,2756,0,0,1,5.664452595413827,29.850145137880986,3410.1324733357073,1555
8321.0,2756,0,0,0,5.637025873634759,30.00653120464441,3410.871789417891,1556
8322.0,2755,0,0,1,5.592107982040524,30.135390199637023,3411.98310791047,1559
8323.0,2755,0,1,1,5.543342701644955,30.363702359346643,3411.8964038599274,1565
8324.0,2754,0,0,1,5.512258476234941,30.54139433551198,3412.4955507416776,1576
8325.0,2754,0,0,0,5.467856270079392,30.78721859114016,3413.2482680956473,1593
8326.0,2752,0,0,2,5.432581789505921,30.936046511627907,3414.1765329454215,1605
8327.0,2751,0,0,1,5.411673842681773,30.968738640494365,3415.161564207599,1608
8328.0,2750,0,0,1,5.3820721178256274,31.01890909090909,3415.9322900921884,1613
8329.0,2749,0,0,1,5.342745537189043,31.09421607857403,3417.016242538367,1626
8330.0,2746,0,1,3,5.309982921520579,31.164967225054625,3417.173327430939,1637
8331.0,2745,0,0,1,5.279227513279932,31.1063752276867,3418.0957224959566,1649
8332.0,2744,0,0,2,5.257991747243173,31.28862973760933,3417.576723580833,1658
8333.0,2742,0,0,2,5.223835952007705,31.585339168490155,3417.2962466883787,1674
8334.0,2743,0,1,0,5.1962764388467155,31.745534086766312,3416.819297870267,1686
8335.0,2742,0,1,2,5.163430440811179,31.937636761487965,3416.1262564115927,1706
8336.0,2742,0,1,1,5.106484002982624,32.22939460247994,3414.518948993117,1726
8337.0,2741,0,0,1,5.048777751407349,32.23239693542503,3414.5382303728775,1736
8338.0,2741,0,0,0,5.034623853174255,32.39657059467348,3415.319166960034,1759
8339.0,2741,0,0,0,5.00490951496317,32.39620576431959,3416.1016159350593,1759
8340.0,2739,0,0,2,4.972664771332889,32.41511500547645,3416.2139649846185,1763
8341.0,2739,0,0,0,4.9295306925796085,32.610806863818915,3417.0021089555707,1764
8342.0,2739,0,0,0,4.902773795570533,32.83935742971887,3417.7920025252847,1767
8343.0,2741,0,2,0,4.885511625493898,33.13900036483035,3416.0880538982856,1787
8344.0,2741,0,0,0,4.870104527198602,33.356439255746075,3416.8796175944353,1789
8345.0,2742,0,1,0,4.840107017290005,33.63238512035011,3416.4269612158637,1804
8346.0,2742,0,0,0,4.7917869392956165,33.91028446389497,3417.2229860775556,1812
8347.0,2742,0,0,0,4.758345320712038,34.061633843909554,3418.0218334754895,1834
8348.0,2742,0,0,0,4.747496234570137,34.35485047410649,3418.8206008398847,1850
8349.0,2742,0,0,0,4.7199857558838705,34.70678336980306,3419.6213687080344,1861
8350.0,2742,0,0,0,4.713170407532991,35.01568198395332,3420.4230447060368,1853
8351.0,2743,0,1,0,4.681705977253155,35.24024790375501,3419.979629663874,1860
8352.0,2741,0,0,2,4.652601611565274,35.50164173659248,3419.1695285007395,1863
8353.0,2741,0,0,0,4.652489320105533,35.38124771981029,3419.976405252911,1857
8354.0,2741,0,0,0,4.646656374025996,35.6541408245166,3420.7838250167997,1871
8355.0,2741,0,0,0,4.63030746028595,36.002553812477196,3421.5923489330644,1887
8356.0,2741,0,0,0,4.611672323321061,36.387814666180226,3422.4020698524337,1904
8357.0,2740,0,0,1,4.598624883211565,36.871532846715326,3423.021685530353,1919
8358.0,2739,0,0,1,4.5824325232087455,37.16757940854326,3424.685407545936,1927
8359.0,2739,0,1,1,4.580342621595306,37.43665571376415,3423.71289662819,1937
8360.0,2739,0,0,0,4.591280866196605,37.75027382256298,3424.524424595875,1928
8361.0,2739,0,0,0,4.594356169368329,38.044906900328584,3425.3362014454037,1928
8362.0,2738,0,0,1,4.585066451834846,38.10409057706355,3425.5025549098236,1924
8363.0,2737,0,0,1,4.5785775580651125,38.23858238947753,3425.4855967697968,1928
8364.0,2737,0,0,0,4.573132813558107,38.611253196930946,3426.299612986473,1930
8365.0,2736,0,0,1,4.557380309367613,39.08918128654971,3426.358497824553,1944
8366.0,2736,0,0,0,4.558196909072808,39.60124269005848,3427.1734887769853,1950
8367.0,2736,0,0,0,4.556759925501504,40.19663742690059,3427.9886151058986,1968
8368.0,2736,0,0,0,4.550932077292672,40.661184210526315,3428.804409714257,1970
8369.0,2734,0,0,2,4.527140759906997,41.025969275786395,3427.8882613025635,1969
8370.0,2734,0,0,0,4.527089634097667,41.39283101682516,3428.7058052959133,1958
8371.0,2734,0,0,0,4.625002726834394,39.48207754206291,3429.5165054510658,1823
8372.0,2733,0,0,1,4.762983726751485,38.39480424442005,3430.2144466926206,1730
8373.0,2732,0,0,1,4.919192818573727,37.730966325036604,3430.695246886222,1689
8374.0,2731,0,0,1,5.101383324557227,36.830098864884654,3431.1574396165083,1646
8375.0,2729,0,0,2,5.273071534697645,36.333455478197145,3432.256684918999,1612
8376.0,2728,0,0,1,5.441992695420304,35.97140762463343,3432.788131834433,1590
8377.0,2728,0,0,0,5.598979840862472,35.596774193548384,3433.5320663480634,1560
8378.0,2728,0,0,0,5.72861333965974,35.15725806451613,3434.266828889828,1531
8379.0,2728,0,0,0,5.839349374408908,34.867302052785924,3434.9945631783075,1516
8380.0,2728,0,0,0,5.9120864420795405,34.586876832844574,3435.71753490345,1496
8381.0,2727,0,0,1,5.966650475692449,34.40630729739641,3435.9615810745627,1478
8382.0,2724,0,0,3,5.990121893201915,34.19089574155653,3435.8762587900355,1460
8383.0,2723,0,0,1,6.0374207450438355,33.92251193536541,3436.283572151824,1452
8384.0,2723,0,0,0,6.063678533229187,33.55820785897907,3436.9974237267043,1450
8385.0,2720,0,0,3,6.07896799224962,33.43235294117647,3436.9554537424538,1446
8386.0,2720,0,0,0,6.129599249281253,33.10551470588236,3437.6646718514494,1415
8387.0,2720,0,0,0,6.176366165488458,32.80735294117647,3438.3704352447594,1408
8388.0,2720,0,0,0,6.200174291099606,32.58308823529412,3439.0751443069303,1388
8389.0,2719,0,0,0,6.231282731197899,32.27914674512689,3439.2100093741874,1396
8390.0,2718,0,0,1,6.203041264605959,32.031272994849154,3439.2929438589995,1384
8391.0,2718,0,0,0,6.195189418230989,31.728476821192054,3439.9981339322158,1387
8392.0,2718,0,0,0,6.165186114774104,31.434510669610006,3440.7038345499063,1391
8393.0,2718,0,0,0,6.154564260557199,30.951066961000734,3441.4111507170333,1376
8394.0,2717,0,0,1,6.136263462191169,30.651085756348913,3441.6158661241825,1371
8395.0,2718,0,0,0,6.1477991357886035,30.463944076526857,3442.8924363038323,1374
8396.0,2717,0,0,1,6.153210285438179,30.28928965771071,3442.9707410962747,1369
8397.0,2717,0,1,1,6.157409795597533,29.990062569009936,3442.945194737355,1363
8398.0,2717,0,0,0,6.145488731316307,29.756716967243282,3443.653498188346,1375
8399.0,2717,0,0,0,6.152888008967311,29.535885167464116,3444.3613142394042,1360
8400.0,2717,0,0,0,6.160841447899732,29.146853146853147,3445.0687867169704,1350
8401.0,2717,0,0,0,6.1869067387783865,29.032388663967613,3445.774837922648,1340
8402.0,2717,0,0,0,6.212653883641029,28.831063673168938,3446.480720531863,1344
8403.0,2716,0,0,1,6.218160018788778,28.44698085419735,3447.2787707799016,1340
8404.0,2717,0,1,0,6.224467046044174,28.1947000368053,3446.7144407919654,1340
8405.0,2716,0,0,1,6.207547365210561,27.887334315169365,3447.0246772559726,1342
8406.0,2715,0,0,0,6.220398998609656,27.47219152854512,3447.4564910608597,1337
8407.0,2715,0,0,0,6.228055751072976,27.01436464088398,3448.1622952845155,1331
8408.0,2714,0,0,1,6.229317499622254,26.605011053795135,3449.147537296747,1333
8409.0,2713,0,0,1,6.205947058682332,26.491706597862144,3449.8196326272264,1340
8410.0,2714,0,1,1,6.174874132343478,26.383566691230655,3449.0065169790396,1361
8411.0,2714,0,0,0,6.136773057838943,26.224392041267503,3449.719571595638,1370
8412.0,2713,0,0,1,6.102215437224573,26.088094360486547,3450.2997841956517,1380
8413.0,2712,0,0,1,6.0564865458168535,26.040560471976402,3450.322548147283,1386
8414.0,2712,0,1,1,5.986618480557905,25.845870206489675,3449.603636939165,1407
8415.0,2712,0,0,0,5.957860662440394,25.610988200589972,3450.328161950081,1425
8416.0,2712,0,0,0,5.907349405098285,25.44800884955752,3451.055424199888,1438
8417.0,2710,0,0,2,5.862613194524962,25.25350553505535,3452.0085849268844,1439
8418.0,2708,0,0,2,5.813212565683325,25.19682422451994,3452.8798595841236,1453
8419.0,2706,0,0,2,5.7936828569594105,25.0849963045085,3453.481015351157,1452
8420.0,2701,0,0,5,5.718108656723911,25.131803035912625,3451.8042857988853,1478
8421.0,2702,0,1,0,5.667739075949208,25.197261287934865,3451.2678593446367,1491
8422.0,2702,0,1,1,5.628851485235584,25.28941524796447,3450.445052035188,1501
8423.0,2701,0,0,1,5.593892771842602,25.27101073676416,3450.723859463103,1518
8424.0,2698,0,2,5,5.542639186780539,25.618235730170497,3448.317572768839,1537
8425.0,2697,0,1,2,5.4931724670626965,25.557285873192438,3448.3870171670956,1571
8426.0,2697,0,1,1,5.469984909900182,25.612903225806452,3447.521378745413,1574
8427.0,2695,0,0,2,5.418649407425507,25.771428571428572,3446.913395725586,1591
8428.0,2696,0,1,0,5.388898590404923,25.815652818991097,3446.395630108719,1600
8429.0,2695,0,1,2,5.338263054367397,25.916141001855287,3444.845246260437,1618
8430.0,2696,0,1,0,5.2954808719929645,26.1183234421365,3444.3352237418544,1635
8431.0,2696,0,0,0,5.25576162235211,26.370178041543028,3445.106038267784,1647
8432.0,2698,0,2,0,5.2063639865742735,26.556338028169016,3443.326281125426,1672
8433.0,2699,0,1,0,5.162366400467804,26.460540941089292,3442.827857634115,1691
8434.0,2699,0,0,0,5.13657785742644,26.618377176732125,3443.607472385459,1696
8435.0,2700,0,2,1,5.108186941060237,26.90074074074074,3441.9413016837207,1719
8436.0,2701,0,1,0,5.101821911529705,27.14142910033321,3441.4490806080053,1721
8437.0,2700,0,0,1,5.080203461260592,27.308888888888887,3442.1969033836676,1732
8438.0,2700,0,1,1,5.044212606530648,27.541851851851852,3441.7828228818516,1743
8439.0,2700,0,0,0,4.996402742077763,27.706666666666667,3442.5735319426,1760
8440.0,2697,0,0,3,4.942175115423392,28.012977382276603,3442.3811471177246,1780
8441.0,2699,0,2,0,4.910546951675091,28.22267506483883,3440.6254673627154,1784
8442.0,2700,0,1,0,4.886948112066909,28.44185185185185,3440.1482745733897,1800
8443.0,2701,0,1,0,4.879713654005006,28.69307663828212,3439.672092243147,1814
8444.0,2701,0,0,0,4.873089842549791,28.904479822288042,3440.47017644475,1808
8445.0,2701,0,0,0,4.843147860989539,29.336542021473527,3441.2701510642614,1825
8446.0,2702,0,1,0,4.8193213622421425,29.740932642487046,3440.797671063214,1839
8447.0,2702,0,1,1,4.799165133030205,30.030347890451516,3439.171872573917,1852
8448.0,2702,0,0,0,4.750089974843226,30.35381199111769,3439.9782793075906,1859
8449.0,2701,0,0,1,4.712992405320362,30.784524250277673,3440.2720423589594,1882
8450.0,2702,0,1,0,4.6869716257980185,31.117690599555885,3439.8081499418067,1889
8451.0,2701,0,0,1,4.652729113573708,31.699000370233247,3440.122874498351,1904
8452.0,2700,0,0,1,4.635967460188552,32.120370370370374,3440.119723140557,1907
8453.0,2699,0,0,1,4.618865757361151,32.60577991848833,3441.4424673777726,1919
8454.0,2697,0,0,2,4.582270021794939,32.93177604746014,3440.2685791581202,1931
8455.0,2697,0,0,0,4.555674878886054,33.42417500926956,3441.0851724993686,1940
8456.0,2696,0,0,1,4.535662417768824,33.903560830860535,3441.707532401006,1946
8457.0,2695,0,0,1,4.528460650854567,34.39777365491651,3442.52665546792,1952
8458.0,2695,0,0,0,4.504040981667379,34.86345083487941,3443.3468365934154,1963
8459.0,2695,0,0,0,4.498822934343111,35.48126159554731,3444.167084617801,1965
8460.0,2694,0,0,1,4.459822472645767,36.08760207869339,3444.35646865263,1979
8461.0,2694,0,0,0,4.5520178390821835,34.570527097253155,3445.1723424604766,1861
8462.0,2693,0,0,1,4.675108152206164,33.58744894170071,3445.6477831386574,1787
8463.0,2692,0,0,1,4.831112622498189,32.72102526002972,3446.25020697232,1714
8464.0,2692,0,0,0,5.024511534390267,31.86069836552749,3447.0324385139743,1646
8465.0,2690,0,1,3,5.209416761467452,31.20817843866171,3446.900866240857,1612
8466.0,2689,0,0,1,5.395293731622653,30.60208255857196,3446.9915291156854,1574
8467.0,2687,0,0,2,5.577377306910983,30.020096762188313,3446.8084938147344,1533
8468.0,2686,0,0,1,5.733725667766585,29.73157110945644,3447.2684391007883,1506
8469.0,2684,0,0,2,5.880706383533599,29.51602086438152,3448.1100050397517,1483
8470.0,2683,0,0,1,5.995685785145234,29.393961982855014,3448.9214631263044,1480
8471.0,2682,0,0,1,6.07977783407097,29.31841909023117,3448.9490837901762,1470
8472.0,2682,0,0,0,6.127066800826192,29.02386278896346,3449.6591437037155,1460
8473.0,2681,0,0,1,6.163799381706421,28.93994778067885,3449.672337399997,1461
8474.0,2681,0,0,0,6.199847646088512,28.699738903394255,3450.3766424284277,1443
8475.0,2678,0,0,3,6.224273242809055,28.473861090365943,3449.7461685955655,1436
8476.0,2677,0,0,1,6.253761502158359,28.169592827792304,3450.400124300869,1428
8477.0,2676,0,0,1,6.287357025742274,27.760089686098656,3450.728882825667,1419
8478.0,2676,0,0,0,6.32212845053025,27.371449925261583,3451.425091401851,1396
8479.0,2675,0,0,1,6.334933024394574,26.955514018691588,3451.68259358705,1394
8480.0,2675,0,0,0,6.330455276601665,26.34841121495327,3452.378729461644,1376
8481.0,2674,0,0,1,6.330751568592193,25.778234854151084,3453.6694471216306,1357
8482.0,2674,0,0,0,6.355192074404065,25.332834704562455,3454.3646282351424,1338
8483.0,2673,0,0,1,6.3709918007207085,24.73063973063973,3454.505004181345,1331
8484.0,2672,0,0,1,6.37575341625281,24.225299401197606,3454.9448812352243,1317
8485.0,2670,0,0,2,6.381734346855745,23.887265917602996,3455.4992299987744,1319
8486.0,2670,0,0,0,6.3722445871858175,23.598876404494384,3456.194281844306,1318
8487.0,2669,0,1,2,6.375261854467416,23.150243536905208,3454.9520856663953,1336
8488.0,2669,0,1,1,6.378576844485733,22.726114649681527,3455.109258673957,1322
8489.0,2667,0,0,2,6.381644185784848,22.28421447319085,3455.4545681431105,1334
8490.0,2667,0,0,0,6.384945523874581,21.86201724784402,3456.147804470709,1321
8491.0,2664,0,0,3,6.369551749065436,21.362237237237238,3455.0081373300613,1305
8492.0,2661,0,0,3,6.388418282216835,20.87110108981586,3454.5662772810597,1295
8493.0,2661,0,1,1,6.3870819122878455,20.424276587748967,3453.7135529147276,1277
8494.0,2662,0,1,0,6.400585432666543,19.94815927873779,3453.1076918409503,1262
8495.0,2662,0,0,0,6.423606407709948,19.388805409466567,3453.7988860801884,1242
8496.0,2660,0,0,2,6.450149067906104,19.04736842105263,3454.7585996958287,1232
8497.0,2659,0,1,2,6.473217144624382,18.556224144415193,3454.4053058487884,1218
8498.0,2658,0,0,1,6.49280019548874,18.053047404063207,3454.7016711115566,1215
8499.0,2658,0,0,0,6.469568170730049,17.861550037622273,3455.390470809035,1223
8500.0,2658,0,0,0,6.4439806529130985,17.47742663656885,3456.080482318148,1214
8501.0,2656,0,0,2,6.406799442501945,16.750753012048193,3456.483072684351,1220
8502.0,2654,0,0,2,6.356000330233201,16.653730218538055,3458.68789669817,1230
8503.0,2655,0,1,0,6.316567032192432,16.461016949152544,3458.082382511893,1229
8504.0,2653,0,0,2,6.240126737631722,16.466641537881642,3458.2712389309722,1255
8505.0,2653,0,0,0,6.1659513386390135,16.584998115341122,3458.978709037832,1281
8506.0,2652,0,0,1,6.120982394711649,16.481146304675715,3459.4698139971606,1288
8507.0,2651,0,0,1,6.064826229549532,16.42512259524708,3460.021502931821,1303
8508.0,2649,0,0,2,6.008304162847662,16.4397885994715,3460.3076855499235,1327
8509.0,2649,0,0,0,5.964547241310886,16.45300113250283,3461.0273556571938,1342
8510.0,2649,0,1,1,5.908372080082065,16.519818799547,3460.3566986675946,1353
8511.0,2647,0,0,2,5.843262385492307,16.731771817151493,3459.8762038303344,1381
8512.0,2646,0,0,1,5.790780996481204,16.88737717309146,3460.6688512432834,1399
8513.0,2643,0,0,3,5.7192089307867064,17.19220582671207,3461.5239020431195,1437
8514.0,2642,0,0,1,5.662723044984177,17.324753974261924,3462.135931665983,1460
8515.0,2639,0,0,3,5.58808060409289,17.58128078817734,3463.2295854822637,1481
8516.0,2639,0,0,0,5.554516133765886,17.774156877605154,3463.974756958077,1496
8517.0,2638,0,0,1,5.507664448339077,18.02805155420773,3464.435988173338,1511
8518.0,2637,0,0,1,5.44256104024815,18.382631778536215,3464.3897010686505,1530
8519.0,2637,0,0,0,5.393271859238687,18.74061433447099,3465.144890526348,1551
8520.0,2636,0,0,1,5.353177738583585,19.082321699544764,3465.9195931544527,1571
8521.0,2635,0,0,1,5.30484495928753,19.430360531309297,3467.5647558239707,1585
8522.0,2632,0,0,3,5.271583456127166,19.814209726443767,3468.018046987669,1599
8523.0,2632,0,0,0,5.242404751466004,20.272796352583587,3468.7824688144156,1624
8524.0,2631,0,0,1,5.213087615660315,20.664006081337895,3469.567683861238,1635
8525.0,2630,0,0,1,5.185376377870244,21.000380228136883,3470.3360662463197,1648
8526.0,2629,0,1,2,5.160060964825206,21.377329783187523,3468.858887366419,1659
8527.0,2629,0,0,0,5.131541990430819,21.648535564853557,3469.630748007548,1663
8528.0,2629,0,0,0,5.107285546587909,21.93419551160137,3470.4044308917055,1664
8529.0,2628,0,0,1,5.068974770759059,22.39840182648402,3471.0233485564418,1674
8530.0,2626,0,0,2,5.016966616541887,22.765803503427264,3471.4052382249197,1693
8531.0,2624,0,0,2,4.973019930732286,23.1577743902439,3471.658976882409,1708
8532.0,2623,0,1,2,4.942857054601433,23.58330156309569,3469.767058432206,1715
8533.0,2623,0,0,0,4.9055877910239385,24.033549370949295,3470.555030655912,1727
8534.0,2623,0,0,0,4.875010023827682,24.47045367899352,3471.3461474536857,1743
8535.0,2623,0,0,0,4.845949277576796,24.958825772016773,3472.1390820483934,1758
8536.0,2622,0,0,1,4.82439304378962,25.536994660564453,3472.9184772703834,1779
8537.0,2622,0,0,0,4.806898413107106,26.047292143401982,3473.7154391610306,1780
8538.0,2621,0,0,1,4.8084633548742834,26.488744753910723,3474.1404503396334,1793
8539.0,2621,0,0,0,4.801103434519064,27.007630675314765,3474.9396760405134,1799
8540.0,2621,0,1,1,4.787728638312138,27.421976344906525,3473.26839045949,1811
8541.0,2621,0,0,0,4.779163487513008,27.90309042350248,3474.069950829728,1819
8542.0,2621,0,0,0,4.754455235766202,28.37924456314384,3474.873313147724,1836
8543.0,2622,0,1,0,4.730455905852767,28.850495804729213,3474.35308169649,1846
8544.0,2622,0,0,0,4.707454331096499,29.448893974065598,3475.1604320323736,1868
8545.0,2622,0,0,0,4.692421928022184,30.01067887109077,3475.9693525638004,1865
8546.0,2622,0,0,0,4.6857998437197566,30.445461479786424,3476.7794345184816,1879
8547.0,2622,0,0,0,4.66948020693666,30.889016018306638,3477.5910840664224,1888
8548.0,2622,0,0,0,4.656806627131398,31.373760488176963,3478.4033307373647,1900
8549.0,2621,0,0,1,4.639947997343233,31.83288821060664,3479.6794080065633,1902
8550.0,2620,0,0,1,4.612783465926874,32.33893129770993,3481.0073703263047,1906
8551.0,2620,0,0,0,4.718027567165123,30.501908396946565,3481.814246430919,1772
8552.0,2620,0,0,0,4.8702897209512495,29.2912213740458,3482.6099260861047,1684
8553.0,2620,0,0,0,5.043278568844747,28.1618320610687,3483.39370880526,1611
8554.0,2620,0,0,0,5.242670561382476,27.177862595419846,3484.162639366733,1542
8555.0,2620,0,0,0,5.436919946609968,26.37824427480916,3484.918239946355,1490
8556.0,2619,0,0,1,5.6313531447225635,25.761741122565866,3485.629334455693,1449
8557.0,2619,0,0,0,5.803089145081429,25.017182130584192,3486.3609660178126,1408
8558.0,2618,0,0,1,5.961771102199547,24.661191749427044,3486.498860756007,1389
8559.0,2618,0,0,0,6.079350240015257,24.40106951871658,3487.21087431226,1384
8560.0,2618,0,0,0,6.1737773055416785,23.986249045072576,3487.9164984916083,1376
8561.0,2618,0,0,0,6.234065904057457,23.737585943468297,3488.617319788706,1371
8562.0,2618,0,1,1,6.314900249083847,23.233384262796026,3487.444624960266,1337
8563.0,2618,0,0,0,6.361291794688286,22.69098548510313,3488.1372895816594,1320
8564.0,2616,0,0,2,6.41856642251085,22.168960244648318,3488.2885891960773,1294
8565.0,2616,0,0,0,6.468264366779508,21.49808868501529,3488.9735272122257,1275
8566.0,2615,0,0,1,6.501133196082389,20.99961759082218,3490.508870575215,1266
8567.0,2614,0,0,1,6.512139145808647,20.501912777352715,3490.034505442278,1242
8568.0,2614,0,0,0,6.5466495434764065,20.08071920428462,3490.713980380668,1232
8569.0,2613,0,0,1,6.5583474807599185,19.964791427477994,3491.1746488053677,1242
8570.0,2612,0,0,1,6.572753372388825,19.74655436447167,3491.1860457767953,1237
8571.0,2612,0,0,0,6.582930935375705,19.403522205206738,3491.8635373998786,1240
8572.0,2611,0,0,1,6.57763757586338,19.17004978935274,3492.592007760858,1240
8573.0,2610,0,0,1,6.5574535857469884,18.89616858237548,3493.056642577739,1232
8574.0,2610,0,0,0,6.562069494077644,18.548275862068966,3493.7349895869806,1211
8575.0,2609,0,0,1,6.56224173712733,18.232656190111154,3494.451785652244,1199
8576.0,2609,0,0,0,6.560858478621909,17.972786508240706,3495.130339864957,1202
8577.0,2610,0,1,0,6.557199564549991,17.61800766283525,3494.469557774592,1208
8578.0,2609,0,0,1,6.5620517667628775,17.293215791490994,3495.2739068339647,1192
8579.0,2609,0,0,0,6.5732036777395635,17.01801456496742,3495.95360267848,1200
8580.0,2609,0,0,0,6.610130878704436,16.801839785358375,3496.631357542311,1180
8581.0,2608,0,0,1,6.61272216791278,16.562116564417177,3497.655011069997,1184
8582.0,2608,0,0,0,6.603518239313612,16.269555214723926,3498.3323862952425,1179
8583.0,2607,0,0,1,6.597250608198441,16.06597621787495,3499.329694722402,1177
8584.0,2608,0,1,0,6.594211551153848,15.918711656441717,3498.6667584204565,1169
8585.0,2608,0,0,0,6.591137986612608,15.699769938650308,3499.346506831762,1174
8586.0,2607,0,0,1,6.584328399092019,15.54392021480629,3500.2134214767307,1161
8587.0,2607,0,0,0,6.571345622117684,15.305715381664749,3500.8943855800776,1173
8588.0,2607,0,1,1,6.543782090133887,15.087840429612582,3499.824772706234,1155
8589.0,2604,0,0,3,6.476824104702119,14.953149001536099,3500.9523737866807,1149
8590.0,2604,0,0,0,6.441660243884638,14.78763440860215,3501.641478137318,1175
8591.0,2603,0,0,1,6.4007506626454465,14.678447944679217,3502.3620423425114,1174
8592.0,2603,0,0,0,6.353333414631001,14.638878217441414,3503.0575130062,1183
8593.0,2600,0,0,3,6.258342072469965,14.529615384615385,3503.010915637477,1196
8594.0,2600,0,0,0,6.215290140793628,14.531923076923077,3503.7149278712905,1211
8595.0,2600,0,1,1,6.138857322524083,14.497307692307693,3503.8627166381652,1249
8596.0,2599,0,0,1,6.084101969506271,14.389765294343979,3504.428433815169,1242
8597.0,2598,0,0,1,6.015531248806514,14.305619707467283,3504.878432303177,1258
8598.0,2597,0,0,1,5.950532716823445,14.273777435502502,3505.6412488232395,1287
8599.0,2597,0,0,0,5.889014225101455,14.407778205621872,3506.366573558468,1301
8600.0,2595,0,0,2,5.831119845282885,14.389980732177264,3506.957868927839,1317
8601.0,2595,0,2,2,5.781350439218391,14.405780346820809,3504.860240959583,1336
8602.0,2595,0,0,0,5.7504980873478,14.420809248554914,3505.5950231492643,1357
8603.0,2594,0,0,1,5.705369741455757,14.499614494988435,3506.3124103270034,1381
8604.0,2593,0,1,2,5.670030775451269,14.45314307751639,3504.8613017574844,1390
8605.0,2591,0,1,3,5.60907638791315,14.555769972983404,3504.0295753931055,1416
8606.0,2589,0,0,2,5.550694825372523,14.804171494785631,3504.1001480401947,1441
8607.0,2589,0,2,2,5.471800773940483,14.8798764001545,3503.166298754188,1454
8608.0,2589,0,0,0,5.41998755566383,14.988412514484358,3503.9232593576507,1483
8609.0,2590,0,1,0,5.378620963959111,15.187258687258687,3503.33096005437,1509
8610.0,2591,0,1,0,5.343068773002418,15.35275955229641,3502.7411728078914,1533
8611.0,2590,0,1,2,5.2845325515727835,15.584169884169885,3501.2295833186604,1552
8612.0,2591,0,1,0,5.262515500153884,15.86954843689695,3500.6461051861934,1569
8613.0,2591,0,0,0,5.229839687994138,16.089926669239677,3501.4167981368414,1589
8614.0,2592,0,1,0,5.208589651623374,16.226466049382715,3500.8378023926302,1598
8615.0,2592,0,0,0,5.167508297102821,16.580632716049383,3501.6122644703782,1619
8616.0,2594,0,2,0,5.115077443558053,16.767154973014648,3499.6902193294477,1651
8617.0,2592,0,0,2,5.054219526393197,16.979552469135804,3501.3991108098294,1653
8618.0,2594,0,2,0,5.020659978597101,17.20663068619892,3499.483433504383,1670
8619.0,2594,0,0,0,4.9851617891236595,17.401310717039323,3500.2708896692698,1678
8620.0,2594,0,1,1,4.939318857873656,17.790670778720123,3499.340485779188,1705
8621.0,2594,0,0,0,4.918312593055824,18.028912875867388,3500.1320433414326,1704
8622.0,2593,0,0,1,4.886282444071166,18.228692634014656,3500.3837086095864,1704
8623.0,2594,0,1,0,4.8657460725482045,18.505782575173477,3499.8297007798683,1709
8624.0,2594,0,0,0,4.860927934667823,18.856977640709328,3500.626183939437,1723
8625.0,2593,0,0,1,4.840452690897767,19.286926340146547,3500.3427760791965,1741
8626.0,2592,0,0,1,4.834492939864193,19.595293209876544,3501.918106922013,1762
8627.0,2592,0,0,0,4.829544837999418,19.91898148148148,3502.71829761157,1759
8628.0,2592,0,1,1,4.80153214256966,20.35185185185185,3502.8765807424234,1779
8629.0,2592,0,1,1,4.781540512386539,20.580632716049383,3503.119452238888,1784
8630.0,2592,0,0,0,4.785378093928253,20.89814814814815,3503.922175899066,1789
8631.0,2592,0,0,0,4.753591749923456,21.36304012345679,3504.726701817509,1800
8632.0,2592,0,0,0,4.744670792256761,21.711033950617285,3505.532303471739,1811
8633.0,2592,0,0,0,4.717889839791672,22.07908950617284,3506.339104183525,1817
8634.0,2592,0,0,0,4.707684285876151,22.57638888888889,3507.1465572520233,1828
8635.0,2592,0,0,0,4.685527813703544,23.00733024691358,3507.956081348283,1836
8636.0,2590,0,0,2,4.657877117157294,23.334362934362936,3507.1393153699482,1838
8637.0,2590,0,0,0,4.633912333313679,23.635907335907337,3507.952293774912,1843
8638.0,2588,0,0,2,4.607348825349904,24.117851622874806,3509.375083259198,1856
8639.0,2588,0,0,0,4.584394006715877,24.633307573415767,3510.1912009283674,1865
8640.0,2586,0,0,2,4.536586661493504,25.163573085846867,3510.4357254468373,1876
8641.0,2586,0,0,0,4.60831878492504,23.392111368909514,3511.2487352393136,1752
8642.0,2586,0,0,0,4.74001924601134,22.10634184068059,3512.051997145322,1671
8643.0,2585,0,0,1,4.924018678947542,21.05570599613153,3512.628165478657,1594
8644.0,2585,0,0,0,5.119182376667081,20.031721470019342,3513.4048991735194,1528
8645.0,2585,0,0,0,5.336887705424119,19.1752417794971,3514.1667613860495,1469
8646.0,2584,0,0,1,5.544955077980394,18.472136222910216,3514.697181010371,1414
8647.0,2583,0,0,1,5.749944917932876,17.823848238482384,3514.822760285401,1379
8648.0,2583,0,0,0,5.904890029195567,17.38250096786682,3515.546069438661,1359
8649.0,2583,0,0,0,6.027833609930289,16.75338753387534,3516.261241315898,1322
8650.0,2583,0,0,0,6.145316576274763,16.368950832365467,3516.9681554933113,1312
8651.0,2582,0,0,1,6.232676278385718,15.98257164988381,3517.190519773657,1293
8652.0,2582,0,1,1,6.304320522658336,15.454686289697909,3515.96958434373,1284
8653.0,2581,0,0,1,6.363350937286201,14.996125532739248,3516.5446166981174,1262
8654.0,2579,0,0,2,6.396931701176875,14.51686700271423,3518.5248775651953,1240
8655.0,2578,0,0,1,6.4246752550321915,14.19511249030256,3518.599656946072,1241
8656.0,2577,0,0,1,6.463568091096904,13.800931315483119,3519.2740300311143,1235
8657.0,2576,0,0,1,6.4919016969910714,13.615683229813664,3520.107085357157,1225
8658.0,2576,0,0,0,6.514295407241164,13.438276397515528,3520.791649059286,1233
8659.0,2576,0,0,0,6.510198504007134,13.343167701863354,3521.47654040353,1213
8660.0,2575,0,0,1,6.509887355557619,13.065242718446601,3522.994916606718,1204
8661.0,2575,0,0,0,6.523317613844052,12.862912621359223,3523.6788468229674,1209
8662.0,2575,0,0,0,6.521517380623314,12.756504854368933,3524.3624983990176,1222
8663.0,2575,0,0,0,6.529343305409697,12.62368932038835,3525.045438558101,1202
8664.0,2575,0,0,0,6.539821721719885,12.403883495145632,3525.727230949805,1205
8665.0,2572,0,0,3,6.528343717562003,12.090202177293934,3525.9660438359315,1185
8666.0,2570,0,0,2,6.538652090048476,11.847470817120623,3528.569903140479,1164
8667.0,2568,0,0,2,6.5292607319182485,11.64563862928349,3529.5776775452405,1168
8668.0,2566,0,1,3,6.52587242717278,11.396336710833983,3529.320422670967,1155
8669.0,2564,0,0,2,6.513155101683786,11.190327613104524,3531.9176797226455,1161
8670.0,2562,0,0,2,6.52001940234036,11.036299765807962,3532.1205486027025,1152
8671.0,2559,0,0,3,6.519985021145746,10.807346619773348,3532.327409748347,1139
8672.0,2559,0,0,0,6.504194298870363,10.612739351309106,3533.0113285770085,1130
8673.0,2558,0,0,1,6.500288136260776,10.35965598123534,3533.6521530462237,1117
8674.0,2558,0,1,1,6.474793782067753,10.163408913213448,3533.7099568247663,1118
8675.0,2556,0,0,2,6.461641363442565,9.87245696400626,3533.949668510793,1111
8676.0,2555,0,0,1,6.454498810041991,9.639921722113503,3534.731798586772,1107
8677.0,2554,0,0,1,6.4543699207296905,9.491777603758809,3535.621186615821,1122
8678.0,2552,0,0,2,6.444183664671914,9.329545454545455,3536.6314464188135,1125
8679.0,2553,0,1,0,6.435650055738673,9.137093615354486,3535.9341662412658,1101
8680.0,2552,0,0,1,6.399677109817784,9.014890282131661,3536.8233754206362,1115
8681.0,2552,0,0,0,6.382434033244571,8.847962382445141,3537.515880021297,1111
8682.0,2550,0,0,2,6.3312350845031125,8.858823529411765,3537.9159209670997,1124
8683.0,2549,0,0,1,6.256072967514922,8.813260102000784,3538.2619595467063,1124
8684.0,2548,0,0,1,6.183128336102643,8.894819466248038,3538.8086718999975,1152
8685.0,2548,0,0,0,6.1058627249954585,8.994113029827316,3539.5167950765467,1170
8686.0,2548,0,1,1,6.025380415979694,9.065541601255887,3538.7501156462367,1186
8687.0,2545,0,0,3,5.9671022144413035,9.107269155206287,3539.604193063748,1190
8688.0,2543,0,0,2,5.905393791911776,9.21431380259536,3539.5962211647507,1217
8689.0,2542,0,0,1,5.862231040371327,9.337136113296618,3539.781562473106,1228
8690.0,2541,0,0,1,5.822449044039668,9.442739079102715,3540.9116999650514,1240
8691.0,2539,0,1,3,5.775772581949245,9.626230799527374,3540.9608737108097,1267
8692.0,2539,0,0,0,5.732476585137816,9.796770382040174,3541.69228217975,1282
8693.0,2536,0,0,3,5.688025282815915,10.090694006309148,3542.0307285394065,1308
8694.0,2537,0,1,0,5.6373172535756,10.320457232952306,3541.3722957403015,1341
8695.0,2536,0,1,2,5.598851150825941,10.563880126182966,3540.081271606989,1361
8696.0,2535,0,0,1,5.553380132126457,10.79171597633136,3540.9206671882316,1377
8697.0,2534,0,0,1,5.505523805824397,11.02683504340963,3542.6841041132197,1393
8698.0,2534,0,1,1,5.4519513493774365,11.303078137332282,3542.70713946677,1408
8699.0,2534,0,1,1,5.401270055952364,11.650355169692187,3542.078517550488,1438
8700.0,2533,0,0,1,5.359871436144766,11.968416896960127,3543.211547287286,1457
8701.0,2534,0,1,0,5.313180866356914,12.308208366219416,3542.5735188123604,1471
8702.0,2534,0,1,1,5.263612782184787,12.642857142857142,3541.9631839421604,1490
8703.0,2534,0,0,0,5.202600526138366,13.02249408050513,3542.732508150269,1507
8704.0,2534,0,0,0,5.137871401756216,13.378453038674033,3543.506354289647,1528
8705.0,2536,0,3,1,5.068485175780509,13.771687697160884,3539.975517926596,1557
8706.0,2536,0,0,0,5.030307422738452,14.164826498422713,3540.756471824209,1570
8707.0,2537,0,1,0,5.006822902388687,14.560110366574694,3540.1435135347842,1593
8708.0,2538,0,1,0,4.9615142736921705,14.957840819542946,3539.534913404712,1613
8709.0,2539,0,1,0,4.926535338138186,15.447026388341866,3538.9290503380744,1634
8710.0,2538,0,0,1,4.886400416777451,15.892828999211979,3538.918263577159,1645
8711.0,2539,0,1,0,4.8637586027110284,16.356045687278456,3538.3178793159,1659
8712.0,2540,0,1,0,4.832050795866212,16.798818897637794,3537.7214854649274,1673
8713.0,2541,0,1,0,4.797237287951686,17.23494687131051,3537.128595948887,1683
8714.0,2542,0,1,0,4.75592905812793,17.699842643587726,3536.5396629940633,1696
8715.0,2541,0,0,1,4.695047964328468,18.1991341991342,3536.380760287455,1713
8716.0,2540,0,0,1,4.649790986198175,18.618897637795275,3537.1439479845803,1717
8717.0,2541,0,1,0,4.63329027542229,19.086186540731994,3536.5635740794614,1731
8718.0,2540,0,1,2,4.610695448146706,19.606692913385828,3535.675293774661,1749
8719.0,2541,0,1,0,4.593237268812926,20.12042502951594,3535.0986351979827,1755
8720.0,2541,0,1,1,4.553153474588103,20.611570247933884,3534.785494741584,1769
8721.0,2540,0,0,1,4.524650564714727,21.146062992125984,3535.0067170525285,1785
8722.0,2541,0,1,0,4.500987015548371,21.671389216843764,3534.4353216922555,1796
8723.0,2541,0,0,0,4.47441719072047,22.21212121212121,3535.256613559406,1807
8724.0,2539,0,0,2,4.443360834031781,22.746750689247737,3535.5301220713955,1811
8725.0,2539,0,0,0,4.42484432376573,23.36116581331233,3536.3546252600486,1827
8726.0,2538,0,0,1,4.408013406954603,23.955476753349092,3536.613997707141,1844
8727.0,2538,0,0,0,4.403860302652632,24.504728132387708,3537.4405512239277,1848
8728.0,2536,0,0,2,4.373742515082827,25.066246056782333,3537.2153047975894,1863
8729.0,2535,0,0,1,4.357008245182823,25.64536489151874,3537.553906812047,1876
8730.0,2536,0,1,0,4.349873174994786,26.24526813880126,3536.9884133490373,1883
8731.0,2536,0,0,0,4.429849435979945,24.574132492113566,3537.811619994707,1760
8732.0,2536,0,0,0,4.5762106338615975,23.412854889589905,3538.6244537200064,1659
8733.0,2535,0,0,1,4.768885080392188,22.598027613412228,3539.414499387015,1588
8734.0,2535,0,0,0,4.976039214669733,21.84260355029586,3540.200742704888,1528
8735.0,2534,0,0,1,5.179528864847085,21.15785319652723,3541.9894915096493,1472
8736.0,2534,0,0,0,5.39459625755642,20.571428571428573,3542.748068266141,1420
8737.0,2534,0,0,0,5.60093484333958,20.114048934490924,3543.4919731197583,1380
8738.0,2533,0,0,1,5.803552342904373,19.57757599684169,3544.714005013549,1341
8739.0,2533,0,0,0,5.972101290949314,19.084090011843664,3545.4340967008557,1311
8740.0,2532,0,0,1,6.100938085447812,18.778830963665087,3546.83855162364,1288
8741.0,2532,0,0,0,6.190604197451192,18.355450236966824,3547.5444884962576,1251
8742.0,2531,0,0,1,6.243995525437211,17.99723429474516,3549.0507325019103,1238
8743.0,2531,0,0,0,6.2981229611817255,17.722244172263927,3549.749683860373,1243
8744.0,2530,0,0,1,6.343353762158431,17.351383399209485,3549.9469362479845,1225
8745.0,2529,0,0,1,6.396397968437408,16.924476077500987,3550.5475756437213,1191
8746.0,2528,0,0,1,6.41050573772576,16.613528481012658,3552.2942202882236,1190
8747.0,2527,0,0,1,6.427185325534239,16.28373565492679,3554.0242690771433,1179
8748.0,2527,0,0,0,6.43034337604916,16.217253660466955,3554.7125456417934,1187
8749.0,2526,0,0,1,6.432480329903415,16.08788598574822,3554.9171336709187,1176
8750.0,2525,0,0,1,6.434246382304467,15.956435643564356,3555.129568267788,1165
8751.0,2525,0,0,0,6.463595912676409,15.80039603960396,3555.8169951637965,1159
8752.0,2525,0,0,0,6.461904011551802,15.616237623762377,3556.5044371955664,1144
8753.0,2525,0,0,0,6.480814943471139,15.292673267326732,3557.1903847165777,1138
8754.0,2524,0,0,1,6.48185858332289,15.141442155309033,3557.7451887569086,1141
8755.0,2524,0,0,0,6.4977312177270345,14.887083993660855,3558.430790266816,1141
8756.0,2524,0,0,0,6.508931665993058,14.594294770206023,3559.115621640434,1124
8757.0,2523,0,0,1,6.5185459936803305,14.38049940546968,3559.681273168564,1133
8758.0,2524,0,1,0,6.513347433759075,14.2040412044374,3558.9543520770253,1131
8759.0,2522,0,0,2,6.490071734443296,14.004758128469469,3558.9584871121665,1135
8760.0,2522,0,0,0,6.488390371568343,13.749801744647105,3559.645092447479,1122
8761.0,2521,0,0,1,6.488207424497433,13.439508131693772,3560.306948662262,1103
8762.0,2519,0,0,2,6.458844872541159,13.327113934100833,3560.480388353813,1124
8763.0,2520,0,1,0,6.458972861687556,13.04642857142857,3559.7565836754147,1116
8764.0,2519,0,0,1,6.466194702435179,12.874950377133784,3559.0813373413134,1107
8765.0,2516,0,0,3,6.460076730822028,12.717408585055644,3559.499103645345,1105
8766.0,2515,0,0,1,6.457167786893667,12.650894632206759,3561.2278194817363,1111
8767.0,2512,0,0,3,6.414589493868854,12.533041401273886,3561.8816513156826,1107
8768.0,2512,0,1,1,6.374865843900413,12.478105095541402,3561.0537644225287,1113
8769.0,2510,0,0,2,6.332514600245388,12.375697211155378,3562.319971113595,1115
8770.0,2510,0,0,0,6.286093194040276,12.282868525896415,3563.0220388094967,1113
8771.0,2507,0,0,3,6.22904563452343,12.30035899481452,3564.7831390069477,1121
8772.0,2507,0,0,0,6.179285270851669,12.339848424411647,3565.492928281969,1125
8773.0,2505,0,0,2,6.121343728840344,12.336526946107785,3566.113568352496,1149
8774.0,2504,0,1,2,6.031140893502948,12.390575079872205,3566.510664142544,1162
8775.0,2502,0,0,2,5.97032824812902,12.381694644284572,3565.855660661464,1173
8776.0,2501,0,0,1,5.906151118384612,12.403038784486206,3566.7864932129187,1181
8777.0,2500,0,0,1,5.837579593551761,12.4248,3567.6216786178834,1202
8778.0,2497,0,0,3,5.767141094979932,12.526231477773328,3568.739453309802,1216
8779.0,2496,0,0,1,5.707151558349234,12.560897435897436,3568.9724127535706,1246
8780.0,2494,0,0,2,5.647176493020557,12.659582999198076,3570.4185974927136,1276
8781.0,2493,0,0,1,5.5937798217850405,12.746089049338147,3570.616521748444,1293
8782.0,2492,0,0,1,5.56009124164088,12.825441412520064,3571.53180814818,1311
8783.0,2491,0,1,2,5.507747124427114,13.127258129265355,3571.920878242673,1346
8784.0,2490,0,1,2,5.432668433172074,13.433333333333334,3571.003293311622,1363
8785.0,2489,0,1,2,5.382555281251746,13.625552430695059,3571.162345718691,1374
8786.0,2489,0,0,0,5.355881478337135,13.873844917637605,3571.926366124937,1391
8787.0,2489,0,1,1,5.307714153458824,14.042185616713539,3569.939353684047,1407
8788.0,2487,0,0,2,5.269288106980825,14.300361881785284,3569.9463398901835,1428
8789.0,2485,0,0,2,5.2074108255379645,14.61851106639839,3569.905156104989,1449
8790.0,2485,0,0,0,5.135797941979293,14.929577464788732,3570.6832288880673,1474
8791.0,2483,0,0,2,5.073956934661654,15.239226741844544,3571.1907782141298,1488
8792.0,2483,0,0,0,5.026736999536875,15.482078131292791,3571.9752834998408,1501
8793.0,2484,0,1,0,4.998442981990483,15.813607085346217,3571.3240585729686,1510
8794.0,2485,0,1,0,4.964493267203303,16.145271629778673,3570.6761723635964,1525
8795.0,2485,0,1,1,4.918918845476723,16.5215291750503,3570.878689526508,1549
8796.0,2486,0,1,0,4.883967734578346,16.89863234111022,3570.2365329898607,1564
8797.0,2486,0,1,1,4.843352915918114,17.329042638777153,3569.6645688568583,1579
8798.0,2487,0,1,0,4.794391975475447,17.7016485725774,3569.02988051667,1596
8799.0,2487,0,0,0,4.757273183831616,18.095295536791316,3569.833624917847,1604
8800.0,2487,0,0,0,4.71961851789478,18.4897466827503,3570.6403166098057,1626
8801.0,2487,0,0,0,4.705456921877157,18.895054282267793,3571.448711451092,1632
8802.0,2486,0,0,1,4.674084072267979,19.378519710378118,3572.0935607666784,1644
8803.0,2487,0,2,1,4.664615409311442,19.720144752714113,3569.8185567271216,1640
8804.0,2488,0,1,0,4.656646882963178,20.17001607717042,3569.195690360737,1651
8805.0,2489,0,1,0,4.63406944840885,20.61229409401366,3568.5756273544193,1656
8806.0,2488,0,0,1,4.596228136211338,21.07998392282958,3570.209168588372,1673
8807.0,2488,0,0,0,4.574845912468486,21.463022508038584,3571.0283265115,1688
8808.0,2487,0,0,1,4.547171423379062,21.852030558906314,3571.557627242997,1689
8809.0,2486,0,0,1,4.527965166538509,22.37892196299276,3572.2929508722673,1705
8810.0,2487,0,1,0,4.494607996588175,22.832730197024528,3571.680900151393,1722
8811.0,2487,0,0,0,4.481951678431338,23.36952151186168,3572.5062142103006,1734
8812.0,2487,0,0,0,4.461267612675785,23.93968636911942,3573.3325500329756,1745
8813.0,2486,0,0,1,4.4451125236301685,24.481094127111827,3573.757619173212,1746
8814.0,2485,0,0,1,4.434249060159185,24.996378269617708,3574.3509601125593,1755
8815.0,2485,0,0,0,4.4144204641148805,25.5215291750503,3575.1797447209824,1767
8816.0,2485,0,0,0,4.405225488456098,26.043058350100605,3576.009277686057,1778
8817.0,2485,0,0,0,4.402801756822799,26.655935613682093,3576.839674632296,1791
8818.0,2485,0,0,0,4.387250703747312,27.21368209255533,3577.6708349003547,1786
8819.0,2485,0,0,0,4.375069348310762,27.817303822937625,3578.5024648358076,1798
8820.0,2485,0,0,0,4.352287298436706,28.336418511066398,3579.3355467017036,1805
8821.0,2484,0,0,1,4.430967807153711,26.768115942028984,3579.946092214596,1684
8822.0,2484,0,0,0,4.5699912077226035,25.453703703703702,3580.762679026921,1599
8823.0,2483,0,0,1,4.757601860255309,24.757551349174385,3582.233703933456,1542
8824.0,2483,0,0,0,4.949661933384313,24.176802255336288,3583.0233353112076,1492
8825.0,2482,0,0,1,5.14683847667844,23.73730862207897,3584.7168470794645,1452
8826.0,2482,0,1,1,5.310648996014914,23.335616438356166,3583.6812048417437,1419
8827.0,2482,0,0,0,5.47662908712139,22.917002417405318,3584.436220354022,1382
8828.0,2481,0,0,1,5.619779316898619,22.667069729947602,3584.738834753152,1368
8829.0,2480,0,0,1,5.7425316825793375,22.378629032258065,3585.320863083194,1362
8830.0,2479,0,0,1,5.8290466750107015,22.20935861234369,3586.7666149124093,1343
8831.0,2479,0,0,0,5.915835834594002,22.127470754336425,3587.4946204559783,1345
8832.0,2478,0,0,1,5.99460790654152,21.99677158999193,3588.4529451459744,1334
8833.0,2478,0,0,0,6.052556553651269,21.757465698143665,3589.172486134692,1321
8834.0,2478,0,0,0,6.103725498947018,21.40960451977401,3589.8886049994485,1307
8835.0,2477,0,0,1,6.137202709948203,21.10617682680662,3590.4741160783947,1294
8836.0,2477,0,0,0,6.180216959708531,20.849818328623336,3591.1848160309037,1285
8837.0,2477,0,0,0,6.216238257841084,20.262414210738797,3591.8931884474973,1278
8838.0,2477,0,0,0,6.251226160648845,20.087202260799355,3592.5998604279544,1267
8839.0,2476,0,0,1,6.241753549081784,19.823101777059772,3593.3475315556057,1268
8840.0,2476,0,0,0,6.252077271219365,19.65064620355412,3594.0541635177015,1263
8841.0,2474,0,0,2,6.272572319369575,19.46725949878739,3595.446594178725,1244
8842.0,2474,0,0,0,6.298112517938501,19.297089733225544,3596.1496163698353,1243
8843.0,2474,0,0,0,6.327326175237216,19.029506871463216,3596.851756740459,1230
8844.0,2473,0,0,1,6.336429569434336,18.770319450060654,3596.996863163141,1220
8845.0,2473,0,0,0,6.3421513911450145,18.363526081682167,3597.697821333379,1199
8846.0,2472,0,0,1,6.344857790322888,18.162216828478964,3597.9098284988404,1190
8847.0,2473,0,1,0,6.331238974616006,17.95996765062677,3597.1556052388514,1192
8848.0,2472,0,0,1,6.320502617824214,17.790857605177994,3597.499624900513,1184
8849.0,2472,0,0,0,6.316831593453592,17.658980582524272,3598.2015811019505,1180
8850.0,2471,0,0,1,6.298565423121541,17.410764872521245,3598.8984470528653,1174
8851.0,2470,0,0,1,6.286735405343066,17.21012145748988,3598.985025360518,1185
8852.0,2467,0,0,3,6.290879631158044,17.090393190109445,3598.882865122876,1173
8853.0,2467,0,0,0,6.297291897622056,16.966355897851642,3599.5870107815135,1175
8854.0,2463,0,0,4,6.277010435704841,16.885505481120585,3598.2345667841155,1170
8855.0,2463,0,1,1,6.261236091171283,16.778319123020708,3598.6152112685013,1169
8856.0,2461,0,0,2,6.243362649625596,16.785046728971963,3599.5469807645563,1178
8857.0,2460,0,0,1,6.22634463522943,16.7630081300813,3599.7187694482855,1181
8858.0,2459,0,0,1,6.2118517551153785,16.473769825132166,3600.0119089762875,1189
8859.0,2459,0,1,1,6.165569643949487,16.22448149654331,3600.341025668992,1194
8860.0,2459,0,0,0,6.132929819983528,16.03416022773485,3601.0549259757454,1210
8861.0,2458,0,0,1,6.0770113556719805,15.82872253864931,3601.708835684035,1218
8862.0,2458,0,1,1,6.042719371156385,15.538242473555737,3602.0589230973014,1216
8863.0,2456,0,0,2,5.969688772497907,15.384771986970684,3603.5937162329883,1232
8864.0,2456,0,0,0,5.879212969753591,15.166530944625407,3604.3234614600487,1231
8865.0,2456,0,0,0,5.833356726504535,14.991449511400651,3605.055964705259,1233
8866.0,2455,0,0,1,5.786629396247697,14.869653767820774,3604.684064366098,1245
8867.0,2454,0,0,1,5.736759070458323,14.723716381418093,3605.9426395927517,1270
8868.0,2453,0,0,1,5.6721515500511615,14.62087240114146,3607.7135089727226,1301
8869.0,2452,0,0,1,5.624629772350968,14.39274061990212,3607.2072693016494,1316
8870.0,2450,0,1,3,5.575238019069495,14.246122448979591,3606.463067034702,1332
8871.0,2449,0,1,2,5.502335869562978,14.267864434463046,3604.194489622822,1341
8872.0,2449,0,1,1,5.427528813456784,14.219681502654145,3603.1326006536183,1365
8873.0,2449,0,1,1,5.394497354390868,14.298897509187423,3602.0889987525684,1379
8874.0,2449,0,0,0,5.3545442309740965,14.440179665169456,3602.8524403159995,1401
8875.0,2447,0,1,3,5.300198783668545,14.646097261953413,3602.1384720411334,1425
8876.0,2448,0,1,0,5.2565761595651,14.797385620915033,3601.4363371870836,1438
8877.0,2448,0,0,0,5.227405891078122,14.971813725490197,3602.2084182854232,1451
8878.0,2446,0,0,2,5.1722113321438155,15.231807031888797,3603.5183834772624,1461
8879.0,2447,0,1,0,5.141630619189862,15.411115651818553,3602.823911977941,1462
8880.0,2446,0,0,1,5.121777011668955,15.651676206050695,3603.050756758342,1474
8881.0,2446,0,1,1,5.106460599205105,15.944399018806214,3602.0795723115507,1495
8882.0,2445,0,0,1,5.070700366456187,16.275255623721883,3602.3635296631423,1506
8883.0,2443,0,0,2,5.02683211318828,16.560785918952106,3602.819448972756,1529
8884.0,2442,0,0,1,5.007770396095783,16.846846846846848,3604.3760308173337,1539
8885.0,2444,0,2,0,4.989940205690987,17.021685761047465,3602.215911041827,1544
8886.0,2443,0,0,1,4.952577683885197,17.237003683995088,3604.1458044339433,1556
8887.0,2443,0,0,0,4.940021733585473,17.48997134670487,3604.940323488764,1571
8888.0,2443,0,0,0,4.918666171648104,17.828898894801473,3605.7361097867597,1589
8889.0,2444,0,1,0,4.889250259400045,18.175531914893618,3605.05918333494,1594
8890.0,2445,0,1,0,4.843359284721048,18.54683026584867,3604.386165033809,1608
8891.0,2444,0,0,1,4.798674399886247,18.945990180032734,3604.9066934054254,1627
8892.0,2445,0,1,0,4.754091062747053,19.27443762781186,3604.24017919308,1633
8893.0,2443,0,0,2,4.71339231863595,19.59353254195661,3606.7825410110718,1627
8894.0,2443,0,0,0,4.686704128832729,19.91281211625051,3607.5950273594403,1623
8895.0,2443,0,0,0,4.6826434871040234,20.320916905444125,3608.409202686,1634
8896.0,2444,0,1,0,4.678078630801478,20.76554828150573,3607.7463690208974,1649
8897.0,2443,0,0,1,4.659301796522346,21.161686451084734,3608.4989967414635,1657
8898.0,2443,0,0,0,4.650971261099087,21.61113385182153,3609.3158724525097,1667
8899.0,2443,0,0,0,4.62344087217544,22.08022922636103,3610.135216644967,1682
8900.0,2444,0,1,0,4.602373724318915,22.546644844517186,3609.4790021861727,1707
8901.0,2443,0,0,1,4.569252099984406,23.082275890298813,3611.094535404441,1722
8902.0,2442,0,0,1,4.5453928703515585,23.58108108108108,3610.975276792592,1725
8903.0,2442,0,0,0,4.511866012165074,24.123259623259624,3611.802199916242,1730
8904.0,2442,0,0,0,4.49051726569873,24.624078624078624,3612.630434902154,1741
8905.0,2442,0,0,0,4.470245348753997,25.23873873873874,3613.4602379761377,1766
8906.0,2442,0,0,0,4.4577839422151255,25.787059787059786,3614.290221520971,1786
8907.0,2442,0,0,0,4.448661327952586,26.28787878787879,3615.121285056559,1790
8908.0,2442,0,0,0,4.44634500638419,26.83005733005733,3615.95215403301,1800
8909.0,2441,0,0,1,4.427062416034504,27.358869315854157,3615.4052923745194,1795
8910.0,2440,0,0,1,4.405816139322299,27.90327868852459,3616.0285607212168,1794
8911.0,2440,0,0,0,4.492894434330509,25.98237704918033,3616.8538451145464,1663
8912.0,2440,0,0,0,4.6397530015098285,24.82172131147541,3617.667867225227,1585
8913.0,2440,0,0,0,4.824092000658991,23.96106557377049,3618.469307249349,1517
8914.0,2440,0,0,0,5.035280527381177,23.272950819672133,3619.25615767109,1474
8915.0,2438,0,0,2,5.233508349347588,22.737079573420836,3620.3923835208316,1437
8916.0,2437,0,0,1,5.440264331195968,22.1427985227739,3620.9478227609256,1393
8917.0,2436,0,0,1,5.633619154989552,21.45566502463054,3620.891672319904,1353
8918.0,2435,0,0,1,5.803485267953343,20.88829568788501,3621.7828047828402,1323
8919.0,2435,0,0,0,5.953547214864461,20.472279260780287,3622.5080160585003,1310
8920.0,2435,0,0,0,6.067272592363594,19.9958932238193,3623.2261039978775,1272
8921.0,2435,0,0,0,6.1711476880792695,19.747433264887064,3623.9373328305023,1256
8922.0,2434,0,0,1,6.216626881245604,19.37962202136401,3623.213614808669,1242
8923.0,2433,0,0,1,6.267097342103668,19.0891903000411,3622.5714259779957,1223
8924.0,2432,0,0,1,6.319799072336274,18.64268092105263,3623.381448183064,1202
8925.0,2432,0,0,0,6.365079325580734,18.209292763157894,3624.0782798608348,1186
8926.0,2432,0,0,0,6.371928317276695,17.881167763157894,3624.775002456476,1168
8927.0,2432,0,0,0,6.398007545830061,17.474095394736842,3625.4704512012777,1163
8928.0,2432,0,0,0,6.42463300906758,17.230674342105264,3626.1632988623896,1157
8929.0,2432,0,0,0,6.430372433146862,16.962582236842106,3626.8561745685865,1151
8930.0,2432,0,0,0,6.4466112851303965,16.66282894736842,3627.5493859857525,1133
8931.0,2432,0,0,0,6.465793349722458,16.435855263157894,3628.2415486056034,1138
8932.0,2432,0,0,0,6.466022715078004,16.24671052631579,3628.9339380633633,1136
8933.0,2432,0,0,0,6.495318273247981,16.04235197368421,3629.6250120114432,1145
8934.0,2432,0,0,0,6.511079973813279,15.780016447368421,3630.3155673261363,1140
8935.0,2431,0,0,1,6.52018033064852,15.498148909913615,3631.1372535336227,1135
8936.0,2431,0,0,0,6.512536346171487,15.30357877416701,3631.827627950212,1136
8937.0,2432,0,1,0,6.526625607340404,15.142269736842104,3631.0235976725303,1134
8938.0,2432,0,0,0,6.529606713418215,14.988075657894736,3631.7134625417707,1137
8939.0,2431,0,0,1,6.514042978281537,14.846153846153847,3632.305981661668,1134
8940.0,2429,0,0,2,6.509726058245549,14.678056813503499,3633.0665118759416,1121
8941.0,2428,0,0,1,6.520296161282778,14.47817133443163,3633.3195252320984,1113
8942.0,2426,0,0,2,6.532699695895157,14.33924154987634,3632.9891403405322,1115
8943.0,2425,0,0,1,6.551649488119546,14.242886597938144,3633.145302052239,1108
8944.0,2426,0,1,0,6.569493988924886,14.06883759274526,3632.3357626366924,1095
8945.0,2424,0,0,2,6.552635945146057,13.942656765676567,3632.9159972587527,1086
8946.0,2423,0,0,1,6.525244060872696,13.841518778373917,3633.2306498846733,1097
8947.0,2423,0,0,0,6.514007353378512,13.679323153115972,3633.924545225798,1098
8948.0,2423,0,1,1,6.48433142765597,13.482872472141972,3633.038728224674,1099
8949.0,2422,0,0,1,6.455830768477311,13.372832369942197,3632.980915661445,1105
8950.0,2420,0,0,2,6.4445065664033665,13.289669421487604,3635.82539930591,1114
8951.0,2418,0,0,2,6.429391184222133,13.316377171215882,3635.2832236144227,1120
8952.0,2416,0,0,2,6.394095274071882,13.405215231788079,3635.8501969381878,1128
8953.0,2416,0,1,1,6.348598154648929,13.4375,3635.082075302082,1135
8954.0,2414,0,0,2,6.270263599946172,13.403065451532726,3634.746359639963,1150
8955.0,2413,0,0,1,6.191768296096752,13.410277662660588,3635.309817878944,1151
8956.0,2412,0,0,1,6.1171765730246825,13.49129353233831,3635.064390551822,1175
8957.0,2411,0,0,1,6.068985252049342,13.449191206968063,3635.694815814604,1186
8958.0,2411,0,0,0,6.023151281094837,13.534218166735794,3636.4230739787267,1213
8959.0,2409,0,0,2,5.986160351708435,13.679950186799502,3637.0914805758916,1228
8960.0,2408,0,0,1,5.954609493306489,13.738372093023257,3638.6095971894083,1235
8961.0,2408,0,2,2,5.910226194055592,13.833056478405316,3635.7677569524067,1247
8962.0,2404,0,0,4,5.828971995168278,14.021214642262896,3638.507178116267,1259
8963.0,2402,0,0,2,5.789327849915515,14.306411323896752,3640.161733115923,1285
8964.0,2401,0,1,2,5.750524729311297,14.61557684298209,3638.80976031769,1309
8965.0,2399,0,0,2,5.698981433990352,14.81325552313464,3640.5387493929716,1324
8966.0,2398,0,1,2,5.629377844937792,15.078815679733111,3639.6776979347665,1336
8967.0,2397,0,0,1,5.579403618304762,15.397580308719233,3640.1841216454804,1358
8968.0,2398,0,1,0,5.541057816788109,15.637614678899082,3639.4241866450448,1374
8969.0,2398,0,0,0,5.505642850951298,15.74979149291076,3640.185719924653,1380
8970.0,2399,0,1,0,5.464407172255022,16.054189245518966,3639.4311001141186,1397
8971.0,2398,0,0,1,5.443999087923309,16.353628023352794,3639.9893927176554,1415
8972.0,2397,0,1,2,5.389555366029623,16.675010429703796,3639.5284353604493,1424
8973.0,2397,0,1,1,5.3476970546669,16.963704630788484,3638.4799281418973,1431
8974.0,2397,0,0,0,5.319248808693266,17.242386316228618,3639.2522122488467,1453
8975.0,2398,0,1,0,5.296267195361691,17.51876563803169,3638.5083384121067,1461
8976.0,2397,0,0,1,5.272037826931345,17.9002920317063,3638.8755267593665,1477
8977.0,2397,0,1,1,5.247276042672034,18.223612849395078,3637.2983570481765,1494
8978.0,2398,0,1,0,5.22183419743268,18.462468723936613,3636.5618030896317,1514
8979.0,2400,0,2,0,5.18902056531053,18.749583333333334,3634.313898014767,1533
8980.0,2400,0,0,0,5.178453940992093,19.04125,3635.0981240351716,1546
8981.0,2400,0,0,0,5.1509841925378685,19.543333333333333,3635.885300877338,1572
8982.0,2401,0,1,0,5.128196840395564,19.976259891711788,3635.1587377681394,1577
8983.0,2400,0,0,1,5.1029983573393,20.39,3636.3719851610344,1594
8984.0,2400,0,0,0,5.097074878004902,20.844166666666666,3637.1624681520425,1603
8985.0,2398,0,1,3,5.045615734585235,21.372393661384486,3634.5712353627696,1620
8986.0,2399,0,1,0,5.026322522775291,21.814922884535225,3633.850818662761,1628
8987.0,2399,0,0,0,4.991279692835015,22.31888286786161,3634.64850451927,1639
8988.0,2399,0,0,0,4.951643554521745,22.80700291788245,3635.4491660786475,1653
8989.0,2399,0,1,1,4.936002839966133,23.29262192580242,3633.4926594984518,1654
8990.0,2399,0,0,0,4.93163775431912,23.55231346394331,3634.2953183426166,1652
8991.0,2399,0,0,0,4.911453669094773,23.984993747394746,3635.099167102533,1661
8992.0,2399,0,0,0,4.9023164399406465,24.396415172988746,3635.903471180741,1661
8993.0,2399,0,0,0,4.909251431053938,24.827844935389745,3636.708565562725,1674
8994.0,2399,0,0,0,4.898764540454596,25.2688620258441,3637.5143193409863,1672
8995.0,2399,0,0,0,4.893004253060869,25.723634847853273,3638.3204873719515,1683
8996.0,2399,0,0,0,4.880156598772946,26.18882867861609,3639.1276122284535,1699
8997.0,2398,0,0,1,4.83876638430978,26.62301918265221,3640.259588140616,1700
8998.0,2398,0,0,0,4.827137734116058,27.01209341117598,3641.0698878351823,1706
8999.0,2396,0,0,2,4.794316040380871,27.38397328881469,3642.5686253349595,1701
9000.0,2396,0,0,0,4.77584917283916,27.829716193656093,3643.3813793612067,1708
9001.0,2396,0,0,0,4.847191478786726,26.351001669449083,3644.1879887169657,1610
9002.0,2396,0,0,0,5.0045100445832285,25.358514190317194,3644.98426107387,1530
9003.0,2396,0,0,0,5.163380919287695,24.61143572621035,3645.7707520273975,1471
9004.0,2396,0,0,0,5.35219220411074,23.96118530884808,3646.5440013752836,1424
9005.0,2396,0,0,0,5.5510778304498976,23.252086811352253,3647.304003764262,1377
9006.0,2395,0,0,1,5.732924297354034,22.822964509394573,3647.409956373044,1339
9007.0,2394,0,0,1,5.916664615898445,22.388053467000834,3648.2637070257265,1316
9008.0,2394,0,0,0,6.072153143275754,22.08061821219716,3648.990242256594,1290
9009.0,2393,0,0,1,6.203929447294636,21.834935227747597,3649.8273998101495,1268
9010.0,2393,0,0,0,6.310309091755104,21.57877141663184,3650.538641043445,1243
9011.0,2393,0,0,0,6.402399033250331,21.33597994149603,3651.243311147639,1220
9012.0,2392,0,0,1,6.484683092414381,20.94983277591973,3651.9494982458423,1197
9013.0,2392,0,0,0,6.552879413876266,20.668896321070235,3652.644344841349,1176
9014.0,2391,0,0,1,6.587463281886845,20.293601003764117,3654.337307471627,1154
9015.0,2390,0,0,1,6.6095266990354276,19.922175732217575,3656.2205291078703,1139
9016.0,2389,0,0,1,6.624761467205491,19.74884889074927,3656.909462260077,1135
9017.0,2389,0,0,0,6.66843829276701,19.516115529510255,3657.5952216966093,1117
9018.0,2387,0,0,2,6.669902306927317,19.270213657310432,3658.5119910786757,1104
9019.0,2386,0,0,1,6.685205136467456,19.126571668063704,3658.982467511989,1096
9020.0,2386,0,0,0,6.698849760433736,19.00544844928751,3659.6646883854437,1088
9021.0,2385,0,0,1,6.703021636740921,18.945911949685534,3659.4794570243366,1088
9022.0,2385,0,0,0,6.711123787994513,18.82389937106918,3660.161311976639,1076
9023.0,2385,0,0,0,6.704667743435831,18.643605870020963,3660.8432217550867,1078
9024.0,2384,0,0,1,6.684943978547919,18.40268456375839,3661.4267309317966,1067
9025.0,2384,0,0,0,6.68053346477843,18.27978187919463,3662.1105684791396,1072
9026.0,2383,0,1,2,6.656945278759369,18.24926563155686,3659.8142609658994,1072
9027.0,2383,0,0,0,6.657132162513254,17.997062526227445,3660.5001590399575,1081
9028.0,2383,0,0,0,6.653258008900036,17.89844733529165,3661.1866555018964,1078
9029.0,2383,0,0,0,6.630540712209908,17.907679395719683,3661.8744372388724,1088
9030.0,2383,0,0,0,6.626274173326069,17.909777591271506,3662.56272149832,1087
9031.0,2382,0,0,1,6.592961732058557,17.86062132661629,3662.381899604171,1091
9032.0,2382,0,0,0,6.577371907897875,17.65491183879093,3663.073845743856,1090
9033.0,2382,0,0,0,6.544789813456739,17.638958858102434,3663.7680173032586,1108
9034.0,2382,0,1,1,6.50656540687763,17.6696053736356,3663.3129614288578,1099
9035.0,2380,0,0,2,6.466008236574681,17.577310924369748,3663.886619504784,1109
9036.0,2379,0,0,1,6.432819017168805,17.49810844892812,3665.3406643181734,1118
9037.0,2379,0,0,0,6.419282801149656,17.37116435477091,3666.0422154579,1111
9038.0,2377,0,0,2,6.3843365898146605,17.32604122843921,3667.4102120916336,1120
9039.0,2378,0,1,0,6.361503677439158,17.179983179142138,3666.5723422874084,1130
9040.0,2376,0,0,2,6.309078166318406,17.216329966329965,3668.283308983525,1138
9041.0,2373,0,0,3,6.235147109500127,17.37842393594606,3671.1233316761177,1160
9042.0,2373,0,0,0,6.182257117556008,17.524230931310576,3671.840456088272,1182
9043.0,2373,0,0,0,6.1392680281549765,17.667509481668773,3672.561578868266,1197
9044.0,2373,0,0,0,6.07833708633261,17.8621997471555,3673.2863995778434,1222
9045.0,2372,0,1,2,6.003385775014481,18.080101180438447,3671.8826481979504,1236
9046.0,2372,0,0,0,5.967501361815509,18.102866779089375,3672.6152505744863,1238
9047.0,2372,0,0,0,5.93562847917501,17.98566610455312,3673.350658169313,1232
9048.0,2370,0,0,2,5.907496730078912,17.991561181434598,3673.896339185793,1234
9049.0,2367,0,0,3,5.895719097182878,17.968736797634136,3673.9901463681654,1238
9050.0,2364,0,0,3,5.878584014402352,18.071065989847718,3673.8662104003934,1241
9051.0,2361,0,0,3,5.841394233549691,18.25963574756459,3675.4071579141064,1255
9052.0,2358,0,0,3,5.798606426805132,18.35665818490246,3677.7197035204895,1272
9053.0,2357,0,2,3,5.767117213369976,18.523971149766652,3675.790096871501,1297
9054.0,2357,0,1,1,5.732991732204767,18.66355536699194,3676.0213585914003,1315
9055.0,2356,0,0,1,5.70000997665218,18.798811544991512,3676.280530634141,1329
9056.0,2356,0,1,1,5.6510933837846515,18.922750424448218,3675.351978340703,1332
9057.0,2356,0,0,0,5.633069450675615,19.08319185059423,3676.106223500273,1358
9058.0,2357,0,2,1,5.612049135470704,19.086974968179888,3673.184190104523,1365
9059.0,2356,0,0,1,5.558090557684276,19.261035653650254,3673.886283459791,1383
9060.0,2356,0,0,0,5.508187594672284,19.44057724957555,3674.648571849895,1389
9061.0,2356,0,0,0,5.47062337168585,19.58319185059423,3675.4131799670913,1406
9062.0,2356,0,1,1,5.415859676770961,19.70925297113752,3674.3992802826624,1418
9063.0,2357,0,1,0,5.369311541695933,19.949087823504456,3673.610408699566,1425
9064.0,2357,0,0,0,5.325373813104515,20.083156554942725,3674.3836680438867,1438
9065.0,2358,0,1,0,5.2819703649573,20.144614079728584,3673.6012746815586,1450
9066.0,2357,0,1,2,5.231706405767243,20.277895630038184,3671.273303776338,1448
9067.0,2357,0,0,0,5.2281560497216555,20.428086550700044,3672.0538781924474,1453
9068.0,2358,0,1,0,5.203544370109719,20.533502968617473,3671.2793418796555,1476
9069.0,2358,0,0,0,5.19689222650777,20.77523324851569,3672.0635722259644,1482
9070.0,2357,0,0,1,5.168040396125612,20.98557488332626,3673.211240542787,1490
9071.0,2357,0,1,1,5.158596134857064,21.24734832414086,3673.6652032751826,1495
9072.0,2356,0,0,1,5.1454591953164845,21.55432937181664,3675.2302746778437,1508
9073.0,2355,0,1,2,5.127865169351356,21.866242038216562,3673.5021426648464,1527
9074.0,2353,0,0,2,5.101574311786114,22.1878453038674,3673.7933427831795,1536
9075.0,2353,0,0,0,5.094588793790969,22.512537186570334,3674.587378863105,1540
9076.0,2354,0,1,0,5.084008559998071,22.730671197960916,3673.820680128677,1544
9077.0,2354,0,0,0,5.05694001807488,23.048853016142736,3674.616757637019,1555
9078.0,2352,0,0,2,5.031040380353332,23.433673469387756,3675.7065314206297,1564
9079.0,2351,0,0,1,5.007926381525423,23.84474691620587,3677.5808823273587,1567
9080.0,2352,0,2,1,4.9749928875493215,24.03656462585034,3675.200776069414,1567
9081.0,2352,0,0,0,4.972313972497642,24.383503401360546,3676.0022929680476,1585
9082.0,2351,0,0,1,4.942209202504819,24.772862611654617,3676.2582836588213,1598
9083.0,2350,0,0,1,4.942296101169718,25.14,3676.7685864096047,1600
9084.0,2349,0,0,1,4.930821433912051,25.372073222647934,3677.346208255516,1605
9085.0,2348,0,0,1,4.906332516060472,25.74872231686542,3678.13615218913,1616
9086.0,2346,0,0,2,4.869883054743355,26.12830349531117,3678.14615032202,1623
9087.0,2346,0,0,0,4.849961643622402,26.649616368286445,3678.9545968962193,1633
9088.0,2345,0,0,1,4.82725747681595,26.99914712153518,3679.6208151040523,1639
9089.0,2344,0,0,1,4.798193425714763,27.34428327645051,3679.7903464719,1652
9090.0,2344,0,0,0,4.775132724875625,27.70861774744027,3680.602562691425,1658
9091.0,2344,0,0,0,4.8524150599343985,25.649744027303754,3681.4094859691854,1548
9092.0,2344,0,0,0,4.9681989978314425,24.203924914675767,3682.2079558921414,1475
9093.0,2343,0,0,1,5.112999597722077,22.986769099445155,3682.9635038658384,1420
9094.0,2343,0,0,0,5.307281846044279,22.209560392658986,3683.739085506198,1384
9095.0,2343,0,0,0,5.521171921947822,21.644472897994024,3684.500891663778,1345
9096.0,2343,0,0,0,5.750204631639437,20.966282543747333,3685.2482434052836,1291
9097.0,2342,0,0,1,5.932027098856359,20.607173356105893,3685.9570528295703,1263
9098.0,2342,0,0,0,6.108513739469433,20.33945345858241,3686.6821372701365,1238
9099.0,2342,0,0,0,6.235515830733323,19.961571306575575,3687.398225103028,1214
9100.0,2341,0,0,1,6.317936497140911,19.73088423750534,3689.302044839453,1199
9101.0,2341,0,0,0,6.3882064703424435,19.322511747116618,3690.0074928766035,1174
9102.0,2341,0,0,0,6.45008605239898,18.985476292182828,3690.7085960908958,1163
9103.0,2341,0,1,1,6.494411586820511,18.59333618111918,3689.2169450012652,1145
9104.0,2342,0,1,0,6.523246783561,18.27668659265585,3688.336731538353,1140
9105.0,2340,0,0,2,6.557126052834462,17.93076923076923,3688.4929428034366,1126
9106.0,2339,0,0,1,6.575683066114222,17.66481402308679,3688.8416615725837,1112
9107.0,2339,0,0,0,6.607149751841399,17.293715262932878,3689.529991267478,1088
9108.0,2338,0,0,1,6.621626531308903,16.860136869118904,3691.301761494466,1067
9109.0,2338,0,0,0,6.6330114500443464,16.587681779298546,3691.987617194606,1055
9110.0,2338,0,0,0,6.626230637351095,16.330624465355005,3692.6736719244914,1061
9111.0,2338,0,0,0,6.644326551023232,16.224550898203592,3693.3595122975807,1064
9112.0,2337,0,0,1,6.627023114956232,16.2400513478819,3694.9940586479906,1070
9113.0,2337,0,0,0,6.617398098171096,16.241335044929397,3695.682365930559,1076
9114.0,2335,0,0,2,6.603805630403765,16.075374732334048,3696.208288163156,1063
9115.0,2336,0,1,0,6.587132473103569,15.917380136986301,3695.3164689350715,1067
9116.0,2333,0,0,3,6.561426758173422,15.792970424346334,3694.7864690815973,1059
9117.0,2333,0,0,0,6.533196096376554,15.638234033433347,3695.4815680511547,1066
9118.0,2334,0,1,0,6.528140711496812,15.494430162810625,3694.592363413642,1070
9119.0,2333,0,0,1,6.5163900971190145,15.202743249035576,3695.9296587880435,1057
9120.0,2333,0,0,0,6.519259490713333,14.79854264894985,3696.623875031157,1050
9121.0,2332,0,0,1,6.531168587180004,14.691252144082332,3697.5502116685243,1056
9122.0,2332,0,0,0,6.529152744522918,14.485849056603774,3698.2445596219354,1054
9123.0,2332,0,0,0,6.5355465423693655,14.328902229845626,3698.9395245295113,1054
9124.0,2332,0,0,0,6.545732748881034,14.25171526586621,3699.6351421881454,1057
9125.0,2332,0,0,0,6.565226041900403,14.263293310463121,3700.3300134198394,1066
9126.0,2332,0,0,0,6.571511070368208,14.234133790737564,3701.0253119183158,1075
9127.0,2331,0,1,2,6.540086517153244,14.252252252252251,3702.159199084309,1079
9128.0,2330,0,0,1,6.533378208842026,14.245064377682404,3702.3505696281063,1090
9129.0,2329,0,0,1,6.528175690437198,14.340489480463718,3704.1728935068577,1095
9130.0,2329,0,0,0,6.491166785364467,14.416058394160585,3704.875100881986,1102
9131.0,2329,0,0,0,6.47866683701288,14.46672391584371,3705.578947876847,1107
9132.0,2328,0,0,1,6.411122093778567,14.528780068728523,3706.168838389867,1125
9133.0,2328,0,1,1,6.345942774891562,14.70446735395189,3705.6245441453602,1146
9134.0,2326,0,0,2,6.285318295371323,14.828460877042133,3705.8395950744834,1157
9135.0,2325,0,0,1,6.207278307296013,15.009032258064517,3706.535502917073,1173
9136.0,2323,0,0,2,6.128774225280943,15.073611708996987,3706.8948491243495,1184
9137.0,2323,0,0,0,6.06947077230586,15.11665949203616,3707.6257948084376,1193
9138.0,2322,0,0,1,6.022723733906599,15.173987941429802,3707.0368921382747,1203
9139.0,2321,0,0,1,5.988321980634345,15.330030159414045,3707.4647487546,1217
9140.0,2319,0,1,3,5.929256058508418,15.5002156101768,3705.9648370494397,1238
9141.0,2320,0,1,0,5.898882252008351,15.637931034482758,3705.108190418846,1255
9142.0,2319,0,1,2,5.857689425053108,15.811987925830099,3703.932462856317,1262
9143.0,2317,0,0,2,5.825879817097859,16.08933966335779,3704.306583577568,1283
9144.0,2317,0,1,1,5.8197032384563,16.280966767371602,3703.397022809445,1296
9145.0,2317,0,2,2,5.757157897828476,16.474320241691842,3701.997155733505,1312
9146.0,2316,0,0,1,5.705837953122561,16.60146804835924,3702.185279794797,1324
9147.0,2318,0,2,0,5.676665213471385,16.84728213977567,3699.7427123623374,1342
9148.0,2317,0,0,1,5.671496372576214,17.082865774708676,3701.7245133954157,1347
9149.0,2316,0,0,1,5.639878406115858,17.326424870466322,3702.2904864920847,1362
9150.0,2316,0,1,1,5.58617119824477,17.617443868739205,3701.489035241265,1365
9151.0,2316,0,0,0,5.546877784495279,17.842832469775473,3702.2522858696657,1377
9152.0,2316,0,0,0,5.493489983020773,17.971502590673577,3703.018508945552,1389
9153.0,2317,0,2,1,5.442721489887395,18.22917565817868,3699.0501103190554,1396
9154.0,2318,0,1,0,5.401728358570493,18.449525452976705,3698.22688028559,1415
9155.0,2318,0,0,0,5.370069405801848,18.69197584124245,3699.0013813651653,1424
9156.0,2319,0,1,0,5.326410009221302,18.977576541612763,3698.18368698832,1440
9157.0,2319,0,0,0,5.2892050876157395,19.25528244933161,3698.9641142532328,1455
9158.0,2318,0,0,1,5.26540162278212,19.67644521138913,3699.202119041694,1472
9159.0,2318,0,1,1,5.245634098986657,20.015962036238136,3698.516445900349,1485
9160.0,2317,0,0,1,5.213454268677609,20.345705653862755,3698.749522460365,1486
9161.0,2317,0,0,0,5.207459499294801,20.623219680621492,3699.5360534704264,1493
9162.0,2315,0,0,2,5.1654667281985525,21.02634989200864,3700.236811064169,1506
9163.0,2315,0,1,1,5.148761879704111,21.364578833693304,3698.6356415372775,1507
9164.0,2313,0,0,2,5.116029580788344,21.754431474275833,3700.5577952186522,1507
9165.0,2313,0,0,0,5.095254482566678,22.087764807609165,3701.3511957660635,1519
9166.0,2312,0,0,1,5.083104753880867,22.544982698961938,3702.0987661231825,1520
9167.0,2311,0,0,1,5.078312260301651,22.942016443098225,3702.8484477724796,1521
9168.0,2311,0,0,0,5.0817883930789165,23.251839030722632,3703.6430918303286,1524
9169.0,2308,0,0,3,5.0541413395129595,23.64254766031196,3703.1520199327265,1526
9170.0,2307,0,0,1,5.033919811585994,24.0307758994365,3703.288851548487,1529
9171.0,2308,0,1,0,5.008447967960772,24.554592720970536,3702.4834584540104,1528
9172.0,2308,0,0,0,4.998110091058848,24.969237435008665,3703.283133041049,1530
9173.0,2308,0,0,0,4.994681103961899,25.4367417677643,3704.082940509993,1539
9174.0,2308,0,0,0,4.970600453502379,25.922876949740036,3704.88426654534,1551
9175.0,2308,0,0,0,4.945671272556977,26.370450606585788,3705.6864262330437,1551
9176.0,2307,0,0,1,4.910860075775352,26.78673602080624,3704.8959024825604,1559
9177.0,2307,0,0,0,4.902386192430627,27.264846120502817,3705.6999892994104,1562
9178.0,2307,0,0,0,4.884703518726679,27.73905504984829,3706.5045204013263,1573
9179.0,2307,0,0,0,4.873058574063705,28.19115734720416,3707.3096569451004,1576
9180.0,2306,0,0,1,4.8456354387427565,28.756721595836947,3707.403780881288,1580
9181.0,2304,0,0,2,4.91623312324385,27.13845486111111,3708.1176159482475,1474
9182.0,2304,0,0,0,5.03331480524081,26.18185763888889,3708.910830552043,1408
9183.0,2302,0,0,2,5.165805284918801,25.455256298870548,3708.050866463317,1358
9184.0,2302,0,0,0,5.353037290856483,24.662901824500434,3708.8211857796923,1309
9185.0,2301,0,0,1,5.524437898431468,23.99826162538027,3709.561817951414,1264
9186.0,2301,0,0,0,5.7393992788938935,23.539330725771404,3710.306737213509,1230
9187.0,2301,0,0,0,5.929697025535556,23.08431116905693,3711.0390754889345,1195
9188.0,2301,0,0,0,6.09478743545131,22.736636245110823,3711.761786992734,1172
9189.0,2301,0,0,0,6.23474581054433,22.450673620165144,3712.4755259761155,1163
9190.0,2301,0,0,0,6.350435060098525,22.17644502390265,3713.1815069056033,1153
9191.0,2300,0,0,1,6.451820152615346,21.878695652173914,3714.907843681374,1139
9192.0,2300,0,0,0,6.516096650413695,21.471304347826088,3715.6031896730997,1122
9193.0,2300,0,0,0,6.571044144413607,21.16217391304348,3716.2948626632015,1106
9194.0,2300,0,0,0,6.603993752735822,20.820434782608697,3716.9845081490253,1092
9195.0,2300,0,0,0,6.630002374077679,20.615652173913045,3717.672041299875,1078
9196.0,2299,0,0,1,6.649681783109706,20.381470204436713,3717.620106498019,1076
9197.0,2297,0,0,2,6.640210177447273,20.134958641706575,3717.416584879902,1067
9198.0,2297,0,0,0,6.6426291178139065,19.989116238572052,3718.1024884110684,1066
9199.0,2296,0,0,1,6.658201836556999,19.770034843205575,3718.6937537257013,1059
9200.0,2296,0,0,0,6.6653832850262145,19.67247386759582,3719.376159848556,1058
9201.0,2296,0,0,0,6.686549131850233,19.541811846689896,3720.0583506527296,1056
9202.0,2296,0,0,0,6.674858002887813,19.45731707317073,3720.7406779199123,1057
9203.0,2296,0,0,0,6.665507825390006,19.25827526132404,3721.4236362933366,1053
9204.0,2296,0,0,0,6.660000918015334,19.17595818815331,3722.107541174086,1044
9205.0,2296,0,0,0,6.64370672105573,19.00348432055749,3722.7926359285198,1056
9206.0,2296,0,0,0,6.637957656069053,18.807491289198605,3723.4784241984803,1053
9207.0,2296,0,1,1,6.630003025432091,18.665940766550523,3722.731391545446,1053
9208.0,2296,0,0,0,6.633440511698004,18.46994773519164,3723.4186569123776,1050
9209.0,2296,0,0,0,6.64150517111926,18.29616724738676,3724.105437123789,1038
9210.0,2295,0,0,1,6.631279605609448,18.24313725490196,3723.9339847378837,1033
9211.0,2295,0,0,0,6.654905728004736,18.128976034858386,3724.6207687794586,1026
9212.0,2294,0,0,1,6.677359629217168,18.009590235396686,3725.4408428369225,1023
9213.0,2292,0,0,2,6.675954772474137,17.994764397905758,3725.512991364299,1021
9214.0,2291,0,1,2,6.684497280906664,17.927979048450457,3724.0709968387337,1015
9215.0,2290,0,0,1,6.684461631588819,17.91877729257642,3724.3727196845166,1017
9216.0,2287,0,0,3,6.677110985405691,17.934849147354612,3723.2876227627585,1024
9217.0,2287,0,0,0,6.681444773480128,18.006558810669,3723.9719234775193,1027
9218.0,2285,0,1,3,6.683312293491443,17.99168490153173,3724.3330766087083,1026
9219.0,2281,0,0,4,6.651769373670696,17.88031565103025,3724.956675147771,1020
9220.0,2280,0,0,1,6.631903987863156,17.806578947368422,3725.8897264473776,1021
9221.0,2280,0,0,0,6.5925123244555115,17.778947368421054,3726.57987706432,1035
9222.0,2279,0,0,1,6.5327653198860896,17.745502413339185,3728.202077004882,1049
9223.0,2278,0,0,1,6.464391748488668,17.72036874451273,3728.1989569625275,1060
9224.0,2279,0,1,0,6.411367282616025,17.653356735410267,3727.2639556087493,1064
9225.0,2277,0,0,2,6.359040541668808,17.62758014931928,3727.920859865652,1068
9226.0,2277,0,0,0,6.333863497437663,17.49187527448397,3728.62769214486,1085
9227.0,2277,0,0,0,6.310680353034084,17.341677646025474,3729.336757917074,1089
9228.0,2276,0,0,1,6.285742399925834,17.213971880492092,3729.7746086708426,1104
9229.0,2275,0,0,1,6.271348941402125,17.36967032967033,3729.7675609708685,1122
9230.0,2273,0,0,2,6.247696093429365,17.540255169379673,3729.5302377904445,1138
9231.0,2274,0,1,0,6.22773781176249,17.671064204045734,3728.607600417242,1157
9232.0,2272,0,0,2,6.193148312138498,17.857394366197184,3728.6151409498243,1183
9233.0,2270,0,1,3,6.13185342435717,18.17136563876652,3727.698255363453,1201
9234.0,2271,0,2,1,6.085963345362895,18.501100836635842,3724.8222851388873,1211
9235.0,2268,0,0,3,6.024685461065557,18.821428571428573,3725.2365918018663,1223
9236.0,2267,0,1,2,5.984480539233506,19.128363475959418,3725.746519129744,1236
9237.0,2267,0,1,1,5.9496676751595166,19.3970004411116,3724.372500156627,1242
9238.0,2268,0,1,0,5.914747333751756,19.61067019400353,3723.4669465008915,1258
9239.0,2267,0,0,1,5.861452102357398,19.966475518306133,3722.5519840022157,1263
9240.0,2268,0,2,1,5.820518566172464,20.282186948853617,3718.373131935715,1277
9241.0,2266,0,0,2,5.742899145206988,20.620917917034422,3718.6008178663833,1293
9242.0,2266,0,1,1,5.690415311816988,21.002206531332746,3716.8892925269547,1314
9243.0,2264,0,0,2,5.640407887393145,21.478798586572438,3717.3761489826793,1346
9244.0,2265,0,2,1,5.600943046655005,21.805298013245032,3716.1135334633445,1345
9245.0,2263,0,0,2,5.568317300687882,22.144056562085726,3716.1032787962126,1358
9246.0,2262,0,1,2,5.498967555640769,22.512820512820515,3714.2202343880326,1373
9247.0,2263,0,1,0,5.459270152811179,22.841802916482546,3713.344581061402,1388
9248.0,2263,0,1,1,5.416344908623247,23.20326999558109,3711.9408703041695,1396
9249.0,2263,0,0,0,5.387529576775602,23.598762704374725,3712.712525591349,1408
9250.0,2264,0,1,0,5.36871903611962,23.954063604240282,3711.846049120666,1419
9251.0,2265,0,1,0,5.34928883972195,24.35894039735099,3710.981969915771,1435
9252.0,2263,0,0,2,5.299044952590182,24.78435704816615,3714.13332492325,1438
9253.0,2263,0,2,2,5.255687505053796,25.150243040212107,3711.3262410381494,1454
9254.0,2263,0,0,0,5.220744922133157,25.547061422889968,3712.1111932715653,1468
9255.0,2261,0,0,2,5.169062817145818,26.056169836355593,3713.2427794747205,1486
9256.0,2262,0,1,0,5.143309980553835,26.52608311229001,3712.3910977289247,1496
9257.0,2261,0,0,1,5.104801296553932,26.946483856700574,3713.5275781921473,1505
9258.0,2261,0,0,0,5.072791278590876,27.28261831048209,3714.323089956027,1515
9259.0,2259,0,0,2,5.025511604920238,27.741478530323153,3714.9946310591017,1526
9260.0,2259,0,0,0,5.001255422107032,28.219566179725543,3715.7948439062875,1538
9261.0,2260,0,1,0,4.9847564399120055,28.752654867256638,3714.951247197511,1537
9262.0,2260,0,0,0,4.950371048265905,29.306194690265485,3715.7545601109964,1552
9263.0,2259,0,0,1,4.950012463393036,29.833997343957503,3715.664272070233,1559
9264.0,2258,0,0,1,4.925489169708187,30.336581045172718,3716.5900971513397,1569
9265.0,2258,0,0,0,4.901748113986815,30.789193976970772,3717.3969602523844,1579
9266.0,2257,0,0,1,4.8682144187588,31.295081967213115,3718.1817735746786,1591
9267.0,2258,0,1,0,4.852400569047811,31.775465013286095,3717.3443095750376,1597
9268.0,2257,0,0,1,4.836616329609231,32.25299069561365,3716.6270185774597,1602
9269.0,2256,0,0,1,4.818191800491395,32.748226950354606,3717.05151281375,1599
9270.0,2256,0,0,0,4.826348538563312,33.267287234042556,3717.862093338799,1606
9271.0,2255,0,0,1,4.895485311179906,31.64478935698448,3718.6524762858003,1503
9272.0,2252,0,0,3,4.990269323300092,30.55150976909414,3719.6309016902455,1433
9273.0,2252,0,0,0,5.125147884896211,29.656305506216697,3720.4194445427383,1382
9274.0,2252,0,0,0,5.282491231352351,29.02886323268206,3721.1969348877,1351
9275.0,2251,0,0,1,5.457092166063155,28.120390937361172,3720.5893949278943,1314
9276.0,2249,0,0,2,5.638128236225978,27.47265451311694,3721.258761961616,1279
9277.0,2249,0,0,0,5.829011117174167,26.788350377945754,3721.9991601507577,1250
9278.0,2248,0,0,1,5.973740311717424,26.1614768683274,3724.0157011355177,1236
9279.0,2248,0,0,0,6.102168520040773,25.54937722419929,3724.7372911287275,1205
9280.0,2248,0,0,0,6.217113209588116,25.25044483985765,3725.4515265428486,1195
9281.0,2248,0,0,0,6.302360741931898,25.152135231316727,3726.1608796611454,1181
9282.0,2247,0,0,1,6.364578379791662,24.987983978638184,3726.1207355784204,1182
9283.0,2247,0,0,0,6.433722428427899,24.65064530485091,3726.821878413805,1161
9284.0,2247,0,0,0,6.499593660891464,24.339563862928348,3727.5182459309194,1164
9285.0,2247,0,0,0,6.544321150410879,24.082777036048064,3728.2115465629354,1144
9286.0,2246,0,0,1,6.576974894965645,23.739091718610865,3729.2556565730256,1131
9287.0,2246,0,0,0,6.602053439400508,23.491985752448798,3729.94537546295,1128
9288.0,2246,0,0,0,6.632981399602869,22.947907390917187,3730.632983298939,1105
9289.0,2246,0,0,0,6.657449264298543,22.462154942119323,3731.3190765916547,1096
9290.0,2246,0,0,0,6.698751929813574,21.619323241317897,3732.002111542865,1063
9291.0,2246,0,0,0,6.736163239185624,21.262243989314335,3732.6832889727516,1058
9292.0,2246,0,0,0,6.763766736655827,20.812555654496883,3733.361839031426,1032
9293.0,2245,0,0,1,6.7578100936650785,20.424498886414256,3733.5343680298856,1030
9294.0,2245,0,0,0,6.783415716286941,19.84187082405345,3734.213719547106,1007
9295.0,2243,0,0,2,6.795227472007261,19.449398127507802,3734.6897365855143,990
9296.0,2243,0,0,0,6.805706822868046,19.053945608559964,3735.3668395780664,982
9297.0,2242,0,1,2,6.80610867350806,18.639161462979484,3734.0199472575773,973
9298.0,2242,0,0,0,6.825600969152787,18.409455842997325,3734.696203434653,973
9299.0,2242,0,0,0,6.8319896206664685,18.21766280107047,3735.3719900673345,969
9300.0,2242,0,0,0,6.825102159869386,17.991971454058877,3736.0478685860653,980
9301.0,2242,0,0,0,6.807174517216346,17.73193577163247,3736.7251172584456,980
9302.0,2242,0,0,0,6.796906261316431,17.698483496877788,3737.405095987615,990
9303.0,2241,0,0,1,6.783926901016829,17.48549754573851,3737.618630351752,999
9304.0,2241,0,0,0,6.786055518939259,17.373047746541722,3738.2989509575555,995
9305.0,2240,0,0,1,6.78913502057747,17.276339285714286,3738.9021883211367,1003
9306.0,2241,0,1,0,6.79343035267112,17.214190093708165,3737.9128533393514,1006
9307.0,2241,0,0,0,6.796819768244682,16.993752788933513,3738.592908786164,1000
9308.0,2240,0,0,1,6.787726935861608,16.979017857142857,3739.2239138707155,1003
9309.0,2239,0,0,1,6.768269403871034,16.968736042876284,3739.8796326520655,1015
9310.0,2239,0,0,0,6.723069802622796,16.984368021438144,3740.5650342596223,1029
9311.0,2239,0,1,1,6.671764804366481,16.910227780259046,3739.011687893614,1019
9312.0,2239,0,0,0,6.629923852280769,16.99821348816436,3739.703461026398,1033
9313.0,2239,0,0,0,6.584330667086332,17.071907101384546,3740.3986206132577,1032
9314.0,2238,0,0,1,6.518476438659621,17.250670241286862,3741.404923205536,1047
9315.0,2238,0,0,0,6.471950607575566,17.43521000893655,3742.108247133246,1071
9316.0,2237,0,0,1,6.395031808850744,17.47340187751453,3741.3497141182916,1084
9317.0,2237,0,0,0,6.350265180359946,17.582923558337058,3742.0609678268574,1095
9318.0,2234,0,0,3,6.243581530761227,17.797672336615936,3742.5015111890293,1117
9319.0,2234,0,1,1,6.191785493669806,17.897045658012534,3740.6782606313504,1131
9320.0,2233,0,0,1,6.1084205635175115,18.103896103896105,3741.3867293423855,1148
9321.0,2231,0,1,3,6.050559980558899,18.250560286866875,3739.9234333440936,1172
9322.0,2230,0,0,1,5.985235089888441,18.397309417040358,3740.6059045109387,1191
9323.0,2228,0,0,2,5.956902695485194,18.6032315978456,3740.906482823208,1189
9324.0,2228,0,1,1,5.901337635010143,18.890933572710953,3739.2278706303778,1212
9325.0,2226,0,0,2,5.8355475085421435,19.10512129380054,3739.646435255046,1224
9326.0,2225,0,1,2,5.761938812209699,19.31685393258427,3738.533897151994,1234
9327.0,2223,0,0,2,5.703304256645606,19.64957264957265,3739.5177359971963,1267
9328.0,2223,0,0,0,5.660096658111542,19.952316689158796,3740.2736361532066,1288
9329.0,2224,0,1,0,5.629428129820936,20.285521582733814,3739.349870297967,1299
9330.0,2224,0,0,0,5.592487285817945,20.578237410071942,3740.110090935212,1303
9331.0,2224,0,0,0,5.567527410739912,20.973920863309353,3740.8717104445354,1325
9332.0,2225,0,1,0,5.535286484499552,21.39011235955056,3739.9539096393914,1336
9333.0,2224,0,0,1,5.4825804179879,21.58543165467626,3741.97279018867,1346
9334.0,2223,0,0,1,5.427092916157907,21.774628879892038,3743.921330846721,1369
9335.0,2223,0,0,0,5.364694666478941,22.038236617183987,3744.696512085451,1374
9336.0,2223,0,0,0,5.310161684680871,22.41115609536662,3745.4747901759624,1390
9337.0,2224,0,1,0,5.267379931122908,22.704586330935253,3744.571585173577,1405
9338.0,2224,0,0,0,5.216456212398078,23.05845323741007,3745.3567810074783,1426
9339.0,2224,0,0,0,5.179697365855917,23.423561151079138,3746.1442485194657,1443
9340.0,2225,0,1,0,5.1678776019099475,23.740224719101125,3745.249014666726,1438
9341.0,2225,0,1,1,5.148179412163179,24.107865168539327,3744.0291474143355,1447
9342.0,2224,0,0,1,5.136987904633473,24.54631294964029,3743.90210341083,1465
9343.0,2224,0,1,1,5.109269499304365,25.03507194244604,3741.773376831599,1475
9344.0,2224,0,0,0,5.078504397153403,25.383543165467625,3742.5686947620957,1480
9345.0,2224,0,0,0,5.064867466122387,25.881744604316548,3743.3651477331373,1487
9346.0,2224,0,0,0,5.046362711697673,26.35161870503597,3744.1632580435953,1498
9347.0,2224,0,0,0,5.0291218556877295,26.79361510791367,3744.963384002229,1515
9348.0,2224,0,0,0,5.001082398890488,27.20998201438849,3745.765799635228,1517
9349.0,2223,0,0,1,4.98195515122037,27.695456590193434,3746.7609985962354,1529
9350.0,2223,0,0,0,4.97489048520356,28.154745838956366,3747.5655478883373,1544
9351.0,2224,0,1,0,4.976635851303549,28.616906474820144,3746.685125328703,1551
9352.0,2223,0,0,1,4.969059333674651,29.201979307242464,3746.1586611865973,1562
9353.0,2223,0,0,0,4.955101943602535,29.720197930724247,3746.965268703735,1573
9354.0,2223,0,0,0,4.9266935938775696,30.3463787674314,3747.7745582593616,1582
9355.0,2223,0,0,0,4.931281850603407,30.76923076923077,3748.584077934335,1580
9356.0,2222,0,0,1,4.905202639806433,31.106660666066606,3749.742406280234,1583
9357.0,2221,0,0,1,4.902507168561014,31.663665015758667,3750.928562962293,1590
9358.0,2221,0,0,0,4.887029800438346,32.20756416028816,3751.741215275247,1586
9359.0,2219,0,0,2,4.863614095430367,32.70707525912573,3753.6902084571534,1590
9360.0,2218,0,0,1,4.8502071829549855,33.2799819657349,3754.380473088809,1600
9361.0,2217,0,0,1,4.942033336098716,31.520974289580515,3755.7611679877264,1504
9362.0,2217,0,0,0,5.080687665861271,30.33423545331529,3756.5596130494946,1433
9363.0,2216,0,0,1,5.24825580284833,29.526173285198556,3757.1202252529597,1372
9364.0,2216,0,0,0,5.459907809860533,28.616425992779785,3757.8931700973726,1327
9365.0,2215,0,0,1,5.649768159545602,27.99232505643341,3757.52850076094,1287
9366.0,2215,0,0,0,5.843805698424598,27.51512415349887,3758.2763153428828,1252
9367.0,2215,0,0,0,6.045917682366563,27.01489841986456,3759.0112255630515,1212
9368.0,2214,0,0,1,6.208613501914213,26.588979223125566,3759.1177180070895,1201
9369.0,2213,0,0,1,6.332584290007168,26.106190691369182,3760.1366532307397,1177
9370.0,2212,0,0,1,6.44600552476911,25.49005424954792,3760.837474168501,1146
9371.0,2210,0,0,2,6.530610457583365,25.18552036199095,3762.9359858110524,1136
9372.0,2209,0,0,1,6.607322551407725,24.923494794024446,3762.911067243793,1127
9373.0,2207,0,0,2,6.657941741346863,24.628001812415043,3762.747708017582,1116
9374.0,2205,0,0,2,6.709925214048718,23.96281179138322,3763.0763504341053,1088
9375.0,2205,0,0,0,6.777928979420367,23.43174603174603,3763.7615528709707,1066
9376.0,2205,0,0,0,6.819928493114539,23.084807256235827,3764.4432191295796,1054
9377.0,2204,0,0,1,6.875415230447923,22.877949183303084,3765.0038289333024,1057
9378.0,2202,0,0,2,6.872771804188553,22.553587647593098,3765.90097020968,1056
9379.0,2202,0,0,0,6.86933276311661,22.298819255222526,3766.578137759826,1036
9380.0,2201,0,0,1,6.87319471988985,21.92094502498864,3766.464484026114,1022
9381.0,2201,0,0,0,6.8663036024921835,21.726033621081328,3767.141046681838,1019
9382.0,2201,0,0,0,6.855742675445415,21.514311676510676,3767.818789549691,1005
9383.0,2201,0,0,0,6.84721359202152,20.953203089504772,3768.4960968248743,991
9384.0,2199,0,0,2,6.839471601235462,20.714415643474307,3768.246506956784,988
9385.0,2198,0,0,1,6.813468155877813,20.439035486806187,3768.5958782727666,987
9386.0,2198,0,0,0,6.811578504239003,20.106460418562328,3769.2748012381167,986
9387.0,2199,0,1,0,6.82523124829065,19.844929513415188,3768.2383524773477,971
9388.0,2198,0,0,1,6.850862132257338,19.630573248407643,3768.738167024616,979
9389.0,2198,0,0,0,6.8830522583307,19.524567788899,3769.4117955841093,968
9390.0,2197,0,0,1,6.896975335695551,19.182521620391444,3770.419093144791,951
9391.0,2197,0,0,0,6.9096916854264085,18.85298133818844,3771.0923609802253,958
9392.0,2197,0,0,0,6.923287879330938,18.58170232134729,3771.7658576161175,956
9393.0,2196,0,0,1,6.909277574775025,18.451730418943534,3771.4488640071827,966
9394.0,2197,0,1,0,6.897517704559079,18.265817023213472,3770.407611274306,965
9395.0,2197,0,0,0,6.896846912471537,18.049613108784705,3771.0835778756223,961
9396.0,2197,0,0,0,6.921952298016197,17.867091488393264,3771.75956200389,971
9397.0,2196,0,0,1,6.938155923050662,17.712204007285976,3771.4660601253977,974
9398.0,2195,0,0,1,6.932640015941187,17.451025056947607,3772.379974229611,985
9399.0,2194,0,0,1,6.928939830476022,17.185505925250684,3771.568648163851,978
9400.0,2195,0,1,0,6.907946598261272,16.9375854214123,3770.5287958992535,984
9401.0,2195,0,0,0,6.887614506941012,16.759453302961276,3771.209024525222,997
9402.0,2194,0,0,1,6.82287981963556,16.58295350957156,3772.124614044426,1003
9403.0,2194,0,0,0,6.809824527607475,16.525979945305377,3772.810871794305,1015
9404.0,2193,0,0,1,6.749264971409029,16.336525307797537,3773.8075296446136,1033
9405.0,2193,0,0,0,6.690945089203032,16.198358413132695,3774.501291549188,1043
9406.0,2192,0,1,2,6.6162438361721625,16.157846715328468,3773.3060949638234,1054
9407.0,2192,0,0,0,6.597476946778496,16.060675182481752,3774.0075318733107,1073
9408.0,2192,0,0,0,6.591103228823955,15.796532846715328,3774.7097793667826,1070
9409.0,2191,0,0,1,6.549588100926985,15.72478320401643,3774.7512005545923,1078
9410.0,2191,0,0,0,6.513289084812472,15.643998174349612,3775.458801747868,1106
9411.0,2191,0,1,1,6.460700975754634,15.533546325878595,3773.783078034034,1121
9412.0,2190,0,1,2,6.391453330530095,15.659817351598173,3770.467757655887,1149
9413.0,2189,0,1,2,6.297118371948171,15.772955687528551,3769.5040756632006,1170
9414.0,2190,0,1,0,6.23875747582608,15.964840182648402,3768.50785606399,1194
9415.0,2187,0,0,3,6.151500917267358,16.123914037494284,3765.979476779162,1213
9416.0,2185,0,1,2,6.115369898438607,16.139130434782608,3763.4867756064923,1219
9417.0,2182,0,1,4,6.0467920636340855,16.194775435380386,3761.264683152683,1241
9418.0,2181,0,0,1,5.998213492049285,16.152682255845942,3760.7841114681573,1245
9419.0,2181,0,1,1,5.963419485435432,16.1723979825768,3761.081165137504,1268
9420.0,2182,0,1,0,5.926759578759326,16.21173235563703,3760.1041736368,1277
9421.0,2184,0,2,0,5.897034784704948,16.49084249084249,3757.409152571896,1280
9422.0,2183,0,0,1,5.843697972767112,16.708199725148877,3757.591499292319,1301
9423.0,2184,0,1,0,5.79738610478026,16.772435897435898,3756.6269427384495,1313
9424.0,2184,0,0,0,5.769284609826795,17.092490842490843,3757.385552727435,1320
9425.0,2184,0,0,0,5.7459740556670065,17.187271062271062,3758.1466395135467,1320
9426.0,2183,0,1,2,5.710871260284417,17.34493815849748,3757.8609055871684,1330
9427.0,2184,0,1,0,5.674795703532827,17.57051282051282,3756.9060674057655,1349
9428.0,2185,0,1,0,5.633475780006571,17.75057208237986,3755.95583196343,1360
9429.0,2185,0,0,0,5.574283145131261,17.963386727688786,3756.729360243945,1369
9430.0,2187,0,2,0,5.517829333054791,18.252400548696844,3754.070530323087,1385
9431.0,2187,0,0,0,5.4713564152312575,18.495656149977137,3754.851131089918,1400
9432.0,2188,0,1,0,5.430031849125586,18.601462522851918,3753.9172089980375,1412
9433.0,2186,0,0,2,5.380157669679712,18.917200365965233,3754.5593322304035,1425
9434.0,2188,0,2,0,5.319501153722573,19.170475319926872,3751.91711080376,1442
9435.0,2188,0,0,0,5.282040795812937,19.434643510054844,3752.710649181028,1454
9436.0,2188,0,0,0,5.25592779490931,19.83546617915905,3753.50614029581,1476
9437.0,2187,0,0,1,5.2231933462750515,20.2053040695016,3753.848888283135,1498
9438.0,2185,0,0,2,5.180961330846714,20.59954233409611,3756.0200235574125,1504
9439.0,2186,0,1,0,5.180769546925227,20.812900274473925,3755.1021845176847,1509
9440.0,2185,0,0,1,5.16262946271667,21.11441647597254,3755.07849772588,1505
9441.0,2185,0,0,0,5.1705066365154115,21.479176201372997,3755.8810029782585,1509
9442.0,2186,0,1,0,5.160109925194478,21.91171088746569,3754.965718324211,1522
9443.0,2186,0,0,0,5.147687318869254,22.26806953339433,3755.769467089771,1525
9444.0,2185,0,0,1,5.134211631327318,22.605491990846684,3755.9215852492875,1534
9445.0,2184,0,0,1,5.123818349379441,23.07554945054945,3757.971165191951,1540
9446.0,2183,0,0,1,5.094853679392124,23.446633073751716,3759.4885444816646,1556
9447.0,2183,0,0,0,5.080862338350155,23.935868071461293,3760.2965894916597,1558
9448.0,2183,0,0,0,5.066671446717302,24.34722858451672,3761.1051530377445,1562
9449.0,2182,0,0,1,5.046320766825842,24.743813015582035,3761.8201958946106,1553
9450.0,2182,0,0,0,5.029812702048115,25.259395050412465,3762.6306062664503,1566
9451.0,2181,0,0,1,5.097614653356105,23.737734983952315,3763.8186294948805,1469
9452.0,2180,0,0,1,5.226928282526807,22.725688073394494,3765.0108953859585,1399
9453.0,2180,0,0,0,5.391153481500652,21.827064220183487,3765.794207424532,1332
9454.0,2179,0,0,1,5.569852260226002,21.067462138595687,3765.747548964852,1280
9455.0,2178,0,0,1,5.74030395449981,20.536730945821855,3766.895457356712,1249
9456.0,2178,0,0,0,5.929234080518129,20.17309458218549,3767.6413289542024,1230
9457.0,2178,0,1,1,6.073396885375573,19.74793388429752,3765.6837361036205,1205
9458.0,2177,0,0,1,6.203108853637508,19.252641249425814,3766.807754122813,1163
9459.0,2177,0,0,0,6.3099711941143175,18.817638952687183,3767.5245199305573,1134
9460.0,2175,0,0,2,6.385066139523273,18.56919540229885,3768.4520372841657,1119
9461.0,2174,0,0,1,6.464808231243436,18.34498620055198,3769.525673838562,1114
9462.0,2174,0,0,0,6.525021443171253,18.010579576816927,3770.227673508351,1098
9463.0,2173,0,0,1,6.5882666777068515,17.85549930971008,3770.203985979507,1091
9464.0,2172,0,0,1,6.635599174655351,17.584254143646408,3770.176021735342,1081
9465.0,2172,0,0,0,6.694289892910136,17.34852670349908,3770.865298030862,1063
9466.0,2171,0,0,1,6.762662754809823,17.0879778903731,3771.355348589291,1059
9467.0,2171,0,0,0,6.834116205357073,16.61031782588669,3772.0355710086683,1026
9468.0,2171,0,0,0,6.904973268383141,16.376324274527867,3772.711606488138,1013
9469.0,2171,0,0,0,6.927881344832986,16.23629663749424,3773.3864252008875,1020
9470.0,2171,0,0,0,6.953224709343307,16.100414555504376,3774.0606566052943,1009
9471.0,2170,0,0,1,6.982418627056689,15.906451612903226,3773.1203488168712,992
9472.0,2170,0,0,0,7.01477966651141,15.734562211981567,3773.791120020682,982
9473.0,2171,0,0,0,7.0105721088203845,15.5601105481345,3774.410800801757,977
9474.0,2171,0,0,0,6.997201736062279,15.436665131275909,3775.081672533774,970
9475.0,2171,0,0,0,7.010870375912554,15.228926761860894,3775.7518838350616,976
9476.0,2170,0,0,1,6.990655873268495,15.045622119815668,3776.4960687725575,974
9477.0,2169,0,0,1,7.012719863397092,14.989857076994006,3776.2795746098595,972
9478.0,2170,0,1,0,7.0366676401892345,14.882027649769585,3775.2075916298477,976
9479.0,2170,0,0,0,7.058882462046176,14.841013824884792,3775.87412963111,955
9480.0,2169,0,0,1,7.048467019369804,14.752420470262795,3777.7883409570923,963
9481.0,2169,0,0,0,7.053229654538376,14.527431996311664,3778.455792721034,957
9482.0,2168,0,0,1,7.083013710337742,14.465405904059041,3779.201347641872,960
9483.0,2167,0,0,1,7.0643172487580586,14.424088601753576,3779.083819902328,973
9484.0,2167,0,0,0,7.105438692025873,14.376557452699585,3779.7504702995407,964
9485.0,2168,0,1,0,7.114827055449612,14.312269372693727,3778.6738837207613,979
9486.0,2168,0,0,0,7.1370574828950435,14.23339483394834,3779.3400879501946,990
9487.0,2167,0,0,1,7.122519239860885,14.25196123673281,3779.583048560509,987
9488.0,2167,0,0,0,7.108990032993046,14.222888786340564,3780.2512348374526,1002
9489.0,2167,0,0,0,7.079568223645475,14.024919243193354,3780.9206101076165,990
9490.0,2167,0,0,0,7.045250135774717,14.046146746654362,3781.5927754184513,998
9491.0,2168,0,1,0,7.0063876911256004,14.061808118081181,3780.522922314243,1003
9492.0,2168,0,0,0,6.977618263067381,14.121771217712178,3781.199671401511,993
9493.0,2167,0,0,1,6.9063713592882205,14.185048454083987,3781.4063494114253,986
9494.0,2164,0,0,3,6.851864089833095,14.342883548983364,3782.8645518944645,1001
9495.0,2164,0,0,0,6.796884998923882,14.453789279112755,3783.5535366940785,1016
9496.0,2162,0,0,2,6.729574414925265,14.46577243293247,3782.3633601892952,1019
9497.0,2162,0,0,0,6.677882995139825,14.49444958371878,3783.0609268096273,1041
9498.0,2163,0,1,0,6.638069985657998,14.573277854831252,3782.0118447770155,1050
9499.0,2161,0,0,2,6.5605689991435225,14.70337806571032,3783.5304916753385,1062
9500.0,2160,0,0,1,6.495993719507746,14.753703703703703,3783.79175952629,1082
9501.0,2157,0,0,3,6.436338610135688,14.877607788595272,3782.8024789141814,1107
9502.0,2155,0,0,2,6.37777350318543,14.987935034802785,3782.6119579675405,1117
9503.0,2155,0,0,0,6.316871289861246,15.120649651972158,3783.3351077130233,1133
9504.0,2150,0,1,6,6.203165458313777,15.29860465116279,3781.6182212213826,1141
9505.0,2150,0,0,0,6.152255509205231,15.505116279069767,3782.350236681164,1159
9506.0,2148,0,0,2,6.0650191585476625,15.72020484171322,3782.437271726873,1182
9507.0,2148,0,0,0,6.006428777596457,15.985567970204842,3783.178853430496,1201
9508.0,2149,0,1,0,5.946901986115063,16.255932992089345,3782.163147817269,1216
9509.0,2147,0,0,2,5.89088528154806,16.58313926408943,3784.125400432585,1230
9510.0,2147,0,0,0,5.864031974215924,16.907312529110385,3784.876489648252,1239
9511.0,2147,0,1,1,5.814789459596389,17.15183977643223,3783.932145761532,1247
9512.0,2147,0,0,0,5.755665891998598,17.436888681881694,3784.69002157141,1262
9513.0,2148,0,1,0,5.702685894931714,17.76396648044693,3783.6899354324614,1270
9514.0,2149,0,1,0,5.672338264151484,18.037691949744065,3782.693250179197,1283
9515.0,2148,0,0,1,5.64875890694886,18.21415270018622,3783.2612340104833,1284
9516.0,2148,0,0,0,5.6282803187701544,18.51489757914339,3784.028380877786,1287
9517.0,2149,0,1,0,5.594112079435389,18.78687761749651,3783.0367130128384,1294
9518.0,2148,0,0,1,5.554172525770172,19.01024208566108,3785.068759367093,1295
9519.0,2148,0,0,0,5.502941765035178,19.372905027932962,3785.845254836773,1312
9520.0,2149,0,1,0,5.442084688696009,19.684039087947884,3784.8634607187364,1321
9521.0,2150,0,1,0,5.40503189832772,19.953023255813953,3783.8864601426535,1326
9522.0,2150,0,0,0,5.3565310160377475,20.18139534883721,3784.673098731208,1343
9523.0,2150,0,1,0,5.329655219255753,20.485116279069768,3782.9944204030994,1358
9524.0,2150,0,0,0,5.29881520204762,20.750232558139533,3783.7860729643126,1366
9525.0,2150,0,0,0,5.2842723107929075,21.067906976744187,3784.5802003052377,1375
9526.0,2150,0,1,1,5.28899248159046,21.34186046511628,3782.5230500645953,1377
9527.0,2149,0,0,1,5.271806599330273,21.64308980921359,3784.6802979660947,1396
9528.0,2150,0,1,0,5.261426704539348,21.91860465116279,3783.7152230197757,1402
9529.0,2150,0,0,1,5.265074680134484,22.152558139534882,3786.3490570760737,1412
9530.0,2150,0,0,0,5.257982332727837,22.412093023255814,3787.146209989216,1413
9531.0,2150,0,0,0,5.258884293515897,22.72,3787.943972594942,1412
9532.0,2150,0,0,0,5.261819507193918,23.109767441860466,3788.7408580978376,1413
9533.0,2150,0,0,0,5.246918373243521,23.593953488372094,3789.5391547336644,1429
9534.0,2150,0,0,0,5.2416842097267295,24.033023255813955,3790.337730933193,1437
9535.0,2150,0,0,0,5.240530853412141,24.528372093023254,3791.13626966999,1451
9536.0,2150,0,0,0,5.230588779104963,24.87395348837209,3791.935361787778,1452
9537.0,2150,0,0,0,5.225163748514148,25.406511627906976,3792.734549464822,1469
9538.0,2150,0,0,0,5.224768852074786,25.947441860465116,3793.5342427784863,1480
9539.0,2148,0,0,2,5.214592972701874,26.51443202979516,3794.561183379057,1479
9540.0,2148,0,0,0,5.196325501475722,27.049813780260706,3795.362100463423,1484
9541.0,2147,0,0,1,5.283173955892597,25.260829063809968,3796.615222398924,1376
9542.0,2147,0,0,0,5.432003742703253,24.05263157894737,3797.399899244525,1296
9543.0,2146,0,0,1,5.58617916965327,23.078285181733456,3798.381331528393,1240
9544.0,2146,0,0,0,5.787351115037981,22.04287045666356,3799.141283066972,1185
9545.0,2146,0,0,0,5.997322157337979,21.263746505125816,3799.8868380689096,1137
9546.0,2144,0,0,2,6.176151286027117,20.61660447761194,3800.0007214952657,1092
9547.0,2144,0,0,0,6.377498331515301,20.157182835820894,3800.721882870061,1071
9548.0,2143,0,0,1,6.562441003526654,19.714885674288382,3802.7682063836305,1051
9549.0,2141,0,0,2,6.664174322527851,19.376926669780477,3802.704920354389,1033
9550.0,2141,0,0,0,6.7581589610960195,18.88042970574498,3803.4001648728786,1015
9551.0,2139,0,0,2,6.799812796594043,18.579242636746145,3803.4055104023905,1008
9552.0,2138,0,0,1,6.854096267780168,18.34798877455566,3803.7869830625855,1013
9553.0,2138,0,0,0,6.92541000265206,18.122076707202993,3804.4696335808444,1000
9554.0,2137,0,0,1,6.979413696044441,17.62096396817969,3804.4227756208147,978
9555.0,2136,0,0,1,7.028869931029997,17.26685393258427,3804.600936124901,962
9556.0,2136,0,0,0,7.08497848410621,16.993445692883896,3805.274663571591,964
9557.0,2134,0,0,2,7.104522843510699,16.641518275538893,3805.6607827006114,955
9558.0,2134,0,0,0,7.143563995989605,16.276007497656984,3806.3305557441204,950
9559.0,2134,0,0,0,7.175820251340448,15.96157450796626,3806.998141606004,952
9560.0,2134,0,0,0,7.1892641465613325,15.75398313027179,3807.6657228238632,949
9561.0,2134,0,0,0,7.2012675209020305,15.53514526710403,3808.3321966873455,941
9562.0,2133,0,0,1,7.208681345490116,15.450070323488045,3810.2800678532008,937
9563.0,2133,0,0,0,7.217581249549474,15.262072198781059,3810.9458360650647,934
9564.0,2133,0,0,0,7.219881605003525,14.880918893577121,3811.610258064886,921
9565.0,2133,0,0,0,7.212325559436952,14.548523206751055,3812.2751916860557,912
9566.0,2133,0,1,1,7.21158438253402,14.25925925925926,3811.182032055658,903
9567.0,2132,0,0,1,7.21512155019737,14.124765478424015,3813.187888397763,915
9568.0,2131,0,0,1,7.210407630837071,13.80431722196152,3813.684717157028,921
9569.0,2130,0,0,1,7.191662616282219,13.592957746478874,3812.858851653103,924
9570.0,2130,0,0,0,7.216086343457333,13.451173708920187,3813.522779111836,935
9571.0,2128,0,0,2,7.210102005070938,13.177161654135338,3813.3684892908923,936
9572.0,2129,0,1,0,7.216574649993215,13.028651949271959,3812.241125231895,939
9573.0,2128,0,0,1,7.207459834696386,12.913533834586467,3812.0051963053716,945
9574.0,2127,0,0,1,7.208297793511329,12.852374236013164,3814.014947463191,951
9575.0,2127,0,0,0,7.227724657590254,12.840150446638457,3814.680066066749,954
9576.0,2127,0,0,0,7.178510068698915,12.761165961448048,3815.3486015853746,955
9577.0,2125,0,0,2,7.136809056965673,12.727058823529411,3814.4456730054394,958
9578.0,2126,0,1,0,7.101676940406122,12.637347130761995,3813.3235662325815,960
9579.0,2126,0,0,0,7.076841093090331,12.545625587958607,3813.996994777637,973
9580.0,2125,0,0,1,7.037098640834085,12.670117647058824,3813.8746299143936,985
9581.0,2124,0,0,1,7.010828425740481,12.620527306967984,3814.517918088993,983
9582.0,2124,0,0,0,6.9497288868344365,12.70009416195857,3815.2023626707182,995
9583.0,2125,0,1,0,6.897524078403215,12.694117647058823,3814.0946936869973,994
9584.0,2125,0,0,0,6.840167608899282,12.776941176470588,3814.7879148753455,1015
9585.0,2125,0,0,0,6.789376506630753,12.695058823529411,3815.4851789927784,1031
9586.0,2124,0,0,1,6.732181372172708,12.568267419962336,3815.3295413751525,1034
9587.0,2122,0,0,2,6.695509778081708,12.5937794533459,3817.3852920475624,1041
9588.0,2120,0,0,2,6.6592755722479895,12.644811320754718,3817.453220417879,1041
9589.0,2119,0,0,1,6.639928892670469,12.739971684756961,3817.8790438135043,1051
9590.0,2119,0,0,0,6.6253712204807,12.810759792354885,3818.589362172625,1058
9591.0,2116,0,1,4,6.562175198448837,12.9617202268431,3816.329209444522,1060
9592.0,2114,0,1,3,6.529141391114819,13.003311258278146,3814.6044309125286,1058
9593.0,2113,0,0,1,6.504267266530769,13.191670610506389,3814.542604093683,1066
9594.0,2112,0,1,2,6.503897910233175,13.363162878787879,3812.688678618913,1082
9595.0,2111,0,1,2,6.446514753683547,13.643297015632402,3810.8159163276205,1097
9596.0,2111,0,0,0,6.396587196750253,13.920890573188062,3811.540737234637,1118
9597.0,2110,0,1,2,6.339548118263433,14.212322274881517,3809.6121433312387,1140
9598.0,2111,0,1,0,6.287258508119566,14.553292278540976,3808.539061410719,1166
9599.0,2110,0,0,1,6.23413789907038,14.932227488151659,3807.472310296912,1190
9600.0,2109,0,0,1,6.209176065963493,15.154575628259838,3806.6474510748185,1197
9601.0,2111,0,2,0,6.17125929148705,15.422548555187115,3803.7798711565647,1222
9602.0,2111,0,0,0,6.139314713530577,15.5873993368072,3804.521565394204,1224
9603.0,2111,0,1,1,6.09095129366524,15.832306963524395,3802.1420578608963,1223
9604.0,2111,0,0,0,6.050815039468073,15.989104689720511,3802.8904910700257,1225
9605.0,2112,0,2,1,6.037620085005498,16.330492424242426,3799.924480920694,1242
9606.0,2112,0,0,0,6.005620567680207,16.62215909090909,3800.6764981217425,1234
9607.0,2115,0,3,0,5.974543717744445,16.768321513002363,3796.0378084083604,1236
9608.0,2115,0,0,0,5.910699251527456,17.122458628841606,3796.7957509385374,1254
9609.0,2116,0,1,0,5.882245991818112,17.467863894139885,3795.761557621393,1270
9610.0,2114,0,0,2,5.850839858576738,17.883159886471145,3797.816897282769,1287
9611.0,2114,0,1,1,5.833123826018724,18.288552507095552,3797.253729815813,1296
9612.0,2114,0,1,1,5.819601184590048,18.765373699148533,3796.981062484649,1318
9613.0,2115,0,1,0,5.811425597117383,19.231678486997637,3795.9519666596784,1334
9614.0,2117,0,2,0,5.792017165863233,19.50779404818139,3793.1321316864105,1340
9615.0,2118,0,1,0,5.7824838620137875,19.8890462700661,3792.108997188712,1337
9616.0,2118,0,0,0,5.774664250945932,20.302171860245515,3792.8779997361275,1340
9617.0,2119,0,1,0,5.754504049701113,20.753185464841906,3791.8574960422006,1344
9618.0,2118,0,0,1,5.711051066880744,21.19877242681775,3793.1016755024284,1355
9619.0,2119,0,1,0,5.69156525757306,21.678150070788107,3792.0848773682883,1364
9620.0,2118,0,0,1,5.664960404161328,22.17799811142587,3793.3509852411976,1375
9621.0,2119,0,1,0,5.652301467907442,22.63898065125059,3792.337381146925,1386
9622.0,2120,0,1,0,5.6330362858612935,23.158962264150944,3791.3265172158713,1397
9623.0,2119,0,0,1,5.614696642581522,23.70552147239264,3792.7013038779323,1405
9624.0,2118,0,0,1,5.575217855480184,24.255429650613788,3794.047967397321,1411
9625.0,2118,0,0,0,5.556779383365522,24.80311614730878,3794.830912084729,1416
9626.0,2118,0,0,0,5.545339486214593,25.313975448536354,3795.6148280644297,1414
9627.0,2118,0,0,0,5.524176746851027,25.85505193578848,3796.3999028993007,1427
9628.0,2117,0,0,1,5.4913839972877865,26.244685876239963,3797.6813521305644,1437
9629.0,2117,0,1,1,5.459353008350324,26.758148323098723,3795.6960910542866,1457
9630.0,2117,0,0,0,5.441020395449613,27.22862541332074,3796.486532947985,1460
9631.0,2117,0,0,0,5.52031572907518,25.760982522437413,3797.2716459167527,1368
9632.0,2116,0,0,1,5.630225897684998,24.89413988657845,3799.383646171872,1307
9633.0,2115,0,0,1,5.77279169196771,24.229787234042554,3799.4432298357,1270
9634.0,2114,0,0,1,5.9326495820682155,23.642857142857142,3799.654504985484,1226
9635.0,2113,0,0,1,6.1247716440991065,23.321344060577378,3799.489502925226,1197
9636.0,2113,0,0,0,6.30306740164257,22.827259820160908,3800.223089967603,1161
9637.0,2113,0,0,0,6.488152124738152,22.475627070515856,3800.9444737365247,1137
9638.0,2113,0,0,0,6.638583936862578,22.1859914813062,3801.6558042927327,1112
9639.0,2113,0,0,0,6.772585207455197,21.878845243729295,3802.3590355599003,1092
9640.0,2112,0,0,1,6.834454091276612,21.824810606060606,3802.3505933055085,1085
9641.0,2111,0,0,1,6.911847404291418,21.777830412126953,3803.54219507766,1081
9642.0,2111,0,0,0,6.984243843980818,21.574609189957368,3804.23099763897,1075
9643.0,2111,0,0,0,7.049542300769928,21.211747986736142,3804.9152351390453,1063
9644.0,2111,0,0,0,7.093917177697635,20.695405021316912,3805.5968356128874,1052
9645.0,2111,0,0,0,7.1356315116083175,20.45002368545713,3806.274455257992,1047
9646.0,2111,0,0,0,7.173874515399139,20.265277119848413,3806.949954660506,1037
9647.0,2111,0,0,0,7.201182392780217,20.12695405021317,3807.623755832487,1036
9648.0,2111,0,0,0,7.226771405605169,19.925627664613927,3808.2958520568495,1030
9649.0,2111,0,0,0,7.225581511998947,19.74940786357177,3808.968221702825,1023
9650.0,2110,0,0,1,7.191803861393309,19.535071090047392,3809.0470077316195,1025
9651.0,2110,0,0,0,7.203939217138505,19.39952606635071,3809.7191507698153,1018
9652.0,2110,0,0,0,7.209989378774414,19.34312796208531,3810.3908945221265,1009
9653.0,2109,0,0,1,7.192863394632326,19.22190611664296,3810.684461638622,1002
9654.0,2109,0,0,0,7.187063076073352,19.12754860123281,3811.3579277015547,1011
9655.0,2108,0,0,1,7.161353627203257,19.0303605313093,3812.1054672204536,1017
9656.0,2107,0,0,1,7.130986225855065,18.956336022781205,3813.162792833627,1017
9657.0,2108,0,1,0,7.124462712299741,19.002846299810248,3812.0307480712972,1033
9658.0,2107,0,0,1,7.1165375643165625,18.693402942572376,3812.09056368679,1034
9659.0,2106,0,0,1,7.121762105033166,18.70607787274454,3812.6792495326727,1035
9660.0,2105,0,0,1,7.122904040240589,18.674109263657957,3813.593647001519,1024
9661.0,2105,0,0,0,7.120171948641138,18.653206650831354,3814.273514655055,1033
9662.0,2105,0,0,0,7.126676356782819,18.72589073634204,3814.9534390812623,1037
9663.0,2105,0,0,0,7.1386903189346995,18.68836104513064,3815.632560775859,1039
9664.0,2105,0,1,1,7.128592561804068,18.675534441805226,3813.6830283571026,1048
9665.0,2105,0,0,0,7.131941042844974,18.43230403800475,3814.3630002231343,1052
9666.0,2105,0,0,0,7.116531522799203,18.397149643705465,3815.0450888116875,1069
9667.0,2105,0,0,0,7.101184488510518,18.327790973871736,3815.729021817828,1077
9668.0,2105,0,0,0,7.092925681326015,18.272209026128266,3816.414782118151,1075
9669.0,2106,0,1,0,7.07465201509006,18.325261158594493,3815.289100179387,1090
9670.0,2106,0,0,0,7.072140161553163,18.313390313390315,3815.9771544336586,1108
9671.0,2105,0,0,1,7.030732925233857,18.261757719714964,3817.724057074492,1113
9672.0,2104,0,0,1,6.988866438161028,18.24619771863118,3816.360193045929,1105
9673.0,2104,0,0,0,6.947734487029195,18.121673003802282,3817.055350563464,1102
9674.0,2102,0,0,2,6.869818166505658,18.143196955280686,3816.567155252487,1107
9675.0,2102,0,0,0,6.821228137918006,18.29115128449096,3817.270336476756,1112
9676.0,2103,0,1,0,6.778268252130103,18.249167855444604,3816.16008729903,1115
9677.0,2103,0,0,0,6.733730411635036,18.41321921065145,3816.868304514337,1122
9678.0,2101,0,0,2,6.69289014936089,18.5140409328891,3817.17421029777,1138
9679.0,2100,0,0,1,6.6703105597578745,18.634761904761906,3816.6767444802963,1147
9680.0,2097,0,0,3,6.635135043173993,18.886027658559847,3815.8538685522703,1161
9681.0,2096,0,0,1,6.612083280218072,18.87166030534351,3816.409156947736,1169
9682.0,2095,0,0,1,6.582822780668465,19.064439140811455,3816.9588586265822,1183
9683.0,2091,0,1,5,6.532710732051894,19.42802486848398,3813.2259379343286,1201
9684.0,2091,0,1,1,6.512094614036503,19.765662362505978,3811.144324124072,1210
9685.0,2091,0,1,1,6.498764225699317,20.0545193687231,3809.7633984655695,1223
9686.0,2091,0,0,0,6.468858775595173,20.320899091343854,3810.4883855992193,1231
9687.0,2091,0,1,1,6.422595149939449,20.56910569105691,3810.7600422337537,1237
9688.0,2089,0,0,2,6.377511876820993,20.71230253709909,3810.2896243615614,1245
9689.0,2087,0,0,2,6.339028863505584,21.109726880689987,3811.136257274447,1254
9690.0,2085,0,1,3,6.264394566136614,21.59808153477218,3811.396311963456,1269
9691.0,2083,0,0,2,6.206512190391,21.951512241958714,3810.4621008937065,1272
9692.0,2083,0,0,0,6.163199543679057,22.355256841094576,3811.206104880607,1282
9693.0,2084,0,1,0,6.146038763525265,22.761996161228407,3810.1225318706997,1291
9694.0,2084,0,0,0,6.093113473817251,23.040786948176585,3810.871875380241,1305
9695.0,2082,0,0,2,6.046960668591102,23.170028818443804,3812.2310932195714,1311
9696.0,2083,0,1,0,6.016600925199694,23.506481036965916,3811.15407326708,1316
9697.0,2082,0,1,2,5.993100902634841,23.91882804995197,3807.132223397332,1331
9698.0,2082,0,0,0,5.978680131575431,24.223342939481267,3807.888288824242,1328
9699.0,2081,0,0,1,5.927707303127521,24.71311869293609,3808.731640549887,1338
9700.0,2080,0,0,1,5.898692383436789,25.054326923076925,3808.671509994915,1339
9701.0,2080,0,1,1,5.865442560006159,25.55048076923077,3809.031627520669,1350
9702.0,2081,0,1,0,5.8543968485271085,25.701585776069198,3807.9648028263787,1349
9703.0,2080,0,0,1,5.846793369567487,26.186057692307692,3810.052949228978,1365
9704.0,2078,0,0,2,5.842217488011585,26.637632338787295,3813.575142247644,1360
9705.0,2078,0,0,0,5.827793430574302,27.131376323387872,3814.343538445898,1367
9706.0,2077,0,0,1,5.818128304796818,27.648531535869044,3816.518249213077,1372
9707.0,2077,0,0,0,5.807404657426649,28.0,3817.289311441018,1369
9708.0,2078,0,1,0,5.8044947307849375,28.294995187680463,3816.223373813717,1379
9709.0,2077,0,0,1,5.7784764801599495,28.355320173326913,3815.223848173392,1379
9710.0,2078,0,1,0,5.752037207226513,28.545235803657363,3814.16277371964,1382
9711.0,2078,0,0,0,5.7405151800209735,28.923965351299326,3814.939454333049,1392
9712.0,2077,0,0,1,5.723652633608931,29.32354357246028,3816.3230701717657,1387
9713.0,2077,0,0,0,5.713443438052137,29.82426576793452,3817.1019308098053,1396
9714.0,2075,0,0,2,5.668118762863626,30.379759036144577,3818.7753118920873,1409
9715.0,2074,0,0,1,5.642247662381899,30.891513982642238,3819.934933083143,1422
9716.0,2075,0,1,0,5.6309825331245085,31.1489156626506,3818.8777594166336,1424
9717.0,2075,0,0,0,5.617359780309135,31.589397590361447,3819.6629687715363,1432
9718.0,2075,0,1,1,5.585766388854906,32.18698795180723,3818.822041670752,1443
9719.0,2075,0,0,0,5.561159442777548,32.76289156626506,3819.6119414264494,1460
9720.0,2073,0,0,2,5.518128281037605,33.330438977327546,3819.9312538884064,1465
9721.0,2073,0,1,1,5.60263549987396,31.816208393632415,3818.012113325692,1370
9722.0,2071,0,0,2,5.71028349358153,30.981168517624337,3816.424508194241,1311
9723.0,2071,0,1,1,5.817931730566519,30.144374698213422,3815.85997815504,1265
9724.0,2071,0,0,0,5.997173364366517,29.577498792853692,3816.616830974355,1226
9725.0,2071,0,0,0,6.181674860104739,28.96861419604056,3817.3618091608196,1192
9726.0,2071,0,1,1,6.363453757458122,28.50217286335104,3816.7718176595395,1157
9727.0,2071,0,0,0,6.5244630170132645,28.241912119748914,3817.492665634037,1143
9728.0,2070,0,0,1,6.67013845546162,27.903381642512077,3817.1534594576005,1115
9729.0,2069,0,0,1,6.7929376721380095,27.739971000483326,3815.8690712713606,1110
9730.0,2068,0,0,1,6.868058516609866,27.595744680851062,3817.061332887673,1101
9731.0,2067,0,0,1,6.922478306590192,27.48137397194001,3815.920859377465,1089
9732.0,2067,0,0,0,6.981590999590135,26.985486211901307,3816.6130722478088,1084
9733.0,2067,0,0,0,7.021037751700639,26.669569424286404,3817.302658742905,1082
9734.0,2067,0,0,0,7.034209745370833,26.193033381712628,3817.9904341277997,1073
9735.0,2066,0,0,1,7.0404277367988435,25.91868344627299,3817.585202584545,1065
9736.0,2065,0,0,1,7.045816999441769,25.611138014527846,3818.550845458287,1053
9737.0,2064,0,0,1,7.047341373875702,25.291182170542637,3818.5028247886994,1059
9738.0,2063,0,0,1,7.068478882720903,25.219583131362093,3818.031275616054,1066
9739.0,2062,0,0,1,7.058630868590427,25.116876818622696,3818.549043152383,1062
9740.0,2062,0,0,0,7.043128868593822,24.656644034917555,3819.234473154841,1057
9741.0,2060,0,0,2,7.010297877512951,24.446601941747574,3819.2154235192374,1049
9742.0,2060,0,0,0,7.023292696840403,24.251941747572815,3819.9026807836176,1067
9743.0,2059,0,0,1,7.000525095711964,23.941719281204467,3819.6808777189676,1061
9744.0,2059,0,0,0,6.986726122396853,23.813987372510926,3820.369352777345,1061
9745.0,2059,0,0,0,6.970479679185294,23.63428848955804,3821.0577126052103,1071
9746.0,2058,0,0,1,6.951856138752211,23.572886297376094,3821.7903099399573,1068
9747.0,2058,0,1,1,6.953812873271598,23.19290573372206,3820.1367077469563,1065
9748.0,2058,0,0,0,6.950068383452981,23.07871720116618,3820.825834714147,1059
9749.0,2057,0,0,1,6.954997113523837,23.04569761789013,3821.788212981542,1066
9750.0,2057,0,0,0,6.935268255280112,23.03889158969373,3822.4769674682852,1070
9751.0,2056,0,0,1,6.932128290146295,22.92169260700389,3822.570508131217,1058
9752.0,2055,0,0,1,6.9427391612124065,22.872019464720193,3823.962572811855,1062
9753.0,2055,0,0,0,6.936851677757773,22.783941605839416,3824.651684665676,1060
9754.0,2055,0,1,1,6.884079808253777,22.521654501216545,3823.2820985406297,1068
9755.0,2055,0,0,0,6.869971296511753,22.528953771289537,3823.9756685745183,1080
9756.0,2055,0,0,0,6.858583249334386,22.487104622871048,3824.669732868995,1085
9757.0,2055,0,0,0,6.8345796532542336,22.390267639902678,3825.3660431385465,1103
9758.0,2054,0,0,1,6.791012287760307,22.303797468354432,3824.3210049391623,1096
9759.0,2053,0,0,1,6.7410756915230206,22.311251826595228,3824.3340752270965,1111
9760.0,2054,0,1,0,6.693512506617952,22.284323271665045,3823.1761115587105,1096
9761.0,2054,0,0,0,6.652565926121509,22.252190847127554,3823.8837070995432,1108
9762.0,2053,0,0,1,6.609646753007785,22.379444715051143,3823.741037002946,1114
9763.0,2053,0,0,0,6.592521947629986,22.26790063321968,3824.4529748255245,1113
9764.0,2053,0,0,0,6.566135524373695,22.311251826595228,3825.1665204916826,1115
9765.0,2054,0,1,0,6.526538130348332,22.427458617332036,3824.0200833578056,1122
9766.0,2054,0,0,0,6.497601616108655,22.417234664070108,3824.738048665511,1124
9767.0,2053,0,0,1,6.463349971562582,22.454943984413053,3824.937403758376,1124
9768.0,2053,0,0,0,6.443696467096452,22.45786653677545,3825.659311160717,1137
9769.0,2052,0,0,1,6.420583267590336,22.56335282651072,3827.004887513,1153
9770.0,2051,0,0,1,6.399100935954569,22.373963920039007,3826.979344909786,1161
9771.0,2050,0,0,1,6.386948082950009,22.458048780487804,3827.559179513038,1160
9772.0,2048,0,0,2,6.392509392582663,22.42724609375,3827.516926312994,1154
9773.0,2049,0,1,0,6.405652815446999,22.535871156661788,3826.373142791681,1158
9774.0,2049,0,0,0,6.424291622429499,22.661786237188874,3827.0956794899785,1163
9775.0,2047,0,0,2,6.384125873205667,22.76599902296043,3826.5029157589106,1170
9776.0,2046,0,0,1,6.349853461977937,22.888074291300097,3827.443996886586,1171
9777.0,2046,0,0,0,6.315733009515127,22.90175953079179,3828.173254188106,1178
9778.0,2044,0,0,2,6.246576260285502,22.834148727984346,3827.461820257162,1193
9779.0,2044,0,0,0,6.227443798436877,22.997553816046967,3828.195723084973,1201
9780.0,2044,0,0,0,6.183048614619539,23.28620352250489,3828.9320046148805,1214
9781.0,2044,0,0,0,6.134196538527222,23.53913894324853,3829.6710736968803,1219
9782.0,2043,0,0,1,6.110785959566817,23.83455702398434,3831.1171777878676,1225
9783.0,2044,0,1,0,6.072588726304482,24.05381604696673,3829.984847890412,1228
9784.0,2045,0,1,0,6.056319960667354,24.264547677261614,3828.855663038263,1226
9785.0,2046,0,1,0,6.043116732918985,24.295698924731184,3827.7290148211778,1230
9786.0,2046,0,0,0,6.027001177106707,24.44770283479961,3828.4760988151484,1245
9787.0,2046,0,0,0,6.0207846431123935,24.648582600195503,3829.2240191855185,1236
9788.0,2047,0,1,0,5.999304225815963,24.95554469956033,3828.10264009027,1241
9789.0,2046,0,0,1,5.977148670420156,25.281524926686217,3829.116180921045,1241
9790.0,2048,0,3,1,5.959210741588451,25.6162109375,3824.7121591261607,1250
9791.0,2047,0,0,1,5.929277367214763,25.899364924279432,3825.6389426164187,1251
9792.0,2048,0,1,0,5.916844249877015,26.01708984375,3824.5258120033504,1262
9793.0,2048,0,0,0,5.875359426473018,26.41357421875,3825.284599329133,1268
9794.0,2048,0,0,0,5.865167211199377,26.6103515625,3826.0449749499608,1278
9795.0,2048,0,1,1,5.834156762816617,26.92041015625,3823.9356278771756,1287
9796.0,2046,0,0,2,5.783429583478113,27.265884652981427,3825.3106276595386,1290
9797.0,2047,0,1,0,5.761248452052945,27.60674157303371,3824.209102212171,1306
9798.0,2048,0,1,0,5.762903102153989,27.990234375,3823.109772465856,1317
9799.0,2048,0,1,1,5.7214449235647535,28.15869140625,3822.4015900816557,1318
9800.0,2047,0,0,1,5.708734191483104,28.53590620420127,3823.6834000683525,1327
9801.0,2048,0,1,0,5.685345607467738,28.8662109375,3822.5902298897877,1335
9802.0,2048,0,0,0,5.670420724363193,29.2783203125,3823.3661350238344,1347
9803.0,2047,0,0,1,5.6323422079936085,29.648265754763067,3824.690796037507,1359
9804.0,2048,0,1,0,5.627322906310841,29.9609375,3823.600867936986,1364
9805.0,2048,0,0,0,5.615727953763756,30.4814453125,3824.3798531095126,1367
9806.0,2048,0,0,0,5.594668667964721,30.81689453125,3825.160937497973,1377
9807.0,2048,0,0,0,5.57755370786191,31.09619140625,3825.9426230129034,1379
9808.0,2048,0,0,0,5.538038838786041,31.49951171875,3826.7262859768043,1387
9809.0,2048,0,0,0,5.517470789143595,31.94677734375,3827.5109866926127,1394
9810.0,2047,0,0,1,5.489558884921368,32.449438202247194,3828.8791762799888,1410
9811.0,2046,0,0,1,5.549158015417823,30.964809384164223,3829.0258821303746,1323
9812.0,2046,0,0,0,5.663706617334745,29.840664711632453,3829.7976835004292,1254
9813.0,2045,0,0,1,5.800966185695739,28.976528117359415,3830.2927869981986,1190
9814.0,2045,0,0,0,5.98323661561424,28.312958435207825,3831.04219461459,1150
9815.0,2044,0,0,1,6.156599857839152,27.734344422700588,3830.9256929094413,1116
9816.0,2044,0,0,0,6.335764933683192,27.19471624266145,3831.650855320764,1091
9817.0,2043,0,0,1,6.497292247798367,26.772393538913363,3832.996539519443,1079
9818.0,2043,0,0,0,6.648032131368747,26.491923641703377,3833.700266629509,1058
9819.0,2041,0,0,2,6.719302561699118,26.29985301322881,3833.8070325683184,1042
9820.0,2041,0,0,0,6.787084461609607,26.041156295933366,3834.500285731201,1037
9821.0,2040,0,0,1,6.844579265188286,25.899509803921568,3833.522614618482,1041
9822.0,2040,0,0,0,6.901200902620131,25.610294117647058,3834.2088782761443,1033
9823.0,2040,0,0,0,6.960273624091302,25.362254901960785,3834.890982674458,1026
9824.0,2040,0,0,0,6.996894871215803,24.151470588235295,3835.5719275963165,1012
9825.0,2040,0,0,0,7.01009042080643,23.92107843137255,3836.250716764406,1015
9826.0,2040,0,0,0,7.008099946931998,23.823529411764707,3836.9298578192147,1021
9827.0,2040,0,0,0,7.003711742279286,23.730882352941176,3837.609417533044,1032
9828.0,2040,0,0,0,7.0353009480015745,23.76029411764706,3838.286959038436,1023
9829.0,2038,0,0,1,7.037394225780701,23.451422963689893,3835.8211492930322,1020
9830.0,2037,0,0,1,7.019593919493792,23.325478645066273,3836.429151823125,1013
9831.0,2036,0,0,1,7.014933002535702,23.1213163064833,3836.8023389124764,1007
9832.0,2036,0,0,0,6.986219074385287,22.93909626719057,3837.481427093461,990
9833.0,2035,0,0,1,6.960961017758921,22.6968058968059,3838.681440644467,984
9834.0,2033,0,0,2,6.9334749172698915,22.538612887358582,3839.86895927069,994
9835.0,2034,0,0,0,6.941000405248538,22.43756145526057,3841.707967839053,985
9836.0,2033,0,0,1,6.929227901347907,22.23266109198229,3840.44202773424,990
9837.0,2031,0,1,3,6.920611832945728,22.074347612013785,3837.6971751085057,982
9838.0,2031,0,0,0,6.936932730772752,21.85228951255539,3838.3792009543818,979
9839.0,2029,0,0,2,6.947696421223958,21.624938393297192,3838.9843875717384,983
9840.0,2028,0,0,1,6.950780101664745,21.49112426035503,3838.7972220377824,979
9841.0,2028,0,0,0,6.961873386666104,21.36094674556213,3839.4790482757235,974
9842.0,2028,0,0,0,6.9521200567120385,21.272189349112427,3840.1618415673665,971
9843.0,2027,0,0,1,6.971289157446406,21.169215589541192,3841.272865891987,963
9844.0,2027,0,0,0,6.963855964307632,21.06561420818944,3841.9548787543754,970
9845.0,2024,0,0,3,6.951846552406225,20.831521739130434,3843.2068570586184,965
9846.0,2024,0,1,0,6.96288928368357,20.491600790513836,3841.594691568042,949
9847.0,2025,0,0,0,6.943274668366431,20.175802469135803,3842.673333297321,941
9848.0,2024,0,0,1,6.914270056643071,19.982707509881422,3844.7197248904854,942
9849.0,2023,0,0,1,6.886450622259559,20.101334651507663,3844.894092384407,947
9850.0,2023,0,0,0,6.882838684316965,20.252100840336134,3845.5814974311047,965
9851.0,2023,0,0,0,6.867563730846178,20.271379139891252,3846.27117556834,978
9852.0,2023,0,1,1,6.8479075943887855,20.246663371230845,3844.6085879264865,985
9853.0,2023,0,0,0,6.819822389645175,20.285714285714285,3845.3025939845684,992
9854.0,2023,0,0,0,6.7991585667180034,20.293623331685616,3845.998368130963,994
9855.0,2022,0,0,1,6.762007307405965,20.216617210682493,3848.0830969199424,994
9856.0,2021,0,0,1,6.720869152468899,20.112320633349828,3848.375348791286,986
9857.0,2021,0,0,0,6.690508903464468,19.979713013359724,3849.0778046809305,990
9858.0,2020,0,0,1,6.6510297370434435,19.876237623762375,3848.92940327515,1007
9859.0,2018,0,0,2,6.622421695404642,19.666501486620415,3850.382185011589,1009
9860.0,2018,0,0,0,6.60362890100676,19.46085232903865,3851.089794073156,1019
9861.0,2020,0,2,0,6.587042413031928,19.296039603960395,3847.983120428208,1022
9862.0,2019,0,0,1,6.569504888766327,19.224368499257057,3848.2991302368805,1019
9863.0,2017,0,0,2,6.525751782359478,19.16410510659395,3847.581875610051,1033
9864.0,2015,0,0,2,6.517276573088768,19.138461538461538,3846.4936277619713,1047
9865.0,2016,0,1,0,6.484971579513272,18.985119047619047,3845.296382619131,1055
9866.0,2015,0,0,1,6.475147139513544,19.157816377171216,3845.8235729071703,1065
9867.0,2013,0,0,2,6.396382463203611,19.206656731246895,3846.7187711969327,1080
9868.0,2013,0,0,0,6.342967787402256,19.233482364629907,3847.4367734822017,1092
9869.0,2012,0,0,1,6.288503618272848,19.138667992047715,3846.967149089979,1094
9870.0,2012,0,0,0,6.237822178909952,19.146123260437374,3847.6925825669978,1109
9871.0,2012,0,1,1,6.209407913506152,18.944831013916502,3846.731319358868,1113
9872.0,2011,0,0,1,6.188913126985286,18.897066136250622,3847.6207291637666,1116
9873.0,2010,0,0,1,6.165779322817841,18.907960199004975,3847.4599744357665,1132
9874.0,2010,0,0,0,6.15884946065634,18.79004975124378,3848.1928505838564,1129
9875.0,2010,0,0,0,6.1455724172853055,18.728358208955225,3848.9282954481832,1136
9876.0,2011,0,1,0,6.137848894735676,18.999005469915463,3847.7500854906275,1142
9877.0,2012,0,1,0,6.1226401079064585,19.017892644135188,3846.57530742639,1142
9878.0,2011,0,0,1,6.081802557885736,19.010939830929885,3847.6435259403997,1151
9879.0,2011,0,0,0,6.042798595878292,18.983590253605172,3848.3874419711055,1156
9880.0,2011,0,1,1,6.0062090871030955,19.084037792143214,3846.4264803951364,1168
9881.0,2011,0,0,0,5.981592615009888,19.256588761810043,3847.1747311165914,1181
9882.0,2011,0,1,1,5.950996116678353,19.291397314768773,3845.199147141803,1184
9883.0,2012,0,1,0,5.931237322416284,19.317097415506957,3844.039637799965,1191
9884.0,2012,0,0,0,5.921782142194416,19.51093439363817,3844.7917394348137,1191
9885.0,2012,0,0,0,5.92018223992146,19.577534791252486,3845.5435988843865,1189
9886.0,2011,0,0,1,5.885510930297687,19.769269020387867,3846.7961092251826,1193
9887.0,2010,0,0,1,5.876917051544341,20.064676616915424,3846.6582381157627,1203
9888.0,2010,0,1,1,5.84302085824388,20.213930348258707,3844.0576025816617,1220
9889.0,2009,0,0,1,5.8121739724882495,20.318566450970632,3845.5154756573015,1225
9890.0,2009,0,0,0,5.7744651256412185,20.370831259333002,3846.2778167174765,1233
9891.0,2008,0,0,1,5.739348349058141,20.44671314741036,3847.5926618817834,1229
9892.0,2007,0,0,1,5.720230389848512,20.71400099651221,3849.0121044698176,1250
9893.0,2005,0,0,2,5.682235691671947,20.97506234413965,3851.5336851224924,1261
9894.0,2004,0,0,1,5.6451202125919435,21.076846307385228,3850.5590669063545,1268
9895.0,2003,0,0,1,5.602681893672788,21.28307538691962,3850.160102529202,1277
9896.0,2003,0,0,0,5.579066395833674,21.714927608587118,3850.93526800489,1296
9897.0,2002,0,0,1,5.540810661993101,22.045954045954048,3852.5440340212645,1295
9898.0,2002,0,0,0,5.51380462080389,22.14835164835165,3853.3229235557897,1309
9899.0,2000,0,0,2,5.468896462834973,22.3145,3853.3693082627215,1318
9900.0,1999,0,0,1,5.435669782586795,22.61830915457729,3853.724502614502,1328
9901.0,1997,0,0,2,5.490767091848426,20.534301452178266,3851.4651776878964,1241
9902.0,1995,0,0,2,5.5939398424238576,19.3203007518797,3851.9984262156463,1188
9903.0,1993,0,0,2,5.718772349552914,18.241344706472653,3850.9502261563084,1146
9904.0,1991,0,0,2,5.8616342210686945,17.65846308387745,3850.127956420164,1115
9905.0,1991,0,0,0,6.023268645593779,17.34907081868408,3850.87174987623,1104
9906.0,1990,0,0,1,6.17139261203629,17.024120603015074,3850.60488300631,1082
9907.0,1989,0,0,1,6.324427622077014,16.61035696329814,3850.2194535089357,1063
9908.0,1989,0,0,0,6.48373489751514,16.196581196581196,3850.9341604379383,1027
9909.0,1989,0,0,0,6.590407529582525,15.891905480140775,3851.643033274526,1017
9910.0,1989,0,0,0,6.671611873498703,15.581699346405228,3852.3463636799765,1009
9911.0,1989,0,0,0,6.722685541639431,15.478129713423831,3853.046375403178,1011
9912.0,1989,0,1,1,6.777263770867429,15.136249371543489,3851.8624618669883,996
9913.0,1988,0,0,1,6.809032426801261,14.810362173038229,3852.1603527305742,977
9914.0,1988,0,0,0,6.830401390626785,14.57645875251509,3852.8537091007574,980
9915.0,1989,0,1,0,6.841087715002293,14.203117144293614,3851.6079223046695,969
9916.0,1989,0,0,0,6.850282143986179,13.971845148315737,3852.298978640473,966
9917.0,1989,0,0,0,6.821205773566444,13.984414278531926,3852.991695873757,972
9918.0,1989,0,0,0,6.810322767391843,13.93212669683258,3853.6840235638433,980
9919.0,1989,0,0,0,6.830543633115019,13.81246857717446,3854.3757037365494,974
9920.0,1989,0,0,0,6.812872083229057,13.667169431875314,3855.067475076374,975
9921.0,1987,0,0,2,6.784525204837622,13.467035732259689,3856.4576289767806,969
9922.0,1987,0,0,0,6.787213303730337,13.442878711625566,3857.150535662187,988
9923.0,1987,0,0,0,6.769957717832753,13.380976346250629,3857.844532023456,984
9924.0,1987,0,0,0,6.777869216453934,13.257171615500756,3858.53866657177,978
9925.0,1987,0,0,0,6.770079959204867,13.199295420231504,3859.2333431729185,984
9926.0,1986,0,0,1,6.746742045291528,13.167170191339375,3858.5121246315375,973
9927.0,1987,0,1,0,6.747518012460227,13.17966784096628,3857.264338003587,974
9928.0,1986,0,0,1,6.726230649111767,13.026686807653576,3857.653485129862,973
9929.0,1985,0,0,1,6.702018682480394,12.945088161209068,3857.1627956091866,970
9930.0,1984,0,0,1,6.688339254870576,12.930443548387096,3858.3499258726474,974
9931.0,1984,0,0,0,6.686984357590964,12.855846774193548,3859.04712429479,967
9932.0,1983,0,0,1,6.694525216679245,12.67423096318709,3858.2701800334144,958
9933.0,1983,0,0,0,6.703679938039717,12.658598083711547,3858.96616811186,956
9934.0,1983,0,0,0,6.681678356618592,12.742309631870903,3859.6638804481536,967
9935.0,1984,0,1,0,6.677273954663057,12.656754032258064,3858.416029304655,962
9936.0,1984,0,0,0,6.672823806794703,12.605846774193548,3859.114628083055,973
9937.0,1983,0,0,1,6.669892011240987,12.637418053454361,3858.3878662687125,979
9938.0,1983,0,0,0,6.649388685706263,12.636913767019667,3859.0872062491394,994
9939.0,1982,0,0,1,6.625561492075597,12.573662966700303,3859.8745711767633,990
9940.0,1983,0,1,0,6.592925860968989,12.487644982349975,3858.6299346945943,988
9941.0,1983,0,0,0,6.5709634830582395,12.479576399394857,3859.3339557178892,985
9942.0,1983,0,0,0,6.534897799900452,12.377710539586484,3860.040325423835,983
9943.0,1982,0,0,1,6.476343818065651,12.372855701311806,3858.7491798106953,991
9944.0,1981,0,0,1,6.41993843556944,12.456839979808178,3859.928360990386,995
9945.0,1980,0,0,1,6.379187735118072,12.541919191919192,3859.9063308427367,988
9946.0,1980,0,1,1,6.32861896169921,12.522727272727273,3858.1222488605986,992
9947.0,1979,0,0,1,6.264470035282195,12.383527033855483,3859.1563680465415,996
9948.0,1979,0,0,0,6.215741120006903,12.278928751894897,3859.8831070075767,1002
9949.0,1979,0,0,0,6.190402596132005,12.24810510358767,3860.611138150732,1012
9950.0,1977,0,0,2,6.134993251763641,12.089529590288315,3861.336820099999,1006
9951.0,1977,0,1,1,6.091084313769407,12.111279716742539,3860.6269513474977,1013
9952.0,1977,0,0,0,6.088825537040099,12.125948406676782,3861.3594749621534,1024
9953.0,1977,0,1,1,6.07625192509388,12.153768335862418,3859.052874958389,1041
9954.0,1978,0,1,0,6.067335806633896,12.198685540950455,3857.8352410892617,1047
9955.0,1979,0,2,1,6.048551454002375,12.300656897422941,3854.477145305622,1058
9956.0,1978,0,0,1,6.023149726196624,12.513650151668353,3855.3343893875067,1080
9957.0,1979,0,1,0,5.992410495646019,12.644264780192016,3854.124950477617,1082
9958.0,1980,0,1,0,5.964616067996562,12.88989898989899,3852.9189888758137,1099
9959.0,1980,0,0,0,5.9284452699957315,12.962626262626262,3853.6630472650286,1103
9960.0,1981,0,1,0,5.882708550422863,13.158505805148915,3852.464070396505,1114
9961.0,1981,0,0,0,5.845078511720272,13.409389197375063,3853.2130996240194,1127
9962.0,1982,0,1,0,5.797900696868085,13.680121089808274,3852.021532893472,1133
9963.0,1983,0,1,0,5.760163873846576,13.970751386787695,3850.834065637029,1151
9964.0,1983,0,0,0,5.730802207132182,14.288451840645486,3851.592334782085,1158
9965.0,1985,0,2,0,5.707730206719686,14.639294710327455,3848.471369653629,1180
9966.0,1985,0,0,0,5.682137068400113,14.988413098236776,3849.2347116762844,1202
9967.0,1985,0,1,1,5.640554877709,15.370780856423174,3847.8880194196613,1223
9968.0,1986,0,1,0,5.627535912687928,15.691842900302115,3846.718007646773,1236
9969.0,1986,0,0,0,5.618407720277247,15.98992950654582,3847.487357345724,1250
9970.0,1985,0,0,1,5.58877000570748,16.346599496221664,3848.4223186156037,1255
9971.0,1985,0,1,1,5.551916000985828,16.784382871536526,3847.697660262716,1270
9972.0,1985,0,1,1,5.512824576913923,17.137027707808564,3844.766817919242,1272
9973.0,1984,0,1,2,5.432476329001381,17.60030241935484,3841.6870856516402,1285
9974.0,1984,0,0,0,5.40591819878995,18.021673387096776,3842.473025639276,1306
9975.0,1982,0,0,2,5.374177769274297,18.598890010090816,3843.6342385016337,1324
9976.0,1982,0,0,0,5.359225297480342,19.00151362260343,3844.423708554495,1325
9977.0,1980,0,0,2,5.332290743719508,19.40959595959596,3846.284624711209,1330
9978.0,1979,0,0,1,5.328529053875656,19.781707933299646,3847.815811900159,1340
9979.0,1979,0,1,1,5.297272425315165,20.24052551793835,3845.849288706278,1338
9980.0,1979,0,0,0,5.265698047040348,20.589691763516928,3846.64440639167,1345
9981.0,1979,0,0,0,5.25787535039144,21.050025265285498,3847.439573190549,1347
9982.0,1978,0,0,1,5.238081575633535,21.527805864509606,3847.9938622554278,1353
9983.0,1978,0,0,0,5.214920800875908,22.061678463094033,3848.791304697138,1365
9984.0,1977,0,0,1,5.168604465581304,22.54729387961558,3850.706810647819,1370
9985.0,1977,0,0,0,5.160644477301738,23.07435508345979,3851.5066872655048,1383
9986.0,1975,0,0,2,5.143320385737064,23.62886075949367,3849.6656241933656,1382
9987.0,1975,0,0,0,5.153861467024874,24.04607594936709,3850.466721739682,1389
9988.0,1974,0,0,1,5.126307447069481,24.393617021276597,3852.4154679142794,1393
9989.0,1974,0,0,0,5.111281856082987,24.83839918946302,3853.219562687929,1408
9990.0,1974,0,0,0,5.083948138193853,25.37436676798379,3854.0256344366476,1417
9991.0,1973,0,0,1,5.154801187380316,23.75519513431323,3853.798420388219,1325
9992.0,1973,0,0,0,5.303037548715035,22.816016218955905,3854.5874570935466,1262
9993.0,1973,0,0,0,5.461094818131307,22.14292954891029,3855.3657202129953,1214
9994.0,1973,0,0,0,5.651110957471182,21.486061834769387,3856.1312558323384,1173
9995.0,1972,0,0,1,5.842468907417994,20.9579107505071,3856.098076075912,1128
9996.0,1972,0,0,0,6.035293192944084,20.56896551724138,3856.838098874358,1099
9997.0,1972,0,0,0,6.186901089981452,20.282454361054768,3857.5678841233353,1083
9998.0,1970,0,0,2,6.307031100193289,20.136040609137055,3858.473188248108,1075
9999.0,1968,0,0,2,6.372844979191131,20.026930894308943,3860.1717944838024,1070
10000.0,1967,0,0,1,6.482177594226127,20.004575495678697,3860.7868397226025,1053
10001.0,1965,0,0,2,6.535843878296834,19.997964376590332,3862.6677506951473,1054
10002.0,1964,0,0,1,6.597179583187344,19.71486761710794,3862.654658041956,1033
10003.0,1963,0,0,1,6.630654401399055,19.419256240448295,3864.6042798862973,1016
10004.0,1962,0,0,1,6.661152752401413,19.180428134556575,3864.8143243311083,1014
10005.0,1962,0,0,0,6.687220444494045,18.94546381243629,3865.5097037061983,1009
10006.0,1962,0,0,0,6.7025199800120046,18.871559633027523,3866.2034310759254,1018
10007.0,1961,0,0,1,6.684750056037669,18.722080571137173,3865.7722335725402,1014
10008.0,1961,0,0,0,6.683964956745103,18.642529321774603,3866.4654884941388,1014
10009.0,1961,0,0,0,6.69330627664088,18.57572667006629,3867.157453644029,1004
10010.0,1961,0,0,0,6.707125474396935,18.470168281489038,3867.849085501452,999
10011.0,1961,0,0,0,6.71921846237983,18.306476287608362,3868.539395176178,997
10012.0,1961,0,0,0,6.733995471100919,18.09229984701683,3869.228986856256,988
10013.0,1961,0,0,0,6.755302044621295,17.897501274859767,3869.917463757563,976
10014.0,1961,0,0,0,6.7697598893617705,17.63895971443141,3870.605106817001,966
10015.0,1961,0,0,0,6.785251426871951,17.451810300866903,3871.292566630889,955
10016.0,1959,0,0,2,6.789475075845272,17.43287391526289,3871.9554217962586,966
10017.0,1957,0,1,3,6.763321372307846,17.115482881962187,3871.6042783861317,948
10018.0,1957,0,0,0,6.779441497399741,16.91057741440981,3872.2919242189073,949
10019.0,1957,0,0,0,6.802377720548276,16.675523760858457,3872.9776945602484,942
10020.0,1957,0,0,0,6.809250196897484,16.6152273888605,3873.66285474924,937
10021.0,1955,0,0,2,6.788600948568082,16.441943734015346,3873.025695926092,928
10022.0,1954,0,0,1,6.803172949448971,16.26816786079836,3873.9337352976604,922
10023.0,1954,0,0,0,6.812883013418925,16.18116683725691,3874.6176101924325,914
10024.0,1952,0,0,2,6.790639037327142,16.03534836065574,3875.588793802102,915
10025.0,1952,0,1,1,6.768438104336546,15.969774590163935,3875.7102344182026,919
10026.0,1952,0,0,0,6.765604804616357,16.037397540983605,3876.39639063689,917
10027.0,1951,0,0,1,6.715518549899523,16.011276268580215,3877.2585806884167,920
10028.0,1950,0,0,1,6.671862735307873,16.02102564102564,3877.3283428711457,935
10029.0,1951,0,1,0,6.652960074656398,15.98257303946694,3876.032339060208,941
10030.0,1951,0,0,0,6.627084530185549,16.160943106099435,3876.7259772504776,951
10031.0,1951,0,0,0,6.599293408593587,16.22450025627883,3877.4216375826236,963
10032.0,1951,0,0,0,6.560662191897356,16.158892875448487,3878.120331047056,976
10033.0,1951,0,0,0,6.502928062156423,16.117888262429524,3878.822995726081,992
10034.0,1951,0,0,0,6.468298894198909,15.985135827780626,3879.5273071239335,997
10035.0,1951,0,0,0,6.389504288534864,15.863659661711942,3880.237233344651,1001
10036.0,1952,0,1,0,6.33260188984319,15.849897540983607,3878.9619967892636,1012
10037.0,1951,0,0,1,6.27605840260027,15.892362890825218,3879.799220591053,1022
10038.0,1951,0,0,0,6.226656015795896,16.009226037929267,3880.5181281805026,1028
10039.0,1950,0,0,1,6.186862843573016,16.08,3880.3166082924827,1038
10040.0,1950,0,0,0,6.126916022795076,16.374871794871794,3881.0420437283537,1054
10041.0,1951,0,1,0,6.088351253201319,16.603792926704255,3879.780976755753,1074
10042.0,1950,0,0,1,6.030788760352176,16.71846153846154,3880.6070873162275,1084
10043.0,1950,0,2,2,5.973752614616646,16.863589743589742,3877.6303268449906,1098
10044.0,1950,0,1,1,5.935608993212587,16.91846153846154,3875.237802942191,1113
10045.0,1948,0,0,2,5.8691780552842445,17.04158110882957,3876.0179123667253,1126
10046.0,1949,0,1,0,5.809665110950989,17.305797845048744,3874.772994407558,1140
10047.0,1949,0,1,1,5.710157603053241,17.533606977937403,3872.4499635068173,1151
10048.0,1949,0,1,1,5.6145857321906805,17.717804002052336,3871.47923072413,1173
10049.0,1949,0,0,0,5.574111128171653,17.92765520779887,3872.2365596792038,1177
10050.0,1949,0,1,1,5.506265625794052,18.152898922524372,3869.596705397007,1185
10051.0,1950,0,1,0,5.468259573560908,18.424615384615386,3868.375378012226,1203
10052.0,1949,0,0,1,5.432331928270078,18.80451513596716,3867.1731538837744,1207
10053.0,1950,0,1,0,5.404626800621978,18.93948717948718,3865.9583922068705,1216
10054.0,1951,0,1,0,5.366102584617482,19.31009738595592,3864.748455977767,1230
10055.0,1952,0,1,0,5.355546824600962,19.628073770491802,3863.5413304506646,1242
10056.0,1953,0,1,0,5.33070044351001,19.91551459293395,3862.3376035930987,1254
10057.0,1954,0,1,0,5.337602620900245,20.229273285568066,3861.135777565794,1252
10058.0,1955,0,1,0,5.316587409853975,20.5693094629156,3859.937577028979,1264
10059.0,1957,0,2,0,5.2885442667913605,20.95758814512008,3856.7715635340282,1270
10060.0,1956,0,0,1,5.27754741762593,21.427914110429448,3855.588560309638,1284
10061.0,1956,0,0,0,5.275948170916064,21.880368098159508,3856.371294411648,1297
10062.0,1957,0,1,0,5.282994468629589,22.268267756770566,3855.184274772372,1301
10063.0,1959,0,2,0,5.2654187081621044,22.599285349668197,3852.0328901817393,1313
10064.0,1959,0,0,0,5.262179611529987,23.077080142930065,3852.8198102827196,1330
10065.0,1959,0,0,0,5.247931705040455,23.449719244512508,3853.608393438946,1329
10066.0,1959,0,0,0,5.22864345890333,23.908626850433894,3854.398787556553,1337
10067.0,1958,0,0,1,5.215113508655947,24.343718079673135,3856.5970628343644,1349
10068.0,1958,0,0,0,5.210311052372465,24.7732379979571,3857.390515528744,1352
10069.0,1960,0,2,0,5.2061187506556,25.241836734693877,3854.247135937523,1354
10070.0,1961,0,1,0,5.179648173552622,25.66853646098929,3853.0774751360827,1360
10071.0,1961,0,0,0,5.172876506870332,26.15655277919429,3853.874343483686,1361
10072.0,1961,0,0,0,5.144025126323752,26.61652218255992,3854.673520897932,1364
10073.0,1961,0,0,0,5.149436759540535,27.08057113717491,3855.4724537057095,1372
10074.0,1961,0,0,0,5.1620637008462245,27.531361550229473,3856.271094489751,1370
10075.0,1960,0,0,1,5.16154047065454,28.01530612244898,3856.5224638574523,1379
10076.0,1960,0,0,0,5.13698230490444,28.506122448979593,3857.322285578207,1388
10077.0,1960,0,0,0,5.121922933342255,28.875510204081632,3858.123693328366,1387
10078.0,1959,0,0,1,5.092560856572228,29.4430832057172,3857.9682966598375,1395
10079.0,1957,0,0,2,5.062786968490508,29.935104752171693,3858.216178988512,1397
10080.0,1956,0,0,1,5.035151212824174,30.47955010224949,3860.248458960128,1395
10081.0,1956,0,0,0,5.123184081202718,28.74795501022495,3861.0478986560393,1301
10082.0,1956,0,0,0,5.250940383907039,27.76840490797546,3861.8381782387946,1252
10083.0,1956,0,0,0,5.409521684785067,27.01329243353783,3862.6173308591883,1209
10084.0,1955,0,0,1,5.54082160049791,26.32225063938619,3861.252205852471,1175
10085.0,1955,0,0,0,5.708617142148699,25.648081841432226,3862.0095030168245,1144
10086.0,1956,0,1,0,5.897763530705501,25.0659509202454,3860.7791941264577,1107
10087.0,1956,0,0,0,6.061637945980853,24.614519427402865,3861.5125751794194,1082
10088.0,1955,0,0,1,6.186952615548314,24.145780051150894,3861.2204060878635,1053
10089.0,1954,0,0,1,6.303309234283117,23.816786079836234,3863.150340859546,1037
10090.0,1953,0,0,1,6.390568628614128,23.670250896057347,3864.9994157654282,1031
10091.0,1952,0,0,1,6.473546085765901,23.426741803278688,3865.5031455682347,1023
10092.0,1952,0,0,0,6.536459600923441,23.272540983606557,3866.206109590651,1023
10093.0,1952,0,0,0,6.588046432250322,23.135758196721312,3866.905676361654,1026
10094.0,1952,0,0,0,6.6327165620716775,23.003073770491802,3867.602573661543,1027
10095.0,1952,0,0,0,6.671069512999779,22.72592213114754,3868.2969980773823,1011
10096.0,1952,0,0,0,6.705311118809781,22.293545081967213,3868.989783995488,992
10097.0,1951,0,0,1,6.72908376298714,22.000512557662738,3869.232956634825,977
10098.0,1951,0,0,0,6.744353716956978,21.901076371091747,3869.9220987732606,975
10099.0,1951,0,0,0,6.775587489523835,21.762173244490004,3870.608734559814,973
10100.0,1950,0,0,1,6.78726077329152,21.64,3870.68082612472,960
10101.0,1949,0,0,1,6.7748479484327495,21.599281682914317,3871.324357387251,954
10102.0,1949,0,0,0,6.803935084221612,21.43150333504361,3872.007588232752,941
10103.0,1949,0,0,0,6.823944516224946,21.367367880964597,3872.6896038819978,944
10104.0,1949,0,0,0,6.868630897546336,21.13545407901488,3873.3693082152636,927
10105.0,1949,0,0,0,6.859848230244845,20.9025141097999,3874.048454041927,923
10106.0,1950,0,1,0,6.865491982025148,20.743076923076924,3872.739382844208,913
10107.0,1950,0,0,0,6.854708253824533,20.671282051282052,3873.418362596415,923
10108.0,1950,0,0,0,6.863040047979462,20.40820512820513,3874.097219542133,919
10109.0,1950,0,0,0,6.8783624027378485,20.23179487179487,3874.7743981847725,910
10110.0,1950,0,0,0,6.896579210971551,20.18307692307692,3875.450447956559,909
10111.0,1950,0,0,0,6.915608325746529,20.045128205128204,3876.1263479845366,899
10112.0,1949,0,0,1,6.906152409000131,20.093894304771677,3877.099913578781,911
10113.0,1948,0,0,1,6.899900656422712,20.027207392197127,3876.7309724715687,906
10114.0,1946,0,0,2,6.902627636263666,19.961459403905447,3876.3371806307723,900
10115.0,1945,0,0,1,6.904425618708296,20.004113110539844,3876.6762881595555,912
10116.0,1945,0,0,0,6.923249442953245,20.03753213367609,3877.351418872891,914
10117.0,1945,0,1,1,6.913804311067441,20.033419023136247,3875.3397664266477,914
10118.0,1944,0,0,1,6.902827440444346,19.778292181069958,3875.4863190308624,911
10119.0,1943,0,0,1,6.870938733428038,19.737519300051467,3875.968452736521,918
10120.0,1943,0,0,0,6.828719597733568,19.73597529593412,3876.6492248952873,931
10121.0,1943,0,0,0,6.776069908242755,19.823983530622748,3877.3337812423147,943
10122.0,1943,0,0,0,6.730477603841635,20.001544004117346,3878.020661673812,957
10123.0,1943,0,1,1,6.673365212614597,20.135357694287183,3876.6835738138857,964
10124.0,1942,0,0,1,6.622152659981181,20.315653964984552,3877.147960937198,976
10125.0,1942,0,0,0,6.565286173940309,20.46498455200824,3877.84599231869,993
10126.0,1941,0,0,1,6.500406722553488,20.469345698093765,3878.698899903668,978
10127.0,1941,0,0,0,6.4665811657246595,20.528078310149407,3879.403937768943,976
10128.0,1939,0,0,2,6.403136472793777,20.64775657555441,3878.223506617643,994
10129.0,1939,0,0,0,6.358962236708793,20.71170706549768,3878.9354044655083,996
10130.0,1938,0,0,1,6.3092477313306725,20.964912280701753,3878.529088214574,1019
10131.0,1938,0,2,2,6.2340018175471315,21.135190918472652,3874.0237024704074,1027
10132.0,1937,0,0,1,6.177545936578174,21.359318533815177,3875.891984371949,1055
10133.0,1936,0,0,1,6.102083088860176,21.59194214876033,3876.4690406694945,1063
10134.0,1936,0,1,1,6.035410943163952,21.72830578512397,3875.457928383923,1080
10135.0,1935,0,0,1,5.941002360438464,22.048062015503877,3874.865032812304,1100
10136.0,1934,0,0,1,5.868898058209512,22.233712512926576,3875.59925379121,1114
10137.0,1932,0,1,3,5.796628668118161,22.446169772256727,3874.798219144397,1122
10138.0,1932,0,0,0,5.742554076895269,22.657867494824018,3875.5493059641612,1130
10139.0,1932,0,0,0,5.687631722848111,22.966356107660456,3876.30426414031,1145
10140.0,1932,0,0,0,5.627053200878126,23.30486542443064,3877.0636105326726,1162
10141.0,1931,0,0,1,5.565656445263886,23.549456240290006,3877.4426704705356,1173
10142.0,1931,0,0,0,5.499251233992928,23.865872604867945,3878.2113831293454,1187
10143.0,1931,0,0,0,5.431290164110926,24.236147074054895,3878.9858537922064,1205
10144.0,1931,0,0,0,5.3673132919416044,24.507509062661832,3879.764013776288,1217
10145.0,1930,0,0,1,5.289196709768156,24.856476683937824,3880.544361122855,1232
10146.0,1931,0,1,0,5.262361915716446,25.232522009321595,3879.3196355152677,1243
10147.0,1931,0,0,0,5.244717654686444,25.520973588814087,3880.1062283828874,1259
10148.0,1931,0,0,0,5.220869514087862,25.67581563956499,3880.8945439185163,1265
10149.0,1931,0,0,0,5.204299238069914,26.064215432418436,3881.6841050974585,1276
10150.0,1930,0,0,1,5.178995483223332,26.376165803108808,3881.866887230464,1282
10151.0,1929,0,0,1,5.156341900198755,26.795230689476412,3884.0655935330446,1290
10152.0,1929,0,0,0,5.158743006023492,27.1435977190254,3884.859416645244,1296
10153.0,1929,0,1,1,5.152960075826698,27.39917055469155,3883.9206718976307,1305
10154.0,1928,0,0,1,5.1413793977739415,27.74273858921162,3886.160210697195,1305
10155.0,1927,0,0,1,5.150384133534139,28.0866632070576,3886.1805748920247,1308
10156.0,1927,0,0,0,5.134550177503851,28.322781525687596,3886.978215642543,1302
10157.0,1925,0,0,2,5.119456777180537,28.78025974025974,3887.6415264169004,1316
10158.0,1925,0,0,0,5.108410721334621,29.103896103896105,3888.4413242723094,1309
10159.0,1926,0,1,0,5.090459659089092,29.481308411214954,3887.2232526390176,1318
10160.0,1926,0,0,0,5.084342964893012,29.871754932502597,3888.0244999980173,1319
10161.0,1925,0,0,1,5.072618197354864,30.245194805194807,3889.2275284015836,1315
10162.0,1926,0,1,0,5.07393363414664,30.488058151609554,3888.0091463988156,1304
10163.0,1925,0,0,1,5.060517545174192,30.76051948051948,3890.2606013203613,1306
10164.0,1924,0,0,1,5.044072440350738,31.214656964656964,3889.3452464764914,1311
10165.0,1924,0,0,0,5.0378868426668815,31.54989604989605,3890.148628673458,1317
10166.0,1925,0,1,0,5.032477424159908,31.913246753246753,3888.9313640525993,1315
10167.0,1925,0,0,0,5.0242979219263155,32.31792207792208,3889.73623526042,1318
10168.0,1926,0,1,0,5.008729127169187,32.7128764278297,3888.522479275318,1316
10169.0,1925,0,0,1,4.970207716751617,33.10493506493506,3890.799640395975,1320
10170.0,1925,0,0,0,4.950955130645502,33.59064935064935,3891.6088253651083,1328
10171.0,1926,0,1,0,5.045793776937317,31.548805815160954,3890.3905937071804,1241
10172.0,1926,0,0,0,5.178120731170254,30.211318795430945,3891.1834814093168,1178
10173.0,1927,0,1,0,5.349211332497891,29.09289050337312,3889.9450673458164,1132
10174.0,1926,0,0,1,5.517814511208573,28.1926272066459,3888.9875756116116,1098
10175.0,1927,0,1,0,5.728618511911645,27.375713544369486,3887.7231367257486,1064
10176.0,1925,0,0,2,5.917561185397991,26.694025974025973,3888.4020752102647,1032
10177.0,1926,0,1,0,6.114890004858426,25.863966770508828,3887.1103325237304,1005
10178.0,1926,0,0,0,6.280472884896347,25.265316718587748,3887.82702596375,986
10179.0,1926,0,0,0,6.4209582881073635,24.649013499480787,3888.5335449201866,969
10180.0,1925,0,0,1,6.500525268693665,24.074805194805194,3888.8789062273486,946
10181.0,1926,0,1,0,6.558275466108331,23.635514018691588,3887.556981735323,944
10182.0,1925,0,0,1,6.596214355512006,23.283636363636365,3889.6954903716537,948
10183.0,1925,0,0,0,6.6446109261256465,22.76779220779221,3890.3868653002496,937
10184.0,1924,0,0,1,6.682217895112412,22.246881496881496,3892.1457001427775,926
10185.0,1923,0,0,1,6.725300833304109,22.02340093603744,3892.694369980219,931
10186.0,1923,0,0,0,6.753731019511787,21.645345813832552,3893.378438529217,927
10187.0,1922,0,0,1,6.768151923678139,21.199791883454736,3894.1095353868814,917
10188.0,1921,0,0,1,6.767356039860471,20.81051535658511,3894.0416111929435,917
10189.0,1918,0,0,3,6.785190334171298,20.295620437956206,3892.773539874362,895
10190.0,1918,0,0,0,6.823799966713476,20.0844629822732,3893.4513055258813,909
10191.0,1918,0,0,0,6.839376532137273,19.755474452554743,3894.1278921220564,914
10192.0,1918,0,0,0,6.8270100534919615,19.64963503649635,3894.807399672476,924
10193.0,1916,0,0,2,6.833073116856352,19.436325678496868,3898.0582855891557,918
10194.0,1915,0,0,1,6.831141412400382,18.879373368146215,3898.80087436079,915
10195.0,1915,0,1,1,6.852236412934792,18.53472584856397,3896.861589459814,912
10196.0,1914,0,0,1,6.857359515067858,18.017241379310345,3896.712550866614,894
10197.0,1913,0,0,1,6.8572623834416175,17.771562990067956,3896.788127631334,909
10198.0,1913,0,0,0,6.864007017036653,17.397281756403554,3897.4672035881176,910
10199.0,1912,0,0,1,6.8780670819782825,17.021966527196653,3897.560467433573,912
10200.0,1910,0,0,2,6.86737097842602,16.848167539267017,3897.9380396837987,923
10201.0,1910,0,0,0,6.874960460229903,16.301047120418847,3898.616573801621,920
10202.0,1909,0,0,1,6.878246249280576,15.896804609743322,3899.2054429977256,924
10203.0,1909,0,1,1,6.854328947583396,15.38763750654793,3898.222195038976,919
10204.0,1909,0,0,0,6.874788704534554,14.996856993190152,3898.9005011093946,908
10205.0,1909,0,0,0,6.89177045546716,14.561550550026192,3899.5782429479823,899
10206.0,1908,0,0,1,6.903699320440736,14.417714884696016,3900.0864846612976,896
10207.0,1907,0,0,1,6.906916456074915,14.007341373885684,3900.1087730078466,902
10208.0,1908,0,1,0,6.895328444033982,13.917190775681341,3898.741388297855,905
10209.0,1908,0,0,0,6.903293506440496,13.524633123689727,3899.4188197272456,900
10210.0,1908,0,0,0,6.89141265103289,13.29245283018868,3900.0971922633735,897
10211.0,1908,0,0,0,6.868848255681868,13.126834381551364,3900.7774762071126,892
10212.0,1907,0,0,1,6.810480282324571,12.900891452543261,3901.4435528265312,888
10213.0,1907,0,0,0,6.770168928212537,12.601468274777137,3902.130620654383,887
10214.0,1906,0,0,1,6.71051641600021,12.302203567681007,3904.298456212589,899
10215.0,1906,0,1,1,6.63497704714828,12.20199370409234,3903.049016469121,897
10216.0,1906,0,0,0,6.57589997647507,11.855194123819517,3903.7477769394377,913
10217.0,1905,0,0,1,6.469148488886129,11.86719160104987,3904.0621325125476,930
10218.0,1905,0,0,0,6.413172857749488,11.643569553805774,3904.7699337136246,940
10219.0,1904,0,0,1,6.348662993700082,11.661764705882353,3904.587790979651,951
10220.0,1905,0,1,0,6.303816388716812,11.716010498687664,3903.2512851073025,965
10221.0,1905,0,1,1,6.222606163486379,11.807874015748032,3901.580009589397,991
10222.0,1904,0,0,1,6.171872776055776,11.828256302521009,3901.766985906685,1003
10223.0,1905,0,1,0,6.125187714467985,11.986351706036745,3900.4439818491305,1026
10224.0,1904,0,0,1,6.046407358166827,12.050420168067227,3900.926675339135,1039
10225.0,1903,0,0,1,5.990694028478824,12.172359432475039,3900.4354648640633,1050
10226.0,1902,0,0,1,5.934668610671151,12.340168243953732,3900.909727944832,1068
10227.0,1903,0,1,0,5.8799867455375505,12.52180767209669,3899.6028728923457,1078
10228.0,1903,0,0,0,5.803896350801567,12.772990015764583,3900.351173373658,1092
10229.0,1903,0,0,0,5.735317136385133,12.97320021019443,3901.103967920957,1103
10230.0,1903,0,0,0,5.689819261391954,13.060430898581188,3901.860057947519,1109
10231.0,1903,0,1,1,5.618871739035281,13.271150814503416,3900.6053190932157,1128
10232.0,1903,0,0,0,5.588056880500671,13.457172884918549,3901.3672485463608,1146
10233.0,1903,0,1,1,5.5517442095999385,13.784025223331582,3900.6768945269528,1159
10234.0,1903,0,1,1,5.499227836709187,14.015764582238571,3900.1579461526276,1164
10235.0,1903,0,0,0,5.460471743468064,14.374671571203363,3900.9275374166577,1177
10236.0,1903,0,0,0,5.4321600818446365,14.691539674198633,3901.698912431971,1195
10237.0,1904,0,1,0,5.380676904122802,15.083508403361344,3900.4246837097203,1201
10238.0,1905,0,1,0,5.355688791577827,15.409448818897637,3899.1544875627537,1213
10239.0,1905,0,0,0,5.342743271055135,15.729658792650918,3899.9337315944226,1212
10240.0,1905,0,0,0,5.345736899848681,16.04514435695538,3900.714030928473,1217
10241.0,1905,0,0,0,5.31165510461102,16.384251968503936,3901.496166358083,1224
10242.0,1905,0,0,0,5.270608501304602,16.792125984251967,3902.2819039115234,1243
10243.0,1903,0,0,2,5.238627543013669,17.09721492380452,3904.915306944039,1246
10244.0,1902,0,0,1,5.219458392300902,17.35383806519453,3905.6787275339557,1259
10245.0,1903,0,1,0,5.20412944367134,17.58696794534945,3904.4166654037144,1271
10246.0,1903,0,0,0,5.18906618865866,17.906988964792433,3905.208465399075,1277
10247.0,1903,0,0,0,5.186228933303195,18.132422490803993,3906.000298134328,1274
10248.0,1903,0,0,0,5.17362311701031,18.43615344193379,3906.7925001731164,1269
10249.0,1902,0,0,1,5.140744522710687,18.83806519453207,3906.6569355499455,1274
10250.0,1902,0,0,0,5.1206710051578135,19.191903259726605,3907.452462115823,1279
10251.0,1903,0,1,0,5.096668276453283,19.512348922753546,3906.1952264790707,1287
10252.0,1903,0,0,0,5.0685499191605485,19.98843930635838,3906.9940627443916,1299
10253.0,1903,0,0,0,5.036427163373319,20.47924330005255,3907.794953666922,1309
10254.0,1903,0,0,0,4.992337439659276,20.96163951655281,3908.5990955485368,1320
10255.0,1903,0,0,0,4.950405127691732,21.37782448765108,3909.4051093854905,1316
10256.0,1902,0,0,1,4.91434523058983,21.93007360672976,3908.949110576335,1333
10257.0,1902,0,0,0,4.880206840843418,22.472134595162988,3909.760289123753,1351
10258.0,1901,0,0,1,4.842765064841801,22.905312993161495,3910.4392230207477,1349
10259.0,1899,0,0,2,4.811413752477503,23.324381253291207,3909.03395424443,1355
10260.0,1897,0,0,2,4.7723163030972815,23.89193463363205,3907.659654179226,1355
10261.0,1896,0,0,1,4.854755148409614,22.048523206751057,3909.9616544936175,1266
10262.0,1896,0,0,0,5.008138573106865,20.966772151898734,3910.7620459168807,1203
10263.0,1896,0,0,0,5.1874827107962265,20.15717299578059,3911.5505763628435,1157
10264.0,1896,0,0,0,5.404313347230144,19.501582278481013,3912.3240462275503,1116
10265.0,1896,0,0,0,5.608272532593634,18.667721518987342,3913.0826475232175,1075
10266.0,1896,0,0,0,5.8220963781877995,18.101793248945146,3913.8287714443477,1036
10267.0,1895,0,0,1,5.9985712531520505,17.643799472295516,3913.5252136169406,1019
10268.0,1893,0,0,2,6.15326518138225,17.187533016376122,3910.4359795969067,1001
10269.0,1892,0,0,1,6.300111848436044,16.883192389006343,3911.2252082622304,985
10270.0,1891,0,0,1,6.4268934050144635,16.693283976731887,3910.682008461158,972
10271.0,1888,0,0,3,6.483942849432761,16.563029661016948,3911.5842087813235,966
10272.0,1886,0,0,2,6.537842165947651,16.47879109225875,3910.556350669504,968
10273.0,1886,0,0,0,6.612183384161448,16.387592788971368,3911.249943722636,959
10274.0,1885,0,0,1,6.664551110909627,16.129442970822282,3911.129118448408,946
10275.0,1884,0,0,1,6.730487236439898,15.978768577494693,3911.0355229102383,932
10276.0,1883,0,0,1,6.762913980801007,15.7376526818906,3910.9138333122373,926
10277.0,1883,0,0,0,6.802125544304081,15.420074349442379,3911.594163482211,910
10278.0,1882,0,0,1,6.7790294952165135,15.301275239107333,3911.701173050996,908
10279.0,1882,0,0,0,6.755078385573934,15.177470775770457,3912.3824365625837,916
10280.0,1882,0,0,0,6.7750241208837085,14.899574920297555,3913.062283232969,902
10281.0,1882,0,0,0,6.7632139349588245,14.697130712008502,3913.7430664994704,905
10282.0,1881,0,0,1,6.755085988742407,14.589048378522063,3915.933749429434,911
10283.0,1881,0,0,0,6.7452711903842655,14.393407761828815,3916.615090092596,901
10284.0,1881,0,0,0,6.7242902494334,14.297713981924508,3917.2978378698945,895
10285.0,1880,0,0,1,6.712752650886843,14.157446808510638,3918.027747872574,905
10286.0,1879,0,0,1,6.729732391766857,14.065460351250666,3917.4443694276874,901
10287.0,1879,0,0,0,6.743983068011606,13.8738690792975,3918.125553610515,896
10288.0,1878,0,1,2,6.72962900218296,13.873801916932907,3915.867084404289,908
10289.0,1877,0,0,1,6.734754936853944,13.82099094299414,3915.8526240526685,909
10290.0,1876,0,0,1,6.73199367689414,13.847547974413645,3915.896433265001,911
10291.0,1875,0,0,1,6.754004514568969,13.803733333333334,3915.745704470176,905
10292.0,1875,0,0,0,6.7712053856754215,13.5408,3916.4262964177665,888
10293.0,1875,0,0,0,6.788933767908591,13.362666666666666,3917.106537584111,886
10294.0,1875,0,0,0,6.805027724203397,13.296533333333333,3917.786079227629,891
10295.0,1874,0,0,1,6.832615426460802,13.032550693703309,3917.9450984492632,877
10296.0,1874,0,1,1,6.836236649549497,12.859124866595518,3916.3805538450233,870
10297.0,1874,0,0,0,6.869992388031984,12.684098185699039,3917.05608961691,869
10298.0,1874,0,0,0,6.873643892734764,12.635538954108858,3917.7322545353577,872
10299.0,1874,0,0,0,6.90632328807962,12.575773745997866,3918.4078779311158,883
10300.0,1874,0,0,0,6.907783139092394,12.469583778014941,3919.083261772618,872
10301.0,1874,0,0,0,6.877498638585114,12.483991462113128,3919.7615894733417,884
10302.0,1874,0,0,0,6.836651830941004,12.442369263607258,3920.442912864014,885
10303.0,1874,0,1,1,6.779096806308021,12.494130202774814,3918.8354467035883,889
10304.0,1874,0,0,0,6.693769845954276,12.601387406616862,3919.526483370466,898
10305.0,1874,0,0,0,6.653514060575082,12.733191035218784,3920.219909605989,911
10306.0,1873,0,0,1,6.593860313594751,12.86972770955686,3920.2739519256534,926
10307.0,1873,0,0,0,6.57224489473858,12.891617725573946,3920.973930730925,934
10308.0,1873,0,0,0,6.550427731362134,12.805659369994661,3921.675585837204,930
10309.0,1873,0,0,0,6.50348720092141,12.689802455953016,3922.3806391905464,936
10310.0,1873,0,0,0,6.461871906134077,12.752802989855846,3923.088520839859,944
10311.0,1875,0,2,0,6.394348960657264,12.816,3919.614742865457,949
10312.0,1875,0,1,1,6.312187305155465,12.904,3918.309637410174,960
10313.0,1874,0,0,1,6.2462170580967635,13.201173959445038,3918.870711643204,984
10314.0,1875,0,1,0,6.191240503105206,13.474666666666666,3917.5035933856416,1005
10315.0,1875,0,0,0,6.130423988381165,13.692266666666667,3918.230716571127,1029
10316.0,1876,0,2,1,6.050900980998727,14.00639658848614,3913.919581084464,1049
10317.0,1876,0,0,0,5.994514750835107,14.21908315565032,3914.654696624322,1061
10318.0,1877,0,1,0,5.948695009885577,14.456579648375067,3913.3067884566317,1069
10319.0,1876,0,1,2,5.904746377612936,14.68816631130064,3908.117249524477,1076
10320.0,1878,0,2,0,5.87666608400278,14.919595314164004,3904.697226256171,1073
10321.0,1877,0,0,1,5.839129639532482,15.16302610548748,3905.3062290421954,1093
10322.0,1879,0,2,0,5.7881329204344345,15.345396487493348,3901.8957540713022,1096
10323.0,1880,0,1,0,5.749512325648406,15.604787234042552,3900.5697224059795,1105
10324.0,1880,0,0,0,5.720884536495487,15.799468085106383,3901.3219818542348,1120
10325.0,1882,0,2,0,5.676771525059435,16.074920297555792,3897.9303725323825,1129
10326.0,1882,0,0,0,5.642331017899045,16.2422954303932,3898.6872808574285,1142
10327.0,1883,0,1,0,5.6126753426617135,16.44609665427509,3897.3765097933074,1151
10328.0,1883,0,1,1,5.578565875043818,16.66914498141264,3894.7513004731068,1150
10329.0,1883,0,0,0,5.545359510651483,16.985130111524164,3895.5171301084943,1170
10330.0,1885,0,2,0,5.509843726391477,17.28965517241379,3892.1522090951185,1173
10331.0,1885,0,0,0,5.476753342764606,17.551193633952256,3892.923296492837,1176
10332.0,1886,0,1,0,5.451353857851218,17.847826086956523,3891.632376244114,1190
10333.0,1886,0,1,1,5.40802552555042,18.10445387062566,3891.3136932504153,1198
10334.0,1886,0,1,1,5.352444887499353,18.381760339342524,3890.1862855959594,1202
10335.0,1885,0,0,1,5.3276141757176365,18.659946949602123,3889.814736201029,1211
10336.0,1886,0,1,0,5.309205699259168,18.911983032873806,3888.5374677981936,1215
10337.0,1887,0,1,0,5.293279937672873,19.202437731849496,3887.263015878161,1222
10338.0,1887,0,0,0,5.279349874255494,19.51934287228405,3888.051773258021,1237
10339.0,1886,0,0,1,5.267412344914686,19.757158006362673,3887.7294935140494,1241
10340.0,1888,0,2,0,5.240420510821124,20.058792372881356,3884.401771171269,1249
10341.0,1887,0,0,1,5.200708494507997,20.47323794382618,3884.042936712432,1258
10342.0,1887,0,0,0,5.166766166676266,20.977212506624273,3884.8405718070276,1268
10343.0,1887,0,0,0,5.150885898294697,21.495495495495497,3885.639403919606,1277
10344.0,1887,0,0,0,5.1356101760918875,22.04610492845787,3886.4393790471745,1281
10345.0,1887,0,0,0,5.11927700348205,22.541600423953366,3887.240502743306,1282
10346.0,1885,0,0,2,5.0917032177385595,23.073209549071617,3888.339359492396,1290
10347.0,1884,0,0,1,5.0642408938678,23.62579617834395,3888.8528691595898,1296
10348.0,1883,0,0,1,5.029319284989505,24.227827934147637,3888.7520801072737,1313
10349.0,1881,0,0,2,4.9920519307019,24.859117490696438,3888.704548481519,1327
10350.0,1880,0,0,1,4.981502850980795,25.479255319148937,3888.1347877299595,1330
10351.0,1880,0,0,0,5.08418239372579,23.57659574468085,3888.9388796396825,1235
10352.0,1880,0,0,0,5.254092642145727,22.38776595744681,3889.731209483119,1178
10353.0,1879,0,0,1,5.44398365288804,21.472059606173495,3892.0203335143437,1121
10354.0,1879,0,0,0,5.6548826038959605,20.746673762639702,3892.7844220216,1078
10355.0,1879,0,0,0,5.880895431839785,19.979776476849388,3893.5334087258893,1033
10356.0,1879,0,0,0,6.070284765197678,19.631186801490156,3894.269451685411,1010
10357.0,1879,0,0,0,6.239129526094428,19.402873869079297,3894.9924718646434,990
10358.0,1877,0,0,2,6.368344207250984,19.247202983484282,3896.4471812444285,971
10359.0,1876,0,0,1,6.489429623070405,19.041044776119403,3894.835671921513,961
10360.0,1876,0,0,0,6.600396886545581,18.696162046908317,3895.533614334452,949
10361.0,1876,0,0,0,6.6581102563381735,18.73720682302772,3896.228143839104,952
10362.0,1876,0,0,0,6.7028752457264815,18.648720682302773,3896.9186670589256,943
10363.0,1875,0,0,1,6.754574510099175,18.5488,3898.244062606859,942
10364.0,1875,0,0,0,6.784604838208974,18.389333333333333,3898.9291845378043,942
10365.0,1874,0,0,1,6.799319401946084,18.038954108858057,3899.3364281357917,928
10366.0,1874,0,0,0,6.841174664910478,17.88313767342583,3900.0168473920407,919
10367.0,1873,0,0,1,6.893936964945745,17.891617725573944,3902.174202518015,915
10368.0,1873,0,0,0,6.923959605491635,17.725040042712227,3902.849211593967,906
10369.0,1873,0,0,0,6.961052033379116,17.47143619861185,3903.5226151618303,893
10370.0,1873,0,0,0,7.004019571265107,17.23384943940203,3904.1935074830953,896
10371.0,1873,0,0,0,7.054410201253597,17.077415910304325,3904.861286338414,882
10372.0,1874,0,1,0,7.094145941346577,16.97812166488794,3903.442933608156,890
10373.0,1874,0,0,0,7.124263265549689,16.86179295624333,3904.107122780944,884
10374.0,1874,0,0,0,7.1253799734801015,16.779082177161154,3904.7705940110704,878
10375.0,1874,0,0,0,7.141251381788272,16.711312700106724,3905.4331189221434,876
10376.0,1875,0,1,0,7.141429598420318,16.584533333333333,3904.0127589429135,874
10377.0,1874,0,0,1,7.151074407929496,16.367129135538953,3903.437896175553,866
10378.0,1873,0,0,1,7.166551847888709,16.232247730912974,3905.5922234699415,859
10379.0,1872,0,0,1,7.1915285167186935,16.063568376068375,3905.7254130529245,856
10380.0,1871,0,0,1,7.210801758340417,15.81453768038482,3906.617317793901,833
10381.0,1870,0,0,1,7.190143132587389,15.618716577540107,3907.353278528116,829
10382.0,1870,0,0,0,7.170133132313113,15.5524064171123,3908.014648189534,840
10383.0,1870,0,0,0,7.130477986667132,15.483957219251337,3908.6782982511277,840
10384.0,1871,0,1,0,7.10667015062863,15.384286477819348,3907.253972345995,849
10385.0,1871,0,0,0,7.095483048531859,15.397648316408338,3907.920914979068,839
10386.0,1871,0,0,0,7.069690257958887,15.348476750400856,3908.588890042556,853
10387.0,1871,0,0,0,7.04735542718805,15.34206306787814,3909.25786562135,863
10388.0,1872,0,1,0,7.015511407008777,15.400106837606838,3907.839527161678,875
10389.0,1872,0,0,0,6.995390742455989,15.333867521367521,3908.5114457392815,869
10390.0,1871,0,0,1,6.947048337776023,15.422768572955638,3909.045279638467,864
10391.0,1870,0,0,1,6.858819918983021,15.637967914438503,3909.7168878268913,877
10392.0,1870,0,0,0,6.779579529496383,15.827272727272728,3910.404045234273,884
10393.0,1869,0,0,1,6.719142879707371,15.943285179240235,3909.957442846988,894
10394.0,1870,0,1,0,6.655759623146599,15.983957219251337,3908.5621296196614,892
10395.0,1870,0,0,0,6.580690707202313,16.1,3909.262734532252,907
10396.0,1870,0,0,0,6.539382890896836,16.12192513368984,3909.965337620364,918
10397.0,1869,0,0,1,6.486436437785215,16.174959871589085,3909.0707368061935,920
10398.0,1869,0,0,0,6.442759818948593,16.218298555377206,3909.7793368826865,938
10399.0,1869,0,0,0,6.382395372494057,16.298555377207062,3910.4909911771956,950
10400.0,1868,0,0,1,6.355564963042571,16.426659528907923,3912.4212646839346,962
10401.0,1867,0,0,1,6.314721601848098,16.662560257096946,3914.6695003701107,976
10402.0,1868,0,2,1,6.273793578271642,16.89507494646681,3910.484199911668,993
10403.0,1868,0,0,0,6.230041567310201,17.197537473233403,3911.208344097005,1008
10404.0,1867,0,0,1,6.177224549123923,17.476164970540975,3913.261008935794,1018
10405.0,1866,0,0,1,6.111479442156449,17.80385852090032,3915.187099703741,1032
10406.0,1866,0,1,1,6.060942780249184,17.989817792068596,3914.398738594664,1042
10407.0,1866,0,0,0,6.011203472888103,18.277063236870312,3915.1385274000427,1051
10408.0,1866,0,0,0,5.951979245808224,18.518220793140408,3915.881210212569,1066
10409.0,1867,0,1,0,5.912012258041878,18.65345474022496,3914.528675810742,1079
10410.0,1865,0,0,2,5.857236680307999,18.963538873994636,3915.714676075224,1089
10411.0,1865,0,0,0,5.845408284296452,19.18337801608579,3916.465183449039,1099
10412.0,1865,0,0,0,5.824079545140055,19.523324396782844,3917.2180883234264,1114
10413.0,1864,0,1,2,5.7748610463060235,19.92167381974249,3914.3075143735614,1131
10414.0,1862,0,0,2,5.725167792894717,20.284103114930183,3914.5201510347256,1145
10415.0,1863,0,1,0,5.701156600409697,20.640901771336555,3913.1781937482206,1148
10416.0,1864,0,1,0,5.6603847234442,20.99087982832618,3911.8418070160114,1161
10417.0,1864,0,0,0,5.629308762703977,21.297210300429185,3912.608406854022,1166
10418.0,1864,0,0,0,5.607964198302816,21.535944206008583,3913.376963484113,1175
10419.0,1865,0,1,0,5.580492228789514,21.78123324396783,3912.048341003832,1174
10420.0,1865,0,0,0,5.542696743238483,22.030026809651474,3912.8221335563617,1175
10421.0,1865,0,0,0,5.510668099538119,22.18337801608579,3913.597814498267,1185
10422.0,1866,0,1,0,5.489231399396796,22.494105037513396,3912.277664188011,1197
10423.0,1866,0,0,0,5.437328794681112,22.721329046087888,3913.059283202667,1192
10424.0,1866,0,0,0,5.391334642632901,22.958735262593784,3913.8446173776642,1208
10425.0,1866,0,0,0,5.358124858941059,23.272240085744908,3914.6322949437035,1218
10426.0,1866,0,0,0,5.349337276514976,23.527867095391212,3915.4216823535576,1226
10427.0,1867,0,1,0,5.347237114808057,23.73004820567756,3914.1133065496824,1225
10428.0,1867,0,0,0,5.339916161279946,24.006427423674342,3914.903834991874,1225
10429.0,1867,0,0,0,5.326703195535258,24.216389930369576,3915.6949252495533,1236
10430.0,1868,0,1,0,5.307140815069507,24.413811563169165,3914.390308197235,1231
10431.0,1868,0,0,0,5.317698634126331,24.74304068522484,3915.1817719960527,1242
10432.0,1867,0,0,1,5.291782902672496,25.06695232994108,3916.2128147282083,1248
10433.0,1867,0,0,0,5.2555606292971095,25.495447241564005,3917.008376739538,1254
10434.0,1867,0,1,1,5.22431026709059,25.91644349223353,3917.1968014791546,1261
10435.0,1866,0,0,1,5.188295525451505,26.361736334405144,3917.1123873344095,1262
10436.0,1865,0,0,1,5.17384157897338,26.717426273458447,3916.7823866861095,1269
10437.0,1863,0,0,2,5.150783449697394,27.20558239398819,3915.5550111749,1277
10438.0,1863,0,0,0,5.129685157289498,27.631776704240472,3916.3590330230677,1281
10439.0,1863,0,0,0,5.09423715588258,28.120236178207193,3917.1654551412216,1298
10440.0,1863,0,0,0,5.073195933986739,28.573268921095007,3917.9735741672325,1308
10441.0,1862,0,0,1,5.124739805146086,26.814715359828142,3917.264009923485,1218
10442.0,1861,0,0,1,5.241690971152779,25.713594841483072,3919.598589088869,1164
10443.0,1861,0,0,0,5.424482851007617,24.95969908651263,3920.3816664076953,1113
10444.0,1861,0,0,0,5.649895905751429,24.116603976356796,3921.1495939510864,1062
10445.0,1860,0,0,1,5.87216730501993,23.606989247311827,3921.964695624984,1031
10446.0,1858,0,0,2,6.081812721928248,23.07534983853606,3923.625440229951,997
10447.0,1856,0,0,2,6.258098068738713,22.703125,3925.9710221863907,976
10448.0,1855,0,0,1,6.417762279360696,22.5088948787062,3928.1990031805535,958
10449.0,1852,0,0,3,6.536337580515347,22.34341252699784,3928.0768243587695,936
10450.0,1851,0,0,1,6.640324537053955,22.26904376012966,3928.791129367273,931
10451.0,1850,0,0,1,6.735016346131646,22.177297297297297,3930.0979156880826,925
10452.0,1850,0,0,0,6.816307927662342,22.023783783783784,3930.783872285221,917
10453.0,1850,0,0,0,6.888050604170066,21.78810810810811,3931.4648710565452,895
10454.0,1850,0,0,0,6.972417585545488,21.58054054054054,3932.139937100534,881
10455.0,1850,0,0,0,7.027170567885184,21.53027027027027,3932.810225574793,886
10456.0,1850,0,0,0,7.074861909714495,21.33837837837838,3933.4776784965047,877
10457.0,1850,0,0,0,7.119520201464659,21.10972972972973,3934.141914170245,871
10458.0,1850,0,0,0,7.13873969031579,20.936216216216216,3934.8050389714317,860
10459.0,1849,0,0,1,7.159684652914136,20.873445105462412,3935.0969422886305,853
10460.0,1848,0,0,1,7.169144520498622,20.750541125541126,3934.588712147477,850
10461.0,1848,0,0,0,7.215684946569839,20.729978354978353,3935.247803970919,853
10462.0,1848,0,0,0,7.223094107857912,20.825757575757574,3935.9061318275626,857
10463.0,1847,0,0,1,7.254804210020786,20.690308608554414,3934.255148128709,845
10464.0,1847,0,0,0,7.246371610592577,20.64158094206822,3934.911478186453,842
10465.0,1846,0,0,1,7.22606425814428,20.51462621885157,3934.190693293312,830
10466.0,1846,0,0,0,7.226264404054187,20.43228602383532,3934.846458140443,838
10467.0,1846,0,1,1,7.210597759409626,20.30715059588299,3932.6189732077696,837
10468.0,1843,0,0,3,7.190265951365672,20.176342919153555,3934.5344440540025,831
10469.0,1843,0,0,0,7.2131254729725764,20.037981551817687,3935.190314739326,828
10470.0,1842,0,0,1,7.214476820111201,20.048317046688382,3934.5527430894886,833
10471.0,1841,0,0,1,7.202793747782279,20.045084193373167,3934.3189521674303,839
10472.0,1841,0,0,0,7.189142091154733,19.966322650733296,3934.976318069266,827
10473.0,1841,0,0,0,7.173281655951974,19.878870179250406,3935.634450779992,816
10474.0,1841,0,1,1,7.143408809454755,19.757197175448127,3932.6067668504074,811
10475.0,1841,0,0,0,7.12634350182722,19.729494839761,3933.2680256766685,823
10476.0,1841,0,0,0,7.120632840366057,19.775122216186855,3933.92961534533,825
10477.0,1840,0,0,1,7.104070141425741,19.70054347826087,3936.158446584605,814
10478.0,1840,0,0,0,7.098860035647118,19.62391304347826,3936.8230513571134,813
10479.0,1840,0,1,1,7.066109235816605,19.545108695652175,3936.1387368437936,818
10480.0,1839,0,0,1,7.017857409970968,19.475802066340403,3936.9920951933173,822
10481.0,1838,0,0,1,6.98681520273017,19.40261153427639,3939.195513892441,829
10482.0,1838,0,0,0,6.921839961090283,19.21817192600653,3939.8725858359358,833
10483.0,1837,0,0,1,6.871422270000083,19.03320631464344,3940.1656529640136,835
10484.0,1836,0,0,1,6.820220865769889,18.89433551198257,3942.311744115031,839
10485.0,1836,0,1,1,6.743710827129665,18.66938997821351,3940.78534075178,847
10486.0,1833,0,0,3,6.6700772101476575,18.47026732133115,3938.5413431961065,853
10487.0,1833,0,0,0,6.615959057064913,18.278777959629025,3939.239827938964,857
10488.0,1833,0,0,0,6.607012858850334,18.118385160938352,3939.939708892755,879
10489.0,1833,0,0,0,6.551484709067068,18.06382978723404,3940.6430166598407,887
10490.0,1831,0,0,2,6.453654956365014,18.09229929000546,3941.097414363701,905
10491.0,1830,0,0,1,6.37512762737289,18.120765027322406,3941.7305865947583,917
10492.0,1831,0,1,0,6.323293368509115,18.198798470780993,3940.2932484187663,930
10493.0,1831,0,1,1,6.2653055401626006,18.37575095576188,3938.3789939376306,946
10494.0,1832,0,1,0,6.20978308439972,18.513100436681224,3936.9508924364222,960
10495.0,1832,0,1,1,6.152911030553975,18.656113537117903,3936.0077105984183,975
10496.0,1832,0,0,0,6.103431820559496,18.641921397379914,3936.7367096624675,982
10497.0,1832,0,1,1,6.0395238691881135,18.737445414847162,3934.9407691452557,989
10498.0,1832,0,0,0,6.036020880096913,18.84061135371179,3935.6749966621032,993
10499.0,1833,0,1,0,5.995463070823862,19.022367703218766,3934.2648018178697,1005
10500.0,1833,0,0,0,5.904182711369858,19.171303873431533,3935.0091508755745,1022
10501.0,1835,0,2,0,5.834247815283708,19.30626702997275,3931.467684487441,1043
10502.0,1834,0,0,1,5.768162049963649,19.534896401308615,3931.421837277629,1060
10503.0,1835,0,1,0,5.714832689760981,19.918801089918254,3930.035690364341,1084
10504.0,1836,0,1,0,5.660545221782142,20.026688453159043,3928.654959876216,1086
10505.0,1837,0,1,0,5.619346396495748,20.17909635274905,3927.280624458867,1104
10506.0,1837,0,1,1,5.573511290467304,20.27000544365814,3927.4215427463273,1107
10507.0,1839,0,2,0,5.544010931912926,20.608482871125613,3923.918819565049,1126
10508.0,1840,0,1,0,5.51737211426758,20.758152173913043,3922.5575037679127,1145
10509.0,1840,0,0,0,5.481658165850756,20.96141304347826,3923.332162457613,1151
10510.0,1840,0,0,0,5.4520034023852215,21.366304347826087,3924.1103343842756,1159
10511.0,1841,0,1,0,5.427522978808144,21.630092341118957,3922.759083108523,1167
10512.0,1842,0,1,0,5.401542656205403,21.896308360477743,3921.4113262745987,1185
10513.0,1843,0,1,0,5.394021306609413,22.17200217037439,3920.0672944303956,1192
10514.0,1844,0,1,0,5.366248987023803,22.38015184381779,3918.727757264988,1206
10515.0,1843,0,0,1,5.3440620407622355,22.589799240368965,3919.8161599074206,1209
10516.0,1843,0,0,0,5.32037090112884,23.05208898534997,3920.606313574066,1222
10517.0,1843,0,0,0,5.286834972978649,23.364080303852415,3921.398981277963,1234
10518.0,1843,0,1,1,5.252258939536262,23.66847531199132,3918.8375209151095,1242
10519.0,1844,0,1,0,5.227148552962152,23.981561822125812,3917.50865935084,1253
10520.0,1844,0,0,0,5.201486526171017,24.310737527114966,3918.306896515773,1265
10521.0,1843,0,0,1,5.166665936436901,24.679869777536624,3920.638815290148,1275
10522.0,1844,0,1,0,5.133025295510827,24.94360086767896,3919.3133006520266,1270
10523.0,1844,0,0,0,5.121818663595273,25.172451193058567,3920.1146146449696,1269
10524.0,1844,0,0,0,5.097294392268744,25.55639913232104,3920.91835340552,1265
10525.0,1844,0,0,0,5.100350650137081,25.89642082429501,3921.7219619182224,1271
10526.0,1843,0,0,1,5.0936010729240575,26.202930005425937,3921.771652169273,1275
10527.0,1843,0,0,0,5.1036056573648665,26.684753119913186,3922.576117863099,1282
10528.0,1841,0,0,2,5.083931985931207,27.085279739272135,3922.9123224956575,1289
10529.0,1841,0,0,0,5.089301815815959,27.3720803910918,3923.718088827914,1290
10530.0,1841,0,0,0,5.093314735783845,27.726778924497555,3924.5243625023263,1295
10531.0,1841,0,0,0,5.186080760933465,26.007604562737644,3925.324193199111,1209
10532.0,1841,0,0,0,5.313484788253764,24.60727865290603,3926.1144851302,1143
10533.0,1839,0,0,2,5.469910256613025,23.762914627514952,3926.9870740711362,1093
10534.0,1839,0,0,0,5.664022249253709,22.848287112561174,3927.753430162105,1047
10535.0,1836,0,0,3,5.85040476487814,22.345315904139433,3927.9491873946804,1020
10536.0,1836,0,0,0,6.061639133210803,21.8681917211329,3928.6879483094986,982
10537.0,1835,0,0,1,6.246869429614653,21.369482288828337,3928.2754380910615,959
10538.0,1835,0,0,0,6.4272390810519315,20.98474114441417,3928.988331134571,938
10539.0,1834,0,0,1,6.578843776124855,20.762813522355508,3929.5037044292585,929
10540.0,1833,0,0,1,6.711425147238845,20.50518276050191,3928.9186537233963,908
10541.0,1833,0,0,0,6.835829464162368,20.20567375886525,3929.603455027371,891
10542.0,1832,0,0,1,6.941967736180343,19.959606986899562,3929.681451429613,875
10543.0,1833,0,1,0,7.039599888136561,19.56901254773595,3928.2085003539487,854
10544.0,1833,0,0,0,7.110837183364552,19.187124931805783,3928.875270287495,838
10545.0,1834,0,1,0,7.160593509126903,18.880588876772084,3927.3958209647244,836
10546.0,1834,0,0,0,7.204922442376073,18.685932388222465,3928.0554576511527,821
10547.0,1832,0,0,2,7.23899464333123,18.54967248908297,3928.51800782654,821
10548.0,1830,0,0,2,7.280568167763664,18.394535519125682,3927.5285484427595,819
10549.0,1829,0,0,1,7.331551402778119,18.242755604155278,3927.47589398985,815
10550.0,1829,0,0,0,7.376282026127968,18.142700929469655,3928.12430368055,808
10551.0,1827,0,0,2,7.368088202441297,18.12534209085933,3928.4081007225172,813
10552.0,1827,0,0,0,7.386588710045653,18.07881773399015,3929.055765385303,813
10553.0,1827,0,0,0,7.4072912485535864,17.769020251778873,3929.70211666205,811
10554.0,1827,0,0,0,7.402818215217698,17.57525998905309,3930.347252953059,812
10555.0,1827,0,0,0,7.401960319366712,17.274220032840724,3930.9924599688393,808
10556.0,1826,0,0,1,7.396977031241854,17.075575027382257,3930.9129664325264,806
10557.0,1826,0,0,0,7.432041556164974,16.763964950711937,3931.5549107924644,790
10558.0,1826,0,1,1,7.445902938957046,16.62157721796276,3929.129082428412,795
10559.0,1824,0,0,2,7.432741955906508,16.497258771929825,3928.5258520947177,781
10560.0,1823,0,0,1,7.437109244798255,16.226001097092706,3929.1962873903935,776
10561.0,1822,0,0,1,7.43069558374766,15.989023051591657,3929.068748819584,761
10562.0,1822,0,0,0,7.414549570758245,16.03238199780461,3929.7107015650054,767
10563.0,1822,0,0,0,7.440384857070543,15.91602634467618,3930.3505720888365,769
10564.0,1822,0,0,0,7.449739685136923,15.801317233809002,3930.9912263178194,760
10565.0,1822,0,0,0,7.445818314343821,15.65642151481888,3931.632534752385,760
10566.0,1823,0,1,0,7.416306388451689,15.470652770159079,3930.1188790818132,754
10567.0,1823,0,0,0,7.425463870254856,15.069116840373011,3930.7632502492283,757
10568.0,1822,0,0,1,7.3842340740673285,14.865532381997804,3930.0944037247095,758
10569.0,1822,0,0,0,7.368793828633704,14.619099890230515,3930.7419515895444,751
10570.0,1822,0,0,0,7.3173307247330195,14.239846322722283,3931.3929810580325,750
10571.0,1822,0,0,0,7.2711723341245635,14.178924259055982,3932.0479117367227,759
10572.0,1823,0,1,0,7.18894285397045,14.185957213384532,3930.551164862694,763
10573.0,1823,0,0,0,7.139510944648406,14.221064179923204,3931.2153949825833,778
10574.0,1823,0,0,0,7.084619340712511,14.298957761930883,3931.8836876189016,790
10575.0,1823,0,0,0,7.025911855874197,14.320351069665387,3932.5567261903943,814
10576.0,1822,0,0,1,6.919295438180467,14.32821075740944,3932.155320158886,830
10577.0,1822,0,0,0,6.8599474091085675,14.067508232711306,3932.8385490727364,829
10578.0,1821,0,0,1,6.800359280259898,13.910488742449203,3932.593746990858,832
10579.0,1821,0,0,0,6.765215112293455,13.757825370675453,3933.28335557188,836
10580.0,1821,0,0,0,6.717954121972263,13.7111477210324,3933.9764326624986,855
10581.0,1820,0,1,2,6.668728569723072,13.739560439560439,3929.899087097336,862
10582.0,1820,0,0,0,6.602085874272149,13.753296703296703,3930.5987449045874,888
10583.0,1820,0,0,0,6.541265593938123,13.882967032967032,3931.302116694217,897
10584.0,1819,0,0,1,6.4738874417651,13.929081913139088,3932.457000605075,917
10585.0,1817,0,0,2,6.392926674643035,14.023665382498624,3931.445958881068,936
10586.0,1817,0,0,0,6.339416261359229,14.287286736378647,3932.163403365058,950
10587.0,1817,0,0,0,6.286905773636505,14.273527793065492,3932.885269212868,968
10588.0,1817,0,1,1,6.227054780869161,14.36653824986241,3932.0612234248215,987
10589.0,1817,0,0,0,6.183050903492315,14.511282333516785,3932.791091321538,994
10590.0,1816,0,0,1,6.123205663112905,14.561674008810572,3931.962640502302,1001
10591.0,1815,0,0,1,6.0733395978407465,14.715151515151515,3934.2597293725917,1021
10592.0,1814,0,0,1,6.031120492527438,14.862734288864388,3934.3605181164753,1031
10593.0,1814,0,0,0,6.001391564371838,14.986218302094818,3935.1029311096427,1044
10594.0,1814,0,0,0,5.991924521835147,15.079382579933847,3935.8459093298725,1050
10595.0,1815,0,1,0,5.944862324679544,15.278236914600551,3934.4238094878083,1056
10596.0,1817,0,2,0,5.898875763584125,15.583379196477711,3930.842943552657,1069
10597.0,1817,0,0,0,5.849605339461301,15.823885525591635,3931.596609887636,1079
10598.0,1817,0,0,0,5.822331606065872,15.924050632911392,3932.3529284175806,1088
10599.0,1815,0,0,2,5.770060745641034,16.125068870523418,3934.255191807845,1105
10600.0,1815,0,1,1,5.724998343513885,16.196143250688706,3931.6727851749038,1112
10601.0,1815,0,1,1,5.6640755484380785,16.381267217630853,3930.2088455564576,1119
10602.0,1815,0,1,1,5.61686913122161,16.78236914600551,3929.4274353242504,1129
10603.0,1816,0,1,0,5.584341607364487,16.957048458149778,3928.034685628758,1135
10604.0,1817,0,1,0,5.553730009900964,17.32250963126032,3926.6455948453968,1145
10605.0,1816,0,0,1,5.530001024673838,17.455947136563875,3925.53116651687,1152
10606.0,1816,0,0,0,5.504257705483561,17.649229074889867,3926.30874621702,1157
10607.0,1816,0,1,1,5.45309693515553,17.95649779735683,3925.0374118334717,1172
10608.0,1815,0,0,1,5.425770057942435,18.287603305785122,3925.7255313796127,1181
10609.0,1816,0,1,0,5.420892004034248,18.72466960352423,3924.3472772877235,1188
10610.0,1817,0,1,0,5.404715557900968,19.00715465052284,3922.9717914651014,1198
10611.0,1818,0,1,0,5.3748201544219185,19.334433443344334,3921.600690925308,1202
10612.0,1818,0,0,0,5.358049009347262,19.57700770077008,3922.3886773878153,1206
10613.0,1818,0,0,0,5.346939824284178,20.045654565456545,3923.1771302974057,1203
10614.0,1816,0,0,2,5.323549331464308,20.330947136563875,3924.5932271430233,1206
10615.0,1817,0,1,0,5.312865475767139,20.585580627407815,3923.223735746679,1204
10616.0,1816,0,0,1,5.276846845171504,20.897577092511014,3922.5518210374516,1207
10617.0,1814,0,0,2,5.242286164476844,21.236493936052923,3926.386007674321,1220
10618.0,1814,0,0,0,5.216474738057792,21.79106945975744,3927.1845858159995,1237
10619.0,1812,0,0,2,5.176774077693563,22.24503311258278,3929.1414579500997,1248
10620.0,1812,0,0,0,5.169992295745479,22.830022075055187,3929.9425061906104,1259
10621.0,1812,0,0,0,5.261205295672941,21.176048565121413,3930.7363543306137,1175
10622.0,1811,0,0,1,5.392531634322044,20.051352843732744,3930.4071211889122,1119
10623.0,1811,0,0,0,5.554493427717808,19.143567090005522,3931.1812654096075,1063
10624.0,1809,0,0,2,5.74888009259349,18.35323383084577,3932.112717722138,1019
10625.0,1808,0,0,1,5.93578912279671,17.754977876106196,3932.6957144192074,985
10626.0,1808,0,0,0,6.151367371039637,17.142146017699115,3933.428556114676,943
10627.0,1808,0,0,0,6.346651122990422,16.5,3934.1476827444894,922
10628.0,1809,0,1,0,6.501217293459925,16.051962410171367,3932.680780767967,900
10629.0,1809,0,1,1,6.602528766700718,15.641238253178551,3930.834319468984,884
10630.0,1809,0,0,0,6.730472472031277,15.274737423991155,3931.525694561732,860
10631.0,1809,0,0,0,6.812729291424913,15.025981205085683,3932.2107887894044,861
10632.0,1809,0,0,0,6.890670644654444,14.838032061912658,3932.89028733159,861
10633.0,1809,0,0,0,6.943022388863319,14.695411829740188,3933.565179571839,861
10634.0,1809,0,0,0,7.006583396092311,14.31232725262576,3934.2359196516104,840
10635.0,1808,0,0,1,7.062791711360608,14.09679203539823,3933.876858604091,829
10636.0,1808,0,0,0,7.125942746703042,13.968473451327434,3934.541143696436,830
10637.0,1808,0,0,0,7.200857438413558,13.79646017699115,3935.2002624752868,831
10638.0,1808,0,0,0,7.2652391478633955,13.526548672566372,3935.8551097980335,818
10639.0,1807,0,0,1,7.323247336990685,13.303265080243497,3935.5477116746106,811
10640.0,1806,0,0,1,7.3879091148671465,13.053709856035438,3934.560632835118,795
10641.0,1806,0,0,0,7.450527861602878,12.931339977851605,3935.2030887537644,791
10642.0,1804,0,0,2,7.5014926539856495,12.79988913525499,3935.1692851477956,778
10643.0,1804,0,0,0,7.555530957789472,12.480044345898005,3935.8048734908434,762
10644.0,1804,0,0,0,7.570322888946363,12.347560975609756,3936.4391256533168,763
10645.0,1804,0,0,0,7.586948088345103,12.211751662971174,3937.0715084383,744
10646.0,1803,0,0,1,7.573230685152085,11.987798114254021,3937.2233981859404,744
10647.0,1802,0,1,2,7.548641638670312,11.867924528301886,3933.4831936085243,743
10648.0,1801,0,0,1,7.548486918862175,11.690172126596336,3933.223623026605,740
10649.0,1800,0,0,1,7.550500637380825,11.628333333333334,3932.973874916626,747
10650.0,1798,0,0,2,7.551867723862327,11.61179087875417,3931.2780243417997,753
10651.0,1798,0,0,0,7.565723998119682,11.376529477196886,3931.9143422467196,744
10652.0,1798,0,0,0,7.594229643401304,11.28921023359288,3932.550419051194,743
10653.0,1798,0,0,0,7.593108283992466,11.251946607341491,3933.186793944788,744
10654.0,1798,0,0,0,7.582448280611567,11.201334816462737,3933.8245090885534,750
10655.0,1799,0,1,0,7.582484451472654,11.162868260144524,3932.2757738396404,750
10656.0,1799,0,0,0,7.539352985032749,11.151750972762645,3932.9161942351025,757
10657.0,1799,0,0,0,7.52695545355459,11.190105614230127,3933.5584781265047,764
10658.0,1799,0,0,0,7.501870744881804,11.191217342968315,3934.2033073189677,756
10659.0,1799,0,0,0,7.492588995150603,10.994997220678155,3934.8497764671665,760
10660.0,1800,0,1,0,7.491207449342671,10.74,3933.309728363301,770
10661.0,1800,0,0,0,7.452791174422881,10.719444444444445,3933.9585885572196,765
10662.0,1800,0,0,0,7.429212654509977,10.611666666666666,3934.6109207979025,769
10663.0,1800,0,0,0,7.374086329429121,10.53888888888889,3935.2681326579886,765
10664.0,1798,0,0,2,7.284997134208602,10.60734149054505,3934.5759798615813,780
10665.0,1799,0,1,0,7.202196744361385,10.694830461367426,3933.059088834442,795
10666.0,1799,0,0,0,7.12917725507911,10.722623679822123,3933.7350017021063,813
10667.0,1798,0,0,1,7.071925703142091,10.724694104560623,3933.528515153998,821
10668.0,1797,0,0,1,6.994098962603214,10.795770728992766,3933.0113813088437,831
10669.0,1796,0,0,1,6.923834385487564,11.021158129175946,3933.820453350189,852
10670.0,1795,0,0,1,6.854607466424886,11.154317548746517,3933.9493910426395,865
10671.0,1796,0,1,0,6.786037906784722,11.28619153674833,3932.4599748892383,876
10672.0,1796,0,0,0,6.732605625799213,11.384187082405345,3933.1656543481467,890
10673.0,1798,0,2,0,6.676476007894017,11.580645161290322,3929.4990229121267,905
10674.0,1798,0,0,0,6.617495184735179,11.766407119021135,3930.2121524171866,922
10675.0,1799,0,1,0,6.583168219286859,12.016120066703724,3928.743169902458,933
10676.0,1798,0,0,1,6.535326566588958,12.328142380422692,3928.469358237338,952
10677.0,1797,0,0,1,6.449935780476898,12.52754590984975,3930.732444008715,968
10678.0,1798,0,1,0,6.388844818714338,12.7174638487208,3929.2728767744943,982
10679.0,1798,0,0,0,6.333387880930602,13.023915461624027,3930.0032183614267,996
10680.0,1798,0,0,0,6.272922134647897,13.240823136818687,3930.7380180723744,1003
10681.0,1799,0,1,0,6.212550490013242,13.546970539188438,3929.29108229948,1025
10682.0,1798,0,0,1,6.1381779068081945,13.788097886540601,3929.1501481500272,1037
10683.0,1798,0,0,0,6.054991535474664,14.078420467185762,3929.8981199081413,1047
10684.0,1799,0,1,0,5.993971147547736,14.329071706503614,3928.464791760938,1063
10685.0,1797,0,0,2,5.937308166313323,14.733444629938786,3928.696815486894,1090
10686.0,1797,0,0,0,5.89761872648819,14.99777406789093,3929.4545261270623,1098
10687.0,1798,0,1,0,5.856106557242899,15.346496106785317,3928.029569777551,1112
10688.0,1798,0,1,1,5.802678747027612,15.745828698553948,3926.0743239639805,1119
10689.0,1797,0,0,1,5.7595352478828925,16.14079020589872,3925.552102430767,1126
10690.0,1797,0,0,0,5.755467801181169,16.572621035058432,3926.3193048459366,1132
10691.0,1797,0,0,0,5.734452686102707,17.034501947690597,3927.088181954283,1137
10692.0,1798,0,2,1,5.706985507246852,17.491657397107897,3923.60770235129,1156
10693.0,1797,0,0,1,5.692312905583794,17.918196994991654,3924.4153786432234,1154
10694.0,1796,0,0,1,5.685352197156949,18.268930957683743,3924.5311927117514,1151
10695.0,1794,0,0,2,5.645407147078049,18.64659977703456,3926.002560370241,1152
10696.0,1793,0,0,1,5.6217201249411115,19.129949804796432,3925.969468445446,1157
10697.0,1794,0,1,0,5.596039462389835,19.64715719063545,3924.559526381878,1170
10698.0,1794,0,1,1,5.558555170089997,20.17391304347826,3924.6568529808515,1182
10699.0,1793,0,0,1,5.518197574182265,20.64807585052984,3927.0144322736523,1190
10700.0,1793,0,0,0,5.501115023278777,21.14277746793084,3927.8011481222748,1202
10701.0,1792,0,0,1,5.487600690495991,21.656808035714285,3929.5773643827665,1211
10702.0,1792,0,0,0,5.4765258502218455,22.190290178571427,3930.3662860946847,1210
10703.0,1791,0,0,1,5.465627726471624,22.734226689000558,3930.492654647352,1218
10704.0,1791,0,0,0,5.478352677325791,23.21217197096594,3931.282446765139,1216
10705.0,1790,0,0,1,5.4818606959459935,23.65027932960894,3930.97896478039,1214
10706.0,1790,0,0,0,5.477688755290885,24.17094972067039,3931.7689169409723,1226
10707.0,1790,0,0,0,5.476727276192015,24.65977653631285,3932.5585675556713,1228
10708.0,1789,0,0,1,5.44827787066193,25.216321967579653,3934.9359192476777,1237
10709.0,1787,0,0,2,5.416323565207024,25.768326804700617,3934.677248972172,1240
10710.0,1785,0,0,2,5.378349661815253,26.354621848739495,3933.8409854253196,1245
10711.0,1785,0,0,0,5.470986528258295,24.537815126050422,3934.628589138682,1165
10712.0,1783,0,0,2,5.592203401681256,23.33595064498037,3935.342552280692,1109
10713.0,1783,0,0,0,5.757140943187629,22.422882781828378,3936.1099387210115,1061
10714.0,1782,0,0,1,5.915547060945802,21.51739618406285,3936.085142225531,1023
10715.0,1782,0,0,0,6.082056929118667,20.96240179573513,3936.829491715163,996
10716.0,1782,0,0,0,6.285400515533272,20.397306397306398,3937.560819774177,966
10717.0,1782,0,0,0,6.463483001657477,19.54320987654321,3938.2798803844444,943
10718.0,1782,0,0,0,6.630615289222424,18.78956228956229,3938.9873783697603,908
10719.0,1781,0,0,1,6.7543168326643315,18.104435710275126,3939.7854717176288,901
10720.0,1781,0,0,0,6.87438788732435,17.41268950028074,3940.4759548439856,870
10721.0,1781,0,0,0,6.9906250299462025,16.955642897248737,3941.15940696918,855
10722.0,1781,0,0,0,7.072177191376759,16.564289724873667,3941.8368052020055,841
10723.0,1781,0,0,0,7.162114025487456,16.192588433464344,3942.5083207124785,823
10724.0,1780,0,0,1,7.253372663109586,15.850561797752809,3942.324633830338,812
10725.0,1780,0,0,0,7.351061097835231,15.537640449438202,3942.983295962597,802
10726.0,1780,0,0,0,7.422994668724292,15.191573033707865,3943.6370218320567,796
10727.0,1780,0,0,0,7.4966271713503305,14.899438202247191,3944.2853618987824,794
10728.0,1780,0,0,0,7.544175259682016,14.66123595505618,3944.9309518909645,784
10729.0,1780,0,0,0,7.61012456221791,14.353370786516853,3945.5704290438243,771
10730.0,1780,0,0,0,7.65095408710986,14.180898876404495,3946.208932841283,763
10731.0,1780,0,0,0,7.688044049928784,13.970786516853932,3946.8438286537844,760
10732.0,1779,0,0,1,7.721749425589472,13.856661045531197,3946.6199525825277,759
10733.0,1779,0,0,0,7.726523982735844,13.578976953344576,3947.2536665205294,745
10734.0,1778,0,0,1,7.705260442318159,13.45556805399325,3946.725210829422,750
10735.0,1777,0,0,1,7.702934467007713,13.262239729881824,3947.6038142424113,742
10736.0,1777,0,0,0,7.725584543686099,13.088913899831176,3948.2382768551092,737
10737.0,1778,0,1,0,7.718901532811807,12.885264341957255,3946.6518817225115,729
10738.0,1778,0,0,0,7.709601732904472,12.77615298087739,3947.2882705670704,734
10739.0,1778,0,0,0,7.718630787389608,12.646794150731159,3947.923818229355,731
10740.0,1777,0,0,1,7.7089382965952415,12.502532357906585,3946.603744256003,724
10741.0,1777,0,0,0,7.680198818176561,12.475520540236353,3947.241178624555,719
10742.0,1776,0,0,1,7.66631885085981,12.271396396396396,3948.828177395316,713
10743.0,1777,0,1,0,7.641544926196341,12.132245357343837,3947.2460570391704,719
10744.0,1777,0,0,0,7.6238116884234115,11.956105796285875,3947.8872036036178,724
10745.0,1776,0,0,1,7.6119926409101115,11.833333333333334,3947.1484034473992,724
10746.0,1776,0,0,0,7.6294537480106595,11.66385135135135,3947.790247809437,721
10747.0,1777,0,1,0,7.622614916588047,11.657287563308948,3946.212062060737,727
10748.0,1777,0,0,0,7.622168467925785,11.616769836803602,3946.856039427825,715
10749.0,1777,0,0,0,7.600789677589515,11.466516601012943,3947.5021939266103,726
10750.0,1775,0,0,2,7.539363114720769,11.409014084507042,3947.0368389792125,715
10751.0,1775,0,1,1,7.492504644612787,11.315492957746478,3946.996294901675,725
10752.0,1775,0,0,0,7.430041634129821,11.125070422535211,3947.6540234687013,719
10753.0,1775,0,0,0,7.351695005935864,11.152112676056339,3948.317952602351,725
10754.0,1775,0,0,0,7.2857469579262695,10.997746478873239,3948.9860664053535,742
10755.0,1775,0,0,0,7.232249849098198,10.952676056338028,3949.6586563268434,756
10756.0,1776,0,1,0,7.163113882757806,10.936936936936936,3948.11232519625,775
10757.0,1775,0,0,1,7.084425468800771,10.823098591549297,3950.2467499026975,786
10758.0,1775,0,0,0,7.0185464683144785,10.796056338028169,3950.9351891693714,798
10759.0,1775,0,0,0,6.953968337574215,10.829295774647887,3951.6274009927315,807
10760.0,1774,0,0,1,6.869931152683471,10.82412626832018,3951.2746787712886,826
10761.0,1774,0,1,1,6.810269208720773,10.95772266065389,3950.124342267287,845
10762.0,1774,0,0,0,6.761253548270852,11.162908680947012,3950.828819993518,867
10763.0,1774,0,0,0,6.6898054797156625,11.44250281848929,3951.537398011702,889
10764.0,1775,0,2,1,6.6093355779591105,11.583098591549296,3946.1146452916373,900
10765.0,1775,0,0,0,6.566431202320065,11.7543661971831,3946.831139255937,921
10766.0,1775,0,0,0,6.510971503871335,11.981408450704226,3947.551478737301,928
10767.0,1776,0,1,0,6.494023962110377,12.25563063063063,3946.050060600933,947
10768.0,1776,0,0,0,6.450392292623781,12.469594594594595,3946.7743969977973,954
10769.0,1776,0,0,0,6.40118939055817,12.798986486486486,3947.5022569355597,985
10770.0,1778,0,2,0,6.34052090001995,13.078177727784027,3943.792396056503,994
10771.0,1778,0,0,0,6.305700545464336,13.356017997750282,3944.5267332415547,1004
10772.0,1780,0,2,0,6.269088190389781,13.669662921348314,3940.830988245424,1028
10773.0,1779,0,0,1,6.241817628876176,14.06070826306914,3942.948473578659,1041
10774.0,1780,0,1,0,6.2220782837279724,14.350561797752809,3941.4741592194205,1060
10775.0,1780,0,0,0,6.1804317528777695,14.703370786516855,3942.218532583673,1065
10776.0,1782,0,2,0,6.144637925704937,15.026936026936028,3938.540906706337,1083
10777.0,1783,0,1,0,6.104341899879694,15.313516545148627,3937.082671646181,1082
10778.0,1783,0,1,1,6.06875325520711,15.67190128996074,3935.0600259723387,1100
10779.0,1783,0,0,0,6.05894125282699,16.013460459899047,3935.8152838993033,1109
10780.0,1782,0,1,2,6.018126938018786,16.439955106621774,3937.490357505717,1125
10781.0,1781,0,0,1,5.966895303533346,16.946659180235823,3939.8289710580257,1135
10782.0,1782,0,2,1,5.9283280972880235,17.283389450056116,3934.766296042161,1136
10783.0,1780,0,0,2,5.877943801758517,17.685955056179775,3932.6570735399264,1145
10784.0,1780,0,1,1,5.846416155107684,18.099438202247192,3931.785559008703,1155
10785.0,1780,0,0,0,5.816902739619955,18.607865168539327,3932.558997270546,1172
10786.0,1780,0,1,1,5.786009761834128,19.06685393258427,3932.7101517816545,1185
10787.0,1781,0,1,0,5.769390755638617,19.441325098259405,3931.2784737884444,1183
10788.0,1782,0,1,0,5.7394729035441525,19.89001122334456,3929.850958560659,1191
10789.0,1784,0,2,0,5.722307658110319,20.26177130044843,3926.2246331355645,1187
10790.0,1783,0,0,1,5.689261220691888,20.68311833987661,3925.828417482542,1202
10791.0,1783,0,0,0,5.680381290853818,21.117779024116658,3926.611505886958,1201
10792.0,1782,0,0,1,5.667525294825414,21.496071829405164,3926.16565449255,1198
10793.0,1783,0,1,0,5.6703718748016625,22.024116657319126,3924.747841681013,1206
10794.0,1782,0,0,1,5.652904294374857,22.60325476992144,3927.122764753174,1222
10795.0,1782,0,0,0,5.644095163275627,23.13692480359147,3927.9094075098938,1230
10796.0,1782,0,1,1,5.607630342055478,23.636363636363637,3924.5099625996504,1227
10797.0,1782,0,0,0,5.581277911363019,24.10998877665544,3925.2999677275025,1233
10798.0,1782,0,0,0,5.553992697438388,24.64983164983165,3926.0916897574884,1236
10799.0,1781,0,0,1,5.513632434669212,25.155530600786076,3927.5260190097706,1243
10800.0,1781,0,0,0,5.47292190858978,25.632790567097135,3928.3221608453196,1248
10801.0,1781,0,0,0,5.540877332225676,23.93374508702976,3929.112768224698,1171
10802.0,1781,0,0,0,5.643987438676746,22.93149915777653,3929.8959229392312,1117
10803.0,1781,0,0,0,5.816431896450742,22.081414935429535,3930.6667084414107,1078
10804.0,1781,0,0,0,6.00057538143181,21.22908478382931,3931.425192541847,1031
10805.0,1781,0,0,0,6.193848314120963,20.572711959573272,3932.1709658244204,996
10806.0,1781,0,0,0,6.379096577369196,19.951712521055587,3932.9045701851373,960
10807.0,1781,0,0,0,6.566343086186775,19.447501403705783,3933.625630187336,939
10808.0,1780,0,0,1,6.71643499280094,19.074719101123595,3932.9363039368423,923
10809.0,1780,0,0,0,6.825873394541569,18.937078651685393,3933.6380002237242,915
10810.0,1779,0,0,1,6.913984917863425,18.71725688589095,3933.221011039323,903
10811.0,1779,0,0,0,7.045256964128267,18.51883080382237,3933.908677744508,886
10812.0,1779,0,0,0,7.147526177292033,18.314221472737493,3934.5879552150504,866
10813.0,1779,0,0,0,7.250793459697347,18.19786396852164,3935.260355077953,860
10814.0,1779,0,0,0,7.353509277192219,17.949971894322655,3935.9261215234073,850
10815.0,1779,0,0,0,7.428070757179887,17.62788083192805,3936.5870452884164,834
10816.0,1779,0,0,0,7.511957090800805,17.11973018549747,3937.2423649958146,817
10817.0,1779,0,0,0,7.564494313284549,16.839235525576168,3937.893695730025,802
10818.0,1779,0,0,0,7.6038688940947505,16.641371557054526,3938.542209904677,793
10819.0,1779,0,0,0,7.666189155699966,16.426082068577852,3939.1868990170415,784
10820.0,1779,0,0,0,7.7270699973611565,16.281618887015178,3939.8275227142126,779
10821.0,1779,0,0,0,7.768971539701712,16.198988195615513,3940.465264150285,778
10822.0,1778,0,0,1,7.79800069220407,16.09111361079865,3938.760978664485,774
10823.0,1778,0,0,0,7.835383208706775,15.747469066366705,3939.3945430826348,760
10824.0,1778,0,0,0,7.863851841126558,15.511811023622048,3940.025020269566,757
10825.0,1778,0,0,0,7.8786196738656695,15.291901012373453,3940.6552885104916,751
10826.0,1778,0,0,0,7.889344656842482,15.042182227221597,3941.2845801596864,745
10827.0,1778,0,0,0,7.892962343822807,14.784589426321709,3941.912937101352,750
10828.0,1779,0,1,0,7.89073205360507,14.608768971332209,3940.325036330058,747
10829.0,1779,0,0,0,7.870122086139498,14.36593591905565,3940.954891862513,742
10830.0,1779,0,0,0,7.856815121781436,14.23159078133783,3941.586661210723,743
10831.0,1779,0,0,0,7.819691301140754,14.105115233277122,3942.2201862631046,745
10832.0,1778,0,0,1,7.770620848419384,13.96400449943757,3940.99626445694,743
10833.0,1777,0,0,1,7.735485841016534,13.722566122678671,3940.487423720186,734
10834.0,1778,0,1,0,7.738358957345376,13.515185601799775,3938.9112888749964,741
10835.0,1778,0,0,0,7.731248780713154,13.38413948256468,3939.553241640783,743
10836.0,1777,0,0,1,7.71048355302067,13.305571187394484,3941.616483630952,763
10837.0,1777,0,0,0,7.723146200864672,13.097355092853123,3942.259938212633,756
10838.0,1777,0,1,1,7.687466934582053,13.117051209904334,3942.3070262420433,761
10839.0,1777,0,0,0,7.669921790980689,13.09341586944288,3942.954851693394,774
10840.0,1776,0,0,1,7.612702823696043,13.04617117117117,3942.694314384899,767
10841.0,1775,0,0,1,7.545882445235136,13.170140845070422,3941.8453247832053,782
10842.0,1774,0,0,1,7.4946025654353186,13.189402480270575,3942.6405480248704,778
10843.0,1773,0,0,1,7.427206821019302,13.286520022560632,3940.9155595344077,796
10844.0,1773,0,0,0,7.367167901091715,13.366610265087422,3941.5830678162765,807
10845.0,1774,0,1,0,7.2953870597365,13.588500563697858,3940.0326986463406,824
10846.0,1774,0,0,0,7.2347682110690865,13.586809470124013,3940.7089384370142,820
10847.0,1774,0,0,0,7.19432724509056,13.559188275084555,3941.387764930418,815
10848.0,1774,0,0,0,7.153729266011544,13.664599774520857,3942.0685610287474,832
10849.0,1774,0,0,0,7.1390140856424615,13.574408117249154,3942.7500657877986,821
10850.0,1774,0,0,0,7.093832266711966,13.558624577226606,3943.4352751956117,841
10851.0,1774,0,0,0,7.046724290345275,13.655580608793686,3944.1235585444338,839
10852.0,1774,0,0,0,6.989762858370787,13.737880496054116,3944.815404801099,849
10853.0,1775,0,1,0,6.923468144730269,13.907042253521126,3943.2879076192235,865
10854.0,1776,0,1,0,6.866282075497011,14.037725225225225,3941.766273706156,880
10855.0,1776,0,0,0,6.790953947628734,14.394707207207206,3942.4701675693123,902
10856.0,1775,0,0,1,6.72573561008764,14.68112676056338,3943.4990152831374,922
10857.0,1776,0,1,0,6.680187130626823,15.003378378378379,3941.987699772553,944
10858.0,1776,0,0,0,6.643723396992964,15.328265765765765,3942.7003258131917,960
10859.0,1776,0,0,0,6.604771117890611,15.695945945945946,3943.4162339123454,980
10860.0,1778,0,2,0,6.5476961891852445,15.948818897637794,3939.6991635297004,983
10861.0,1778,0,0,0,6.515975478977702,16.312710911136108,3940.421948865143,1000
10862.0,1778,0,0,0,6.467279164199052,16.652980877390327,3941.148494662599,1007
10863.0,1777,0,0,1,6.398809369645719,17.046145188519976,3940.537531374115,1019
10864.0,1778,0,1,0,6.371261081459828,17.35883014623172,3939.0547752667085,1022
10865.0,1778,0,0,0,6.343247583887442,17.668166479190102,3939.7912303664166,1026
10866.0,1781,0,3,0,6.2948002075417975,18.016844469399214,3933.8937254753937,1034
10867.0,1781,0,0,0,6.253714390712071,18.285233015160024,3934.637554369284,1038
10868.0,1782,0,1,0,6.212115806049505,18.668911335578002,3933.1762820622976,1053
10869.0,1782,0,0,0,6.17872409803513,19.07239057239057,3933.92596495042,1073
10870.0,1782,0,0,0,6.158342392140255,19.476992143658812,3934.6769872124,1082
10871.0,1782,0,0,0,6.122262805675684,19.9354657687991,3935.431358547177,1084
10872.0,1782,0,1,1,6.091211603648549,20.366442199775534,3934.5388817701983,1095
10873.0,1783,0,1,0,6.050400592164752,20.713404374649468,3933.0922459937037,1106
10874.0,1783,0,0,0,6.012954046866002,21.14301738642737,3933.855374237109,1107
10875.0,1783,0,0,0,5.975225707960386,21.618059450364555,3934.6217983983843,1128
10876.0,1783,0,0,0,5.943274522974558,22.00785193494111,3935.389162600749,1127
10877.0,1784,0,1,0,5.939394051615925,22.393497757847534,3933.951125622163,1140
10878.0,1783,0,0,1,5.942140479186363,22.82557487380819,3936.2738206320937,1144
10879.0,1782,0,0,1,5.913597873224786,23.35409652076319,3938.627427025444,1158
10880.0,1783,0,1,0,5.891181989505372,23.83062254627033,3937.1893930337155,1164
10881.0,1782,0,0,1,5.878319550894662,24.234567901234566,3937.0220284467014,1172
10882.0,1781,0,0,1,5.848676146726266,24.82369455362156,3936.6571794515485,1179
10883.0,1781,0,0,0,5.841897096838872,25.397529477821447,3937.432327733819,1201
10884.0,1781,0,0,0,5.8279663241661765,25.911285794497473,3938.2091719623045,1203
10885.0,1781,0,0,0,5.797062583392736,26.439079169006177,3938.9881277810887,1203
10886.0,1780,0,0,1,5.788881749898993,27.024157303370785,3938.687993315459,1218
10887.0,1780,0,0,0,5.7939176709431885,27.53483146067416,3939.4671779679393,1221
10888.0,1779,0,0,1,5.775663021308685,28.141652613827993,3941.7749634811917,1234
10889.0,1777,0,0,2,5.732569334143083,28.728756330894768,3940.237586869306,1232
10890.0,1777,0,0,0,5.695241077055097,29.219471018570626,3941.0231752589184,1237
10891.0,1777,0,0,0,5.754857253227788,27.678671918964547,3941.8038574759566,1159
10892.0,1776,0,0,1,5.858998288725333,26.659346846846848,3944.192482659294,1114
10893.0,1776,0,0,0,6.011451349511123,25.84515765765766,3944.954081955317,1063
10894.0,1776,0,0,0,6.152933956948969,25.11993243243243,3945.70469915037,1026
10895.0,1776,0,0,0,6.306303088979396,24.761824324324323,3946.4442031917756,999
10896.0,1775,0,0,1,6.467428836997506,24.366197183098592,3948.7999397187887,974
10897.0,1774,0,0,1,6.6568231896021794,23.895715896279594,3948.393931208512,944
10898.0,1773,0,0,1,6.838840336678198,23.248730964467004,3948.377687074919,910
10899.0,1773,0,0,0,6.99870988995086,22.6965595036661,3949.0684445596376,879
10900.0,1773,0,0,0,7.143718753439227,22.27580372250423,3949.749425709447,857
10901.0,1773,0,0,0,7.251515048575999,21.990975747320924,3950.423025142421,842
10902.0,1772,0,0,1,7.335163347497858,21.849887133182843,3949.3685025408513,840
10903.0,1772,0,0,0,7.418401481880332,21.586343115124155,3950.0307614397607,834
10904.0,1772,0,0,0,7.458596544166449,21.274266365688487,3950.6892242021613,824
10905.0,1772,0,0,0,7.512631290667234,21.034424379232505,3951.3438843021577,820
10906.0,1771,0,0,1,7.58014520171741,20.96668548842462,3951.3726756608844,818
10907.0,1770,0,0,1,7.620193773746525,20.86271186440678,3951.443679928543,809
10908.0,1770,0,0,0,7.65173665698312,20.575141242937853,3952.0895119647334,793
10909.0,1768,0,0,2,7.651568851659414,20.42364253393665,3951.9337854436158,783
10910.0,1768,0,0,0,7.657396474763625,20.150452488687783,3952.5785554192316,772
10911.0,1767,0,0,1,7.663193684740898,19.946236559139784,3953.899280883072,767
10912.0,1767,0,0,0,7.664889769646884,19.89926428975665,3954.542694869836,769
10913.0,1766,0,0,1,7.665480480683146,19.823895809739525,3953.5235395372183,772
10914.0,1766,0,0,0,7.667167110687299,19.73272933182333,3954.1659160758545,772
10915.0,1766,0,0,0,7.663753544910306,19.660815402038505,3954.808753738603,779
10916.0,1766,0,0,0,7.6820120622118315,19.555492638731597,3955.4499306986795,781
10917.0,1766,0,0,0,7.659890100734511,19.486976217440542,3956.0931146065604,784
10918.0,1767,0,1,0,7.682638744972726,19.42105263157895,3954.4950137473397,778
10919.0,1767,0,0,0,7.6627679081787345,19.41312959818902,3955.1383556945975,781
10920.0,1767,0,0,0,7.634330552180947,19.408602150537636,3955.7843348986357,786
10921.0,1767,0,0,0,7.649347899355395,19.14374646293152,3956.4294246052696,769
10922.0,1767,0,0,0,7.660711385021461,18.91454442558008,3957.075864568014,777
10923.0,1767,0,0,0,7.6590409746305665,18.63157894736842,3957.724085997405,774
10924.0,1767,0,1,1,7.635428022586864,18.294284097340125,3957.77729735436,782
10925.0,1766,0,0,1,7.612569812790975,17.983578708946773,3958.4286065274455,779
10926.0,1766,0,0,0,7.6055425632516185,17.820498301245753,3959.080973217254,784
10927.0,1766,0,0,0,7.6372357603804195,17.624575311438278,3959.7310429842455,787
10928.0,1767,0,1,0,7.625257813637373,17.405772495755517,3958.1407456368256,787
10929.0,1767,0,0,0,7.622665697189574,17.128466327108093,3958.7919508058453,777
10930.0,1767,0,0,0,7.617102373468096,16.861346915676286,3959.4440256170424,777
10931.0,1767,0,0,0,7.584141073256872,16.730050933786078,3960.098669063622,786
10932.0,1767,0,0,0,7.551123509808612,16.644595359366157,3960.7547292481095,792
10933.0,1767,0,0,0,7.510553036956459,16.330503678551217,3961.413546041785,788
10934.0,1767,0,0,0,7.44958907188797,16.29032258064516,3962.07687383683,804
10935.0,1768,0,1,0,7.38320775751389,16.204185520361992,3960.5033260565083,826
10936.0,1768,0,0,0,7.330445834632189,16.115950226244344,3961.17493493738,836
10937.0,1768,0,0,0,7.269102292830272,15.919117647058824,3961.8503215736814,847
10938.0,1768,0,0,0,7.214789238567142,15.876696832579185,3962.529268281591,858
10939.0,1768,0,0,0,7.167123324909738,15.861425339366516,3963.21232162804,866
10940.0,1769,0,1,0,7.133981655651634,16.065573770491802,3961.657154018383,877
10941.0,1770,0,1,0,7.0642876090163575,16.038418079096044,3960.1087899742965,885
10942.0,1768,0,0,2,6.988996687170517,16.05712669683258,3957.2310711379073,900
10943.0,1770,0,2,0,6.936291545949121,15.993785310734463,3953.4570390150307,910
10944.0,1769,0,0,1,6.885781039493951,15.97456189937818,3953.6939714152104,923
10945.0,1770,0,1,0,6.840430047148427,16.10960451977401,3952.163833814446,948
10946.0,1769,0,1,2,6.738883126560739,16.254946297343132,3950.5089353309154,959
10947.0,1768,0,0,1,6.651032469818201,16.372737556561084,3951.849596116478,973
10948.0,1768,0,0,0,6.600381862401154,16.50339366515837,3952.567905479138,991
10949.0,1770,0,2,0,6.5407110833265145,16.82146892655367,3948.8233943835685,1011
10950.0,1771,0,1,0,6.4739363984800145,16.96216826651609,3947.32097676145,1012
10951.0,1772,0,1,0,6.436581451819653,16.887133182844245,3945.82266260069,1024
10952.0,1772,0,0,0,6.3812280326881305,17.028781038374717,3946.5566542195634,1036
10953.0,1773,0,1,0,6.321982952024722,17.122391426959954,3945.0691394904507,1056
10954.0,1774,0,1,0,6.263940594999603,17.364148816234497,3943.586954370836,1062
10955.0,1773,0,1,2,6.2149346246547,17.27298364354202,3940.5707097951376,1068
10956.0,1773,0,0,0,6.176239699354577,17.2165820642978,3941.3193373205195,1069
10957.0,1775,0,2,0,6.133184130863595,17.14704225352113,3937.6293115730728,1071
10958.0,1775,0,0,0,6.084969956068405,17.253521126760564,3938.3857256279625,1083
10959.0,1775,0,0,0,6.079643412158543,17.417464788732396,3939.1427938801617,1086
10960.0,1775,0,1,1,6.018842603322828,17.601690140845072,3939.2499892502715,1096
10961.0,1776,0,1,0,6.002217884001748,17.85304054054054,3937.793944454529,1113
10962.0,1775,0,0,1,5.982982501838368,17.965070422535213,3937.745702887818,1113
10963.0,1775,0,1,1,5.937614563075963,18.169577464788734,3936.2971973162657,1124
10964.0,1776,0,1,0,5.861774676148472,18.48873873873874,3934.852975343561,1144
10965.0,1776,0,0,0,5.8095772899155245,18.98141891891892,3935.6294761923073,1150
10966.0,1776,0,0,0,5.767148040899468,19.258445945945947,3936.4089278584725,1163
10967.0,1777,0,1,0,5.744332220985183,19.455824423185142,3934.9735130094637,1157
10968.0,1777,0,0,0,5.738546842964901,19.593697242543612,3935.754106340868,1157
10969.0,1776,0,0,1,5.716130064392177,19.936373873873872,3936.809746748603,1160
10970.0,1776,0,1,1,5.697808943211871,20.35304054054054,3933.5092191557396,1163
10971.0,1776,0,0,0,5.6846637200875305,20.65033783783784,3934.2934419688663,1178
10972.0,1776,0,0,0,5.654465902775045,20.7652027027027,3935.0796571886203,1178
10973.0,1775,0,0,1,5.622353487872191,20.983661971830987,3937.4659380090534,1183
10974.0,1775,0,0,0,5.592200220212521,21.44676056338028,3938.256173978149,1191
10975.0,1775,0,0,0,5.5990512014318154,21.981408450704226,3939.046647762976,1199
10976.0,1775,0,0,0,5.600757566629567,22.39323943661972,3939.8374503482214,1196
10977.0,1775,0,0,0,5.606416745523271,22.822535211267606,3940.6286183751276,1203
10978.0,1774,0,0,1,5.591561834488568,23.271702367531002,3940.938030777044,1212
10979.0,1774,0,0,0,5.609007937704143,23.771702367531002,3941.730744857316,1221
10980.0,1773,0,0,1,5.594890148120982,24.27862380146644,3941.388587748733,1231
10981.0,1772,0,0,1,5.652718091329365,22.868510158013542,3942.156155681087,1151
10982.0,1771,0,0,1,5.747957823357316,21.85657820440429,3944.564207876132,1095
10983.0,1770,0,0,1,5.903768686492609,20.886440677966103,3943.9435112077776,1040
10984.0,1770,0,0,0,6.100877513607303,20.187570621468925,3944.699935140391,998
10985.0,1771,0,1,0,6.294621754980376,19.611518915866743,3943.2150396855423,968
10986.0,1771,0,0,0,6.50025972493296,19.222473178994917,3943.9444739831188,944
10987.0,1771,0,0,0,6.70099058550241,18.75889328063241,3944.6601230493925,919
10988.0,1771,0,0,0,6.866986127400132,18.355166572557877,3945.365132307375,902
10989.0,1771,0,0,0,7.008376031396928,17.996612083568607,3946.0615683972646,896
10990.0,1771,0,0,0,7.132520198605787,17.782044042913608,3946.749810904944,881
10991.0,1771,0,0,0,7.244349812417288,17.459062676453982,3947.4312512189726,870
10992.0,1771,0,0,0,7.336350791198971,17.10446075663467,3948.1074413835204,863
10993.0,1770,0,0,1,7.420047240075919,16.712994350282486,3949.6250672911315,849
10994.0,1770,0,0,0,7.491792459615188,16.315254237288137,3950.290497101092,838
10995.0,1770,0,0,0,7.548877019574969,16.14406779661017,3950.9518507033117,844
10996.0,1770,0,0,0,7.595497744831252,15.862146892655367,3951.609955762703,834
10997.0,1769,0,0,1,7.610214516031703,15.824194460146975,3953.8964917225185,825
10998.0,1769,0,0,0,7.662313170279017,15.6840022611645,3954.549408800319,816
10999.0,1769,0,0,0,7.706671676442042,15.479366873940078,3955.200242111832,817
11000.0,1769,0,0,0,7.729165032864461,15.301865460712266,3955.84924068765,811
11001.0,1769,0,0,0,7.76736363308239,15.056529112492933,3956.49535047985,802
11002.0,1769,0,0,0,7.760993756935919,14.881854154889767,3957.1419905879106,806
11003.0,1769,0,0,0,7.769320921732338,14.745053702656868,3957.7875235321408,799
11004.0,1769,0,0,0,7.762938682023882,14.5895986433013,3958.432899589125,793
11005.0,1769,0,0,0,7.7320642729181355,14.547767100056529,3959.0808891318225,797
11006.0,1769,0,0,0,7.727349207471538,14.41775014132278,3959.729029019684,801
11007.0,1768,0,0,1,7.6981694824329825,14.285067873303168,3960.7642315417093,791
11008.0,1768,0,1,1,7.6453937516824935,14.076923076923077,3959.9472351079553,798
11009.0,1768,0,0,0,7.623921949252645,13.990384615384615,3960.6012072137046,803
11010.0,1768,0,0,0,7.601246671998593,13.85237556561086,3961.2578128338027,800
11011.0,1768,0,0,0,7.594301437249578,13.635180995475114,3961.91462778881,800
11012.0,1768,0,0,0,7.5837417140300944,13.600113122171946,3962.5730157320045,811
11013.0,1768,0,0,0,7.595906801299245,13.505656108597286,3963.2306367571523,811
11014.0,1768,0,0,0,7.604409871396748,13.375,3963.8877010296424,816
11015.0,1769,0,1,0,7.596990774751645,13.245901639344263,3962.3050678752043,811
11016.0,1768,0,0,1,7.583821198513253,13.152149321266968,3964.543620054822,804
11017.0,1767,0,0,1,7.563662294589062,13.274476513865308,3964.1354835707325,811
11018.0,1767,0,1,1,7.530855621193166,13.379739671760046,3961.2682983993495,814
11019.0,1767,0,0,0,7.488733096308112,13.417657045840407,3961.9355045712014,818
11020.0,1766,0,0,1,7.458253541096673,13.53907134767837,3960.59327493435,825
11021.0,1765,0,0,1,7.42434856937789,13.456090651558073,3962.8612498673533,845
11022.0,1765,0,0,0,7.405057272261566,13.652124645892352,3963.5347942756775,855
11023.0,1765,0,0,0,7.360283095122509,13.738243626062323,3964.2110700759317,856
11024.0,1766,0,1,0,7.322980149994278,13.87202718006795,3962.645199130468,868
11025.0,1765,0,0,1,7.262079952770404,13.926912181303116,3964.5001384734664,880
11026.0,1763,0,0,2,7.184632298724377,13.949517867271696,3966.66336843855,884
11027.0,1763,0,0,0,7.137106333756331,13.879750425411231,3967.354966720703,888
11028.0,1763,0,0,0,7.068623136136139,13.892796369824163,3968.050571743376,901
11029.0,1762,0,0,1,6.992694246880613,14.000567536889898,3968.9032843335476,908
11030.0,1762,0,0,0,6.947837925833043,14.069807037457435,3969.6054853984538,912
11031.0,1763,0,1,0,6.898447730146975,14.18321043675553,3968.0576519864157,920
11032.0,1764,0,2,1,6.827089764123914,14.362244897959183,3964.6957886238497,940
11033.0,1764,0,0,0,6.774428717973472,14.556122448979592,3965.4067372966156,953
11034.0,1764,0,0,0,6.7314032487998645,14.835600907029479,3966.1206657661846,971
11035.0,1764,0,1,1,6.680574951971523,15.079365079365079,3965.181439348211,979
11036.0,1764,0,0,0,6.626301892612958,15.378684807256235,3965.9014944420155,998
11037.0,1766,0,2,0,6.575794452517378,15.61664779161948,3962.132248362785,996
11038.0,1766,0,0,0,6.524631061363172,15.841449603624008,3962.8593013206482,1002
11039.0,1767,0,1,0,6.488384002738495,16.059988681380872,3961.34514476067,1007
11040.0,1767,0,1,1,6.403882663958835,16.327108092812676,3959.105302558221,1017
11041.0,1766,0,0,1,6.353091654843626,16.482446206115515,3960.657799664947,1031
11042.0,1767,0,1,0,6.2853484265900175,16.710243350311263,3959.15767747565,1029
11043.0,1768,0,1,0,6.258566183929503,16.990950226244344,3957.661209847608,1041
11044.0,1768,0,0,0,6.225688440403989,17.043552036199095,3958.4067705888774,1042
11045.0,1768,0,0,0,6.205007939015243,17.15101809954751,3959.154797570497,1051
11046.0,1769,0,1,0,6.166069670528658,17.45336348219333,3957.666895426193,1059
11047.0,1770,0,1,0,6.137054749738591,17.728248587570622,3956.1827839883636,1068
11048.0,1770,0,0,0,6.115215375236184,18.10677966101695,3956.937220722666,1079
11049.0,1770,0,0,0,6.123487221083934,18.411299435028248,3957.6923665969075,1084
11050.0,1770,0,1,1,6.077577948923187,18.761581920903954,3956.3803325943936,1083
11051.0,1769,0,0,1,6.058391134431141,19.10062182023742,3957.915752550837,1098
11052.0,1769,0,0,0,6.012391312569285,19.56472583380441,3958.678900550494,1109
11053.0,1769,0,1,1,5.992587260091074,19.975692481628037,3956.2623835643494,1122
11054.0,1767,0,0,2,5.945729295261281,20.409734012450482,3955.523891636791,1132
11055.0,1767,0,0,0,5.945958852301796,20.801358234295417,3956.293033978101,1132
11056.0,1766,0,0,1,5.915224807236425,21.13193657984145,3956.8389116801604,1140
11057.0,1766,0,1,1,5.8999416473640105,21.381087202718007,3955.0648161400754,1142
11058.0,1766,0,0,0,5.880779610765193,21.718573046432617,3955.8388447520324,1143
11059.0,1766,0,0,0,5.87722558391489,22.194790486976217,3956.613129280655,1149
11060.0,1765,0,0,1,5.8741809251094494,22.71614730878187,3958.997745823772,1157
11061.0,1766,0,1,0,5.855659941868133,23.22876557191393,3957.5326214737356,1168
11062.0,1766,0,0,0,5.845518456022771,23.710645526613817,3958.310548521391,1165
11063.0,1765,0,0,1,5.8200716850343355,24.056090651558073,3960.7156796866193,1171
11064.0,1766,0,1,0,5.811268727775572,24.42978482446206,3959.2527912340915,1187
11065.0,1766,0,0,0,5.801848232204376,24.826160815402037,3960.033647498725,1186
11066.0,1765,0,0,1,5.795043677635446,25.183002832861188,3959.2977257857365,1186
11067.0,1765,0,1,1,5.773319509892868,25.674220963172804,3957.8090451765347,1196
11068.0,1764,0,0,1,5.745734190613778,26.122448979591837,3960.2115579224637,1203
11069.0,1765,0,1,0,5.743081359697244,26.56827195467422,3958.752952725154,1206
11070.0,1764,0,0,1,5.736890185817054,27.01984126984127,3961.1497323212775,1205
11071.0,1763,0,1,2,5.774948074070882,25.64322178105502,3960.9062969716397,1137
11072.0,1763,0,0,0,5.8862581496749495,24.721497447532617,3961.679381232254,1093
11073.0,1762,0,0,1,6.045625961795183,23.87854710556186,3959.6287100152763,1039
11074.0,1761,0,0,1,6.209597155634866,23.057353776263486,3958.6736635827674,1000
11075.0,1761,0,1,1,6.38238994803123,22.296990346394093,3956.2562529327747,973
11076.0,1759,0,0,2,6.516141243387592,21.92609437180216,3957.824705633526,955
11077.0,1758,0,0,1,6.6701928627685065,21.47952218430034,3956.9726467097275,926
11078.0,1757,0,1,2,6.801953978604935,21.10643141718839,3952.251631734534,911
11079.0,1757,0,0,0,6.948304872985578,20.722822993739328,3952.9508400982627,878
11080.0,1757,0,0,0,7.07449929412535,20.457029026750142,3953.641614938271,863
11081.0,1757,0,0,0,7.173880067427444,20.473534433693796,3954.325249905705,864
11082.0,1757,0,0,0,7.286847782391513,20.20774046670461,3955.002086228169,843
11083.0,1757,0,0,0,7.305391787284169,20.107000569151964,3955.677578344423,846
11084.0,1757,0,0,0,7.319616108233485,19.932270916334662,3956.3518164524608,840
11085.0,1757,0,0,0,7.346375276210855,19.807626636311895,3957.024779582155,832
11086.0,1756,0,0,1,7.3513061794847046,19.781890660592254,3956.6109286309984,836
11087.0,1756,0,0,0,7.360656690709034,19.617881548974943,3957.281194236825,831
11088.0,1755,0,0,1,7.36589906382076,19.47179487179487,3956.2061643071074,829
11089.0,1755,0,0,0,7.374013514142682,19.321937321937323,3956.8754521697133,827
11090.0,1755,0,0,0,7.369957701365063,19.133903133903132,3957.545174853608,831
11091.0,1752,0,0,3,7.354966802073387,19.151826484018265,3956.0561202942336,839
11092.0,1751,0,0,1,7.361080202435793,19.05139920045688,3958.3165506214623,831
11093.0,1750,0,0,1,7.345813235342849,18.965714285714284,3956.33831676561,830
11094.0,1750,0,0,0,7.345435964122598,18.869714285714284,3957.007928671271,836
11095.0,1749,0,0,1,7.338425909759663,18.71526586620926,3957.001446660205,839
11096.0,1749,0,0,0,7.351290955761645,18.4568324757004,3957.6699183713827,831
11097.0,1750,0,1,0,7.332028667207137,18.277142857142856,3956.0773624534067,825
11098.0,1750,0,0,0,7.309654360082979,18.149142857142856,3956.7485540557636,826
11099.0,1750,0,0,0,7.292621509410753,18.05142857142857,3957.4206726601933,842
11100.0,1750,0,0,0,7.280226985627463,18.036,3958.094029970105,841
11101.0,1750,0,0,0,7.306135420180584,17.844,3958.765077006325,837
11102.0,1750,0,0,0,7.2973460396074366,17.760571428571428,3959.4365947142774,841
11103.0,1750,0,0,0,7.301086230759265,17.65942857142857,3960.108036990781,843
11104.0,1749,0,0,0,7.305304634471356,17.36763865065752,3961.8457542099236,838
11105.0,1750,0,1,0,7.283931491486426,17.166857142857143,3960.2544951656823,833
11106.0,1749,0,0,1,7.268924898970021,16.909662664379645,3960.0281960186235,828
11107.0,1749,0,0,0,7.280456666135106,16.676386506575184,3960.703549312668,825
11108.0,1749,0,0,0,7.278789375973465,16.59576901086335,3961.379081780933,828
11109.0,1749,0,0,0,7.258208434952925,16.556317895940538,3962.054985170096,847
11110.0,1748,0,0,1,7.188758804962756,16.747711670480548,3963.530491775137,866
11111.0,1749,0,1,0,7.138321360929398,16.77987421383648,3961.947536666943,857
11112.0,1749,0,0,0,7.097669051337243,16.867924528301888,3962.6336141265865,859
11113.0,1749,0,0,0,7.077070755377149,16.99028016009148,3963.321585010447,853
11114.0,1749,0,0,0,7.065626776488742,17.063464837049743,3964.011340048733,854
11115.0,1749,0,0,0,7.035007777156904,17.222984562607206,3964.703848539018,863
11116.0,1748,0,0,1,6.990609785916193,17.35011441647597,3964.5810664246656,868
11117.0,1748,0,0,0,6.9670051615799435,17.40274599542334,3965.278800710298,865
11118.0,1748,0,0,0,6.932615448559585,17.566933638443935,3965.97993550845,886
11119.0,1747,0,0,1,6.869657395811184,17.766456783056668,3965.535960541852,893
11120.0,1747,0,1,1,6.811759419501103,17.96508299942759,3965.62551426869,908
11121.0,1746,0,0,1,6.7536027267315415,18.030927835051546,3965.4690296530125,907
11122.0,1747,0,1,0,6.714183579811502,18.14882655981683,3963.912584950733,918
11123.0,1748,0,1,0,6.676479290252298,18.299771167048053,3962.3604998678657,929
11124.0,1748,0,0,0,6.656423560336623,18.580091533180777,3963.079063736968,943
11125.0,1746,0,0,2,6.62410663549054,18.7709049255441,3961.5015709931404,947
11126.0,1745,0,1,2,6.557494160314019,18.998853868194843,3959.904603812775,957
11127.0,1742,0,0,3,6.462298812207616,19.34443168771527,3962.448914946307,969
11128.0,1742,0,0,0,6.406001871044509,19.638920780711825,3963.1809246300413,984
11129.0,1741,0,1,2,6.32549232494414,19.885697874784608,3957.3537526914765,998
11130.0,1741,0,0,0,6.267795950001071,20.141298104537622,3958.0942985730812,1003
11131.0,1741,0,1,1,6.197257358473932,20.380815623205056,3954.942996459014,1014
11132.0,1741,0,0,0,6.146470538911492,20.715106260769673,3955.6913379506345,1032
11133.0,1741,0,0,0,6.126588622826964,21.00114876507754,3956.4413694501836,1030
11134.0,1741,0,0,0,6.113688100298419,21.345778288340036,3957.1916162102343,1043
11135.0,1742,0,1,0,6.087272812519449,21.616532721010334,3955.671749440856,1046
11136.0,1743,0,1,0,6.0685948359696384,21.965576592082616,3954.155799068174,1059
11137.0,1742,0,0,1,6.034413853144053,22.249138920780712,3953.8730833545105,1064
11138.0,1742,0,0,0,6.016249562422565,22.625717566016075,3954.6320821781287,1073
11139.0,1743,0,1,0,5.981798614872246,23.037292025243833,3953.1242194717524,1083
11140.0,1742,0,0,1,5.986432457185979,23.30597014925373,3955.5154537242524,1080
11141.0,1742,0,0,0,5.9771699297639245,23.64982778415614,3956.2790954186567,1081
11142.0,1741,0,0,1,5.94427598206261,24.05686387133831,3958.6369701596154,1087
11143.0,1742,0,1,0,5.925617112323101,24.408725602755453,3957.131872066039,1090
11144.0,1740,0,0,2,5.873035925389559,24.906896551724138,3959.5138647589124,1099
11145.0,1741,0,1,0,5.847612684225081,25.197013210798392,3958.0125978099427,1100
11146.0,1740,0,0,1,5.83332112081866,25.654022988505748,3958.845825159418,1116
11147.0,1740,0,1,1,5.809510616678787,26.098850574712642,3958.985008986855,1122
11148.0,1740,0,0,0,5.79713603665711,26.55632183908046,3959.762536933429,1126
11149.0,1740,0,0,0,5.802200482784996,26.914367816091954,3960.5402818249827,1130
11150.0,1739,0,0,1,5.7875264463135485,27.27774583093732,3959.795532827021,1129
11151.0,1741,0,2,0,5.809121264877142,27.729465824238943,3956.022057267665,1145
11152.0,1741,0,0,0,5.819586254918034,28.109132682366457,3956.7978307966023,1143
11153.0,1742,0,1,0,5.826766248803678,28.52755453501722,3955.3016549870717,1141
11154.0,1742,0,0,0,5.815286973931911,29.021239954075774,3956.07861251336,1155
11155.0,1742,0,1,1,5.779457528491942,29.39150401836969,3955.3088510537314,1158
11156.0,1742,0,0,0,5.765908206708634,29.83409873708381,3956.088821169055,1160
11157.0,1742,0,1,1,5.736898542816669,30.228473019517796,3956.262594028958,1165
11158.0,1742,0,0,0,5.720268025377202,30.584385763490243,3957.0454549097362,1169
11159.0,1742,0,1,1,5.668947584613186,31.053960964408727,3957.2245258157154,1174
11160.0,1742,0,0,0,5.6521891743552946,31.425947187141215,3958.0109781636734,1176
11161.0,1742,0,0,0,5.746361863075975,29.634902411021812,3958.7905989728006,1104
11162.0,1742,0,0,0,5.877214928964391,28.65671641791045,3959.5609178069276,1059
11163.0,1742,0,1,1,6.016082862867581,28.02755453501722,3959.686120857549,1023
11164.0,1742,0,0,0,6.1881508425212,27.432835820895523,3960.4346945016528,997
11165.0,1741,0,0,1,6.3503210400951025,26.896611143021254,3959.785852492352,966
11166.0,1741,0,0,0,6.501954146774211,26.556576680068925,3960.512514695579,943
11167.0,1741,0,0,0,6.634843501294095,26.13210798391729,3961.22947845624,920
11168.0,1739,0,0,2,6.714546540343374,26.002875215641172,3959.8686218243315,913
11169.0,1739,0,0,0,6.8278309870472755,25.77458309373203,3960.5731316378165,898
11170.0,1739,0,0,0,6.910686315736417,25.57561817136285,3961.2719464340844,891
11171.0,1739,0,0,0,6.963488983838814,25.52558941920644,3961.965959579255,890
11172.0,1739,0,0,0,7.002755302080964,25.322024151811387,3962.656984911646,881
11173.0,1738,0,0,1,7.0517486232755955,25.091484464902187,3962.0954534980647,878
11174.0,1738,0,0,0,7.111208109779311,24.668584579976987,3962.7785738510042,860
11175.0,1738,0,0,0,7.182406011317049,24.280782508630608,3963.4567416051,850
11176.0,1738,0,0,0,7.258547469696033,23.997123130034524,3964.13016384337,852
11177.0,1738,0,0,0,7.315433153290098,23.79861910241657,3964.8001472448486,839
11178.0,1738,0,0,0,7.3678646156398,23.619677790563866,3965.466476325992,819
11179.0,1738,0,0,0,7.412574287324021,23.481012658227847,3966.1301333806964,820
11180.0,1738,0,0,0,7.449056684602838,23.33831990794016,3966.791695565705,823
11181.0,1738,0,0,0,7.466146202452407,23.418296892980436,3967.4518889616056,829
11182.0,1738,0,0,0,7.468137210132721,23.33199079401611,3968.112412937924,820
11183.0,1738,0,0,0,7.460645363989763,23.24108170310702,3968.773011844644,818
11184.0,1738,0,0,0,7.4728110410487885,23.088607594936708,3969.4329912641983,812
11185.0,1738,0,0,0,7.4732653486329985,22.750287686996547,3970.0932896282798,801
11186.0,1738,0,0,0,7.465651482322584,22.48446490218642,3970.753587485792,793
11187.0,1739,0,1,0,7.468535554213524,22.280621046578492,3969.1302222912636,780
11188.0,1739,0,0,0,7.458922659645795,22.1794134560092,3969.790462058638,772
11189.0,1739,0,0,0,7.433632677870754,21.899942495687178,3970.4521171349356,765
11190.0,1739,0,0,0,7.417672772407317,21.806210465784932,3971.1146519419954,767
11191.0,1739,0,0,0,7.428901478608127,21.59746981023577,3971.776365767419,758
11192.0,1739,0,0,0,7.4456696726206655,21.422656699252443,3972.4389902727025,761
11193.0,1740,0,1,0,7.453148641431765,21.378735632183908,3970.8177836682853,761
11194.0,1740,0,0,0,7.452357936794205,21.19367816091954,3971.480707910416,761
11195.0,1740,0,0,0,7.434837774828909,21.0183908045977,3972.144358204617,761
11196.0,1739,0,0,1,7.444135610365495,20.75963197239793,3971.7686445201784,751
11197.0,1738,0,0,1,7.454336398945892,20.430379746835442,3971.007028454496,767
11198.0,1738,0,0,0,7.451931992877746,20.0385500575374,3971.668508958283,767
11199.0,1739,0,0,0,7.454841326479591,19.67740080506038,3971.251531563709,758
11200.0,1740,0,1,0,7.440611052157173,19.472988505747125,3969.630602730466,754
11201.0,1739,0,0,1,7.377761488718573,19.322024151811387,3970.3412133460283,761
11202.0,1739,0,0,0,7.338604362103883,19.171362852213917,3971.0111423983963,765
11203.0,1739,0,0,0,7.272552488698107,19.02587694077056,3971.6862208069597,775
11204.0,1739,0,0,0,7.224425213062446,18.95859689476711,3972.3646716848357,778
11205.0,1738,0,0,1,7.144255608118759,18.954545454545453,3971.8407825795816,793
11206.0,1739,0,1,0,7.08174852553752,19.08223116733755,3970.2452675193827,805
11207.0,1739,0,0,0,7.040880819278692,18.88326624496837,3970.938193755598,818
11208.0,1738,0,0,1,7.025687186172268,18.79344073647871,3971.776754223316,836
11209.0,1738,0,0,0,6.978402249434473,18.73993095512083,3972.4746822194984,870
11210.0,1738,0,0,0,6.930258447305552,18.672036823935557,3973.175717815204,873
11211.0,1738,0,0,0,6.875286761680372,18.508630609896432,3973.8809915039005,878
11212.0,1737,0,1,2,6.806975448703414,18.427173287276915,3967.840625306053,892
11213.0,1738,0,1,0,6.757979265163303,18.367088607594937,3966.2698759388336,907
11214.0,1738,0,0,0,6.728071978575857,18.292865362485614,3966.984058094495,919
11215.0,1737,0,0,1,6.672121727081846,18.31663788140472,3967.8997268674816,922
11216.0,1737,0,1,1,6.606834303039167,18.25791594703512,3966.547616288705,933
11217.0,1737,0,0,0,6.54787414630531,18.294185377086933,3967.2736012037312,940
11218.0,1737,0,0,0,6.467164627300837,18.270005757052388,3968.0044590355706,952
11219.0,1738,0,1,0,6.3998367124315765,18.27963176064442,3966.4555906821715,965
11220.0,1739,0,1,0,6.3379255376878065,18.34962622196665,3964.9127173931365,985
11221.0,1739,0,0,0,6.306816467639482,18.244968372627948,3965.652974936,981
11222.0,1739,0,0,0,6.263361644214423,18.23806785508913,3966.3971560738773,998
11223.0,1741,0,2,0,6.238273600585281,18.30729465824239,3962.5859056587224,993
11224.0,1741,0,0,0,6.210187287986681,18.197013210798392,3963.3342038336423,1000
11225.0,1743,0,2,0,6.13668201756422,18.17211703958692,3959.5382210887133,1009
11226.0,1743,0,0,0,6.067279695143147,18.27768215720023,3960.2955703844045,1022
11227.0,1744,0,1,0,6.016679259669118,18.565940366972477,3958.785215062894,1041
11228.0,1746,0,2,0,5.974224608955493,18.719931271477662,3955.0129206547235,1068
11229.0,1746,0,0,0,5.955624627199813,18.91179839633448,3955.777643497339,1072
11230.0,1747,0,1,0,5.925849106949158,19.020606754436177,3954.2794592891173,1085
11231.0,1747,0,0,0,5.903254995404261,19.420148826559817,3955.047699844866,1084
11232.0,1747,0,0,0,5.875518069874507,19.54951345163137,3955.817856470917,1091
11233.0,1749,0,3,1,5.870059570047645,19.54145225843339,3948.7472502908918,1086
11234.0,1748,0,0,1,5.8239256335142935,19.751144164759726,3949.5725573646528,1094
11235.0,1746,0,0,2,5.793848391513731,19.828178694158076,3950.3813197730815,1108
11236.0,1746,0,0,0,5.774930576688313,20.174684994272624,3951.1584131185914,1111
11237.0,1745,0,0,1,5.772642365749668,20.18567335243553,3951.6727051926005,1110
11238.0,1746,0,1,0,5.771655105782449,20.375143184421535,3950.187518232896,1115
11239.0,1746,0,0,0,5.7447842926066714,20.517754868270334,3950.968060967281,1128
11240.0,1746,0,1,1,5.73274504473978,20.6426116838488,3951.1274528424,1137
11241.0,1746,0,0,0,5.714212352673383,20.785796105383735,3951.909940542012,1142
11242.0,1745,0,0,1,5.6906804857291045,21.095702005730658,3954.3358563707957,1153
11243.0,1744,0,0,1,5.664528725376387,21.42717889908257,3953.414207680141,1167
11244.0,1743,0,0,1,5.619516538429872,21.866896156052782,3952.4429746806472,1176
11245.0,1743,0,0,0,5.600587394148124,22.279977051061387,3953.2328178904004,1184
11246.0,1742,0,0,1,5.576783069147907,22.516073478760045,3953.136300609388,1189
11247.0,1741,0,0,1,5.567260449161689,22.905801263641585,3953.64997807998,1187
11248.0,1740,0,0,1,5.5513209743207845,23.26206896551724,3956.1122477183553,1197
11249.0,1740,0,0,0,5.540484847148552,23.817241379310346,3956.9067373225175,1209
11250.0,1740,0,0,0,5.530246955925565,24.095402298850576,3957.7021573879665,1215
11251.0,1740,0,0,0,5.608516538621467,22.370114942528737,3958.4915936760244,1135
11252.0,1739,0,0,1,5.71656922541979,21.610695802185163,3960.9384809503945,1095
11253.0,1739,0,0,0,5.868873500379376,21.015526164462333,3961.7095535402714,1064
11254.0,1738,0,0,1,6.023469113845607,20.559263521288837,3964.137726049607,1037
11255.0,1737,0,0,1,6.212032662534543,19.953943580886587,3961.823873926011,1001
11256.0,1737,0,0,0,6.419375330120481,19.548647092688544,3962.5558107382076,964
11257.0,1737,0,0,0,6.616301925602385,19.16868163500288,3963.274365227523,931
11258.0,1738,0,1,0,6.760534514354691,18.791714614499426,3961.702502908666,908
11259.0,1738,0,0,0,6.887178323798505,18.516110471806673,3962.402953687437,896
11260.0,1738,0,1,1,7.000946745161131,18.275028768699656,3962.5051470967314,881
11261.0,1738,0,0,0,7.100633322076124,18.164556962025316,3963.191193062467,875
11262.0,1738,0,0,0,7.170035376819826,18.10644418872267,3963.8726781039986,876
11263.0,1738,0,0,0,7.247132934116304,18.024741081703105,3964.549456053601,865
11264.0,1738,0,0,0,7.323570774303592,17.83601841196778,3965.220959615687,865
11265.0,1738,0,0,0,7.373012103743331,17.59205983889528,3965.8880931136414,849
11266.0,1738,0,0,0,7.442060213296843,17.406789413118528,3966.5506126679893,848
11267.0,1738,0,0,0,7.456866430272208,17.362485615650172,3967.212544331946,839
11268.0,1738,0,0,0,7.4722709222359835,17.250863060989644,3967.873171152862,832
11269.0,1738,0,0,0,7.4821917857025,17.13233601841197,3968.533101826568,826
11270.0,1737,0,0,1,7.4834548159114584,17.147380541162924,3967.862324663897,827
11271.0,1736,0,0,1,7.477596429000133,17.01152073732719,3967.2771992194885,835
11272.0,1736,0,0,0,7.4866034801622074,16.97119815668203,3967.9360469747944,830
11273.0,1736,0,0,0,7.470474473561382,16.860599078341014,3968.5972927771945,827
11274.0,1736,0,0,0,7.465007220811068,16.715437788018434,3969.258121510612,818
11275.0,1737,0,1,0,7.486045786622825,16.621761658031087,3967.6339706876593,812
11276.0,1737,0,0,0,7.51526022055401,16.511226252158895,3968.2941689092954,810
11277.0,1737,0,0,0,7.503226188311497,16.43811168681635,3968.9549317383744,817
11278.0,1737,0,0,0,7.540210664625954,16.42084052964882,3969.6140041767667,815
11279.0,1737,0,0,0,7.543562127918868,16.316062176165804,3970.2727625857374,816
11280.0,1737,0,0,0,7.5634608161308,16.066206102475533,3970.9298644284154,797
11281.0,1736,0,0,1,7.547156953127862,16.044354838709676,3971.9694901558646,799
11282.0,1736,0,0,0,7.536045072406055,15.933179723502304,3972.6287131673434,793
11283.0,1737,0,1,0,7.520349430722161,15.635578583765112,3971.0005906630763,796
11284.0,1737,0,0,0,7.522970345564242,15.569948186528498,3971.6597003516545,792
11285.0,1737,0,0,0,7.518547553559537,15.45826137017847,3972.3190251611422,790
11286.0,1736,0,0,1,7.521615243961114,15.361751152073733,3970.0497890708,783
11287.0,1734,0,0,2,7.518463283759906,15.129181084198386,3971.259688741341,783
11288.0,1734,0,0,0,7.5441117691906,14.888119953863898,3971.918341656919,785
11289.0,1734,0,0,0,7.520614347312205,14.754901960784315,3972.5790002412236,792
11290.0,1735,0,1,0,7.479879704632043,14.528530259365994,3970.952947197247,779
11291.0,1735,0,0,0,7.447984003747984,14.356772334293948,3971.619874138402,786
11292.0,1735,0,0,0,7.419110316943158,14.454178674351585,3972.2893596383824,783
11293.0,1735,0,0,0,7.4005451851343365,14.506628242074928,3972.9605212717,787
11294.0,1735,0,0,0,7.323453788357512,14.510662824207493,3973.636691313854,802
11295.0,1735,0,1,1,7.264126799406346,14.623631123919308,3972.996926737901,806
11296.0,1736,0,1,0,7.231489035602197,14.632488479262673,3971.38912016533,808
11297.0,1734,0,0,2,7.194009121701093,14.726066897347174,3975.3636277377836,815
11298.0,1733,0,0,1,7.143817749967083,14.894402769763417,3975.135462346669,834
11299.0,1732,0,0,1,7.120929168132125,15.110854503464203,3973.9044577832556,849
11300.0,1731,0,0,1,7.101711456043414,15.228191796649336,3976.289225786274,856
11301.0,1731,0,0,0,7.07089973341937,15.328134026574235,3976.9813672779096,870
11302.0,1731,0,0,0,7.048627079971774,15.43269786250722,3977.675383250784,875
11303.0,1731,0,1,1,6.996715054918384,15.426920854997112,3973.5459741464974,881
11304.0,1731,0,0,0,6.944216062712721,15.517619872905835,3974.245653734685,884
11305.0,1731,0,0,0,6.914681380796469,15.615829000577701,3974.9483561527345,895
11306.0,1731,0,0,0,6.859759604104118,15.826689774696707,3975.6547901868576,912
11307.0,1731,0,0,0,6.804471061835854,15.99364529173888,3976.3649869938536,921
11308.0,1731,0,0,0,6.768806380715677,16.25938763720393,3977.077987191941,939
11309.0,1731,0,0,0,6.7329979597392295,16.495089543616405,3977.7936796331273,944
11310.0,1731,0,0,0,6.671495822938032,16.72905834777585,3978.5140870814553,965
11311.0,1731,0,0,0,6.629783749391461,16.979780473714616,3979.236790210435,970
11312.0,1731,0,0,0,6.587703282470308,17.042172154823803,3979.962919896868,977
11313.0,1731,0,0,0,6.572187316219496,17.17619872905835,3980.690381944864,981
11314.0,1731,0,0,0,6.562278968333445,17.34257654534951,3981.41893891193,987
11315.0,1731,0,0,0,6.540350151162913,17.47313691507799,3982.1498085989356,984
11316.0,1730,0,0,1,6.506671210461053,17.646820809248556,3981.287776531409,994
11317.0,1730,0,0,0,6.464393760579495,17.785549132947978,3982.0243016649906,996
11318.0,1729,0,0,1,6.423695579308421,17.991902834008098,3980.627319798844,1002
11319.0,1730,0,1,0,6.380026373795057,18.26184971098266,3979.0681513644845,1015
11320.0,1729,0,0,1,6.3154894913462005,18.635627530364374,3979.5402812229745,1023
11321.0,1729,0,1,1,6.258662882041147,18.857721226142278,3975.2812324926713,1036
11322.0,1728,0,0,1,6.2078842044114175,19.20138888888889,3975.571233708812,1051
11323.0,1727,0,0,1,6.178741586963418,19.548349739432542,3973.7135248820164,1055
11324.0,1727,0,0,0,6.172580641414888,19.901563404748117,3974.4703984712683,1067
11325.0,1726,0,0,1,6.1588724908025885,20.283893395133255,3974.3006616880284,1075
11326.0,1726,0,1,1,6.131648110607819,20.61008111239861,3972.3002548843547,1079
11327.0,1726,0,0,0,6.0961057531770155,21.069524913093858,3973.0615058166763,1077
11328.0,1726,0,0,0,6.067609341628542,21.44901506373117,3973.8256580531192,1084
11329.0,1726,0,0,0,6.046833245492454,21.839513325608344,3974.5907387730026,1099
11330.0,1726,0,0,0,6.042151919922958,22.116454229432215,3975.3568647510774,1097
11331.0,1726,0,0,0,6.024442509038551,22.50579374275782,3976.124750311954,1099
11332.0,1727,0,1,0,6.010356989440451,22.988998262883612,3974.590467658051,1118
11333.0,1727,0,0,0,5.9848442631294585,23.39953676896352,3975.361407659767,1124
11334.0,1726,0,0,1,5.960794263518798,23.814020857473928,3976.1155861438015,1134
11335.0,1726,0,0,0,5.94493657170479,24.297219003476247,3976.888710720545,1141
11336.0,1726,0,0,0,5.925056590864166,24.761877172653534,3977.66290523565,1155
11337.0,1725,0,0,1,5.916380212339489,25.30086956521739,3977.7354045247976,1168
11338.0,1725,0,0,0,5.919512466443587,25.80927536231884,3978.510864818383,1174
11339.0,1725,0,0,0,5.905762360298902,26.221449275362318,3979.2869821319346,1181
11340.0,1725,0,0,0,5.879726346631533,26.688115942028986,3980.064631500637,1179
11341.0,1724,0,0,1,5.93480403238537,24.95939675174014,3982.5394341408933,1099
11342.0,1724,0,0,0,6.055353973484409,23.8631090487239,3983.302987508058,1047
11343.0,1724,0,0,0,6.210776304514018,23.078886310904874,3984.0549907903955,1004
11344.0,1724,0,0,0,6.385812128486829,22.218097447795824,3984.79537824597,968
11345.0,1724,0,1,1,6.540255183267501,21.609628770301626,3984.9193430080722,949
11346.0,1724,0,0,0,6.709675844335441,21.033642691415313,3985.637344669919,933
11347.0,1722,0,0,1,6.9172747445072895,20.340882694541232,3985.9831391631265,913
11348.0,1721,0,0,1,7.0402248756926245,19.705403834979663,3986.4505383579335,896
11349.0,1722,0,0,0,7.148718087206768,19.177119628339142,3988.105443744026,886
11350.0,1722,0,0,0,7.261324340971064,18.627758420441346,3988.786371556608,880
11351.0,1721,0,0,1,7.329061060311585,18.252178965717604,3989.4164384216074,858
11352.0,1720,0,0,1,7.382598818368081,17.971511627906978,3989.3311206973317,854
11353.0,1720,0,0,0,7.4121022742036695,17.681976744186045,3990.0015458360526,858
11354.0,1719,0,0,1,7.455469912891866,17.555555555555557,3991.335275587919,860
11355.0,1718,0,0,1,7.502171198190292,17.371944121071014,3991.2897414008116,843
11356.0,1718,0,0,0,7.519598317552474,17.221769499417928,3991.9511531448643,841
11357.0,1718,0,0,0,7.536122165249929,17.220023282887077,3992.6111518428156,845
11358.0,1718,0,0,0,7.547078544966406,16.97264260768335,3993.2708794226846,840
11359.0,1718,0,0,0,7.567361327519143,16.660651920838184,3993.9290882494943,840
11360.0,1718,0,0,0,7.5868119315724964,16.437718277066356,3994.5862362362145,828
11361.0,1718,0,0,0,7.614530971155087,16.29918509895227,3995.2407655384245,830
11362.0,1718,0,0,0,7.644194828590678,16.193830034924332,3995.8929998837402,825
11363.0,1718,0,0,0,7.6584838328778115,16.02037252619325,3996.543265615969,830
11364.0,1717,0,0,1,7.684980661263928,15.598136284216658,3998.8730800636768,814
11365.0,1717,0,0,0,7.683298753347006,15.200931857891671,3999.5214363252126,809
11366.0,1717,0,0,0,7.693461683038995,14.866627839254514,4000.168481607683,798
11367.0,1718,0,1,0,7.67060548366115,14.623399301513388,3998.48787190703,797
11368.0,1717,0,0,1,7.660078212127579,14.40885264997088,3997.0403395388894,797
11369.0,1715,0,0,2,7.646454955630745,13.926530612244898,3997.740252528046,777
11370.0,1715,0,0,0,7.656676372580708,13.5533527696793,3998.389490691764,774
11371.0,1715,0,0,0,7.661637796852428,13.30262390670554,3999.0386810657596,785
11372.0,1715,0,0,0,7.650671648243626,13.10204081632653,3999.6890295552457,784
11373.0,1716,0,1,0,7.667936989915266,12.52972027972028,3998.007878645141,762
11374.0,1715,0,0,1,7.672411058956312,12.040233236151604,3999.5021492848064,753
11375.0,1714,0,0,1,7.679486365396209,11.697199533255542,3999.355417771666,746
11376.0,1713,0,0,1,7.666214977044673,11.674839462930532,3997.877180652855,756
11377.0,1713,0,0,0,7.672652008769103,11.318155283129013,3998.5283429569245,740
11378.0,1713,0,0,0,7.686620745494915,11.186223000583771,3999.1784572813767,747
11379.0,1713,0,1,1,7.6544969694401965,10.917104495037945,3995.5416040018363,743
11380.0,1713,0,0,0,7.644379182391614,10.74547577349679,3996.193821689657,746
11381.0,1713,0,0,0,7.601715966660689,10.544074722708698,3996.84937752015,749
11382.0,1713,0,0,0,7.551419622247547,10.444833625218914,3997.5084868563094,752
11383.0,1713,0,0,0,7.505370174795285,10.485697606538237,3998.171332092074,771
11384.0,1713,0,0,0,7.500745159928589,10.316403969643899,3998.834864943331,772
11385.0,1713,0,0,0,7.466494701638631,10.32282545242265,3999.5016296709787,783
11386.0,1713,0,1,1,7.395898813462221,10.157618213660244,3997.888620252648,787
11387.0,1712,0,0,1,7.339373260515131,9.93107476635514,3996.0310037198155,793
11388.0,1712,0,0,0,7.315383037102916,9.752920560747663,3996.7060380994367,798
11389.0,1712,0,0,0,7.242891001403129,9.557827102803738,3997.3861804962294,798
11390.0,1713,0,1,0,7.191591190134195,9.588441330998249,3995.73662983286,810
11391.0,1712,0,0,1,7.117815882738595,9.60572429906542,3995.920768747117,821
11392.0,1713,0,1,0,7.0642463330448235,9.694103911266783,3994.2801512626465,840
11393.0,1712,0,0,1,7.013490841451267,9.824766355140186,3993.3144302157757,846
11394.0,1713,0,1,0,6.9679228026317945,9.877408056042032,3991.6815213177983,872
11395.0,1714,0,2,1,6.90524775610523,10.057759626604435,3984.5517685188347,894
11396.0,1714,0,0,0,6.843727642103135,10.131855309218203,3985.2587028108737,907
11397.0,1714,0,1,1,6.761185377921018,10.329054842473745,3982.417847518103,923
11398.0,1714,0,0,0,6.7322765820444515,10.503500583430572,3983.131435113211,927
11399.0,1714,0,1,1,6.665829801062333,10.659276546091014,3979.9495964667362,933
11400.0,1715,0,1,0,6.6049106067498,10.820408163265306,3978.351741388722,951
11401.0,1716,0,1,0,6.54007550161131,11.163170163170163,3976.76081750468,963
11402.0,1717,0,1,0,6.475981862649641,11.46825859056494,3975.1774319583337,977
11403.0,1717,0,0,0,6.447806371307913,11.739079790331974,3975.9138920499986,995
11404.0,1718,0,1,0,6.414554602285156,12.055878928987195,3974.3389503805633,1007
11405.0,1719,0,1,0,6.375807802542212,12.29261198371146,3972.769777446379,1012
11406.0,1720,0,1,0,6.3418943436238315,12.502325581395349,3971.205097652981,1014
11407.0,1721,0,1,0,6.323408806805143,12.89773387565369,3969.6444364343965,1028
11408.0,1720,0,0,1,6.2913722537754095,13.111046511627906,3969.171054873501,1027
11409.0,1720,0,0,0,6.270266534237378,13.43779069767442,3969.9224956711346,1037
11410.0,1722,0,2,0,6.234312565153158,13.821138211382113,3966.0642734167695,1045
11411.0,1722,0,0,0,6.222554716741495,13.997677119628339,3966.8189398631507,1052
11412.0,1722,0,2,2,6.200209679618274,14.389663182346109,3964.5871739998383,1068
11413.0,1723,0,1,0,6.167674397658182,14.644225188624493,3963.0445897893487,1070
11414.0,1723,0,1,1,6.125352991203981,14.9413813116657,3958.5286545161357,1083
11415.0,1722,0,0,1,6.0781030120326704,15.387340301974449,3958.8869953794024,1095
11416.0,1722,0,1,1,6.043751843442986,15.735772357723578,3955.86832331463,1100
11417.0,1722,0,0,0,6.032844220515634,16.12253193960511,3956.6366829292865,1106
11418.0,1722,0,1,1,6.00850999452497,16.506968641114984,3955.2402626530434,1116
11419.0,1720,0,0,2,5.955527658680545,17.066860465116278,3953.7303775247096,1129
11420.0,1721,0,2,1,5.933689823334264,17.44218477629285,3950.0908140040824,1139
11421.0,1720,0,0,1,5.919726238176324,18.023837209302325,3952.532053314353,1154
11422.0,1721,0,1,0,5.904129315551056,18.55084253341081,3951.0118272838945,1157
11423.0,1721,0,0,0,5.886588947446208,19.16676350958745,3951.7907747104828,1173
11424.0,1721,0,0,0,5.865477108669339,19.649041255084253,3952.571571998507,1179
11425.0,1721,0,0,0,5.834878529924749,20.140615920976177,3953.3549583444583,1183
11426.0,1721,0,0,0,5.812007304390968,20.7239976757699,3954.1387283621634,1188
11427.0,1720,0,0,1,5.778824588552321,21.28372093023256,3954.697783901021,1196
11428.0,1720,0,0,0,5.764559383712864,21.736627906976743,3955.4852292296246,1200
11429.0,1720,0,0,0,5.741067834608123,22.242441860465117,3956.2739373105824,1207
11430.0,1719,0,0,1,5.729756116419738,22.837114601512507,3956.3364680206273,1219
11431.0,1719,0,1,1,5.788408290353769,21.598603839441537,3954.156175881757,1145
11432.0,1719,0,0,0,5.91360052473966,20.92262943571844,3954.931970611588,1094
11433.0,1718,0,0,1,6.041085320470185,20.4802095459837,3954.762506850541,1060
11434.0,1717,0,0,1,6.201482253161617,20.121723937099592,3957.1976656430643,1023
11435.0,1717,0,0,0,6.365172516755269,19.71636575422248,3957.940557542529,1001
11436.0,1717,0,0,0,6.535653715070762,19.443214909726265,3958.671608388503,972
11437.0,1716,0,0,1,6.693060771156346,19.22261072261072,3961.084543649429,950
11438.0,1716,0,0,0,6.8282812233081,19.06002331002331,3961.794905125247,934
11439.0,1716,0,0,0,6.9336356452411305,19.03205128205128,3962.498028640619,920
11440.0,1716,0,0,0,7.007751146131094,18.986596736596738,3963.1947600043636,910
11441.0,1716,0,0,0,7.080563684218248,18.917832167832167,3963.88657797555,909
11442.0,1716,0,0,0,7.160327837823733,18.737762237762237,3964.5717980145714,895
11443.0,1716,0,0,0,7.244026192135531,18.572843822843822,3965.251386294753,884
11444.0,1716,0,0,0,7.2912640689333,18.37121212121212,3965.928152561288,881
11445.0,1716,0,0,0,7.354514798660164,18.30128205128205,3966.5998754351754,877
11446.0,1716,0,0,0,7.371663863139007,18.226107226107224,3967.270201997904,875
11447.0,1716,0,0,0,7.400135591361928,18.002331002331,3967.937912977324,864
11448.0,1716,0,0,0,7.4217459067831815,17.83974358974359,3968.603123372524,846
11449.0,1715,0,0,1,7.419674233286053,17.83265306122449,3970.9566408321202,857
11450.0,1715,0,0,0,7.4226769515346,17.780758017492712,3971.6213357676666,855
11451.0,1715,0,0,0,7.404157909898422,17.65072886297376,3972.2871028845143,856
11452.0,1715,0,0,0,7.397521842136042,17.71137026239067,3972.953349123251,853
11453.0,1715,0,0,0,7.420891923737871,17.644314868804663,3973.618025028395,852
11454.0,1714,0,0,1,7.451832344884111,17.61026837806301,3972.774930276844,855
11455.0,1713,0,0,1,7.470853218425421,17.58610624635143,3975.075065056844,844
11456.0,1714,0,1,0,7.481532981699709,17.504084014002334,3973.4162296412314,842
11457.0,1713,0,0,1,7.468138910860266,17.492702860478694,3974.864717729479,836
11458.0,1712,0,0,1,7.4503938820930085,17.39661214953271,3974.229906421368,828
11459.0,1712,0,0,0,7.436943749510415,17.334696261682243,3974.893127452519,833
11460.0,1712,0,0,0,7.441821887308653,17.320093457943926,3975.556068395067,837
11461.0,1711,0,0,1,7.4233053893197045,17.372881355932204,3974.9327254111727,834
11462.0,1711,0,0,0,7.373724915098623,17.22209234365868,3975.598629464176,828
11463.0,1711,0,0,0,7.341158006545083,17.29281122150789,3976.2670499892147,840
11464.0,1711,0,1,1,7.319468384681207,17.188194038573933,3973.6999415909527,833
11465.0,1709,0,0,2,7.290343991532236,17.124049151550615,3975.9336538516254,835
11466.0,1707,0,0,2,7.290415213750377,17.131224370240187,3974.432578718458,841
11467.0,1707,0,0,0,7.290975463363766,17.07205623901582,3975.105105101819,836
11468.0,1706,0,0,1,7.3176507886575335,16.992966002344666,3974.416555406234,821
11469.0,1707,0,1,0,7.330305269155626,16.97949619214997,3972.7591141425187,828
11470.0,1706,0,0,1,7.325221673455841,16.952520515826496,3974.474255243267,825
11471.0,1704,0,0,2,7.311846208773153,16.974765258215964,3972.5603613979592,828
11472.0,1703,0,0,1,7.2575057232333515,16.829712272460362,3974.1976357282992,818
11473.0,1703,0,0,0,7.216907979806158,16.83264826776277,3974.8777269615507,821
11474.0,1704,0,1,0,7.133702102608799,16.833333333333332,3973.229025073934,830
11475.0,1704,0,0,0,7.07399999978314,16.857981220657276,3973.9179060711544,832
11476.0,1704,0,0,0,6.985649979244379,16.904929577464788,3974.6113518055977,838
11477.0,1704,0,0,0,6.934774463731107,17.00762910798122,3975.307533717414,850
11478.0,1702,0,0,2,6.868588685537339,17.07050528789659,3976.32717349829,862
11479.0,1701,0,0,1,6.8029082263904375,17.243386243386244,3976.639549967612,864
11480.0,1700,0,0,1,6.739279144653963,17.365882352941178,3976.7726687927816,885
11481.0,1700,0,0,0,6.6894414477125865,17.37529411764706,3977.48388826808,890
11482.0,1701,0,2,1,6.623279076468415,17.44620811287478,3972.651977493602,895
11483.0,1701,0,0,0,6.5881654870179425,17.480305702527925,3973.368399085917,901
11484.0,1701,0,0,0,6.551972425701782,17.649617871840093,3974.0867908978066,914
11485.0,1701,0,0,0,6.509525172904814,17.91416813639036,3974.8084217540304,938
11486.0,1701,0,0,0,6.48995384939098,18.06760728982951,3975.5316680964415,944
11487.0,1701,0,1,1,6.440484504728878,18.2363315696649,3971.8130854826322,953
11488.0,1701,0,0,0,6.413503842338603,18.422692533803644,3972.5394327548483,957
11489.0,1701,0,0,0,6.3552565839058195,18.773074661963552,3973.2700254345277,974
11490.0,1701,0,0,0,6.314352377993384,18.912404467960023,3974.0027967534643,982
11491.0,1701,0,1,1,6.244541393769936,19.092886537330983,3971.544087414197,986
11492.0,1700,0,0,1,6.176509349814919,19.43294117647059,3971.666079198216,988
11493.0,1700,0,0,0,6.141301287361231,19.728823529411766,3972.409747100908,992
11494.0,1700,0,0,0,6.102023834281184,20.02764705882353,3973.155825359025,1011
11495.0,1700,0,0,0,6.08488834924011,20.224117647058822,3973.9021763199057,1017
11496.0,1701,0,1,0,6.057551020910131,20.537918871252206,3972.314641784436,1024
11497.0,1701,0,0,0,6.029029273113143,20.86654908877131,3973.0648323867813,1039
11498.0,1702,0,1,0,5.9861926190758386,21.286133960047003,3971.4844564394843,1067
11499.0,1702,0,0,0,5.96833412725273,21.538777908343125,3972.24050235185,1073
11500.0,1700,0,0,2,5.916657897717921,21.953529411764706,3970.2070337555647,1080
11501.0,1700,0,0,0,5.886519477009853,22.328235294117647,3970.97006276033,1088
11502.0,1701,0,1,0,5.862689297128073,22.528512639623752,3969.4002829446126,1094
11503.0,1702,0,1,0,5.866881063511512,22.772032902467686,3967.8329499711735,1090
11504.0,1703,0,1,0,5.884788359318386,23.035819142689373,3966.2674706339612,1092
11505.0,1703,0,0,0,5.86796163331102,23.356429829712273,3967.0348773459705,1105
11506.0,1703,0,0,0,5.84404233791161,23.732824427480917,3967.8050573573487,1112
11507.0,1704,0,1,0,5.819432890891436,24.241197183098592,3966.246833179822,1134
11508.0,1703,0,0,1,5.776929253096804,24.79741632413388,3968.710458605541,1142
11509.0,1703,0,0,0,5.746277820796228,25.316500293599532,3969.48795064567,1156
11510.0,1705,0,2,0,5.718207995559905,25.748973607038124,3965.610759497264,1163
11511.0,1704,0,0,1,5.685747573707308,26.28286384976526,3965.6423365670166,1167
11512.0,1705,0,1,0,5.68441887115688,26.65806451612903,3964.09805272729,1169
11513.0,1704,0,0,1,5.6712523460102515,27.154929577464788,3966.529919615185,1183
11514.0,1704,0,0,0,5.648142344545557,27.649061032863848,3967.3134736335064,1180
11515.0,1705,0,1,0,5.647648799302354,28.13431085043988,3965.7698305034037,1190
11516.0,1705,0,0,0,5.635713594367159,28.682697947214077,3966.5549778716213,1201
11517.0,1704,0,0,1,5.620116983521727,29.267605633802816,3969.060306097563,1201
11518.0,1704,0,0,0,5.611698588472142,29.860328638497652,3969.8474231918512,1207
11519.0,1704,0,0,0,5.6014181954854,30.409037558685448,3970.6349764422544,1205
11520.0,1704,0,0,0,5.576391485360783,30.973591549295776,3971.423668116588,1219
11521.0,1704,0,0,0,5.656815757088343,29.517018779342724,3972.2061303659166,1143
11522.0,1704,0,0,0,5.76028942757368,28.413145539906104,3972.979765164183,1088
11523.0,1704,0,0,0,5.925728447584642,27.589201877934272,3973.742516502749,1045
11524.0,1703,0,0,1,6.068141815097459,27.01174398120963,3973.8294226553626,1019
11525.0,1701,0,0,2,6.2300747613434035,26.50323339212228,3975.16755615853,984
11526.0,1701,0,0,0,6.413099456970704,25.901234567901234,3975.896099965769,946
11527.0,1700,0,0,1,6.602400973958756,25.44764705882353,3978.2490129826156,932
11528.0,1698,0,0,2,6.762307411653873,24.834511189634863,3977.866964112879,901
11529.0,1698,0,0,0,6.913911699416692,24.438751472320376,3978.560860811942,881
11530.0,1698,0,0,0,7.04515400355725,24.04416961130742,3979.2458290518903,873
11531.0,1698,0,0,0,7.146573126865739,23.648409893992934,3979.9235236962877,857
11532.0,1697,0,0,1,7.219238623906333,23.195639363582792,3981.94243354816,847
11533.0,1696,0,0,1,7.292230225992675,22.785966981132077,3982.4791119597326,836
11534.0,1696,0,0,0,7.336082877063568,22.474056603773583,3983.1423080691206,827
11535.0,1695,0,0,1,7.334930412500378,22.12566371681416,3985.4613562771824,825
11536.0,1694,0,0,1,7.355728433580095,21.79279811097993,3984.6686365815403,810
11537.0,1694,0,0,0,7.3543074389244385,21.52538370720189,3985.3279370483683,811
11538.0,1694,0,0,0,7.35828161742748,21.24025974025974,3985.9863762031314,813
11539.0,1692,0,0,2,7.335237607892017,20.93676122931442,3986.4364895399135,811
11540.0,1692,0,0,0,7.346909349112462,20.64302600472813,3987.0951832936626,812
11541.0,1692,0,0,0,7.317783177793075,20.3031914893617,3987.7553510893576,801
11542.0,1692,0,0,0,7.311456733963277,20.12115839243499,3988.415375230918,805
11543.0,1692,0,0,0,7.341707599556259,19.34338061465721,3989.0734126857415,785
11544.0,1692,0,0,0,7.3532750078080396,19.229905437352247,3989.7314647275834,792
11545.0,1692,0,0,0,7.371149058477943,18.995862884160758,3990.3879749462785,791
11546.0,1692,0,0,0,7.366531180643582,18.72872340425532,3991.045057790816,791
11547.0,1693,0,1,0,7.356036416436694,18.396337861783817,3989.3443744612377,784
11548.0,1693,0,0,0,7.375462281319017,18.07974010632014,3990.0012722877964,780
11549.0,1693,0,0,0,7.359116542122967,17.72002362669817,3990.6596829696527,780
11550.0,1692,0,0,1,7.313308153652882,17.508274231678488,3990.2488519737262,782
11551.0,1692,0,0,0,7.308122271034072,17.118794326241133,3990.9098031928456,776
11552.0,1692,0,0,0,7.284554079162604,16.992316784869978,3991.571799803308,769
11553.0,1692,0,1,1,7.249022627992945,16.741725768321512,3988.8818267990314,779
11554.0,1691,0,0,1,7.202561861672334,16.59550561797753,3989.0040983166955,788
11555.0,1691,0,0,0,7.202093651015037,16.3418095801301,3989.6704584963322,775
11556.0,1691,0,0,0,7.194610092557605,16.35363690124187,3990.338163184492,771
11557.0,1691,0,0,0,7.2167534635705515,16.2448255470136,3991.0057209766715,780
11558.0,1691,0,0,0,7.2359240479392195,16.15257244234181,3991.673196026935,780
11559.0,1692,0,1,0,7.239287874197822,15.906028368794326,3989.9814469429903,779
11560.0,1691,0,0,1,7.198984427153127,15.599053814311059,3988.6327685023693,772
11561.0,1690,0,0,1,7.153875780292227,15.52130177514793,3989.994326270743,787
11562.0,1690,0,0,0,7.125173078413033,15.37396449704142,3990.6706979998944,792
11563.0,1690,0,0,0,7.088223873565451,15.145562130177515,3991.3497603962633,791
11564.0,1690,0,0,0,7.055882754059686,15.008284023668638,3992.031277683236,791
11565.0,1691,0,1,0,7.021988715950347,14.823772915434654,3990.3545600866705,801
11566.0,1691,0,0,0,6.976629931416981,14.812536960378475,3991.0417580190465,815
11567.0,1690,0,0,1,6.946322228751795,14.723668639053255,3991.1054076823193,817
11568.0,1688,0,0,2,6.917208362652285,14.651658767772512,3990.7798140145833,826
11569.0,1688,0,0,0,6.8932647099774425,14.553909952606634,3991.47358238547,829
11570.0,1688,0,0,0,6.860000769815212,14.674170616113743,3992.1692516502453,837
11571.0,1689,0,1,0,6.851115061820851,14.596210775606869,3990.5015373686824,844
11572.0,1688,0,0,1,6.833469218577343,14.72867298578199,3990.339797596661,863
11573.0,1687,0,0,1,6.780628698839741,14.9407231772377,3990.236613667124,871
11574.0,1687,0,1,1,6.745862703602222,15.08713692946058,3986.1407270307964,890
11575.0,1687,0,1,1,6.687681424494531,15.183165382335506,3983.540937105238,905
11576.0,1687,0,0,0,6.660094730154862,15.145820983995257,3984.25113656676,912
11577.0,1685,0,0,2,6.60166342098133,15.12106824925816,3986.59470710057,919
11578.0,1686,0,1,0,6.538356495187754,15.28944246737841,3984.947084151763,932
11579.0,1685,0,0,1,6.495147934045058,15.554896142433234,3987.346425133557,943
11580.0,1686,0,1,0,6.443882464106124,15.800711743772242,3985.7063843714845,954
11581.0,1685,0,0,1,6.391856948635618,16.141246290801188,3984.45127823914,967
11582.0,1686,0,1,0,6.352429249542617,16.50652431791222,3982.8189890777003,987
11583.0,1687,0,2,1,6.313751232672522,16.883817427385893,3978.67117166805,998
11584.0,1686,0,1,2,6.262259862747307,17.323250296559905,3975.159863765015,1007
11585.0,1687,0,1,0,6.2262332680632175,17.571428571428573,3973.5439796848636,1010
11586.0,1687,0,0,0,6.174266612125226,17.870183758150564,3974.2885051686994,1016
11587.0,1687,0,0,0,6.12784477578848,18.294013040901007,3975.0362121746753,1028
11588.0,1689,0,3,1,6.063743641806436,18.625222024866787,3965.866055513802,1044
11589.0,1688,0,0,1,6.025172686644278,19.049763033175356,3965.843341521259,1061
11590.0,1688,0,0,0,6.002055923938937,19.46504739336493,3966.601878253016,1078
11591.0,1689,0,1,0,5.975642172380471,19.740674955595026,3965.01315492973,1078
11592.0,1689,0,1,1,5.956474853710426,20.04795737122558,3965.12629464637,1074
11593.0,1689,0,1,1,5.922054207517463,20.30965068087626,3962.1804810485733,1082
11594.0,1689,0,0,0,5.900888877682961,20.73830669034932,3962.9456227110577,1090
11595.0,1689,0,0,0,5.8990308053847995,21.150384843102426,3963.711152663794,1100
11596.0,1689,0,0,0,5.886968661643185,21.59976317347543,3964.4780324646044,1111
11597.0,1689,0,1,1,5.8486245126010505,22.043812907045588,3959.6029710505936,1114
11598.0,1690,0,1,0,5.838211544173969,22.559171597633135,3958.0307588423725,1123
11599.0,1691,0,1,0,5.803402041406351,23.021289178001183,3956.4629662798784,1124
11600.0,1691,0,0,0,5.775164889975685,23.519219396806623,3957.238532359557,1140
11601.0,1691,0,0,0,5.7582071461814,23.86694263749261,3958.0158797317877,1128
11602.0,1691,0,0,0,5.73982988920996,24.270254287403905,3958.7946212734328,1148
11603.0,1690,0,0,1,5.695938783213385,24.707100591715978,3959.476963881861,1144
11604.0,1689,0,0,1,5.656111264368098,25.274126702190646,3961.869690287829,1156
11605.0,1688,0,0,1,5.601128021388542,25.805094786729857,3962.238783176026,1167
11606.0,1687,0,0,1,5.5629088649644105,26.293420272673384,3964.7308364851815,1170
11607.0,1687,0,0,0,5.553615164156346,26.83224659158269,3965.520494990167,1179
11608.0,1687,0,0,0,5.534636132242516,27.430349733254296,3966.311374692895,1185
11609.0,1686,0,0,1,5.526813702969448,27.97508896797153,3964.209378342685,1190
11610.0,1686,0,0,0,5.51612871276156,28.44602609727165,3965.001568641642,1199
11611.0,1686,0,0,0,5.618521409503132,26.43179122182681,3965.7864953138123,1098
11612.0,1686,0,0,0,5.781682993175393,25.231316725978647,3966.5590113986336,1047
11613.0,1686,0,0,0,5.981555478438153,24.18683274021352,3967.318701639018,999
11614.0,1686,0,0,0,6.19887668907946,23.348754448398576,3968.0626429820986,958
11615.0,1685,0,0,1,6.388626254057732,22.53946587537092,3970.5317506124684,927
11616.0,1685,0,0,0,6.598394785260126,21.974480712166173,3971.246531253297,901
11617.0,1684,0,0,1,6.78100013068311,21.56650831353919,3969.864220781418,879
11618.0,1684,0,0,0,6.919373328846098,21.1187648456057,3970.5572839520137,857
11619.0,1683,0,0,1,7.036950604672376,20.67260843731432,3969.3018878303055,829
11620.0,1683,0,0,0,7.133589847177789,20.36541889483066,3969.97992611131,819
11621.0,1682,0,0,1,7.191405021999221,20.042211652794293,3968.4977143142155,812
11622.0,1682,0,0,0,7.224635782019544,19.66765755053508,3969.169497347224,815
11623.0,1682,0,0,0,7.278366833226835,19.48038049940547,3969.837993884437,811
11624.0,1682,0,0,0,7.341020213814572,19.06064209274673,3970.502355176282,804
11625.0,1682,0,0,0,7.380583119621593,18.659334126040427,3971.1630645225973,797
11626.0,1682,0,0,0,7.442181519760557,18.31450653983353,3971.8191778927758,789
11627.0,1681,0,0,1,7.475412124887491,18.136228435455088,3969.7963383593174,784
11628.0,1681,0,0,0,7.524474251413732,17.76918500892326,3970.4465362543087,760
11629.0,1681,0,0,0,7.544715136335319,17.533016061867936,3971.094580187223,758
11630.0,1681,0,0,0,7.585292819699604,17.161213563355147,3971.740420947552,757
11631.0,1680,0,0,1,7.625209177589982,16.942261904761907,3971.4662048201394,751
11632.0,1680,0,0,0,7.629875424827084,16.52202380952381,3972.108365337218,743
11633.0,1680,0,0,0,7.648643841963798,16.144642857142856,3972.749196938241,734
11634.0,1679,0,0,1,7.6309689940107095,15.704586063132817,3975.1444023822396,726
11635.0,1679,0,0,0,7.6471228668030795,15.534842167957118,3975.783292973573,727
11636.0,1679,0,0,0,7.667992476621835,15.028588445503276,3976.421238389346,720
11637.0,1679,0,0,0,7.683660457481598,14.400833829660511,3977.0585167378217,700
11638.0,1679,0,0,0,7.682060204531698,14.26027397260274,3977.695972404826,704
11639.0,1680,0,1,0,7.671211032016776,13.808928571428572,3975.9643531976844,699
11640.0,1680,0,0,0,7.669774748797557,13.405952380952382,3976.601492295963,698
11641.0,1679,0,0,1,7.645134156538806,13.052412150089339,3978.744243714775,690
11642.0,1678,0,0,1,7.62541223865807,12.549463647199046,3979.9160847980684,680
11643.0,1678,0,0,0,7.5991254988884736,12.159713945172825,3980.5565996781097,683
11644.0,1678,0,0,0,7.600903157160464,11.820619785458879,3981.1970930407383,679
11645.0,1677,0,1,2,7.613395978074786,11.569469290399523,3979.3336146572656,671
11646.0,1677,0,0,0,7.619120027150693,11.464519976147884,3979.9741918690343,674
11647.0,1675,0,0,2,7.608505303440382,11.133731343283582,3981.544355848308,675
11648.0,1675,0,0,0,7.61406625358924,10.779701492537313,3982.18475729302,673
11649.0,1676,0,1,0,7.592314913991073,10.418257756563246,3980.450337550596,661
11650.0,1676,0,0,0,7.53335261040312,10.194510739856803,3981.0956693573944,669
11651.0,1676,0,0,0,7.473395431510489,10.157517899761336,3981.7452303736854,677
11652.0,1676,0,0,0,7.436395545479875,9.857398568019093,3982.397977487807,685
11653.0,1676,0,0,0,7.371482112816588,9.73090692124105,3983.056015561755,694
11654.0,1676,0,0,0,7.319218967481783,9.52744630071599,3983.7181271015265,694
11655.0,1676,0,0,0,7.268699729509534,9.351431980906922,3984.3835157912963,712
11656.0,1677,0,1,0,7.241412896462105,9.354800238521168,3982.674603951194,727
11657.0,1677,0,0,0,7.213278939916545,9.378652355396541,3983.344521222395,734
11658.0,1676,0,0,1,7.167170462724146,9.286992840095465,3983.2396019876264,744
11659.0,1676,0,0,0,7.159940151264932,9.198090692124104,3983.914362232746,753
11660.0,1676,0,0,0,7.104924633102714,9.221360381861576,3984.5937121113398,757
11661.0,1677,0,1,0,7.038171506342507,9.354203935599285,3982.9015926520897,774
11662.0,1676,0,0,1,6.994407230999425,9.58890214797136,3981.985507439083,788
11663.0,1678,0,2,0,6.945522962503507,9.893325387365913,3977.928481967764,802
11664.0,1679,0,1,0,6.891104539120101,10.164979154258488,3976.2521468084105,824
11665.0,1680,0,1,0,6.842420493468631,10.448809523809524,3974.5823439359974,845
11666.0,1681,0,1,0,6.796969978407486,10.64187983343248,3972.9172468165098,857
11667.0,1683,0,2,0,6.743917427183887,10.850267379679144,3968.8975666829024,866
11668.0,1684,0,1,0,6.707439277781551,11.14251781472684,3967.244829913222,881
11669.0,1684,0,0,0,6.6329307207684485,11.455463182897862,3967.9545416485635,900
11670.0,1686,0,2,0,6.583886834575273,11.719454329774614,3963.959240154192,913
11671.0,1687,0,1,0,6.531355364393272,11.944279786603438,3962.3269860432015,923
11672.0,1687,0,0,0,6.5269859085067425,12.26852400711322,3963.0459935532003,926
11673.0,1688,0,1,0,6.499595011539633,12.564573459715639,3961.4192500990503,933
11674.0,1690,0,2,0,6.469089088406227,12.846153846153847,3957.454226577099,931
11675.0,1690,0,0,0,6.444126253921382,13.115384615384615,3958.181380656343,942
11676.0,1691,0,1,0,6.4274780149122845,13.422235363690124,3956.568296495246,951
11677.0,1691,0,0,0,6.394313692783083,13.667060910703725,3957.2994127114357,954
11678.0,1691,0,0,0,6.3545066388754,13.930218805440568,3958.0335913143185,965
11679.0,1692,0,2,1,6.3141573746993895,14.296690307328605,3952.1665598189693,983
11680.0,1692,0,0,0,6.252104131457773,14.726359338061465,3952.907868557764,999
11681.0,1692,0,0,0,6.233324486908215,15.14775413711584,3953.650772774602,1013
11682.0,1691,0,0,1,6.169751735146694,15.577764636309876,3953.6421574910228,1028
11683.0,1689,0,0,2,6.121301251427525,16.04499703966844,3954.5971519811455,1041
11684.0,1689,0,1,1,6.069974223605209,16.43812907045589,3951.5987805908926,1049
11685.0,1687,0,0,2,6.027830865556225,16.90278601066983,3952.0653805174366,1063
11686.0,1688,0,1,0,5.993566152365752,17.356635071090047,3950.4837901764313,1076
11687.0,1689,0,1,0,5.967911943175596,17.834221432800472,3948.90685329736,1090
11688.0,1687,0,0,2,5.918810559518237,18.37759336099585,3946.8598286698316,1104
11689.0,1686,0,0,1,5.893842595415549,18.902135231316727,3946.7981315123466,1108
11690.0,1687,0,1,0,5.875082800310437,19.30053349140486,3945.227968913692,1108
11691.0,1688,0,1,0,5.879307459164069,19.713270142180093,3943.6597957538,1110
11692.0,1688,0,0,0,5.882095938726414,20.06872037914692,3944.4301711262956,1118
11693.0,1688,0,0,0,5.885981336864974,20.5521327014218,3945.2018740098692,1119
11694.0,1688,0,0,0,5.861403196199888,21.040284360189574,3945.9751502432364,1120
11695.0,1687,0,0,1,5.844539959977942,21.519857735625372,3948.430474072581,1122
11696.0,1687,0,0,0,5.8395283642014,22.107883817427386,3949.2057781007934,1135
11697.0,1685,0,0,2,5.814402771562028,22.680712166172107,3949.0096641255486,1140
11698.0,1685,0,0,0,5.796365072510332,23.20652818991098,3949.788090006843,1152
11699.0,1685,0,0,0,5.778588197911852,23.725222551928784,3950.5674214029154,1154
11700.0,1684,0,0,1,5.7600975614718655,24.243467933491686,3950.87105202923,1155
11701.0,1683,0,0,1,5.837470782153387,22.49435531788473,3953.3690163913675,1072
11702.0,1680,0,0,3,5.945595544529842,21.429166666666667,3952.432000951765,1020
11703.0,1680,0,0,0,6.1034277911726456,20.557142857142857,3953.186745080562,976
11704.0,1680,0,0,0,6.308855384893903,19.848214285714285,3953.9272316581837,939
11705.0,1680,0,0,0,6.484077607192909,19.46607142857143,3954.6549136097283,918
11706.0,1680,0,0,0,6.685330790524141,18.926785714285714,3955.370579581239,888
11707.0,1677,0,0,3,6.859134235028729,18.648777579010137,3953.482553143126,863
11708.0,1677,0,0,0,7.031776791916443,18.36612999403697,3954.1754551779377,850
11709.0,1677,0,0,0,7.213866254799508,17.96541443053071,3954.85583267931,828
11710.0,1677,0,0,0,7.376560509086294,17.679189028026236,3955.525435659168,816
11711.0,1677,0,0,0,7.491985089679083,17.48240906380441,3956.1872784526804,806
11712.0,1677,0,0,0,7.577194372963415,17.34108527131783,3956.8432758354056,797
11713.0,1677,0,0,0,7.662886846921999,17.152653548002384,3957.4928677230077,782
11714.0,1677,0,0,0,7.709251674227305,16.94036970781157,3958.1382923739784,771
11715.0,1677,0,0,0,7.7371429194975345,16.714967203339295,3958.782054202367,770
11716.0,1675,0,0,2,7.766169443572147,16.524776119402986,3957.7669356518504,760
11717.0,1674,0,0,1,7.781708066230944,16.28195937873357,3956.562376662889,751
11718.0,1674,0,0,0,7.8245259178955635,16.046594982078854,3957.2003545398547,748
11719.0,1673,0,0,1,7.85291836568034,15.945008965929468,3956.015769004157,744
11720.0,1673,0,0,0,7.875788757983566,15.783024506873879,3956.6494748251935,740
11721.0,1673,0,0,0,7.895522989657523,15.756126718469815,3957.2835364291145,737
11722.0,1673,0,0,0,7.93330195146189,15.742378959952182,3957.914414838932,738
11723.0,1673,0,0,0,7.9512121545023176,15.57919904363419,3958.5447325110163,727
11724.0,1673,0,0,0,7.937561924497472,15.460848774656306,3959.1756697997243,724
11725.0,1673,0,0,0,7.948793022680931,15.276150627615063,3959.80577526636,709
11726.0,1674,0,1,0,7.951062063491276,15.084229390681003,3958.0695150788447,711
11727.0,1674,0,0,0,7.954898514138265,14.79868578255675,3958.698374569966,710
11728.0,1673,0,0,1,7.941721366676319,14.532576210400478,3958.1402028673074,694
11729.0,1673,0,0,0,7.957847926097254,14.252839210998207,3958.7696400653367,688
11730.0,1671,0,0,2,7.908157831353092,14.08916816277678,3959.7782640269306,688
11731.0,1670,0,0,1,7.914964731407602,13.889820359281437,3962.099325114561,685
11732.0,1670,0,0,0,7.897927379230948,13.68682634730539,3962.7313374785485,668
11733.0,1669,0,0,1,7.9250749284696145,13.264829239065309,3965.031589488386,658
11734.0,1668,0,1,2,7.897994894378838,13.002997601918466,3965.5317147065007,660
11735.0,1668,0,0,0,7.912397240914974,12.60431654676259,3966.163258670363,666
11736.0,1668,0,0,0,7.896108828798777,12.266786570743406,3966.7954091152646,679
11737.0,1668,0,0,0,7.873213908263369,11.951438848920864,3967.428949775355,681
11738.0,1667,0,0,1,7.854638141344263,11.632273545290941,3969.813537234203,673
11739.0,1668,0,1,0,7.830851684803699,11.464628297362111,3968.069233453354,674
11740.0,1667,0,0,1,7.8231694661855355,11.27114577084583,3966.8212830794923,669
11741.0,1667,0,0,0,7.809886847018758,11.143971205758849,3967.460180484378,679
11742.0,1667,0,0,0,7.796397056767909,11.150569886022796,3968.1007481923366,674
11743.0,1666,0,0,1,7.73742625029897,11.18547418967587,3968.9264035536958,687
11744.0,1667,0,1,0,7.664564464550646,11.307738452309538,3967.193902774775,706
11745.0,1667,0,0,0,7.620352820849754,11.43131373725255,3967.8476283016203,721
11746.0,1667,0,0,0,7.586934940970349,11.369526094781044,3968.5039114646343,721
11747.0,1667,0,0,0,7.552398164496281,11.341931613677264,3969.163194432671,723
11748.0,1667,0,0,0,7.502627197134718,11.527894421115777,3969.826005525828,728
11749.0,1667,0,0,0,7.459873193788492,11.619676064787043,3970.4925120706002,752
11750.0,1667,0,0,0,7.408592215011758,11.796040791841632,3971.163062361072,762
11751.0,1667,0,1,1,7.369698649229052,12.026994601079783,3968.125198107173,771
11752.0,1667,0,1,1,7.34238957458974,12.316736652669466,3964.7799138149226,783
11753.0,1667,0,0,0,7.30059743319921,12.518296340731853,3965.4578101206735,798
11754.0,1668,0,2,1,7.255175020640093,12.808153477218225,3961.317627483457,816
11755.0,1669,0,1,0,7.224669264812061,12.835230677052127,3959.62667130149,832
11756.0,1669,0,0,0,7.199107390819557,13.07908927501498,3960.3117371010167,832
11757.0,1669,0,0,0,7.146500353620969,13.369682444577592,3961.0007571179212,847
11758.0,1670,0,2,1,7.07327769476406,13.6874251497006,3954.583807680648,849
11759.0,1670,0,0,0,7.003218192024282,14.029940119760479,3955.2828764624833,871
11760.0,1670,0,1,1,6.897697242975968,14.469461077844311,3953.9705922083344,887
11761.0,1669,0,1,2,6.824403565295654,14.79388855602157,3950.47555187141,889
11762.0,1669,0,0,0,6.749131843488503,15.211503894547633,3951.1919949565636,912
11763.0,1670,0,1,0,6.674317367334293,15.566467065868263,3949.546744156287,930
11764.0,1671,0,1,0,6.622593053346366,15.788150807899461,3947.9075786385174,936
11765.0,1671,0,0,0,6.594464204037659,16.139437462597247,3948.6352703236003,956
11766.0,1673,0,2,0,6.533098242176692,16.494919306634788,3944.6454163077497,963
11767.0,1673,0,1,1,6.454623257532258,16.9175134488942,3943.7407947299403,978
11768.0,1672,0,0,1,6.374377741737499,17.32535885167464,3945.6800024046747,982
11769.0,1673,0,1,0,6.308218881245984,17.682008368200837,3944.0675987343348,987
11770.0,1672,0,0,1,6.2410119410646905,18.120215311004785,3942.9201325446566,998
11771.0,1673,0,1,0,6.18761768038216,18.598326359832637,3941.317266870536,1009
11772.0,1673,0,1,1,6.135777463980242,18.936043036461445,3941.418301067344,1019
11773.0,1674,0,1,0,6.1256040859334755,19.166666666666668,3939.8209839323035,1016
11774.0,1673,0,0,1,6.10950572655009,19.469216975493126,3941.00700156157,1024
11775.0,1672,0,1,2,6.0730923807184505,19.898923444976077,3936.9254997630233,1037
11776.0,1671,0,0,1,6.068196658992813,20.43865948533812,3939.380277519662,1050
11777.0,1671,0,0,0,6.066827449233341,20.9245960502693,3940.1423478973043,1066
11778.0,1673,0,2,0,6.064001607762217,21.372384937238493,3936.1930652615633,1063
11779.0,1672,0,0,1,6.02666568423828,21.917464114832537,3935.994843205761,1067
11780.0,1673,0,1,0,6.013070738879965,22.460251046025103,3934.4081908819703,1075
11781.0,1673,0,0,0,6.0025244128370705,22.961745367603108,3935.1755884059294,1081
11782.0,1673,0,0,0,5.999155785383449,23.572624028690974,3935.9450805829756,1096
11783.0,1673,0,0,0,6.004744045655403,24.035863717872086,3936.7147031933023,1106
11784.0,1673,0,0,0,5.996439978850446,24.4584578601315,3937.485751469865,1119
11785.0,1672,0,0,1,5.94994116442609,24.901913875598087,3939.990541575558,1122
11786.0,1672,0,0,0,5.923667084133111,25.345693779904305,3940.765445757489,1133
11787.0,1671,0,0,1,5.907492732448408,25.79114302812687,3941.324658031805,1141
11788.0,1670,0,0,1,5.8708315480564375,26.294610778443115,3941.775370441061,1146
11789.0,1670,0,0,0,5.837034532012877,26.820359281437124,3942.5555207642706,1154
11790.0,1670,0,0,0,5.825459640142324,27.333532934131735,3943.336516948872,1159
11791.0,1670,0,0,0,5.922882066000788,25.590419161676646,3944.111124866926,1076
11792.0,1670,0,0,0,6.087170764436517,24.149101796407187,3944.8742162184935,1008
11793.0,1669,0,0,1,6.26556041146263,23.27321749550629,3944.7170800966423,961
11794.0,1669,0,0,0,6.495325854008936,22.539844218094668,3945.451274664544,918
11795.0,1669,0,0,0,6.737179501491924,22.001797483523067,3946.1690061572594,884
11796.0,1668,0,0,1,6.9611756769850395,21.540767386091126,3946.3568200899376,855
11797.0,1668,0,0,0,7.187324189889168,21.109712230215827,3947.0436944366093,831
11798.0,1668,0,0,0,7.355913597581611,20.741007194244606,3947.718928336602,812
11799.0,1667,0,0,1,7.511623072997055,20.36652669466107,3946.8329694861372,797
11800.0,1667,0,0,0,7.643553887187158,20.09778044391122,3947.4889979124514,784
11801.0,1666,0,0,1,7.756644224367383,19.913565426170468,3949.8592799861044,771
11802.0,1665,0,0,1,7.833611860748107,19.706306306306306,3951.2001862545203,763
11803.0,1665,0,0,0,7.896428646046932,19.439039039039038,3951.8379953044728,753
11804.0,1664,0,0,1,7.924977556947441,19.184495192307693,3950.5981690275057,749
11805.0,1663,0,0,1,7.941635875496939,19.00240529164161,3950.781927627017,741
11806.0,1662,0,0,1,7.954460840563687,18.727436823104693,3948.6280225559753,727
11807.0,1662,0,0,0,7.960299349282287,18.402527075812273,3949.2603538600674,726
11808.0,1662,0,0,0,8.00379676908888,18.114320096269555,3949.8893562441453,719
11809.0,1662,0,0,0,8.023600532373154,17.879663056558364,3950.5169420585835,721
11810.0,1662,0,0,0,8.064549262457774,17.593261131167267,3951.1417532454325,716
11811.0,1662,0,0,0,8.116215419942723,17.46991576413959,3951.7638271870173,715
11812.0,1662,0,0,0,8.1447358257763,17.319494584837546,3952.384312485782,711
11813.0,1662,0,0,0,8.172242139227352,17.14801444043321,3953.0028432593085,700
11814.0,1662,0,0,0,8.163086292162555,16.91997593261131,3953.6213661774436,692
11815.0,1663,0,1,0,8.175898662072113,16.678292242934457,3951.8612016121842,693
11816.0,1663,0,0,0,8.154101715316608,16.390258568851472,3952.4799005932146,684
11817.0,1663,0,0,0,8.139240144296432,16.189416716776908,3953.098870950432,678
11818.0,1663,0,0,0,8.117085325075527,15.974143114852676,3953.7201334688234,687
11819.0,1663,0,0,0,8.114144961496875,15.728803367408299,3954.341728735891,682
11820.0,1663,0,0,0,8.128081241794929,15.553217077570656,3954.961634098578,684
11821.0,1662,0,0,1,8.125935244875253,15.322503008423586,3954.842402909759,681
11822.0,1663,0,1,0,8.129089707915268,15.142513529765484,3953.0834457051765,677
11823.0,1663,0,0,0,8.116112218330192,14.81058328322309,3953.7036535289094,662
11824.0,1663,0,0,0,8.131954327012494,14.536981358989777,3954.3234431216692,657
11825.0,1663,0,0,0,8.116442412673956,14.361395069152135,3954.9444183920987,656
11826.0,1663,0,0,0,8.121320912914213,14.194828622970535,3955.5644597538308,667
11827.0,1664,0,1,0,8.090454374335486,13.9765625,3953.8091839123995,668
11828.0,1664,0,0,0,8.068347218025353,13.776442307692308,3954.4320148156758,661
11829.0,1664,0,0,0,8.036996862237562,13.62920673076923,3955.0570830385072,665
11830.0,1664,0,0,0,7.9913448308243185,13.495192307692308,3955.685632062031,665
11831.0,1663,0,0,1,7.913520321896193,13.357185808779315,3954.5591542585225,664
11832.0,1663,0,0,0,7.869992697710179,13.2916416115454,3955.1959055793923,677
11833.0,1660,0,0,3,7.767388237231855,13.218072289156627,3955.5051421124545,687
11834.0,1660,0,1,1,7.685486411748009,13.251204819277108,3951.7968378763585,701
11835.0,1659,0,0,1,7.623831984120918,13.207353827606992,3952.6094961907124,699
11836.0,1659,0,0,0,7.577618689424639,13.200120554550935,3953.2634711741107,708
11837.0,1658,0,0,1,7.514598752665263,13.145958986731001,3953.077642604807,714
11838.0,1658,0,0,0,7.485193069143329,13.049457177322076,3953.7389563327874,726
11839.0,1658,0,0,0,7.469857319972957,13.027744270205066,3954.4014590971356,732
11840.0,1657,0,0,1,7.434101083065064,13.093542546771273,3953.3706631033765,745
11841.0,1657,0,0,0,7.415121220897563,13.046469523234762,3954.037243326204,757
11842.0,1656,0,2,3,7.346704902463586,13.068236714975846,3945.8086435132686,767
11843.0,1654,0,0,2,7.298815268840155,13.099758162031439,3947.385541635792,789
11844.0,1654,0,0,0,7.275668362916596,13.174123337363966,3948.061731026949,791
11845.0,1654,0,0,0,7.233142570348639,13.21584038694075,3948.7406990294444,798
11846.0,1653,0,0,1,7.172855819609185,13.18874773139746,3948.628515665638,804
11847.0,1653,0,0,0,7.136753024770414,13.265577737447066,3949.312998245645,815
11848.0,1653,0,0,0,7.092850665427115,13.401693889897157,3950.0012167600685,827
11849.0,1653,0,0,0,7.0442649524291205,13.539019963702358,3950.6923717241116,831
11850.0,1653,0,0,0,6.968423178563829,13.705989110707804,3951.3884374584745,851
11851.0,1653,0,0,0,6.9120495420621175,13.918935269207502,3952.087452678335,863
11852.0,1653,0,0,0,6.832614836828491,14.247428917120388,3952.793203332558,891
11853.0,1652,0,0,1,6.760165951227415,14.483050847457626,3952.4862118294513,902
11854.0,1652,0,0,0,6.695739464544797,14.681598062953995,3953.2024755291,907
11855.0,1652,0,0,0,6.649597757771038,14.972154963680387,3953.922230615166,924
11856.0,1654,0,2,0,6.6197649889699575,15.133615477629988,3949.8615942719266,935
11857.0,1654,0,0,0,6.5882621575671045,15.44981862152358,3950.5853078185246,942
11858.0,1654,0,0,0,6.560824688248177,15.774486094316808,3951.3101213761897,946
11859.0,1653,0,0,1,6.521535675800527,16.047186932849364,3950.0442826528197,952
11860.0,1653,0,0,0,6.500544103061522,16.316394434361765,3950.775374080907,956
11861.0,1654,0,1,0,6.467891834511772,16.652962515114872,3949.119681766115,970
11862.0,1654,0,1,1,6.424702539350433,17.046553808948005,3946.770591070252,977
11863.0,1654,0,0,0,6.388441140870809,17.54292623941959,3947.509507382723,990
11864.0,1653,0,0,1,6.343532758008528,17.946763460375074,3949.977385569326,1004
11865.0,1653,0,0,0,6.306358990831638,18.37749546279492,3950.7222059827727,1017
11866.0,1653,0,0,0,6.289278298301975,18.798548094373867,3951.4686295841802,1017
11867.0,1651,0,0,2,6.24345047816299,19.321017565112054,3955.063238310869,1027
11868.0,1650,0,1,2,6.2000603768808595,19.774545454545454,3956.224746223457,1033
11869.0,1649,0,0,1,6.162076597854648,20.216494845360824,3955.25778656645,1037
11870.0,1649,0,1,1,6.142215894391861,20.626440266828382,3955.302145824975,1046
11871.0,1649,0,0,0,6.129445703553847,21.065494238932686,3956.0586966885085,1052
11872.0,1648,0,0,1,6.0925032220581,21.606796116504853,3956.256743108141,1051
11873.0,1649,0,1,0,6.0626991465815205,22.012128562765312,3954.617874009372,1060
11874.0,1648,0,0,1,6.02214250656856,22.466019417475728,3955.161883989076,1058
11875.0,1648,0,0,0,5.993707606650613,22.914441747572816,3955.927396480353,1065
11876.0,1648,0,1,1,5.951021909999276,23.483616504854368,3953.2802650267636,1079
11877.0,1648,0,0,0,5.926305350869782,23.992111650485437,3954.050749675555,1090
11878.0,1647,0,1,2,5.886257617038791,24.52762598664238,3948.456672682162,1091
11879.0,1646,0,0,1,5.844106786187609,24.965978128797083,3947.032395257731,1099
11880.0,1647,0,1,0,5.813049640464325,25.476017000607165,3945.4131150157777,1108
11881.0,1646,0,0,1,5.867388932979839,23.717496962332927,3947.941865606956,1027
11882.0,1646,0,0,0,5.972133322714314,22.374848116646415,3948.705011176131,968
11883.0,1647,0,1,0,6.12845101522249,21.414693381906496,3947.058723112647,919
11884.0,1647,0,0,0,6.333434880062489,20.428051001821494,3947.795689127209,881
11885.0,1647,0,1,1,6.554826662798153,19.563448694596236,3947.878512200987,848
11886.0,1647,0,0,0,6.756236487903461,18.49605343047966,3948.584755081644,804
11887.0,1647,0,0,0,6.946193279896389,18.08500303582271,3949.2763092418954,775
11888.0,1648,0,1,0,7.107559476497386,17.671723300970875,3947.5607102227073,751
11889.0,1648,0,0,0,7.228252881841412,17.284587378640776,3948.234359941659,738
11890.0,1648,0,0,0,7.331272513539032,16.920509708737864,3948.9008530027554,730
11891.0,1647,0,0,1,7.397853171905282,16.632058287795992,3947.6899442031145,726
11892.0,1647,0,0,0,7.479935273778676,16.318154219793563,3948.345822169661,709
11893.0,1647,0,0,0,7.55359293462248,15.857923497267759,3948.9966065531967,694
11894.0,1646,0,0,1,7.615285128684846,15.640947752126367,3948.52317645316,690
11895.0,1646,0,0,0,7.67451960051086,15.284933171324424,3949.1645776028704,678
11896.0,1646,0,0,0,7.736721507942057,14.857837181044957,3949.8017691429245,665
11897.0,1646,0,0,0,7.785167680078339,14.673754556500608,3950.434680516811,663
11898.0,1646,0,0,0,7.816408043900873,14.475698663426488,3951.065144715291,674
11899.0,1644,0,0,2,7.848478687694536,14.299270072992702,3949.356120347551,672
11900.0,1644,0,0,0,7.888883361928688,14.143552311435522,3949.981326767447,674
11901.0,1643,0,0,1,7.898387660133904,13.972611077297627,3949.229923293716,666
11902.0,1643,0,0,0,7.936516985496502,13.88496652465003,3949.8540195662913,663
11903.0,1642,0,0,1,7.948909254842667,13.632764920828258,3951.72226984483,657
11904.0,1642,0,0,0,7.97662958366469,13.429963459196102,3952.34317007475,657
11905.0,1641,0,0,1,7.984681767417908,12.97867154174284,3951.179392350934,642
11906.0,1641,0,0,0,7.968457731887019,12.658135283363803,3951.7991609925275,640
11907.0,1642,0,1,0,7.946432071336461,12.24786845310597,3950.012247155728,636
11908.0,1642,0,0,0,7.9365168121476275,11.819732034104751,3950.6338049942874,637
11909.0,1642,0,0,0,7.92075733172638,11.61510353227771,3951.2568356043616,650
11910.0,1642,0,0,0,7.874387988690114,11.364799025578563,3951.883572168441,645
11911.0,1642,0,0,0,7.829212285753075,11.160779537149818,3952.512743123356,651
11912.0,1641,0,0,1,7.7953488859842786,11.021937842778794,3954.913819140738,655
11913.0,1641,0,0,0,7.789436157285444,10.94210847044485,3955.544051886801,649
11914.0,1640,0,0,1,7.794666322669324,10.751829268292683,3955.981395925619,653
11915.0,1641,0,1,0,7.800159283905975,10.561243144424132,3954.2014265657804,647
11916.0,1641,0,0,0,7.829803563363577,10.31139549055454,3954.832157439406,653
11917.0,1641,0,0,0,7.832523433517817,10.223034734917734,3955.463753611305,652
11918.0,1641,0,0,0,7.8473650647617905,10.107251675807435,3956.096346077653,654
11919.0,1640,0,0,1,7.826782198661686,9.907926829268293,3955.2317764703007,649
11920.0,1640,0,0,0,7.786890917318278,9.776829268292683,3955.8699802441556,658
11921.0,1641,0,1,0,7.743430196319497,9.797684338817794,3954.1008033609182,672
11922.0,1640,0,0,1,7.681907394281439,9.679878048780488,3952.271606044168,676
11923.0,1639,0,0,1,7.621014369593882,9.499694935936546,3950.7645156060976,679
11924.0,1639,0,0,0,7.574225012114256,9.386821232458816,3951.4213531324367,681
11925.0,1637,0,0,2,7.488689619545717,9.368356750152719,3951.8308622211116,707
11926.0,1637,0,0,0,7.408581016587619,9.165546731826511,3952.4980809830913,709
11927.0,1637,0,0,0,7.343305831220857,9.146609651802077,3953.1700296906342,723
11928.0,1635,0,0,2,7.26569933232082,8.982874617737004,3950.3462985141255,731
11929.0,1635,0,0,0,7.237023366239741,8.98165137614679,3951.0250356466445,744
11930.0,1635,0,0,0,7.199923455394669,9.052599388379205,3951.706311982415,759
11931.0,1636,0,1,0,7.158096502103313,9.214547677261614,3949.9738286273023,768
11932.0,1635,0,0,1,7.120078546340516,9.369418960244648,3949.7131592765486,777
11933.0,1636,0,1,0,7.083118846180983,9.531784841075794,3947.9874482689743,797
11934.0,1636,0,0,0,7.039575406224628,9.70354523227384,3948.6796157871563,808
11935.0,1635,0,0,1,6.981826907798938,9.929663608562691,3947.29054616098,818
11936.0,1634,0,0,1,6.941141561545477,10.173806609547123,3949.7864528286327,837
11937.0,1635,0,1,0,6.891367541610275,10.477064220183486,3948.0714006883204,854
11938.0,1634,0,0,1,6.806128058999791,10.840881272949817,3949.5600987255643,878
11939.0,1635,0,1,0,6.736837316078137,11.242201834862385,3947.8531322053864,898
11940.0,1636,0,1,0,6.6618445316719335,11.60757946210269,3946.153709815883,907
11941.0,1636,0,0,0,6.576030798254641,12.006723716381417,3946.8724712723015,922
11942.0,1637,0,1,0,6.513823010547126,12.351863164324985,3945.1834723155293,936
11943.0,1637,0,0,0,6.442493650515884,12.775809407452657,3945.9115260755525,949
11944.0,1636,0,0,1,6.364430215124873,13.084963325183374,3945.603426121689,956
11945.0,1638,0,3,1,6.324422642856677,13.483516483516484,3940.48027699252,964
11946.0,1637,0,1,2,6.295249661421092,13.88515577275504,3936.5157502750835,973
11947.0,1636,0,0,1,6.26698696566081,14.31601466992665,3938.9172425725337,981
11948.0,1639,0,3,0,6.236498904265639,14.691275167785236,3932.449001686948,981
11949.0,1637,0,0,2,6.2016052246121065,14.949908368967623,3933.254588954139,978
11950.0,1636,0,0,1,6.166073168570929,15.2200488997555,3933.2576970456803,984
11951.0,1636,0,1,1,6.110311573656422,15.50916870415648,3929.8215034434643,986
11952.0,1634,0,0,2,6.057828937388801,15.869033047735618,3932.9344343753846,989
11953.0,1636,0,3,1,6.018291108192616,16.21026894865526,3928.1853698099067,1004
11954.0,1636,0,0,0,5.964491443754404,16.65953545232274,3928.94609215689,1013
11955.0,1636,0,1,1,5.915857616643109,17.028728606356967,3929.053719883246,1019
11956.0,1636,0,0,0,5.873619232471898,17.411369193154034,3929.8217771286827,1027
11957.0,1637,0,2,1,5.823489320916494,17.835064141722665,3927.529853778953,1037
11958.0,1637,0,0,0,5.801476824361082,18.307880268784363,3928.3026100561415,1054
11959.0,1637,0,1,1,5.769316826732965,18.67379352474038,3925.9901150896917,1055
11960.0,1638,0,1,0,5.759359600305416,18.978632478632477,3924.3675946704498,1051
11961.0,1639,0,2,1,5.723389874040105,19.39536302623551,3922.092622755949,1059
11962.0,1639,0,0,0,5.717203160387144,19.729713239780352,3922.870180799922,1065
11963.0,1639,0,0,0,5.70954894659853,20.065893837705918,3923.6485801591466,1070
11964.0,1638,0,0,1,5.681338359701546,20.47069597069597,3922.101496251741,1076
11965.0,1637,0,0,1,5.672074333967698,20.962736713500306,3920.9059122942467,1084
11966.0,1637,0,0,0,5.6447921474840355,21.36163714111179,3921.6892750546976,1089
11967.0,1636,0,0,1,5.631580941530826,21.795232273838632,3920.6371048121514,1099
11968.0,1636,0,0,0,5.629864211518987,22.09718826405868,3921.4213416519283,1094
11969.0,1635,0,0,1,5.6113534554485325,22.5131498470948,3923.9525298168837,1097
11970.0,1635,0,0,0,5.6120028837506055,22.947400611620797,3924.7379913797636,1095
11971.0,1634,0,0,1,5.73195004279936,21.004895960832314,3923.7328571945895,1003
11972.0,1633,0,0,1,5.882706810032411,19.82608695652174,3923.2317043108724,947
11973.0,1633,0,0,0,6.052722603073506,18.880587875076547,3923.986749773417,898
11974.0,1632,0,0,1,6.220035784401319,18.139705882352942,3926.4939489289363,857
11975.0,1632,0,0,0,6.395184639947223,17.60968137254902,3927.2237401649536,843
11976.0,1632,0,0,0,6.578309826450611,17.168504901960784,3927.940379084202,825
11977.0,1632,0,0,0,6.752483796385409,16.748774509803923,3928.6452824105777,803
11978.0,1632,0,0,0,6.913138050420138,16.420955882352942,3929.340223864743,783
11979.0,1632,0,0,0,7.047824446134923,16.24264705882353,3930.026141771825,771
11980.0,1632,0,0,0,7.166481441815776,16.074142156862745,3930.704320698703,758
11981.0,1632,0,0,0,7.285923931121475,15.78921568627451,3931.374828171847,750
11982.0,1632,0,0,0,7.390801602658633,15.383578431372548,3932.036604243051,738
11983.0,1632,0,0,0,7.502913348861463,15.204044117647058,3932.6909039592542,741
11984.0,1632,0,0,0,7.597396266676363,14.977328431372548,3933.338021902093,731
11985.0,1632,0,0,0,7.671776145338188,14.786764705882353,3933.979126141704,725
11986.0,1632,0,0,0,7.7388853774326805,14.566789215686274,3934.6163487048443,717
11987.0,1632,0,0,0,7.774017385483943,14.464460784313726,3935.250203991311,707
11988.0,1632,0,0,0,7.813102690914171,14.309436274509803,3935.881980253975,695
11989.0,1632,0,0,0,7.836429741476251,14.232843137254902,3936.5115997016483,693
11990.0,1631,0,0,1,7.818708420597516,14.13733905579399,3934.9367590478487,701
11991.0,1630,0,0,1,7.821578997413254,13.996319018404908,3934.5595861353527,704
11992.0,1629,0,0,1,7.81614317361114,13.977286678944138,3932.768786254057,711
11993.0,1629,0,0,0,7.79919193010024,13.924493554327809,3933.3988868466454,703
11994.0,1627,0,0,2,7.787734003511294,13.695759065765213,3933.6762447570704,703
11995.0,1626,0,0,1,7.780698031850882,13.534440344403444,3932.821610467303,700
11996.0,1627,0,1,0,7.77163732258229,13.483097725875846,3931.0366172687573,706
11997.0,1626,0,0,1,7.765356287192983,13.268757687576876,3933.3989668982654,704
11998.0,1626,0,0,0,7.790941811867261,13.04489544895449,3934.0299481720645,706
11999.0,1626,0,0,0,7.832466886500554,12.924969249692497,3934.657902059284,715
12000.0,1626,0,0,0,7.837875934602849,12.885608856088561,3935.286456564671,716
