time_s,running_vehicle_count,loaded_vehicle_count,departed_vehicle_count,arrived_vehicle_count,mean_speed_mps,mean_waiting_time_s,mean_time_loss_s,halting_vehicle_count
1.0,0,0,0,0,0,0,0,0
2.0,5,834,5,0,21.086606600000003,0.0,0.0,0
3.0,10,0,5,0,21.25031477137026,0.0,0.016072561472486948,0
4.0,14,0,4,0,20.805072030678254,0.0,0.050366892791200886,0
5.0,18,0,4,0,22.562524857364977,0.0,0.08294723364950235,0
6.0,23,0,5,0,21.220720790198303,0.0,0.10750494636397337,0
7.0,25,0,2,0,20.72315637574036,0.0,0.1405478767338739,0
8.0,31,0,6,0,20.450700959423692,0.0,0.15547268224128366,0
9.0,35,0,4,0,19.364451746867974,0.0,0.17929236620636457,0
10.0,40,0,5,0,19.26666296689327,0.0,0.22986296470676543,0
11.0,48,0,8,0,20.11339459594912,0.0,0.270150015000521,0
12.0,51,0,3,0,20.018160012312304,0.0,0.32833341825498724,0
13.0,57,0,6,0,20.56911925282988,0.0,0.37328487984926745,0
14.0,62,0,5,0,20.64800166285086,0.0,0.4068143605848054,0
15.0,66,0,4,0,20.155306909429935,0.0,0.44837629279448893,0
16.0,71,0,5,0,20.247623889082462,0.0,0.4889112424052771,0
17.0,76,0,5,0,19.747791923486485,0.0,0.532638085012441,0
18.0,79,0,3,0,20.178665739511196,0.0,0.5928375563425272,0
19.0,81,0,2,0,20.224948568724095,0.0,0.6592637836850552,0
20.0,87,0,6,0,20.44281424391831,0.0,0.6890089272259696,0
21.0,88,0,1,0,20.31914621480505,0.0,0.771318506834379,0
22.0,91,0,3,0,20.130634970214658,0.01098901098901099,0.8362892234257631,1
23.0,92,0,1,0,19.895796110328916,0.021739130434782608,0.9354431436669077,1
24.0,94,0,2,0,19.647059693354326,0.05319148936170213,1.0299158810220312,3
25.0,94,0,0,0,19.685189338872245,0.0425531914893617,1.1527058147047897,2
26.0,98,0,4,0,19.767969806800085,0.04081632653061224,1.234253635472327,2
27.0,101,0,3,0,19.89724415797957,0.04950495049504951,1.3194730567063429,2
28.0,104,0,3,0,19.958674993175478,0.0673076923076923,1.4038177476666418,3
29.0,108,0,4,0,20.063680795864247,0.10185185185185185,1.4761764721843553,4
30.0,115,0,7,0,20.172268257109476,0.06956521739130435,1.5122316788944024,3
31.0,120,0,5,0,19.958421416849195,0.03333333333333333,1.573895705896978,2
32.0,125,0,5,0,19.867368329109787,0.056,1.6441842329842045,3
33.0,127,0,2,0,19.632794353078527,0.07086614173228346,1.756760214825445,3
34.0,130,0,3,0,19.468427750451475,0.1,1.8586600359621492,4
35.0,132,0,2,0,19.44205094552574,0.09848484848484848,1.969712271709596,4
36.0,135,0,3,0,19.600389732733092,0.11851851851851852,2.0721610340841496,4
37.0,139,0,4,0,19.43577504849492,0.15827338129496402,2.1551523111155446,6
38.0,142,0,3,0,19.53970545414893,0.18309859154929578,2.25578299932915,6
39.0,149,0,7,0,19.80579184294135,0.2080536912751678,2.2870400951691026,6
40.0,151,0,2,0,19.84881917863205,0.23841059602649006,2.401471701533562,6
41.0,153,0,2,0,19.891494311539276,0.2679738562091503,2.5118981578882233,6
42.0,157,0,4,0,19.766005428879556,0.3057324840764331,2.5886274821721647,7
43.0,164,0,7,0,19.576502205738464,0.2926829268292683,2.6151053272158795,6
44.0,167,0,3,0,19.437001562198173,0.32335329341317365,2.710288905405155,6
45.0,175,0,8,0,19.284905895522122,0.3657142857142857,2.7345750315083226,10
46.0,181,0,6,0,19.198510263709125,0.4088397790055249,2.796286255342279,11
47.0,187,0,6,0,19.171740287958038,0.47058823529411764,2.861737710896717,14
48.0,192,0,5,0,19.189759786898968,0.5364583333333334,2.9451325324644926,15
49.0,198,0,6,0,19.312275850079526,0.5505050505050505,3.0103822791045296,14
50.0,201,0,3,0,19.410163892663686,0.5970149253731343,3.121384788803874,14
51.0,207,0,6,0,19.329802292742198,0.6376811594202898,3.1851425947727354,15
52.0,212,0,5,0,19.42274297775233,0.6839622641509434,3.26364850769317,14
53.0,216,0,4,0,19.506467408036883,0.7407407407407407,3.3611718132697668,15
54.0,220,0,4,0,19.482289299582757,0.8,3.461858380413958,16
55.0,225,0,5,0,19.56046835524743,0.8577777777777778,3.5461395812014556,17
56.0,227,0,2,0,19.46393519081876,0.9251101321585903,3.685448853295852,17
57.0,231,0,4,0,19.259340401859756,0.9913419913419913,3.7970365046049124,19
58.0,237,0,6,0,19.180683079535132,1.0506329113924051,3.883341208473307,20
59.0,240,0,3,0,19.10978388033053,1.1333333333333333,4.020824092191541,23
60.0,244,0,4,0,18.985240996184714,1.2131147540983607,4.1394014898399725,24
61.0,248,0,4,0,18.878654742358616,1.2862903225806452,4.264016534791406,25
62.0,253,0,5,0,18.919707681358467,1.3675889328063242,4.37517093115237,27
63.0,258,0,5,0,18.82333603200085,1.445736434108527,4.4924501676760284,28
64.0,260,0,2,0,18.57644607574963,1.5538461538461539,4.673565595795318,31
65.0,263,0,3,0,18.495913007556137,1.6539923954372624,4.842702394184526,33
66.0,267,0,4,0,18.384755655567794,1.7752808988764044,5.005958602730947,39
67.0,270,0,3,0,18.172431417110587,1.8925925925925926,5.196872619782559,39
68.0,274,0,4,0,18.181652711049917,2.0145985401459856,5.372804040449964,42
69.0,282,0,8,0,18.078756409469264,2.1134751773049647,5.473779606233625,45
70.0,285,0,3,0,17.91453926547868,2.2350877192982455,5.674105561884921,45
71.0,290,0,5,0,17.848432877169053,2.3620689655172415,5.841741289742407,49
72.0,297,0,7,0,17.766110920966916,2.474747474747475,5.967104474585068,52
73.0,299,0,2,0,17.739938564743838,2.6153846153846154,6.1992462808192155,50
74.0,305,0,6,0,17.795758526294634,2.7442622950819673,6.349748960658433,55
75.0,312,0,7,0,17.740507338013096,2.8685897435897436,6.482842274725596,59
76.0,315,0,3,0,17.565269754416622,3.0253968253968253,6.703049681722904,61
77.0,321,0,6,0,17.554812841152977,3.177570093457944,6.861146802912871,67
78.0,327,0,6,0,17.568754389896494,3.311926605504587,7.01595255083002,65
79.0,330,0,3,0,17.429845922131587,3.4909090909090907,7.242224865115334,69
80.0,334,0,4,0,17.5704844510371,3.655688622754491,7.445352078381406,70
81.0,338,0,4,0,17.54246731362738,3.828402366863905,7.6507879049675775,73
82.0,344,0,6,0,17.502946200351406,3.9767441860465116,7.8154771229855955,74
83.0,348,0,4,0,17.527924199735985,4.117816091954023,8.022676448808182,74
84.0,358,0,10,0,17.554487792949445,4.217877094972067,8.09019737054572,77
85.0,363,0,5,0,17.477472342440528,4.380165289256198,8.274488023847825,80
86.0,369,0,6,0,17.360837597073694,4.533875338753387,8.435203664618898,83
87.0,374,0,5,0,17.3411896636415,4.7032085561497325,8.616016767895058,86
88.0,375,0,1,0,17.227117948070134,4.925333333333334,8.892418366189803,88
89.0,379,0,4,0,17.273659213816323,5.108179419525066,9.101865955730627,89
90.0,380,0,1,0,17.18372601835167,5.336842105263158,9.388191078344915,92
91.0,387,0,7,0,17.16587483578618,4.348837209302325,9.520418801135614,80
92.0,390,0,3,0,17.317687008664354,3.5589743589743588,9.744775805386322,69
93.0,393,0,3,0,17.370580481583477,2.9974554707379135,9.962209534044241,60
94.0,396,0,3,0,17.556986748427715,2.6161616161616164,10.167352094974186,52
95.0,401,0,5,0,17.692611655091213,2.3840399002493764,10.308181340103886,47
96.0,404,0,3,0,18.002129099788924,2.2797029702970297,10.485410138167234,44
97.0,408,0,4,0,18.229027044545823,2.176470588235294,10.623133935366198,42
98.0,413,0,5,0,18.326901538123536,2.128329297820823,10.727299123205508,40
99.0,416,0,3,0,18.437895682160097,2.081730769230769,10.880587131289609,36
100.0,419,0,3,0,18.464481197809526,2.1026252983293556,11.028793622753527,34
101.0,422,0,3,0,18.525181764827344,2.1516587677725116,11.171697293027794,34
102.0,426,0,4,0,18.64248783264782,2.204225352112676,11.280590974459939,35
103.0,429,0,3,0,18.793505945205986,2.268065268065268,11.410626911962527,36
104.0,431,0,2,0,18.85040741742086,2.3457076566125292,11.562470176782412,38
105.0,434,0,3,0,18.87555191275197,2.4193548387096775,11.684202185724507,39
106.0,437,0,3,0,18.921898328018482,2.494279176201373,11.805121692410069,40
107.0,443,0,6,0,19.001666626283242,2.55079006772009,11.841081791435766,40
108.0,446,0,3,0,19.095419917172933,2.625560538116592,11.951148607742642,41
109.0,450,0,4,0,19.055697216249104,2.6977777777777776,12.03304781527859,43
110.0,452,0,2,0,19.045970842860307,2.7831858407079646,12.169668123844453,44
111.0,457,0,5,0,18.975591368532072,2.849015317286652,12.230849467924607,44
112.0,460,0,3,0,18.98588945482507,2.9260869565217393,12.345431314557276,44
113.0,462,0,2,0,18.93476034877691,2.9891774891774894,12.491361938770858,46
114.0,465,0,3,0,18.873012369189603,3.0516129032258066,12.616606770918615,48
115.0,470,0,5,0,18.742058391329977,2.953191489361702,12.694993598498208,49
116.0,474,0,4,0,18.726768836490095,2.871308016877637,12.801738491680677,50
117.0,479,0,5,0,18.72783274432184,2.6784968684759916,12.882915503646672,49
118.0,483,0,4,0,18.651945076768072,2.606625258799172,12.992477184748221,51
119.0,488,0,5,0,18.545957893431144,2.5368852459016393,13.079073964041143,51
120.0,490,0,2,0,18.434899880038458,2.4857142857142858,13.253591211653854,52
121.0,493,0,3,0,18.345222941107206,2.3265720081135903,13.40466548654382,52
122.0,498,0,5,0,18.27051202400661,2.285140562248996,13.50624053224875,56
123.0,503,0,5,0,18.25427117164042,2.2365805168986084,13.609370517750204,58
124.0,505,0,2,0,18.119257345419825,2.3306930693069305,13.80074198639513,59
125.0,509,0,4,0,17.956226392825844,2.1964636542239684,13.943734745577839,58
126.0,511,0,2,0,17.825053113186407,2.101761252446184,14.14929440026078,62
127.0,514,0,3,0,17.71777394828964,2.009727626459144,14.334024590948346,64
128.0,515,0,1,0,17.59160793621461,2.0485436893203883,14.57623976973231,72
129.0,519,0,4,0,17.558364430997038,2.0751445086705202,14.74136902315681,74
130.0,522,0,3,0,17.444453737157048,2.1264367816091956,14.941317139330966,79
131.0,525,0,3,0,17.38487520102223,2.1619047619047618,15.140638300598901,78
132.0,527,0,2,0,17.26873830545986,2.176470588235294,15.375273763709716,78
133.0,534,0,7,0,17.252012826378447,2.1797752808988764,15.464635934395798,82
134.0,535,0,1,0,17.15726076998943,2.149532710280374,15.732351430950846,86
135.0,540,0,5,0,17.079586600545756,2.2074074074074073,15.883853214534847,89
136.0,545,0,5,0,17.05271112117597,2.256880733944954,16.037386513260543,91
137.0,549,0,4,0,16.990587205999812,2.2240437158469946,16.22294061172601,95
138.0,550,0,1,0,16.949387555646197,2.2163636363636363,16.498298716763557,98
139.0,554,0,4,0,16.936747730347687,2.312274368231047,16.686416407206654,101
140.0,559,0,5,0,16.943582588879174,2.370304114490161,16.846948016130884,102
141.0,564,0,5,0,16.92054007189065,2.4539007092198584,17.009352134403382,105
142.0,567,0,3,0,16.909796396608993,2.566137566137566,17.23143398432399,109
143.0,569,0,2,0,16.882039715850198,2.75219683655536,17.487124838956,112
144.0,570,0,1,0,16.87548549948878,2.8719298245614033,17.775096564337087,120
145.0,572,0,2,0,16.825914076841183,3.012237762237762,18.03648296397136,125
146.0,578,0,6,0,16.879841737369848,3.1280276816608996,18.169294571704917,127
147.0,580,0,2,0,16.864266369165417,3.282758620689655,18.429463951057656,130
148.0,584,0,4,0,16.845680899794544,3.4297945205479454,18.6261963051643,133
149.0,592,0,8,0,16.912026238753253,3.5557432432432434,18.699898489902527,135
150.0,594,0,2,0,16.903858238186068,3.727272727272727,18.961712330245067,140
151.0,597,0,3,0,16.92832809798763,3.9179229480737017,19.193389934699866,141
152.0,601,0,4,0,16.941561488545425,4.058236272878536,19.390693476225717,145
153.0,604,0,3,0,16.8733709129315,4.22682119205298,19.6234789168618,146
154.0,614,0,10,0,16.966145363998773,4.346905537459284,19.629517554230347,147
155.0,619,0,5,0,16.923897290307682,4.5040387722132476,19.800436642558083,149
156.0,622,0,3,0,16.851229034869995,4.668810289389068,20.040376680830615,149
157.0,624,0,2,0,16.783148676953772,4.847756410256411,20.315853349228913,150
158.0,626,0,2,0,16.801323199061045,5.001597444089457,20.590527785646728,153
159.0,628,0,2,0,16.784417998886575,5.162420382165605,20.866166970211655,152
160.0,630,0,2,0,16.796880088356726,5.328571428571428,21.14114220561224,156
161.0,631,0,1,0,16.790847270472383,5.508716323296355,21.44901024868676,159
162.0,638,0,7,0,16.804503036438266,5.664576802507837,21.55268745575416,162
163.0,642,0,4,0,16.783968500738865,5.82398753894081,21.758963231979443,162
164.0,649,0,7,0,16.786760909575214,5.9583975346687215,21.871593095242734,164
165.0,655,0,6,0,16.790380546829592,6.10381679389313,22.020503413284782,165
166.0,658,0,3,0,16.76263880115096,6.279635258358662,22.27539992131336,168
167.0,661,0,3,0,16.655505224550957,6.449319213313162,22.532475664308997,172
168.0,664,0,3,0,16.58648107609669,6.6370481927710845,22.79457834333064,174
169.0,669,0,5,0,16.63145641253043,6.808669656203288,22.987693335444124,177
170.0,676,0,7,0,16.557254262735576,7.005917159763314,23.11529673046926,181
171.0,676,0,0,0,16.53678143526955,7.244082840236686,23.482863088553646,185
172.0,680,0,4,0,16.53078338819193,7.479411764705882,23.71314126920191,189
173.0,686,0,6,0,16.520926801616987,7.696793002915452,23.87195421719455,195
174.0,688,0,2,0,16.50718390958404,7.960755813953488,24.17299859927384,197
175.0,691,0,3,0,16.498538091757432,8.218523878437047,24.438755761061596,202
176.0,694,0,3,0,16.5444321823035,8.479827089337176,24.705288441093643,206
177.0,695,0,1,0,16.48456020240292,8.76115107913669,25.04583084917919,210
178.0,697,0,2,0,16.521467331764985,9.041606886657101,25.35095740863526,213
179.0,706,0,9,0,16.486795104771478,9.23229461756374,25.40347957668396,216
180.0,709,0,3,0,16.44126488808336,9.503526093088858,25.674829515439107,220
181.0,716,0,7,0,16.568273170351983,8.057262569832401,25.79493995583449,195
182.0,721,0,5,0,16.705282679661966,6.837725381414701,25.978073814926113,175
183.0,726,0,5,0,16.852553561659338,5.852617079889807,26.153149330399955,158
184.0,729,0,3,0,17.094678964245873,5.031550068587106,26.385300902930293,140
185.0,736,0,7,0,17.237053044518188,4.444293478260869,26.458158354330877,125
186.0,739,0,3,0,17.412331907600116,4.055480378890392,26.665199724173583,115
187.0,745,0,6,0,17.597208292034676,3.6966442953020135,26.750914813986153,107
188.0,748,0,3,0,17.79212120643106,3.370320855614973,26.93054572712124,100
189.0,750,0,2,0,17.99765680316501,3.2426666666666666,27.13352381656788,93
190.0,754,0,4,0,18.158076407718035,3.0212201591511936,27.25454266060846,90
191.0,757,0,3,0,18.309818337756404,2.8494055482166445,27.402177113622237,86
192.0,758,0,1,0,18.378603588084474,2.7097625329815305,27.61380402159342,83
193.0,766,0,8,0,18.53289851185316,2.633159268929504,27.569054321792642,82
194.0,773,0,7,0,18.57553573650615,2.5666235446313066,27.559502840577753,81
195.0,776,0,3,0,18.591882352139976,2.6597938144329896,27.695074211941847,82
196.0,779,0,3,0,18.67229190571179,2.7086007702182284,27.827253896078084,84
197.0,784,0,5,0,18.68625172546067,2.748724489795918,27.888761105101462,83
198.0,791,0,7,0,18.695342311248623,2.786346396965866,27.880289628627462,86
199.0,795,0,4,0,18.725732579796254,2.8364779874213837,27.977669562446966,87
200.0,799,0,4,0,18.726915132396517,2.886107634543179,28.07629692789879,87
201.0,801,0,2,0,18.710303116768745,2.9425717852684143,28.246614659966443,86
202.0,803,891,2,0,18.66114065666768,3.00373599003736,28.41728281637911,90
203.0,805,0,2,0,18.61636176740049,3.027329192546584,28.58983025431778,92
204.0,811,0,6,0,18.6208602777227,2.996300863131936,28.621362164718008,95
205.0,819,0,8,0,18.604175660980392,2.8815628815628815,28.584512144274143,95
206.0,822,0,3,0,18.510283589946447,2.7907542579075426,28.725616298189404,97
207.0,827,0,5,0,18.516959599662243,2.6517533252720678,28.79722111020293,98
208.0,831,0,4,0,18.52622599968583,2.6209386281588447,28.903582689272753,100
209.0,836,0,5,0,18.545952626734746,2.6279904306220097,28.976256546880446,101
210.0,842,0,6,0,18.50997165202449,2.5997624703087885,29.017882505235022,105
211.0,845,0,3,0,18.39041635169096,2.5940828402366862,29.169854884649894,104
212.0,848,0,3,0,18.275257016303737,2.577830188679245,29.327167017452556,107
213.0,851,0,3,0,18.12574995028422,2.5640423031727377,29.489030968371104,108
214.0,859,0,8,0,18.07184919080117,2.549476135040745,29.483323427838666,110
215.0,865,0,6,0,18.04546864119741,2.5491329479768785,29.551221236136783,115
216.0,868,0,3,0,17.933859241221402,2.5679723502304146,29.72492199837455,119
217.0,875,0,7,0,17.83365250612194,2.5645714285714285,29.76389072509823,124
218.0,880,0,5,0,17.749723109039934,2.6011363636363636,29.87855089129054,129
219.0,888,0,8,0,17.678169183375466,2.6171171171171173,29.89706474930847,135
220.0,891,0,3,0,17.589546845457424,2.714927048260382,30.090612606320402,139
221.0,895,0,4,0,17.48330146090761,2.7564245810055867,30.255099407227505,145
222.0,901,0,6,0,17.363594656964455,2.8879023307436182,30.357595846036677,152
223.0,905,0,4,0,17.26946759094188,2.9591160220994475,30.529446866991286,154
224.0,908,0,3,0,17.196401080479053,3.050660792951542,30.742677611247657,160
225.0,913,0,5,0,17.11004240417816,3.12157721796276,30.890120881792594,164
226.0,915,0,2,0,17.023493808475532,3.1846994535519126,31.144368240476705,168
227.0,919,0,4,0,17.009278910896636,3.1849836779107727,31.329861259687572,171
228.0,921,0,2,0,16.945263800635797,3.263843648208469,31.58633845915276,184
229.0,925,0,4,0,16.926364722769815,3.291891891891892,31.776353834691164,189
230.0,932,0,7,0,16.906907305561916,3.36587982832618,31.865325214150538,194
231.0,934,0,2,0,16.88733931246044,3.4197002141327624,32.126799020168846,195
232.0,941,0,7,0,16.88838124945896,3.5196599362380447,32.21328151733531,204
233.0,945,0,4,0,16.84634727496624,3.6783068783068784,32.404600934734496,205
234.0,951,0,6,0,16.88179979866034,3.8454258675078865,32.528621113353196,210
235.0,957,0,6,0,16.82747438076329,3.9571577847439916,32.65471276156674,214
236.0,961,0,4,0,16.787422325609256,4.062434963579604,32.85113857136172,217
237.0,962,0,1,0,16.724818520437513,4.197505197505198,33.15336618355676,220
238.0,967,0,5,0,16.688042107344288,4.313340227507756,33.31806224476555,225
239.0,974,0,7,0,16.62748563368504,4.421971252566735,33.420090040431354,227
240.0,982,0,8,0,16.54449495201042,4.545824847250509,33.490872930587095,233
241.0,983,0,1,0,16.44910869622003,4.664292980671414,33.80667173673854,234
242.0,985,0,2,0,16.366023086020515,4.788832487309644,34.09219358369621,236
243.0,992,0,7,0,16.355447086630328,4.893145161290323,34.2063533305187,238
244.0,998,0,6,0,16.308852573712358,5.00501002004008,34.35903224374403,240
245.0,999,0,1,0,16.252150326324454,5.225225225225225,34.68642451919654,247
246.0,1004,0,5,0,16.209580808090955,5.351593625498008,34.878200559609375,249
247.0,1007,0,3,0,16.157285482156325,5.464746772591857,35.141297908049,248
248.0,1012,0,5,0,16.1619755649755,5.589920948616601,35.33653619269856,251
249.0,1015,0,3,0,16.150597280642547,5.72807881773399,35.60229491132375,254
250.0,1020,0,5,0,16.098351644326694,5.9,35.801597069142076,258
251.0,1024,0,4,0,16.10731142790444,6.0478515625,36.03761649293851,262
252.0,1027,0,3,0,16.104849730822018,6.197663096397274,36.30804329282482,263
253.0,1031,0,4,0,16.06853518179617,6.3617846750727445,36.54507469920212,269
254.0,1033,0,2,0,16.060650236563134,6.54404646660213,36.854487447382816,272
255.0,1036,0,3,0,16.0253828712129,6.70945945945946,37.13210236040142,270
256.0,1041,0,5,0,16.015987916018226,6.937560038424592,37.338469971587735,279
257.0,1047,0,6,0,16.02958400476074,7.09360076408787,37.50905974919939,286
258.0,1050,0,3,0,15.98774352136013,7.284761904761905,37.790127210349425,289
259.0,1056,0,6,0,16.020639575620713,7.463068181818182,37.964443229948046,298
260.0,1057,0,1,0,16.001413816791743,7.667928098391674,38.31861316615407,302
261.0,1062,0,5,0,15.982496939516793,7.853107344632768,38.527670029268094,305
262.0,1064,0,2,0,15.994180728382586,8.040413533834586,38.84648378033475,305
263.0,1068,0,4,0,16.009324317453988,8.21629213483146,39.091054371177464,306
264.0,1073,0,5,0,15.99372118722371,8.397017707362535,39.30086417746962,305
265.0,1074,0,1,0,15.932580895077605,8.611731843575418,39.66003487310992,309
266.0,1080,0,6,0,15.90649317512982,8.785185185185185,39.835147881395486,314
267.0,1084,0,4,0,15.88092535299567,9.042435424354244,40.08733484933969,323
268.0,1089,0,5,0,15.856493248147492,9.280073461891643,40.30222759764646,324
269.0,1093,0,4,0,15.847128273925613,9.441903019213175,40.55741010477175,330
270.0,1099,0,6,0,15.871384559022896,9.639672429481347,40.737682319324065,333
271.0,1103,0,4,0,15.934267258574431,8.27198549410698,40.98791728708413,294
272.0,1106,0,3,0,16.000670020939232,7.343580470162749,41.27055384620702,267
273.0,1108,0,2,0,16.085999751037427,6.578519855595668,41.5841763956325,242
274.0,1111,0,3,0,16.22309248918059,6.0927092709270925,41.85005267174073,230
275.0,1113,0,2,0,16.34714867742968,5.709793351302785,42.140095906339205,219
276.0,1121,0,8,0,16.555284788125217,5.342551293487957,42.192731893526535,208
277.0,1125,0,4,0,16.748776756595372,5.022222222222222,42.383508851902214,197
278.0,1128,0,3,0,16.943393892099937,4.75177304964539,42.600467087702434,190
279.0,1133,0,5,0,17.098160409357877,4.5375110326566634,42.733027167564636,186
280.0,1139,0,6,0,17.20259003647703,4.507462686567164,42.819724935515225,181
281.0,1144,0,5,0,17.345358107100616,4.373251748251748,42.93722040543738,178
282.0,1148,0,4,0,17.495540793223128,4.279616724738676,43.08346021069076,174
283.0,1149,0,1,0,17.537361977354987,4.154046997389034,43.338175531220266,170
284.0,1151,0,2,0,17.6387206967869,3.899218071242398,43.55109887715516,164
285.0,1155,0,4,0,17.702601058959658,3.637229437229437,43.6842852556868,158
286.0,1156,0,1,0,17.699656186012408,3.4333910034602075,43.930629953861676,151
287.0,1159,0,3,0,17.72792296694225,3.3485763589301123,44.096854574551735,148
288.0,1166,0,7,0,17.779309631512653,3.224699828473413,44.109576858058425,146
289.0,1166,0,0,0,17.763387623551882,3.1132075471698113,44.387438121448916,149
290.0,1173,0,7,0,17.861670370011876,3.010230179028133,44.396233203187414,146
291.0,1175,0,2,0,17.897802574174076,2.981276595744681,44.59388293433205,144
292.0,1175,0,0,0,17.892605398419178,2.9080851063829787,44.867474817297506,146
293.0,1180,0,5,0,17.9286387487006,2.766101694915254,44.94897408371641,145
294.0,1187,0,7,0,17.918726782483844,2.6630160067396798,44.956248417245895,145
295.0,1193,0,6,0,17.927395710240532,2.592623637887678,45.00234133640837,146
296.0,1196,0,3,0,17.969775399619174,2.5301003344481607,45.16075315019105,143
297.0,1201,0,5,0,17.963004189901067,2.436303080766028,45.244111466483794,143
298.0,1202,0,1,0,17.967175527882315,2.4242928452579036,45.47773822708628,147
299.0,1205,0,3,0,17.963581745290476,2.4672199170124482,45.63620907485199,147
300.0,1206,0,1,0,17.939386241615725,2.466832504145937,45.871970926715996,149
301.0,1209,0,3,0,17.80986701762814,2.4177005789909014,46.036920057983366,146
302.0,1211,0,2,0,17.681855962073445,2.429397192402973,46.24588179584406,159
303.0,1216,0,5,0,17.566895553185244,2.4309210526315788,46.34434475015112,161
304.0,1220,0,5,1,17.509192732124923,2.4360655737704917,46.44975638821899,160
305.0,1222,0,2,0,17.458980114775272,2.5180032733224222,46.66922878692514,166
306.0,1227,0,5,0,17.414505508002396,2.5378973105134475,46.77549526545677,169
307.0,1230,0,3,0,17.36033273604176,2.504878048780488,46.96174226076253,170
308.0,1231,0,1,0,17.334660041984073,2.579203899268887,47.22628866441018,173
309.0,1234,0,3,0,17.29965782015371,2.572933549432739,47.41554921943385,180
310.0,1238,0,4,0,17.276230002916463,2.587237479806139,47.56753540203426,186
311.0,1240,0,2,0,17.23762241410292,2.5991935483870967,47.797306830667026,187
312.0,1243,0,3,0,17.19764889438885,2.6202735317779564,47.99138691657404,197
313.0,1244,0,1,0,17.192388296868874,2.680064308681672,48.26378204601087,201
314.0,1245,0,1,0,17.13337564755477,2.718875502008032,48.54022872687219,206
315.0,1246,0,1,0,17.05198931226261,2.792937399678973,48.82290115143727,210
316.0,1248,0,2,0,16.99493332396509,2.878205128205128,49.07221886619989,220
317.0,1251,0,3,0,16.93464856398729,2.920863309352518,49.285065728737656,227
318.0,1257,0,6,0,16.879469738036104,2.933969769291965,49.38138539828906,232
319.0,1259,0,2,0,16.800441625163987,2.9690230341540906,49.641135765099335,239
320.0,1264,0,5,0,16.750579021892435,3.064873417721519,49.786615412583146,248
321.0,1267,0,3,0,16.679203232057773,3.138121546961326,50.01544258424428,254
322.0,1271,0,4,0,16.600801744085704,3.2580645161290325,50.20843086783969,264
323.0,1278,0,7,0,16.550668107221558,3.430359937402191,50.2848798327699,280
324.0,1283,0,5,0,16.503343378429097,3.604053000779423,50.44560575909373,286
325.0,1289,0,6,0,16.453573498861513,3.7362296353762607,50.57036916146573,296
326.0,1294,0,5,0,16.373369172278785,3.8778979907264297,50.73505110310663,305
327.0,1298,0,4,0,16.292438773445753,4.030816640986132,50.944579588574896,315
328.0,1307,0,9,0,16.317189970846496,4.1928079571537875,50.95693334665475,319
329.0,1313,0,6,0,16.302991191364384,4.347296268088347,51.088798358720425,328
330.0,1316,0,3,0,16.26508128601425,4.512917933130699,51.33960035391665,333
331.0,1318,0,2,0,16.223071713306027,4.632018209408194,51.631351487706745,336
332.0,1323,0,5,0,16.181979998575766,4.746031746031746,51.807055762232146,341
333.0,1328,0,5,0,16.166045076456403,4.890813253012048,51.98523221199048,345
334.0,1335,0,7,0,16.177531309032872,5.014232209737828,52.08667843450195,351
335.0,1341,0,6,0,16.153964451360444,5.164802386278897,52.2294396929399,354
336.0,1345,0,4,0,16.131989799937767,5.290706319702602,52.45317159670423,360
337.0,1351,0,6,0,16.122565415437183,5.438193930421909,52.5996845302111,363
338.0,1354,0,3,0,16.088414264461733,5.621861152141802,52.86642599446468,363
339.0,1359,0,5,0,16.040672396894497,5.829286239882267,53.05672094018849,370
340.0,1364,0,5,0,16.003725324927373,6.0014662756598245,53.25145656933227,374
341.0,1369,0,5,0,16.035743767011827,6.1891891891891895,53.446704967459475,376
342.0,1372,0,3,0,16.037048015536563,6.364431486880466,53.72172250423196,382
343.0,1374,0,2,0,16.05050485545029,6.551673944687045,54.03808351473369,390
344.0,1380,0,6,0,16.023568619069405,6.728985507246377,54.19962888164152,398
345.0,1384,0,4,0,16.005238826982456,6.95592485549133,54.44330540839521,403
346.0,1386,0,2,0,15.9924372495245,7.137806637806638,54.76415347810034,403
347.0,1391,0,5,0,15.974990794600133,7.3580158159597415,54.96770402849818,412
348.0,1397,0,6,0,16.013658023574425,7.525411596277738,55.13000287717948,413
349.0,1400,0,3,0,16.003078522963094,7.724285714285714,55.410812953846744,417
350.0,1403,0,3,0,15.95740048486001,8.000712758374911,55.69362457745284,424
351.0,1409,0,6,0,15.944406406005289,8.203690560681334,55.85817099704885,429
352.0,1411,0,2,0,15.925799772740369,8.428773919206236,56.18374158594377,430
353.0,1413,0,2,0,15.938324679648707,8.660297239915074,56.510330533495534,434
354.0,1415,0,2,0,15.906098283029507,8.898233215547704,56.83985203009562,438
355.0,1417,0,2,0,15.92985204245949,9.162314749470713,57.16826605885857,441
356.0,1417,0,0,0,15.91956340131577,9.399435426958362,57.57925334796958,442
357.0,1420,0,3,0,15.949416284003219,9.622535211267605,57.86746792157873,447
358.0,1423,0,3,0,15.95849301865775,9.827125790583274,58.15342300755203,446
359.0,1432,0,9,0,15.996409127203034,10.013966480446927,58.19591017236644,450
360.0,1439,0,7,0,16.020413887490474,10.215427380125087,58.32004343963633,453
361.0,1443,0,4,0,16.05639660583768,9.047124047124047,58.56348955658699,401
362.0,1444,0,1,0,16.101727945963688,8.182825484764543,58.923812241120025,367
363.0,1448,0,4,0,16.218466775328633,7.55524861878453,59.15269372697793,344
364.0,1450,0,2,0,16.35887323951256,7.072413793103448,59.45327325715222,325
365.0,1455,0,5,0,16.52806857802988,6.740893470790378,59.6214880081354,309
366.0,1459,0,4,0,16.651636484496947,6.481836874571624,59.82127880768911,292
367.0,1460,0,1,0,16.83436817597577,6.261643835616439,60.13255881394357,281
368.0,1467,0,7,0,17.002701065465686,6.051806407634628,60.1873292663955,275
369.0,1469,0,2,0,17.14048221887361,5.863852961198094,60.4374435771293,267
370.0,1473,0,4,0,17.252298642664524,5.806517311608961,60.59716954923878,265
371.0,1475,0,2,0,17.33992666278009,5.711864406779661,60.832879184069306,264
372.0,1480,0,5,0,17.399180697146473,5.549324324324324,60.94244989872356,259
373.0,1484,0,4,0,17.451718518806242,5.46900269541779,61.09003242601479,257
374.0,1492,0,8,0,17.522845836918655,5.306300268096515,61.07043980017964,260
375.0,1496,0,4,0,17.553901502199555,5.143716577540107,61.21167224473715,257
376.0,1498,0,2,0,17.596848010000873,4.973297730307076,61.43384355147722,256
377.0,1500,0,2,0,17.625514330540717,4.770666666666667,61.653721749747554,249
378.0,1503,0,3,0,17.688183043938018,4.61144377910845,61.82833337124977,244
379.0,1505,0,2,0,17.6762282833711,4.578737541528239,62.04358458910303,243
380.0,1510,0,5,0,17.698458084642258,4.5119205298013245,62.134428371593295,242
381.0,1517,0,7,0,17.717995125899716,4.390903098220171,62.143719878416,236
382.0,1520,0,3,0,17.691897342490094,4.332236842105263,62.3184568229226,233
383.0,1522,0,2,0,17.66754645308284,4.221419185282523,62.534707918062345,231
384.0,1524,0,2,0,17.637209903522074,4.069553805774278,62.751445340573255,229
385.0,1525,0,1,0,17.596937344508373,3.9285245901639345,63.01146538412685,228
386.0,1527,0,2,0,17.590265856451968,3.767518009168304,63.23001789994891,225
387.0,1528,0,1,0,17.53789159329821,3.6858638743455496,63.48986608237411,229
388.0,1530,0,2,0,17.481602410473265,3.5248366013071895,63.71203034663451,232
389.0,1531,0,1,0,17.45876295766352,3.3964728935336383,63.976872385597524,232
390.0,1535,0,4,0,17.427519651575203,3.198697068403909,64.11872929257777,229
391.0,1539,0,4,0,17.406817810830056,3.1897335932423654,64.26176980359415,236
392.0,1540,0,1,0,17.37121980413212,3.17987012987013,64.5305384271299,239
393.0,1542,0,2,0,17.344570173745733,3.0687418936446176,64.75795244074543,241
394.0,1547,0,5,0,17.351601513258863,3.007110536522301,64.86037622942865,247
395.0,1552,0,6,1,17.332821538973153,2.9877577319587627,64.9150522460674,248
396.0,1557,0,5,0,17.329742970146476,3.0224791265253694,65.02147311123719,243
397.0,1558,0,1,0,17.319833286278726,2.993581514762516,65.29554806168271,252
398.0,1564,0,6,0,17.330152122619346,3.0191815856777495,65.36121570805332,254
399.0,1567,0,3,0,17.303141182863758,3.0051052967453735,65.5541888931263,256
400.0,1571,0,4,0,17.294391974776307,2.9840865690642904,65.70432723846531,256
401.0,1576,0,5,0,17.246529509718968,2.9663705583756346,65.81645125468636,261
402.0,1579,831,3,0,17.213241886767626,2.9639012032932235,66.01505231320853,261
403.0,1582,0,3,0,17.169818555407964,3.004424778761062,66.21663244161009,271
404.0,1583,0,1,0,17.11797295148618,3.0631711939355655,66.50516426756741,272
405.0,1586,0,3,0,17.058640192317032,3.099621689785624,66.71142534639503,282
406.0,1590,0,4,0,16.987756329433086,3.020125786163522,66.87950198540932,276
407.0,1592,0,2,0,16.965784911900364,2.977386934673367,67.13254914893473,278
408.0,1598,0,6,0,16.97166905440702,2.9217772215269084,67.21883696507753,286
409.0,1600,0,2,0,16.934812109905877,2.90875,67.47421734557778,287
410.0,1604,0,4,0,16.910157979332205,2.9258104738154613,67.645710602793,291
411.0,1607,0,3,0,16.881123258091026,2.942128189172371,67.8618243250611,293
412.0,1610,0,3,0,16.87282241666093,3.0211180124223604,68.07632793717572,301
413.0,1615,0,5,0,16.790302624701695,3.1442724458204334,68.2097590212569,307
414.0,1619,0,4,0,16.75966816220987,3.273625694873379,68.38759222264261,311
415.0,1619,0,0,0,16.752739766765227,3.3872760963557753,68.73619525575006,318
416.0,1621,0,2,0,16.725140076821774,3.5089450956199877,69.00281039485799,327
417.0,1624,0,3,0,16.708474437970658,3.6366995073891624,69.22823137429823,336
418.0,1630,0,6,0,16.730328187450333,3.760122699386503,69.32608623289461,341
419.0,1636,0,6,0,16.725678301930667,3.8942542787286065,69.42648033832556,347
420.0,1638,0,2,0,16.70234118207779,4.043956043956044,69.69880628638437,355
421.0,1641,0,3,0,16.67450163345418,4.160877513711152,69.9317499449984,366
422.0,1645,0,4,0,16.61724202852606,4.299696048632219,70.12587101068593,376
423.0,1650,0,5,0,16.565958405131333,4.428484848484849,70.27908864319163,391
424.0,1652,0,2,0,16.519007425646116,4.606537530266344,70.56516308298693,396
425.0,1654,0,2,0,16.456548759115133,4.748488512696493,70.85330474472332,401
426.0,1659,0,5,0,16.43755812151562,4.887884267631103,71.01694986953514,412
427.0,1662,0,3,0,16.413219350652586,5.037906137184115,71.26817604039124,418
428.0,1667,0,5,0,16.378800066819878,5.17996400719856,71.43576311040573,427
429.0,1669,0,2,0,16.39236463800494,5.3373277411623725,71.73185525249022,435
430.0,1673,0,4,0,16.383403768492858,5.506276150627615,71.9431076923384,444
431.0,1676,0,3,0,16.32147878230194,5.670047732696897,72.1991497565788,451
432.0,1678,0,2,0,16.276734050872232,5.910607866507747,72.50115334134426,460
433.0,1681,0,3,0,16.25984837913307,6.088637715645449,72.76147010818676,465
434.0,1685,0,4,0,16.22287236870623,6.2795252225519285,72.98032743148993,466
435.0,1688,0,3,0,16.22089512782224,6.462677725118484,73.24518556113979,472
436.0,1690,0,2,0,16.193250054487866,6.658579881656805,73.55556491102558,480
437.0,1692,0,2,0,16.178634856129705,6.865839243498818,73.86686438709764,488
438.0,1695,0,3,0,16.168758969918358,7.064896755162242,74.13529032056663,498
439.0,1698,0,3,0,16.133598403954192,7.340989399293286,74.40518638621083,508
440.0,1702,0,4,0,16.113328916236053,7.545828437132785,74.63351949733656,513
441.0,1710,0,8,0,16.10185464433047,7.74327485380117,74.69019479832784,519
442.0,1712,0,2,0,16.100859067273028,7.958528037383178,75.00823640840062,520
443.0,1716,0,5,1,16.077302103666014,8.175407925407926,75.22292746460828,531
444.0,1718,0,2,0,16.080642348683757,8.443538998835855,75.54210264845453,533
445.0,1723,0,5,0,16.0599557387099,8.67382472431805,75.73122768328535,542
446.0,1725,0,2,0,16.039454655994323,8.935072463768115,76.0519898629922,548
447.0,1730,0,5,0,16.022076214725594,9.176878612716763,76.2424342734663,548
448.0,1731,0,1,0,15.983227425652668,9.434430964760255,76.60960167492031,553
449.0,1735,0,4,0,15.93630828884261,9.710086455331412,76.84652525941156,558
450.0,1740,0,5,0,15.91570868911527,9.963218390804597,77.04133267884706,568
451.0,1744,0,4,0,15.965637149605934,8.839449541284404,77.27778827396449,511
452.0,1746,0,2,0,16.03723328405559,7.991408934707904,77.59657387798737,461
453.0,1746,0,0,0,16.123515404281115,7.315005727376861,77.99723564755456,423
454.0,1749,0,3,0,16.26116565579253,6.834762721555174,78.25441132869639,396
455.0,1751,0,2,0,16.41047186647972,6.516276413478012,78.54544418723067,375
456.0,1754,0,3,0,16.586661339954286,6.204675028506271,78.78040692759735,352
457.0,1758,0,4,0,16.768074249308256,5.948805460750854,78.9572396078913,337
458.0,1761,0,3,0,16.973660769361768,5.822827938671209,79.16738229655765,332
459.0,1763,0,2,0,17.123870301734062,5.7192285876347135,79.41305433274172,325
460.0,1766,0,3,0,17.25382800875867,5.765005662514156,79.60580252055848,321
461.0,1769,0,3,0,17.379954150765,5.695308083663086,79.79067423405512,317
462.0,1772,0,3,0,17.47650609026333,5.700338600451468,79.96930499007296,318
463.0,1775,0,3,0,17.548042790236565,5.686760563380282,80.14229162643235,321
464.0,1776,0,1,0,17.59599906364793,5.625,80.4019091367211,319
465.0,1781,0,5,0,17.671221495715628,5.487928130263897,80.47693161905599,315
466.0,1782,0,1,0,17.701670090507058,5.3552188552188555,80.72962259930203,308
467.0,1784,0,2,0,17.746353290573357,5.220291479820628,80.9336032528821,304
468.0,1786,0,2,0,17.791137350574765,5.136618141097425,81.13452073749481,295
469.0,1789,0,3,0,17.80856426500672,5.085522638345444,81.28927834001519,293
470.0,1794,0,5,0,17.83253011845265,5.093088071348941,81.35169726103425,295
471.0,1796,0,2,0,17.843189980780522,5.0244988864142535,81.5495961371827,292
472.0,1799,0,3,0,17.849229166812286,5.026681489716509,81.70185778427286,291
473.0,1801,0,2,0,17.83989940864632,4.920599666851749,81.90023056959834,289
474.0,1803,0,2,0,17.86397985421932,4.787576261785913,82.09870085889918,288
475.0,1807,0,4,0,17.873254592889815,4.667404537908135,82.20700882086588,283
476.0,1812,0,5,0,17.900322530312383,4.5739514348785875,82.26899327900517,284
477.0,1816,0,4,0,17.87831834114916,4.455947136563877,82.37840685598316,284
478.0,1820,0,4,0,17.878610165298003,4.420879120879121,82.48843687471758,286
479.0,1825,0,5,0,17.87564024109253,4.3024657534246575,82.55352578586033,285
480.0,1826,0,1,0,17.847038502485397,4.224534501642935,82.80111877217736,286
481.0,1826,0,0,0,17.767238952384297,4.171412924424972,83.09863461383051,292
482.0,1828,0,2,0,17.735114808758507,4.12582056892779,83.30734439915604,291
483.0,1833,0,5,0,17.69583650088464,4.097108565193672,83.38062183306914,297
484.0,1834,0,1,0,17.63061504713249,4.064340239912759,83.63926951132488,300
485.0,1838,0,4,0,17.617730174928976,3.998367791077258,83.762245690823,301
486.0,1841,0,4,1,17.612018555936398,3.9261271048343294,83.85293879146917,303
487.0,1846,0,5,0,17.59411324785966,3.8613217768147345,83.93268415564695,312
488.0,1850,0,4,0,17.566662000374922,3.8335135135135134,84.05865621924069,311
489.0,1852,0,2,0,17.544938750323503,3.776997840172786,84.27740735075761,313
490.0,1854,0,2,0,17.474781112870513,3.736245954692557,84.49906226109849,317
491.0,1857,0,3,0,17.450534803807464,3.6930533117932147,84.67562086263774,320
492.0,1859,0,2,0,17.436323072793996,3.6745562130177514,84.90043235814301,330
493.0,1861,0,2,0,17.38586301572633,3.632455668995164,85.12616354968495,329
494.0,1866,0,5,0,17.371765162833892,3.598070739549839,85.2176043253632,332
495.0,1868,0,2,0,17.304744731534335,3.6525695931477515,85.4488829403623,337
496.0,1871,0,3,0,17.293146426832898,3.5505077498663815,85.6361824948807,338
497.0,1873,0,2,0,17.248334199124205,3.5269620928990926,85.87139949179223,340
498.0,1877,0,4,0,17.23134589915207,3.5151838039424614,86.01648421103668,344
499.0,1885,0,8,0,17.22291784719697,3.503978779840849,85.98116445694664,352
500.0,1889,0,4,0,17.18968010263144,3.528851244044468,86.13066207376288,359
501.0,1890,0,1,0,17.151900759702414,3.5566137566137566,86.41947823914737,366
502.0,1896,0,6,0,17.153974949072406,3.6587552742616034,86.48037973539084,377
503.0,1900,0,4,0,17.1336608019189,3.8063157894736843,86.63462436509369,385
504.0,1905,0,5,0,17.134294199875693,3.973228346456693,86.74670543245668,395
505.0,1910,0,5,0,17.107748387611622,4.0947643979057595,86.8608338379482,395
506.0,1913,0,3,0,17.057234546037343,4.2273915316257185,87.0695094961119,411
507.0,1916,0,3,0,16.99889595578529,4.360125260960334,87.28066861112475,419
508.0,1920,0,4,0,16.94976439987641,4.508333333333334,87.44914315650105,430
509.0,1922,0,2,0,16.881274444994922,4.678459937565036,87.71161554923061,444
510.0,1925,0,3,0,16.800905451812984,4.852467532467532,87.93142053876294,455
511.0,1928,0,3,0,16.74216949223645,4.962655601659751,88.15486302243833,463
512.0,1929,0,1,0,16.667453966071598,5.132192846034215,88.47375709121624,470
513.0,1934,0,5,0,16.599956170139176,5.28593588417787,88.61254311899371,475
514.0,1940,0,6,0,16.546236823730407,5.421134020618557,88.71033313611103,491
515.0,1941,0,2,1,16.494434010911238,5.595569294178259,88.97576781181287,495
516.0,1945,0,4,0,16.44812292048741,5.720308483290489,89.16976328283799,497
517.0,1948,0,4,1,16.352129167049387,5.868583162217659,89.352687155315,506
518.0,1952,0,4,0,16.343458963912145,6.028176229508197,89.55361399833201,520
519.0,1954,0,2,0,16.278730166139937,6.202149437052201,89.84912402784263,530
520.0,1959,0,5,0,16.23313733363522,6.394078611536498,90.0097532901022,536
521.0,1963,0,4,0,16.227525614785435,6.577177789098319,90.21975013017408,545
522.0,1970,0,7,0,16.176060321344515,6.77258883248731,90.29462290130574,556
523.0,1976,0,6,0,16.11218503415347,6.946356275303644,90.41912008929259,562
524.0,1977,0,1,0,16.086065546788063,7.143146181082448,90.7758703391503,569
525.0,1982,0,5,0,16.079445167394084,7.329465186680121,90.94972560936287,572
526.0,1988,0,6,0,16.098566496921954,7.527162977867203,91.07713486965447,584
527.0,1992,0,4,0,16.076993608339073,7.752510040160643,91.29800634600578,591
528.0,1995,0,4,1,16.066569917751714,7.95889724310777,91.53771135670847,597
529.0,2001,0,6,0,16.04466918115963,8.203898050974512,91.66924186976091,612
530.0,2005,0,4,0,16.042686325443718,8.415461346633416,91.89291093033208,618
531.0,2007,0,2,0,16.026675301298443,8.639760837070254,92.20822337299323,621
532.0,2009,0,2,0,16.01580855040439,8.859631657541065,92.5239721879118,630
533.0,2012,0,3,0,16.02185084793296,9.118787276341948,92.79363554098714,636
534.0,2015,0,3,0,16.027272248865053,9.378163771712158,93.06342473044577,645
535.0,2015,0,0,0,16.003345211125005,9.62531017369727,93.47357277065684,646
536.0,2015,0,1,1,16.003489935253693,9.923076923076923,93.87257857059863,653
537.0,2017,0,2,0,16.00556917806159,10.162121963311849,94.190173533711,655
538.0,2019,0,3,1,15.99083416450143,10.432887568103022,94.5007227611198,664
539.0,2022,0,3,0,16.00331435824791,10.686449060336301,94.77198299627076,667
540.0,2027,0,5,0,15.983057735190359,10.905278737049827,94.95128246489374,667
541.0,2028,0,1,0,16.00959108163956,9.494082840236686,95.31498410029647,588
542.0,2034,0,6,0,16.153594442516344,8.469026548672566,95.43598269291518,527
543.0,2039,0,5,0,16.300062987147108,7.745953898970083,95.59401521273207,481
544.0,2046,0,7,0,16.48269917325454,7.158357771260997,95.64662638248971,444
545.0,2048,0,2,0,16.666086306526754,6.8154296875,95.92070237652706,421
546.0,2051,0,3,0,16.8513351364372,6.581179912237933,96.13561979904948,403
547.0,2057,0,6,0,17.054673549979462,6.390860476421974,96.19811952528978,386
548.0,2064,0,7,0,17.250815653146777,6.232558139534884,96.20410199258161,381
549.0,2068,0,4,0,17.407587935720645,6.075435203094777,96.34051931718349,370
550.0,2073,0,5,0,17.55274778411155,5.978774722624216,96.42270522361304,364
551.0,2076,0,3,0,17.639769199072077,5.84393063583815,96.5928299202594,358
552.0,2078,0,2,0,17.71936025616716,5.762752646775746,96.80470583600994,351
553.0,2082,0,4,0,17.777636261696742,5.647934678194044,96.9196639280852,343
554.0,2084,0,2,0,17.826381763240345,5.502399232245681,97.12545314942814,342
555.0,2086,0,3,1,17.866329265895853,5.401725790987536,97.32047469634617,339
556.0,2089,0,3,0,17.899136556767935,5.206318812829105,97.47400628359364,330
557.0,2090,0,1,0,17.944779726995282,5.1488038277511965,97.71719679787721,326
558.0,2092,0,2,0,17.969406088929166,5.013862332695985,97.91126972805803,322
559.0,2094,0,2,0,17.991156330454203,4.883476599808978,98.10410035816598,318
560.0,2095,0,1,0,18.00758948508611,4.7861575178997615,98.34152972606883,319
561.0,2094,0,0,1,17.998534240276086,4.711079274116523,98.66795953845818,319
562.0,2096,0,3,1,17.989556532153628,4.630248091603053,98.85280248387399,318
563.0,2099,0,3,0,17.99947459054631,4.506431634111482,98.99800770702532,313
564.0,2100,0,1,0,17.99450648424945,4.368571428571428,99.23806169894075,310
565.0,2104,0,4,0,17.975216107641682,4.199619771863118,99.33694515049393,311
566.0,2107,0,3,0,17.995409771234275,4.074988134788799,99.48212152806194,314
567.0,2113,0,6,0,17.99993419485246,3.9943208707998106,99.48685319468395,313
568.0,2120,0,8,1,18.011628474571197,3.8943396226415095,99.43940685520694,315
569.0,2122,0,2,0,17.969696079519647,3.836475023562677,99.63465712472089,317
570.0,2123,0,1,0,17.948786869653862,3.716439001413095,99.87805948946509,319
571.0,2127,0,4,0,17.951180697118847,3.6426892336624355,99.98004602151613,315
572.0,2130,0,3,0,17.905500265078718,3.5220657276995304,100.13138200727728,311
573.0,2132,0,2,0,17.87487552677603,3.4681050656660415,100.33170185361611,308
574.0,2134,0,2,0,17.857867731642486,3.402061855670103,100.5329218813538,314
575.0,2137,0,3,0,17.839526860475107,3.339260645765091,100.68887753763322,315
576.0,2140,0,3,0,17.792240159945372,3.2663551401869158,100.84837736313513,313
577.0,2144,0,4,0,17.774062290380837,3.240205223880597,100.96290040651898,312
578.0,2149,0,6,1,17.696469860284573,3.170311772917636,101.02775566873824,316
579.0,2155,0,6,0,17.655281005181823,3.140139211136891,101.05485327820794,327
580.0,2157,0,2,0,17.603844178948172,3.1186833565136762,101.27323015428429,336
581.0,2160,0,3,0,17.546158041625795,3.1125,101.44663861793028,345
582.0,2164,0,4,0,17.503866203392402,3.097042513863216,101.5761165623255,354
583.0,2170,0,6,0,17.463799642349436,3.083410138248848,101.61511745118106,357
584.0,2171,0,1,0,17.38946457180449,3.1082450483648087,101.89177797512143,362
585.0,2175,0,5,1,17.30826678400653,3.1177011494252875,102.02501093677617,367
586.0,2179,0,4,0,17.241352214600994,3.1124368976594767,102.1686489057604,374
587.0,2185,0,6,0,17.18682275503781,3.117162471395881,102.22037711756099,382
588.0,2188,0,3,0,17.158765958329948,3.130255941499086,102.41563458097585,393
589.0,2190,0,2,0,17.116669524173677,3.173972602739726,102.66051578761312,408
590.0,2194,0,4,0,17.06964478244138,3.208295350957156,102.81616273692046,421
591.0,2198,0,4,0,17.008202191708413,3.31073703366697,102.97323377308427,441
592.0,2201,0,3,0,16.972423200675184,3.4266242616992275,103.1797018661493,452
593.0,2203,0,2,0,16.944152759296,3.5882886972310484,103.43350277895395,463
594.0,2208,0,5,0,16.874719554605168,3.757699275362319,103.54967490933988,480
595.0,2212,0,4,0,16.84664892121578,3.901898734177215,103.71626381512077,488
596.0,2214,0,4,2,16.823143407698026,4.058265582655826,103.95944575990262,497
597.0,2219,0,5,0,16.78925685369543,4.210004506534475,104.08393098133978,506
598.0,2222,0,5,2,16.754721325127765,4.3937893789378935,104.27601466723559,520
599.0,2228,0,6,0,16.74895358071178,4.567324955116697,104.35815623285603,533
600.0,2229,0,2,1,16.67972248808562,4.752803947958726,104.67024461804726,539
601.0,2233,0,4,0,16.6450096458691,4.890729959695477,104.85433350187647,546
602.0,2236,861,3,0,16.58384456870176,5.033094812164579,105.08893559620326,557
603.0,2237,0,2,1,16.54325047558506,5.1890925346446135,105.40316357197523,567
604.0,2242,0,6,1,16.526946423195096,5.332292595896521,105.49831809876541,577
605.0,2248,0,6,0,16.495848421872836,5.480871886120997,105.59993792743457,584
606.0,2250,0,2,0,16.44984153979255,5.651555555555555,105.89112173921664,594
607.0,2254,0,5,1,16.447038657576645,5.853149955634428,106.08192759741638,609
608.0,2256,0,3,1,16.438482244022655,6.049202127659575,106.34942979583371,619
609.0,2258,0,2,0,16.418673216741972,6.252435783879539,106.64455534411752,627
610.0,2264,0,6,0,16.43740381267753,6.448321554770318,106.75131141674703,636
611.0,2269,0,6,1,16.452639715241634,6.633318642573821,106.89942743034572,641
612.0,2272,0,3,0,16.42657458365502,6.804577464788732,107.15115323921194,646
613.0,2274,0,3,1,16.402622161885283,7.029463500439753,107.44445685883157,658
614.0,2278,0,4,0,16.37322199860418,7.2664618086040385,107.6524546824657,663
615.0,2281,0,3,0,16.349847105861265,7.481367821131083,107.90918531300859,665
616.0,2287,0,6,0,16.3515757559749,7.695671184958461,108.02446717383465,675
617.0,2292,0,5,0,16.338174885382912,7.921902268760907,108.18789688130195,684
618.0,2296,0,4,0,16.316983937101462,8.172038327526133,108.40015333106099,692
619.0,2301,0,5,0,16.337111246401907,8.377661886136462,108.56494516541723,697
620.0,2305,0,4,0,16.284215599679815,8.632537960954448,108.77917744590002,709
621.0,2310,0,6,1,16.29214283790575,8.867099567099567,108.93321047160673,719
622.0,2310,0,1,1,16.288968063430165,9.121212121212121,109.33154318081526,725
623.0,2314,0,4,0,16.27376991483538,9.36171132238548,109.54933954506096,732
624.0,2315,0,1,0,16.289127685538094,9.627645788336933,109.90849384817467,738
625.0,2316,0,1,0,16.268503546214895,9.89594127806563,110.26917327556546,744
626.0,2319,0,3,0,16.233146744847268,10.129797326433808,110.53616941606441,750
627.0,2323,0,4,0,16.20257516613249,10.405510116229014,110.75688596129744,756
628.0,2328,0,5,0,16.191689450980423,10.67225085910653,110.93084029969755,761
629.0,2333,0,5,0,16.16537043326369,10.919845692241749,111.10596600712059,764
630.0,2334,0,1,0,16.12303342790924,11.212082262210798,111.47323780151889,775
631.0,2336,0,3,1,16.231887606083447,9.946917808219178,111.77964401799807,690
632.0,2337,0,2,1,16.347993428094817,8.9867351305092,112.12424186371823,624
633.0,2339,0,3,1,16.475041304938017,8.209491235570757,112.41221586088723,572
634.0,2339,0,1,1,16.602754379168363,7.591705857203933,112.78418924788912,527
635.0,2343,0,4,0,16.76630399732911,7.124199743918054,112.9636089955067,493
636.0,2345,0,2,0,16.929542804669026,6.794029850746269,113.22774267927502,468
637.0,2348,0,3,0,17.06088718798697,6.600936967632027,113.43329973489348,458
638.0,2353,0,5,0,17.22909853095004,6.402889927751806,113.5313305543748,446
639.0,2357,0,4,0,17.365754013354167,6.245226983453542,113.66818382795637,435
640.0,2362,0,5,0,17.501777858282786,6.166807790008467,113.74926679895597,427
641.0,2366,0,4,0,17.578265734717625,6.044378698224852,113.87279998896175,425
642.0,2368,0,2,0,17.668493802885983,5.922297297297297,114.08699630766083,416
643.0,2368,0,0,0,17.721396492122313,5.858108108108108,114.3936903379733,409
644.0,2372,0,4,0,17.782503526778225,5.736087689713322,114.50351279630222,404
645.0,2375,0,3,0,17.844140274348746,5.571789473684211,114.6596487734644,396
646.0,2380,0,5,0,17.871805976999898,5.432773109243698,114.71670548819273,392
647.0,2382,0,2,0,17.88532590154916,5.291771620486986,114.91799437400587,388
648.0,2386,0,4,0,17.93477152650026,5.1827326068734285,115.02046807078554,384
649.0,2388,0,4,2,17.93358457141932,5.040619765494137,115.20567719509899,380
650.0,2389,0,1,0,17.944513074179532,4.934700711594809,115.45192596503774,377
651.0,2388,0,0,1,17.930142180045497,4.892797319932998,115.77769650291916,375
652.0,2391,0,3,0,17.92529186024691,4.786281890422417,115.92680580184008,371
653.0,2397,0,6,0,17.958193146723534,4.697538589904047,115.93176215667415,370
654.0,2399,0,2,0,17.969318135129534,4.561900791996665,116.129645413332,368
655.0,2401,0,2,0,17.958612441035957,4.446480633069554,116.32832346625185,363
656.0,2404,0,4,1,17.938726183960778,4.314891846921797,116.47404544735721,359
657.0,2408,0,4,0,17.92562194822564,4.251661129568106,116.57886136702884,367
658.0,2410,0,2,0,17.904891265487404,4.144398340248963,116.78200556239318,369
659.0,2412,0,2,0,17.912383149371138,4.082504145936982,116.98462895992903,374
660.0,2416,0,4,0,17.882717385085876,3.9850993377483444,117.09194023981108,372
661.0,2422,0,6,0,17.84714837683439,3.852188274153592,117.10512608359878,370
662.0,2424,0,2,0,17.814324700206615,3.83003300330033,117.31383727333184,379
663.0,2427,0,3,0,17.793764274549122,3.8104655953852493,117.47640897215295,377
664.0,2428,0,1,0,17.7507132922055,3.75,117.73674669454351,378
665.0,2430,0,2,0,17.737511210333285,3.7037037037037037,117.95091159480731,379
666.0,2435,0,5,0,17.68394533322271,3.6969199178644763,118.02128442486293,389
667.0,2438,0,3,0,17.644914969088475,3.640689089417555,118.19240591523328,386
668.0,2441,0,3,0,17.626156814276307,3.5743547726341665,118.36460770347072,391
669.0,2445,0,5,1,17.562279048684893,3.5885480572597137,118.4845729784459,397
670.0,2449,0,4,0,17.538961048993507,3.552062066149449,118.61436963888904,404
671.0,2450,0,2,1,17.507027506679048,3.586938775510204,118.87314414115397,415
672.0,2452,0,2,0,17.478534391541242,3.5958401305057097,119.10378037071592,425
673.0,2460,0,8,0,17.447153546435132,3.653658536585366,119.04628466312126,440
674.0,2463,0,3,0,17.39662205015744,3.6792529435647583,119.23370349129335,448
675.0,2462,0,0,1,17.337046543209713,3.7339561332250204,119.61169386720375,453
676.0,2463,0,1,0,17.27228198684051,3.687779131140885,119.90433959825836,457
677.0,2463,0,1,1,17.212828573716934,3.6378400324807147,120.24284689939624,463
678.0,2465,0,2,0,17.16987240377729,3.6608519269776876,120.49263761821784,473
679.0,2470,0,5,0,17.157389527111327,3.6437246963562755,120.59675141626833,481
680.0,2475,0,5,0,17.14846370326526,3.694949494949495,120.70138881531972,497
681.0,2478,0,3,0,17.10534042075939,3.7429378531073447,120.90443125010437,499
682.0,2483,0,5,0,17.05108841666357,3.8320579943616595,121.01169775528207,509
683.0,2486,0,3,0,17.012862040837398,3.9537409493161704,121.2195957347943,527
684.0,2492,0,7,1,17.025052334231695,4.059791332263242,121.27606809422659,542
685.0,2496,0,4,0,17.00302905142433,4.1975160256410255,121.43708123557462,553
686.0,2501,0,5,0,16.9832821753526,4.343462614954018,121.55135922143505,563
687.0,2507,0,6,0,16.960429476413154,4.454726765057838,121.61976097073307,577
688.0,2510,0,3,0,16.932450659717528,4.580478087649403,121.8357327381612,590
689.0,2512,0,2,0,16.87491552277094,4.710191082802548,122.10284757808124,594
690.0,2514,0,2,0,16.829498104382075,4.853221957040573,122.37289703928592,605
691.0,2517,0,3,0,16.803021000763103,4.9566944775526425,122.59483718052346,614
692.0,2523,0,6,0,16.784859291109214,5.113753468093539,122.67355610256583,617
693.0,2529,0,6,0,16.770863574638266,5.275998418347172,122.75476074753874,633
694.0,2535,0,6,0,16.74584580609672,5.421696252465483,122.83704723998352,639
695.0,2541,0,6,0,16.714923034498902,5.593467138921684,122.92116795292837,645
696.0,2545,0,4,0,16.66353259524819,5.766994106090373,123.10573637111683,653
697.0,2546,0,1,0,16.624201826028873,5.93872741555381,123.43707209808922,657
698.0,2546,0,0,0,16.59710607993396,6.115082482325216,123.81900256093603,665
699.0,2549,0,4,1,16.57273909150955,6.296979207532366,124.02437566742807,683
700.0,2553,0,5,1,16.561061473915704,6.503721112416764,124.20666009480449,687
701.0,2558,0,5,0,16.542342403479612,6.666536356528538,124.34985743199357,697
702.0,2562,0,4,0,16.494763022377573,6.882123341139734,124.5448665454829,708
703.0,2566,0,4,0,16.493106474864447,7.075993764614186,124.74028310050988,716
704.0,2569,0,3,0,16.46942363187409,7.264305177111717,124.98584146249202,725
705.0,2572,0,3,0,16.465476017450978,7.484836702954899,125.23311950322532,734
706.0,2576,0,4,0,16.459129998537485,7.687888198757764,125.43296214864033,732
707.0,2579,0,3,0,16.419375007297205,7.920124079100426,125.68276541416269,743
708.0,2578,0,0,1,16.4024064660197,8.175717610550814,126.12369998622253,751
709.0,2580,0,3,1,16.35435667580107,8.404263565891473,126.41918775672708,757
710.0,2578,0,1,3,16.28561480908186,8.66757176105508,126.87413415416152,763
711.0,2582,0,4,0,16.262652336184434,8.892331525948876,127.08162227693796,768
712.0,2588,0,6,0,16.24287321313806,9.1016228748068,127.19174513774736,775
713.0,2594,0,6,0,16.22766165846771,9.343099460292985,127.30320813390732,784
714.0,2597,0,3,0,16.194397993891325,9.574123989218329,127.56289981499054,790
715.0,2598,0,1,0,16.17351486534828,9.836412625096228,127.92193649452717,799
716.0,2601,0,3,0,16.168061462677873,10.074586697424067,128.18486622007353,813
717.0,2602,0,1,0,16.152449978093046,10.33858570330515,128.54690152116478,811
718.0,2604,0,2,0,16.123726820571452,10.566436251920123,128.8611355727328,820
719.0,2607,0,3,0,16.08209268167929,10.827387802071346,129.12752457408118,826
720.0,2609,0,2,0,16.058167801642412,11.081640475277885,129.44477282112481,836
721.0,2611,0,2,0,16.126304568728273,9.67828418230563,129.75701895468538,732
722.0,2613,0,3,1,16.221723120690015,8.741676234213548,130.05339576999918,660
723.0,2620,0,7,0,16.391613978920685,8.025190839694657,130.10061072006863,613
724.0,2622,0,2,0,16.544286633181137,7.495423340961098,130.38655102876405,574
725.0,2623,0,1,0,16.682616418266743,7.150590926420129,130.7121144438166,552
726.0,2627,0,4,0,16.84653222088062,6.915112295393985,130.87696162204307,532
727.0,2628,0,1,0,17.0025997212085,6.705098934550989,131.1800890468581,516
728.0,2630,0,4,2,17.154338684780626,6.528136882129278,131.40410413374164,515
729.0,2634,0,4,0,17.262255371235927,6.351556567957479,131.54231689626963,504
730.0,2637,0,4,1,17.34005363795733,6.261660978384528,131.71622096150048,496
731.0,2640,0,3,0,17.385194865111924,6.155681818181818,131.89611282194542,486
732.0,2640,0,1,1,17.42635796208355,6.028030303030303,132.21554550327238,483
733.0,2640,0,1,1,17.466516958208764,5.904545454545454,132.53245709323946,477
734.0,2642,0,2,0,17.502102406894206,5.733535200605602,132.75367229428502,473
735.0,2649,0,7,0,17.543054601052024,5.5790864477161195,132.72191497759752,469
736.0,2653,0,5,1,17.553815151926116,5.4485488126649075,132.83112766084255,465
737.0,2657,0,4,0,17.575193233327106,5.368837034249153,132.94673056737793,457
738.0,2659,0,2,0,17.59400645634201,5.2711545693869875,133.15984637948378,450
739.0,2661,0,2,0,17.602647101727854,5.160090191657272,133.3717997465139,443
740.0,2661,0,0,0,17.60887454799351,5.093949642991356,133.6828490445956,449
741.0,2661,0,2,2,17.583723932323878,5.063134160090192,133.98056719158592,451
742.0,2664,0,3,0,17.571236704425157,4.966216216216216,134.14147090935518,447
743.0,2668,0,4,0,17.556720589748796,4.831334332833583,134.25225465624288,442
744.0,2671,0,4,1,17.560547166242014,4.816922500935979,134.2791816634004,444
745.0,2675,0,4,0,17.53917902723498,4.658691588785047,134.39100681697383,440
746.0,2678,0,3,0,17.54531263169023,4.534353995519044,134.551875755697,434
747.0,2683,0,5,0,17.552734841431022,4.418934029071934,134.61194020701663,439
748.0,2688,0,5,0,17.55353322022496,4.3273809523809526,134.67300598315467,435
749.0,2689,0,1,0,17.538743259358025,4.219784306433619,134.9350381537787,443
750.0,2697,0,8,0,17.538023211666292,4.1053021876158695,134.8474853991749,442
751.0,2699,0,2,0,17.507512708961855,4.068914412745461,135.06146658945778,446
752.0,2701,0,2,0,17.49220122858105,3.9503887449092927,135.2773099283095,445
753.0,2706,0,5,0,17.451847241889013,3.8780487804878048,135.3449695842145,443
754.0,2708,0,2,0,17.418674437857963,3.7991137370753325,135.56548387360124,442
755.0,2709,0,1,0,17.387291359311536,3.725359911406423,135.83834293487087,440
756.0,2713,0,4,0,17.373958504792927,3.715075562108367,135.96217352005166,447
757.0,2714,0,2,1,17.321028816447082,3.6153279292557112,136.17814214053917,447
758.0,2716,0,4,2,17.291467294188827,3.5250368188512518,136.39269974519925,446
759.0,2719,0,4,1,17.276715954477087,3.5321809488782643,136.56430302058212,457
760.0,2719,0,0,0,17.20705826391544,3.449062155204119,136.89829287216327,468
761.0,2720,0,2,1,17.15409879821668,3.458455882352941,137.13059774490443,475
762.0,2722,0,2,0,17.117031993617207,3.505143277002204,137.3695206829178,488
763.0,2725,0,3,0,17.067946352805826,3.4656880733944955,137.5600584036065,486
764.0,2731,0,6,0,17.034705260125335,3.447088978396192,137.60016940432814,503
765.0,2733,0,2,0,16.989743232158574,3.4701792901573363,137.84608267867287,516
766.0,2735,0,2,0,16.974733647964968,3.415356489945155,138.09235935653928,520
767.0,2738,0,3,0,16.927562629194654,3.439737034331629,138.29114465890808,525
768.0,2740,0,2,0,16.88590410233179,3.4678832116788323,138.54179551966675,535
769.0,2744,0,4,0,16.859849796820917,3.486880466472303,138.694125580045,537
770.0,2750,0,6,0,16.81787544403845,3.593818181818182,138.74727542293928,551
771.0,2754,0,4,0,16.778245174784878,3.654320987654321,138.90490811977162,564
772.0,2755,0,1,0,16.74867393411416,3.706715063520871,139.21472863203846,576
773.0,2759,0,4,0,16.69612921955738,3.8303733236679958,139.37468119939908,592
774.0,2760,0,2,1,16.633508563742403,3.996376811594203,139.68237275943557,608
775.0,2762,0,2,0,16.592458178529075,4.132874728457639,139.94720367512954,616
776.0,2767,0,5,0,16.559108175655613,4.279002529815685,140.0617588512345,629
777.0,2770,0,3,0,16.543874348281573,4.422382671480144,140.27930375813463,651
778.0,2773,0,3,0,16.51837526685087,4.566173818968626,140.49796575470288,656
779.0,2780,0,7,0,16.493839998533307,4.693884892086331,140.51500557752394,663
780.0,2783,0,3,0,16.423610896210842,4.862738052461372,140.73793301126824,670
781.0,2785,0,2,0,16.405986476276258,4.952603231597846,141.01189617795126,681
782.0,2788,0,3,0,16.37281152455908,5.07532281205165,141.23822088780452,690
783.0,2794,0,6,0,16.372500317980247,5.188976377952756,141.3147274246524,704
784.0,2798,0,5,1,16.37511109323052,5.296283059328092,141.48717220845887,712
785.0,2801,0,3,0,16.354534816041895,5.434487682970368,141.71808262155986,715
786.0,2806,0,5,0,16.342994867475507,5.552387740555951,141.8486627947877,721
787.0,2809,0,3,0,16.339123905162108,5.725525097899609,142.0824888109033,733
788.0,2811,0,3,1,16.33241490088712,5.8776236214870154,142.36164761557723,737
789.0,2816,0,5,0,16.322837687205066,6.046875,142.4946369425891,749
790.0,2822,0,6,0,16.324590232828797,6.228915662650603,142.57881902418276,761
791.0,2828,0,6,0,16.31109098457534,6.355374823196605,142.66357804108844,758
792.0,2831,0,3,0,16.29036713520375,6.506181561285765,142.90114531027484,759
793.0,2835,0,4,0,16.28882449644896,6.707936507936508,143.0886956440239,771
794.0,2838,0,3,0,16.267120945102036,6.908386187455955,143.3280429184091,777
795.0,2838,0,1,1,16.236903832762685,7.127906976744186,143.71518062218638,784
796.0,2838,0,0,0,16.193346540565884,7.323467230443975,144.11023211155077,789
797.0,2842,0,4,0,16.147802586562246,7.5021111893033074,144.30431948562344,798
798.0,2847,0,5,0,16.102061851385695,7.709167544783983,144.44919727000777,808
799.0,2848,0,1,0,16.083902901493982,7.923455056179775,144.798353560884,815
800.0,2851,0,3,0,16.05810703894686,8.146965976850227,145.04827432776935,822
801.0,2856,0,6,1,16.030332080934322,8.353641456582633,145.15900038614535,826
802.0,2857,0,2,1,16.02408744352538,8.557927896394819,145.50942780806432,833
803.0,2858,863,1,0,15.996886770396415,8.763470958712386,145.86497867941014,837
804.0,2861,0,3,0,15.96867602859381,9.006641034603286,146.12029314619082,853
805.0,2866,0,5,0,15.961799621943191,9.228890439637125,146.27481163911062,862
806.0,2867,0,1,0,15.933534048306743,9.451342867108476,146.63534682799323,867
807.0,2867,0,0,0,15.905028897402016,9.690268573421696,147.0487193842817,878
808.0,2870,0,3,0,15.89116820166057,9.92752613240418,147.31035843638506,890
809.0,2874,0,4,0,15.886589671507245,10.164578983994433,147.52047598049364,896
810.0,2882,0,8,0,15.875958548704038,10.39590562109646,147.52684201332707,895
811.0,2885,0,4,1,15.93906892490758,9.01733102253033,147.77864118974364,782
812.0,2889,0,4,0,16.03657974097033,8.281758393907927,147.9772646966911,717
813.0,2889,0,0,0,16.170927475942033,7.798200069228106,148.37190146035735,665
814.0,2890,0,1,0,16.30176419186377,7.412456747404844,148.70587711326235,636
815.0,2893,0,3,0,16.460449279858924,7.095057034220532,148.92598040387742,608
816.0,2896,0,3,0,16.608750211612417,6.86982044198895,149.1368347424784,574
817.0,2898,0,3,1,16.74247954819696,6.686335403726708,149.38447253021008,559
818.0,2900,0,2,0,16.85131795117547,6.568965517241379,149.62979376383853,554
819.0,2902,0,2,0,16.931731035884656,6.482081323225362,149.86938243881957,551
820.0,2906,0,4,0,17.0142573959468,6.386441844459738,150.00062619329384,543
821.0,2911,0,5,0,17.071806009313796,6.316729646169701,150.07786916572266,540
822.0,2915,0,4,0,17.11776691266553,6.187650085763293,150.20365189830977,541
823.0,2917,0,2,0,17.14798691372715,6.141926636955777,150.43032322834117,545
824.0,2922,0,5,0,17.174524086008738,6.046543463381246,150.5011545421333,540
825.0,2924,0,2,0,17.187278197007434,5.954172366621067,150.72500372937176,538
826.0,2927,0,3,0,17.181599344758425,5.8172189955585925,150.89717011435224,531
827.0,2929,0,2,0,17.195886544983566,5.693752133834073,151.11924947676013,527
828.0,2930,0,1,0,17.203215826814546,5.61160409556314,151.39294831435325,525
829.0,2932,0,3,1,17.195943504206515,5.485675306957708,151.6099009988904,522
830.0,2933,0,1,0,17.188957596025247,5.413910671667235,151.88424398323932,520
831.0,2938,0,5,0,17.22063275730157,5.356364874063989,151.9510510972256,515
832.0,2940,0,2,0,17.227125975523172,5.320408163265306,152.1724170988467,518
833.0,2941,0,1,0,17.220084746055345,5.199591975518531,152.4452344766422,522
834.0,2943,0,2,0,17.213979170500345,5.115188583078491,152.6659303674732,516
835.0,2946,0,3,0,17.19719113090151,4.990835030549898,152.83589692837157,518
836.0,2951,0,5,0,17.188289106081736,4.861402914266351,152.90267031035003,511
837.0,2953,0,2,0,17.179261935163616,4.792414493735184,153.12662145335636,513
838.0,2958,0,5,0,17.159400934934368,4.633874239350913,153.19633435115716,511
839.0,2960,0,2,0,17.130090112517397,4.524324324324325,153.4233549241026,506
840.0,2960,0,0,0,17.108386061983587,4.422972972972973,153.75547910765025,503
841.0,2963,0,4,1,17.079979578365176,4.305771177860277,153.92736993712032,499
842.0,2965,0,2,0,17.059443350690866,4.2704890387858345,154.15834085429051,502
843.0,2967,0,2,0,17.038563949387107,4.185709470845972,154.38964017714596,503
844.0,2969,0,2,0,17.02447096975248,4.033344560458067,154.62272292997133,496
845.0,2967,0,0,2,16.99489836580408,3.982810920121335,155.05548923697563,505
846.0,2970,0,3,0,16.991227846670462,3.95016835016835,155.23754899000988,502
847.0,2975,0,5,0,17.002859372825448,3.8884033613445377,155.31554823895786,508
848.0,2978,0,3,0,16.982533251884448,3.8589657488247147,155.49942191642765,523
849.0,2982,0,4,0,16.967972773029924,3.846747149564051,155.6326667931706,520
850.0,2985,0,3,0,16.9554409244638,3.8629815745393636,155.81877189275735,526
851.0,2987,0,2,0,16.91944007059986,3.8188818212253097,156.05963188058814,537
852.0,2989,0,2,0,16.910673291060867,3.8678487788558047,156.3005976116709,542
853.0,2995,0,6,0,16.901886182796165,3.8263772954924873,156.3336472420905,547
854.0,2999,0,4,0,16.8836863530037,3.8272757585861954,156.47320226023933,564
855.0,3001,0,2,0,16.859145677707467,3.8433855381539486,156.7182486461698,570
856.0,3004,0,3,0,16.827272130539406,3.7916111850865515,156.91240345738797,566
857.0,3008,0,4,0,16.775561741655558,3.845744680851064,157.05618704614977,581
858.0,3011,0,3,0,16.735409622818644,3.8226502822982398,157.25461199641663,585
859.0,3018,0,7,0,16.739254698518163,3.813452617627568,157.2451718859263,596
860.0,3022,0,4,0,16.720414603911028,3.827597617471873,157.393098079802,605
861.0,3025,0,3,0,16.70477736332099,3.874710743801653,157.59400996004445,623
862.0,3030,0,5,0,16.688507163371728,3.943894389438944,157.6927501618872,638
863.0,3034,0,4,0,16.66759476159094,3.9746209624258406,157.844767020099,640
864.0,3039,0,5,0,16.645163856468056,4.120105297795328,157.947101216351,650
865.0,3040,0,1,0,16.60793436302297,4.270394736842105,158.25886250375572,664
866.0,3043,0,3,0,16.585190006512534,4.348340453499835,158.46714826661716,675
867.0,3045,0,3,1,16.51051594608271,4.443021346469623,158.72543222780632,694
868.0,3048,0,3,0,16.453770636492425,4.566272965879265,158.9402637224264,705
869.0,3050,0,2,0,16.37617941905343,4.701639344262295,159.21118988425968,713
870.0,3051,0,2,1,16.308235433912646,4.857751556866601,159.53393835324178,733
871.0,3053,0,2,0,16.26845383243024,4.988863413036357,159.81108305694934,744
872.0,3057,0,4,0,16.19600461182616,5.11023879620543,159.98773882771223,756
873.0,3061,0,4,0,16.157185697582793,5.250898399215942,160.1663807278127,769
874.0,3061,0,1,1,16.07552209397326,5.3988892518784715,160.55386869759187,783
875.0,3064,0,3,0,16.033512539380478,5.555809399477806,160.79041381966766,798
876.0,3069,0,5,0,15.984107156049875,5.685565330726621,160.92398536026306,811
877.0,3074,0,5,0,15.959580240305867,5.824333116460638,161.0584003594639,822
878.0,3077,0,3,0,15.93084117907062,6.005524861878453,161.29964526587386,833
879.0,3083,0,6,0,15.904990975979542,6.196237431073629,161.3853338609697,853
880.0,3088,0,5,0,15.856240368599735,6.361722797927461,161.5257311815521,859
881.0,3092,0,4,0,15.807830858509798,6.533958602846054,161.7217770356251,871
882.0,3093,0,1,0,15.76030768785313,6.7442612350468805,162.07763727122736,884
883.0,3099,0,7,1,15.726675582236485,6.948047757341078,162.16626434891302,902
884.0,3104,0,5,0,15.704317987889238,7.137564432989691,162.31561401321792,910
885.0,3114,0,10,0,15.695932812561107,7.303147077713552,162.20535750130455,921
886.0,3119,0,5,0,15.670476077847216,7.4745110612375765,162.35732420557366,927
887.0,3121,0,2,0,15.657966958265172,7.6898429990387696,162.66649231936518,940
888.0,3124,0,3,0,15.647799420098401,7.876120358514725,162.92400248232826,945
889.0,3129,0,5,0,15.634848855742076,8.059443911792904,163.07883063687356,955
890.0,3132,0,3,0,15.629164488755503,8.294380587484035,163.3385090628012,970
891.0,3136,0,4,0,15.612895176766296,8.497448979591837,163.54649848794406,978
892.0,3138,0,3,1,15.594207487359132,8.68769917144678,163.8559521430167,981
893.0,3142,0,5,1,15.56301603604362,8.915340547422025,164.05991159680306,997
894.0,3143,0,1,0,15.50360444285919,9.158447343302576,164.43116298624122,1001
895.0,3146,0,3,0,15.48068173258848,9.381436745073108,164.6985837628006,1005
896.0,3149,0,4,1,15.456190683623367,9.593839314067958,164.9609681747356,1007
897.0,3155,0,7,1,15.439275951993066,9.793977812995246,165.06798554562403,1012
898.0,3156,0,2,1,15.410034627344444,10.017110266159696,165.43913763475345,1016
899.0,3160,0,4,0,15.384609418351186,10.26487341772152,165.658545122126,1023
900.0,3166,0,6,0,15.366320400138813,10.487997473152243,165.77468429065576,1030
901.0,3173,0,7,0,15.460675582530017,9.08635360857233,165.83279799461684,911
902.0,3179,0,6,0,15.57566751237671,8.335954702736709,165.93640294694407,843
903.0,3181,0,2,0,15.692218789103503,7.85570575290789,166.23972453231443,793
904.0,3181,0,0,0,15.814981504858249,7.491669286387928,166.63920683764417,752
905.0,3184,0,3,0,15.982425182928353,7.215138190954774,166.8704017675884,725
906.0,3186,0,2,0,16.132958784511686,6.946955430006278,167.14423182659533,684
907.0,3188,0,2,0,16.279759565126337,6.739335006273525,167.40906623489076,661
908.0,3192,0,4,0,16.408451130189267,6.56234335839599,167.56120479716807,642
909.0,3193,0,1,0,16.518321198187202,6.444409646100846,167.8643862103946,635
910.0,3197,0,4,0,16.61509557822802,6.296527994995308,168.0030852540108,615
911.0,3199,0,2,0,16.646822189187407,6.192872772741482,168.24367639361742,610
912.0,3202,0,3,0,16.694138498269776,6.0911930043722675,168.42955416706377,607
913.0,3203,0,1,0,16.72179845917329,5.971901342491415,168.71803427929635,603
914.0,3206,0,3,0,16.757352766565962,5.80817217716781,168.8998069441567,596
915.0,3209,0,3,0,16.785302213473287,5.660953568089748,169.07941500902004,592
916.0,3211,0,2,0,16.81834320861572,5.53939582684522,169.31039937800358,592
917.0,3213,0,3,1,16.832396500564766,5.413320883909119,169.53742307524067,590
918.0,3214,0,1,0,16.843817166208197,5.316116988176727,169.82040934956024,590
919.0,3217,0,3,0,16.84272097699247,5.246813801678583,169.99809199569003,587
920.0,3219,0,2,0,16.84075957471242,5.1528424976700835,170.22803803659363,588
921.0,3223,0,4,0,16.853382701907623,5.089357741234874,170.35119324097533,586
922.0,3228,0,5,0,16.863625908430468,4.987608426270136,170.4215167502973,585
923.0,3229,0,1,0,16.856193903939918,4.894704242799628,170.70304731405614,587
924.0,3232,0,3,0,16.829331115888174,4.849628712871287,170.8796951976691,592
925.0,3234,0,2,0,16.820928557357863,4.765924551638838,171.11018096979777,588
926.0,3237,0,3,0,16.814546096186,4.666357738646895,171.28785349392484,592
927.0,3238,0,1,0,16.827964768149,4.545707226683137,171.57151525772827,587
928.0,3240,0,2,0,16.831406021492747,4.459876543209877,171.80131359663247,595
929.0,3242,0,2,0,16.832268545453115,4.349167180752622,172.03146809698038,598
930.0,3244,0,2,0,16.80277933530805,4.247225647348952,172.26267662969855,589
931.0,3245,0,1,0,16.807004188363177,4.091217257318952,172.54719714299802,580
932.0,3246,0,1,0,16.799356085732576,3.9728897104128156,172.83282547580708,576
933.0,3248,0,2,0,16.785069706087164,3.9128694581280787,173.0664530967991,570
934.0,3249,0,1,0,16.772454617459342,3.881809787626962,173.3543754607403,568
935.0,3252,0,3,0,16.765572394784115,3.825338253382534,173.53677799430696,568
936.0,3255,0,3,0,16.788156711188332,3.7655913978494624,173.71907690184412,578
937.0,3260,0,5,0,16.80545523011095,3.7901840490797545,173.79513266679524,586
938.0,3263,0,3,0,16.80287443361693,3.8011032791909285,173.97804492592604,592
939.0,3267,0,4,0,16.79407671328565,3.810529537802265,174.10863653324037,600
940.0,3270,0,4,1,16.788114381820446,3.809480122324159,174.28910607910876,600
941.0,3273,0,3,0,16.75150085962557,3.8545676749159794,174.47663199594245,605
942.0,3274,0,1,0,16.743179237435108,3.883017715332926,174.77175751377015,609
943.0,3280,0,7,1,16.733675458865566,3.915548780487805,174.7838359422508,609
944.0,3282,0,3,1,16.720318859054355,3.9600853138330288,175.02379709453987,614
945.0,3285,0,3,0,16.689428234545254,3.9987823439878234,175.21694720598097,625
946.0,3289,0,4,0,16.677461539205346,3.9556096077835208,175.35809518790157,621
947.0,3295,0,6,0,16.675586193938575,3.9505311077389984,175.39408595239806,621
948.0,3297,0,2,0,16.64780858395998,3.9790718835304824,175.64510485225918,644
949.0,3299,0,2,0,16.609340949289816,4.0309184601394366,175.89887540519663,653
950.0,3304,0,5,0,16.575468319636038,4.0541767554479415,175.99503500211753,659
951.0,3308,0,4,0,16.545348810071413,4.094316807738815,176.14748983781067,683
952.0,3313,0,5,0,16.507280301125007,4.143374584968306,176.2486591178889,689
953.0,3315,0,2,0,16.48592641192132,4.209954751131222,176.51165558034762,700
954.0,3317,0,3,1,16.444197804504018,4.279770877298764,176.77156473355961,720
955.0,3318,0,2,1,16.406641437848876,4.383664858348403,177.08772938937045,734
956.0,3319,0,3,2,16.362448497951192,4.496535100934016,177.39690553244728,746
957.0,3320,0,2,1,16.321871951937887,4.601807228915662,177.6660447603633,767
958.0,3321,0,1,0,16.277270399925506,4.735621800662451,177.9924780926882,780
959.0,3323,0,2,0,16.251608204446562,4.879626843213964,178.26630150905243,791
960.0,3325,0,2,0,16.20780707503735,5.048421052631579,178.5410991264462,809
961.0,3328,0,3,0,16.190136260323,5.146634615384615,178.76397154313872,823
962.0,3330,0,2,0,16.13911884627107,5.281981981981982,179.04362329219325,833
963.0,3333,0,3,0,16.127422445284473,5.402640264026402,179.26994215159857,847
964.0,3338,0,5,0,16.10744315941597,5.5434391851408025,179.39023151300822,853
965.0,3339,0,1,0,16.083095345039844,5.674752920035939,179.7271009729874,858
966.0,3343,0,5,1,16.049648504657515,5.8321866586898,179.90062806346953,872
967.0,3347,0,4,0,16.017149576583343,5.981475948610696,180.08012886170002,883
968.0,3350,0,3,0,15.979010559992503,6.142686567164179,180.3171728852618,894
969.0,3355,0,5,0,15.95491823790603,6.311177347242921,180.44895367485904,902
970.0,3359,0,4,0,15.93462347218493,6.4968740696635905,180.63671317166595,913
971.0,3363,0,5,1,15.913505785935914,6.684805233422539,180.80256536589087,930
972.0,3369,0,7,1,15.92651649776585,6.904719501335708,180.88172892383827,952
973.0,3372,0,4,1,15.896251694266955,7.125741399762752,181.12297991579078,964
974.0,3373,0,2,1,15.851015862792973,7.33412392528906,181.47174095065876,983
975.0,3375,0,3,1,15.824854517041002,7.540148148148148,181.70314082471185,994
976.0,3378,0,3,0,15.820754652008137,7.778863232682061,181.9518323264383,1008
977.0,3380,0,2,0,15.821768398218438,7.974852071005917,182.25444039576072,1009
978.0,3382,0,3,1,15.810853367320215,8.167652276759314,182.5346102654476,1016
979.0,3385,0,3,0,15.80237337425045,8.352141802067948,182.78507295717296,1017
980.0,3389,0,4,0,15.814114342802274,8.539097078784302,182.9813134916224,1029
981.0,3390,0,2,1,15.80030342486341,8.692035398230088,183.31821986451817,1030
982.0,3392,0,2,0,15.775825360918537,8.899174528301886,183.62410979523386,1044
983.0,3393,0,1,0,15.751415179427458,9.110226937813145,183.98585981994228,1049
984.0,3394,0,2,1,15.7189000142574,9.336476134354744,184.34518057007992,1062
985.0,3400,0,6,0,15.70104441307315,9.568235294117647,184.43831850746474,1068
986.0,3403,0,3,0,15.667640864273558,9.786658830443725,184.6959514555424,1073
987.0,3404,0,1,0,15.646928242035886,10.035546415981198,185.06306053963493,1082
988.0,3411,0,7,0,15.636958669877487,10.252418645558487,185.10553432672532,1084
989.0,3414,0,3,0,15.62337853331984,10.49062683069713,185.36600547363886,1090
990.0,3416,0,3,1,15.609463089378488,10.718384074941453,185.6590437839323,1096
991.0,3416,0,0,0,15.691829338446722,9.289812646370024,186.0787689276826,953
992.0,3419,0,4,1,15.81875712097753,8.339865457736181,186.30089709005037,858
993.0,3424,0,5,0,15.979424910510142,7.7517523364485985,186.42951236524596,797
994.0,3430,0,6,0,16.136608670391055,7.3434402332361515,186.49290509521506,753
995.0,3437,0,7,0,16.331093552793014,7.052662205411696,186.491206580452,728
996.0,3442,0,5,0,16.48977021294291,6.780941313190006,186.58754519872312,702
997.0,3442,0,0,0,16.641347987303032,6.586287042417199,186.94527141182522,670
998.0,3445,0,3,0,16.75757213921514,6.438316400580551,187.13174305854614,657
999.0,3444,0,1,2,16.83398291730207,6.30458768873403,187.52176938229462,649
1000.0,3450,0,7,1,16.912272774914676,6.120289855072464,187.51866985858402,633
1001.0,3452,0,2,0,16.950504408553556,6.024913093858633,187.7462278205823,631
1002.0,3451,0,0,1,16.9929403785491,5.932483338162851,188.1157712998159,623
1003.0,3453,881,2,0,17.031025480084384,5.828265276571098,188.3383152339357,625
1004.0,3456,0,3,0,17.078589195435086,5.735243055555555,188.50369633152891,613
1005.0,3457,0,1,0,17.116876673165592,5.583453861729824,188.7758871299032,604
1006.0,3457,0,1,1,17.132398470117227,5.463696846977148,189.09379455452319,605
1007.0,3461,0,4,0,17.147800739360356,5.297023981508235,189.19989732887728,596
1008.0,3462,0,2,1,17.167281322101392,5.194396302715194,189.42471518866256,590
1009.0,3464,0,3,1,17.19770092125055,5.133949191685912,189.62856927867222,592
1010.0,3468,0,6,2,17.20179892833546,5.05161476355248,189.67404735736682,586
1011.0,3469,0,1,0,17.215112673758842,4.993081579705967,189.9400018513059,592
1012.0,3470,0,3,2,17.22080138089921,4.912680115273775,190.1963621232723,584
1013.0,3472,0,2,0,17.234788851253704,4.8058755760368665,190.4050630486659,579
1014.0,3477,0,5,0,17.24054496369315,4.690537819959736,190.44940859851462,574
1015.0,3481,0,5,1,17.248456113261646,4.54409652398736,190.54519934520692,569
1016.0,3483,0,3,1,17.250160094630893,4.398219925351708,190.74944432289487,559
1017.0,3488,0,5,0,17.278737114988058,4.315366972477064,190.79283735254532,558
1018.0,3491,0,3,0,17.248072820124356,4.16642795760527,190.94766744629175,544
1019.0,3494,0,3,0,17.232508768821557,4.03491700057241,191.10279176728724,546
1020.0,3498,0,5,1,17.243531871736188,3.9556889651229272,191.15513642437998,550
1021.0,3500,0,2,0,17.213824754060578,3.8594285714285714,191.3660992800976,544
1022.0,3499,0,0,1,17.208819776855236,3.7830808802515006,191.737293650123,549
1023.0,3499,0,0,0,17.20418125163064,3.7242069162617892,192.058116300667,543
1024.0,3502,0,4,1,17.205167805327033,3.7238720731010853,192.17234958542156,550
1025.0,3506,0,4,0,17.17651766869509,3.6802624073017682,192.27621639365697,540
1026.0,3508,0,3,1,17.14359460108572,3.650228050171038,192.43812222141463,551
1027.0,3511,0,3,0,17.12652843629896,3.618057533466249,192.60025624925987,546
1028.0,3513,0,5,3,17.08826509911918,3.627384002277256,192.76395493352115,560
1029.0,3514,0,2,1,17.0715265557685,3.6340352874217414,193.03272703169097,565
1030.0,3514,0,2,2,17.027720273339845,3.643995446784291,193.26771321485208,568
1031.0,3519,0,6,1,16.98392078687386,3.6254617789144645,193.2945163212184,576
1032.0,3521,0,3,1,16.926777385743637,3.6128940641863108,193.4737421245357,592
1033.0,3525,0,4,0,16.835697784547037,3.626950354609929,193.59437640375992,607
1034.0,3527,0,3,1,16.773561555693462,3.7227105188545506,193.7162975081359,633
1035.0,3532,0,5,0,16.72964451559804,3.7525481313703284,193.78867121665854,639
1036.0,3533,0,1,0,16.65479200997004,3.6767619586753466,194.0844612742922,639
1037.0,3537,0,4,0,16.59161706882414,3.680802940344925,194.21890308354,652
1038.0,3544,0,8,1,16.53979979590186,3.68510158013544,194.187419051339,671
1039.0,3546,0,2,0,16.514201309490254,3.676818950930626,194.43546180987178,689
1040.0,3549,0,4,1,16.485096760176265,3.707241476472246,194.59973427228658,701
1041.0,3552,0,4,1,16.45117443724291,3.754222972972973,194.79419608269507,725
1042.0,3553,0,2,1,16.426179824263127,3.8530819026175065,195.05727499230173,745
1043.0,3556,0,3,0,16.3853705014936,4.008998875140607,195.25789540163169,765
1044.0,3562,0,6,0,16.327555141143456,4.138405390230208,195.2974775276621,785
1045.0,3563,0,3,2,16.305075818342157,4.29497614369913,195.60593857572678,808
1046.0,3567,0,4,0,16.25875179848178,4.453602467059153,195.76028315320366,833
1047.0,3570,0,3,0,16.215145220485834,4.643977591036415,195.9713220008675,851
1048.0,3573,0,3,0,16.178716940684517,4.804086202071089,196.18600325362493,866
1049.0,3576,0,3,0,16.13249118250166,4.9812639821029085,196.40278310804607,884
1050.0,3579,0,4,1,16.080325685474445,5.158982956132998,196.61520231872305,905
1051.0,3579,0,0,0,16.0503459991075,5.31265716680637,197.0021746455963,924
1052.0,3582,0,3,0,16.02664118921388,5.489949748743719,197.22474992679247,946
1053.0,3584,0,2,0,16.003864915419456,5.657087053571429,197.50471196118792,954
1054.0,3586,0,3,1,15.993962555471507,5.804517568321249,197.7791276128868,973
1055.0,3587,0,2,1,15.94824008941473,5.944800669082799,197.99910814860274,977
1056.0,3592,0,5,0,15.92165778937348,6.099387527839643,198.1184379302391,987
1057.0,3591,0,1,2,15.89808541511305,6.259816207184628,198.35152975597836,999
1058.0,3593,0,4,2,15.877902196806165,6.349011967715001,198.60649495005012,1001
1059.0,3594,0,1,0,15.84347892307039,6.485531441291041,198.95362493287794,1011
1060.0,3599,0,5,0,15.820148068279792,6.71158655181995,199.08176613742384,1036
1061.0,3604,0,5,0,15.807125162578432,6.892341842397336,199.21055005688427,1037
1062.0,3607,0,3,0,15.75657715141409,7.085389520377045,199.45248269495843,1050
1063.0,3610,0,4,1,15.733538255915535,7.2903047091412745,199.58189224442225,1068
1064.0,3614,0,4,0,15.713969643517222,7.488931931377975,199.77153954344223,1075
1065.0,3618,0,4,0,15.698038634662469,7.689054726368159,199.9631752138158,1087
1066.0,3621,0,3,0,15.671325903875644,7.9411764705882355,200.21154326654974,1104
1067.0,3623,0,2,0,15.652360607799407,8.127794645321556,200.51651387772475,1111
1068.0,3624,0,2,1,15.628960091652939,8.33774834437086,200.87372599142637,1124
1069.0,3626,0,2,0,15.59656693618161,8.542746828461114,201.18163441545892,1133
1070.0,3631,0,5,0,15.580587717201633,8.73175433764803,201.32411873396805,1142
1071.0,3630,0,1,2,15.530932925828928,8.951515151515151,201.7571687589473,1143
1072.0,3630,0,0,0,15.477869861872097,9.171625344352616,202.1809065399109,1148
1073.0,3632,0,3,1,15.446580580059365,9.413546255506608,202.48730914133588,1162
1074.0,3633,0,2,1,15.400714106575899,9.609964216900632,202.84952825330646,1167
1075.0,3635,0,2,0,15.367702083960037,9.859972489683631,203.16780800942334,1180
1076.0,3637,0,2,0,15.339400347795165,10.100082485565027,203.48644297794826,1184
1077.0,3637,0,1,1,15.310534871416207,10.396205664008798,203.87650545570332,1200
1078.0,3644,0,9,2,15.285947518975112,10.60510428100988,203.88060857070633,1207
1079.0,3646,0,2,0,15.246763660464465,10.82309380142622,204.20302409369748,1212
1080.0,3645,0,2,3,15.205207369234925,11.07681755829904,204.58112470881136,1214
1081.0,3649,0,4,0,15.256530850370325,9.623184434091533,204.78794839787648,1067
1082.0,3651,0,2,0,15.356290021218406,8.65762804711038,205.09992957287866,968
1083.0,3653,0,3,1,15.488389476038824,7.994525047905831,205.3972224551867,892
1084.0,3659,0,7,1,15.654093822990292,7.365400382618201,205.4442400586662,825
1085.0,3660,0,1,0,15.832480980354374,6.960928961748634,205.77879665903072,777
1086.0,3659,0,0,1,16.00193315607869,6.653730527466521,206.19936486310223,745
1087.0,3662,0,4,1,16.16842020354701,6.413708356089568,206.37781950225335,717
1088.0,3664,0,2,0,16.31113044923236,6.201419213973799,206.62451273431623,694
1089.0,3669,0,5,0,16.418474879188636,6.048242027800491,206.69358169701488,680
1090.0,3673,0,4,0,16.507956267912427,5.947454396950722,206.8134695844225,676
1091.0,3678,0,5,0,16.563521819766578,5.875203915171289,206.87411074356137,672
1092.0,3681,0,4,1,16.61133082732437,5.859005704971475,207.0385397038331,673
1093.0,3685,0,6,2,16.67733523739382,5.830936227951153,207.134708629084,672
1094.0,3687,0,3,1,16.705286122864745,5.724708435042039,207.34892466728832,665
1095.0,3686,0,1,2,16.74194333457163,5.592240911557243,207.6943664114374,654
1096.0,3686,0,2,2,16.79113232226698,5.511665762344005,207.99493909879345,648
1097.0,3688,0,3,1,16.8196195683642,5.415943600867679,208.20070182944727,635
1098.0,3692,0,4,0,16.855341196342607,5.316359696641387,208.29635614257404,631
1099.0,3696,0,5,1,16.875124094382,5.189935064935065,208.38642123011502,618
1100.0,3700,0,4,0,16.873424686062318,5.115675675675676,208.48043734321953,618
1101.0,3702,0,2,0,16.884252107900075,5.061048082117774,208.68641180851307,612
1102.0,3705,0,3,0,16.903457290894107,4.965182186234818,208.83550003722763,605
1103.0,3709,0,4,0,16.920639425378155,4.896198436236182,208.9281993433817,602
1104.0,3715,0,6,0,16.95723739618355,4.868371467025572,208.90720574203493,608
1105.0,3716,0,2,1,16.950436587497,4.810279870828849,209.1605823702858,605
1106.0,3720,0,4,0,16.9469878659068,4.723924731182795,209.25311096778398,611
1107.0,3721,0,1,0,16.92194042519569,4.650094060736361,209.51592895044487,615
1108.0,3727,0,7,1,16.92012220351853,4.529648510866648,209.48963239264836,614
1109.0,3731,0,5,1,16.90290527536076,4.448941302599839,209.57917802796243,613
1110.0,3734,0,4,1,16.87931101638457,4.352972683449384,209.62330395056705,614
1111.0,3737,0,3,0,16.852827378575885,4.327267861921327,209.77950965329603,611
1112.0,3739,0,2,0,16.824650581705185,4.316394757956673,209.99318298570478,624
1113.0,3744,0,5,0,16.807456892949943,4.266826923076923,210.03980848739252,628
1114.0,3747,0,3,0,16.780894469635008,4.260208166533227,210.20010617040415,633
1115.0,3751,0,5,1,16.735571358787407,4.237003465742469,210.27823529502558,624
1116.0,3750,0,2,3,16.711220779721874,4.238666666666667,210.58465770735413,634
1117.0,3753,0,4,1,16.687560108966956,4.26378896882494,210.7429094506065,642
1118.0,3754,0,2,1,16.65782320290108,4.270378263185935,211.0158743947521,657
1119.0,3759,0,5,0,16.636592670422786,4.2947592444799145,211.07317412817824,667
1120.0,3759,0,1,1,16.59937829513766,4.330673051343442,211.40169579208617,671
1121.0,3763,0,5,1,16.569054671234657,4.352378421472229,211.42976629659975,682
1122.0,3765,0,2,0,16.50424528151937,4.425498007968128,211.66302877485157,692
1123.0,3767,0,2,0,16.46730130950242,4.447836474648261,211.89771869782572,698
1124.0,3770,0,3,0,16.407341642423983,4.503978779840849,212.08063040930193,712
1125.0,3769,0,0,1,16.348877297992647,4.5895462987529845,212.33062579368547,729
1126.0,3770,0,1,0,16.300607708904487,4.614588859416446,212.63271687886768,747
1127.0,3775,0,7,2,16.26033650911757,4.656953642384106,212.668826345824,752
1128.0,3776,0,1,0,16.214997576087594,4.740995762711864,212.97690124589488,766
1129.0,3778,0,4,2,16.15798024665735,4.82503970354685,213.14094340018772,783
1130.0,3784,0,6,0,16.118966880724507,4.892970401691332,213.17255941156273,793
1131.0,3792,0,8,0,16.069065865914958,5.00870253164557,213.09497053917934,814
1132.0,3791,0,0,1,16.009922137224837,5.064890530203113,213.48888187725356,830
1133.0,3790,0,1,2,15.944260681440635,5.214511873350924,213.90758488812256,854
1134.0,3793,0,5,2,15.886863629985026,5.359346163986291,213.99123816242127,869
1135.0,3797,0,5,1,15.827821287916183,5.495391098235449,214.1351258541765,889
1136.0,3801,0,5,1,15.784480951389734,5.643777953170218,214.25573395142598,909
1137.0,3803,0,2,0,15.760127153698662,5.8090980804627925,214.5335675422815,935
1138.0,3807,0,4,0,15.700802678007465,5.994483845547675,214.70116861246404,960
1139.0,3809,0,2,0,15.665976956125702,6.180624835914938,214.98419951826816,987
1140.0,3810,0,2,1,15.631825344079228,6.384514435695538,215.32079217536563,1011
1141.0,3817,0,7,0,15.608046238400117,6.533665182080168,215.32540414800516,1024
1142.0,3820,0,3,0,15.579075555742047,6.715968586387435,215.55736482417456,1044
1143.0,3822,0,2,0,15.571761111176075,6.895866038723182,215.84686640775533,1070
1144.0,3828,0,6,0,15.533898120738627,7.036311389759666,215.91236339402897,1074
1145.0,3827,0,0,1,15.485887624766479,7.202508492291612,216.3699246663312,1082
1146.0,3832,0,6,1,15.447514960587288,7.355167014613778,216.37159081494744,1086
1147.0,3835,0,3,0,15.402640025233374,7.5374185136897,216.6136193340161,1104
1148.0,3838,0,4,1,15.376943664426314,7.742053152683689,216.84941784259095,1120
1149.0,3840,0,3,1,15.35113347401303,7.9703125,217.1478699913082,1137
1150.0,3843,0,3,0,15.317311255539522,8.160291438979964,217.39568056210015,1146
1151.0,3845,0,5,3,15.298336286691304,8.353185955786737,217.54316504530632,1152
1152.0,3850,0,5,0,15.283426814745804,8.524415584415584,217.68065833654123,1166
1153.0,3852,0,4,2,15.273263318149375,8.701973001038422,217.9803526948343,1174
1154.0,3856,0,4,0,15.267486793372088,8.867219917012449,218.1760187487535,1185
1155.0,3860,0,4,0,15.24798779891097,9.091968911917098,218.3728054713371,1195
1156.0,3863,0,3,0,15.219849699145094,9.283717318146518,218.62736564594135,1208
1157.0,3866,0,4,1,15.191431152587601,9.523021210553544,218.87110411620168,1215
1158.0,3871,0,5,0,15.163475763094889,9.707827434771376,219.01636375894213,1216
1159.0,3872,0,3,2,15.124236800151229,9.949380165289256,219.33382342894717,1221
1160.0,3878,0,7,1,15.080291892090585,10.146209386281589,219.3690368826333,1228
1161.0,3878,0,2,2,15.024773808782214,10.396854048478597,219.74585189868174,1241
1162.0,3882,0,5,1,14.980682845979544,10.638588356517259,219.90299069514836,1251
1163.0,3885,0,4,1,14.964096681103667,10.87927927927928,220.16461352730752,1266
1164.0,3889,0,5,1,14.924556668711602,11.134739007456929,220.37122879911254,1286
1165.0,3889,0,1,1,14.897560105664464,11.396245821547955,220.7589908892381,1293
1166.0,3891,0,2,0,14.881283834336706,11.675404780262143,221.0879571212616,1310
1167.0,3893,0,3,1,14.860148884413,11.951965065502183,221.40925160015067,1325
1168.0,3898,0,5,0,14.84590883554555,12.224730631092868,221.57078368424504,1336
1169.0,3899,0,3,2,14.827784389702035,12.519107463452167,221.94001787882476,1344
1170.0,3901,0,4,2,14.823358689699155,12.798513201743143,222.2073870701735,1352
1171.0,3903,0,3,1,14.914602189071738,11.30053804765565,222.48400465929615,1204
1172.0,3906,0,4,1,15.050474996158904,10.260112647209422,222.70352880412491,1090
1173.0,3906,0,1,1,15.218830890211855,9.502304147465438,223.07277069628952,1010
1174.0,3906,0,2,2,15.380361474538786,8.938812083973374,223.4547894515012,944
1175.0,3910,0,4,0,15.562973407619435,8.536317135549872,223.62438206451978,899
1176.0,3909,0,2,3,15.713125650773284,8.273727295983628,224.02745724119566,857
1177.0,3909,0,1,1,15.885745369407772,8.024047070862114,224.39633709806387,820
1178.0,3918,0,9,0,16.057487161837763,7.871107708014293,224.2464552675918,795
1179.0,3921,0,3,0,16.179030362018167,7.7401173170109665,224.43279965290637,778
1180.0,3924,0,4,1,16.275031850861886,7.598623853211009,224.60120484199342,766
1181.0,3925,0,4,3,16.356360683805065,7.471592356687898,224.85768914500161,755
1182.0,3926,0,3,2,16.432220197391644,7.313295975547631,225.11280846916748,751
1183.0,3927,0,4,3,16.480962072189737,7.092691622103387,225.3367730903206,729
1184.0,3929,0,4,2,16.5164931884799,6.999236446933062,225.4692069171135,727
1185.0,3931,0,3,1,16.569869484696987,6.86797252607479,225.64493717159112,720
1186.0,3934,0,5,2,16.58228294748337,6.799694966954753,225.73201951392736,716
1187.0,3934,0,3,3,16.588056400912492,6.66395526182003,226.02214500139488,713
1188.0,3939,0,6,1,16.609346078707134,6.550901243970551,226.01200270027638,705
1189.0,3940,0,3,2,16.607430385868813,6.469035532994924,226.18537969073725,704
1190.0,3943,0,4,1,16.62993800742163,6.390565559218869,226.29944833638152,711
1191.0,3946,0,3,0,16.648772593765067,6.3446528129751645,226.45468450667144,709
1192.0,3951,0,5,0,16.670136441731024,6.229309035687168,226.49427650852377,702
1193.0,3956,0,6,1,16.679128863117118,6.1066734074823055,226.5294432432742,692
1194.0,3960,0,5,1,16.684736335948635,5.991161616161616,226.62319271043097,687
1195.0,3961,0,1,0,16.684531398012286,5.881595556677607,226.8911902015334,675
1196.0,3967,0,6,0,16.68205366099347,5.7375850768842955,226.8742568809299,667
1197.0,3970,0,3,0,16.69335566523472,5.668513853904282,227.02881666736982,671
1198.0,3972,0,2,0,16.69168542993888,5.576787512588117,227.2404551955019,670
1199.0,3976,0,4,0,16.68867546304379,5.520623742454728,227.3384433315583,666
1200.0,3975,0,0,1,16.67365350854088,5.4596226415094335,227.55098196838142,667
1201.0,3976,0,3,2,16.649699674416333,5.382042253521127,227.77817940323314,670
1202.0,3977,0,2,1,16.58551462259802,5.324113653507669,228.04175465015356,672
1203.0,3981,881,6,2,16.559319370768957,5.262496860085406,228.1367525192807,667
1204.0,3982,0,2,1,16.53445276516177,5.267955801104972,228.409611495568,661
1205.0,3985,0,3,0,16.52184527246049,5.230614805520703,228.57341770091236,662
1206.0,3985,0,1,1,16.51655963037181,5.244165621079047,228.90740665079915,680
1207.0,3985,0,2,2,16.505379041866494,5.169134253450439,229.23299854050393,680
1208.0,3987,0,2,0,16.482128895867636,5.148482568347128,229.4575496507341,687
1209.0,3989,0,2,0,16.44032217451726,5.148909501128102,229.68433522744456,696
1210.0,3995,0,6,0,16.419394110505557,5.1043804755944935,229.68196319576225,705
1211.0,3995,0,0,0,16.37121606312901,5.086608260325407,230.02761799653769,714
1212.0,3999,0,4,0,16.334573489159304,5.148287071767942,230.14523941457205,719
1213.0,4002,0,3,0,16.270746457307453,5.172913543228386,230.32361024795878,728
1214.0,4004,0,5,3,16.217713879371328,5.20979020979021,230.43357668581572,733
1215.0,4004,0,1,1,16.160441973576106,5.288711288711289,230.73893337622223,753
1216.0,4003,0,1,2,16.06961954899813,5.304771421433925,231.14589766199273,759
1217.0,4004,0,2,1,16.01381336083726,5.357392607392607,231.41273860105017,774
1218.0,4003,0,0,1,15.940498265623539,5.387709218086435,231.75791093555253,789
1219.0,4002,0,1,2,15.850211394514092,5.477261369315342,232.15633524403825,815
1220.0,4006,0,4,0,15.784034262878109,5.544433349975037,232.30059219169635,832
1221.0,4008,0,4,2,15.715861507887256,5.598053892215569,232.54442392676714,854
1222.0,4016,0,9,1,15.672469401344564,5.70144422310757,232.4335018865046,871
1223.0,4020,0,6,2,15.624669982367523,5.79452736318408,232.57393266385378,892
1224.0,4026,0,6,0,15.586488729071931,5.89692001987084,232.61368478759638,914
1225.0,4026,0,1,1,15.546290512210003,6.002980625931445,232.96617773278,933
1226.0,4025,0,1,2,15.485821375524479,6.12944099378882,233.387038311511,953
1227.0,4027,0,5,3,15.42854084997489,6.260491681152223,233.61081787812674,972
1228.0,4030,0,4,1,15.375439457981782,6.416129032258064,233.79886306192154,1005
1229.0,4035,0,5,0,15.330495199052956,6.5623296158612145,233.91178226456074,1024
1230.0,4037,0,3,1,15.25999884140657,6.739658162001486,234.19864436901844,1047
1231.0,4037,0,0,0,15.205249939103178,6.892742135248947,234.6092794018451,1065
1232.0,4036,0,0,1,15.16655638509968,7.064172447968286,234.97965443258065,1087
1233.0,4041,0,5,0,15.1234261912217,7.216283098243009,235.1054575534397,1097
1234.0,4047,0,6,0,15.11046574727803,7.371386212008895,235.17627254686298,1123
1235.0,4051,0,4,0,15.091104756039321,7.5386324364354484,235.364325380611,1131
1236.0,4051,0,3,3,15.047028384154437,7.7227844976549,235.7499918467866,1151
1237.0,4053,0,3,1,15.012019202384089,7.948433259314088,236.0178916052292,1174
1238.0,4056,0,4,1,14.975204824415785,8.147435897435898,236.2607670256069,1192
1239.0,4056,0,1,1,14.937542420378431,8.365384615384615,236.6574241277509,1210
1240.0,4056,0,1,1,14.910734042032034,8.556952662721894,237.0471925569489,1228
1241.0,4058,0,6,4,14.884345637501099,8.782405125677673,237.3023943226158,1241
1242.0,4062,0,4,0,14.862144669039289,8.953471196454949,237.5024375303083,1254
1243.0,4062,0,2,2,14.83907607754339,9.176514032496307,237.91671238712993,1264
1244.0,4064,0,4,2,14.818120961882753,9.38976377952756,238.2031664181456,1275
1245.0,4065,0,3,2,14.788687497419946,9.647232472324724,238.57011920691906,1290
1246.0,4065,0,0,0,14.769973864406413,9.890036900369005,239.010415688701,1309
1247.0,4068,0,5,2,14.761099099926325,10.151917404129794,239.24399515223013,1327
1248.0,4069,0,2,1,14.728888342839952,10.390513639714918,239.62411622234268,1339
1249.0,4070,0,4,3,14.691209713878255,10.634398034398034,239.91139252462798,1346
1250.0,4075,0,5,0,14.669048149874456,10.886134969325154,240.06197649003963,1370
1251.0,4073,0,1,3,14.62310825758154,11.17309108765038,240.52254023889986,1376
1252.0,4072,0,1,2,14.593963223856356,11.462426326129666,240.92934463029428,1389
1253.0,4077,0,6,1,14.59621542575962,11.69364728967378,241.08030832410847,1398
1254.0,4079,0,3,1,14.552735783787554,11.901691591076244,241.41036970909218,1407
1255.0,4083,0,6,2,14.498140052289106,12.139603232916972,241.61449459751523,1423
1256.0,4092,0,9,0,14.465214993380936,12.323802541544477,241.53877676284634,1428
1257.0,4101,0,9,0,14.448025075527756,12.572543282126311,241.4656817034758,1449
1258.0,4101,0,3,3,14.38317472986831,12.858814923189467,241.84151100933312,1465
1259.0,4103,0,2,0,14.327254787611807,13.162320253473068,242.18698499057973,1473
1260.0,4107,0,4,0,14.300589042152957,13.46627708789871,242.41585087365283,1490
1261.0,4110,0,3,0,14.368338678939159,12.018248175182482,242.6985392754087,1320
1262.0,4113,0,3,0,14.478169500777348,11.043763676148796,242.97228165833292,1206
1263.0,4117,0,4,0,14.632355265589336,10.381588535341267,243.1771282277158,1132
1264.0,4121,0,5,1,14.798937457854892,9.862412035913612,243.35894784081935,1063
1265.0,4123,0,2,0,14.961113670362073,9.453310696095077,243.65920885949006,1019
1266.0,4123,0,0,0,15.129211264785338,9.13461072034926,244.0663222834142,981
1267.0,4130,0,7,0,15.310289376287924,8.787893462469734,244.04724728089695,940
1268.0,4132,0,2,0,15.470530968209376,8.542110358180057,244.3129831100945,913
1269.0,4134,0,2,0,15.603087083663715,8.334059022738268,244.57081790946475,891
1270.0,4140,0,6,0,15.72450441773745,8.145893719806763,244.58490184830274,865
1271.0,4144,0,5,1,15.826173498460783,8.036679536679536,244.68017810239854,858
1272.0,4145,0,2,1,15.915135711355331,7.914837153196623,244.97557648024707,849
1273.0,4150,0,6,1,15.996512320973288,7.782409638554217,245.02283147486074,844
1274.0,4155,0,7,2,16.059762392383124,7.642358604091456,244.99147523545767,830
1275.0,4162,0,8,1,16.121254675143295,7.443536761172513,244.92170920303585,827
1276.0,4165,0,4,1,16.165063938251812,7.271308523409364,245.08720801087492,816
1277.0,4169,0,5,1,16.19842098378297,7.135284240825138,245.1762596167098,806
1278.0,4169,0,0,0,16.206624917388584,7.031662269129288,245.51977256189357,809
1279.0,4170,0,1,0,16.211559067675736,6.897122302158273,245.80405823357293,806
1280.0,4171,0,1,0,16.220418407913773,6.847998081994725,246.08718614167617,796
1281.0,4171,0,0,0,16.237529130801157,6.713018460800767,246.42979903341418,792
1282.0,4174,0,3,0,16.24726949736901,6.618830857690464,246.59536297373188,794
1283.0,4178,0,5,1,16.23880910112705,6.4351364289133555,246.69255738720696,779
1284.0,4179,0,2,1,16.25562354259463,6.286671452500598,246.973036004175,782
1285.0,4182,0,3,0,16.271712870273312,6.109516977522716,247.13693840784143,771
1286.0,4184,0,2,0,16.28083508655053,5.902485659655832,247.3596456459506,765
1287.0,4184,0,2,2,16.29164273847639,5.691921606118547,247.65086139553665,757
1288.0,4187,0,3,0,16.29629250531259,5.536661093861953,247.81420472727507,756
1289.0,4191,0,4,0,16.300236310965627,5.3822476735862566,247.9181934519931,750
1290.0,4195,0,5,1,16.278054756320618,5.257210965435042,248.01767042287727,755
1291.0,4198,0,3,0,16.244696682094702,5.213196760362077,248.18420193053015,758
1292.0,4198,0,2,2,16.22702477890228,5.059552167698905,248.30649773629546,746
1293.0,4203,0,5,0,16.21728207811206,4.920295027361409,248.35683125429534,740
1294.0,4206,0,3,0,16.184032999832112,4.8364241559676655,248.52775014410085,752
1295.0,4209,0,4,1,16.163829728186016,4.821335234022333,248.69295474779017,752
1296.0,4215,0,6,0,16.149148416907675,4.776037959667853,248.68950630903953,756
1297.0,4214,0,2,3,16.102699350140416,4.72828666350261,249.0378721255893,757
1298.0,4218,0,5,1,16.085230882451988,4.701280227596017,249.15021456597356,763
1299.0,4220,0,2,0,16.07467406326157,4.662796208530806,249.3892425029119,771
1300.0,4224,0,5,1,16.04876130565477,4.584753787878788,249.42362925376685,769
1301.0,4225,0,3,2,15.999225564027803,4.598816568047337,249.70767131925737,784
1302.0,4226,0,2,1,15.945906981564576,4.649313771888311,249.98880909081174,791
1303.0,4228,0,3,1,15.902849653092826,4.671002838221381,250.20288495602395,808
1304.0,4227,0,1,2,15.853517493366166,4.6777856635912,250.6089713717259,822
1305.0,4233,0,6,0,15.790971448870112,4.618237656508387,250.62785164859133,841
1306.0,4238,0,5,0,15.750742766635662,4.579046720151014,250.7091581468642,852
1307.0,4242,0,4,0,15.729167661764405,4.537953795379538,250.85181136601474,855
1308.0,4241,0,0,1,15.693257736004641,4.550106107050224,251.2887549178446,873
1309.0,4245,0,4,0,15.654674548534626,4.585630153121319,251.43589163020965,890
1310.0,4248,0,3,0,15.598059213997303,4.6464218455743875,251.6455289427845,914
1311.0,4250,0,3,1,15.533422327547056,4.696,251.91328210182175,932
1312.0,4256,0,6,0,15.513503635431071,4.769031954887218,251.9499632438762,958
1313.0,4257,0,2,1,15.499501895453383,4.950669485553206,252.26198547751437,992
1314.0,4260,0,3,0,15.469860231676185,5.0654929577464785,252.47966584622634,1014
1315.0,4262,0,3,1,15.445890200772297,5.179962458939465,252.7524358476037,1033
1316.0,4264,0,2,0,15.408364915438257,5.312148217636023,253.03439700002642,1059
1317.0,4265,0,2,1,15.386324143558141,5.449941383352872,253.37541291472914,1085
1318.0,4270,0,5,0,15.363985149160705,5.640515222482436,253.48362845894863,1112
1319.0,4271,0,1,0,15.346315845389306,5.827440880355889,253.83124832057703,1132
1320.0,4279,0,8,0,15.318132162600305,6.031315727973825,253.76606830053873,1151
1321.0,4280,0,2,1,15.289932314926867,6.207242990654206,254.10785949439835,1181
1322.0,4281,0,4,3,15.242297017733824,6.391497313711749,254.42163613749383,1197
1323.0,4285,0,4,0,15.199254745193816,6.585064177362894,254.60167412431286,1223
1324.0,4285,0,3,3,15.140467936896076,6.737689614935823,254.9022678350323,1227
1325.0,4284,0,2,3,15.1014325773018,6.942577030812325,255.3382562962702,1252
1326.0,4290,0,7,1,15.044172164843157,7.138927738927739,255.36968132197663,1275
1327.0,4296,0,7,1,14.997374106131447,7.328445065176909,255.43653798167003,1287
1328.0,4299,0,5,2,14.95029130189005,7.568504303326355,255.49356615352065,1301
1329.0,4302,0,4,1,14.903598720041414,7.788935378893538,255.66508298607388,1321
1330.0,4305,0,4,1,14.87244714771676,8.037166085946573,255.80290598036876,1327
1331.0,4309,0,5,1,14.828502701715967,8.261777674634486,255.99633761135775,1349
1332.0,4313,0,4,0,14.79854749651199,8.479016925573847,256.1983259929832,1350
1333.0,4316,0,4,1,14.751910263347659,8.709684893419833,256.3534320672399,1367
1334.0,4319,0,3,0,14.700956428226014,8.937948599212781,256.61931456083687,1382
1335.0,4322,0,3,0,14.684081807738444,9.15756594169366,256.88633253736884,1396
1336.0,4323,0,2,1,14.664061186681497,9.370344668054592,257.2698779672809,1413
1337.0,4322,0,4,5,14.641970137528505,9.625867653863953,257.73477950578285,1419
1338.0,4325,0,4,1,14.622123907047612,9.888092485549134,257.92246926402254,1439
1339.0,4325,0,2,2,14.609385459647127,10.173179190751446,258.31670139915445,1454
1340.0,4327,0,2,0,14.573858244985846,10.436098913797087,258.6490454258724,1465
1341.0,4326,0,3,4,14.550057865488727,10.737401756819233,258.98660866788094,1481
1342.0,4327,0,3,2,14.523004242294872,11.024728449272013,259.2586464601512,1503
1343.0,4325,0,1,3,14.480706350064859,11.305664739884394,259.761030879894,1514
1344.0,4328,0,3,0,14.475364963819503,11.60836414048059,260.0389486087543,1533
1345.0,4326,0,2,4,14.43314807283829,11.933194637078133,260.46567371811676,1542
1346.0,4328,0,3,1,14.395012632692808,12.227587800369685,260.72674946313674,1556
1347.0,4330,0,2,0,14.358586312855332,12.54526558891455,261.06999593147737,1565
1348.0,4333,0,4,1,14.332013947865379,12.847911377798292,261.3307417081817,1586
1349.0,4335,0,2,0,14.303382268001736,13.16309111880046,261.67791005009633,1596
1350.0,4338,0,3,0,14.279764618696406,13.465882895343476,261.96648575336945,1603
1351.0,4341,0,3,0,14.33432711742758,12.002533978346003,262.25064974735557,1430
1352.0,4342,0,1,0,14.449319611580629,11.056195301704284,262.6477449526948,1316
1353.0,4341,0,2,3,14.57568107592374,10.319972356599862,263.1120002766583,1221
1354.0,4343,0,4,2,14.748986030677676,9.749021413769285,263.27272015317226,1150
1355.0,4345,0,3,1,14.932840537867158,9.302646720368239,263.5362842139048,1104
1356.0,4352,0,7,0,15.135094673247783,8.955882352941176,263.5223064167763,1063
1357.0,4354,0,4,2,15.291165326240453,8.693615066605421,263.7458485585624,1027
1358.0,4356,0,2,0,15.432470215379757,8.436179981634528,264.0132737254421,998
1359.0,4358,0,2,0,15.55219388652344,8.272602111060118,264.2720803963245,966
1360.0,4361,0,4,1,15.643440846149966,8.107314836046779,264.45963197695437,948
1361.0,4361,0,0,0,15.710670521684774,7.963769777573951,264.8272250775491,927
1362.0,4362,0,2,1,15.767884907786202,7.871618523613021,265.12614597990023,920
1363.0,4367,0,5,0,15.830546541905143,7.789558049003893,265.1817401314531,913
1364.0,4370,0,4,1,15.884672849754509,7.597025171624714,265.35135466650627,895
1365.0,4369,0,1,2,15.923742229677126,7.488899061570153,265.7345237899247,885
1366.0,4370,0,2,1,15.9469342211246,7.4279176201373,265.8987370474943,881
1367.0,4370,0,1,1,15.978047168639675,7.381006864988558,266.15574811485044,885
1368.0,4373,0,3,0,16.010218569024296,7.26526412074091,266.32067244869774,875
1369.0,4378,0,5,0,16.051429955458858,7.14070351758794,266.36242992089905,864
1370.0,4378,0,1,1,16.047575105227132,7.090452261306533,266.6985237290417,859
1371.0,4379,0,2,1,16.036344684754955,7.026490066225166,266.9690930539211,851
1372.0,4381,0,3,1,16.027692661739948,6.944761469984022,267.18303361667046,848
1373.0,4384,0,3,0,16.0098888757676,6.844434306569343,267.34732168896625,839
1374.0,4387,0,4,1,15.99332713425992,6.771825849099613,267.37852933586527,844
1375.0,4385,0,0,2,15.960607140478928,6.64515393386545,267.6404943100385,843
1376.0,4387,0,3,1,15.930554109705097,6.5427399133804425,267.8595450476462,850
1377.0,4392,0,5,0,15.919090777585293,6.458105646630237,267.9073632966343,850
1378.0,4394,0,3,1,15.901923480601985,6.329540282203004,268.11269922988,844
1379.0,4394,0,0,0,15.890387953734693,6.295630405097861,268.46683783454364,848
1380.0,4397,0,6,3,15.882566233744168,6.227427791676143,268.3732501029495,850
1381.0,4401,0,4,0,15.867593854917818,6.149738695750965,268.4855536086251,852
1382.0,4401,0,4,4,15.853109463560578,6.0752101795046585,268.74774557104035,851
1383.0,4404,0,4,1,15.847909118019878,6.045186194368756,268.9028101446435,850
1384.0,4409,0,5,0,15.817180278727303,5.98117486958494,268.9570580868895,844
1385.0,4406,0,0,3,15.782002753955823,5.943940081706764,269.4456599146191,836
1386.0,4407,0,2,1,15.770835885870214,5.956886771046063,269.7142489412411,834
1387.0,4410,0,3,0,15.753647688899681,5.9603174603174605,269.8931557159313,843
1388.0,4414,0,4,0,15.735089963688255,5.956728590847304,270.0110104582361,855
1389.0,4416,0,4,2,15.689837236930755,5.980525362318841,270.2291738514892,859
1390.0,4416,0,2,2,15.652740438040112,6.028079710144928,270.4772843690383,884
1391.0,4414,0,0,2,15.60277536245739,6.112596284549162,270.92070076965365,901
1392.0,4418,0,6,2,15.565581165977914,6.154594839293798,270.9831260037018,914
1393.0,4419,0,1,0,15.515086568945149,6.204571169947952,271.2976833052772,919
1394.0,4420,0,3,2,15.464580126074642,6.245701357466063,271.5767230990382,933
1395.0,4422,0,2,0,15.406586593989443,6.358661239258254,271.83692392826373,953
1396.0,4424,0,2,0,15.36757438451112,6.3223327305605785,272.099942175132,954
1397.0,4427,0,3,0,15.351314731675716,6.318048339733454,272.3025137891635,957
1398.0,4430,0,3,0,15.332239046329997,6.306772009029346,272.50705712874685,981
1399.0,4432,0,2,0,15.318702523506623,6.318817689530686,272.77428307179383,996
1400.0,4433,0,3,2,15.291981681427238,6.371306113241597,273.0580864229206,1009
1401.0,4433,0,1,1,15.242044944837986,6.413489736070381,273.441066847184,1026
1402.0,4435,0,2,0,15.19885793740295,6.455467869222097,273.71511848201925,1047
1403.0,4437,849,3,1,15.15472654038188,6.558936218165427,273.98297915974376,1071
1404.0,4437,0,2,2,15.118189123930224,6.622943430245662,274.33118721373233,1090
1405.0,4439,0,2,0,15.070644661855706,6.719981977922956,274.612836220464,1132
1406.0,4441,0,4,2,15.026898135121982,6.857689709524882,274.86853791090033,1151
1407.0,4442,0,2,1,14.994044480129665,6.9837910850968035,275.19372505147,1175
1408.0,4444,0,4,2,14.945746232317644,7.106885688568857,275.3937326103553,1189
1409.0,4443,0,1,2,14.906520041106445,7.225523295070898,275.7977929989146,1218
1410.0,4446,0,4,1,14.870704757498471,7.412280701754386,276.02579062585517,1233
1411.0,4444,0,1,3,14.80544575702456,7.532628262826282,276.5540120070017,1257
1412.0,4445,0,3,2,14.750402328356163,7.693363329583802,276.8876469263518,1275
1413.0,4448,0,3,0,14.718131731663034,7.81294964028777,277.1266552608882,1291
1414.0,4449,0,2,1,14.65701344380904,7.897729826927399,277.47783755233445,1299
1415.0,4451,0,2,0,14.600422022601123,7.994607953268928,277.78538594389323,1313
1416.0,4450,0,3,4,14.550464215255051,8.10741573033708,278.1429988353193,1333
1417.0,4450,0,1,1,14.501791238649284,8.230112359550562,278.5603141511692,1348
1418.0,4453,0,3,0,14.457469207082772,8.382663373006961,278.81282493497906,1371
1419.0,4454,0,3,2,14.410064947537347,8.59070498428379,279.13698409932687,1397
1420.0,4456,0,3,1,14.370528850276086,8.762791741472173,279.4496312281212,1409
1421.0,4457,0,2,1,14.329898992716458,8.877944805923267,279.8263953820257,1424
1422.0,4461,0,5,1,14.287832889277123,9.090338489127998,280.0141948072772,1440
1423.0,4459,0,0,2,14.238743689810011,9.263287732675488,280.5674320387186,1448
1424.0,4461,0,3,1,14.200146245693487,9.398565344093253,280.7819297536787,1468
1425.0,4464,0,5,2,14.163273642750879,9.549283154121865,281.0415853370532,1473
1426.0,4468,0,4,0,14.142128612969465,9.625111906893464,281.24919500392394,1476
1427.0,4463,0,0,5,14.098019296758654,9.779744566435133,281.87204504749394,1490
1428.0,4462,0,2,3,14.07135713205508,9.935230838189153,282.3768853990392,1503
1429.0,4463,0,3,2,14.04483509505247,10.11875420120995,282.6462044863062,1521
1430.0,4465,0,3,1,14.005126055695913,10.320044792833146,282.9785770907977,1524
1431.0,4465,0,2,2,13.973191745428169,10.528779395296752,283.34355601146603,1540
1432.0,4464,0,1,2,13.951552989118763,10.776433691756273,283.77302363427276,1558
1433.0,4465,0,2,1,13.930151476777484,10.997760358342665,284.10364050219704,1559
1434.0,4467,0,3,1,13.915562672632591,11.222520707409895,284.3539415464432,1575
1435.0,4470,0,3,0,13.885765163833009,11.457046979865773,284.6350600826196,1580
1436.0,4473,0,3,0,13.867301475008247,11.675385647216633,284.9170095062552,1594
1437.0,4472,0,1,2,13.822322614636803,11.939624329159212,285.4179799797476,1610
1438.0,4473,0,2,1,13.794584379527606,12.21573887771071,285.8256043140929,1611
1439.0,4472,0,1,2,13.766428474174527,12.449016100178891,286.35946941008064,1618
1440.0,4474,0,2,0,13.733598620287358,12.665176575771122,286.71171108953854,1633
1441.0,4480,0,8,2,13.790578349373314,11.245758928571428,286.7664803428045,1455
1442.0,4483,0,5,2,13.90188384580751,10.273923711800133,286.9517399026504,1339
1443.0,4482,0,0,1,14.03634769895892,9.567157518964748,287.43484983905273,1230
1444.0,4485,0,4,1,14.22982340390532,8.989966555183946,287.5588540001229,1163
1445.0,4485,0,0,0,14.406234996846582,8.52129319955407,287.9943930964483,1100
1446.0,4488,0,3,0,14.595629051649286,8.116310160427808,288.22566386157854,1053
1447.0,4486,0,0,2,14.776665563189228,7.803165403477485,288.69434252835157,1002
1448.0,4489,0,3,0,14.932177733577122,7.521719759411896,288.9036736543007,972
1449.0,4489,0,1,1,15.053597319918797,7.287814658053018,289.26994905319583,961
1450.0,4492,0,3,0,15.169814245612745,7.100845948352627,289.46406593584544,946
1451.0,4494,0,3,1,15.258082154044795,6.931241655540721,289.68454952514253,930
1452.0,4499,0,5,0,15.340520902764998,6.837963991998222,289.73913084729094,924
1453.0,4502,0,4,1,15.399975397139434,6.6505997334517994,289.79776396458135,916
1454.0,4506,0,5,1,15.46528595019412,6.577008433200177,289.8883164706714,913
1455.0,4512,0,8,2,15.527146652366604,6.4578900709219855,289.8200494576543,914
1456.0,4515,0,3,0,15.56238775078385,6.290808416389812,289.99221509088613,903
1457.0,4521,0,6,0,15.60946093032843,6.191771731917718,289.9695376305934,891
1458.0,4521,0,1,1,15.642472448512528,6.009511170095112,290.32587277488227,889
1459.0,4525,0,4,0,15.675966795151995,5.843756906077348,290.4279624043506,881
1460.0,4529,0,5,1,15.712685096653374,5.729300066239788,290.5216611856296,871
1461.0,4535,0,6,0,15.757460720461994,5.524145534729879,290.49282333532597,860
1462.0,4537,0,4,2,15.79044865205089,5.442803614723386,290.6279209579706,855
1463.0,4535,0,0,2,15.791102424070239,5.355237045203969,291.0649504351044,848
1464.0,4538,0,3,0,15.799637451902948,5.269942706037902,291.22494812509143,850
1465.0,4540,0,3,1,15.787909523815632,5.166519823788546,291.3103925122445,852
1466.0,4544,0,5,1,15.79880122306234,5.054357394366197,291.3388953495336,839
1467.0,4543,0,1,2,15.789394972563624,4.9757869249394675,291.74339082576245,837
1468.0,4544,0,2,1,15.773068870512601,4.855853873239437,292.0109731913473,837
1469.0,4547,0,4,1,15.751802926643293,4.762260831317352,292.131168544678,837
1470.0,4547,0,2,2,15.735235489358631,4.687046404222564,292.4755411374231,845
1471.0,4549,0,3,1,15.726121377253813,4.680149483402945,292.69167952637076,849
1472.0,4551,0,3,1,15.717989206787186,4.6222808174027685,292.8850761782199,842
1473.0,4549,0,4,6,15.681292919142267,4.57704990107716,292.9712716489518,853
1474.0,4549,0,1,1,15.656971430896405,4.539898878874478,293.30611884652853,867
1475.0,4549,0,2,2,15.643728705953242,4.500109914266872,293.6300383684022,864
1476.0,4553,0,4,0,15.631913134215838,4.439051175049418,293.7363140199045,864
1477.0,4554,0,1,0,15.622480478834607,4.416776460254721,294.03682122075173,879
1478.0,4558,0,4,0,15.59763689521679,4.401491882404564,294.14686849581443,884
1479.0,4558,0,2,2,15.579912875789496,4.398200965335674,294.5019148242167,908
1480.0,4560,0,2,0,15.549034481560573,4.34561403508772,294.74424287919385,915
1481.0,4563,0,3,0,15.508727521414503,4.316239316239316,294.9246137731942,928
1482.0,4565,0,3,1,15.460588898409714,4.324644030668127,295.15533858389534,937
1483.0,4567,0,3,1,15.41030990421766,4.333698270199256,295.37800061059096,961
1484.0,4572,0,6,1,15.351658890240772,4.3790463692038495,295.4065068716983,994
1485.0,4572,0,2,2,15.285631659358494,4.433727034120735,295.634324554083,999
1486.0,4572,0,1,1,15.226485890488032,4.39588801399825,296.00035386539037,1019
1487.0,4572,0,1,1,15.181774837851627,4.4092300962379705,296.38547835263535,1032
1488.0,4572,0,2,2,15.12587841207688,4.463692038495188,296.76592089284276,1054
1489.0,4576,0,4,0,15.094331292705634,4.506555944055944,296.9051038226081,1085
1490.0,4580,0,5,1,15.047381341661062,4.554585152838428,296.9787559250962,1105
1491.0,4581,0,3,2,15.006196180152887,4.676271556428727,297.30259404438925,1143
1492.0,4586,0,5,0,14.953585110395592,4.76689925861317,297.3857794124323,1155
1493.0,4587,0,4,3,14.918538464317605,4.892086330935252,297.5950748069761,1173
1494.0,4590,0,5,2,14.878160114801766,5.035294117647059,297.77174127556697,1201
1495.0,4592,0,4,2,14.822101084090011,5.152439024390244,297.9789423952579,1221
1496.0,4594,0,2,0,14.76638028217236,5.271441010013061,298.26637457354343,1225
1497.0,4600,0,6,0,14.72058296379578,5.416086956521739,298.2979552060156,1235
1498.0,4603,0,3,0,14.670268716466955,5.580925483380404,298.52679526875005,1264
1499.0,4608,0,6,1,14.6303012329884,5.746961805555555,298.58329552035343,1282
1500.0,4610,0,3,1,14.615101886260955,5.926681127982646,298.8437663735933,1304
1501.0,4611,0,3,2,14.59264039034599,6.083062242463674,299.19330869871635,1333
1502.0,4612,0,4,3,14.577922162605011,6.241543798785776,299.5405866588041,1351
1503.0,4613,0,4,3,14.531689293677907,6.434207673964882,299.8273172370334,1371
1504.0,4616,0,4,1,14.509013199449523,6.567807625649913,300.0189744200532,1382
1505.0,4618,0,4,2,14.481287637699369,6.725855348635773,300.237796262366,1392
1506.0,4622,0,4,0,14.480467322807295,6.8745131977498914,300.41662518174456,1398
1507.0,4628,0,8,2,14.455919966278817,7.040406222990493,300.42542549034374,1415
1508.0,4628,0,1,1,14.428970318626428,7.235090751944685,300.8631512820644,1436
1509.0,4629,0,3,2,14.396774440486334,7.383452149492331,301.0385071691814,1445
1510.0,4629,0,3,3,14.355476649208809,7.547850507669043,301.35908834314773,1455
1511.0,4634,0,6,1,14.338230445348271,7.740181268882175,301.46723299939515,1469
1512.0,4640,0,7,1,14.327050794884107,7.910344827586207,301.46957536546654,1481
1513.0,4640,0,4,4,14.29847820724019,8.067887931034482,301.775138564244,1477
1514.0,4639,0,1,2,14.266841210978626,8.281310627290365,302.2555068933485,1505
1515.0,4641,0,2,0,14.23897953623542,8.424908424908425,302.57795565028647,1518
1516.0,4643,0,3,1,14.227804515559693,8.619642472539306,302.79854103517147,1540
1517.0,4645,0,2,0,14.20213947967515,8.832292787944025,303.12306385433124,1547
1518.0,4646,0,2,1,14.17804798485039,9.047352561343091,303.512825314697,1551
1519.0,4647,0,3,2,14.152051780687533,9.295674628792769,303.813833135281,1576
1520.0,4649,0,3,1,14.11872226047538,9.528500752850075,304.04109635303,1596
1521.0,4651,0,2,0,14.095941246017738,9.768866910341861,304.3735849327091,1609
1522.0,4654,0,4,1,14.082277069077124,9.991190373871937,304.53748544705337,1625
1523.0,4654,0,2,2,14.064712093313327,10.234422002578427,304.83840760162894,1633
1524.0,4653,0,0,1,14.014350804697003,10.463786804212337,305.3695496721637,1649
1525.0,4650,0,0,3,13.98484259759663,10.70752688172043,305.88596129639507,1665
1526.0,4656,0,7,1,13.985828794608961,10.93835910652921,305.96009713301993,1679
1527.0,4656,0,3,3,13.969103464938973,11.211125429553265,306.39122601760465,1683
1528.0,4660,0,6,2,13.969333405334394,11.487553648068669,306.38444140356313,1698
1529.0,4662,0,2,0,13.950363517600715,11.755684255684256,306.72668289706047,1704
1530.0,4666,0,4,0,13.95118819326568,11.98006858122589,306.9381098131955,1708
1531.0,4670,0,4,0,14.032014905039821,10.549678800856531,307.1442172754797,1520
1532.0,4671,0,1,0,14.139930330908458,9.691500749304218,307.54019852735206,1396
1533.0,4673,0,2,0,14.283148326089526,9.093515942649262,307.8603091277275,1318
1534.0,4673,0,0,0,14.441756835067894,8.527712390327412,308.30166899433164,1249
1535.0,4678,0,6,1,14.634605702985864,8.159042325780248,308.38040767759804,1191
1536.0,4682,0,4,0,14.814630046899993,7.834258863733448,308.534117237176,1148
1537.0,4684,0,3,1,14.97916749894412,7.589026473099914,308.7649142760304,1112
1538.0,4685,0,3,2,15.113722714992809,7.355602988260405,309.0268523867917,1088
1539.0,4686,0,2,1,15.220674680919693,7.142125480153649,309.17618119842075,1057
1540.0,4690,0,5,1,15.315215136859422,6.986140724946695,309.1847932805627,1033
1541.0,4691,0,1,0,15.36769374470675,6.8940524408441695,309.49833319728435,1022
1542.0,4690,0,1,2,15.422999488280249,6.776545842217484,309.90423821968267,1012
1543.0,4693,0,6,3,15.459354019407296,6.727466439377797,309.91990324015904,1024
1544.0,4696,0,5,2,15.501962449005818,6.613713798977853,309.95735907175157,1011
1545.0,4694,0,3,5,15.530619619420317,6.533873029399233,310.35392033142307,1004
1546.0,4693,0,2,3,15.565158574609232,6.437460046878329,310.71317228826433,998
1547.0,4693,0,3,3,15.578799891687892,6.331344555721287,311.02788468001694,986
1548.0,4692,0,2,3,15.575419965230353,6.2431798806479115,311.26526411098916,992
1549.0,4694,0,4,2,15.561819084360003,6.142735406902428,311.4115730789947,998
1550.0,4695,0,4,3,15.565922680566619,5.927582534611289,311.6503802599041,969
1551.0,4697,0,3,1,15.576809625248423,5.81371087928465,311.86147608965535,951
1552.0,4698,0,1,0,15.577358081508592,5.763942103022563,312.1587846305167,959
1553.0,4702,0,4,0,15.5611706048163,5.685027647809442,312.25793527912623,951
1554.0,4705,0,4,1,15.55052474467777,5.675026567481403,312.41002543700785,948
1555.0,4707,0,3,1,15.54315967587793,5.606968345018058,312.6375800418423,948
1556.0,4711,0,4,0,15.535484412135416,5.566970919125451,312.7373077751073,945
1557.0,4715,0,5,1,15.511099477993387,5.517709437963945,312.7987254292593,952
1558.0,4717,0,4,2,15.492759162213313,5.3879584481662075,312.89162277130646,939
1559.0,4720,0,3,0,15.474791051877768,5.352754237288136,313.06166670804834,957
1560.0,4720,0,1,1,15.434849551832038,5.373940677966102,313.38798882267514,961
1561.0,4721,0,2,1,15.422572355117284,5.362635034950222,313.4974612756486,975
1562.0,4723,0,3,1,15.406357102127942,5.312301503281812,313.6721934974905,971
1563.0,4723,0,2,2,15.382944030684373,5.291551979673936,313.9327103373212,977
1564.0,4724,0,2,1,15.333001330688973,5.3268416596104995,314.23787301508935,988
1565.0,4725,0,2,1,15.275855978337328,5.364867724867725,314.52943061316586,986
1566.0,4725,0,2,2,15.22705206660811,5.346878306878307,314.907050069463,993
1567.0,4725,0,3,3,15.169609178920846,5.351746031746032,315.19168315773436,1011
1568.0,4728,0,4,1,15.142328173920856,5.381979695431472,315.3259778497213,1031
1569.0,4728,0,0,0,15.090088543656924,5.3578680203045685,315.7172984379923,1038
1570.0,4727,0,3,4,15.059126135475092,5.37994499682674,315.9986996852659,1062
1571.0,4731,0,6,2,15.019361040899435,5.397590361445783,316.0436871898417,1076
1572.0,4731,0,2,2,14.98207179680764,5.425914183047982,316.3153428367506,1079
1573.0,4729,0,0,2,14.913909177021704,5.471347007824065,316.80313571181716,1087
1574.0,4731,0,3,1,14.857633036702612,5.535827520608751,317.02261136867094,1099
1575.0,4731,0,2,2,14.793921396807878,5.569647009088987,317.21702949186937,1115
1576.0,4732,0,4,3,14.73483018475598,5.526415891800507,317.43845716534145,1110
1577.0,4729,0,0,3,14.689237243242612,5.5278071473884545,317.90329897037975,1121
1578.0,4731,0,3,1,14.663922488233066,5.516381314732615,318.1560237432522,1133
1579.0,4733,0,3,1,14.624757049395747,5.522079019649271,318.384923015798,1138
1580.0,4735,0,3,1,14.59659879382369,5.554171066525871,318.5932260194891,1155
1581.0,4736,0,2,1,14.571815973295104,5.578336148648648,318.9126054077261,1169
1582.0,4736,0,2,2,14.550992495476054,5.64379222972973,319.22708902554143,1189
1583.0,4738,0,5,3,14.520252424079835,5.695863233431828,319.33778500537807,1200
1584.0,4743,0,6,1,14.501424446588677,5.7786211258697024,319.38146729706153,1230
1585.0,4744,0,4,3,14.468404879780687,5.8102866779089375,319.5173953937469,1251
1586.0,4746,0,4,2,14.441878830917625,5.928782132321955,319.71911066072306,1269
1587.0,4745,0,2,3,14.400663637351958,6.034351949420443,319.98969756734687,1288
1588.0,4748,0,3,0,14.358739447992381,6.148272957034541,320.21902771126565,1296
1589.0,4751,0,4,1,14.339013240426752,6.2656282887813095,320.3976686215985,1319
1590.0,4752,0,2,1,14.292547506440958,6.418350168350169,320.72133246652686,1332
1591.0,4750,0,1,3,14.233332305619676,6.520842105263158,321.0890410061261,1350
1592.0,4754,0,5,1,14.200730004943173,6.670803533866218,321.2443485469227,1368
1593.0,4757,0,4,1,14.175778476990384,6.802606684885432,321.4262776849798,1399
1594.0,4758,0,1,0,14.139660106944433,6.888188314417823,321.807523298724,1404
1595.0,4759,0,2,1,14.098524143308474,7.026055894095398,322.14678872324595,1424
1596.0,4759,0,2,2,14.045578453401411,7.142466904811935,322.527410319569,1437
1597.0,4762,0,3,0,14.013302732915992,7.309533809323813,322.77997008681575,1452
1598.0,4762,0,3,3,13.97431382970526,7.4552708945821085,322.96236040901346,1462
1599.0,4764,0,5,3,13.961545606991217,7.643157010915197,323.1696098055712,1483
1600.0,4766,0,5,3,13.941756312095723,7.81934536298783,323.3711285395202,1509
1601.0,4770,0,4,0,13.927522431292603,7.990356394129979,323.56264335476766,1527
1602.0,4771,0,2,1,13.931198740538616,8.222175644518968,323.9367644972111,1534
1603.0,4771,865,3,3,13.916904361434106,8.3676378117795,323.9108385542136,1554
1604.0,4772,0,3,2,13.90172737881656,8.563076278290024,324.29717666064033,1564
1605.0,4774,0,3,1,13.87278838650092,8.781943862589024,324.48448371996625,1568
1606.0,4776,0,5,3,13.845955054445723,8.983668341708542,324.7423267594005,1588
1607.0,4781,0,6,1,13.813071936228273,9.192637523530642,324.82215113872616,1604
1608.0,4782,0,2,1,13.790265118977356,9.427854454203262,325.2135227517785,1624
1609.0,4783,0,4,3,13.758062771605786,9.674890236253397,325.5377243898918,1636
1610.0,4783,0,0,0,13.728621776602644,9.910098264687434,326.0137494653834,1652
1611.0,4787,0,4,0,13.695445589779693,10.153123041570922,326.2187562400664,1671
1612.0,4789,0,3,1,13.68386675871922,10.373146794737941,326.53210487287356,1673
1613.0,4791,0,3,1,13.645479351764704,10.613441870173242,326.75012297342306,1689
1614.0,4792,0,4,3,13.62128961255656,10.882095158597663,327.00451375369795,1712
1615.0,4792,0,2,2,13.606016774021494,11.136686143572621,327.4226739107488,1733
1616.0,4793,0,4,3,13.593439724970272,11.420196119340705,327.6742986534988,1752
1617.0,4795,0,3,1,13.58597549733546,11.658185610010428,327.9480602354168,1752
1618.0,4796,0,2,1,13.560370227060304,11.918682235195996,328.33355384814035,1770
1619.0,4794,0,2,4,13.530193069873746,12.16645807259074,328.78101193837176,1774
1620.0,4795,0,2,1,13.518990243435873,12.399582898852971,329.0865758916896,1775
1621.0,4796,0,3,2,13.584783182720727,11.107172643869891,329.4734825565045,1590
1622.0,4801,0,5,0,13.685726373395108,10.30514476150802,329.60668711811843,1488
1623.0,4803,0,3,1,13.818079749831458,9.674786591713513,329.8848817997159,1383
1624.0,4807,0,5,1,13.983253535088876,9.201997087580612,330.05139537240024,1322
1625.0,4810,0,3,0,14.154814937011531,8.86964656964657,330.2916590903557,1274
1626.0,4813,0,4,1,14.323441354533863,8.656555163099938,330.5159046064169,1237
1627.0,4816,0,3,0,14.48933697791626,8.45328073089701,330.73405751549984,1202
1628.0,4815,0,1,2,14.606887165569573,8.282242990654206,331.0239502485688,1166
1629.0,4816,0,2,1,14.708687950297874,8.164867109634551,331.2584717082908,1153
1630.0,4816,0,2,2,14.787188414462692,8.036960132890366,331.5301046731392,1134
1631.0,4818,0,3,1,14.852490311930035,7.951639684516397,331.787499096351,1122
1632.0,4819,0,2,1,14.88920245689328,7.857439302759909,332.09734032805443,1102
1633.0,4819,0,0,0,14.924066309827783,7.799750985681677,332.4911120220255,1087
1634.0,4824,0,6,1,14.957026598991364,7.708955223880597,332.49163372138463,1081
1635.0,4824,0,2,2,14.978920131576139,7.605099502487562,332.8521411241343,1083
1636.0,4825,0,1,0,14.992149209517843,7.499896373056995,333.17157176500126,1068
1637.0,4826,0,3,2,15.004049605366875,7.386862826357231,333.4361269723857,1062
1638.0,4829,0,5,2,15.017519627392092,7.323462414578588,333.45316964418083,1071
1639.0,4832,0,3,0,15.027286253273537,7.2218543046357615,333.63321887582384,1066
1640.0,4832,0,2,2,15.012973968531545,7.143211920529802,333.9730143844225,1067
1641.0,4834,0,3,1,15.023976846880807,7.007240380637153,334.2183361621906,1058
1642.0,4834,0,2,2,15.03167084985634,6.953247827885809,334.54543634240207,1058
1643.0,4836,0,3,1,15.026965150897233,6.889578163771712,334.7434808134295,1054
1644.0,4836,0,1,1,15.037818884782258,6.781844499586435,335.1205384727782,1058
1645.0,4837,0,2,1,15.034239043799738,6.719247467438495,335.4251200945814,1066
1646.0,4836,0,2,3,15.036452172856368,6.617452440033086,335.8218139480227,1061
1647.0,4837,0,3,2,15.028270534132,6.525945834194749,336.1147355691337,1054
1648.0,4842,0,5,0,15.043593560733285,6.421313506815365,336.1528622552878,1048
1649.0,4844,0,3,1,15.039755381962285,6.344756399669694,336.2881461222801,1052
1650.0,4841,0,1,4,15.01239173684083,6.253046891138195,336.56489956513144,1041
1651.0,4845,0,5,1,14.992594668705793,6.12734778121775,336.659999306418,1042
1652.0,4845,0,2,2,14.964169277555627,6.0363261093911245,336.95284984214067,1027
1653.0,4847,0,3,1,14.937919619565276,5.965339385186714,337.1627306834998,1034
1654.0,4847,0,2,2,14.913658801113343,5.930472457190015,337.37642291266866,1045
1655.0,4848,0,1,0,14.902649003140402,5.916254125412541,337.70059711915286,1053
1656.0,4849,0,2,1,14.893187469189815,5.830480511445659,338.0060388509642,1056
1657.0,4849,0,3,3,14.881303080340766,5.774798927613941,338.2159033359758,1066
1658.0,4851,0,4,2,14.878235915443904,5.742115027829313,338.34612661735406,1071
1659.0,4851,0,1,1,14.842639128834866,5.7604617604617605,338.73808184486103,1081
1660.0,4851,0,3,3,14.799751659224615,5.773861059575346,339.0233618386014,1084
1661.0,4853,0,3,1,14.752705145865512,5.75705749021224,339.1911301036034,1089
1662.0,4856,0,5,2,14.713321017510305,5.716021416803954,339.2772990722007,1097
1663.0,4856,0,2,2,14.661063735533835,5.667215815485997,339.66358932125746,1105
1664.0,4857,0,2,1,14.622581063413163,5.688490837965823,339.9995418704231,1137
1665.0,4859,0,6,4,14.574700365969061,5.718254784935172,339.9762975898917,1153
1666.0,4863,0,5,1,14.52734618389961,5.704092124203167,340.10029154180614,1156
1667.0,4864,0,4,3,14.49777178429636,5.730263157894737,340.3580689693778,1167
1668.0,4869,0,6,1,14.456185699633892,5.820497021975765,340.2971289054058,1201
1669.0,4869,0,1,1,14.412081731091153,5.868966933661943,340.67251170028777,1215
1670.0,4868,0,1,2,14.371086737670774,5.9016023007395235,340.9203034447869,1244
1671.0,4871,0,4,1,14.349654508290277,5.9704372818723055,341.083501842947,1267
1672.0,4873,0,2,0,14.313854195122328,6.028114098091525,341.3720050874879,1278
1673.0,4874,0,2,1,14.270690878068244,6.156339762002462,341.66927576117985,1306
1674.0,4875,0,2,1,14.234572713384557,6.231589743589743,342.0244132656168,1329
1675.0,4877,0,2,0,14.201125616816595,6.32253434488415,342.3183462467508,1348
1676.0,4880,0,5,2,14.174018414134427,6.439959016393443,342.4608154427185,1365
1677.0,4885,0,6,1,14.15136699144536,6.59222108495394,342.53297107063213,1403
1678.0,4887,0,4,2,14.12180461545189,6.713934929404543,342.7743162359001,1416
1679.0,4886,0,3,4,14.096753475698963,6.838518215309047,343.1294038067889,1429
1680.0,4885,0,1,2,14.075692357850354,6.9629477993858755,343.58321688305836,1442
1681.0,4889,0,5,1,14.04720977757374,7.066680302720393,343.6864731490426,1457
1682.0,4891,0,4,2,13.997883939550276,7.199550194234308,343.9456933748535,1476
1683.0,4891,0,2,2,13.970098666522038,7.331016152116132,344.32582116577595,1496
1684.0,4891,0,2,2,13.944441440544365,7.470047025148231,344.66814356055704,1509
1685.0,4892,0,2,1,13.902508582851738,7.574611610793132,345.0440298263573,1521
1686.0,4892,0,1,1,13.846556594972437,7.720359771054783,345.4827845223906,1543
1687.0,4898,0,8,2,13.818845416629213,7.853613719885668,345.37366942542667,1545
1688.0,4901,0,4,1,13.795310702120934,8.021424199143032,345.61663210113556,1556
1689.0,4903,0,3,1,13.770810359898656,8.207220069345299,345.93428390949396,1568
1690.0,4906,0,5,2,13.759322031640282,8.37566245413779,346.10563968722823,1586
1691.0,4908,0,2,0,13.733300747406913,8.525876120619397,346.42958913343926,1596
1692.0,4910,0,2,0,13.71861933779081,8.681466395112016,346.7547840537868,1605
1693.0,4909,0,1,2,13.679359828328257,8.882257078834794,347.13566598838906,1623
1694.0,4911,0,3,1,13.653058110999286,9.05396049684382,347.42461823223755,1630
1695.0,4916,0,6,1,13.637464511782898,9.205655004068348,347.5398930154254,1647
1696.0,4916,0,5,5,13.59665359505192,9.374288039056143,347.68705011980694,1655
1697.0,4917,0,1,0,13.58226431141735,9.55786048403498,348.09258290174506,1673
1698.0,4921,0,5,1,13.559198523371098,9.766307661044504,348.27389984161346,1690
1699.0,4926,0,6,1,13.544694110455783,10.012383272431993,348.38343077095334,1715
1700.0,4927,0,2,1,13.49932622087611,10.2396996143698,348.73561425042243,1718
1701.0,4925,0,2,4,13.465100106023407,10.46233502538071,349.1933589690508,1735
1702.0,4924,0,2,3,13.442274831981425,10.686027619821283,349.68034090740275,1745
1703.0,4928,0,4,0,13.421648288994867,10.905641233766234,349.88155204316627,1758
1704.0,4928,0,3,3,13.397665309907637,11.15137987012987,350.34455829325753,1782
1705.0,4930,0,3,1,13.368196803384459,11.405070993914807,350.67287625778647,1795
1706.0,4929,0,1,2,13.345526846439496,11.655508216676811,351.16818239648205,1815
1707.0,4931,0,3,1,13.326132619766016,11.844250659095518,351.49407165792564,1813
1708.0,4933,0,5,3,13.33025598777845,12.101358199878371,351.7986045468422,1824
1709.0,4937,0,4,0,13.31717198425346,12.359935183309702,352.00682596133396,1841
1710.0,4937,0,2,2,13.292391048696212,12.668219566538383,352.4458703332831,1866
1711.0,4939,0,3,1,13.350678078531693,11.266653168657623,352.7306001653817,1675
1712.0,4941,0,3,1,13.467204172584031,10.374620522161505,352.99504023215303,1538
1713.0,4943,0,5,3,13.580581032665638,9.756625531054016,353.06762534422944,1439
1714.0,4946,0,3,0,13.73699049831009,9.304286291953094,353.31612022094185,1367
1715.0,4943,0,3,6,13.891815137028305,8.97289095690876,353.7579241241696,1322
1716.0,4943,0,3,3,14.045035607346438,8.67327533886304,354.17745495372344,1276
1717.0,4942,0,2,3,14.184250472500509,8.42331040064751,354.5388712785495,1234
1718.0,4940,0,2,4,14.305150756800513,8.133603238866396,354.98179199576333,1211
1719.0,4938,0,1,3,14.404734377274051,7.890238963142973,355.4006802508844,1185
1720.0,4938,0,4,4,14.466253595227705,7.722154718509518,355.66327621316725,1172
1721.0,4937,0,1,2,14.530419146305503,7.5673485922625074,356.05333778136526,1166
1722.0,4937,0,2,2,14.584526407799832,7.483491999189791,356.39625933715865,1158
1723.0,4940,0,4,1,14.61487218690895,7.35,356.50825783399847,1145
1724.0,4940,0,2,2,14.651352347555111,7.1668016194331985,356.8877811938241,1133
1725.0,4944,0,4,0,14.681441141075048,6.993122977346278,356.99366532467195,1111
1726.0,4948,0,5,1,14.713536130871374,6.8373080032336295,357.07461160365875,1102
1727.0,4953,0,5,0,14.73774333862345,6.619422572178478,357.10572883905263,1075
1728.0,4952,0,1,2,14.752500687946807,6.326736672051696,357.52253982118,1062
1729.0,4956,0,5,1,14.763638482444176,6.182001614205004,357.57685404883165,1067
1730.0,4957,0,1,0,14.764626301706144,6.081097437966512,357.8935060110863,1060
1731.0,4957,0,2,2,14.782583283476166,5.914666128706879,358.02235879352094,1045
1732.0,4956,0,1,2,14.77463827436414,5.773002421307506,358.3749630894378,1039
1733.0,4958,0,6,4,14.773283052070607,5.620613150463897,358.3865934610505,1033
1734.0,4958,0,2,2,14.762241063825485,5.539935457845906,358.76494634870926,1039
1735.0,4960,0,3,1,14.755190493818304,5.41875,359.00684025029227,1025
1736.0,4964,0,4,0,14.744190185464094,5.318493150684931,359.10695583596396,1036
1737.0,4966,0,3,1,14.733073428244236,5.275674587192912,359.1954159244648,1051
1738.0,4969,0,4,1,14.72831481394159,5.243107265043268,359.3553308027057,1054
1739.0,4973,0,7,3,14.716920069327626,5.217977076211542,359.2400211614819,1053
1740.0,4975,0,3,1,14.700459600144592,5.136683417085427,359.48573166375354,1071
1741.0,4973,0,2,4,14.662100317989468,5.06957570882767,359.79181500042466,1065
1742.0,4975,0,5,3,14.638846395408496,5.061105527638191,359.8076237894774,1076
1743.0,4976,0,1,0,14.604514627717737,5.058078778135048,360.1340550865363,1092
1744.0,4979,0,5,2,14.59130522352949,5.106246234183571,360.26656619948903,1099
1745.0,4980,0,4,3,14.57275406499804,5.144176706827309,360.27689503283926,1110
1746.0,4980,0,1,1,14.536757197804477,5.1975903614457835,360.5801315252176,1122
1747.0,4983,0,5,2,14.51008551577772,5.276941601444912,360.7131478721353,1133
1748.0,4986,0,4,1,14.48749581033858,5.294424388287204,360.85788560475254,1149
1749.0,4987,0,2,1,14.45040137502137,5.3246440745939445,361.1085304984112,1151
1750.0,4988,0,4,3,14.392581635855274,5.353047313552526,361.28580149438466,1178
1751.0,4984,0,1,5,14.31540242753155,5.437800963081862,361.64039035634846,1187
1752.0,4985,0,4,3,14.253465070458532,5.510932798395186,361.8919496581011,1207
1753.0,4990,0,5,0,14.200598182596543,5.548296593186373,361.9525347449032,1231
1754.0,4991,0,3,2,14.138813067545884,5.616910438789822,362.2145814079088,1238
1755.0,4995,0,5,1,14.108220165505447,5.688088088088088,362.30575091211585,1256
1756.0,4994,0,2,3,14.07046666386819,5.693231878253905,362.55199661629894,1267
1757.0,4993,0,1,2,14.03741715783365,5.7224113759262965,362.8713206914847,1282
1758.0,4996,0,4,1,14.011784784984872,5.803042433947158,363.08129570611015,1303
1759.0,4999,0,5,2,13.99836337002042,5.877175435087017,363.07341703225643,1327
1760.0,5000,0,1,0,13.98862939043642,5.9592,363.4382010173489,1355
1761.0,5000,0,3,3,13.962472963353775,6.0278,363.5754985346118,1374
1762.0,5002,0,5,3,13.940878205466053,6.090763694522191,363.8226094281983,1398
1763.0,5004,0,3,1,13.913916433147113,6.147282174260591,364.1171271942122,1411
1764.0,5003,0,3,4,13.881674156252275,6.237057765340795,364.3744805531992,1437
1765.0,5003,0,1,1,13.855709904778442,6.3437937237657405,364.81403619800653,1453
1766.0,5003,0,1,1,13.836983770978156,6.442534479312412,365.14282512705046,1467
1767.0,5006,0,4,1,13.820588511920064,6.531562125449461,365.3442673451903,1487
1768.0,5010,0,5,1,13.80847733142548,6.657684630738523,365.44504066715336,1503
1769.0,5014,0,7,3,13.787618187353043,6.82289589150379,365.40130599741764,1519
1770.0,5014,0,1,1,13.747577391612074,6.980654168328679,365.8009848065839,1544
1771.0,5015,0,4,3,13.711394260240631,7.0911266201395815,366.04062786162336,1562
1772.0,5017,0,6,4,13.690494885943325,7.281243771177995,366.25689410965015,1586
1773.0,5020,0,4,1,13.656314464735107,7.459561752988048,366.45172242235583,1602
1774.0,5019,0,2,3,13.612800179167897,7.6084877465630605,366.83716850917904,1617
1775.0,5020,0,4,3,13.591807369160657,7.7687250996015935,367.03411223440713,1623
1776.0,5020,0,2,2,13.571575476886105,7.977490039840638,367.41859375665103,1650
1777.0,5020,0,2,2,13.551920084410195,8.165139442231077,367.7894809537648,1659
1778.0,5021,0,4,3,13.522160337919544,8.369448317068313,368.1094186874406,1684
1779.0,5020,0,2,3,13.522391749560933,8.562549800796813,368.5700258071886,1686
1780.0,5022,0,4,2,13.513282408071372,8.775587415372362,368.78690648390636,1700
1781.0,5025,0,6,3,13.496437122815012,8.964179104477612,368.9342365941948,1720
1782.0,5027,0,2,0,13.482164249251356,9.164909488760692,369.25996928069094,1730
1783.0,5030,0,5,2,13.464865306492133,9.368389662027832,369.42597120049135,1744
1784.0,5033,0,6,3,13.435792565776808,9.58056824955295,369.46042649365756,1754
1785.0,5036,0,4,1,13.400082617285818,9.804805401111993,369.68380617934633,1770
1786.0,5034,0,0,2,13.356057684488606,10.049264998013507,370.2360105256853,1786
1787.0,5035,0,4,3,13.332918432558044,10.289771598808342,370.52061605093513,1802
1788.0,5037,0,6,4,13.297710125460638,10.508040500297795,370.5959009239842,1804
1789.0,5034,0,1,4,13.268861112867878,10.754668255860151,371.18865705986474,1828
1790.0,5038,0,4,0,13.25182667566669,10.937276697102025,371.37856779273847,1826
1791.0,5040,0,4,2,13.221206319678808,11.178174603174604,371.6033320763502,1847
1792.0,5040,0,2,2,13.194871663141088,11.406944444444445,372.00479090160894,1861
1793.0,5040,0,4,4,13.168715885192626,11.675,372.25478452586316,1876
1794.0,5042,0,3,1,13.128861197095635,11.916898056326854,372.54103056820503,1894
1795.0,5041,0,1,2,13.082336294644222,12.160087284268995,372.9081104219707,1896
1796.0,5042,0,2,1,13.040111340573585,12.417096390321301,373.1964250945947,1913
1797.0,5046,0,5,1,13.004147695902336,12.684502576298058,373.3920705505976,1923
1798.0,5047,0,2,1,12.965849274447518,12.909054884089558,373.68700824366283,1931
1799.0,5044,0,0,3,12.915483685270539,13.183584456780332,374.22004637693914,1945
1800.0,5046,0,3,1,12.883414996717715,13.431629013079666,374.57321239311744,1954
1801.0,5049,0,4,1,12.954671763800377,12.008714596949892,374.8477777612521,1769
1802.0,5050,0,1,0,13.046721033344827,11.064950495049505,375.2699874135042,1634
1803.0,5053,1207,3,0,13.174219270753014,10.34098555313675,375.53438230403617,1540
1804.0,5056,0,5,2,13.319211210736364,9.739715189873417,375.74528607923384,1471
1805.0,5060,0,5,1,13.48669651920639,9.189723320158103,375.82304031680854,1412
1806.0,5064,0,4,0,13.667268846550687,8.770932069510268,375.9798197621151,1355
1807.0,5066,0,2,0,13.832763483514734,8.39242005527043,376.27343733319907,1311
1808.0,5071,0,5,0,13.9756478134195,8.13232104121475,376.33507603797756,1272
1809.0,5076,0,6,1,14.099367725528838,7.892434988179669,376.3628415715989,1247
1810.0,5078,0,4,2,14.188032113275796,7.789877904686884,376.4922420867452,1234
1811.0,5079,0,2,1,14.272039114307809,7.6650915534554045,376.8194760208817,1227
1812.0,5077,0,2,4,14.311489761286836,7.582824502659051,377.1394661262249,1218
1813.0,5078,0,2,1,14.364105926729373,7.484245766049626,377.4646164408326,1209
1814.0,5079,0,3,2,14.419604958131446,7.316203977160859,377.7819216359005,1182
1815.0,5079,0,2,2,14.443089680436577,7.158101988580429,378.08638739581176,1172
1816.0,5081,0,2,0,14.460630587125415,7.0826608935248965,378.3347128425213,1177
1817.0,5081,0,2,2,14.479492707698316,6.975004920291282,378.6567608039688,1168
1818.0,5082,0,1,0,14.479807076164258,6.911648957103503,378.9778009879481,1165
1819.0,5080,0,2,4,14.478898549639267,6.858661417322835,379.45926479227535,1175
1820.0,5083,0,4,1,14.48105421883663,6.646862089317333,379.61178338985167,1148
1821.0,5084,0,2,1,14.465396789862778,6.561959087332808,379.9284464479002,1155
1822.0,5085,0,5,4,14.46506063142842,6.458013765978368,380.19869303830023,1155
1823.0,5088,0,6,3,14.451412976866814,6.321540880503145,380.32703082736504,1157
1824.0,5088,0,1,1,14.444134691025111,6.187893081761007,380.54522818072445,1143
1825.0,5092,0,6,2,14.429577711589978,6.069717203456403,380.6016684153033,1139
1826.0,5091,0,0,1,14.425957548387993,5.955411510508741,380.99094704290394,1143
1827.0,5095,0,5,1,14.415691930790725,5.856329735034348,381.06595016017326,1139
1828.0,5096,0,2,1,14.40765770400179,5.780612244897959,381.2819522395674,1132
1829.0,5092,0,1,5,14.383683694922816,5.7083660644147685,381.7762221996916,1125
1830.0,5090,0,4,6,14.353310455554183,5.636345776031434,381.9755602786663,1126
1831.0,5092,0,4,2,14.321198823485474,5.600549882168107,382.0945968897757,1132
1832.0,5091,0,3,4,14.288680866075918,5.54979375368297,382.2210782690999,1130
1833.0,5091,0,2,2,14.25532154668944,5.500687487723433,382.56168842330874,1130
1834.0,5094,0,6,3,14.226034764548201,5.470946211228897,382.6059778382716,1134
1835.0,5096,0,5,3,14.186899155347401,5.454081632653061,382.6724644397457,1150
1836.0,5103,0,8,1,14.144930312803124,5.477758181461885,382.41737508293244,1156
1837.0,5102,0,2,3,14.100946843512842,5.530184241473932,382.74736411892405,1173
1838.0,5101,0,2,3,14.040989071829818,5.530092138796315,382.9901028020605,1197
1839.0,5101,0,4,4,13.99614392306851,5.599490296020388,383.0649528789064,1223
1840.0,5105,0,7,3,13.951153973335034,5.654456415279138,383.0191684498927,1244
1841.0,5107,0,6,4,13.896375909832043,5.663011552770707,383.1192923574012,1256
1842.0,5108,0,3,2,13.819175256168263,5.7312059514487075,383.35707270234064,1282
1843.0,5112,0,6,2,13.800191819406525,5.799687010954616,383.31599693981013,1303
1844.0,5116,0,5,1,13.752405735682581,5.892103205629398,383.39937132641313,1326
1845.0,5117,0,3,2,13.68831882989691,6.018565565761188,383.6673085631061,1353
1846.0,5119,0,2,0,13.655279187975465,5.989060363352217,383.95859718444666,1351
1847.0,5119,0,2,2,13.604989368738469,6.0468841570619265,384.29086657330623,1367
1848.0,5121,0,3,1,13.56885796031155,6.13493458308924,384.5051508959474,1379
1849.0,5119,0,0,2,13.527411923704626,6.232662629419808,385.02980504919697,1402
1850.0,5121,0,3,1,13.489184091035593,6.32356961530951,385.26574088125096,1418
1851.0,5121,0,3,3,13.448512037151222,6.454012888107791,385.4934602770321,1447
1852.0,5123,0,6,4,13.405378251917421,6.6049189927776695,385.64220240235,1479
1853.0,5125,0,4,2,13.371798564472508,6.769951219512195,385.8184232913894,1510
1854.0,5126,0,5,4,13.348962947265749,6.89758095981272,385.8617127388088,1523
1855.0,5126,0,4,4,13.325290428780775,7.06944986344128,386.04270560542335,1544
1856.0,5126,0,4,4,13.309194176909187,7.2284432305891535,386.39723378128986,1558
1857.0,5131,0,7,2,13.267290076642597,7.42019099590723,386.42872734733845,1593
1858.0,5134,0,5,2,13.238846444958568,7.624269575379821,386.6340222478012,1619
1859.0,5136,0,4,2,13.201061033466374,7.824182242990654,386.83223439498965,1634
1860.0,5133,0,1,4,13.138965257934242,8.035262030001949,387.4231624312216,1652
1861.0,5135,0,6,4,13.09603497883837,8.20856864654333,387.5013818220821,1665
1862.0,5137,0,3,1,13.068390656491609,8.315164492894686,387.7518283597219,1673
1863.0,5138,0,2,1,13.036023429005418,8.468275593616193,388.1454003092189,1686
1864.0,5140,0,3,1,13.013881051717231,8.589299610894942,388.4664801672316,1700
1865.0,5143,0,4,1,12.99664346390105,8.765117635621232,388.717599580187,1714
1866.0,5147,0,4,0,12.979298175807468,8.847095395375947,388.89740049483385,1735
1867.0,5147,0,3,3,12.95576107847958,8.928890615892753,389.3513005042874,1736
1868.0,5149,0,4,2,12.935548410619125,9.038842493688096,389.54973979846426,1756
1869.0,5148,0,2,3,12.927310184659023,9.172299922299922,390.0471824062868,1760
1870.0,5149,0,4,3,12.897418132894085,9.275975917653913,390.3175013610894,1780
1871.0,5150,0,3,2,12.891578218528853,9.442135922330097,390.6147170785347,1799
1872.0,5150,0,2,2,12.855986783321791,9.590679611650485,391.00632193611074,1804
1873.0,5151,0,1,0,12.828196150157833,9.785866821976315,391.42349684979064,1827
1874.0,5153,0,2,0,12.808167618357572,9.936153696875607,391.76595436005687,1831
1875.0,5154,0,3,2,12.777278233841287,10.12301125339542,392.1437506975957,1856
1876.0,5158,0,4,0,12.77175629774495,10.322411787514541,392.33734343923885,1856
1877.0,5162,0,5,1,12.760284680647779,10.502712127082527,392.50208471937725,1870
1878.0,5165,0,3,0,12.738342431246581,10.710358180058083,392.7745512363951,1895
1879.0,5171,0,6,0,12.731831449581682,10.898859021465867,392.82017226238054,1908
1880.0,5174,0,5,2,12.724241313721363,11.123502126014689,393.06398384840844,1930
1881.0,5173,0,1,2,12.71643894679276,11.355886332882273,393.5101659767019,1944
1882.0,5175,0,5,3,12.705572089164244,11.588212560386474,393.7822944713618,1959
1883.0,5178,0,4,1,12.684953425265004,11.818269602162998,394.01917794757304,1974
1884.0,5179,0,3,2,12.658999357678562,12.02471519598378,394.2093702874039,1980
1885.0,5185,0,7,1,12.645797035558315,12.216007714561234,394.207280278812,1997
1886.0,5190,0,6,1,12.64073390579097,12.491907514450867,394.19344818173613,2013
1887.0,5190,0,0,0,12.611511295732681,12.747398843930636,394.704081494675,2020
1888.0,5196,0,6,0,12.599101768807857,12.986720554272518,394.7601195751139,2032
1889.0,5198,0,6,4,12.57247318352677,13.227395151981531,394.91888937196717,2043
1890.0,5200,0,4,2,12.548200659491444,13.489615384615385,395.02493469931636,2050
1891.0,5201,0,2,1,12.606590802732574,11.972889828879062,395.45126161524956,1827
1892.0,5201,0,0,0,12.717447130621526,11.028263795423957,395.9552290384426,1690
1893.0,5200,0,3,4,12.864189367277994,10.338461538461539,396.36051492139245,1575
1894.0,5205,0,6,1,13.029883661249833,9.776176753121998,396.3406742718353,1500
1895.0,5209,0,5,1,13.203807339177256,9.376655788059129,396.50288585270187,1439
1896.0,5212,0,4,1,13.388395821705993,9.023791250959325,396.68554896128126,1385
1897.0,5211,0,1,2,13.557750433222155,8.716177317213587,397.1060941267735,1343
1898.0,5215,0,4,0,13.702798869906816,8.416874400767018,397.23825059231143,1303
1899.0,5215,0,2,2,13.822066045089336,8.1856184084372,397.5927724617195,1283
1900.0,5219,0,4,0,13.935624341228705,8.005748227629814,397.71033948686346,1272
1901.0,5222,0,3,0,14.021572494027264,7.885101493680582,397.89890099793143,1265
1902.0,5225,0,4,1,14.096606494548459,7.828899521531101,398.0627953281027,1274
1903.0,5227,0,3,1,14.146784887797283,7.736751482686053,398.2844080349791,1263
1904.0,5231,0,5,1,14.211183271049459,7.595679602370484,398.3835826459159,1251
1905.0,5229,0,2,4,14.257517214559677,7.485943775100401,398.81955479634973,1241
1906.0,5225,0,2,6,14.285234928787508,7.408038277511961,399.38400241129403,1234
1907.0,5226,0,2,1,14.322890957768392,7.288174512055109,399.6806035762345,1229
1908.0,5224,0,0,2,14.35277836099624,7.040773353751915,400.15835675790896,1202
1909.0,5225,0,1,0,14.359586316586038,6.846698564593302,400.4791618602543,1178
1910.0,5229,0,5,1,14.380017276836584,6.710460891183783,400.54503642006324,1175
1911.0,5232,0,3,0,14.376527321857072,6.63111620795107,400.71067907667214,1180
1912.0,5235,0,4,1,14.372874581028821,6.53658070678128,400.8131569251204,1175
1913.0,5234,0,2,3,14.360362717283486,6.431983186855177,401.2022802170194,1174
1914.0,5237,0,3,0,14.341864291471783,6.2915791483673855,401.3691630495804,1179
1915.0,5238,0,3,2,14.31664311143431,6.147575410462008,401.6120129688675,1172
1916.0,5240,0,2,0,14.2937665071306,6.023854961832061,401.8580633717669,1175
1917.0,5243,0,4,1,14.280879714226474,5.919511729925615,401.9529349255747,1180
1918.0,5245,0,4,2,14.260685916792813,5.74604385128694,402.17614442430846,1185
1919.0,5246,0,3,2,14.243761549241597,5.6923370186809,402.3632217584757,1201
1920.0,5247,0,5,4,14.222204460175558,5.53135124833238,402.52336593910604,1209
1921.0,5246,0,2,3,14.207943986751191,5.424513915364087,402.789328743367,1202
1922.0,5245,0,3,4,14.173439388536934,5.33765490943756,402.9399763001771,1223
1923.0,5247,0,4,2,14.15790687209304,5.333333333333333,403.084151667007,1221
1924.0,5248,0,2,1,14.120112885541744,5.2614329268292686,403.32906969328207,1236
1925.0,5251,0,6,3,14.093288309561943,5.25976004570558,403.2858082143511,1249
1926.0,5255,0,6,2,14.06363493600028,5.29686013320647,403.3381613397771,1266
1927.0,5254,0,0,1,14.043084774938043,5.345831747240198,403.8286380857441,1298
1928.0,5256,0,6,4,14.035504779221732,5.359779299847793,403.8085763237164,1304
1929.0,5257,0,3,2,14.002296219520275,5.422864751759558,404.1232162696084,1331
1930.0,5259,0,3,1,13.968515453514822,5.470241490777714,404.3455288079183,1344
1931.0,5263,0,4,0,13.916930881333903,5.48394451833555,404.4648493292734,1352
1932.0,5265,0,2,0,13.885410720322557,5.525546058879392,404.73998040606836,1372
1933.0,5265,0,1,1,13.834593090914705,5.595251661918328,405.10941793545516,1372
1934.0,5266,0,4,3,13.778751257344704,5.656475503228257,405.2290716304432,1383
1935.0,5270,0,4,0,13.731115870104599,5.747817836812144,405.3580812548875,1399
1936.0,5271,0,4,3,13.669408884017683,5.709353063934738,405.4639149107518,1404
1937.0,5276,0,7,2,13.621065166298983,5.746209249431387,405.3129135438611,1424
1938.0,5278,0,2,0,13.585450653538354,5.819060250094733,405.6038527656967,1435
1939.0,5280,0,3,1,13.550019699065055,5.8619318181818185,405.86188427739467,1457
1940.0,5281,0,3,2,13.512196897367359,5.939594773717099,406.1594218026948,1480
1941.0,5282,0,2,1,13.483585696399631,6.0672093903824305,406.44024662192845,1512
1942.0,5282,0,2,2,13.44386653406831,6.20257478227944,406.79209700251687,1536
1943.0,5284,0,6,4,13.39517006044907,6.305261165783497,406.77192753092874,1556
1944.0,5286,0,2,0,13.36203039836936,6.3620885357548245,407.07355696425617,1577
1945.0,5290,0,6,2,13.310110346195911,6.4366729678638945,407.03666030701885,1586
1946.0,5290,0,2,2,13.25428498497564,6.561436672967864,407.33333182625046,1610
1947.0,5294,0,4,0,13.221217492503545,6.709482432942954,407.487959144525,1635
1948.0,5295,0,4,3,13.175456494491987,6.8966949952785646,407.69998582674134,1659
1949.0,5300,0,5,0,13.133845514830805,7.077735849056603,407.7826242952287,1682
1950.0,5304,0,5,1,13.111669758706597,7.207767722473605,407.8522298568693,1703
1951.0,5305,0,3,2,13.070356784270666,7.324410933081998,408.2287852389589,1735
1952.0,5308,0,4,1,13.036573633169295,7.432177844762623,408.45621160191536,1730
1953.0,5310,0,5,3,12.988272508156802,7.576271186440678,408.65400449002857,1751
1954.0,5311,0,5,4,12.950275703312583,7.712860101675767,408.9710703800746,1765
1955.0,5315,0,5,1,12.92781212114245,7.86095954844779,408.94560217685824,1787
1956.0,5319,0,4,0,12.920036944547077,8.003760105282948,409.120905822291,1786
1957.0,5321,0,4,2,12.89776722272207,8.173087765457622,409.28503832707634,1799
1958.0,5326,0,5,0,12.900188661986839,8.310927525347353,409.38621834487935,1817
1959.0,5331,0,5,0,12.895657904825121,8.486025135996998,409.48824830343773,1841
1960.0,5332,0,3,2,12.8914801691601,8.74774943735934,409.8029765079732,1854
1961.0,5336,0,7,3,12.896861539304634,8.871814092953523,409.8360717100206,1871
1962.0,5339,0,5,2,12.890168807844756,9.053568083910845,410.06024226332113,1890
1963.0,5340,0,2,1,12.891696507833005,9.260299625468164,410.4302989875956,1896
1964.0,5343,0,4,1,12.89265607325326,9.477634287853267,410.64116968789654,1913
1965.0,5342,0,2,3,12.879052572126211,9.665668289030325,411.0427124564573,1930
1966.0,5347,0,6,1,12.875405941417547,9.833925565737797,411.148802553571,1942
1967.0,5345,0,0,2,12.866661062907024,10.018709073900842,411.6831777556122,1961
1968.0,5349,0,7,3,12.864226257355977,10.152551878855862,411.748752875503,1963
1969.0,5358,0,10,1,12.870342475868354,10.329600597237775,411.50975938392173,1976
1970.0,5358,0,3,3,12.863323016664598,10.524449421425905,411.8044069239312,1983
1971.0,5360,0,4,2,12.863693155569743,10.796455223880598,411.97805989563625,2016
1972.0,5361,0,3,2,12.873913474362146,11.015295653795933,412.18051119945204,2024
1973.0,5361,0,1,1,12.878940596577554,11.249953366909159,412.67313129774925,2043
1974.0,5362,0,3,2,12.857683801260235,11.522752704214845,412.97308472598183,2060
1975.0,5365,0,5,2,12.856909428400328,11.785088536812674,413.086341018489,2079
1976.0,5363,0,1,3,12.841522097272545,12.054447137796009,413.51151205965283,2090
1977.0,5364,0,2,1,12.836610036155443,12.32289336316182,413.7829751326235,2100
1978.0,5366,0,3,1,12.79689828341865,12.574729780096906,414.08494727003205,2107
1979.0,5367,0,3,2,12.76545878372383,12.836035028880193,414.3448189665877,2125
1980.0,5364,0,2,5,12.751669406069318,13.1168903803132,414.98707334414297,2141
1981.0,5363,0,3,4,12.805964334098702,11.712474361364908,415.40432960040704,1933
1982.0,5367,0,5,1,12.920294364978002,10.813117197689584,415.55384169616366,1798
1983.0,5368,0,2,1,13.055429541306427,10.203241430700448,415.91934217234575,1695
1984.0,5372,0,5,1,13.196392027355769,9.70029784065525,415.93756755541546,1612
1985.0,5372,0,2,2,13.345110425115317,9.267311988086373,416.2705903761211,1555
1986.0,5372,0,4,4,13.510835314902023,8.943037974683545,416.61220441221275,1509
1987.0,5372,0,2,2,13.649949029382402,8.672561429635145,416.7756890950193,1478
1988.0,5376,0,5,1,13.770106588447705,8.392671130952381,416.87101946231735,1441
1989.0,5374,0,0,2,13.866112441966601,8.14700409378489,417.4488852916795,1422
1990.0,5375,0,2,1,13.935994733965062,8.001488372093023,417.79581715447466,1399
1991.0,5375,0,2,2,13.99695184967682,7.886883720930233,418.0610892230575,1398
1992.0,5378,0,5,2,14.054819293236374,7.7460022313127554,418.1758526725843,1380
1993.0,5381,0,5,2,14.079789633598585,7.64356067645419,418.3172976406341,1381
1994.0,5383,0,3,1,14.111042602197685,7.496005944640535,418.53258517194865,1372
1995.0,5382,0,1,2,14.124459465078397,7.403939056112969,418.84263056324437,1362
1996.0,5385,0,4,1,14.160926865325122,7.30974930362117,418.8951966807131,1352
1997.0,5390,0,6,1,14.169542258985317,7.224118738404453,418.7656362915166,1340
1998.0,5390,0,1,1,14.160801795810105,7.089981447124305,419.16820551804204,1338
1999.0,5391,0,2,1,14.160823266120268,6.8823965869040995,419.48615373789545,1305
2000.0,5394,0,6,3,14.15187657697678,6.727660363366704,419.45846999000366,1305
2001.0,5397,0,4,1,14.15004059802199,6.6462849731332225,419.63123590042136,1298
2002.0,5397,0,3,3,14.149412154545884,6.594033722438391,419.85971002628946,1301
2003.0,5400,1179,4,1,14.14179149326366,6.5072222222222225,419.9850862486897,1304
2004.0,5400,0,2,2,14.129990895276434,6.44962962962963,420.332161442689,1310
2005.0,5397,0,0,3,14.121526330219597,6.367982212340189,420.80838371190015,1296
2006.0,5399,0,3,1,14.105877446920108,6.326912391183552,420.96218909020774,1296
2007.0,5400,0,2,1,14.090843978616245,6.227407407407408,421.2073354249951,1289
2008.0,5403,0,4,1,14.080583049489869,6.141773089024616,421.38238136955226,1283
2009.0,5403,0,0,0,14.045837606600987,6.1399222654081065,421.79534783317195,1298
2010.0,5406,0,3,0,14.02799377339637,6.0479097299297075,421.97471753227956,1303
2011.0,5409,0,6,3,14.010722474030851,5.878350896653726,421.7589535835655,1296
2012.0,5413,0,4,0,13.99209310830873,5.786440051727323,421.8625312645753,1286
2013.0,5416,0,5,2,13.9681726685862,5.708641063515509,421.91842393024496,1276
2014.0,5419,0,3,0,13.945228755832614,5.670049824690903,422.10287823806556,1286
2015.0,5416,0,1,4,13.91368198220697,5.596750369276219,422.61063183782807,1292
2016.0,5415,0,0,1,13.90622290990631,5.5780240073868885,423.01778072592424,1302
2017.0,5415,0,4,4,13.895314159986183,5.523545706371191,423.0629780245957,1295
2018.0,5414,0,2,3,13.869429798578244,5.52659770964167,423.422697121951,1303
2019.0,5417,0,3,0,13.831902655980242,5.532028798227802,423.6118749439775,1312
2020.0,5416,0,3,4,13.785264682711656,5.540805022156573,424.0287496845297,1318
2021.0,5418,0,4,2,13.735413391027667,5.610741971207087,424.1522719932671,1347
2022.0,5420,0,2,0,13.679685690811326,5.658856088560886,424.42859391105725,1362
2023.0,5421,0,3,2,13.61311443606273,5.710385537723667,424.71483967937155,1364
2024.0,5420,0,3,4,13.53673839585869,5.772509225092251,424.89771341286934,1373
2025.0,5421,0,3,2,13.47780864027069,5.810551558752998,425.2095466248244,1395
2026.0,5420,0,4,5,13.41565158256265,5.737638376383764,425.3723787269195,1404
2027.0,5424,0,7,3,13.374969475121398,5.695243362831858,425.26959489607253,1398
2028.0,5426,0,3,1,13.331015384894373,5.730740877257649,425.4471875731261,1421
2029.0,5426,0,2,2,13.270665335639213,5.794876520457058,425.8070985049418,1469
2030.0,5425,0,1,2,13.215716530026143,5.868018433179723,426.28404097779935,1496
2031.0,5430,0,6,1,13.191985469144619,5.946777163904236,426.34501598532034,1497
2032.0,5434,0,6,2,13.151081493037008,6.05483989694516,426.3414812160749,1535
2033.0,5432,0,3,5,13.102031084092877,6.212444771723122,426.5626118304029,1576
2034.0,5437,0,6,1,13.076466473779705,6.306235056097113,426.60664841966326,1598
2035.0,5436,0,5,6,13.022788363228482,6.420529801324503,426.8421397864706,1615
2036.0,5438,0,6,4,12.99012437861693,6.511769032732622,426.985098046507,1629
2037.0,5442,0,7,3,12.947129679862948,6.630650496141125,426.99279658970016,1664
2038.0,5441,0,2,3,12.897705899690031,6.771549347546407,427.3729165778692,1674
2039.0,5443,0,6,4,12.863122431621473,6.892522505970972,427.49819991485026,1699
2040.0,5443,0,3,3,12.79455390577805,7.074223773654235,427.916512849146,1714
2041.0,5446,0,5,2,12.742780531696274,7.205655526992288,428.08177446288926,1737
2042.0,5447,0,4,3,12.70502047670922,7.342390306590784,428.2866394167444,1750
2043.0,5450,0,5,2,12.652419184283952,7.484036697247706,428.25968282104276,1780
2044.0,5451,0,1,0,12.62386272553906,7.586681342872867,428.67252093527395,1792
2045.0,5454,0,4,1,12.598739380613988,7.73964063072974,428.722213194512,1794
2046.0,5456,0,3,1,12.572153815552982,7.873350439882698,428.9808678388312,1809
2047.0,5458,0,4,2,12.542749926771943,7.991388787101503,428.9871915926335,1821
2048.0,5462,0,4,0,12.518282125666817,8.150677407543025,429.1694909037891,1839
2049.0,5466,0,6,2,12.507453964111379,8.308635199414562,429.1640791862278,1847
2050.0,5470,0,6,2,12.496758974023603,8.457769652650823,429.31354259511903,1860
2051.0,5478,0,9,1,12.484611075319355,8.631434830230011,429.0564130043897,1879
2052.0,5480,0,3,1,12.46591589037119,8.805656934306569,429.3969475878784,1887
2053.0,5482,0,4,2,12.450523817779299,8.954213790587376,429.61722282014387,1894
2054.0,5482,0,2,2,12.423731687696904,9.139182780007296,429.8770733677286,1912
2055.0,5484,0,2,0,12.414116849536542,9.327133479212254,430.2238579838692,1919
2056.0,5487,0,4,1,12.394581042945802,9.524512484053217,430.33311788989005,1931
2057.0,5490,0,4,1,12.378747031374973,9.719307832422587,430.58632624503554,1955
2058.0,5493,0,5,2,12.36703830282819,9.8865829237211,430.82993933197844,1947
2059.0,5497,0,5,1,12.351447042716071,10.116245224668,430.98979661214736,1974
2060.0,5501,0,6,2,12.32329772407392,10.339574622795855,431.04524500591754,1993
2061.0,5503,0,5,3,12.302220210296285,10.56296565509722,431.36787687908316,2017
2062.0,5502,0,2,3,12.276302698020912,10.787895310796074,431.6807386726473,2037
2063.0,5500,0,0,2,12.241827431103392,11.056545454545455,432.1210210653891,2057
2064.0,5504,0,5,1,12.202222200572805,11.31486191860465,432.3170105441786,2091
2065.0,5508,0,5,1,12.173874597697335,11.554284676833696,432.50481345251336,2101
2066.0,5509,0,2,1,12.137679029716857,11.809765837720095,432.9193130842395,2125
2067.0,5512,0,4,1,12.114258848905626,12.059143686502177,433.1962707111408,2139
2068.0,5509,0,0,3,12.07551536806453,12.379560718823743,433.7892101049507,2155
2069.0,5514,0,5,0,12.058620537259657,12.64816829887559,433.9229888441904,2166
2070.0,5516,0,2,0,12.04842760760292,12.880166787527193,434.2942517765309,2179
2071.0,5519,0,3,0,12.113645908801162,11.55626019206378,434.58263596679177,1985
2072.0,5523,0,4,0,12.245236011713626,10.631902951294586,434.78363733867667,1832
2073.0,5522,0,0,1,12.383629691906473,9.99311843534951,435.3272998043688,1728
2074.0,5522,0,1,1,12.534478094932872,9.454364360738863,435.7846333785539,1630
2075.0,5521,0,3,4,12.694417715140743,9.056149248324578,436.116212699968,1569
2076.0,5521,0,1,1,12.858883602844942,8.768339069009237,436.54826357643316,1528
2077.0,5522,0,3,2,13.014122105152737,8.495472654835204,436.8060814378044,1478
2078.0,5525,0,5,2,13.15967614095987,8.278009049773756,436.8748286016153,1429
2079.0,5529,0,5,1,13.27269337930921,8.094592150479292,436.9975476477032,1417
2080.0,5534,0,5,0,13.385488466718805,7.972352728586917,437.0419431830045,1395
2081.0,5535,0,3,2,13.477843820634245,7.929900632339657,437.26229934260607,1396
2082.0,5538,0,4,1,13.547031134108153,7.858974358974359,437.426977026308,1388
2083.0,5539,0,3,2,13.58398704501531,7.784798700126377,437.73594742608435,1380
2084.0,5543,0,4,0,13.626337065866391,7.653256359372181,437.8435057147353,1384
2085.0,5548,0,6,1,13.66751654529718,7.397260273972603,437.848599643974,1359
2086.0,5551,0,4,1,13.684020745419653,7.2768870473788505,438.0167245853166,1348
2087.0,5554,0,3,0,13.698245000909804,7.197335253871084,438.1981359806711,1344
2088.0,5556,0,3,1,13.697280475939541,7.0764938804895605,438.2757524542118,1334
2089.0,5560,0,4,0,13.701214376096406,7.038309352517985,438.3783435924479,1333
2090.0,5562,0,4,2,13.710382404986099,6.997123336929162,438.525296977071,1335
2091.0,5566,0,5,1,13.696351818814353,6.967121810995328,438.6185903875226,1337
2092.0,5568,0,2,0,13.700484981255196,6.938397988505747,438.87848844233423,1331
2093.0,5570,0,4,2,13.682984682263488,6.904667863554757,439.09198190503207,1349
2094.0,5569,0,1,2,13.65086662079363,6.868917220326809,439.56140204802887,1343
2095.0,5570,0,2,1,13.639064775929308,6.832854578096948,439.7950819720913,1348
2096.0,5570,0,1,1,13.631076439345097,6.784560143626571,440.09690643021884,1355
2097.0,5571,0,2,1,13.619697109117842,6.685514270328487,440.4206701412581,1341
2098.0,5574,0,4,1,13.60564301633723,6.616254036598493,440.5944935893464,1343
2099.0,5579,0,6,1,13.599713416248058,6.52823086574655,440.5987635625208,1349
2100.0,5581,0,3,1,13.592544133949552,6.485934420354775,440.6889594433813,1345
2101.0,5581,0,3,3,13.563462966677392,6.394552947500448,440.9040758817514,1346
2102.0,5583,0,3,1,13.528772039460577,6.315959161741,441.0578541127997,1350
2103.0,5584,0,5,4,13.485296290953238,6.241224928366762,441.0372113487151,1360
2104.0,5587,0,5,2,13.450560149172498,6.171469482727761,441.19051366200597,1371
2105.0,5587,0,3,3,13.426241555964399,6.130839448720243,441.34618127707694,1369
2106.0,5587,0,2,2,13.399713067120887,6.082870950420619,441.67369666577474,1376
2107.0,5590,0,4,1,13.368198350384551,6.034704830053667,441.85669050421114,1382
2108.0,5589,0,1,2,13.333176781272241,6.0,442.2596577754294,1383
2109.0,5589,0,1,1,13.28354720272835,5.986938629450707,442.66508367905914,1387
2110.0,5590,0,2,1,13.214185137930532,5.9565295169946335,443.0045705237796,1406
2111.0,5592,0,5,3,13.158120307020152,5.924892703862661,443.2344878489913,1432
2112.0,5596,0,6,2,13.089102960260389,5.8779485346676195,443.2408327805043,1416
2113.0,5599,0,3,0,13.059727511231687,5.876585104482944,443.4554661053196,1435
2114.0,5598,0,3,4,13.008955392942651,5.879599857091819,443.7620794121329,1450
2115.0,5598,0,3,3,12.959128431619455,5.916934619506967,444.1070335192052,1468
2116.0,5595,0,1,4,12.905800855722633,5.8766756032171585,444.63967331553204,1477
2117.0,5593,0,0,2,12.847523363340148,5.8183443590202035,445.20917729653723,1492
2118.0,5595,0,4,2,12.799534604223249,5.833243967828418,445.39582077000335,1510
2119.0,5593,0,1,3,12.746120100449604,5.8467727516538535,445.96314353911043,1530
2120.0,5594,0,4,3,12.706535758424263,5.9290311047550945,446.1986635440446,1555
2121.0,5599,0,5,0,12.689889914332777,5.943204143597071,446.2726179461616,1574
2122.0,5599,0,3,3,12.653841174151955,5.9958921235934985,446.67657928014654,1603
2123.0,5595,0,0,4,12.614498423202036,6.070420017873101,447.20691935698636,1610
2124.0,5597,0,4,2,12.570008709539453,6.11702697873861,447.50701271919297,1637
2125.0,5597,0,4,4,12.526263405899407,6.181168483115955,447.75507861329334,1675
2126.0,5596,0,2,3,12.498560448643657,6.270729092208721,448.23589600464896,1694
2127.0,5599,0,4,1,12.479721528380423,6.3689944632970175,448.4521977743005,1702
2128.0,5601,0,3,1,12.45160665188651,6.503660060703446,448.7667304144717,1727
2129.0,5601,0,3,3,12.41924105695593,6.605249062667381,448.98444928978495,1748
2130.0,5605,0,4,0,12.392686834272943,6.752899197145406,449.153544895012,1772
2131.0,5605,0,3,3,12.37224187553949,6.828724353256021,449.4445878459812,1778
2132.0,5606,0,3,2,12.345684961569916,6.952194077773814,449.84814603110414,1789
2133.0,5611,0,6,1,12.32312593450555,7.112101229727322,449.86792726473504,1809
2134.0,5614,0,4,1,12.299056260891748,7.240114000712505,450.12045049067507,1816
2135.0,5617,0,4,1,12.280816756783983,7.402706070856329,450.1409004876678,1837
2136.0,5621,0,4,0,12.25513989945318,7.552392812666786,450.3199788892734,1854
2137.0,5625,0,5,1,12.230081948532106,7.703822222222223,450.4781480981082,1870
2138.0,5623,0,2,4,12.190977686073355,7.882802774319758,451.0881086128582,1896
2139.0,5630,0,8,1,12.168601325536272,8.046181172291297,450.9223628005807,1908
2140.0,5632,0,4,2,12.128260063903769,8.218394886363637,451.07562527668233,1918
2141.0,5637,0,6,1,12.083949222443092,8.410324640766365,451.1398179363276,1942
2142.0,5641,0,4,0,12.042738060274118,8.594575429888318,451.3319532410251,1967
2143.0,5645,0,5,1,12.012065938542873,8.80283436669619,451.49307831883357,1984
2144.0,5646,0,3,2,11.976079109756345,8.99025859015232,451.81533717983973,2020
2145.0,5643,0,0,3,11.950818101772372,9.21779195463406,452.5534077647411,2044
2146.0,5646,0,5,2,11.95158428013714,9.430924548352817,452.811452411773,2056
2147.0,5650,0,5,1,11.926898323652711,9.639469026548673,452.7854070057045,2082
2148.0,5651,0,3,2,11.92115486158605,9.879136436029022,453.21904506786075,2110
2149.0,5654,0,5,2,11.909358022370672,10.13494870887867,453.46491577095793,2119
2150.0,5653,0,3,4,11.874277082242685,10.384043870511233,453.7062765544325,2131
2151.0,5654,0,2,1,11.853364285625469,10.653519632118854,454.0671378633571,2147
2152.0,5656,0,3,1,11.840472835176506,10.896039603960396,454.42520727739924,2157
2153.0,5653,0,1,4,11.80749137503568,11.173005483813904,455.02018721052417,2175
2154.0,5659,0,6,0,11.816316664258986,11.467220356953526,455.0653585265032,2198
2155.0,5662,0,5,2,11.789607862671518,11.725538678912045,455.0939067977157,2206
2156.0,5659,0,2,5,11.7559341917212,11.969075808446721,455.45078715573027,2224
2157.0,5664,0,5,0,11.728358705234925,12.2607697740113,455.5817805415552,2245
2158.0,5665,0,4,3,11.701653994420662,12.50379523389232,455.99065962866985,2253
2159.0,5666,0,2,1,11.67331891389741,12.77726791387222,456.44050680954854,2260
2160.0,5665,0,0,1,11.629812334038025,13.04748455428067,456.96794332662256,2281
2161.0,5668,0,4,1,11.667749723046184,11.757939308398024,457.24238391378464,2087
2162.0,5668,0,2,2,11.736472537784524,10.97441778405081,457.76070686403443,1945
2163.0,5669,0,3,2,11.836158693079309,10.361615805256658,458.1881922012085,1844
2164.0,5670,0,2,1,11.964202250079087,9.893121693121692,458.61467666341235,1754
2165.0,5675,0,6,1,12.11892096993384,9.572334801762114,458.6924550564126,1702
2166.0,5677,0,3,1,12.259852790158984,9.310903646292056,458.9963421340628,1642
2167.0,5684,0,7,0,12.419264195256092,9.025862068965518,458.9117655231758,1591
2168.0,5688,0,5,1,12.549269931499808,8.776722925457102,458.89475414960924,1549
2169.0,5691,0,4,1,12.655242435157362,8.558777016341592,459.08426856316487,1514
2170.0,5692,0,2,1,12.747075507743709,8.383520730850316,459.4593531111892,1494
2171.0,5694,0,5,3,12.826971559372259,8.252897787144363,459.6033028518258,1487
2172.0,5698,0,5,1,12.910662479747403,8.11986661986662,459.64548040571293,1466
2173.0,5699,0,3,2,12.987163063741844,8.002632040708896,459.96688871355826,1457
2174.0,5699,0,0,0,13.047677447473372,7.8912089840322865,460.40608945077156,1456
2175.0,5703,0,5,1,13.10540870748107,7.678064176749079,460.39451862343907,1429
2176.0,5704,0,3,2,13.149547388620919,7.588534361851332,460.66115147358227,1424
2177.0,5708,0,5,1,13.194145751486943,7.408899789768745,460.6725496513723,1394
2178.0,5708,0,2,2,13.225461523091361,7.202172389628592,461.06312056875356,1361
2179.0,5709,0,3,2,13.244661493824337,7.096339113680155,461.2379917867367,1344
2180.0,5705,0,0,4,13.255930542006277,7.009114811568799,461.834464763038,1329
2181.0,5708,0,3,0,13.27252162947578,6.920812894183602,462.01697995895523,1323
2182.0,5710,0,3,1,13.2799908059615,6.909807355516637,462.13474521987473,1335
2183.0,5714,0,4,0,13.300399350099239,6.890444522226112,462.23489082832043,1346
2184.0,5715,0,2,1,13.295467124898776,6.865266841644795,462.5754382551864,1355
2185.0,5717,0,4,2,13.280825426840444,6.781178940003499,462.7211374179159,1339
2186.0,5719,0,3,1,13.287053215233765,6.712886868333625,462.9791223055099,1346
2187.0,5724,0,6,1,13.279017303069661,6.676100628930818,462.9914038885588,1349
2188.0,5725,0,3,2,13.270333009764835,6.610305676855895,463.2265336493647,1356
2189.0,5726,0,2,1,13.265145861921388,6.531086273140063,463.47716075362035,1356
2190.0,5727,0,2,1,13.237151578777,6.4791339270123975,463.811041703348,1361
2191.0,5731,0,4,0,13.22468814991399,6.42558017797941,463.91723315869785,1355
2192.0,5737,0,9,3,13.225629933107356,6.409273139271396,463.67176613614816,1366
2193.0,5742,0,5,0,13.221363012671471,6.352316266109369,463.69858986000924,1375
2194.0,5742,0,3,3,13.197123019849917,6.337164750957855,463.76109553656295,1399
2195.0,5747,0,7,2,13.174582505476593,6.30485470680355,463.7834372761607,1397
2196.0,5747,0,3,3,13.140496921887587,6.306246737428223,463.95452059785504,1411
2197.0,5748,0,2,1,13.096193875463847,6.2851426583159355,464.2858113901062,1421
2198.0,5747,0,3,4,13.060507902510434,6.32712719679833,464.53701914273614,1445
2199.0,5750,0,3,0,13.028186017814088,6.371130434782609,464.7356246102044,1454
2200.0,5755,0,7,2,13.003313293166142,6.337619461337967,464.58039978173497,1477
2201.0,5757,0,3,1,12.978421459102627,6.360083376758729,464.86077287739215,1496
2202.0,5759,0,3,1,12.943593808021282,6.419517277305087,465.04308445469144,1516
2203.0,5763,0,4,0,12.899488800081807,6.487419746659726,465.17115767493857,1520
2204.0,5766,1190,5,2,12.85991316326316,6.583420048560527,465.13493277033416,1549
2205.0,5770,0,5,1,12.812675591969354,6.630849220103986,465.26483230070124,1571
2206.0,5771,0,3,2,12.768509114048477,6.624328539247964,465.3947952518979,1582
2207.0,5774,0,4,1,12.745151492718476,6.62365777623831,465.60707219361313,1596
2208.0,5775,0,2,1,12.698654636877803,6.674632034632035,465.8832897099569,1600
2209.0,5775,0,4,4,12.666627391015295,6.725541125541126,466.12039059703267,1628
2210.0,5776,0,1,0,12.638101021281804,6.784799168975069,466.5066950197574,1645
2211.0,5779,0,7,4,12.608433641490745,6.843571552171656,466.52228953005266,1677
2212.0,5780,0,4,3,12.590899823695061,6.92439446366782,466.81428506114486,1690
2213.0,5784,0,7,3,12.574580112425632,7.0312932226832645,466.8453785175571,1723
2214.0,5786,0,4,2,12.54760907357067,7.156412029035603,467.0401182601231,1743
2215.0,5788,0,7,5,12.527005165056886,7.2505183137525915,466.95590738645103,1752
2216.0,5789,0,2,1,12.486148360243519,7.394195888754535,467.35128921734196,1791
2217.0,5790,0,5,4,12.471753813666432,7.524870466321244,467.30763740495496,1812
2218.0,5791,0,4,3,12.443582553099052,7.638231738905198,467.46988735943177,1825
2219.0,5795,0,4,0,12.417141518697505,7.795513373597929,467.6321570553987,1854
2220.0,5796,0,7,6,12.353017327375605,7.96152518978606,467.75252490338187,1874
2221.0,5798,0,4,2,12.29726031965577,8.12262849258365,467.83758928595114,1888
2222.0,5800,0,3,1,12.250086452230715,8.25,468.0120916612344,1908
2223.0,5799,0,1,2,12.206527148829181,8.411277806518365,468.4188879140343,1947
2224.0,5803,0,5,1,12.176376013579471,8.504911252800277,468.4917882241062,1957
2225.0,5806,0,4,1,12.152315846108838,8.620909404064761,468.7412178535093,1982
2226.0,5809,0,8,5,12.122363018832903,8.760371836804957,468.75556216745,1985
2227.0,5815,0,6,0,12.08336366428091,8.874118658641445,468.77512704035644,1989
2228.0,5817,0,2,0,12.038668962396272,9.051916795599107,469.1198699403798,2011
2229.0,5823,0,7,1,12.00430893186187,9.204190279924438,469.09543709532187,2031
2230.0,5822,0,3,4,11.959474279165594,9.375128821710753,469.3988670663295,2060
2231.0,5821,0,1,2,11.919546723745963,9.56313348221955,469.94653234162143,2078
2232.0,5826,0,7,2,11.888402865789944,9.738070717473395,469.9721245768896,2102
2233.0,5825,0,4,5,11.834917907825485,9.956051502145923,470.13564189693017,2134
2234.0,5825,0,4,4,11.816172976112673,10.16412017167382,470.4981685141995,2142
2235.0,5827,0,4,2,11.796636715760558,10.378067616269092,470.5908463220534,2158
2236.0,5830,0,3,0,11.769087107111643,10.594854202401372,470.87131242511356,2188
2237.0,5835,0,6,1,11.765698147781295,10.84490145672665,470.8512528258845,2204
2238.0,5837,0,2,0,11.743214937477191,11.052252869624807,471.2147637923033,2207
2239.0,5841,0,6,2,11.73797277566797,11.246875535011128,471.40101599033056,2218
2240.0,5842,0,4,3,11.716675858694757,11.50085587127696,471.59573399875535,2232
2241.0,5848,0,6,0,11.710506974063156,11.718536251709986,471.6401538018808,2252
2242.0,5852,0,6,2,11.691637202453546,11.982228298017771,471.7228388074544,2271
2243.0,5854,0,5,3,11.681716429898987,12.217799795011958,471.86529585246734,2285
2244.0,5856,0,3,1,11.674526630087495,12.478142076502733,472.129096891684,2300
2245.0,5859,0,5,2,11.659257136324745,12.71394435910565,472.2583772653246,2313
2246.0,5860,0,2,1,11.630555396238305,12.976109215017065,472.5871717043628,2325
2247.0,5862,0,4,2,11.614953075256523,13.20863186625725,472.7046161530014,2340
2248.0,5866,0,5,1,11.604095067130318,13.436754176610979,472.82482960008315,2345
2249.0,5871,0,5,0,11.604084366449046,13.647589848407426,472.96209284770333,2353
2250.0,5873,0,5,3,11.576716724870234,13.92882683466712,473.1117627406689,2366
2251.0,5872,0,1,2,11.627172285993566,12.769754768392371,473.60907741573413,2181
2252.0,5874,0,3,1,11.703342343734512,11.9056860742254,473.86730342072485,2037
2253.0,5875,0,2,1,11.820992458293883,11.282212765957446,474.181866412475,1922
2254.0,5876,0,3,2,11.971169029079148,10.739788972089857,474.2998485141789,1834
2255.0,5877,0,2,1,12.125369307714205,10.319380636379105,474.7199828776082,1761
2256.0,5880,0,6,3,12.276014008467172,9.95578231292517,474.94838322680795,1686
2257.0,5881,0,3,2,12.418715449054233,9.681686787961231,475.32450542069785,1645
2258.0,5882,0,1,0,12.549545762356384,9.435566133968038,475.71832727739223,1592
2259.0,5884,0,4,2,12.6694459229426,9.254928619986403,476.01481272015474,1569
2260.0,5887,0,5,2,12.778070428947547,9.045863767623578,476.1868226091155,1531
2261.0,5890,0,4,1,12.857030415471177,8.933276740237691,476.3069456301405,1535
2262.0,5891,0,4,3,12.928347643343299,8.768799864199627,476.5043051883401,1512
2263.0,5893,0,4,2,12.994492552188364,8.7093161377906,476.5830047671692,1507
2264.0,5896,0,4,1,13.047393211027295,8.58616010854817,476.7003891424449,1491
2265.0,5894,0,4,6,13.072185234193967,8.459959280624364,476.9715384613802,1490
2266.0,5899,0,8,3,13.10360282299715,8.296321410408543,476.7928703495292,1464
2267.0,5900,0,3,2,13.127909234016307,8.182033898305084,477.0506077637142,1452
2268.0,5901,0,2,1,13.142580347851059,8.068124046771734,477.4024210630398,1437
2269.0,5903,0,4,2,13.164045804813384,7.997967135354904,477.4487119729937,1441
2270.0,5903,0,3,3,13.16654794545852,7.953074707775707,477.77152821603414,1432
2271.0,5903,0,1,1,13.164491177110968,7.906488226325597,478.1752887186274,1432
2272.0,5904,0,4,3,13.167738502004687,7.846375338753387,478.4128462613021,1423
2273.0,5904,0,4,4,13.157395291959457,7.766090785907859,478.78927217923564,1410
2274.0,5903,0,2,3,13.16252080789142,7.6301880399796715,479.10377042544286,1407
2275.0,5902,0,1,2,13.159743104406415,7.520840393087089,479.57734924818095,1398
2276.0,5906,0,8,4,13.151443117657879,7.49339654588554,479.55121348618064,1407
2277.0,5910,0,6,2,13.133804633725223,7.460744500846023,479.34988085950846,1411
2278.0,5911,0,2,1,13.145992216902163,7.4023007951277275,479.6820336382212,1406
2279.0,5913,0,3,1,13.132993275833295,7.360054118044985,479.8558424663413,1419
2280.0,5914,0,2,1,13.117899132653582,7.294217111937774,480.19405855775216,1409
2281.0,5913,0,3,4,13.104398820179851,7.250295958058516,480.4386622784856,1410
2282.0,5912,0,1,2,13.073673562362545,7.230040595399188,480.90869174106166,1427
2283.0,5912,0,2,2,13.041445028623766,7.197902571041949,481.23352874631155,1420
2284.0,5912,0,4,4,13.017516278116581,7.1564614343707715,481.44012148424724,1426
2285.0,5909,0,1,4,13.001742667804942,7.120155694702995,481.8393777142027,1449
2286.0,5912,0,6,3,12.96924501675903,7.112144790257104,481.8224997934323,1453
2287.0,5915,0,5,2,12.931581387349064,7.11715976331361,481.97076993985155,1474
2288.0,5916,0,1,0,12.900163620873737,7.068289384719405,482.3400621459932,1489
2289.0,5916,0,5,5,12.854245905920342,7.066260987153482,482.5908589923,1504
2290.0,5919,0,4,1,12.805768795552739,7.070620037168441,482.7022314593126,1530
2291.0,5917,0,3,5,12.755957591699495,7.102585769815785,482.85258887377944,1538
2292.0,5918,0,3,2,12.7073973884939,7.15444406894221,483.1085637387585,1554
2293.0,5920,0,4,2,12.64517627220979,7.210810810810811,483.375088505343,1571
2294.0,5922,0,2,0,12.578038220128821,7.278959810874705,483.68177198915765,1595
2295.0,5921,0,1,2,12.510175050399663,7.357372065529471,484.03107076616584,1619
2296.0,5922,0,2,1,12.426969982886565,7.337723741979061,484.2665430314872,1625
2297.0,5922,0,1,1,12.3661740694585,7.3694697737250925,484.55671540278604,1637
2298.0,5921,0,2,3,12.325575071981438,7.450261780104712,484.8378563652003,1674
2299.0,5926,0,5,0,12.303719454116942,7.537799527505906,484.91412832953995,1703
2300.0,5925,0,0,1,12.261483579104931,7.61451476793249,485.3708202943433,1725
2301.0,5925,0,1,1,12.248611095372933,7.714599156118143,485.77039762677106,1759
2302.0,5928,0,4,1,12.213674978584645,7.864372469635628,486.01278295984525,1790
2303.0,5931,0,4,1,12.171751663301274,8.041814196594165,486.25819343280483,1843
2304.0,5932,0,1,0,12.131718858342992,8.156439649359406,486.6728478875654,1863
2305.0,5936,0,6,2,12.097710292681196,8.286388140161725,486.6107532852764,1884
2306.0,5940,0,5,1,12.068794860343823,8.41043771043771,486.7654901289912,1903
2307.0,5941,0,4,3,12.029855133714827,8.568086180777646,486.8970662374619,1928
2308.0,5945,0,7,3,11.997959198463715,8.771572750210261,487.0365813492343,1954
2309.0,5946,0,3,2,11.952150214369643,8.945845946855028,487.3442364259636,1961
2310.0,5948,0,4,2,11.914437798227707,9.1726630800269,487.67219945844147,1998
2311.0,5947,0,1,2,11.865702610714447,9.314948713637127,488.1043604064264,2002
2312.0,5950,0,4,1,11.813717594008551,9.458487394957983,488.3688155062665,2022
2313.0,5949,0,2,3,11.789621807643679,9.63607328962851,488.805392252133,2038
2314.0,5947,0,1,3,11.767211096396215,9.751807634101228,489.38824269509166,2060
2315.0,5949,0,4,2,11.76355503796207,9.907043200537906,489.70768489971744,2079
2316.0,5948,0,4,5,11.732722395102664,10.065568258238063,490.1470669839947,2108
2317.0,5946,0,0,2,11.71810543786597,10.225866128489741,490.50451575973835,2124
2318.0,5943,0,1,4,11.70418911114128,10.404677772168938,491.1306941346162,2146
2319.0,5943,0,1,1,11.688241564194756,10.60188457008245,491.6268876404021,2146
2320.0,5945,0,5,3,11.663614361191906,10.791757779646762,491.90920358831374,2162
2321.0,5945,0,2,2,11.631278214301206,10.9986543313709,492.4281311306502,2179
2322.0,5942,0,3,6,11.586871216430541,11.19723998653652,492.74800670995774,2216
2323.0,5941,0,1,2,11.565840834101433,11.391179936037704,493.14667093311465,2237
2324.0,5944,0,5,2,11.54661531897189,11.596904441453567,493.329661581015,2253
2325.0,5943,0,3,4,11.514910787707336,11.767794043412419,493.66282601767006,2263
2326.0,5943,0,3,3,11.479972446007359,11.951876156823154,494.1465816893966,2269
2327.0,5938,0,1,6,11.440441314758349,12.157965644998315,494.57873289175654,2291
2328.0,5941,0,3,0,11.425188293694717,12.39404140717051,494.87418641627994,2310
2329.0,5940,0,3,4,11.395008716666638,12.657407407407407,495.1822972189423,2333
2330.0,5940,0,2,2,11.366180937514068,12.852020202020203,495.63545375791426,2343
2331.0,5943,0,5,2,11.345768986921136,13.068652195860677,495.8702137525892,2365
2332.0,5944,0,2,1,11.317969227807163,13.34757738896366,496.24453519510405,2379
2333.0,5944,0,1,1,11.272175028519277,13.5871467025572,496.7703776301157,2393
2334.0,5947,0,4,1,11.249716055126623,13.856398183958298,496.962267802412,2409
2335.0,5949,0,4,2,11.227900858039744,14.08421583459405,497.2251392678009,2418
2336.0,5952,0,5,2,11.207694266544879,14.3125,497.5215428017172,2427
2337.0,5954,0,4,2,11.179029701960038,14.580450117568022,497.73286066325807,2449
2338.0,5957,0,4,1,11.162635352867932,14.833976833976834,498.037205811425,2458
2339.0,5958,0,2,1,11.129139017551982,15.144175897952334,498.35184849314425,2465
2340.0,5959,0,4,3,11.096689667044785,15.443027353582815,498.4971433941816,2484
2341.0,5962,0,3,0,11.151536640494278,14.227272727272727,498.806260437552,2270
2342.0,5966,0,5,1,11.255985204520853,13.346798524974858,498.9390714790756,2118
2343.0,5968,0,3,1,11.372246839381527,12.685991957104557,499.311042571023,2001
2344.0,5972,0,5,1,11.532880200325367,12.156396517079706,499.431503189609,1908
2345.0,5975,0,3,0,11.68734898552586,11.779748953974895,499.70531470976573,1847
2346.0,5978,0,5,2,11.854857155565837,11.49029775844764,499.76908075674424,1799
2347.0,5981,0,3,0,12.001395815962619,11.235077746196287,500.0224496832348,1758
2348.0,5980,0,3,4,12.120417760407028,11.023076923076923,500.3081384482882,1732
2349.0,5982,0,4,2,12.207759867279067,10.81511200267469,500.59864916450397,1704
2350.0,5986,0,5,1,12.304194226928253,10.686100902104911,500.6677200955242,1700
2351.0,5988,0,5,3,12.372452404650366,10.615230460921843,500.7445932550927,1688
2352.0,5987,0,2,3,12.413174739655494,10.557875396692834,501.044130197539,1678
2353.0,5989,0,2,0,12.46193299394251,10.46301552846886,501.3490923921638,1670
2354.0,5989,0,3,3,12.513936139899004,10.33528134914009,501.5807051759195,1668
2355.0,5989,0,2,2,12.563346873133362,10.214059108365337,501.9117105475572,1654
2356.0,5990,0,2,1,12.619222068474148,10.135058430717864,502.28758911131274,1651
2357.0,5990,0,2,2,12.658385773228629,10.057429048414024,502.5544240123839,1655
2358.0,5992,0,4,2,12.696240977135396,9.885180240320427,502.7278148495795,1629
2359.0,5992,0,4,4,12.721165696299122,9.779205607476635,502.86684272594226,1620
2360.0,5997,0,6,1,12.74630863909288,9.781223945305987,502.75598481162314,1627
2361.0,5999,0,4,2,12.767170281688712,9.77162860476746,502.85165159030817,1618
2362.0,6002,0,4,1,12.774196778667804,9.727590803065645,502.96231229839736,1617
2363.0,6002,0,1,1,12.775989336414197,9.60496501166278,503.31320636170454,1604
2364.0,6006,0,4,0,12.787530510158673,9.52997002997003,503.43305393363505,1603
2365.0,6004,0,1,3,12.78196153558624,9.428381079280479,503.71047524014733,1592
2366.0,6007,0,5,2,12.780950976464839,9.285333777259863,503.77807470528063,1589
2367.0,6006,0,0,1,12.768800197095802,9.14901764901765,504.31549088891717,1593
2368.0,6005,0,1,2,12.766850135448706,9.006494587843465,504.6321350526229,1594
2369.0,6006,0,1,0,12.781065375114714,8.87046287046287,505.0036580520252,1582
2370.0,6007,0,3,2,12.77016736081565,8.741135342100883,505.2532545316916,1571
2371.0,6011,0,5,1,12.758488604813584,8.62019630677092,505.3418008175116,1573
2372.0,6010,0,3,4,12.718745329626213,8.501497504159733,505.58364498900954,1570
2373.0,6010,0,1,1,12.691516046469237,8.454908485856905,505.9379069996023,1569
2374.0,6009,0,3,4,12.663357259611724,8.397736728240972,506.3420382395821,1587
2375.0,6011,0,5,3,12.635491513272557,8.372982864747962,506.4039255264781,1590
2376.0,6014,0,4,1,12.624889501497059,8.283338875956103,506.57620914181086,1583
2377.0,6016,0,7,5,12.610436964125725,8.256815159574469,506.45758136273946,1598
2378.0,6015,0,3,4,12.582754847645374,8.274646716541978,506.6173246995769,1604
2379.0,6018,0,4,1,12.57098827811538,8.216350947158524,506.65837943198034,1598
2380.0,6018,0,2,2,12.511402463287645,8.137088733798604,507.0081519603818,1603
2381.0,6019,0,3,2,12.464863623143241,8.101179597939858,507.38485478827863,1605
2382.0,6022,0,4,1,12.434643613091255,8.053138492195284,507.4959025533571,1605
2383.0,6026,0,5,1,12.41063710207998,7.995851310985729,507.59031514060337,1605
2384.0,6029,0,5,2,12.37496983937653,7.984408691325261,507.6435598332258,1610
2385.0,6031,0,4,2,12.337422839863756,8.005140109434588,507.7026035850199,1609
2386.0,6036,0,7,2,12.306190409892102,8.005467196819085,507.7502914938383,1624
2387.0,6040,0,5,1,12.277454946807277,7.960430463576159,507.7920225165853,1621
2388.0,6042,0,3,1,12.259913181116957,7.965905329361139,507.9267499021401,1625
2389.0,6043,0,2,1,12.224942330307206,8.014562303491644,508.2898065345605,1649
2390.0,6047,0,5,1,12.199639142576553,8.030924425334877,508.43267478089393,1673
2391.0,6049,0,5,3,12.188279675814575,8.100347164820631,508.52325604674354,1717
2392.0,6050,0,2,1,12.165648004367855,8.14099173553719,508.84725774716037,1737
2393.0,6050,0,4,4,12.117436435629537,8.271239669421488,509.24534016521346,1769
2394.0,6047,0,2,5,12.085945641685846,8.384653547213494,509.7885794467182,1787
2395.0,6047,0,2,2,12.057511675353044,8.508681991069952,510.15450050467706,1817
2396.0,6050,0,6,3,12.026395342557178,8.648760330578513,510.2217992424782,1836
2397.0,6053,0,5,2,12.006811328405748,8.805385759127706,510.1901345695605,1884
2398.0,6050,0,3,6,11.977880103008358,8.957520661157025,510.58150494274935,1908
2399.0,6052,0,5,3,11.940892618684376,9.10079312623926,510.7534692441849,1924
2400.0,6054,0,4,2,11.900083319546594,9.255368351503138,511.03070099318484,1944
2401.0,6055,0,3,2,11.861571087897541,9.349628406275805,511.309871347785,1953
2402.0,6054,0,1,2,11.820269083653006,9.484968615791212,511.71769809807273,1971
2403.0,6058,0,5,1,11.7928834550176,9.623308022449653,511.8262836418137,1996
2404.0,6057,1199,2,3,11.74743793499793,9.773650321941556,512.2555451460602,2006
2405.0,6059,0,4,2,11.70605706651684,9.902129064202013,512.5493738677064,2020
2406.0,6064,0,5,0,11.681977914650004,10.067282321899736,512.6497290462793,2051
2407.0,6068,0,6,2,11.66785419739808,10.22363216875412,512.7591889229384,2067
2408.0,6068,0,5,5,11.622900204864585,10.414634146341463,512.9516237086618,2100
2409.0,6070,0,3,1,11.595887575288277,10.577924217462932,513.2991342680472,2114
2410.0,6073,0,7,4,11.543297980273257,10.780997859377573,513.3183079754085,2145
2411.0,6072,0,2,3,11.519050111690145,10.954380764163373,513.7665920667156,2163
2412.0,6074,0,3,1,11.480245526957734,11.105202502469542,514.1218587816247,2182
2413.0,6071,0,2,5,11.434303375538555,11.249711744358425,514.3993523559278,2204
2414.0,6075,0,4,0,11.414035896674772,11.394732510288065,514.6010829761232,2226
2415.0,6080,0,8,3,11.407166249171425,11.55279605263158,514.298300135974,2249
2416.0,6084,0,5,1,11.397856423882658,11.733070348454964,514.4730832109642,2274
2417.0,6087,0,5,2,11.383814747272309,11.919172005914243,514.6918955846768,2287
2418.0,6087,0,3,3,11.372125102798655,12.087727944800394,515.1803438634443,2297
2419.0,6088,0,3,2,11.35270475087815,12.300919842312746,515.5379759169049,2317
2420.0,6090,0,3,1,11.34082065212739,12.495238095238095,515.7587956033228,2325
2421.0,6091,0,3,2,11.323631170940185,12.752093252339517,516.1393181601378,2367
2422.0,6092,0,2,1,11.294062173649824,12.990151017728168,516.500104285592,2375
2423.0,6097,0,6,1,11.269887704058215,13.259635886501558,516.6086029853548,2401
2424.0,6096,0,1,2,11.233158222594291,13.531003937007874,517.2261167084586,2421
2425.0,6102,0,6,0,11.220370353451784,13.802851524090462,517.2711280706054,2445
2426.0,6103,0,2,1,11.19090489514423,14.100933966901524,517.6784812090971,2469
2427.0,6103,0,5,5,11.17415828683733,14.394068490906111,518.1656837017406,2493
2428.0,6104,0,4,3,11.154564164508608,14.652195281782438,518.3282824975109,2497
2429.0,6108,0,5,1,11.126910075109063,14.8737721021611,518.4831901389242,2501
2430.0,6111,0,6,3,11.114780442811348,15.137129765995745,518.5967059173477,2526
2431.0,6113,0,3,1,11.17539430360502,13.982169147717977,518.9757966629875,2334
2432.0,6114,0,3,2,11.27609147351275,13.22456656853124,519.3271103329544,2185
2433.0,6114,0,2,2,11.400341919114663,12.630192999672882,519.626096058656,2073
2434.0,6111,0,1,4,11.527751353652967,12.198003600065455,519.9906196693795,1987
2435.0,6112,0,2,1,11.673123501280328,11.857493455497382,520.3829258713382,1936
2436.0,6113,0,3,2,11.833860246838013,11.553083592344185,520.6951780351853,1881
2437.0,6111,0,2,4,11.983176163444467,11.31124202258223,521.0814353914718,1837
2438.0,6113,0,5,3,12.114454155818883,11.134303942417798,521.0654411334671,1801
2439.0,6112,0,1,2,12.198281786267433,10.963350785340314,521.5411234876328,1783
2440.0,6114,0,3,1,12.281749827255245,10.860974811907099,521.8115941539198,1761
2441.0,6112,0,2,4,12.330820512664987,10.809718586387435,522.2733861844681,1751
2442.0,6112,0,2,2,12.38740149533904,10.726603403141361,522.7051054772367,1740
2443.0,6112,0,3,3,12.426711434778815,10.62074607329843,523.0940342230639,1719
2444.0,6113,0,2,1,12.468638064880738,10.537870112874202,523.2916770421056,1705
2445.0,6111,0,3,5,12.500907746442271,10.455081001472754,523.6214345460933,1706
2446.0,6110,0,2,3,12.543537090433684,10.295581014729951,523.9862335085601,1681
2447.0,6110,0,4,4,12.576178055532926,10.2430441898527,524.3163180390088,1668
2448.0,6110,0,2,2,12.599093196450118,10.204909983633389,524.6663981412801,1665
2449.0,6109,0,1,2,12.615455208200647,10.161728597151743,524.9652279937494,1661
2450.0,6110,0,2,1,12.636996427379842,10.107528641571195,525.2168997265609,1645
2451.0,6114,0,6,2,12.64182648814976,10.053483807654564,525.124786643711,1642
2452.0,6117,0,5,2,12.649655209097265,10.02076181134543,525.1229158652478,1631
2453.0,6122,0,6,1,12.649844773233221,9.97843841881738,525.0947725255411,1637
2454.0,6119,0,1,4,12.652203642117746,10.00196110475568,525.3356403304812,1634
2455.0,6120,0,5,4,12.655181156553361,9.980065359477123,525.5650272316929,1637
2456.0,6119,0,0,1,12.666657261830471,9.848994933812714,526.0229946582745,1598
2457.0,6123,0,6,2,12.687445680961236,9.79764821166095,525.9259888493688,1596
2458.0,6126,0,3,0,12.688798072458672,9.720535422788116,526.1246396117892,1585
2459.0,6132,0,7,1,12.7112656203556,9.693085453359426,525.9789324534611,1590
2460.0,6132,0,2,2,12.689945725914765,9.664872798434443,526.2442135972725,1587
2461.0,6130,0,1,3,12.690069255910926,9.647308319738988,526.6640721052257,1580
2462.0,6133,0,5,2,12.711236776621814,9.611935431273439,526.6355500442247,1588
2463.0,6131,0,1,3,12.696587725238098,9.60332735279726,526.9631515072787,1578
2464.0,6137,0,7,1,12.671968318893017,9.563467492260061,526.8550766724252,1589
2465.0,6141,0,4,0,12.675767659579831,9.548933398469305,526.9705260734266,1588
2466.0,6144,0,4,1,12.661679807892021,9.56494140625,527.1094947933284,1615
2467.0,6145,0,5,4,12.624623264802475,9.575752644426363,527.1613423199008,1634
2468.0,6146,0,2,1,12.609255906993294,9.448259030263586,527.4795181555861,1639
2469.0,6146,0,4,4,12.584898883745751,9.437194923527498,527.4119447365299,1649
2470.0,6146,0,4,4,12.548833751129681,9.455418158151643,527.4748260864934,1670
2471.0,6145,0,2,3,12.501432751245629,9.487225386493083,527.9131363991931,1694
2472.0,6148,0,5,2,12.444693111858035,9.525211450878334,527.9059204399578,1706
2473.0,6148,0,2,2,12.412870543475753,9.587345478204295,528.2550375887538,1712
2474.0,6151,0,4,1,12.37686938079647,9.632417493090554,528.314439450843,1734
2475.0,6153,0,5,3,12.307673361707996,9.678205753291078,528.241666502826,1731
2476.0,6154,0,3,2,12.243681484080444,9.678745531361717,528.3387879222867,1760
2477.0,6155,0,3,2,12.178864473332144,9.67311129163282,528.5337355064773,1762
2478.0,6155,0,2,2,12.14405452526539,9.738748984565394,528.8939789583419,1795
2479.0,6161,0,6,0,12.104654948556764,9.726505437428989,528.8700604075574,1803
2480.0,6159,0,0,2,12.064485715978657,9.776262380256535,529.427710336597,1829
2481.0,6167,0,9,1,12.044424676465821,9.857791470731312,529.1215237889569,1872
2482.0,6169,0,2,0,12.013495769013508,9.969849246231156,529.446317448726,1897
2483.0,6170,0,5,4,11.962935079091887,10.090437601296596,529.7852979514726,1926
2484.0,6174,0,5,1,11.93602134736932,10.205701328150308,529.7987045666998,1947
2485.0,6174,0,3,3,11.903528715981697,10.353093618399742,529.9966191170726,1991
2486.0,6178,0,6,2,11.870159501073404,10.495144059566202,530.0969847302412,2014
2487.0,6178,0,3,3,11.842029964857279,10.627387504046617,530.372779657388,2025
2488.0,6182,0,6,2,11.812735926545018,10.781785829828534,530.4515637275466,2055
2489.0,6182,0,2,2,11.766543523032611,10.954383694597217,530.7583783275203,2095
2490.0,6184,0,3,1,11.737721941756352,11.134217335058215,531.0913439216959,2128
2491.0,6190,0,6,0,11.687739934854942,11.25799676898223,531.0933649692405,2159
2492.0,6191,0,2,1,11.640753578140165,11.395251171054756,531.50500159486,2175
2493.0,6194,0,4,1,11.59440868324976,11.55440749112044,531.6977461497995,2201
2494.0,6196,0,3,1,11.556141127127631,11.682052937378954,531.8919607899659,2223
2495.0,6200,0,6,2,11.524653022363864,11.818870967741935,532.026081368113,2236
2496.0,6205,0,6,1,11.491585472278725,11.96809024979855,532.1241714173625,2265
2497.0,6207,0,2,0,11.450333852888415,12.157402932173353,532.4844738735075,2274
2498.0,6208,0,3,2,11.423760864247248,12.347938144329897,532.6918593866303,2301
2499.0,6207,0,1,2,11.389498984267123,12.538263251168036,533.1771722131462,2318
2500.0,6209,0,4,2,11.37780683642445,12.725398614913836,533.2960331167172,2337
2501.0,6213,0,7,3,11.349249554303325,12.90037019153388,533.251892559506,2344
2502.0,6214,0,3,2,11.309868165769727,13.089153524299968,533.6323641992066,2366
2503.0,6216,0,3,1,11.279423770808158,13.309362934362934,533.8804769793675,2387
2504.0,6219,0,3,0,11.26512951712162,13.54462132175591,534.1682608713817,2399
2505.0,6221,0,3,1,11.240475180990456,13.76932968976049,534.5316626770529,2417
2506.0,6224,0,4,1,11.242203590361461,13.977667095115681,534.7769999235453,2432
2507.0,6225,0,2,1,11.230760397117907,14.230843373493975,535.197265631728,2459
2508.0,6228,0,5,2,11.214889828102802,14.472703917790623,535.3618919891416,2475
2509.0,6230,0,2,0,11.20165467867222,14.735473515248795,535.7420462807902,2493
2510.0,6234,0,5,1,11.186682521579282,14.932627526467757,535.7861299502406,2502
2511.0,6236,0,3,1,11.167692713465412,15.162764592687621,536.0047946318762,2509
2512.0,6240,0,4,0,11.155412749423247,15.390865384615385,536.2164588584892,2527
2513.0,6246,0,7,1,11.155319654852308,15.642651296829971,536.2543541528864,2538
2514.0,6248,0,3,1,11.150009334841991,15.914212548015366,536.6259769042775,2552
2515.0,6251,0,4,1,11.149752072181116,16.184930411134218,536.702428255344,2581
2516.0,6257,0,6,0,11.154121247622442,16.436151510308456,536.7451812629932,2591
2517.0,6258,0,4,3,11.16948125223851,16.68360498561841,536.8976556822765,2594
2518.0,6262,0,6,2,11.174137790963144,16.907537527946342,537.0799198445923,2597
2519.0,6264,0,2,0,11.163809093962923,17.162835249042146,537.4672335454563,2615
2520.0,6265,0,3,2,11.143095831793934,17.467358339984038,537.7838398755777,2636
2521.0,6263,0,1,3,11.181641187497194,16.437969024429187,538.265009700819,2437
2522.0,6265,0,3,1,11.26097580557326,15.713328012769354,538.641314266777,2298
2523.0,6264,0,1,2,11.36431394515673,15.235791826309068,539.0880737142676,2196
2524.0,6268,0,4,0,11.495746699361286,14.77680280791321,539.2780536797019,2101
2525.0,6268,0,1,1,11.616392591188086,14.44751116783663,539.79369286493,2038
2526.0,6271,0,5,2,11.748308594771732,14.129325466432785,540.001410966693,1969
2527.0,6272,0,2,1,11.888745483326336,13.895886479591837,540.416335873585,1927
2528.0,6274,0,2,0,12.011198091156352,13.653968759961748,540.7420891999813,1893
2529.0,6272,0,0,2,12.078708979012436,13.498565051020408,541.4002078862771,1871
2530.0,6272,0,1,1,12.14935991192288,13.372448979591837,541.8769015165476,1844
2531.0,6272,0,3,3,12.214448372335925,13.292889030612244,542.2130372861924,1835
2532.0,6270,0,0,2,12.263811194974359,13.124242424242425,542.7376128272609,1817
2533.0,6271,0,3,2,12.309035818567605,13.016584276829851,543.0214954387243,1803
2534.0,6272,0,3,2,12.353195251780159,12.941645408163266,543.307294430423,1795
2535.0,6274,0,4,2,12.390495836691295,12.823079375199235,543.4362940482915,1779
2536.0,6275,0,3,2,12.4133406650755,12.74772908366534,543.5047836650996,1767
2537.0,6275,0,3,3,12.417400359750962,12.665338645418327,543.9119918190665,1746
2538.0,6276,0,3,2,12.430280497946805,12.541268323773103,544.0882965417981,1724
2539.0,6276,0,2,2,12.448414009949705,12.490439770554493,544.2387343259019,1711
2540.0,6275,0,3,4,12.470325082792561,12.396812749003985,544.4364440910492,1708
2541.0,6275,0,4,4,12.483905391506426,12.328924302788845,544.4522374995106,1697
2542.0,6275,0,2,2,12.466783502376051,12.338326693227092,544.8224030095759,1690
2543.0,6275,0,4,4,12.456592465310578,12.288764940239044,545.0304266760093,1684
2544.0,6276,0,1,0,12.436782905526206,12.261153601019759,545.4077767023189,1676
2545.0,6279,0,5,2,12.434816348566804,12.187609491957318,545.5274107356805,1678
2546.0,6277,0,3,5,12.414222557823425,12.131113589294248,545.9146238490332,1672
2547.0,6278,0,3,2,12.413416661030919,12.08697037273017,546.1627111546169,1662
2548.0,6278,0,2,2,12.38349031629962,12.065466709143038,546.4387027260655,1679
2549.0,6276,0,3,5,12.362811648062623,12.034735500318675,546.7266066280337,1687
2550.0,6279,0,4,1,12.345807332512944,11.992992514731645,546.8205930211607,1704
2551.0,6275,0,1,5,12.303433272162168,11.932430278884462,547.3319613799861,1697
2552.0,6278,0,4,1,12.274653348220152,11.900446001911437,547.5318878363629,1716
2553.0,6280,0,3,1,12.243287485568292,11.878025477707006,547.7010829197507,1738
2554.0,6279,0,3,4,12.199395699617966,11.862716993151777,548.1208953006382,1749
2555.0,6284,0,5,0,12.182254612072928,11.87285168682368,548.1618826304821,1765
2556.0,6283,0,1,2,12.149792264699942,11.877287919783543,548.5604228802205,1777
2557.0,6284,0,3,2,12.139074351899936,11.883354551241247,548.7447850058622,1782
2558.0,6280,0,3,7,12.11607113596306,11.873566878980892,548.9916234991858,1788
2559.0,6281,0,3,2,12.087844019840283,11.932972456615188,549.2114394660423,1817
2560.0,6278,0,1,4,12.052607108702773,11.98884995221408,549.5302010505114,1820
2561.0,6283,0,5,0,12.034083463134309,12.036129237625339,549.5795285909746,1831
2562.0,6286,0,5,2,11.996425504586373,12.094972955774738,549.705727101763,1848
2563.0,6290,0,4,0,11.960125176880164,12.170906200317965,549.8470284719781,1870
2564.0,6292,0,4,2,11.92471195786414,12.267482517482517,550.1132471781012,1889
2565.0,6297,0,5,0,11.887024968376393,12.061299031284738,550.1715496985015,1877
2566.0,6296,0,3,4,11.86609465624282,12.016836086404066,550.5852327315475,1878
2567.0,6300,0,5,1,11.840241997142298,12.006349206349206,550.4761813019164,1900
2568.0,6302,0,5,3,11.831944448279561,12.040304665185655,550.5526215040818,1917
2569.0,6307,0,5,0,11.805726038702485,12.08466782939591,550.6176310217368,1924
2570.0,6305,0,4,6,11.769214354219978,12.180015860428231,551.0969920849365,1955
2571.0,6312,0,7,0,11.743504215421291,12.273447401774398,550.9917556639546,1977
2572.0,6311,0,2,3,11.713673197467621,12.411028363175408,551.4367334884178,2003
2573.0,6313,0,3,1,11.685013782249118,12.558213210834785,551.6335527964503,2025
2574.0,6318,0,5,0,11.671699675304007,12.68059512503957,551.7077514687386,2056
2575.0,6323,0,6,1,11.659179319229892,12.816226474774632,551.6469800846602,2063
2576.0,6329,0,6,0,11.628537915986433,12.956075209353768,551.6377501249367,2089
2577.0,6330,0,3,2,11.590764961924819,13.10394944707741,551.8846276902067,2112
2578.0,6330,0,2,2,11.539091753745703,13.286571879936808,552.2334579630717,2145
2579.0,6332,0,3,1,11.507343383474396,13.388660770688565,552.4756751108916,2144
2580.0,6333,0,4,3,11.481749584162259,13.529133112269067,552.8779236649186,2179
2581.0,6333,0,3,3,11.440789160407894,13.646455076582978,553.2478315743891,2187
2582.0,6334,0,3,2,11.398155884254138,13.733817492895485,553.6696182250597,2193
2583.0,6339,0,5,0,11.366678346450163,13.861650102539834,553.7616572473203,2213
2584.0,6344,0,7,2,11.34976228591971,14.005832282471626,553.6298217767256,2226
2585.0,6343,0,2,3,11.303794500799146,14.117294655525777,553.9787478050666,2244
2586.0,6348,0,8,3,11.269977086454979,14.168714555765595,553.8326422216797,2244
2587.0,6349,0,2,1,11.248868415944603,14.262876043471413,554.1292757224688,2276
2588.0,6354,0,5,0,11.21537480834175,14.363707900535095,554.2310680157774,2292
2589.0,6355,0,5,4,11.179507617899853,14.507159716758459,554.2970860013176,2300
2590.0,6355,0,3,3,11.15679514619597,14.660739575137686,554.7302695139894,2319
2591.0,6358,0,3,0,11.132102752337032,14.8414595784838,555.0129374348915,2347
2592.0,6361,0,4,1,11.100587842604382,15.015091966671907,555.1579970565596,2366
2593.0,6364,0,4,1,11.06210498719381,15.181332495285984,555.3515268151525,2384
2594.0,6366,0,4,2,11.034637269149426,15.37401822180333,555.6176334768999,2393
2595.0,6365,0,1,2,11.00717788217294,15.586174391201885,556.071170304664,2410
2596.0,6367,0,4,2,10.970623781097819,15.799591644416523,556.327416461157,2421
2597.0,6367,0,0,0,10.933746853993908,16.051986806973456,556.8851217305122,2451
2598.0,6372,0,5,0,10.902108328728753,16.253609541745135,557.0072002617623,2471
2599.0,6373,0,2,1,10.871509082837592,16.49866624823474,557.4599137171048,2515
2600.0,6375,0,4,2,10.845947514521892,16.73349019607843,557.8096099757295,2534
2601.0,6374,0,1,2,10.820410300905666,17.010040790712267,558.4542615936637,2559
2602.0,6376,0,5,3,10.805200861514747,17.25595984943538,558.6321189646691,2562
2603.0,6380,0,4,0,10.781232068090935,17.47680250783699,558.8475729391121,2572
2604.0,6379,1132,4,5,10.762103262693218,17.74949051575482,559.1429517160816,2585
2605.0,6381,0,3,1,10.74115024782923,18.006582040432534,559.4703721381285,2592
2606.0,6383,0,2,0,10.707171799526762,18.263825787247377,559.8658803468545,2611
2607.0,6384,0,3,2,10.696499297588819,18.539943609022558,560.3056201047604,2614
2608.0,6390,0,6,0,10.692849154585376,18.79984350547731,560.3509269832076,2627
2609.0,6393,0,3,0,10.684257890117994,19.080087595807914,560.6599558805052,2650
2610.0,6395,0,3,1,10.668992620099637,19.36966379984363,560.8959736631409,2660
2611.0,6399,0,4,0,10.723092989582415,18.280200031254882,561.114328321805,2454
2612.0,6397,0,1,3,10.788768264966258,17.52196342035329,561.8253315264012,2300
2613.0,6399,0,3,1,10.906390158875178,16.93061415846226,562.2009504372575,2188
2614.0,6398,0,1,2,11.042366740371442,16.510472022507034,562.7888864773898,2094
2615.0,6398,0,2,2,11.189736027599382,16.154892153798063,562.9281441558177,2034
2616.0,6399,0,2,1,11.32816730283288,15.919674949210814,563.3562050441691,1975
2617.0,6401,0,3,1,11.476536638983756,15.699109514138415,563.6905574391486,1915
2618.0,6402,0,2,1,11.600169627581696,15.505623242736645,563.9719604195253,1891
2619.0,6402,0,1,1,11.694107794257915,15.368166198063106,564.2865563219534,1870
2620.0,6403,0,4,3,11.772709209902509,15.270185850382633,564.5115801659239,1856
2621.0,6409,0,6,0,11.836983418763477,15.124044312685287,564.4742711563539,1842
2622.0,6411,0,5,3,11.885693906185832,14.958820776789892,564.7232678630161,1837
2623.0,6411,0,2,2,11.936993898347191,14.852909062548745,565.0594218832116,1837
2624.0,6416,0,5,0,11.981954195139517,14.725841645885287,565.1004214582831,1828
2625.0,6418,0,5,3,12.010174433284067,14.602212527267062,565.2078991191817,1813
2626.0,6423,0,5,0,12.053316326085081,14.504592869375681,565.2445041713804,1790
2627.0,6428,0,8,3,12.097409207088562,14.412881144990665,565.0207660121881,1779
2628.0,6428,0,1,1,12.122155113047167,14.373988799004357,565.4415905654915,1781
2629.0,6429,0,3,2,12.129345783508734,14.319334266604448,565.7061972995343,1772
2630.0,6429,0,2,2,12.138387528984511,14.307201742106082,565.9431752999219,1770
2631.0,6430,0,2,1,12.149008875616811,14.299688958009332,566.2768628912776,1750
2632.0,6434,0,4,0,12.133901775547105,14.295617034504197,566.3964872486207,1767
2633.0,6437,0,4,1,12.142199097872012,14.26953549790275,566.5882680525289,1767
2634.0,6439,0,3,1,12.146629352308432,14.268364652896413,566.6727502971733,1754
2635.0,6441,0,3,1,12.148096730819526,14.166899549759354,566.8594051303007,1749
2636.0,6442,0,2,1,12.144486298857258,14.122011797578391,567.2253262472167,1737
2637.0,6440,0,2,4,12.123062065415194,14.075931677018634,567.6188548477427,1747
2638.0,6442,0,2,0,12.094532600374752,14.071872089413226,567.9173498118836,1755
2639.0,6441,0,2,3,12.07238949830109,14.103710603943487,568.3216705002523,1762
2640.0,6438,0,1,4,12.02928824774211,14.086983535259398,568.6802327609282,1765
2641.0,6436,0,2,4,12.003516249924594,14.08297078931013,569.2464703973031,1777
2642.0,6435,0,2,3,11.976304170481473,14.01958041958042,569.4998999451738,1779
2643.0,6435,0,3,3,11.960879380418667,14.027039627039628,569.8285599791321,1784
2644.0,6434,0,3,4,11.946710732641108,14.099160708734846,570.1838266656596,1808
2645.0,6434,0,5,5,11.922221661092621,14.168169101647498,570.2972889610728,1826
2646.0,6435,0,2,1,11.888554471819411,14.236985236985237,570.5809800069782,1839
2647.0,6438,0,5,2,11.875890777655465,14.276172724448587,570.4693252777421,1848
2648.0,6440,0,5,3,11.859852337941186,14.318944099378882,570.4445571552139,1861
2649.0,6443,0,5,2,11.824666811280208,14.351854726059289,570.5542724769263,1862
2650.0,6442,0,1,2,11.787452904616982,14.440701645451723,570.948897371233,1871
2651.0,6442,0,3,3,11.746771161922785,14.47531822415399,571.1286300415869,1889
2652.0,6445,0,4,1,11.7158890835286,14.544297905352987,571.2172755633496,1927
2653.0,6450,0,5,0,11.690189574578996,14.627441860465117,571.272822951669,1944
2654.0,6451,0,4,3,11.648424583455842,14.697876298248334,571.3602370615209,1977
2655.0,6448,0,2,5,11.591235446690781,14.809398263027296,571.6113761149848,1990
2656.0,6451,0,4,1,11.537769056048058,14.813362269415595,571.7409896894998,2000
2657.0,6449,0,1,3,11.4778103746023,14.873778880446581,572.3789358764689,2035
2658.0,6453,0,5,1,11.431826354449369,14.932279559894623,572.5214657677143,2053
2659.0,6454,0,3,2,11.389675747978824,14.98016733808491,572.7395328739419,2077
2660.0,6452,0,2,4,11.352309792563094,15.074395536267824,573.2926840590261,2113
2661.0,6454,0,3,1,11.323963970886695,15.112643321970872,573.5394631785008,2118
2662.0,6458,0,6,2,11.27603869339168,15.21461752864664,573.5973543031569,2158
2663.0,6458,0,2,2,11.24269297674413,15.333384948900589,573.931060491747,2193
2664.0,6460,0,4,2,11.22278028760463,15.438235294117646,573.9975713275362,2217
2665.0,6461,0,1,0,11.20327865883038,15.566321002940722,574.4405706362471,2256
2666.0,6466,0,6,1,11.184589072026455,15.678008042066192,574.5104755261108,2287
2667.0,6466,0,2,2,11.17065664287187,15.851995051036189,575.0190791510404,2322
2668.0,6464,0,2,4,11.14641319781073,15.960550742574258,575.5444593665771,2340
2669.0,6467,0,4,1,11.109825558953528,16.09231482913252,575.7122761408639,2359
2670.0,6466,0,2,3,11.066391845172603,16.271419733993195,576.3057893163416,2387
2671.0,6467,0,2,1,11.037166411814082,16.35905365702799,576.7589963005604,2393
2672.0,6468,0,3,2,11.009757406314792,16.494897959183675,577.1611339416525,2413
2673.0,6471,0,3,0,10.98623924699109,16.60207077731417,577.4415374494941,2409
2674.0,6472,0,3,2,10.969091362624122,16.735012360939432,577.6824414879046,2412
2675.0,6472,0,1,1,10.933322820532943,16.915018541409147,578.211331836976,2437
2676.0,6474,0,5,3,10.908030515318568,17.087117701575533,578.5081389532562,2450
2677.0,6475,0,2,1,10.895018396058507,17.254826254826256,578.9359423120393,2473
2678.0,6478,0,4,1,10.86565760431318,17.44519913553566,579.182584936811,2490
2679.0,6477,0,2,3,10.829028245000865,17.663270032422417,579.7618825518639,2513
2680.0,6478,0,2,1,10.810650407601592,17.90182154986107,580.043875898523,2540
2681.0,6479,0,3,2,10.781683975315174,18.10341102021917,580.4211202268019,2564
2682.0,6481,0,3,1,10.745875074459176,18.335287764233914,580.7731936847222,2581
2683.0,6481,0,2,2,10.717282252966866,18.564110476778275,580.9633805166272,2604
2684.0,6485,0,5,1,10.69653908354913,18.77486507324595,581.0511935892166,2618
2685.0,6486,0,4,3,10.67135838345767,19.00755473327166,581.2764511263958,2629
2686.0,6488,0,4,2,10.651485106937834,19.271732429099877,581.3704599792662,2654
2687.0,6489,0,2,1,10.639685802042115,19.50716597318539,581.8328406489593,2668
2688.0,6489,0,1,1,10.62929213059317,19.750809061488674,582.2896118429768,2681
2689.0,6491,0,4,2,10.616995026927443,20.022800801109227,582.5193315034576,2700
2690.0,6492,0,4,3,10.594841917118215,20.170363524337645,582.968404933183,2704
2691.0,6496,0,6,2,10.586330564321617,20.367456896551722,583.1457063905873,2718
2692.0,6502,0,6,0,10.585784174411037,20.555675176868657,583.1828032066516,2738
2693.0,6506,0,5,1,10.571714485412375,20.779588072548417,583.228906993266,2743
2694.0,6508,0,4,2,10.565133850016464,21.024124154886294,583.6055269101035,2754
2695.0,6511,0,3,0,10.558824808116357,21.262939640608202,583.9139196597113,2768
2696.0,6511,0,1,1,10.550858921083679,21.526647212409767,584.4788943635787,2796
2697.0,6510,0,2,3,10.519073787751982,21.841321044546852,585.073742005169,2817
2698.0,6511,0,2,1,10.502057181078861,22.09123022577177,585.541678239363,2844
2699.0,6512,0,3,2,10.504441262931861,22.349355036855037,586.0290739679383,2859
2700.0,6513,0,3,2,10.500126259115246,22.599263012436666,586.2824580127973,2860
2701.0,6514,0,4,3,10.553059140412925,21.500614062020265,586.7322366763874,2655
2702.0,6517,0,4,1,10.668253239771047,20.724106183826915,587.0173418329974,2500
2703.0,6517,0,3,3,10.78380946053557,20.144698480896118,587.3664435899898,2397
2704.0,6517,0,1,1,10.913157210636973,19.665643701089458,587.7759342706346,2297
2705.0,6518,0,4,3,11.068637493121136,19.319729978521018,588.0167021268234,2215
2706.0,6521,0,3,0,11.218714276351758,18.982364667995707,588.2800981620194,2148
2707.0,6526,0,7,2,11.372656841498383,18.72157523751149,588.2083750174502,2088
2708.0,6530,0,4,0,11.49588914138647,18.53583460949464,588.3642405134024,2047
2709.0,6531,0,4,3,11.597543341584192,18.38768948093707,588.5563067859342,2026
2710.0,6534,0,5,2,11.680026873704092,18.322161003979186,588.6232030707407,2004
2711.0,6537,0,3,0,11.748993873621982,18.23925348018969,588.8529815299795,1985
2712.0,6539,0,2,0,11.823098032541125,18.17525615537544,589.1679766134179,1967
2713.0,6540,0,3,2,11.88161318235062,18.132262996941897,589.5321511828267,1951
2714.0,6539,0,0,1,11.93706072323506,18.018963144211654,590.0975659980696,1926
2715.0,6540,0,2,1,12.001763048035818,17.893577981651376,590.4557231885037,1903
2716.0,6543,0,4,1,12.057448215811249,17.770900198685617,590.6606895971765,1879
2717.0,6545,0,4,2,12.100057048655653,17.613445378151262,590.7831442516991,1845
2718.0,6545,0,2,2,12.137199780709404,17.491673032849505,591.2368331116094,1824
2719.0,6545,0,2,2,12.172404379221089,17.35553857906799,591.7044992903527,1805
2720.0,6546,0,2,1,12.201120968280746,17.211579590589672,592.083796165525,1783
2721.0,6548,0,3,1,12.224467657876227,17.104306658521686,592.371556875826,1769
2722.0,6549,0,2,1,12.235641690979667,17.043518094365552,592.6428372020995,1760
2723.0,6553,0,5,1,12.254687161388022,16.944758126049138,592.7399749295006,1760
2724.0,6553,0,1,1,12.264248565266952,16.921562643064245,593.1202009348332,1761
2725.0,6557,0,4,0,12.278482263969488,16.85343907274668,593.2295830660491,1751
2726.0,6559,0,2,0,12.272290063995522,16.782283884738526,593.520571975977,1748
2727.0,6560,0,2,1,12.2640098085038,16.7609756097561,593.7443371801612,1763
2728.0,6565,0,5,0,12.264027034749756,16.723381568926122,593.7643522924634,1769
2729.0,6565,0,0,0,12.253945744694418,16.692003046458492,594.2376586680083,1777
2730.0,6567,0,2,0,12.250092298688603,16.680371554743413,594.5309116429257,1775
2731.0,6568,0,2,1,12.233296689930985,16.659104750304508,594.7929785019078,1795
2732.0,6569,0,3,2,12.214248416670385,16.641497944892677,594.9325765091907,1807
2733.0,6568,0,1,2,12.183571099365643,16.68940316686967,595.3620463042262,1825
2734.0,6567,0,1,2,12.159507171538392,16.700472057255975,595.9151242847696,1828
2735.0,6570,0,4,1,12.128604573481029,16.7130898021309,595.9938689427153,1847
2736.0,6573,0,4,1,12.101182479294758,16.706070287539937,596.2014430301477,1861
2737.0,6576,0,4,1,12.085300566496304,16.73007907542579,596.400056997259,1861
2738.0,6578,0,3,1,12.058351732263068,16.708422012769837,596.5972251883446,1846
2739.0,6580,0,3,1,12.029390717447983,16.761702127659575,596.7740265775182,1874
2740.0,6582,0,3,1,11.991043578079994,16.82983895472501,597.0643178157061,1881
2741.0,6584,0,5,3,11.948258860058303,16.892618469015797,597.2245129466805,1894
2742.0,6583,0,1,2,11.899905531020439,16.9462251253228,597.7955595936916,1900
2743.0,6582,0,2,3,11.832523347715371,17.036159222120936,597.9857107753919,1921
2744.0,6582,0,3,3,11.76941964602736,17.1470677605591,598.1549403703568,1958
2745.0,6584,0,5,3,11.70597039467646,17.233748481166465,598.2475034145048,1985
2746.0,6584,0,2,2,11.657379346101653,17.232077764277037,598.4165989845734,1977
2747.0,6586,0,3,1,11.61775936450496,17.262071059823867,598.4805223922222,1986
2748.0,6594,0,8,0,11.59320598795346,17.29663330300273,598.2683827324795,2012
2749.0,6594,0,1,1,11.548292422008673,17.37291477100394,598.665393242096,2031
2750.0,6597,0,4,1,11.531783967706767,17.49704411095953,598.8052168021757,2055
2751.0,6598,0,3,2,11.501834254769232,17.59033040315247,599.2245060670433,2080
2752.0,6600,0,4,2,11.477367950482144,17.70469696969697,599.2156768312609,2109
2753.0,6606,0,6,0,11.455241413453987,17.8075991522858,599.1937037703887,2136
2754.0,6607,0,5,4,11.415824689801243,17.875889208415316,599.326172981501,2150
2755.0,6606,0,3,4,11.382893798712546,17.974719951559187,599.6258255307822,2170
2756.0,6606,0,4,4,11.345132935532266,18.110051468362094,599.9520842340199,2208
2757.0,6610,0,5,1,11.318991540790128,18.221028744326777,600.1143981221849,2229
2758.0,6608,0,2,4,11.286075415743044,18.33414043583535,600.5284683672271,2259
2759.0,6613,0,6,1,11.265181294633303,18.47225162558597,600.6056084916311,2280
2760.0,6612,0,4,5,11.233798300334557,18.602087114337568,600.739154569965,2311
2761.0,6612,0,1,1,11.219824684253012,18.671203871748336,601.1537280439063,2327
2762.0,6618,0,8,2,11.202768694786391,18.70640676941674,601.1328912545004,2323
2763.0,6616,0,0,2,11.173226088203373,18.825876662636034,601.7002923694359,2343
2764.0,6614,0,2,4,11.136342401200313,18.93060175385546,602.1633583056606,2358
2765.0,6617,0,4,1,11.111112054329679,19.029469548133594,602.2658374603283,2367
2766.0,6619,0,3,1,11.092931529389444,19.116482852394622,602.496086208825,2374
2767.0,6622,0,3,0,11.068474907325026,19.177891875566296,602.7683712948879,2377
2768.0,6625,0,4,1,11.05572614917955,19.265509433962265,603.0375731882923,2390
2769.0,6627,0,5,3,11.035283214740604,19.448166591217745,603.1478995034424,2402
2770.0,6627,0,1,1,11.005688026892216,19.58503093405764,603.6910551281404,2406
2771.0,6632,0,5,0,10.984213588961385,19.69044028950543,603.7869590170758,2424
2772.0,6632,0,3,3,10.946640848836124,19.81574185765983,604.323462098277,2448
2773.0,6639,0,7,0,10.933515188118601,19.9733393583371,604.2412065710507,2471
2774.0,6640,0,2,1,10.899310795127418,20.117018072289156,604.7011748016081,2484
2775.0,6642,0,4,2,10.883158146797173,20.24781692261367,604.8910886569007,2505
2776.0,6645,0,3,0,10.86452876788506,20.33152746425884,605.1777449880391,2511
2777.0,6648,0,5,2,10.841194998294366,20.484356197352586,605.4032154599115,2520
2778.0,6650,0,4,2,10.827533010801062,20.661954887218045,605.6233153306239,2538
2779.0,6648,0,1,3,10.818543353659521,20.872442839951866,606.1901946567846,2570
2780.0,6651,0,3,0,10.800736836008735,21.061945572094423,606.482202728249,2587
2781.0,6652,0,3,2,10.773376812108559,21.25210463018641,606.9159078652413,2603
2782.0,6650,0,2,4,10.740495896736645,21.463007518796992,607.4887918690827,2624
2783.0,6649,0,1,2,10.725110275071883,21.64190103775004,607.9849235025432,2636
2784.0,6647,0,1,3,10.699941659440501,21.918609899202647,608.5048342671063,2666
2785.0,6647,0,3,3,10.671869082845138,22.106965548367686,608.8599679871118,2675
2786.0,6649,0,3,1,10.640111734890445,22.333734396149797,609.2455347230837,2701
2787.0,6650,0,2,1,10.617683453267459,22.604661654135338,609.5719460075819,2712
2788.0,6653,0,3,0,10.58987654274599,22.916879603186533,609.8718983533714,2734
2789.0,6657,0,4,0,10.571023780437214,23.162385458915427,610.0811636438392,2756
2790.0,6658,0,3,2,10.541435329186953,23.383598678281768,610.4542482942193,2781
2791.0,6660,0,2,0,10.59968579219581,22.313963963963964,610.8440398896165,2581
2792.0,6666,0,6,0,10.704554477388537,21.513051305130514,610.8597342857967,2431
2793.0,6668,0,3,1,10.830970409186268,20.91001799640072,611.2292556068891,2302
2794.0,6670,0,2,0,10.953443110559581,20.41184407796102,611.5940474362342,2214
2795.0,6669,0,1,2,11.08494855119793,20.068825910931174,612.0915354917455,2149
2796.0,6673,0,5,1,11.22201091529048,19.745092162445676,612.2127164252121,2094
2797.0,6674,0,2,1,11.378272337399919,19.459994006592748,612.472752996106,2036
2798.0,6675,0,3,2,11.498567515831688,19.233857677902623,612.7410589354924,1994
2799.0,6677,0,4,2,11.586890219278876,19.01722330387899,612.9206067501506,1955
2800.0,6677,0,2,2,11.649000962125491,18.918526284259396,613.3959342202314,1939
2801.0,6681,0,4,0,11.711216454484658,18.731177967370154,613.5226263348136,1904
2802.0,6681,0,2,2,11.757341371400381,18.559197724891483,613.8636271117836,1885
2803.0,6681,0,0,0,11.792511869740684,18.41535698248765,614.3514725293929,1865
2804.0,6684,1235,3,0,11.824704616108649,18.24296828246559,614.5612163752011,1871
2805.0,6687,0,3,0,11.86274220130339,18.061163451473007,614.7691240162429,1871
2806.0,6687,0,3,3,11.881696575554288,17.773889636608345,615.2202247918729,1822
2807.0,6688,0,3,2,11.892357242728298,17.76241028708134,615.3029620646906,1825
2808.0,6691,0,4,1,11.904558310607612,17.59602451053654,615.3766307580025,1808
2809.0,6693,0,4,2,11.911070128090815,17.494247721500074,615.3853212760267,1809
2810.0,6695,0,6,4,11.916366851795525,17.431665421956684,615.4540958350949,1820
2811.0,6696,0,3,2,11.914987621475454,17.36320191158901,615.691745561515,1820
2812.0,6697,0,3,2,11.903385956068655,17.33910706286397,616.041525433751,1828
2813.0,6693,0,1,5,11.882686949311193,17.28193635141192,616.0825962266465,1827
2814.0,6694,0,2,1,11.877057473169218,17.190170301762773,616.4370611793711,1831
2815.0,6695,0,3,2,11.865450469579768,17.16355489171023,616.6285511343435,1827
2816.0,6699,0,5,1,11.864591172490089,17.057023436333782,616.6143212284878,1819
2817.0,6700,0,3,2,11.847701939330387,16.951194029850747,616.8867496061692,1829
2818.0,6705,0,7,2,11.8408566410919,16.875764354958985,616.9060799005969,1828
2819.0,6706,0,4,3,11.820570406274122,16.788398449150016,617.2456189147474,1835
2820.0,6706,0,0,0,11.804858035630286,16.702356099015805,617.7319353366155,1856
2821.0,6705,0,3,4,11.777167206004826,16.54765100671141,618.0232261690278,1855
2822.0,6702,0,1,4,11.74793534158882,16.563861533870487,618.3662133690744,1856
2823.0,6707,0,6,1,11.738798586609372,16.528254062919338,618.366996732515,1877
2824.0,6710,0,3,0,11.707130637448666,16.510581222056633,618.5835219595634,1905
2825.0,6710,0,5,5,11.677640526360324,16.57123695976155,618.4718914129377,1915
2826.0,6711,0,3,2,11.639575805631784,16.568171658471165,618.6570126941859,1921
2827.0,6713,0,4,2,11.608122793034894,16.60405183971399,618.8393718093959,1935
2828.0,6716,0,5,2,11.586214843613238,16.620607504466946,618.9627400053396,1955
2829.0,6716,0,4,4,11.54120075528694,16.641304347826086,618.8884314289785,1972
2830.0,6718,0,4,2,11.495324863446418,16.64989580232212,619.0817416698078,1975
2831.0,6719,0,3,2,11.431222861768699,16.677779431463016,619.2421231626371,1987
2832.0,6720,0,3,2,11.366116038129082,16.664732142857144,619.6412357390625,2002
2833.0,6722,0,3,1,11.292786843755541,16.758554001785182,619.8494298745791,2034
2834.0,6723,0,4,3,11.231775647592714,16.80276662204373,619.8388883488717,2051
2835.0,6728,0,5,0,11.180511559571817,16.821046373365043,619.9007851049856,2086
2836.0,6729,0,3,2,11.132799880940535,16.749591321147275,620.2136949960059,2092
2837.0,6729,0,2,2,11.091792232778774,16.801159161836825,620.5015098429286,2106
2838.0,6732,0,4,1,11.064733941802187,16.77257872846108,620.7507995567697,2134
2839.0,6735,0,5,2,11.021440821314968,16.828210838901263,620.8679525445377,2153
2840.0,6735,0,2,2,10.982463096157293,16.818856718634002,621.2931194449415,2179
2841.0,6735,0,3,3,10.95875949991378,16.830586488492948,621.70566396806,2196
2842.0,6739,0,5,1,10.942965014942871,16.861552159074048,621.8452592334531,2228
2843.0,6739,0,2,2,10.915312335958028,16.908740169164563,622.1799844525499,2263
2844.0,6741,0,3,1,10.889977317888462,16.95089749295357,622.4319877007845,2279
2845.0,6747,0,8,2,10.871647002181886,17.014228546020455,622.2396555330354,2307
2846.0,6749,0,5,3,10.82478072718751,17.149355460068158,622.3196186006419,2336
2847.0,6744,0,0,5,10.775755899556273,17.226275207591932,622.9808776597343,2366
2848.0,6743,0,1,2,10.740793542390904,17.332344653714962,623.4462619030325,2389
2849.0,6745,0,4,2,10.709955028780627,17.453521126760563,623.5883833873121,2418
2850.0,6748,0,6,3,10.690224216616329,17.553645524599883,623.7354560107577,2441
2851.0,6752,0,5,1,10.683209192526444,17.692091232227487,623.8949115737081,2449
2852.0,6755,0,3,0,10.666303271161402,17.740044411547004,624.1687140142842,2467
2853.0,6756,0,3,2,10.652982519085953,17.82356423919479,624.5052397281902,2479
2854.0,6757,0,2,1,10.632422020859803,17.881604262246558,624.9579553830777,2484
2855.0,6761,0,4,0,10.618879591076256,17.94971158112705,625.142514379165,2508
2856.0,6762,0,3,2,10.597786008492562,18.07645666962437,625.5177792325566,2529
2857.0,6763,0,2,1,10.579537066140794,18.13366849031495,625.8593739072055,2527
2858.0,6764,0,2,1,10.556456689931471,18.27395032525133,626.2210621666169,2565
2859.0,6768,0,5,1,10.5415907453496,18.397163120567377,626.4099308510716,2573
2860.0,6770,0,5,3,10.536100548101528,18.553618906942393,626.6304601636165,2606
2861.0,6773,0,5,2,10.513087160324845,18.631625572124612,626.8050792041303,2600
2862.0,6775,0,3,1,10.508526516406317,18.751143911439115,627.1676126701408,2621
2863.0,6775,0,1,1,10.506157518468365,18.892841328413283,627.5874190180499,2630
2864.0,6778,0,4,1,10.507620671360627,19.06152257303039,627.7298800533288,2639
2865.0,6780,0,2,0,10.496164035152175,19.23377581120944,628.109289011993,2650
2866.0,6781,0,2,1,10.487792343587818,19.386816103819495,628.3503837981976,2650
2867.0,6783,0,5,3,10.451764276254151,19.56390977443609,628.472826402261,2683
2868.0,6787,0,5,1,10.436941382957892,19.739354648592897,628.6416803083127,2701
2869.0,6790,0,3,0,10.413921825093855,19.910751104565538,628.9356372754421,2694
2870.0,6792,0,3,1,10.400759189824218,20.062279151943464,629.3176915848992,2726
2871.0,6797,0,6,1,10.377331876949091,20.231572752685008,629.2912688660467,2743
2872.0,6799,0,2,0,10.37032939308131,20.32975437564348,629.680636531745,2741
2873.0,6801,0,3,1,10.360754782313228,20.4987501837965,629.9192093286808,2751
2874.0,6801,0,2,2,10.345282151872135,20.659461843846493,630.222173906073,2772
2875.0,6803,0,3,1,10.318487752479374,20.795678377186537,630.6099213797496,2785
2876.0,6804,0,2,1,10.28594699854658,21.013815402704292,631.0901804365284,2818
2877.0,6806,0,3,1,10.250644645053978,21.211137231854245,631.3866127961788,2827
2878.0,6807,0,2,1,10.22514936609485,21.395622153665343,631.8513933167292,2842
2879.0,6811,0,4,0,10.203048563929105,21.599324621935104,632.0662445060865,2857
2880.0,6812,0,3,2,10.183330097180002,21.786259541984734,632.5467477194433,2871
2881.0,6813,0,3,2,10.22377003310112,20.799354175840307,632.8983643545519,2713
2882.0,6815,0,4,2,10.299498606755183,20.03404255319149,633.1097650950647,2554
2883.0,6814,0,4,5,10.394306330791379,19.550337540358086,633.5945052396349,2443
2884.0,6815,0,2,1,10.492922692487635,19.132208363903153,633.8726401852629,2361
2885.0,6817,0,2,0,10.611442624488932,18.832330937362475,634.2424561939987,2304
2886.0,6816,0,2,3,10.723017632597937,18.564700704225352,634.8487714258604,2257
2887.0,6819,0,4,1,10.847703180599392,18.451239184631177,635.0363928724984,2219
2888.0,6817,0,3,5,10.961393013651014,18.268739914918587,635.4207612916359,2198
2889.0,6819,0,4,2,11.036991475540145,18.112333186684264,635.6216223113242,2169
2890.0,6818,0,3,4,11.119004646139608,17.96538574361983,635.9476926703264,2144
2891.0,6819,0,2,1,11.170516756521184,17.82988708021704,636.3641900218863,2127
2892.0,6820,0,3,2,11.228628772267204,17.755278592375365,636.6756831737056,2099
2893.0,6823,0,4,1,11.266170665682974,17.67902682104646,636.7842207058079,2091
2894.0,6826,0,4,1,11.308049572766127,17.502050981541167,636.7945083316921,2052
2895.0,6830,0,6,2,11.357287524169799,17.442459736456808,636.6815786908813,2041
2896.0,6829,0,3,4,11.392794584432165,17.354810367550154,637.1047181532474,2037
2897.0,6829,0,2,2,11.41072171599663,17.33401669351296,637.2629038315362,2041
2898.0,6830,0,1,0,11.419192771978146,17.302196193265008,637.668451926057,2022
2899.0,6832,0,3,1,11.435931691323272,17.25219555035129,637.8705425794734,2020
2900.0,6835,0,3,0,11.444514832758275,17.235991221653254,638.0884396435656,2023
2901.0,6833,0,2,4,11.437197110390684,17.20518074052393,638.4551049398598,2023
2902.0,6835,0,4,2,11.443418595236324,17.220043891733724,638.5445281739103,2030
2903.0,6834,0,2,3,11.425759975046144,17.140474100087797,639.1161273444699,2028
2904.0,6835,0,4,3,11.431094844325623,17.106364301389906,639.2875689362402,2032
2905.0,6836,0,3,2,11.416078370289588,17.038765359859568,639.6713631993026,2033
2906.0,6835,0,1,2,11.39267896009303,17.051353328456475,639.9960368881423,2037
2907.0,6833,0,1,3,11.373047614464761,17.06951558612615,640.4923332424245,2044
2908.0,6834,0,3,2,11.371131204341786,16.987269534679545,640.7766108267057,2034
2909.0,6833,0,3,4,11.36719191775609,16.954339236060296,641.2264298147314,2039
2910.0,6834,0,2,1,11.355001339604739,16.93766461808604,641.4889464330166,2040
2911.0,6834,0,1,1,11.336183985256245,16.858501609599063,641.9559252762621,2038
2912.0,6833,0,2,3,11.31862044137282,16.817942338650667,642.2374251051683,2047
2913.0,6835,0,3,1,11.289843359270929,16.764008778346746,642.4245903009576,2052
2914.0,6830,0,1,6,11.260632355807294,16.66734992679356,642.974249169878,2067
2915.0,6831,0,5,4,11.250075378226164,16.66212853169375,643.00634092948,2072
2916.0,6837,0,6,0,11.234892506328023,16.68407196138657,642.9539159051607,2103
2917.0,6836,0,2,3,11.211778428024338,16.681685196021064,643.412395296533,2111
2918.0,6835,0,2,3,11.192522275175653,16.649597659107535,643.6953936406052,2120
2919.0,6833,0,1,3,11.162926161815372,16.674228011122494,644.2551351276269,2134
2920.0,6837,0,5,1,11.137210340346094,16.654673102237822,644.2508956127501,2153
2921.0,6837,0,3,3,11.099489823163323,16.697381892642973,644.5780984398631,2161
2922.0,6837,0,3,3,11.071306094175831,16.6886061137926,644.6222063129601,2168
2923.0,6839,0,2,0,11.037096151657893,16.679485304869132,644.9571725863959,2168
2924.0,6843,0,5,1,10.997980019900929,16.72497442642116,645.1041472777836,2192
2925.0,6846,0,3,0,10.968037235230243,16.766140812153083,645.3488195182127,2219
2926.0,6848,0,3,1,10.933342469460403,16.71875,645.4521836466386,2209
2927.0,6848,0,1,1,10.900471092808017,16.68195093457944,645.8335046878838,2231
2928.0,6848,0,1,1,10.86418380615574,16.693195093457945,646.21382264498,2236
2929.0,6849,0,2,1,10.842325641935329,16.779675865089793,646.628507747061,2273
2930.0,6847,0,2,4,10.816417821294696,16.788374470571053,647.0371815081942,2279
2931.0,6849,0,4,2,10.795025902772487,16.810337275514673,647.24430597717,2290
2932.0,6850,0,3,2,10.781175065248563,16.887591240875913,647.4310039808336,2312
2933.0,6850,0,4,4,10.760713557756867,16.926277372262774,647.5209365021777,2329
2934.0,6853,0,6,3,10.73240172097791,16.96672989931417,647.4118250167752,2326
2935.0,6851,0,1,3,10.704252553653161,17.050503576120274,647.9044460454456,2353
2936.0,6850,0,3,4,10.68088642089075,17.201167883211678,648.0262489769046,2382
2937.0,6850,0,1,1,10.645443664640622,17.290802919708028,648.4316282192528,2412
2938.0,6851,0,4,3,10.632915340223905,17.373522113560064,648.6965231164953,2453
2939.0,6854,0,4,1,10.600648636780308,17.475196965275753,648.8404058101817,2481
2940.0,6856,0,4,2,10.590709024203969,17.57978413068845,649.0279754647139,2519
2941.0,6857,0,2,1,10.581968495944656,17.669388945603032,649.3824352925783,2542
2942.0,6859,0,5,3,10.5719051542484,17.77999708412305,649.3722029999597,2550
2943.0,6860,0,4,3,10.567363171837723,17.941399416909622,649.6899148161361,2570
2944.0,6860,0,2,2,10.539534407092644,18.055102040816326,650.0636492165069,2592
2945.0,6864,0,6,2,10.526480905474118,18.14350233100233,650.1356784634467,2606
2946.0,6872,0,8,0,10.511036554618789,18.201833527357394,649.9352052755744,2610
2947.0,6874,0,4,2,10.494199941851866,18.32353796915915,650.0556646147948,2621
2948.0,6877,0,8,5,10.470802360311684,18.479424167514903,650.0822546217366,2647
2949.0,6883,0,7,1,10.449510328685713,18.68400406799361,650.0735334390619,2672
2950.0,6883,0,2,2,10.411318388598888,18.831614121749237,650.3134317642281,2692
2951.0,6886,0,4,1,10.372972237879756,18.947720011617776,650.5908740925905,2719
2952.0,6887,0,4,3,10.351783038203568,19.150863946565995,650.821781936742,2743
2953.0,6887,0,4,4,10.317734724821257,19.242631043995935,651.1382163325118,2758
2954.0,6887,0,3,3,10.29002686547963,19.419050384782924,651.5313392732037,2776
2955.0,6886,0,1,2,10.270688465407511,19.578419982573337,652.0115518639305,2805
2956.0,6891,0,7,2,10.25780962074906,19.759976781308954,651.9205710979734,2830
2957.0,6896,0,6,1,10.24229210674404,19.924303944315547,651.861318810602,2851
2958.0,6901,0,6,1,10.23931658067998,20.11215765831039,651.8329472410284,2877
2959.0,6903,0,5,3,10.222871953853144,20.301028538316675,652.0136251895724,2892
2960.0,6908,0,5,0,10.209662689707162,20.54009843659525,652.121466848961,2901
2961.0,6913,0,7,2,10.20518718188703,20.773470273397947,652.1014242484731,2918
2962.0,6917,0,4,0,10.202418733130429,20.98294058117681,652.304335985505,2940
2963.0,6918,0,4,3,10.19857985822347,21.237496386238796,652.6148755764815,2951
2964.0,6922,0,5,1,10.183370951231264,21.49089858422421,652.6765597577522,2970
2965.0,6922,0,2,2,10.169606901569452,21.74501589136088,653.2226448630248,2986
2966.0,6922,0,2,2,10.162077061742103,22.04897428488876,653.6171697350627,2992
2967.0,6923,0,2,1,10.140919259391689,22.336125956955076,654.105366395884,3015
2968.0,6923,0,2,2,10.120839146943696,22.6315181279792,654.4725500774794,3035
2969.0,6928,0,6,1,10.095540204555052,22.9294168591224,654.584652721653,3056
2970.0,6929,0,2,1,10.079855645071008,23.191080964064078,655.0398170114742,3075
2971.0,6933,0,6,2,10.109609450820157,22.2739073993942,655.1469119388273,2880
2972.0,6935,0,3,1,10.165794661241943,21.64758471521269,655.4813685133367,2752
2973.0,6934,0,1,2,10.253230364346553,21.118978944332277,656.1153509271537,2639
2974.0,6936,0,3,1,10.367134413568426,20.734429065743946,656.4920446907429,2559
2975.0,6936,0,2,2,10.48311827118503,20.48630334486736,657.0398645051492,2500
2976.0,6938,0,2,0,10.606990186359232,20.2368117613145,657.402277948022,2431
2977.0,6940,0,3,1,10.735244465193903,20.01469740634006,657.6203430435985,2394
2978.0,6939,0,0,1,10.84447446326603,19.83844934428592,658.1265098181843,2357
2979.0,6940,0,3,2,10.931905541683983,19.726512968299712,658.3514184209997,2333
2980.0,6941,0,2,1,11.007650870865199,19.673390001440715,658.6219652107688,2321
2981.0,6939,0,2,4,11.079319983088144,19.520391987318057,658.7623262086369,2279
2982.0,6938,0,0,1,11.132808964172904,19.49221677716921,659.3545594325275,2275
2983.0,6938,0,3,3,11.17882639988614,19.4528682617469,659.6766975957116,2269
2984.0,6941,0,4,1,11.230536079698382,19.338423858233686,659.8966482883973,2254
2985.0,6944,0,6,3,11.26258515577887,19.271745391705068,660.102786390567,2252
2986.0,6945,0,1,0,11.28055973761342,19.236285097192226,660.5135213709627,2219
2987.0,6945,0,1,1,11.281530579507043,19.172066234701223,661.0064539874694,2231
2988.0,6946,0,2,1,11.30462281927522,19.085516844226895,661.4114508584748,2212
2989.0,6947,0,2,1,11.299953253949825,19.06492010939974,661.6101720159637,2204
2990.0,6948,0,2,1,11.30490400195736,19.063615428900402,662.0120966897128,2195
2991.0,6949,0,1,0,11.306164928954107,19.06288674629443,662.4190134698957,2203
2992.0,6951,0,2,0,11.297408471196922,19.07178823190908,662.7308281869471,2171
2993.0,6954,0,4,1,11.30227966963044,19.033074489502443,662.855912014304,2161
2994.0,6954,0,1,1,11.296075365356778,19.01136036813345,663.2340325465486,2171
2995.0,6954,0,1,1,11.29877327333772,18.84153005464481,663.7167365456352,2133
2996.0,6954,0,1,1,11.281946468699008,18.859649122807017,664.1700113408042,2126
2997.0,6956,0,3,1,11.287565962550952,18.91244968372628,664.4790339076777,2133
2998.0,6963,0,7,0,11.285258837677928,18.858968835272155,664.3145706807306,2126
2999.0,6962,0,1,2,11.27638201685007,18.866704969836253,664.6905574918246,2125
3000.0,6967,0,6,1,11.268989392678613,18.862781685086837,664.5516425520651,2149
3001.0,6969,0,4,2,11.262575897292404,18.850337207633807,664.7599699676163,2163
3002.0,6970,0,3,2,11.229391073770929,18.849497847919654,665.1675300957999,2159
3003.0,6970,0,3,3,11.212679458712143,18.8493543758967,665.4235054972894,2184
3004.0,6975,1177,6,1,11.21307381481593,18.813333333333333,665.2413683652467,2186
3005.0,6976,0,1,0,11.189306322371177,18.77365252293578,665.6558758111464,2192
3006.0,6979,0,3,0,11.179605106284388,18.80641925777332,665.8804442230451,2207
3007.0,6979,0,0,0,11.159233986915705,18.810861154893253,666.3928846966907,2213
3008.0,6978,0,1,2,11.138988085990746,18.81914588707366,666.8263621945988,2208
3009.0,6980,0,3,1,11.11890373557592,18.814756446991403,667.096194743399,2214
3010.0,6980,0,1,1,11.078581818582514,18.860888252148996,667.6109755397772,2227
3011.0,6985,0,6,1,11.04121195308021,18.909806728704368,667.6486024846282,2240
3012.0,6987,0,2,0,11.000184370116639,18.98382710748533,667.9801659766188,2248
3013.0,6987,0,2,2,10.956577293331815,19.04350937455274,668.2349880267614,2260
3014.0,6987,0,2,2,10.9063860075784,19.113067124660084,668.3458771321328,2276
3015.0,6991,0,5,1,10.864342169902226,19.180374767558288,668.3692589864489,2307
3016.0,6993,0,4,2,10.829425755090089,19.18933218933219,668.5376797481905,2306
3017.0,6996,0,4,1,10.798819116877047,19.263150371640936,668.7774939743889,2319
3018.0,6997,0,1,0,10.760252655094154,19.333571530655995,669.2205938153828,2338
3019.0,6996,0,1,2,10.735341795375088,19.427101200686106,669.6458354527468,2368
3020.0,6999,0,4,1,10.695664215427511,19.531933133304758,669.7442243254819,2398
3021.0,7000,0,2,1,10.673638066817063,19.615571428571428,669.985946026893,2412
3022.0,7002,0,2,0,10.635245614411266,19.67095115681234,670.3408119590688,2435
3023.0,7007,0,6,1,10.627757714378603,19.72470386756101,670.1403477586915,2462
3024.0,7010,0,3,0,10.613371713394988,19.82296718972896,670.4022877794358,2472
3025.0,7015,0,7,2,10.594226284824142,19.829793300071277,670.1609264635312,2488
3026.0,7019,0,5,1,10.581561523046345,19.904544806952558,670.1675120424393,2500
3027.0,7022,0,4,1,10.550625963980588,19.956707490743376,670.4302102067319,2519
3028.0,7022,0,2,2,10.528765121121445,19.993449159783538,670.7556079023611,2536
3029.0,7020,0,2,4,10.504723056636001,20.078917378917378,671.1771246744264,2545
3030.0,7026,0,6,0,10.48841572351724,20.175064047822374,671.1630317769258,2572
3031.0,7029,0,6,3,10.47501757326259,20.234172713045954,670.9413492654377,2588
3032.0,7032,0,5,2,10.462843260684279,20.331911262798634,670.7157258318315,2620
3033.0,7034,0,3,1,10.46050940902619,20.430907023030993,670.9719116984826,2636
3034.0,7036,0,3,1,10.465369792928824,20.500284252416147,671.332624490227,2640
3035.0,7042,0,7,1,10.474190278676364,20.600823629650666,671.2963895861665,2651
3036.0,7043,0,2,1,10.464900941559625,20.724123242936248,671.7527047428796,2675
3037.0,7044,0,3,2,10.449686654907712,20.84823963657013,671.9696286401023,2687
3038.0,7040,0,1,5,10.431190141152326,20.983096590909092,672.634832861015,2700
3039.0,7037,0,2,5,10.389602438032586,21.129742788119938,673.0206424866772,2715
3040.0,7043,0,7,1,10.373192649123085,21.25244924038052,672.8811517955663,2745
3041.0,7044,0,3,2,10.345579119319266,21.407438955139124,673.087394885928,2760
3042.0,7046,0,3,1,10.329076637569148,21.531365313653136,673.4484757382489,2774
3043.0,7048,0,6,4,10.299050614227047,21.694523269012485,673.1334233129677,2798
3044.0,7050,0,5,3,10.284175511752133,21.866241134751775,673.1375490132552,2818
3045.0,7050,0,3,3,10.263905164004647,22.05758865248227,673.3993985261867,2842
3046.0,7053,0,4,1,10.25704010088339,22.22146604281866,673.5761437097535,2863
3047.0,7052,0,1,2,10.227066955498204,22.460862166761203,674.2208820215411,2884
3048.0,7054,0,4,2,10.209105431949576,22.65055287779983,674.3698248828786,2900
3049.0,7058,0,4,0,10.200311899010165,22.883678095777842,674.5660568492247,2923
3050.0,7058,0,2,2,10.179988589648218,23.095069424766223,674.9282793853437,2947
3051.0,7059,0,2,1,10.151155629063418,23.35670774897294,675.4091808629818,2977
3052.0,7060,0,3,2,10.128566153666053,23.640793201133146,675.6793164697841,3011
3053.0,7062,0,2,0,10.106427078893432,23.902152364769186,676.0719599057539,3030
3054.0,7064,0,5,3,10.08081719918648,24.163363533408834,676.3557704481793,3046
3055.0,7062,0,2,4,10.0563325798686,24.41163976210705,676.8687863393466,3066
3056.0,7063,0,2,1,10.013245535919603,24.650573410731983,677.3271595736599,3084
3057.0,7064,0,3,2,9.99103935249146,24.857304643261607,677.587849208451,3083
3058.0,7064,0,2,2,9.957378340350836,25.1071630804077,678.0059255412947,3103
3059.0,7068,0,5,1,9.927578285851656,25.37959818902094,678.0294449419974,3130
3060.0,7071,0,5,2,9.900064652423408,25.6925470230519,678.1655210744925,3153
3061.0,7074,0,5,2,9.924692601368008,24.714023183488834,678.452448035817,2955
3062.0,7076,0,3,1,9.992966593778977,24.080977953646126,678.7977672756163,2826
3063.0,7075,0,2,3,10.085943720857097,23.634911660777384,679.202132962233,2728
3064.0,7075,0,2,2,10.191623030796165,23.20183745583039,679.7216039379207,2642
3065.0,7075,0,1,1,10.302552285229007,22.86614840989399,680.0714895954443,2562
3066.0,7077,0,2,0,10.433991083687207,22.58541754980924,680.4336934557792,2483
3067.0,7077,0,2,2,10.554397227302811,22.34534407234704,680.6761562245761,2432
3068.0,7077,0,1,1,10.64321894691457,22.178041543026705,681.2112580064996,2409
3069.0,7080,0,4,1,10.708716657764478,22.040536723163843,681.2700332790644,2382
3070.0,7080,0,1,1,10.770139745219884,22.010593220338983,681.7656983214176,2365
3071.0,7080,0,1,1,10.812916318965444,21.97189265536723,682.0277828079354,2346
3072.0,7079,0,1,2,10.844795466156725,21.97316005085464,682.6361734272781,2332
3073.0,7085,0,6,0,10.86945797925883,21.949329569513054,682.5769120195349,2313
3074.0,7087,0,3,1,10.884965387084351,21.916607873571326,682.8847818396862,2312
3075.0,7092,0,5,0,10.907701840983522,21.923857868020306,682.9181720105337,2316
3076.0,7094,0,3,1,10.91398252617481,21.953904708204117,683.1806640031807,2318
3077.0,7096,0,4,2,10.923288130064067,21.952508455467868,683.4621109658696,2307
3078.0,7098,0,2,0,10.91989299431248,22.00676246830093,683.781981499078,2304
3079.0,7099,0,3,2,10.909868505324921,21.97112269333709,683.8044123452158,2291
3080.0,7103,0,4,0,10.893983382331642,21.975925665211882,683.9317550849415,2293
3081.0,7108,0,5,0,10.907780401645342,21.92726505346089,683.9627694374411,2292
3082.0,7111,0,4,1,10.90885281613398,21.978343411615807,684.1836579798485,2292
3083.0,7113,0,2,0,10.902000721744036,21.959791930268523,684.503712347687,2299
3084.0,7114,0,3,2,10.897582920823451,21.929013213382063,684.7223347989296,2282
3085.0,7113,0,2,3,10.881655646167339,21.921692675383103,685.0131476726765,2290
3086.0,7113,0,2,2,10.882797875501083,21.930549697736538,685.3238462125596,2270
3087.0,7113,0,0,0,10.88113930326265,21.939266132433573,685.8367945328545,2269
3088.0,7112,0,2,3,10.876923985827446,21.893841394825646,686.2205352527484,2251
3089.0,7113,0,4,3,10.87175770286037,21.79994376493744,686.3002356547022,2261
3090.0,7112,0,0,1,10.863096960684903,21.704583802024747,686.9058542461474,2256
3091.0,7112,0,1,1,10.851937676643619,21.699381327334084,687.3985990995892,2263
3092.0,7112,0,2,2,10.850955506443519,21.630483689538806,687.7689242954266,2265
3093.0,7117,0,6,1,10.843006953626873,21.56133202191935,687.8007517615247,2271
3094.0,7119,0,3,1,10.830899656523998,21.48714707121787,688.082045827979,2284
3095.0,7120,0,4,3,10.797889043368105,21.507162921348314,688.1358997639337,2290
3096.0,7124,0,5,1,10.786753765731211,21.58632790567097,688.1506266340676,2301
3097.0,7124,0,1,1,10.748494002835017,21.633211678832115,688.6358481779047,2321
3098.0,7122,0,1,3,10.720905553908846,21.66456051670879,689.0705063206393,2309
3099.0,7126,0,4,0,10.696708468831694,21.703480213303397,689.2096300559715,2312
3100.0,7127,0,4,3,10.667961693287774,21.742528413077032,689.2717088819364,2322
3101.0,7123,0,1,5,10.63018475294088,21.81145584725537,689.4920609822921,2347
3102.0,7126,0,4,1,10.609314269441331,21.87692955374684,689.6959043088386,2378
3103.0,7127,0,4,3,10.585663274825716,21.88817174126561,689.8257146179807,2395
3104.0,7128,0,3,2,10.54234427357316,21.923120089786757,690.0506411807654,2416
3105.0,7127,0,1,2,10.481022428815889,21.920303072821664,690.6782682661877,2423
3106.0,7128,0,2,1,10.441463599992998,21.91063411896745,690.8803660020236,2438
3107.0,7129,0,2,1,10.409818027681203,21.902230326834058,691.1882785608115,2447
3108.0,7128,0,1,2,10.363020071594274,21.940516273849607,691.5526493595389,2460
3109.0,7128,0,1,1,10.324609763035127,21.92452300785634,691.8961930527321,2472
3110.0,7130,0,3,1,10.284567250817014,21.981626928471247,691.9661694854982,2507
3111.0,7132,0,4,2,10.267376110362017,22.027902411665732,692.1746730120065,2523
3112.0,7134,0,5,3,10.255734198839328,22.032940846649847,692.2089495238064,2549
3113.0,7136,0,4,2,10.242581867352607,22.046244394618835,692.2811319641327,2575
3114.0,7138,0,3,1,10.2355222213924,22.043149341552255,692.484070363874,2587
3115.0,7142,0,5,1,10.235339421007945,22.169280313637636,692.5051996671184,2608
3116.0,7143,0,4,3,10.212988244887303,22.233795324093517,692.8427819332937,2631
3117.0,7147,0,4,0,10.200512268747305,22.279977612984467,693.0157595898837,2657
3118.0,7150,0,5,2,10.171473944010566,22.28839160839161,693.047970257605,2671
3119.0,7153,0,3,0,10.148454092814688,22.334684747658326,693.3210729577825,2694
3120.0,7154,0,1,0,10.113958439606044,22.413894324853228,693.7900221078359,2714
3121.0,7153,0,1,2,10.09123279128884,22.415070599748358,694.2545523646834,2737
3122.0,7154,0,1,0,10.067444676630535,22.50167738328208,694.7261857161443,2770
3123.0,7153,0,3,4,10.025380116542202,22.528309800083882,695.2229898860899,2797
3124.0,7157,0,6,2,10.005797083643438,22.543384099483024,695.3988443774384,2804
3125.0,7155,0,0,2,9.977714452375592,22.564220824598184,695.9769432515329,2830
3126.0,7156,0,2,1,9.957420977049381,22.691727221911684,696.3457564544993,2858
3127.0,7155,0,4,5,9.935015497320864,22.794129979035638,696.254969920433,2877
3128.0,7157,0,3,1,9.918244589481713,22.83778119323739,696.595490508448,2888
3129.0,7157,0,2,2,9.896340090179631,22.96744445996926,696.8702869551511,2910
3130.0,7156,0,2,3,9.861446106255766,23.14253773057574,697.2501024746608,2943
3131.0,7156,0,1,1,9.84576531650193,23.321548351034096,697.6890529074216,2954
3132.0,7157,0,4,3,9.831046141961798,23.413720832751153,697.8831029432852,2969
3133.0,7161,0,6,2,9.808983361508968,23.581203742494065,697.9066195792755,2970
3134.0,7163,0,5,3,9.783648319100887,23.812787938014797,697.7853470484387,3004
3135.0,7165,0,2,0,9.757013061195492,23.957292393579902,698.1792314135745,2996
3136.0,7165,0,2,2,9.73826405289213,24.09351011863224,698.2894450722381,3012
3137.0,7164,0,3,4,9.710684183195598,24.233807928531547,698.4277495540911,3030
3138.0,7164,0,2,2,9.690756669136157,24.39963707426019,698.8673008510186,3049
3139.0,7164,0,2,2,9.672636553323585,24.605527638190956,699.4038463465045,3065
3140.0,7161,0,0,3,9.649828973776744,24.820835078899595,700.217766592217,3100
3141.0,7161,0,2,2,9.642360107714197,24.98380114509147,700.6195315837417,3114
3142.0,7165,0,6,2,9.650501766873578,25.149616189811585,700.506432110004,3125
3143.0,7169,0,4,0,9.641979004585188,25.35653508160134,700.7145727451083,3154
3144.0,7169,0,1,1,9.638938119851034,25.5307574278142,701.1859704715956,3160
3145.0,7174,0,6,1,9.652054310936988,25.74282129913577,701.0998710552236,3177
3146.0,7177,0,5,2,9.663153863596033,25.98913194928243,701.2140005188404,3191
3147.0,7179,0,2,0,9.668284497468374,26.254492269118263,701.6185756118069,3209
3148.0,7181,0,3,1,9.66768847368736,26.46706586826347,701.9957298770531,3218
3149.0,7186,0,5,0,9.661659340008777,26.729752296131366,702.1087510600106,3242
3150.0,7188,0,4,2,9.63858162322362,26.96341124095715,702.5052663721063,3257
3151.0,7189,0,2,1,9.674289896948316,25.990819307275004,702.8911724540604,3062
3152.0,7189,0,1,1,9.749114453292275,25.25831130894422,703.3558169100852,2918
3153.0,7192,0,4,1,9.847399161352955,24.822997775305897,703.6439536447774,2815
3154.0,7193,0,3,2,9.956965268714844,24.37397469762269,703.9957105331993,2713
3155.0,7192,0,1,2,10.072780022191237,24.003893214682982,704.6479343240146,2630
3156.0,7193,0,2,1,10.210671421946715,23.703322674822743,704.9902787375005,2563
3157.0,7195,0,2,0,10.333610740198193,23.52967338429465,705.3487821154328,2519
3158.0,7198,0,4,1,10.434472708531986,23.30300083356488,705.5796740832983,2488
3159.0,7199,0,1,0,10.529146021702827,23.16585636894013,706.0221582822991,2468
3160.0,7202,0,4,1,10.608487065497663,22.99125242988059,706.1249088564879,2442
3161.0,7203,0,1,0,10.66927333358537,22.88574205192281,706.5570103481032,2427
3162.0,7204,0,3,2,10.719354488280862,22.774292059966687,706.9769736537949,2416
3163.0,7206,0,3,1,10.770774141407035,22.71149042464613,707.0918071103536,2396
3164.0,7207,0,5,4,10.825156528906195,22.58595809629527,707.2738056810477,2366
3165.0,7207,0,1,1,10.85338841965673,22.4531705286527,707.7425624432557,2360
3166.0,7208,0,3,2,10.883234266340454,22.30701997780244,707.9898677432454,2345
3167.0,7209,0,4,3,10.901669259442324,22.175613816063255,707.9097227287324,2333
3168.0,7217,0,10,2,10.92667610877515,22.075793265899957,707.4222409118786,2332
3169.0,7219,0,4,2,10.937129091360983,21.990026319434826,707.3261492105862,2324
3170.0,7222,0,3,0,10.93597650596426,21.897950706175575,707.5439519758203,2331
3171.0,7225,0,3,0,10.939767197058957,21.824498269896193,707.7620312895612,2330
3172.0,7225,0,1,1,10.937668190546527,21.76235294117647,708.2711473081239,2340
3173.0,7227,0,2,0,10.931532716298758,21.64881693648817,708.5859944367279,2320
3174.0,7230,0,4,1,10.926336695289123,21.5716459197787,708.693322660052,2323
3175.0,7232,0,2,0,10.90882346702632,21.520879424778762,709.0095040791244,2307
3176.0,7235,0,4,1,10.902108239279201,21.385210780926055,709.123458273006,2312
3177.0,7236,0,2,1,10.897119832029878,21.11111111111111,709.5125746157003,2287
3178.0,7236,0,2,2,10.886711655833057,21.033167495854062,709.8641976733829,2293
3179.0,7236,0,1,1,10.872967539404781,20.926755113322276,710.3440857869201,2299
3180.0,7236,0,2,2,10.863562911387154,20.887645107794363,710.6684800057554,2279
3181.0,7234,0,0,2,10.850161239963503,20.741774951617362,711.2518677425657,2288
3182.0,7236,0,2,0,10.829489720854802,20.733969043670538,711.5729797080777,2286
3183.0,7240,0,6,2,10.824143110889388,20.596685082872927,711.4671397410289,2287
3184.0,7240,0,1,1,10.802458708319117,20.458977900552487,711.8571631778774,2271
3185.0,7239,0,0,1,10.782162276859367,20.363033568172398,712.4167153775849,2288
3186.0,7240,0,1,0,10.756456029058853,20.199585635359117,712.8409218616472,2283
3187.0,7241,0,3,2,10.726446303210043,20.09625742300787,712.9778139244102,2288
3188.0,7244,0,4,1,10.711395112805269,19.95651573716179,713.0637907182323,2288
3189.0,7245,0,3,2,10.687473261570092,19.892615596963424,713.3031158939496,2311
3190.0,7245,0,1,1,10.658395254640403,19.904071773636993,713.6925984645343,2331
3191.0,7243,0,1,3,10.615760278930171,19.84909567858622,714.2082476255346,2341
3192.0,7243,0,1,1,10.57453222971802,19.820654424962033,714.7125936310811,2364
3193.0,7244,0,2,1,10.540609036849652,19.775814467145224,715.0114362366656,2388
3194.0,7245,0,1,0,10.497704062198983,19.749896480331262,715.4502317069259,2384
3195.0,7245,0,2,2,10.460525386679311,19.66183574879227,715.8507512517411,2395
3196.0,7248,0,3,0,10.431315784595188,19.63038079470199,716.096057753196,2402
3197.0,7249,0,2,1,10.389655023862325,19.56642295489033,716.3754627486603,2419
3198.0,7251,0,5,3,10.35393859222773,19.58254033926355,716.4136080408981,2448
3199.0,7251,0,4,4,10.320910366242224,19.62336229485588,716.6154448982472,2476
3200.0,7250,0,0,1,10.274265606730877,19.595862068965516,717.2635615473187,2488
3201.0,7249,0,0,1,10.244170246681726,19.608083873637742,717.7712611177341,2511
3202.0,7250,0,3,2,10.2273814113157,19.64262068965517,718.0259092646185,2546
3203.0,7251,0,3,2,10.197362823317732,19.67756171562543,718.1661638151865,2538
3204.0,7254,1226,5,2,10.169334656367434,19.72304935208161,718.2813035446079,2547
3205.0,7256,0,6,4,10.139662215675953,19.717337375964718,718.2592526307104,2577
3206.0,7258,0,4,2,10.110167493371653,19.786855883163405,718.2996077278076,2590
3207.0,7256,0,0,2,10.075729984389959,19.86287210584344,718.8678611634464,2625
3208.0,7260,0,5,1,10.02829781627394,19.96694214876033,719.0328335345171,2641
3209.0,7263,0,3,0,10.000444842705248,20.010463995594108,719.3034140879471,2650
3210.0,7263,0,3,3,9.971044700470559,20.0766900729726,719.6594761929967,2660
3211.0,7268,0,5,0,9.953096546129075,20.088607594936708,719.7352887106974,2705
3212.0,7271,0,6,3,9.939504168697505,20.106725347269975,719.7602332383282,2699
3213.0,7275,0,5,1,9.92267134927679,20.21127147766323,719.8927813052765,2733
3214.0,7273,0,1,3,9.89208109166527,20.23827856455383,720.612796413679,2738
3215.0,7275,0,4,2,9.860110377316127,20.297594501718212,720.9041800571753,2755
3216.0,7275,0,2,2,9.827118497991185,20.338419243986255,721.4475068172073,2757
3217.0,7278,0,5,2,9.798071122144554,20.410964550700744,721.5566167365018,2784
3218.0,7277,0,1,2,9.774742249643868,20.46076679950529,721.7959364683707,2795
3219.0,7281,0,5,1,9.756835317939027,20.559263837384975,721.9776331735178,2818
3220.0,7283,0,4,2,9.74447379858077,20.620623369490595,721.9077475862656,2833
3221.0,7284,0,3,2,9.72400868881173,20.73476112026359,722.0665749280519,2855
3222.0,7285,0,3,2,9.70389798560387,20.829100892244337,722.2953867288658,2869
3223.0,7292,0,7,0,9.719205546130585,20.846132748217226,722.1870774696391,2891
3224.0,7294,0,3,1,9.703687116653368,20.934055387990128,722.4300833841936,2917
3225.0,7296,0,3,1,9.69768838435627,20.984100877192983,722.8140142341047,2934
3226.0,7298,0,3,1,9.695634924410658,21.092902164976707,723.0610725781867,2961
3227.0,7302,0,4,0,9.677457789704428,21.21144891810463,723.2524748936411,2971
3228.0,7304,0,2,0,9.66204170312039,21.361856516977,723.6432537154203,2972
3229.0,7309,0,5,0,9.650603280592367,21.51771788206321,723.7380911763137,2982
3230.0,7309,0,2,2,9.63380064106022,21.711041182104253,724.2797605433839,2996
3231.0,7313,0,5,1,9.628372022868378,21.86708601121291,724.453839944225,3016
3232.0,7316,0,3,0,9.62820019009802,22.051804264625478,724.7483986236268,3048
3233.0,7318,0,3,1,9.638747333707276,22.279037988521456,724.9639893782852,3062
3234.0,7321,0,3,0,9.63664434112181,22.491462914902336,725.2592255066236,3084
3235.0,7324,0,3,0,9.6424371781957,22.701119606772256,725.5535752490131,3088
3236.0,7325,0,3,2,9.626073348034833,22.915221843003412,726.0187700283944,3107
3237.0,7328,0,5,2,9.620541560033915,23.138646288209607,726.2847285950398,3120
3238.0,7330,0,3,1,9.60950911761822,23.37680763983629,726.6529746947876,3140
3239.0,7329,0,0,1,9.599690328753582,23.611679628871606,727.3381125383886,3158
3240.0,7333,0,4,0,9.593150903174283,23.861720987317604,727.538928825958,3179
3241.0,7337,0,5,1,9.626736823165288,22.944664031620555,727.7048159136865,2986
3242.0,7336,0,1,2,9.70597718366382,22.311613958560525,728.2370956143335,2838
3243.0,7339,0,4,1,9.806634959813882,21.833628559749286,728.4904639659571,2738
3244.0,7344,0,5,0,9.931030337503165,21.36437908496732,728.5683736032578,2618
3245.0,7347,0,4,1,10.059309217438331,20.94473934939431,728.6622646058031,2540
3246.0,7350,0,5,2,10.190845679715526,20.63374149659864,728.880061374695,2468
3247.0,7351,0,2,1,10.32517649923727,20.42946537886002,729.2127076613133,2431
3248.0,7352,0,3,2,10.443705541120906,20.263193688792164,729.2763077303722,2393
3249.0,7354,0,2,0,10.548797100876135,20.118031003535492,729.6103185028616,2355
3250.0,7356,0,4,2,10.636506459696934,19.963295269168025,729.7161434564941,2329
3251.0,7355,0,1,2,10.704915317838578,19.923045547246772,730.1707768447656,2307
3252.0,7358,0,4,1,10.762209572700332,19.8530850774667,730.2062191666503,2297
3253.0,7360,0,3,1,10.816417397182494,19.805570652173913,730.4095577008793,2284
3254.0,7363,0,4,1,10.8478517084166,19.76599212277604,730.6190690003451,2282
3255.0,7364,0,2,1,10.873557896699356,19.691879413362305,730.8842284233393,2263
3256.0,7366,0,3,1,10.910197592892217,19.605756177029594,731.0144854755049,2269
3257.0,7371,0,6,1,10.944220864499197,19.545109211775877,730.7882502853017,2246
3258.0,7374,0,4,1,10.96665881129538,19.485082723081096,730.8145016979057,2236
3259.0,7374,0,2,2,10.959400053564089,19.46799566042853,731.1612440202329,2235
3260.0,7375,0,5,4,10.957751260118187,19.415186440677967,731.1358241027817,2233
3261.0,7377,0,3,1,10.965695556901085,19.412091636166462,731.437970414016,2230
3262.0,7377,0,4,4,10.957579975512461,19.394198183543445,731.4176614575675,2246
3263.0,7378,0,1,0,10.956138685794613,19.417457305502847,731.825464263819,2255
3264.0,7382,0,4,0,10.958771389496746,19.427390950961797,731.9360100090022,2263
3265.0,7382,0,2,2,10.955020804763189,19.435925223516662,732.1237811243221,2268
3266.0,7381,0,1,2,10.928693890117477,19.39344262295082,732.6074476824506,2266
3267.0,7382,0,2,1,10.909439062403788,19.397453264697912,732.7727404592257,2268
3268.0,7384,0,4,2,10.902482565477845,19.385969664138678,732.7739608189919,2282
3269.0,7384,0,1,1,10.888995268440635,19.374322860238355,733.2463463889104,2293
3270.0,7385,0,2,1,10.86944807476,19.36980365605958,733.6351427872038,2297
3271.0,7385,0,1,1,10.837628045257603,19.396750169262017,733.9771721218116,2290
3272.0,7388,0,3,0,10.829082539059417,19.373308067135895,734.19282966358,2290
3273.0,7392,0,5,1,10.804224523384633,19.353219696969695,734.1524964761704,2288
3274.0,7391,0,1,2,10.777388977965131,19.399404681369234,734.4475992544694,2290
3275.0,7392,0,3,2,10.748709281122748,19.43371212121212,734.7992885781733,2292
3276.0,7389,0,3,6,10.732998929668385,19.483691974556773,735.0622270491833,2290
3277.0,7388,0,4,5,10.698458696445357,19.508662696264214,735.2118210718581,2301
3278.0,7388,0,2,2,10.671306867385567,19.534244721169465,735.6733431798704,2305
3279.0,7387,0,2,3,10.64786634258702,19.595099499120074,735.9010179817627,2319
3280.0,7390,0,3,0,10.622760335822266,19.65169147496617,736.1289229888497,2339
3281.0,7392,0,2,0,10.59318357172978,19.672619047619047,736.4586988874013,2354
3282.0,7398,0,6,0,10.58427364788386,19.71573398215734,736.3919568953851,2361
3283.0,7399,0,2,1,10.542758241747464,19.83997837545614,736.8238474744571,2394
3284.0,7400,0,2,1,10.512481029436392,19.967972972972973,737.1478713588194,2422
3285.0,7401,0,2,1,10.481207892707637,20.09877043642751,737.4140015507296,2465
3286.0,7403,0,3,1,10.450349397903947,20.139402944752128,737.4940423218346,2489
3287.0,7406,0,5,2,10.422851344573958,20.191466378611935,737.5397808164339,2489
3288.0,7406,0,1,1,10.389761954165342,20.24952741020794,737.9703915692845,2515
3289.0,7407,0,3,2,10.369596154657971,20.303496692318078,738.1349006840096,2523
3290.0,7407,0,1,1,10.336060139837546,20.328743080869447,738.4969419894669,2529
3291.0,7404,0,1,4,10.302124037009081,20.40815775256618,739.1990420346399,2553
3292.0,7404,0,4,4,10.29103592953344,20.497703943814155,739.5496861408805,2586
3293.0,7403,0,4,5,10.264441893663129,20.598676212346348,739.7310835873994,2592
3294.0,7406,0,4,1,10.25641039894753,20.66081555495544,739.8196466537548,2618
3295.0,7410,0,4,0,10.25088404634484,20.741565452091766,739.9738662272794,2618
3296.0,7415,0,5,0,10.242379302425135,20.843695212407283,740.0294664241329,2640
3297.0,7421,0,7,1,10.230274019624776,20.940169788438215,739.8509113648374,2658
3298.0,7423,0,4,2,10.213488300547994,21.07732722618887,739.9953359111757,2686
3299.0,7428,0,7,2,10.19600195489378,21.205708131394722,739.81408705476,2718
3300.0,7427,0,3,4,10.175139436408665,21.32233741753063,740.090156588341,2743
3301.0,7433,0,7,1,10.169823683889682,21.425534777344275,740.018045433376,2761
3302.0,7433,0,1,1,10.142273696021169,21.543656666218215,740.5519441023155,2769
3303.0,7433,0,2,2,10.119457934576442,21.672406834387193,741.0161173703606,2794
3304.0,7434,0,3,2,10.108852864885245,21.79217110573043,741.4148681187002,2820
3305.0,7439,0,5,0,10.092191071854216,21.86718644979164,741.4858609427667,2832
3306.0,7443,0,7,3,10.091457960993786,21.96950154507591,741.5326890647078,2856
3307.0,7447,0,5,1,10.080147463571373,22.078017993823018,741.4769345548777,2866
3308.0,7446,0,0,1,10.059710040963536,22.227773301101262,742.1277076693463,2885
3309.0,7447,0,3,2,10.059474815139417,22.375587484893245,742.3973613322354,2894
3310.0,7448,0,3,2,10.04764861082901,22.495837808807735,742.5252785493402,2910
3311.0,7456,0,10,2,10.05270305048432,22.642569742489272,742.2196645551469,2932
3312.0,7454,0,1,3,10.048554590163183,22.821840622484572,742.6143715872629,2944
3313.0,7461,0,9,2,10.06106013021236,22.998525666800695,742.2430095748548,2979
3314.0,7459,0,1,3,10.040654812643464,23.199222415873443,742.7497230300701,3004
3315.0,7461,0,4,2,10.027337019971014,23.293124246079614,743.0488324728292,2998
3316.0,7465,0,4,0,10.02319752419807,23.323241795043536,743.2289499855616,2998
3317.0,7469,0,5,1,9.998900060721136,23.459231490159326,743.3703735241897,3016
3318.0,7475,0,6,0,9.97737368821144,23.61645484949833,743.3543124194766,3041
3319.0,7477,0,4,2,9.959594807810886,23.76126788819045,743.6853959755382,3048
3320.0,7481,0,4,0,9.953887002667173,23.88811656195696,743.8699317716666,3057
3321.0,7484,0,5,2,9.93820924300524,24.014564404062,744.1345482770948,3063
3322.0,7486,0,3,1,9.921964520005346,24.177932139994656,744.2497577909048,3070
3323.0,7491,0,8,3,9.92331796917321,24.331330930449873,744.0643317674436,3087
3324.0,7491,0,2,2,9.918702680111169,24.501134694967295,744.4475135497644,3099
3325.0,7492,0,5,4,9.915271485723729,24.661105178857447,744.8276163913093,3118
3326.0,7494,0,4,2,9.910755324605722,24.79276754737123,744.9122034171851,3128
3327.0,7496,0,5,3,9.908721229611107,24.957844183564568,745.0852532350584,3136
3328.0,7498,0,3,1,9.903194331650983,25.158308882368633,745.1924853093657,3150
3329.0,7498,0,2,2,9.888692231939118,25.36609762603361,745.7493681633991,3169
3330.0,7497,0,3,4,9.864245322519032,25.551820728291318,745.8594584612522,3176
3331.0,7499,0,4,2,9.897145625737727,24.624216562208293,746.2364463141312,2986
3332.0,7497,0,1,3,9.945066874302855,23.932906495931707,746.9762395209218,2842
3333.0,7497,0,2,2,10.02783855282986,23.435107376283845,747.54247165691,2730
3334.0,7497,0,2,2,10.120673461270275,22.98012538348673,747.892452036242,2635
3335.0,7498,0,1,0,10.231680367709247,22.6604427847426,748.350987768436,2576
3336.0,7505,0,7,0,10.36388132673423,22.410659560293137,748.202760407213,2509
3337.0,7507,0,3,1,10.477900391353847,22.210070600772614,748.4070330752483,2463
3338.0,7513,0,7,1,10.579810227413972,22.0288832690004,748.3157271629817,2413
3339.0,7514,0,1,0,10.6738137369977,21.926404045781208,748.7439547093035,2396
3340.0,7519,0,6,1,10.760856974961017,21.834552467083387,748.7351125811281,2376
3341.0,7523,0,4,0,10.817861964478546,21.73600957065001,748.8555814409515,2353
3342.0,7523,0,2,2,10.857872604892808,21.666489432407285,749.3429055941479,2336
3343.0,7524,0,3,2,10.903044830418658,21.583067517278042,749.3989726930824,2316
3344.0,7526,0,4,2,10.947977021583624,21.537071485516876,749.483645338963,2302
3345.0,7525,0,0,1,10.966052277201076,21.53262458471761,749.9694061961123,2304
3346.0,7526,0,3,2,10.987635931348356,21.49973425458411,750.1889760124868,2311
3347.0,7527,0,2,1,10.996841532176065,21.503786369071342,750.3672458759418,2306
3348.0,7527,0,1,1,11.019804338391868,21.464328417696294,750.6998397835052,2288
3349.0,7530,0,3,0,11.028161418244107,21.446082337317396,750.9062636253065,2292
3350.0,7529,0,0,1,11.027936763938643,21.392083942090583,751.3319424732733,2283
3351.0,7533,0,7,3,11.04197813251677,21.358157440594717,751.2078925280407,2282
3352.0,7532,0,1,2,11.044241981150895,21.37931492299522,751.5252917650246,2271
3353.0,7534,0,5,3,11.054972370675351,21.271701619325725,751.685809800888,2251
3354.0,7538,0,4,0,11.077516758015452,21.21623772884054,751.7896972078155,2253
3355.0,7538,0,1,1,11.079415525933412,21.146192624038207,752.1625454320701,2231
3356.0,7541,0,3,0,11.092079585050765,21.094815011271713,752.3655940792722,2221
3357.0,7543,0,3,1,11.092679169900117,21.097706482831764,752.4744588067591,2230
3358.0,7545,0,3,1,11.105219004515916,21.047448641484426,752.7759181903003,2219
3359.0,7546,0,1,0,11.09942660084446,21.04730983302412,753.1797164409556,2227
3360.0,7548,0,3,1,11.095352129741332,21.018282988871224,753.463641084628,2219
3361.0,7550,0,4,2,11.086308241488188,21.015761589403972,753.6972287377087,2224
3362.0,7549,0,2,3,11.084202694035598,20.99576102795072,754.0663078517177,2212
3363.0,7548,0,1,2,11.05880290377686,21.014175940646528,754.5514359786591,2226
3364.0,7548,0,2,2,11.044814615031418,21.023052464228936,754.7323435393051,2231
3365.0,7546,0,1,3,11.022987976295369,21.044261860588392,755.0332197370781,2245
3366.0,7545,0,1,2,10.994491508392015,21.089198144466533,755.3645602104177,2265
3367.0,7544,0,2,3,10.972591544551925,21.150715800636267,755.5836777405377,2267
3368.0,7546,0,2,0,10.947660125165056,21.19082957858468,755.8970300701703,2291
3369.0,7548,0,3,1,10.934917611861922,21.178192898781134,756.1982855417004,2307
3370.0,7550,0,3,1,10.899704013848883,21.261721854304636,756.3401133084142,2337
3371.0,7551,0,4,3,10.879689469454314,21.324857634750366,756.3653256337564,2343
3372.0,7553,0,3,1,10.85047377277788,21.410432940553424,756.6745610328567,2358
3373.0,7558,0,5,0,10.817957144073548,21.44509129399312,756.6966899099643,2364
3374.0,7561,0,4,1,10.786687616130232,21.52982409734162,756.895305908069,2382
3375.0,7560,0,1,2,10.728250850193097,21.61058201058201,757.2348179171871,2410
3376.0,7566,0,6,0,10.70845280692531,21.622918318794607,757.1636689153574,2421
3377.0,7568,0,4,2,10.669733105385815,21.666094080338265,757.3261418546266,2440
3378.0,7568,0,3,3,10.633963320177688,21.76783826638478,757.6421331129118,2459
3379.0,7567,0,3,4,10.593797333379367,21.83665917800978,757.922819452234,2485
3380.0,7570,0,6,3,10.552828366409033,21.887054161162485,758.1112151284755,2497
3381.0,7573,0,4,1,10.524173566169866,21.969100752673974,758.1945735036461,2532
3382.0,7574,0,4,3,10.492387433711752,22.039873250594137,758.4250595208414,2552
3383.0,7578,0,6,2,10.473230981244406,22.124571126946424,758.466382900718,2591
3384.0,7578,0,4,4,10.459191552746516,22.242148324096068,758.466430297491,2601
3385.0,7581,0,4,1,10.461093047599764,22.384645825089038,758.6376934667868,2620
3386.0,7581,0,2,2,10.442601145173896,22.53185595567867,758.9747196903925,2652
3387.0,7582,0,3,2,10.427610491118703,22.704827222368767,759.256990451448,2672
3388.0,7583,0,4,3,10.411799939331742,22.881972833970725,759.3473032456161,2712
3389.0,7582,0,1,2,10.393245606455563,23.01622263255078,759.6872651016974,2733
3390.0,7584,0,3,1,10.368061735822721,23.139636075949365,760.024381314982,2753
3391.0,7589,0,5,0,10.343745686586866,23.272499670575833,760.0750064909793,2789
3392.0,7589,0,2,2,10.30872535219126,23.41784161286072,760.4561648109366,2788
3393.0,7590,0,4,3,10.279998956390083,23.552437417654808,760.6510323349327,2815
3394.0,7594,0,5,1,10.256869990887608,23.644324466684225,760.7652346791197,2827
3395.0,7597,0,6,3,10.244856270082913,23.8093984467553,760.6978639507939,2850
3396.0,7597,0,1,1,10.208558231100469,23.967092273265763,761.1059302632941,2881
3397.0,7600,0,4,1,10.18407146381838,24.13736842105263,761.2052288633538,2893
3398.0,7601,0,3,2,10.157834796375187,24.33982370740692,761.4263482130381,2936
3399.0,7603,0,4,2,10.124867396797507,24.561751940023676,761.3831950035172,2963
3400.0,7607,0,4,0,10.10497433960078,24.73235178125411,761.5485124358142,2979
3401.0,7609,0,3,1,10.071379825765193,24.918517545012485,761.7464006406526,3006
3402.0,7612,0,4,1,10.058050567084216,25.12322648449816,761.7707774824529,3019
3403.0,7613,0,2,1,10.034889773667654,25.286220937869434,762.2394095762563,3063
3404.0,7614,1160,5,4,9.996438456539687,25.451536643026003,762.1833521946546,3068
3405.0,7617,0,6,3,9.985183460246668,25.656688985164763,762.2453502343702,3096
3406.0,7620,0,4,1,9.970813684027288,25.792125984251967,762.3352710984699,3103
3407.0,7625,0,6,1,9.955272367868718,25.90137704918033,762.2104345313079,3115
3408.0,7627,0,3,1,9.920512808016916,26.03579389012718,762.5510479738855,3135
3409.0,7628,0,3,2,9.884073695822535,26.17304667016256,762.741556456081,3153
3410.0,7630,0,2,0,9.849602510861903,26.29475753604194,763.123389329139,3156
3411.0,7636,0,7,1,9.825200719418556,26.46189104243059,763.0742015659393,3186
3412.0,7636,0,1,1,9.787120795531374,26.681246726034573,763.6375561176845,3217
3413.0,7636,0,1,1,9.750918024175078,26.89994761655317,764.0719390885702,3246
3414.0,7637,0,2,1,9.715590444534284,27.11601414167867,764.3860092178203,3267
3415.0,7639,0,4,2,9.691247857014892,27.332635161670375,764.7298933351772,3283
3416.0,7638,0,2,3,9.665032788440671,27.567949725058916,765.3280476686483,3306
3417.0,7640,0,3,1,9.660458191410235,27.82696335078534,765.5935051868888,3330
3418.0,7640,0,2,2,9.641730259666923,28.100785340314136,765.9727369779298,3360
3419.0,7639,0,1,2,9.627642705667787,28.388008901688703,766.4964883168652,3369
3420.0,7639,0,2,2,9.617820787623177,28.64628878125409,766.9248720121709,3391
3421.0,7641,0,4,2,9.665267843602683,27.64912969506609,766.9602790593557,3179
3422.0,7642,0,2,1,9.743846420939667,26.9434702957341,767.33584795626,3032
3423.0,7646,0,4,0,9.865201170208582,26.358618885691865,767.5159819048738,2912
3424.0,7648,0,4,2,9.991517088259876,25.8961820083682,767.7169531526498,2810
3425.0,7652,0,5,1,10.143400466651926,25.513460533193935,767.8531327683152,2718
3426.0,7653,0,2,1,10.295882310050668,25.249705997647983,768.2790357280251,2650
3427.0,7653,0,2,2,10.425596458322845,25.02548020384163,768.6047394238763,2595
3428.0,7654,0,1,0,10.54850809140165,24.81917951397962,769.0411855190941,2545
3429.0,7656,0,4,2,10.645300504802092,24.644592476489027,769.2518711652342,2516
3430.0,7655,0,1,2,10.72445191373412,24.46152841280209,769.5198346858471,2481
3431.0,7657,0,3,1,10.790922754480988,24.322841844064254,769.6420002300638,2471
3432.0,7656,0,1,2,10.833284817863117,24.242424242424242,770.2172875310189,2480
3433.0,7656,0,3,3,10.871571643565266,24.12944096133751,770.5415911119876,2451
3434.0,7658,0,2,0,10.90324368310303,24.04309219117263,770.8525351862836,2441
3435.0,7661,0,6,3,10.923647323636072,23.963712309098028,770.845952704071,2425
3436.0,7662,0,2,1,10.936544001125206,23.833594361785433,771.1158787440539,2413
3437.0,7660,0,1,3,10.941461091364147,23.726109660574412,771.4627079809726,2392
3438.0,7660,0,3,3,10.944841733302606,23.687597911227154,771.9004878295406,2403
3439.0,7665,0,6,1,10.95438518245656,23.624657534246577,771.7662007396485,2398
3440.0,7666,0,3,2,10.946306654323852,23.54213409861727,771.890591248606,2392
3441.0,7669,0,4,1,10.941904678667031,23.51858130134307,772.0923851924513,2393
3442.0,7671,0,3,1,10.932247474860034,23.404771216269065,772.391201043185,2371
3443.0,7675,0,4,0,10.93129710028965,23.37928338762215,772.4945031460619,2373
3444.0,7677,0,2,0,10.916053212320842,23.282011202292562,772.7994624934144,2367
3445.0,7680,0,4,1,10.895498570094796,23.142447916666665,772.7858325809485,2345
3446.0,7677,0,1,4,10.889581821459934,23.038686987104338,773.201269832072,2345
3447.0,7677,0,2,2,10.868711648982988,22.950501497980984,773.5481300131806,2331
3448.0,7681,0,4,0,10.848501078840378,22.832834266371567,773.6543992921968,2329
3449.0,7680,0,2,3,10.828367502642358,22.844270833333333,773.9495909366448,2337
3450.0,7679,0,1,2,10.800539295243846,22.77431957286105,774.2781524888495,2330
3451.0,7680,0,3,2,10.792934792410191,22.655208333333334,774.6374312075781,2314
3452.0,7678,0,2,4,10.76138872385485,22.600547017452463,774.7602332552796,2332
3453.0,7684,0,7,1,10.73541876871095,22.502082248828735,774.4941382641846,2329
3454.0,7685,0,4,3,10.721551754482922,22.4402081977879,774.7697572042747,2334
3455.0,7685,0,4,4,10.717302496257826,22.42914769030579,774.9586440693298,2342
3456.0,7681,0,0,4,10.687542734498566,22.378466345527926,775.5496034712534,2342
3457.0,7681,0,3,3,10.67055440479713,22.35399036583778,775.6011960883496,2349
3458.0,7684,0,4,1,10.65048420632622,22.30999479437793,775.795724050348,2358
3459.0,7684,0,2,2,10.633155646002763,22.24778761061947,776.1333946801286,2377
3460.0,7688,0,5,1,10.607359817284106,22.218132154006245,776.0701556671099,2378
3461.0,7690,0,4,2,10.585518497755151,22.220936280884267,776.2209673249721,2400
3462.0,7695,0,7,2,10.555963071583466,22.21598440545809,776.0365631784748,2414
3463.0,7698,0,3,0,10.51597137728556,22.20381917381138,776.260000520934,2447
3464.0,7699,0,1,0,10.460791293947096,22.23496557994545,776.6887264398349,2468
3465.0,7702,0,3,0,10.396331093950977,22.26110101272397,776.919075763537,2503
3466.0,7701,0,1,2,10.330578794537015,22.276197896377095,777.1440758998656,2509
3467.0,7700,0,3,4,10.282459440972682,22.255584415584416,777.2963550154849,2533
3468.0,7701,0,2,1,10.238545209276412,22.244383846253733,777.6976621506617,2554
3469.0,7704,0,4,1,10.199493137824467,22.266355140186917,777.9108691698732,2576
3470.0,7705,0,3,2,10.172298836832768,22.337832576249188,778.220905222719,2610
3471.0,7708,0,3,0,10.138855169372937,22.354436948624805,778.464773014813,2633
3472.0,7709,0,4,3,10.096482809254782,22.392657932286937,778.331978160502,2658
3473.0,7709,0,2,2,10.068910621337984,22.47788299390323,778.6847735072935,2687
3474.0,7707,0,2,4,10.038246394835527,22.547164915012328,779.033849366951,2706
3475.0,7710,0,4,1,10.014311704104795,22.62360570687419,779.2834021498513,2736
3476.0,7712,0,5,3,9.988137346333268,22.728086099585063,779.2512365889052,2770
3477.0,7711,0,1,2,9.968891775824755,22.744261444689403,779.8493241141498,2797
3478.0,7712,0,3,2,9.93931382089668,22.89600622406639,780.2795272009693,2831
3479.0,7714,0,4,2,9.905763671873947,23.01659320715582,780.6034823086637,2867
3480.0,7717,0,4,1,9.876639603917036,23.12038356874433,780.8157918077067,2895
3481.0,7721,0,4,0,9.854134444337777,23.20269395156068,780.9748220105091,2929
3482.0,7720,0,2,3,9.82487645503497,23.32422279792746,781.1928067627413,2948
3483.0,7724,0,4,0,9.825828862188724,23.396685655100985,781.3547848868076,2949
3484.0,7730,0,7,1,9.80814911897492,23.46390685640362,781.1435357528625,2970
3485.0,7730,0,1,1,9.777080878605721,23.56895213454075,781.5918108655973,2986
3486.0,7730,0,4,4,9.747046150965174,23.681888745148772,781.7788530764619,3007
3487.0,7731,0,2,1,9.73059136454377,23.777519079032466,782.234113968655,3022
3488.0,7728,0,0,3,9.70019976456768,23.91433747412008,782.8940689773112,3045
3489.0,7727,0,2,3,9.66592314086633,24.067684741814418,783.3874879203634,3068
3490.0,7728,0,2,1,9.657885491083878,24.20626293995859,783.8169547602048,3085
3491.0,7731,0,4,1,9.646455352431422,24.334368128314576,784.0343295390333,3100
3492.0,7732,0,3,2,9.622963980597579,24.48163476461459,784.4037254110708,3118
3493.0,7733,0,4,3,9.601144710141043,24.60636234320445,784.6528633305886,3137
3494.0,7737,0,5,1,9.593011800206366,24.738529145663694,784.7853738030973,3142
3495.0,7738,0,2,1,9.577765145452268,24.922202119410702,785.2616835316295,3170
3496.0,7742,0,5,1,9.561958094188592,25.131619736502195,785.4345207164587,3183
3497.0,7743,0,1,0,9.554742652346173,25.239829523440527,785.9174302648396,3179
3498.0,7745,0,4,2,9.550285956064375,25.448934796642995,786.1228648266901,3200
3499.0,7746,0,2,1,9.53722497848615,25.62083656080558,786.6038054270081,3211
3500.0,7746,0,3,3,9.519487900529981,25.776142525174283,787.1187023620263,3221
3501.0,7750,0,4,0,9.489274085367164,25.95935483870968,787.3006744708451,3249
3502.0,7749,0,1,2,9.458039388430347,26.235514259904505,787.6855649459567,3285
3503.0,7752,0,5,2,9.448455114983492,26.444917440660475,787.8368213739266,3300
3504.0,7750,0,1,3,9.422173846652925,26.677419354838708,788.3770553504579,3322
3505.0,7750,0,2,2,9.406289833161383,26.926451612903225,788.6826616397866,3336
3506.0,7751,0,1,0,9.392954441694538,27.130563798219583,789.1751743978107,3346
3507.0,7752,0,2,1,9.387162359504751,27.33642930856553,789.3748714904618,3363
3508.0,7751,0,1,2,9.363720297433217,27.61514643271836,789.8182117045587,3376
3509.0,7752,0,3,2,9.335343480196727,27.82314241486068,790.1221205048855,3400
3510.0,7752,0,1,1,9.300166191295116,28.094169246646025,790.688278654608,3423
3511.0,7753,0,3,2,9.336613635391924,27.181478137495162,791.1444792246097,3224
3512.0,7754,0,3,2,9.408038187263704,26.50477173071963,791.5608561323415,3072
3513.0,7758,0,4,0,9.508860923262446,25.964037122969838,791.7377275753308,2950
3514.0,7757,0,2,3,9.608107792984072,25.526878948046924,792.0756524023839,2852
3515.0,7758,0,2,1,9.721356288780147,25.145011600928076,792.5314651125688,2782
3516.0,7761,0,3,0,9.862423207841479,24.841515268650948,792.7860327666175,2720
3517.0,7762,0,1,0,9.994106534581167,24.558361247101264,793.2361922188854,2647
3518.0,7765,0,5,2,10.107103361073623,24.3809401159047,793.2543166005977,2606
3519.0,7764,0,3,4,10.197132914940992,24.216383307573416,793.6677797046053,2573
3520.0,7764,0,2,2,10.274109069832498,24.154817104585266,794.0357603560436,2557
3521.0,7763,0,3,4,10.332680356015537,24.052557001159347,794.4015428166015,2549
3522.0,7765,0,2,0,10.392579495116564,23.959948486799743,794.7222392575474,2544
3523.0,7763,0,1,3,10.455221729825528,23.865387092618832,794.9897028133241,2505
3524.0,7764,0,3,2,10.502743388455478,23.781684698608963,795.3435483259381,2461
3525.0,7764,0,2,2,10.54458008025291,23.726043276661514,795.6732132413764,2447
3526.0,7767,0,4,1,10.59199383012717,23.60769924037595,795.7001601248537,2430
3527.0,7768,0,3,2,10.600618303992857,23.572219361483008,795.8329385814792,2420
3528.0,7769,0,2,1,10.61657203087314,23.52181747972712,796.1958954783187,2402
3529.0,7771,0,7,5,10.613727297185797,23.479474971046198,795.6453882583146,2396
3530.0,7775,0,4,0,10.612741303726446,23.46636655948553,795.7463183255182,2393
3531.0,7773,0,0,2,10.583305128011894,23.491058793258716,796.4264975997995,2400
3532.0,7775,0,4,2,10.568308352844905,23.515755627009646,796.7076977407495,2416
3533.0,7778,0,3,0,10.55007672119195,23.470686551812804,796.9132827494066,2412
3534.0,7779,0,2,1,10.541717728740005,23.41419205553413,797.1571989486466,2422
3535.0,7782,0,4,1,10.534646376080877,23.38910305833976,797.3411447766593,2416
3536.0,7786,0,4,0,10.541112651619565,23.29270485486771,797.44645410862,2392
3537.0,7786,0,2,2,10.542247101461903,23.247238633444645,797.9113783726768,2387
3538.0,7787,0,1,0,10.534553565200266,23.202003338898162,798.3238641974231,2399
3539.0,7788,0,3,2,10.536269757427203,23.212378017462765,798.6140951523611,2409
3540.0,7789,0,2,1,10.515857801797468,23.16407754525613,798.9864679475966,2390
3541.0,7790,0,4,3,10.499838022393416,23.09987163029525,799.0062485316922,2387
3542.0,7789,0,2,3,10.490795069514926,23.06791629220696,799.2358993042335,2367
3543.0,7789,0,3,3,10.48488483695531,23.00860187443831,799.2616855372578,2376
3544.0,7788,0,1,2,10.467549021020716,22.984334874165384,799.7897151797434,2379
3545.0,7787,0,3,4,10.459050780942235,23.00487992808527,800.1290862075595,2380
3546.0,7788,0,2,1,10.451035038322907,22.984848484848484,800.4388366453244,2385
3547.0,7790,0,3,1,10.444109709341271,22.99589216944801,800.614507899131,2392
3548.0,7792,0,3,1,10.419658508791256,23.023485626283367,800.7696123227146,2414
3549.0,7794,0,2,0,10.393528215462673,23.003079291762894,801.0898577215822,2423
3550.0,7795,0,1,0,10.362583187666838,23.035792174470814,801.5147872695659,2424
3551.0,7796,0,2,1,10.349547035622134,23.06721395587481,801.8505971075273,2438
3552.0,7795,0,2,3,10.31701998593768,23.069788325849903,802.0932453623221,2460
3553.0,7793,0,0,2,10.279344448896591,23.033363274733734,802.7653750322312,2478
3554.0,7794,0,3,2,10.249977215640778,23.038876058506542,803.0228937998306,2486
3555.0,7796,0,5,3,10.21681464336046,23.044125192406362,803.3008949870607,2502
3556.0,7800,0,5,1,10.18063085068274,22.99025641025641,803.2602309179142,2510
3557.0,7802,0,4,2,10.158246747560437,23.03306844398872,803.4230032144808,2533
3558.0,7801,0,2,3,10.125878407621519,23.01781822843225,803.5327164168915,2547
3559.0,7801,0,2,2,10.086288309290648,22.996538905268554,803.7853494331375,2564
3560.0,7801,0,4,4,10.06592849988131,23.021407511857454,803.7684184830172,2607
3561.0,7803,0,4,2,10.037992774893961,23.043060361399462,803.8527764157529,2631
3562.0,7805,0,4,2,10.014599450421347,23.009352978859706,803.7247022195157,2648
3563.0,7805,0,2,2,9.97804475327303,22.99718129404228,804.2695078806959,2662
3564.0,7807,0,5,3,9.950878305359181,23.009606763161266,803.9663195946098,2700
3565.0,7809,0,5,3,9.923095374179654,23.064925086438723,804.0802960812507,2721
3566.0,7810,0,3,2,9.891526316744978,23.109859154929577,804.2816787162392,2737
3567.0,7811,0,3,2,9.868335820128191,23.149020611957496,804.5233693515966,2742
3568.0,7818,0,8,1,9.847569218778645,23.189178818112048,804.2221004891943,2764
3569.0,7819,0,4,3,9.824255536663852,23.256426653024683,804.6068355703368,2784
3570.0,7824,0,8,3,9.802092140381436,23.247188139059304,804.4094474285912,2805
3571.0,7822,0,2,4,9.783199914687051,23.284709792891842,804.5472879943193,2827
3572.0,7823,0,3,2,9.762916583133078,23.306020708168223,804.9326227939179,2840
3573.0,7825,0,5,3,9.746405408361866,23.340575079872206,805.0103598081645,2844
3574.0,7824,0,3,4,9.72590530113933,23.36554192229039,805.1906883208901,2870
3575.0,7827,0,5,2,9.715372889729304,23.435671393892935,805.3868424239477,2889
3576.0,7829,0,5,3,9.686266906430669,23.51270915825776,805.6620273506697,2919
3577.0,7833,0,5,1,9.667997693603384,23.558534405719392,805.6602748116361,2914
3578.0,7834,0,2,1,9.63525354472282,23.64054123053357,806.1307990933568,2929
3579.0,7835,0,3,2,9.607241938694,23.707083599234206,806.357635971332,2946
3580.0,7838,0,4,1,9.58761861431229,23.807731564174535,806.3996480430261,2986
3581.0,7842,0,6,2,9.564809989607387,23.91673042591176,806.3408497591242,2971
3582.0,7846,0,4,0,9.552171192787432,24.071119041549835,806.5111545462792,3013
3583.0,7847,0,1,0,9.518763133387319,24.263285331974004,806.9919832363231,3031
3584.0,7851,0,5,1,9.5095810483616,24.296395363647942,807.1570833190676,3015
3585.0,7854,0,4,1,9.492634945529858,24.400050929462694,807.2052211545715,3033
3586.0,7857,0,5,2,9.487284984572836,24.46111747486318,807.4279838395892,3017
3587.0,7860,0,3,0,9.480270413845235,24.648346055979644,807.7077024082643,3057
3588.0,7865,0,6,1,9.471321271913867,24.80737444373808,807.7616965690635,3068
3589.0,7866,0,5,4,9.46099491523229,25.038774472412918,807.8177651466626,3083
3590.0,7867,0,3,2,9.44336398195382,25.280793186729376,808.1553277254201,3114
3591.0,7868,0,2,1,9.413578065550222,25.499618708693443,808.4075750093159,3131
3592.0,7867,0,3,4,9.395913422326988,25.72085928562349,808.7472206156785,3151
3593.0,7869,0,4,2,9.380578680012997,25.9270555343754,808.8295647194977,3178
3594.0,7871,0,3,1,9.357930537987002,26.121204421293356,809.2179148295093,3194
3595.0,7870,0,1,2,9.324753626430095,26.410419313850063,809.5206056804191,3238
3596.0,7871,0,1,0,9.304821503971526,26.64680472621014,810.0189651774781,3254
3597.0,7870,0,1,2,9.265690521669953,26.858576874205845,810.4132156129336,3262
3598.0,7871,0,2,1,9.25315903299625,27.062634989200863,810.8043541423481,3273
3599.0,7873,0,3,1,9.24084994996482,27.287438079512256,811.153645908197,3286
3600.0,7875,0,4,2,9.232683666501618,27.49130158730159,811.3720500567949,3315
3601.0,7876,0,3,2,9.279752318908793,26.576561706449976,811.5984902176691,3110
3602.0,7875,0,0,1,9.351456665673501,25.97320634920635,812.1705300305707,2946
3603.0,7875,0,0,0,9.434522846632358,25.550349206349207,812.7622733553732,2856
3604.0,7875,0,1,1,9.545340024629734,25.17104761904762,813.1449598455208,2738
3605.0,7875,0,0,0,9.658039853726898,24.8584126984127,813.7212830544104,2675
3606.0,7874,0,1,2,9.764097461521947,24.57759715519431,814.3827471844095,2626
3607.0,7874,0,0,0,9.881074135881894,24.30327660655321,814.9432477536247,2569
3608.0,7873,0,1,2,9.982270641017546,24.101994157246285,815.4432457033047,2542
3609.0,7872,0,0,1,10.057246256356429,23.907139227642276,816.0500078299253,2487
3610.0,7872,0,0,0,10.127307804194405,23.638084349593495,816.593587206141,2448
3611.0,7872,0,1,1,10.178093450960283,23.538998983739837,816.999566162778,2436
3612.0,7873,0,1,0,10.227983702183932,23.41496253016639,817.4318892400869,2414
3613.0,7873,0,0,0,10.28012759859656,23.336974469706593,817.9647605314459,2390
3614.0,7872,0,1,2,10.314121216641814,23.269944105691057,818.4367041758234,2382
3615.0,7871,0,0,1,10.351929703043243,23.214712234785924,819.0660175649789,2382
3616.0,7868,0,0,3,10.380833577023106,23.239450940518555,819.701295289169,2370
3617.0,7865,0,0,3,10.394322206217566,23.231150667514303,820.5218567372019,2375
3618.0,7864,0,0,1,10.41197249146218,23.205111902339777,821.1452971739047,2376
3619.0,7861,0,0,3,10.414663504740924,23.232540389263452,821.5864852738808,2380
3620.0,7860,0,0,1,10.408731622375974,23.23435114503817,822.06765096312,2388
3621.0,7859,0,0,1,10.404972385998416,23.276243796920728,822.5499423151972,2404
3622.0,7860,0,1,0,10.39376812223956,23.252035623409668,822.9682362113649,2417
3623.0,7858,0,0,2,10.38046281784532,23.229447696614915,823.4962347563393,2393
3624.0,7857,0,0,1,10.381914336224957,23.217385770650374,823.8284433225898,2408
3625.0,7855,0,0,2,10.371325024372121,23.219223424570337,824.3058818753046,2408
3626.0,7854,0,0,1,10.36786290910731,23.23223834988541,824.7437281604166,2410
3627.0,7852,0,0,2,10.354126758593006,23.194982170147732,825.042158459178,2412
3628.0,7849,0,0,3,10.330839320495622,23.24181424385272,825.4995764420795,2412
3629.0,7848,0,0,1,10.313313832835032,23.289118246687053,826.128283417097,2434
3630.0,7847,0,0,1,10.291986600933795,23.295272078501338,826.5470899109629,2417
3631.0,7845,0,0,2,10.271959363993833,23.28961121733588,827.1461064883173,2425
3632.0,7846,0,1,0,10.255946106901353,23.271475911292377,827.5690649831349,2429
3633.0,7845,0,1,2,10.231003498214536,23.304652644996814,828.1933525914263,2441
3634.0,7844,0,0,1,10.206330164846447,23.29194288628251,828.8245334668353,2451
3635.0,7843,0,0,1,10.191322457180348,23.271069743720513,829.3977395695554,2457
3636.0,7840,0,0,3,10.156832521735726,23.271938775510204,829.9554487838368,2459
3637.0,7838,0,0,2,10.128670697272774,23.29688696095943,830.390018577527,2485
3638.0,7836,0,1,3,10.10492533324905,23.29504849412966,830.9772267992112,2494
3639.0,7836,0,0,0,10.07123263032606,23.29606942317509,831.5158484104732,2501
3640.0,7832,0,0,4,10.021318945100647,23.337461695607765,831.8279892477284,2513
3641.0,7830,0,0,2,9.996944820142117,23.37228607918263,832.3306085732646,2536
3642.0,7831,0,1,0,9.960973514099374,23.43366109053761,832.7698373388126,2534
3643.0,7827,0,0,4,9.920489208258182,23.44052638303309,833.12110673272,2545
3644.0,7827,0,0,0,9.882535929462879,23.519739363740896,833.6718787223193,2593
3645.0,7823,0,0,4,9.846078685277943,23.567685031317907,834.2356974635509,2595
3646.0,7821,0,0,2,9.811393274160164,23.548523206751057,834.6253752863163,2578
3647.0,7819,0,0,2,9.789788131123068,23.560685509655965,835.2294285785499,2577
3648.0,7816,0,0,3,9.763839211545633,23.591606960081883,835.630340483257,2585
3649.0,7814,0,0,2,9.748680754695807,23.623368313283848,836.0320005355906,2587
3650.0,7812,0,1,3,9.725287112075243,23.622119815668203,836.416874946406,2588
3651.0,7812,0,0,0,9.701962657914855,23.6884280593958,836.9770150302888,2609
3652.0,7809,0,0,3,9.685591837582589,23.704187475989244,837.4064692875239,2609
3653.0,7808,0,0,1,9.662426802247687,23.790727459016395,837.9722609496371,2641
3654.0,7806,0,1,3,9.622736879847825,23.852549321035102,838.2120790423331,2649
3655.0,7804,0,0,2,9.58451282704688,23.96873398257304,838.6214599346547,2685
3656.0,7802,0,0,2,9.54696524565475,24.05255062804409,839.2699437692136,2706
3657.0,7798,0,0,4,9.496227781693275,24.14157476275968,839.7528789432562,2723
3658.0,7795,0,0,3,9.465565123621683,24.264143681847337,840.2851912266643,2756
3659.0,7793,0,0,2,9.440679708358461,24.35390735275247,840.9108479911818,2753
3660.0,7791,0,0,2,9.409224089349218,24.51354126556283,841.3720056149315,2790
3661.0,7791,0,2,2,9.379874266741467,24.64767038891028,841.9006240791857,2814
3662.0,7791,0,1,1,9.350506361665126,24.747529200359388,842.4516424887113,2834
3663.0,7789,0,0,2,9.327839684428316,24.889202721787136,842.8611829200394,2847
3664.0,7785,0,0,4,9.29833054154004,24.998330122029543,843.3051787976142,2865
3665.0,7782,0,1,4,9.264886273710044,25.09059367771781,843.7219784947998,2883
3666.0,7779,0,0,3,9.230793888117107,25.14359172130094,844.0401207221753,2899
3667.0,7778,0,0,1,9.223235704696586,25.263692465929545,844.4481161417106,2919
3668.0,7778,0,1,1,9.210837711798685,25.38711751092826,844.9889106611886,2936
3669.0,7778,0,0,0,9.209165005594873,25.47222936487529,845.5750744003667,2954
3670.0,7778,0,1,1,9.19938097078399,25.61686808948316,846.1098506955495,2963
3671.0,7777,0,0,1,9.18649500728357,25.736402211649736,846.7518827501137,2982
3672.0,7776,0,0,1,9.167470408631628,25.87384259259259,847.3553778844703,2997
3673.0,7773,0,0,3,9.146002467759986,25.991766370770616,848.0306075142286,3011
3674.0,7774,0,2,1,9.13339892555551,26.13300746076666,848.4284061149187,3028
3675.0,7772,0,0,2,9.126426531261567,26.30018013381369,849.0848248804599,3045
3676.0,7770,0,0,2,9.107345476637793,26.481853281853283,849.6354822213377,3070
3677.0,7769,0,0,1,9.09330465817318,26.683871798172223,850.3366165175042,3086
3678.0,7770,0,1,0,9.085552042598312,26.894851994851994,850.8222483298903,3110
3679.0,7769,0,0,1,9.070332491681516,27.115330158321534,851.481675883778,3124
3680.0,7766,0,0,3,9.060238348634906,27.316121555498327,852.1453744846908,3143
3681.0,7765,0,1,2,9.046881698867876,27.52401802962009,852.7959365665885,3160
3682.0,7763,0,0,2,9.027327067222576,27.74623212675512,853.5231260920444,3171
3683.0,7762,0,1,2,9.005833672002778,27.976037103839218,854.1033537149395,3187
3684.0,7762,0,1,1,8.981741535426757,28.21437773769647,854.5098499072213,3203
3685.0,7761,0,0,1,8.959750382653269,28.464888545290556,855.2179858968708,3227
3686.0,7761,0,1,1,8.93773072733051,28.71356783919598,855.6300975488983,3252
3687.0,7761,0,1,1,8.918956186212105,28.933256023708285,856.1948061941423,3272
3688.0,7761,0,0,0,8.904996784221519,29.126401236954,856.8023510915972,3283
3689.0,7761,0,0,0,8.890530411524898,29.360778250225486,857.4108992908231,3311
3690.0,7761,0,0,0,8.868430557119385,29.64025254477516,858.0212586859129,3336
3691.0,7758,0,0,3,8.894629188574225,28.685099252384635,858.7934147072849,3127
3692.0,7758,0,1,1,8.973047331475742,27.996906419180203,859.2193972165655,2971
3693.0,7756,0,0,2,9.060914191265184,27.483367715317172,859.9438651089904,2861
3694.0,7756,0,0,0,9.173765035967643,27.023336771531717,860.5312521531256,2759
3695.0,7756,0,0,0,9.290990272762237,26.67148014440433,861.1103469786192,2675
3696.0,7757,0,1,0,9.409470577517325,26.33814619053758,861.5704867622229,2605
3697.0,7757,0,0,0,9.534613161201621,26.061363929354133,862.1337309813497,2543
3698.0,7756,0,1,2,9.630119664454948,25.843089221248064,862.5743965508794,2485
3699.0,7753,0,0,3,9.723211420403747,25.672771830259254,863.2728678056006,2445
3700.0,7751,0,0,2,9.802722249611126,25.552573861437235,864.0065310955371,2426
3701.0,7749,0,0,2,9.860241037510589,25.510001290489097,864.3586037867993,2421
3702.0,7747,0,0,2,9.907319882221227,25.497999225506646,864.976374632602,2400
3703.0,7745,0,0,2,9.944646210791591,25.450742414460944,865.6744199537245,2381
3704.0,7744,0,0,1,9.976153797616497,25.364411157024794,866.2877676486219,2363
3705.0,7742,0,0,2,10.005121644333848,25.264272797726687,866.8601701077392,2367
3706.0,7741,0,0,1,10.049076143825845,25.224260431468803,867.4953424561955,2351
3707.0,7741,0,1,1,10.086490547315764,25.128923911639323,867.7913020151901,2350
3708.0,7740,0,0,1,10.10512082010149,25.009819121447027,868.2585747642293,2321
3709.0,7738,0,0,2,10.11028898542391,25.018997156888084,868.6588728785052,2314
3710.0,7736,0,0,2,10.103710392807173,25.012538779731127,869.2513949747229,2327
3711.0,7735,0,0,1,10.107858431709149,24.92230122818358,869.7886980928407,2317
3712.0,7733,0,0,2,10.111100034519055,24.84339842234579,870.2511921861341,2298
3713.0,7731,0,0,2,10.108254532705748,24.752295951364637,870.8666925878318,2292
3714.0,7730,0,0,1,10.105298080784696,24.721604139715396,871.3141225115658,2293
3715.0,7728,0,0,2,10.109112600115862,24.716356107660456,871.7767538846466,2309
3716.0,7727,0,0,1,10.101704736595925,24.67995341012036,872.3862751431557,2290
3717.0,7722,0,0,5,10.100373815651826,24.66951566951567,873.0301804072233,2298
3718.0,7720,0,0,2,10.084883556628027,24.63445595854922,873.7529778005509,2297
3719.0,7717,0,0,3,10.069850919841778,24.600103667228197,874.2628424387821,2294
3720.0,7712,0,0,5,10.051009391578525,24.62435165975104,874.7614404975856,2303
3721.0,7710,0,0,2,10.03023229768182,24.597405966277563,875.1898857385607,2291
3722.0,7709,0,0,1,9.98985990251478,24.59333246854326,875.7259176344031,2298
3723.0,7709,0,0,0,9.97814572487508,24.640290569464263,876.2577586689932,2311
3724.0,7703,0,0,6,9.964247140034068,24.69466441646112,876.5946581205544,2311
3725.0,7702,0,1,2,9.940907875494341,24.742144897429238,877.0342363723266,2327
3726.0,7701,0,0,1,9.903888306167874,24.761459550707702,877.5845817997744,2334
3727.0,7698,0,0,3,9.878812637071704,24.770329955832683,878.3163586127692,2346
3728.0,7697,0,0,1,9.841444314586079,24.845913992464595,878.9623994004048,2363
3729.0,7693,0,0,4,9.806304932173344,24.864032237098662,879.2962390026522,2371
3730.0,7693,0,0,0,9.772582229943858,24.891069803717667,879.8395439252719,2384
3731.0,7689,0,0,4,9.717990610150922,24.87488620106646,880.1119080675343,2385
3732.0,7688,0,0,1,9.68188925656065,24.92286680541103,880.7444864066766,2409
3733.0,7687,0,0,1,9.653504265297522,25.001040718095485,881.2028224015473,2445
3734.0,7687,0,0,0,9.611882794601602,25.059320931442695,881.755621885684,2446
3735.0,7687,0,0,0,9.580570319590471,25.16482372837258,882.3100627886175,2486
3736.0,7686,0,0,1,9.563294645823355,25.114754098360656,882.9292893889698,2474
3737.0,7685,0,0,1,9.540398804754686,25.097202342225113,883.460095540082,2476
3738.0,7684,0,0,1,9.508695014820262,25.119078604893286,884.1314484581488,2495
3739.0,7683,0,0,1,9.47899931199318,25.15371599635559,884.6629430792706,2510
3740.0,7683,0,0,0,9.460546682962262,25.216712221788363,885.2247941670921,2531
3741.0,7679,0,1,5,9.432122567060725,25.192472978252376,885.46058119054,2542
3742.0,7677,0,1,3,9.394861462567988,25.162172723720204,885.6053549354617,2559
3743.0,7675,0,0,2,9.366820534070069,25.21928338762215,886.1469592184351,2584
3744.0,7674,0,1,2,9.322104489814938,25.254365389627313,886.4256060848747,2601
3745.0,7673,0,0,1,9.29042495426122,25.293105695295193,886.929346671742,2609
3746.0,7672,0,1,2,9.247930261593725,25.359619395203335,887.422261948773,2640
3747.0,7671,0,1,2,9.223307866986536,25.499283013948638,888.0379515281454,2661
3748.0,7671,0,1,1,9.20899146108478,25.612697171164125,888.4243567279507,2682
3749.0,7672,0,1,0,9.197101255267317,25.76472888425443,888.8850050018734,2709
3750.0,7672,0,1,1,9.192563189671855,25.849061522419188,889.4607798989402,2714
3751.0,7671,0,1,2,9.18479351337507,25.919176117846433,889.9822328163182,2751
3752.0,7669,0,2,4,9.156633823769377,25.977441648194027,890.5688808382504,2756
3753.0,7670,0,2,1,9.131333883743716,26.099478487614082,890.8394766882999,2784
3754.0,7666,0,0,4,9.104273190042946,26.16397078006783,891.6419824296399,2789
3755.0,7667,0,3,2,9.069297958262377,26.215077605321508,891.691118977098,2807
3756.0,7664,0,0,3,9.041963846844348,26.323982254697285,892.5439744116737,2835
3757.0,7662,0,0,2,9.006981112666297,26.411641868963716,893.2500211933713,2852
3758.0,7661,0,1,2,8.975999535997602,26.512335204281424,893.9267253446441,2886
3759.0,7661,0,1,1,8.970810240088673,26.68359222033677,894.4801809416064,2904
3760.0,7660,0,1,2,8.944764948236765,26.853394255874672,894.7812941835457,2930
3761.0,7657,0,0,3,8.931799741130016,27.01985111662531,895.6043392080185,2946
3762.0,7653,0,0,4,8.910079906094856,27.181628119691624,896.2809367859304,2978
3763.0,7650,0,0,3,8.898547865361111,27.31503267973856,896.979829051559,3004
3764.0,7644,0,0,6,8.88741081894725,27.40240711669283,897.7671631104399,2998
3765.0,7641,0,0,3,8.877494307022502,27.60188457008245,898.5186954331188,3044
3766.0,7639,0,1,3,8.853299704333223,27.80377012697997,899.1663195145151,3055
3767.0,7638,0,0,1,8.842937634157662,27.99973815134852,899.8347332164988,3082
3768.0,7639,0,1,0,8.826963252255625,28.183793690273596,900.3208044974858,3085
3769.0,7636,0,0,3,8.798055154935442,28.355290728129912,900.9776679670432,3101
3770.0,7632,0,0,4,8.770237153193417,28.553459119496857,901.7451781526987,3113
3771.0,7632,0,0,0,8.74770447613764,28.74882075471698,902.3537085526034,3132
3772.0,7630,0,0,2,8.737464529622507,28.944560943643513,902.846710455715,3166
3773.0,7630,0,1,1,8.711507121944317,29.104980340760157,903.212897496661,3177
3774.0,7629,0,0,1,8.703131632145691,29.29047057281426,903.9330310646441,3181
3775.0,7629,0,0,0,8.695459767725751,29.528902870625245,904.5449873354241,3180
3776.0,7629,0,0,0,8.679747223063693,29.70389303971687,905.1577126381628,3195
3777.0,7629,0,1,1,8.663465128100576,29.932625507930265,905.5925444987893,3214
3778.0,7625,0,0,4,8.628948707355294,30.180983606557376,906.4653181932036,3224
3779.0,7625,0,0,0,8.615128249061534,30.455081967213115,907.0822114054654,3264
3780.0,7624,0,1,2,8.595102850791474,30.680613850996853,907.303846159941,3288
3781.0,7623,0,0,1,8.635534577073193,29.829069919979013,907.845671042644,3099
3782.0,7621,0,0,2,8.710929238302885,29.29654900931636,908.4616231497159,2963
3783.0,7619,0,0,2,8.808842000683255,28.856674104213152,908.8958633227538,2849
3784.0,7618,0,0,1,8.916190493612012,28.51837752690995,909.4317311802147,2769
3785.0,7616,0,0,2,9.018993683008913,28.29438025210084,909.7819560674843,2702
3786.0,7616,0,0,0,9.137261380891525,28.118828781512605,910.3600983325789,2644
3787.0,7613,0,0,3,9.23612878730454,27.91081045579929,911.1771064220957,2577
3788.0,7612,0,1,2,9.322818716468273,27.76208617971624,911.7404639539329,2539
3789.0,7610,0,0,2,9.393611025212527,27.72089356110381,912.189551260968,2525
3790.0,7607,0,0,3,9.45001258430258,27.725910345734192,912.8656603938603,2522
3791.0,7605,0,1,3,9.500105925628299,27.72163050624589,913.1504774019645,2490
3792.0,7602,0,0,3,9.529254401424867,27.686003683241253,913.8458047724273,2484
3793.0,7599,0,0,3,9.555373481455307,27.670088169495987,914.5399154415106,2476
3794.0,7599,0,1,1,9.582676024546256,27.629293328069483,914.7928457001987,2447
3795.0,7597,0,0,2,9.600836936134149,27.618270369882847,915.5251789960539,2437
3796.0,7598,0,1,0,9.608637434814796,27.581337193998422,915.9431132316473,2423
3797.0,7596,0,0,2,9.623801315070208,27.58464981569247,916.3868276726283,2421
3798.0,7595,0,0,1,9.629209137033069,27.616326530612245,917.03011169116,2420
3799.0,7592,0,1,4,9.616083005837709,27.676369863013697,917.3819504777572,2426
3800.0,7589,0,0,3,9.617341556602604,27.696139148767955,917.8879417455368,2408
3801.0,7590,0,1,0,9.615148323688382,27.743610013175232,918.3038943070687,2411
3802.0,7589,0,1,2,9.604015788734591,27.79694294373435,918.750992208055,2426
3803.0,7588,0,0,1,9.597907148721276,27.835925144965735,919.1430498840878,2429
3804.0,7586,0,0,2,9.587697147900679,27.796071711046665,919.8108575075273,2424
3805.0,7582,0,0,4,9.582712308519822,27.79359008177262,920.2651293148417,2420
3806.0,7581,0,0,1,9.575828355726804,27.74620762432397,920.8424175697686,2432
3807.0,7580,0,0,1,9.559204915555219,27.700395778364115,921.4611580073779,2430
3808.0,7578,0,1,3,9.551849013844544,27.739377144365267,922.001286287202,2448
3809.0,7575,0,0,3,9.540427473164515,27.794059405940594,922.6587729226502,2454
3810.0,7576,0,1,0,9.526580504365997,27.803590285110875,923.0788264454387,2456
3811.0,7574,0,0,2,9.511756365710678,27.821758648006337,923.5598980822241,2453
3812.0,7573,0,0,1,9.48635661911574,27.877591443285358,924.1770900077917,2475
3813.0,7572,0,0,1,9.466555563863631,27.91323296354992,924.6591387745682,2482
3814.0,7570,0,0,2,9.45292684295388,27.937912813738443,925.3600714411343,2493
3815.0,7568,0,0,2,9.433377327618702,28.02603065539112,925.8752680643347,2505
3816.0,7566,0,0,2,9.420996638708216,28.088686227861487,926.428476623662,2496
3817.0,7567,0,1,0,9.39889381448798,28.15250429496498,926.8574918361747,2513
3818.0,7566,0,0,1,9.360521455806236,28.201691779011366,927.387041772775,2525
3819.0,7563,0,0,3,9.330519517934517,28.23919079730266,927.9676791963404,2544
3820.0,7562,0,0,1,9.297249314722132,28.2802168738429,928.6085927567806,2542
3821.0,7561,0,0,1,9.277104515548382,28.394524533791827,929.1418938775892,2551
3822.0,7561,0,0,0,9.263182077033791,28.468985583917473,929.7025933124643,2579
3823.0,7561,0,1,1,9.224764690699972,28.54133051183706,929.9998900448933,2595
3824.0,7561,0,0,0,9.179592013727289,28.629017325750564,930.5659992139741,2622
3825.0,7560,0,1,2,9.129798715597765,28.701455026455026,931.1976100855545,2628
3826.0,7558,0,0,2,9.084751880053568,28.73776131251654,931.6480605172433,2637
3827.0,7557,0,0,1,9.057122480639833,28.768558951965066,932.1663503505498,2637
3828.0,7555,0,0,2,9.040155707183724,28.84037061548643,932.7569298071187,2643
3829.0,7551,0,0,4,9.03086183224547,28.875910475433717,933.1979911595371,2663
3830.0,7548,0,1,4,9.014440065688705,28.94276629570747,933.4546824364936,2674
3831.0,7545,0,0,3,8.988474536293163,29.068522200132538,933.8422146265749,2694
3832.0,7546,0,1,0,8.966563544972397,29.14908560826928,934.2979675859186,2695
3833.0,7542,0,0,4,8.93039337564428,29.304958896844337,934.7829827078233,2738
3834.0,7541,0,1,2,8.903003551000996,29.37713831056889,935.2064616805392,2759
3835.0,7539,0,0,2,8.879234207847391,29.54370606181191,935.8549582414394,2799
3836.0,7539,0,2,2,8.863046307074192,29.688287571295927,936.0957523607456,2833
3837.0,7537,0,0,2,8.826447326897702,29.865463712352394,936.6928850146548,2861
3838.0,7534,0,0,3,8.785201574580393,29.992036102999734,937.2309224823998,2879
3839.0,7532,0,2,4,8.740209847159699,30.15507169410515,937.4284682624188,2900
3840.0,7531,0,0,1,8.70108717534959,30.37471783295711,937.9438016573856,2934
3841.0,7531,0,1,1,8.66444293106092,30.472845571637233,938.5386887565827,2962
3842.0,7530,0,1,2,8.634282898871344,30.665471447543162,939.0268203221318,2989
3843.0,7529,0,0,1,8.603957889450136,30.830654801434452,939.5328453723487,2982
3844.0,7528,0,0,1,8.581997952901228,31.024176408076514,940.2097555976262,3037
3845.0,7526,0,2,4,8.538982883561749,31.152404996013818,940.7288845257987,3044
3846.0,7524,0,0,2,8.510811630306184,31.317783094098882,941.2111739711517,3070
3847.0,7523,0,1,2,8.478638806229867,31.537684434401168,941.6177133472435,3088
3848.0,7522,0,1,2,8.45570306519216,31.760303110874766,942.1332768111175,3125
3849.0,7523,0,1,0,8.448899218540983,31.92104213744517,942.6156505988621,3144
3850.0,7520,0,0,3,8.433317245646412,32.084308510638294,943.3630633450961,3153
3851.0,7518,0,0,2,8.409517475571171,32.306198457036444,943.9885231073537,3170
3852.0,7519,0,2,1,8.373743946556448,32.51256816065966,944.468313067268,3185
3853.0,7519,0,0,0,8.357024395238728,32.704481978986564,945.0816576727785,3200
3854.0,7517,0,0,2,8.318475042869427,32.8416921644273,945.7875221881403,3208
3855.0,7517,0,0,0,8.297267730351255,33.03192763070374,946.405155509345,3236
3856.0,7513,0,0,4,8.280489412854472,33.26354319180088,947.3427729879976,3258
3857.0,7513,0,1,1,8.257767120048973,33.50964994010382,947.9100888053077,3277
3858.0,7512,0,2,3,8.240501901923786,33.69329073482428,948.3415865993824,3290
3859.0,7508,0,0,4,8.200312583625523,33.89371337240277,948.9220270609337,3299
3860.0,7505,0,0,3,8.160939243905695,34.127381745503,949.6260976738718,3343
3861.0,7503,0,0,2,8.127583012802534,34.40223910435826,950.124980169847,3365
3862.0,7497,0,0,6,8.090596174303046,34.65172735760971,951.071610533058,3381
3863.0,7494,0,0,3,8.053027089544875,34.922738190552444,951.8377057296842,3412
3864.0,7491,0,0,3,8.030010901972254,35.21305566680016,952.7577569098133,3434
3865.0,7488,0,0,3,8.003134074692666,35.50320512820513,953.0817648640993,3453
3866.0,7487,0,0,1,7.984204997465206,35.785628422599174,953.8134257612141,3494
3867.0,7486,0,0,1,7.957855041743523,36.01055303232701,954.5719988765259,3495
3868.0,7483,0,0,3,7.934550910374742,36.33328878791929,955.4344082373186,3519
3869.0,7483,0,0,0,7.912012274950051,36.610316717893895,956.0739450438283,3529
3870.0,7482,0,0,1,7.885728462723162,36.8806468858594,956.698088494718,3536
3871.0,7477,0,0,5,7.907647436007123,36.07462886184299,957.523435772012,3344
3872.0,7478,0,1,0,7.958317953189848,35.5025407863065,958.0299738133997,3194
3873.0,7477,0,0,1,8.034370954244277,35.069412866122775,958.5949518629674,3084
3874.0,7473,0,0,4,8.112718066373173,34.74280744011776,959.1928401974634,2990
3875.0,7470,0,0,3,8.216145597231753,34.49129852744311,960.0031323059799,2923
3876.0,7466,0,0,4,8.314865261009029,34.26962228770426,960.4385935683351,2866
3877.0,7465,0,1,2,8.427517794578698,34.03697253851306,960.8343115736108,2804
3878.0,7462,0,0,3,8.531967874156509,33.896542481908334,961.2795689398632,2765
3879.0,7461,0,0,1,8.62270944050382,33.88165125318322,961.7536217982572,2735
3880.0,7457,0,0,4,8.680327672968467,33.8146707791337,962.3990753212933,2724
3881.0,7455,0,0,2,8.748857683865717,33.74889336016096,963.090611044807,2698
3882.0,7455,0,0,0,8.808312092082701,33.734540576794096,963.6599100784094,2683
3883.0,7451,0,0,4,8.844496611116474,33.72540598577372,964.5362390082563,2670
3884.0,7450,0,0,1,8.873255925245923,33.76536912751678,965.1151923999284,2671
3885.0,7449,0,1,2,8.903069309698871,33.72949389179756,965.7545402451057,2661
3886.0,7445,0,0,4,8.924381548396205,33.7288112827401,966.3015078015352,2652
3887.0,7445,0,1,1,8.939838519141176,33.78992612491605,966.6759220589112,2661
3888.0,7442,0,0,3,8.954271568899665,33.796828809459825,966.849979198176,2644
3889.0,7440,0,0,2,8.967345502927367,33.77137096774194,967.4872578189552,2630
3890.0,7438,0,0,2,8.989507680789272,33.77910728690508,967.9039829050201,2631
3891.0,7436,0,0,2,9.001431527393105,33.83337816030124,968.4899113889705,2631
3892.0,7434,0,0,2,8.997095475246235,33.899919289749796,969.2495157429368,2637
3893.0,7433,0,0,1,8.992385375044593,33.89654244584959,969.9302501935941,2634
3894.0,7433,0,1,1,8.977318151265244,33.938113816763085,970.4786214939883,2652
3895.0,7430,0,0,3,8.963068503215208,33.91372812920592,971.3131950330909,2649
3896.0,7429,0,0,1,8.961108280143314,33.957329384843185,971.9383716028788,2657
3897.0,7427,0,0,2,8.951755544462758,33.98128450249091,972.5602209890701,2664
3898.0,7425,0,0,2,8.932462088815395,34.05010101010101,972.9867772632545,2675
3899.0,7423,0,0,2,8.90602008990357,34.06493331537114,973.518017856682,2677
3900.0,7423,0,0,0,8.889921232307557,34.065068031793075,974.0768892597322,2678
3901.0,7421,0,0,2,8.870005417547516,34.050262767821046,974.8518718578248,2676
3902.0,7420,0,0,1,8.866608824423148,34.07749326145552,975.3521639173222,2687
3903.0,7416,0,0,4,8.846254123121238,34.107065803667744,976.0141221300842,2683
3904.0,7415,0,0,1,8.823353475770933,34.16412677006069,976.6654574346308,2711
3905.0,7414,0,0,1,8.800031158716017,34.26814135419477,977.3114977389779,2723
3906.0,7413,0,1,2,8.781211081362212,34.34992580601646,977.7523764775609,2734
3907.0,7412,0,0,1,8.76276931182843,34.45183486238532,978.2314370840429,2752
3908.0,7411,0,0,1,8.730264185513944,34.5642963162866,978.6640554635032,2770
3909.0,7409,0,0,2,8.690482318957702,34.61843703603725,979.1217552216905,2760
3910.0,7409,0,1,1,8.652585329985502,34.62329599136186,979.6931614163979,2763
3911.0,7409,0,0,0,8.61314902449056,34.7520583074639,980.2701232117952,2783
3912.0,7406,0,0,3,8.553428338714761,34.83540372670807,981.2327435809979,2807
3913.0,7405,0,0,1,8.510597981384706,34.976367319378795,981.7601817714725,2832
3914.0,7404,0,0,1,8.47225310555798,35.10453808752026,982.4235561878918,2848
3915.0,7402,0,0,2,8.444801162492302,35.26033504458255,982.9902534598742,2865
3916.0,7400,0,0,2,8.411768737723461,35.31743243243243,983.8286448856236,2871
3917.0,7398,0,0,2,8.387615437189119,35.353744255204106,984.5056652621016,2879
3918.0,7398,0,1,1,8.379548688805944,35.35942146526088,985.0759589005387,2890
3919.0,7395,0,0,3,8.354322311470366,35.39364435429344,985.3338528841167,2899
3920.0,7393,0,0,2,8.342539244993494,35.5131881509536,985.8740398350149,2930
3921.0,7392,0,1,2,8.329045216803246,35.59713203463203,986.409959065458,2947
3922.0,7387,0,1,6,8.307475108533295,35.68268579937728,987.0061950162323,2944
3923.0,7381,0,0,6,8.283091850370011,35.776994987129115,987.3983944057485,2967
3924.0,7379,0,1,3,8.25399145151669,35.90229028323621,987.8625276038073,2962
3925.0,7376,0,0,3,8.225195194366004,35.99362798264642,988.4424148794949,2970
3926.0,7375,0,0,1,8.216675454645063,36.09220338983051,988.8052367020296,3004
3927.0,7374,0,1,2,8.19041640666804,36.17778681855167,988.9753472388885,3012
3928.0,7373,0,0,1,8.15216458895133,36.321307473213075,989.5976081561547,3043
3929.0,7371,0,1,3,8.135133413701547,36.4641161307828,990.1983609743477,3057
3930.0,7368,0,0,3,8.102994339687292,36.63517915309446,990.6398568986916,3087
3931.0,7365,0,0,3,8.07878559605713,36.78316361167685,991.3590947753543,3092
3932.0,7363,0,1,3,8.055488832928726,36.89012630721174,991.5924927168538,3097
3933.0,7360,0,0,3,8.02790441113938,37.0116847826087,991.915740065325,3108
3934.0,7358,0,0,2,8.006955022191532,37.14243000815439,992.422960477269,3110
3935.0,7355,0,1,4,7.993049541015742,37.30781781101292,992.8254889312451,3123
3936.0,7352,0,0,3,7.963961806333684,37.47170837867247,993.2286079688122,3132
3937.0,7351,0,0,1,7.950616163752321,37.67569038226092,993.7868728541035,3148
3938.0,7350,0,0,1,7.933216879257886,37.89959183673469,994.3407578067626,3183
3939.0,7351,0,2,1,7.925565204637659,38.13834852401034,994.7808782700413,3205
3940.0,7350,0,0,1,7.921866340937412,38.36517006802721,995.5076662180439,3237
3941.0,7348,0,0,2,7.9089183854806855,38.585193249863906,995.9352527389332,3255
3942.0,7344,0,0,4,7.901455906978537,38.82094226579521,996.4902449068167,3290
3943.0,7342,0,0,2,7.88380268868401,39.010896213565786,997.3066876679366,3298
3944.0,7341,0,0,1,7.8614250308835105,39.215638196431,998.0509354638617,3310
3945.0,7340,0,0,1,7.831144496755558,39.44073569482289,998.5525670285978,3322
3946.0,7337,0,0,3,7.8096996656773126,39.70723729044568,999.1478113601846,3346
3947.0,7335,0,1,3,7.782188925569929,39.9371506475801,999.9846267271378,3367
3948.0,7334,0,0,1,7.762588068877034,40.16730297245705,1000.5544099536518,3387
3949.0,7331,0,0,3,7.747606775383856,40.44755149365707,1001.1231549867765,3409
3950.0,7330,0,0,1,7.7332317654190135,40.69113233287858,1001.7159464259115,3421
3951.0,7327,0,0,3,7.72347326809977,40.98648833083117,1002.5221050685662,3442
3952.0,7328,0,1,0,7.709793643829717,41.223662663755455,1003.0251397213193,3457
3953.0,7329,0,1,0,7.685803224285935,41.5047073270569,1003.5297660090506,3470
3954.0,7328,0,0,1,7.664840592037735,41.782205240174676,1004.0163021991227,3492
3955.0,7328,0,0,0,7.654598389187829,42.01896834061135,1004.6597957326674,3501
3956.0,7328,0,0,0,7.638103521433042,42.199918122270745,1005.3052915499222,3523
3957.0,7327,0,0,1,7.614185124504067,42.48805786815886,1006.046700031944,3540
3958.0,7325,0,0,2,7.595265445675154,42.730784982935155,1006.7759321125831,3562
3959.0,7324,0,0,1,7.563773469097006,43.01037684325505,1007.5606762041825,3587
3960.0,7322,0,0,2,7.534181320175411,43.24296640262224,1008.44650925466,3594
3961.0,7322,0,0,0,7.577218003605622,42.31917508877356,1009.0943275859587,3398
3962.0,7322,0,0,0,7.639893901302052,41.680961485932805,1009.7375134116907,3239
3963.0,7321,0,0,1,7.734162837750203,41.20652916268269,1010.242631290636,3116
3964.0,7320,0,0,1,7.838781650367718,40.802595628415304,1011.0073440325464,3032
3965.0,7318,0,0,2,7.959921489169578,40.419240229570924,1011.6158097352397,2950
3966.0,7316,0,0,2,8.085720203903012,40.25451066156369,1011.9915061591861,2875
3967.0,7316,0,0,0,8.204121887083291,40.01257517769273,1012.5922868854318,2812
3968.0,7316,0,0,0,8.300052066529439,39.857162383816295,1013.1867178192441,2792
3969.0,7316,0,0,0,8.38237624714385,39.75724439584472,1013.775784528664,2771
3970.0,7314,0,0,2,8.449787038467294,39.703855619360134,1014.4166733895194,2741
3971.0,7313,0,0,1,8.519296611270928,39.6238205934637,1015.06414018931,2717
3972.0,7313,0,0,0,8.573822027681638,39.52386161629974,1015.6394924453394,2701
3973.0,7312,0,0,1,8.623855413233256,39.39250547045952,1016.1249337613108,2690
3974.0,7310,0,0,2,8.667409063407623,39.36019151846785,1016.6718895757424,2667
3975.0,7308,0,0,2,8.696710272286705,39.33921729611385,1017.4408069065852,2647
3976.0,7307,0,0,1,8.720694879450344,39.33515806760641,1018.0335444513662,2641
3977.0,7305,0,0,2,8.729655733686819,39.27843942505133,1018.5081382493651,2618
3978.0,7305,0,0,0,8.743572045323717,39.25160848733744,1019.0681744190083,2599
3979.0,7304,0,0,1,8.743291594146974,39.171549835706465,1019.762984600813,2569
3980.0,7304,0,0,0,8.745481422198207,39.073932092004384,1020.3222430171774,2559
3981.0,7302,0,0,2,8.745175921251644,38.966173651054504,1021.1119787099313,2550
3982.0,7301,0,0,1,8.748645704554566,38.89987672921517,1021.5515871920795,2531
3983.0,7300,0,0,1,8.747008100878848,38.78657534246575,1022.0634281988007,2519
3984.0,7299,0,0,1,8.7329401239162,38.73804630771338,1022.7503172639706,2525
3985.0,7298,0,0,1,8.731342153616128,38.65839956152371,1023.1180572823675,2539
3986.0,7298,0,0,0,8.731293994125314,38.60263085776925,1023.676635296116,2506
3987.0,7297,0,0,1,8.715487614917627,38.550363162943675,1024.3343113239873,2505
3988.0,7294,0,0,3,8.698927040078772,38.58363038113518,1024.6483202711954,2532
3989.0,7293,0,0,1,8.698135956446,38.569861511037985,1025.1795594359542,2545
3990.0,7292,0,0,1,8.698104994124105,38.5842018650576,1025.5823823661794,2556
3991.0,7289,0,1,4,8.686520974017078,38.5714089724242,1026.0517265749543,2545
3992.0,7286,0,0,3,8.677636838721114,38.563409278067525,1026.6903443568453,2537
3993.0,7284,0,0,2,8.647802418389627,38.55161998901703,1027.2834454166689,2526
3994.0,7284,0,0,0,8.63264724107774,38.56466227347611,1027.8500996507216,2536
3995.0,7281,0,0,3,8.61065403951379,38.62381540997116,1028.2249089105835,2539
3996.0,7281,0,0,0,8.599877327403547,38.51668726823239,1028.7944066874,2552
3997.0,7277,0,0,4,8.570728529070074,38.4789061426412,1029.3805924387705,2541
3998.0,7277,0,1,1,8.552188447540509,38.41074618661536,1029.9481069350716,2553
3999.0,7277,0,0,0,8.532705007796306,38.26961660024735,1030.5227348764465,2580
4000.0,7275,0,0,2,8.51715706822135,38.19848797250859,1030.9233283577657,2574
4001.0,7274,0,0,1,8.50114419673055,38.20332691778939,1031.459007611047,2585
4002.0,7273,0,0,1,8.477418691909902,38.22769146157019,1031.87951581757,2575
4003.0,7273,0,0,0,8.445503857614344,38.34799945002062,1032.4615750382222,2622
4004.0,7272,0,0,1,8.413776071812364,38.509488448844884,1032.976970639791,2639
4005.0,7272,0,0,0,8.375512707344754,38.61207370737074,1033.5651645455455,2666
4006.0,7271,0,0,1,8.341144475209354,38.65795626461284,1034.1512786021808,2692
4007.0,7270,0,0,1,8.318425948137207,38.66698762035763,1034.5156980741797,2692
4008.0,7268,0,0,2,8.304254879722613,38.71147495872317,1034.787794421401,2692
4009.0,7266,0,0,2,8.29368870457902,38.744013212221304,1035.1793626749989,2690
4010.0,7264,0,0,2,8.275991947928906,38.819383259911895,1035.5827954512142,2716
4011.0,7262,0,0,2,8.255539753700706,38.92632883503167,1036.3144284681555,2747
4012.0,7260,0,1,3,8.220095848873841,38.98539944903581,1037.0215976654283,2747
4013.0,7260,0,1,1,8.203342354095946,39.02438016528926,1037.475926955019,2769
4014.0,7258,0,0,2,8.180734492846113,39.148663543675944,1038.002428236542,2802
4015.0,7259,0,1,0,8.153713932312773,39.29728612756578,1038.4623571264276,2824
4016.0,7259,0,0,0,8.124090535423472,39.342333654773384,1039.0669623027136,2847
4017.0,7258,0,1,2,8.096787894382691,39.366354367594376,1039.613664437962,2868
4018.0,7256,0,1,3,8.081049226797676,39.36025358324146,1040.1346581441076,2874
4019.0,7257,0,1,0,8.053184467820595,39.47912360479537,1040.5997074979541,2901
4020.0,7253,0,0,4,8.026236359700851,39.50765200606646,1041.2222684199967,2909
4021.0,7252,0,1,2,7.999267747817517,39.58756205184777,1041.9030700160906,2925
4022.0,7250,0,1,3,7.979515120096652,39.76124137931034,1042.6411623505614,2978
4023.0,7249,0,1,2,7.957375193007283,39.928955718030075,1043.341059937815,2995
4024.0,7248,0,0,1,7.940533799618115,40.08153973509934,1044.1009149122813,3016
4025.0,7248,0,1,1,7.920959595352221,40.171909492273734,1044.562680050638,3035
4026.0,7247,0,1,2,7.902989206897246,40.299296260521594,1045.0423020574394,3048
4027.0,7247,0,1,1,7.886439981246604,40.44625362218849,1045.5706566448687,3075
4028.0,7247,0,2,2,7.872280052887214,40.503242721125986,1045.892691126712,3078
4029.0,7249,0,2,0,7.857918444785776,40.64339908952959,1046.2295067698262,3106
4030.0,7247,0,0,2,7.848725983503213,40.812060162826,1046.8473617826382,3131
4031.0,7246,0,0,1,7.826460517284834,40.956665746618825,1047.4397350925296,3141
4032.0,7246,0,2,2,7.8144783805083815,41.0961910019321,1047.6790052693864,3156
4033.0,7246,0,0,0,7.791798415465981,41.29036709908915,1048.3093475244261,3182
4034.0,7245,0,0,1,7.773779418097247,41.45383022774327,1048.9555446174147,3201
4035.0,7245,0,1,1,7.747483483763952,41.69703243616287,1049.4228706949689,3232
4036.0,7245,0,2,2,7.7159220571180755,41.93526570048309,1049.8085448051315,3245
4037.0,7244,0,0,1,7.688896098615829,42.18705135284373,1050.575741363363,3264
4038.0,7242,0,0,2,7.653053390573033,42.424882629107984,1051.1304376519392,3291
4039.0,7241,0,1,2,7.629749496733641,42.67974036735257,1051.6398476799807,3315
4040.0,7239,0,0,2,7.596041668885726,42.94253349910208,1052.297217953259,3349
4041.0,7238,0,1,2,7.560201561199164,43.19259463940315,1052.984178154881,3361
4042.0,7239,0,1,0,7.540505619804629,43.42091449095179,1053.4827420394013,3373
4043.0,7238,0,1,2,7.514194024207552,43.68734457032329,1054.2318415814902,3406
4044.0,7235,0,1,4,7.477171462164754,43.94388389771942,1054.9808136275544,3425
4045.0,7233,0,0,2,7.458955001699688,44.22411171021706,1055.7505381683866,3437
4046.0,7234,0,1,0,7.430334098287165,44.43737904340614,1056.2552266197429,3459
4047.0,7232,0,1,3,7.39482925493098,44.732439159292035,1056.5690425115627,3509
4048.0,7229,0,0,3,7.3751134410807735,45.02310139715037,1057.3624614670205,3513
4049.0,7226,0,0,3,7.340256983574484,45.27345696097426,1058.08605740509,3528
4050.0,7224,0,0,2,7.3023875804506195,45.51453488372093,1058.8583835066838,3552
4051.0,7222,0,0,2,7.342282774820085,44.59000276931598,1059.6134566047717,3359
4052.0,7221,0,0,1,7.418544772631823,43.90721506716521,1060.3369336892363,3232
4053.0,7217,0,0,4,7.507708759282381,43.41845642233615,1061.3158876672117,3119
4054.0,7214,0,0,3,7.613589587567937,42.99611865816468,1062.019873965539,3006
4055.0,7212,0,0,2,7.740740185973976,42.63491403216861,1062.7929967152634,2931
4056.0,7213,0,1,0,7.875736608733222,42.3890198253154,1063.263472096024,2894
4057.0,7211,0,0,2,8.011011570471581,42.222437942033004,1064.152476507457,2816
4058.0,7209,0,0,2,8.125112945360042,41.93882646691635,1064.7584176500989,2765
4059.0,7208,0,0,1,8.22152695053762,41.72780244173141,1065.4429418620716,2717
4060.0,7207,0,1,2,8.304539912945728,41.6356320244207,1066.0339556674664,2692
4061.0,7206,0,0,1,8.379074947881207,41.53108520677213,1066.675885210634,2652
4062.0,7203,0,0,3,8.440683361851411,41.44578647785645,1067.446134972163,2622
4063.0,7200,0,0,3,8.488453349873579,41.346944444444446,1068.1826832073432,2601
4064.0,7197,0,0,3,8.536049065905681,41.24538001945255,1068.6310999123712,2584
4065.0,7195,0,1,3,8.575819344478905,41.141348158443364,1069.0101308196733,2569
4066.0,7191,0,0,4,8.613134605069204,41.03365317758309,1069.4890782853045,2541
4067.0,7188,0,0,3,8.62167306380633,40.93976071229827,1070.2104982125716,2539
4068.0,7187,0,0,1,8.623254940068776,40.88840962849589,1070.856275486872,2544
4069.0,7185,0,0,2,8.625575330159236,40.88990953375087,1071.4500566931583,2525
4070.0,7184,0,0,1,8.627184483103958,40.84883073496659,1071.9472359204076,2521
4071.0,7183,0,0,1,8.624366711831469,40.86412362522623,1072.4408927276036,2523
4072.0,7183,0,0,0,8.629590061761963,40.9249617151608,1073.0033288863165,2526
4073.0,7182,0,0,1,8.634371282232921,40.914230019493175,1073.6328828909898,2513
4074.0,7180,0,1,3,8.623601550759352,40.90139275766017,1073.9935231673132,2507
4075.0,7180,0,0,0,8.625080832082133,40.8824512534819,1074.5562478853778,2505
4076.0,7178,0,0,2,8.613730109381677,40.92992477013095,1075.0603617058966,2504
4077.0,7176,0,1,3,8.604358832702067,40.95847268673356,1075.3302631518939,2514
4078.0,7176,0,1,1,8.605246144474231,40.967948717948715,1075.6527329344196,2519
4079.0,7174,0,0,2,8.588510965350634,41.015054362977416,1076.1711502115297,2528
4080.0,7171,0,0,3,8.564915293630877,40.99400362571468,1076.9254187103654,2519
4081.0,7169,0,0,2,8.556572555434885,41.02092342028177,1077.6605851221188,2519
4082.0,7164,0,0,5,8.538588482296293,41.07035175879397,1078.5030411282626,2529
4083.0,7161,0,1,4,8.516562702147905,41.04259181678537,1079.0898656688305,2528
4084.0,7160,0,0,1,8.517134529076088,40.99357541899441,1079.6191454260106,2538
4085.0,7157,0,0,3,8.512994779422428,40.945088724325835,1080.4935409308707,2538
4086.0,7156,0,0,1,8.496188257815312,40.88010061486864,1081.206229433001,2550
4087.0,7154,0,0,2,8.475875032894535,40.93751747274252,1081.8690801897799,2571
4088.0,7154,0,1,1,8.456509432316583,40.952753704221415,1082.3329977327332,2584
4089.0,7156,0,2,0,8.425309224985428,40.89337618781442,1082.6053989416916,2603
4090.0,7155,0,0,1,8.39397510544746,40.93109713487072,1083.2045504877979,2606
4091.0,7154,0,0,1,8.355650222691706,40.99245177523064,1083.7081908338132,2626
4092.0,7152,0,0,2,8.312291904981656,41.05830536912752,1084.3678621994352,2630
4093.0,7151,0,1,2,8.27564835345297,41.17466088658929,1084.7676766980392,2663
4094.0,7150,0,0,1,8.22785386722344,41.206013986013986,1085.4485071677102,2674
4095.0,7149,0,1,2,8.186942458346552,41.270807105888935,1085.8376296831486,2691
4096.0,7147,0,0,2,8.162080572806666,41.26108856863019,1086.4069171719627,2707
4097.0,7142,0,0,5,8.116711118989477,41.31671800616074,1087.1370152261181,2708
4098.0,7142,0,0,0,8.083133551760584,41.38056566788015,1087.7353484422765,2725
4099.0,7136,0,1,7,8.033155044661955,41.45361547085202,1088.3435189204,2738
4100.0,7133,0,0,3,7.998634182199357,41.54451142576756,1088.7876818611442,2765
4101.0,7132,0,0,1,7.979848330504191,41.641895681435784,1089.429138794118,2787
4102.0,7127,0,0,5,7.951727331501278,41.72260418128245,1090.190690830381,2814
4103.0,7129,0,3,1,7.931752448222705,41.83055126946276,1090.278783453664,2841
4104.0,7128,0,1,2,7.911903765077328,41.93700897867564,1090.8326700717307,2866
4105.0,7127,0,0,1,7.895616221421926,42.10340956924372,1091.5785779210814,2893
4106.0,7126,0,1,2,7.863654991223108,42.25596407521751,1091.9910810547187,2912
4107.0,7123,0,0,3,7.833674252746174,42.36389161869999,1092.983640516894,2931
4108.0,7120,0,0,3,7.8020473735925595,42.54691011235955,1093.436670484322,2964
4109.0,7119,0,0,1,7.765213612556144,42.680011237533364,1093.9877664197863,2987
4110.0,7118,0,0,1,7.739211437306292,42.84040460803597,1094.7328174780248,3019
4111.0,7116,0,0,2,7.713237700820073,42.95165823496346,1095.3143091338845,3037
4112.0,7113,0,0,3,7.680757008131657,43.17728103472515,1095.7537645569562,3070
4113.0,7111,0,0,2,7.648770520618879,43.36886513851779,1096.6008552980136,3074
4114.0,7110,0,1,2,7.615667700945634,43.52067510548523,1097.0708211257495,3100
4115.0,7109,0,0,1,7.598799858561073,43.71599381066254,1097.811854368001,3133
4116.0,7109,0,0,0,7.577587563919786,43.91320860880574,1098.4462013310006,3148
4117.0,7110,0,1,0,7.561684527944736,44.13023909985935,1098.9272851948542,3175
4118.0,7110,0,0,0,7.544888950633626,44.3676511954993,1099.5638979779908,3198
4119.0,7108,0,0,2,7.522523150017455,44.587366347777156,1100.3330032592144,3224
4120.0,7107,0,0,1,7.496741335014145,44.81426762346982,1100.826569596596,3247
4121.0,7105,0,0,2,7.4760312686702255,45.02899366643209,1101.2494515451122,3251
4122.0,7105,0,0,0,7.46286648823576,45.272484166080226,1101.8929294237596,3280
4123.0,7104,0,0,1,7.436529245483618,45.503659909909906,1102.4764534929805,3296
4124.0,7102,0,1,3,7.4118990553792266,45.75781470008448,1103.304776993802,3305
4125.0,7100,0,0,2,7.387352682116926,46.017042253521126,1103.8418948421274,3331
4126.0,7100,0,1,1,7.370879892123833,46.27084507042254,1104.2871493443763,3348
4127.0,7095,0,0,5,7.338523047878776,46.55165609584214,1104.7577506820144,3377
4128.0,7092,0,0,3,7.320445641242462,46.8262831359278,1105.4395147970506,3402
4129.0,7088,0,0,4,7.285961986629077,47.10849322799097,1106.1603058008884,3415
4130.0,7086,0,0,2,7.270761446735006,47.40826982782952,1106.520254618436,3435
4131.0,7086,0,0,0,7.261519927448965,47.681625740897545,1107.175952402774,3462
4132.0,7085,0,0,1,7.251078952956771,47.98588567395907,1107.7939854727706,3477
4133.0,7085,0,0,0,7.236992046721844,48.27113620324629,1108.452439012236,3496
4134.0,7082,0,0,3,7.2245108662952475,48.585427845241455,1108.9864638490483,3521
4135.0,7081,0,0,1,7.1991625258376555,48.917102104222565,1109.5744943161583,3518
4136.0,7078,0,0,3,7.172344517419195,49.231280022605254,1110.229894590689,3538
4137.0,7077,0,0,1,7.1492003724358435,49.5492440299562,1110.9234424847302,3576
4138.0,7074,0,0,3,7.124636768269822,49.85609273395533,1111.757960276639,3581
4139.0,7071,0,0,3,7.094529994863868,50.18017253570923,1112.6986353843918,3606
4140.0,7068,0,0,3,7.068103964335926,50.508347481607245,1113.6804386322835,3623
4141.0,7067,0,1,2,7.102324742698537,49.47842082920617,1114.2331958771633,3422
4142.0,7066,0,1,2,7.173389460788973,48.755307104443816,1114.937232576369,3262
4143.0,7064,0,0,2,7.2862450773121425,48.19705549263873,1115.622116156714,3140
4144.0,7063,0,0,1,7.401979075624203,47.740336967294354,1116.3469762711813,3035
4145.0,7062,0,0,1,7.533579718300249,47.371707731520814,1117.0655093649277,2987
4146.0,7060,0,0,2,7.664308253179159,47.01983002832861,1117.8980175049833,2918
4147.0,7060,0,0,0,7.786630950393845,46.780594900849856,1118.515958072437,2859
4148.0,7059,0,0,1,7.890790802059257,46.49709590593569,1119.2780090527729,2801
4149.0,7059,0,0,0,7.992572128079522,46.25145204703216,1119.879788236067,2753
4150.0,7058,0,0,1,8.065573572241721,46.124964579200906,1120.6164771730769,2728
4151.0,7057,0,0,1,8.128954752664267,45.96754995040386,1121.3312596831763,2710
4152.0,7058,0,1,0,8.182069902632463,45.87106829130065,1121.759639073322,2691
4153.0,7057,0,0,1,8.231313561194481,45.69973076378064,1122.4680426019345,2662
4154.0,7057,0,0,0,8.281474652605112,45.59756270369846,1123.0477467791443,2644
4155.0,7054,0,0,3,8.314979339156025,45.509498157074,1124.0583289950405,2630
4156.0,7054,0,0,0,8.356748789524787,45.37652395803799,1124.6322461286936,2616
4157.0,7053,0,0,1,8.389188249567697,45.28824613639586,1125.1789699175915,2604
4158.0,7050,0,0,3,8.410478290278464,45.21787234042553,1125.7824698720342,2587
4159.0,7049,0,0,1,8.434625298955462,45.084551000141865,1126.3278513169678,2568
4160.0,7047,0,0,2,8.457235102605797,44.93259543067972,1126.833968102974,2565
4161.0,7046,0,0,1,8.484411214345382,44.67243826284417,1127.5324652311053,2521
4162.0,7044,0,0,2,8.49835356307637,44.58191368540602,1128.2093128232946,2517
4163.0,7044,0,0,0,8.506044181551642,44.47245883021011,1128.7732538669186,2503
4164.0,7042,0,0,2,8.507131843670392,44.35799488781596,1129.414820169198,2502
4165.0,7042,0,0,0,8.498630467633708,44.181340528259014,1129.9798867854076,2491
4166.0,7039,0,0,3,8.492388900717572,44.12601221764455,1130.8138346096182,2480
4167.0,7038,0,0,1,8.494419199212658,44.009235578289285,1131.4803968221154,2482
4168.0,7038,0,0,0,8.493025204919581,43.92682580278488,1132.045059036221,2470
4169.0,7036,0,0,2,8.473944969869477,43.903922683342806,1132.8242225425352,2489
4170.0,7035,0,0,1,8.45702721042132,43.82942430703625,1133.4910653413508,2500
4171.0,7031,0,1,5,8.423164139778333,43.761484852794766,1134.0196278690782,2507
4172.0,7029,0,0,2,8.397173655632976,43.719590268886044,1134.414403734645,2523
4173.0,7026,0,0,3,8.379068899762592,43.759322516367774,1135.1060155230111,2526
4174.0,7019,0,0,7,8.344728192125856,43.699957258868785,1135.612081455654,2516
4175.0,7019,0,1,1,8.334601554594004,43.624305456617755,1136.1413037775287,2504
4176.0,7015,0,0,4,8.30579325257784,43.60470420527441,1137.0613511852068,2511
4177.0,7013,0,0,2,8.29617843704819,43.54627121060887,1137.4572952309372,2516
4178.0,7012,0,0,1,8.261191178477317,43.515544780376494,1137.9570821131783,2549
4179.0,7008,0,0,4,8.230777003665086,43.636843607305934,1138.5453546800084,2559
4180.0,7007,0,0,1,8.200834924263663,43.58512915655773,1138.9641368585796,2573
4181.0,7007,0,0,0,8.171472740578116,43.60996146710433,1139.550446322581,2606
4182.0,7003,0,0,4,8.117588300965851,43.65043552763102,1140.5860268987888,2609
4183.0,7002,0,0,1,8.080321582291596,43.67852042273636,1141.270017239422,2642
4184.0,6998,0,0,4,8.041316277475756,43.68748213775364,1141.7866736858532,2650
4185.0,6997,0,0,1,8.016514644829448,43.678719451193366,1142.3227080255983,2664
4186.0,6996,0,0,1,7.987249178210017,43.60334476843911,1143.023019144476,2671
4187.0,6991,0,1,6,7.931333196485335,43.55399799742526,1143.2166245141316,2664
4188.0,6991,0,0,0,7.915219872642452,43.510513517379486,1143.81827186295,2672
4189.0,6988,0,0,3,7.904042596139626,43.517029192902115,1144.2601290183377,2694
4190.0,6989,0,1,0,7.893108451852235,43.47875232508227,1144.6996118949544,2694
4191.0,6985,0,0,4,7.86475851587505,43.56506800286328,1145.3628661557188,2704
4192.0,6982,0,1,4,7.842780211929511,43.64293898596391,1145.3619301980375,2726
4193.0,6980,0,0,2,7.831249204378624,43.78151862464183,1146.003890629154,2748
4194.0,6979,0,0,1,7.821781392401479,43.83063476142714,1146.692136178824,2779
4195.0,6976,0,2,5,7.781787636581811,43.929615825688074,1147.0286623804516,2802
4196.0,6975,0,1,2,7.7610831895867465,44.013189964157704,1147.4147269388186,2811
4197.0,6976,0,1,0,7.745951980480605,44.08959288990825,1147.8645522343015,2833
4198.0,6976,0,1,1,7.730182254944548,44.169294724770644,1148.43361887697,2857
4199.0,6975,0,0,1,7.711421177912452,44.24043010752688,1149.0005821140749,2879
4200.0,6972,0,1,4,7.6888656889548646,44.349254159495125,1149.7064571373026,2904
4201.0,6972,0,0,0,7.673129815477383,44.38798049340218,1150.3262812956373,2917
4202.0,6971,0,2,3,7.646389126425223,44.55874336537082,1150.943006433356,2952
4203.0,6971,0,1,1,7.627459097048013,44.66461052933582,1151.3572468818986,2976
4204.0,6970,0,1,2,7.604239432492165,44.806169296987086,1151.8174415775363,2989
4205.0,6963,0,0,7,7.59439984488091,44.998563837426396,1152.6182978735949,3013
4206.0,6964,0,3,2,7.56582075508877,45.15307294658243,1152.6648887547628,3041
4207.0,6963,0,1,2,7.538286553046533,45.25951457705012,1153.34919591065,3055
4208.0,6960,0,0,3,7.512688683034552,45.39037356321839,1154.0238656712745,3062
4209.0,6959,0,1,2,7.496161771646804,45.50912487426354,1154.484299312899,3080
4210.0,6955,0,1,5,7.4704825346422306,45.70337886412653,1155.0660450219902,3115
4211.0,6954,0,0,1,7.460072424881346,45.83620937589876,1155.8207937005259,3113
4212.0,6950,0,0,4,7.442630144124456,45.99985611510791,1156.434802228357,3122
4213.0,6951,0,1,0,7.43070629861095,46.08200258955546,1156.9078164118825,3124
4214.0,6949,0,0,2,7.396350324591951,46.2213268096129,1157.3469466995896,3153
4215.0,6948,0,1,2,7.373506442025066,46.44991364421416,1158.003942298856,3176
4216.0,6946,0,0,2,7.3474407338789876,46.59818600633458,1158.7404134339624,3180
4217.0,6945,0,1,2,7.318859078681383,46.80921526277898,1159.2065497916174,3201
4218.0,6943,0,0,2,7.303533549225254,46.99625522108599,1159.9719530344937,3229
4219.0,6941,0,0,2,7.29226187932934,47.15732603371272,1160.8208154976915,3234
4220.0,6941,0,0,0,7.266908301077092,47.272006915430055,1161.473091138042,3259
4221.0,6939,0,0,2,7.258567148768758,47.48047269058942,1161.8960537951111,3280
4222.0,6936,0,0,3,7.244241635078126,47.70227797001154,1162.40126170979,3300
4223.0,6933,0,0,3,7.224537515021754,47.93754507428242,1162.9477494763337,3315
4224.0,6931,0,0,2,7.191627263957864,48.22969268503823,1163.5480200802945,3350
4225.0,6930,0,0,1,7.174849200244721,48.444155844155844,1164.1238152416317,3371
4226.0,6929,0,1,2,7.158998891306482,48.632125847885696,1164.4169820324678,3374
4227.0,6928,0,0,1,7.1419022483350885,48.87413394919169,1165.1788050861928,3392
4228.0,6926,0,0,2,7.112539598036821,49.0965925498123,1165.993428205488,3407
4229.0,6926,0,0,0,7.097473304696294,49.40571758590817,1166.6573351402888,3429
4230.0,6925,0,0,1,7.072233991404166,49.65516245487365,1167.4345795047445,3446
4231.0,6925,0,1,1,7.111598254724353,48.58685920577617,1168.0246157522956,3241
4232.0,6922,0,0,3,7.172985663036667,47.95882692863334,1168.921378759461,3121
4233.0,6921,0,0,1,7.269131353877093,47.41626932524202,1169.6724450169986,3005
4234.0,6920,0,0,1,7.380705166839319,46.94378612716763,1170.3448868598218,2911
4235.0,6921,0,1,0,7.499803279628636,46.59297789336801,1170.8102230097309,2818
4236.0,6920,0,0,1,7.635447024587528,46.371820809248554,1171.507807091161,2768
4237.0,6918,0,0,2,7.755798004818038,46.183434518647005,1172.1287389296817,2715
4238.0,6917,0,0,1,7.875996374614558,45.96139945062888,1172.900154364039,2663
4239.0,6916,0,1,2,7.984888951581962,45.855552342394446,1173.515034979101,2632
4240.0,6913,0,0,3,8.069786725290538,45.63098510053522,1173.9229967926863,2593
4241.0,6912,0,0,1,8.161325725711949,45.421151620370374,1174.4035043266317,2566
4242.0,6911,0,1,2,8.216319143666471,45.28751266097526,1174.5139325581179,2547
4243.0,6911,0,0,0,8.274710647281815,45.031688612357115,1175.093444479549,2514
4244.0,6909,0,0,2,8.326396599417713,44.76161528441164,1175.515718196212,2496
4245.0,6909,0,0,0,8.359010949801286,44.65291648574323,1176.087595533633,2475
4246.0,6908,0,0,1,8.407730849480528,44.52620150550087,1176.741756579881,2471
4247.0,6905,0,1,4,8.438356491173623,44.35018102824041,1177.6435748722602,2454
4248.0,6905,0,0,0,8.472095235887288,44.09181752353367,1178.2089954936935,2410
4249.0,6904,0,0,1,8.50052762966989,43.8944090382387,1178.936539792801,2404
4250.0,6903,0,0,1,8.521636635206786,43.70737360567869,1179.5535075776816,2383
4251.0,6902,0,0,1,8.51502676778494,43.503767024051,1180.236693860058,2383
4252.0,6903,0,1,0,8.506552457816216,43.456468202230916,1180.6280522443158,2383
4253.0,6901,0,0,2,8.507728484347055,43.32009853644399,1181.151852975262,2380
4254.0,6901,0,1,1,8.496460947347808,43.203448775539776,1181.5378817375124,2387
4255.0,6898,0,0,3,8.483905612002964,43.15236300376921,1182.0425899403167,2383
4256.0,6897,0,1,2,8.468886500028463,43.03189792663477,1182.5603050164661,2392
4257.0,6896,0,1,2,8.448620835367956,43.02595707656612,1182.9459321076254,2400
4258.0,6894,0,0,2,8.41674861144621,42.87496373658254,1183.798827568205,2401
4259.0,6893,0,1,2,8.399107078332621,42.7208762512694,1184.2202755119579,2393
4260.0,6891,0,0,2,8.381962298585508,42.60339573356552,1184.970917713109,2398
4261.0,6889,0,0,2,8.36442851252347,42.55334591377559,1185.7634794598218,2394
4262.0,6889,0,1,1,8.350086048306052,42.42618667440848,1186.101574546489,2405
4263.0,6888,0,1,2,8.324518053864828,42.25711382113821,1186.4191682240692,2410
4264.0,6887,0,1,2,8.301206594414507,42.134746624074346,1186.5261302919423,2413
4265.0,6886,0,0,1,8.276891487858816,42.186029625326746,1186.9913348012421,2431
4266.0,6886,0,1,1,8.258240978158936,42.084228870171366,1187.296779494683,2442
4267.0,6884,0,1,3,8.234490708776416,42.070598489250436,1188.002751655888,2456
4268.0,6881,0,0,3,8.206452015223343,42.02107251852928,1188.7075424500706,2454
4269.0,6878,0,0,3,8.185654448144463,41.92134341378308,1189.415238305722,2458
4270.0,6876,0,1,3,8.157176751568805,41.89252472367656,1190.2450370182582,2461
4271.0,6872,0,0,4,8.122037697394237,41.953434225844006,1191.1619817157723,2488
4272.0,6870,0,1,3,8.08171026070619,41.92954876273654,1191.3916356358536,2486
4273.0,6869,0,2,3,8.034530736179526,41.89023147474159,1191.8225731415562,2526
4274.0,6867,0,0,2,7.98620799577107,41.9654871122761,1192.5345803690232,2539
4275.0,6865,0,0,2,7.9418426125710155,42.04195193008012,1193.1415428312453,2579
4276.0,6864,0,0,1,7.9084714520653,41.943327505827504,1193.8745905151375,2594
4277.0,6860,0,0,4,7.870156773785062,41.87900874635569,1194.5899363985143,2598
4278.0,6860,0,1,1,7.848839273297942,41.70276967930029,1194.949807662034,2618
4279.0,6857,0,1,4,7.821065429621753,41.76272422342132,1195.4375887673093,2616
4280.0,6853,0,0,4,7.806979479444129,41.72581351233037,1195.914136125028,2639
4281.0,6851,0,1,3,7.792841437536009,41.61596847175595,1196.1144182935545,2650
4282.0,6850,0,1,2,7.772469043356096,41.55576642335767,1196.6876347516543,2663
4283.0,6848,0,0,2,7.745504032526221,41.60572429906542,1197.3938195201777,2693
4284.0,6845,0,0,3,7.724830603575856,41.718188458728996,1198.0771807930369,2701
4285.0,6844,0,1,2,7.6980365753058875,41.767971946230276,1198.7308648690257,2720
4286.0,6840,0,1,5,7.662272421517414,41.744590643274854,1199.306415882511,2741
4287.0,6839,0,0,1,7.636517253660142,41.872642199151926,1200.0377888769,2767
4288.0,6837,0,0,2,7.603033998522063,41.96489688459851,1200.785031225246,2795
4289.0,6838,0,2,1,7.5786112660260345,41.98947060544019,1201.0501874565819,2825
4290.0,6835,0,0,3,7.556718498892947,42.108851499634234,1201.8139293636634,2844
4291.0,6835,0,2,2,7.514993906895804,42.198536942209216,1202.0967287805859,2851
4292.0,6836,0,1,0,7.483337024663333,42.30471035693388,1202.5509412492659,2878
4293.0,6835,0,0,1,7.456970642027687,42.38419897585955,1203.3474728157767,2897
4294.0,6833,0,1,3,7.420216489674337,42.496707156446654,1203.7456628609007,2929
4295.0,6834,0,1,0,7.393521490440056,42.63681592039801,1204.2057842495196,2943
4296.0,6831,0,1,4,7.350819627291659,42.806909676474895,1204.6371432725955,2977
4297.0,6829,0,1,3,7.310917321122299,42.937326109240004,1205.4148982459697,2992
4298.0,6828,0,1,2,7.280910440190401,43.05711775043937,1206.0409410685247,3019
4299.0,6824,0,0,4,7.2391531233265525,43.20677022274326,1206.5755634961831,3050
4300.0,6826,0,2,0,7.208972803005177,43.255054204512156,1206.870216790889,3080
4301.0,6825,0,0,1,7.18482752857636,43.40395604395604,1207.5732388509066,3093
4302.0,6822,0,1,4,7.142284185979048,43.598211668132514,1208.1745467903993,3098
4303.0,6819,0,0,3,7.091541819590891,43.85863029769761,1209.0681002610074,3144
4304.0,6818,0,1,2,7.054664679669583,44.049867996479904,1209.4929063810418,3159
4305.0,6816,0,1,3,7.0204763649438515,44.214642018779344,1210.3542484915056,3180
4306.0,6813,0,0,3,6.996253372688005,44.40569499486276,1211.2492317314284,3213
4307.0,6812,0,0,1,6.953087121590516,44.59116265413975,1211.84763927533,3221
4308.0,6812,0,1,1,6.910306619932555,44.75308279506753,1212.455018194681,3258
4309.0,6812,0,0,0,6.8811908046170895,45.0086611861421,1213.1244491039793,3286
4310.0,6812,0,1,1,6.853691953850968,45.23678802113917,1213.5605403106526,3312
4311.0,6810,0,0,2,6.812929127973893,45.49603524229075,1214.1341732516084,3344
4312.0,6809,0,2,3,6.785891318611438,45.729769422822734,1214.5800170133964,3357
4313.0,6808,0,0,1,6.7644543084326685,46.025411280846065,1215.229909136433,3367
4314.0,6807,0,0,1,6.739477428865342,46.24607022183047,1215.851241174292,3368
4315.0,6808,0,1,0,6.715887490899579,46.4581374853114,1216.3506599664693,3386
4316.0,6807,0,0,1,6.6818510714180706,46.70589099456442,1216.9724678708135,3390
4317.0,6807,0,1,1,6.654923233339983,47.01204642280006,1217.306680036416,3416
4318.0,6807,0,0,0,6.61958415624838,47.259585720581754,1217.9891005327554,3418
4319.0,6806,0,1,2,6.602713235398629,47.494122832794595,1218.6246718172727,3441
4320.0,6807,0,1,0,6.590481120741173,47.743793154106065,1219.1289300626474,3442
4321.0,6805,0,0,2,6.630926057790406,46.82498163115356,1220.0903886512115,3250
4322.0,6802,0,0,3,6.7061095431641355,46.20023522493384,1220.7656444546794,3120
4323.0,6800,0,1,3,6.801841817214138,45.72779411764706,1221.6823934330102,3007
4324.0,6796,0,0,4,6.917438504179566,45.209976456739255,1222.2190637915562,2894
4325.0,6793,0,1,4,7.047016924161748,44.83954070366554,1223.0956557727982,2808
4326.0,6789,0,1,5,7.173861221838068,44.61673295036088,1224.1282386962205,2741
4327.0,6785,0,0,4,7.300665103144627,44.36698599852616,1225.1123168461932,2686
4328.0,6785,0,1,1,7.415186313964817,44.07059690493736,1225.4848824092974,2625
4329.0,6781,0,1,5,7.492611631390002,43.89352602860935,1225.8870330567001,2599
4330.0,6781,0,0,0,7.58568432080051,43.70092906650937,1226.4974336653797,2572
4331.0,6777,0,0,4,7.648143958078478,43.58787073926516,1227.3218535614233,2545
4332.0,6773,0,0,4,7.6964114637705165,43.54953491805699,1227.8740851567584,2537
4333.0,6773,0,1,1,7.740532810218199,43.41990255425956,1228.4610415808474,2528
4334.0,6774,0,1,0,7.792780501762429,43.22999704753469,1228.8745358166084,2515
4335.0,6774,0,0,0,7.837386508755067,43.06687333923826,1229.4665981015169,2482
4336.0,6771,0,0,3,7.873970814807025,42.93841382365972,1229.6949018060327,2483
4337.0,6770,0,0,1,7.903303006092955,42.69660265878878,1230.1501751749702,2448
4338.0,6770,0,1,1,7.919492105545277,42.63796159527327,1230.7260062419707,2436
4339.0,6768,0,0,2,7.922133094190914,42.616873522458626,1231.2494907091623,2427
4340.0,6768,0,1,1,7.908440915954916,42.50295508274232,1231.5264874147326,2424
4341.0,6767,0,0,1,7.901614233401952,42.36574552977686,1232.1148177750165,2407
4342.0,6767,0,1,1,7.898819008742015,42.3063395891828,1232.5836186708862,2414
4343.0,6766,0,0,1,7.890573919722386,42.167898315104935,1233.194651642539,2377
4344.0,6763,0,0,3,7.874508968411908,42.182315540440634,1234.0704266063287,2391
4345.0,6760,0,0,3,7.861821658096681,42.11715976331361,1234.5304894097683,2411
4346.0,6759,0,0,1,7.8544287336361025,42.04926764314248,1235.0848474854,2403
4347.0,6757,0,0,2,7.8510793661755045,42.007843717626166,1235.7287769225734,2408
4348.0,6755,0,1,3,7.82740300520969,41.96180606957809,1235.9728377254241,2412
4349.0,6754,0,0,1,7.811220933504582,41.969055374592834,1236.6479754543943,2426
4350.0,6750,0,0,4,7.791836010585767,41.925925925925924,1237.162379751443,2412
4351.0,6746,0,0,4,7.775836862316064,41.84286984879929,1237.8682682014382,2423
4352.0,6742,0,0,4,7.762497814285251,41.84455651142094,1238.089206003679,2435
4353.0,6742,0,1,1,7.7493076260960105,41.75096410560664,1238.3579107179144,2444
4354.0,6738,0,1,5,7.725790142758643,41.65880083110715,1238.3628532810637,2445
4355.0,6736,0,0,2,7.698933264989131,41.61549881235155,1238.82995314804,2457
4356.0,6733,0,0,3,7.6677264391084865,41.60121788207337,1239.7442317610423,2459
4357.0,6731,0,0,2,7.641483801909552,41.53261031050364,1240.374988793605,2479
4358.0,6730,0,1,2,7.620831496490373,41.48306092124814,1240.8141601152272,2510
4359.0,6727,0,0,3,7.590570236604081,41.51360190277984,1241.6844694908189,2539
4360.0,6725,0,0,2,7.553200125894904,41.51717472118959,1242.394990060863,2534
4361.0,6723,0,0,2,7.512327669497073,41.53041796816897,1242.738361677208,2555
4362.0,6721,0,1,3,7.454767384780793,41.51718494271686,1243.078489485359,2556
4363.0,6719,0,0,2,7.414880725128266,41.57493674653966,1243.8843233106588,2582
4364.0,6718,0,0,1,7.378370757112155,41.69410538850848,1244.3941950955718,2599
4365.0,6716,0,1,3,7.329294558859361,41.805836807623585,1244.9912572831913,2625
4366.0,6715,0,1,2,7.2912102973232535,41.80282948622487,1245.559405229343,2639
4367.0,6712,0,0,3,7.264620864063314,41.871126340882,1246.2300354068623,2665
4368.0,6709,0,0,3,7.245935933946514,41.871217767178415,1247.2535385546616,2669
4369.0,6708,0,1,2,7.227919036256605,41.89683959451401,1247.8780652092978,2682
4370.0,6705,0,0,3,7.20193742467743,41.959880686055186,1248.8079365138078,2707
4371.0,6703,0,0,2,7.18614756878191,42.029240638520065,1249.386381217273,2730
4372.0,6700,0,1,4,7.170403334978119,42.11402985074627,1250.038536981638,2749
4373.0,6697,0,1,4,7.151324980599837,42.22442884873824,1250.7969848261682,2770
4374.0,6697,0,2,2,7.138642606262719,42.33268627743766,1251.291739140375,2791
4375.0,6695,0,0,2,7.137959129564827,42.438536221060495,1252.0218057950378,2799
4376.0,6693,0,0,2,7.131189962168177,42.59509935753773,1252.5925877895006,2821
4377.0,6692,0,1,2,7.122828434463303,42.77017334130305,1253.2064176590147,2820
4378.0,6692,0,2,2,7.108391680415278,42.97115959354453,1253.215235726739,2858
4379.0,6689,0,0,3,7.084001856973742,43.12752279862461,1253.49967220912,2884
4380.0,6689,0,2,2,7.072544377728558,43.32770219763791,1253.9863691742605,2910
4381.0,6688,0,1,2,7.051054167860645,43.498803827751196,1254.4364138980186,2937
4382.0,6685,0,0,3,7.026859025114571,43.68601346297682,1255.2584662073102,2946
4383.0,6685,0,2,2,6.99356870328681,43.82363500373972,1255.5171534021988,2964
4384.0,6685,0,1,1,6.976848723687075,44.0116679132386,1255.7951830939837,2968
4385.0,6683,0,1,3,6.954934513009119,44.24494987281161,1256.0748734709628,2989
4386.0,6683,0,1,1,6.9429507134893695,44.46102049977555,1256.5210129684067,3020
4387.0,6685,0,2,0,6.922676082643244,44.72535527299925,1256.795476524028,3061
4388.0,6684,0,0,1,6.892442584155331,44.976511071214844,1257.5377081000656,3091
4389.0,6686,0,2,0,6.869455369667924,45.212683218665866,1257.8163675748608,3085
4390.0,6685,0,0,1,6.834689869840618,45.46387434554974,1258.5629095688334,3117
4391.0,6685,0,1,1,6.807189755498435,45.75721765145849,1259.0939216468025,3140
4392.0,6682,0,0,3,6.7705703846211565,45.9992517210416,1259.7836993113526,3143
4393.0,6679,0,1,4,6.738115828295835,46.23386734541099,1260.6939425379906,3158
4394.0,6679,0,1,1,6.7094214953602,46.46983081299596,1261.2258624676126,3184
4395.0,6677,0,1,3,6.693016351559638,46.683240976486445,1261.7670184314043,3198
4396.0,6676,0,1,2,6.673746709213525,46.96120431396046,1262.1091979397304,3225
4397.0,6674,0,0,2,6.652970092881637,47.241684147437816,1262.7619695005476,3226
4398.0,6675,0,2,1,6.628136189110733,47.513258426966296,1263.202608231154,3251
4399.0,6674,0,1,2,6.6084989065580375,47.72715013485166,1263.6358708416192,3256
4400.0,6673,0,1,2,6.60275242468212,48.011389180278734,1264.0839840560475,3278
4401.0,6671,0,0,2,6.588188985419516,48.28616399340429,1264.5745794348811,3278
4402.0,6669,0,1,3,6.564046161723764,48.5300644774329,1265.2662782465839,3301
4403.0,6668,0,0,1,6.556760327338561,48.83128374325135,1265.9614285333766,3321
4404.0,6666,0,0,2,6.544276045808363,49.067506750675065,1266.827920424945,3319
4405.0,6663,0,0,3,6.527957618398459,49.37415578568213,1267.2720019604533,3340
4406.0,6663,0,1,1,6.523478101350578,49.59567762269248,1267.8356762749074,3362
4407.0,6658,0,0,5,6.505959543620304,49.92204866326224,1268.8959405735013,3353
4408.0,6657,0,0,1,6.501915029047559,50.200540784137,1269.6725949489585,3372
4409.0,6653,0,1,5,6.488357828817188,50.50819179317601,1270.2164355363852,3386
4410.0,6651,0,0,2,6.475795313630757,50.82153059690272,1271.07608856066,3401
4411.0,6650,0,0,1,6.531613930814059,49.849924812030075,1271.7799492538923,3199
4412.0,6648,0,0,2,6.6213329744021285,49.08243080625752,1272.5428881310213,3047
4413.0,6647,0,1,2,6.716125508194893,48.48728749811945,1273.3192293239647,2943
4414.0,6646,0,0,1,6.836382773993125,48.11239843514896,1274.057790135633,2856
4415.0,6645,0,0,1,6.982402502838427,47.80466516177577,1274.796552974362,2788
4416.0,6644,0,1,2,7.113894629186765,47.502408187838654,1275.4290623955746,2712
4417.0,6643,0,0,1,7.2509351224500405,47.24627427367153,1276.1988416719516,2638
4418.0,6642,0,0,1,7.379242543755047,47.113218909966875,1276.7991145512585,2627
4419.0,6642,0,1,1,7.457646923682066,47.06338452273412,1277.320764327498,2609
4420.0,6642,0,0,0,7.55116611133735,47.01234567901235,1277.9312577096423,2599
4421.0,6643,0,1,0,7.612795322936859,46.88574439259371,1278.345554949693,2572
4422.0,6640,0,0,3,7.662939520855482,46.862048192771084,1278.7348701620297,2570
4423.0,6639,0,1,2,7.716741623892361,46.809609881006175,1279.0416832917983,2567
4424.0,6638,0,0,1,7.749622038672076,46.80973184694185,1279.7767960383874,2581
4425.0,6638,0,0,0,7.780187700686403,46.76227779451642,1280.3707526312694,2568
4426.0,6637,0,1,2,7.7909166855950565,46.789664004821454,1280.881877806909,2577
4427.0,6636,0,0,1,7.803636988879913,46.770042194092824,1281.3544513324755,2567
4428.0,6635,0,0,1,7.8054462341240685,46.53293142426526,1281.7906167505748,2540
4429.0,6635,0,0,0,7.82049121220912,46.510625470987186,1282.3827097152944,2542
4430.0,6635,0,0,0,7.831220498003558,46.484400904295406,1282.9749941738335,2548
4431.0,6634,0,0,1,7.8342165775102615,46.47482665058788,1283.7494777612546,2546
4432.0,6634,0,0,0,7.851093424055941,46.42372625866747,1284.3413960641212,2520
4433.0,6633,0,0,1,7.863897193643097,46.48032564450475,1285.0270069616213,2520
4434.0,6631,0,0,2,7.873705399509229,46.52013270999849,1285.6588360880082,2526
4435.0,6631,0,1,1,7.870794443382739,46.48876489217312,1286.003841462462,2520
4436.0,6629,0,0,2,7.858149538823193,46.41243023080404,1286.6533582029472,2502
4437.0,6629,0,0,0,7.85433615654811,46.37667823201086,1287.2456824180224,2501
4438.0,6627,0,1,3,7.825468250312246,46.367436245661686,1287.8759967463006,2499
4439.0,6626,0,0,1,7.806496152130325,46.38439480833082,1288.5463007656012,2515
4440.0,6625,0,1,2,7.7852513130793675,46.16845283018868,1289.1026046063846,2486
4441.0,6624,0,0,1,7.7757752269650044,46.172252415458935,1289.6093981792385,2510
4442.0,6624,0,1,1,7.758359061584441,46.17044082125604,1290.0435913335152,2502
4443.0,6623,0,0,1,7.735957534159237,46.129246565000756,1290.615264918128,2520
4444.0,6622,0,0,1,7.710926640847285,46.12473572938689,1291.2633251670798,2533
4445.0,6621,0,1,2,7.69708449852639,46.08276695363238,1291.5223299833576,2539
4446.0,6621,0,1,1,7.681726625466088,46.04893520616221,1291.8351122358197,2555
4447.0,6618,0,0,3,7.6636567012577785,46.0749471139317,1292.2514806881718,2568
4448.0,6618,0,0,0,7.647458127349992,46.10441220912662,1292.8589937563734,2567
4449.0,6619,0,1,0,7.620467829224896,46.143375132195196,1293.2728555900317,2571
4450.0,6617,0,0,2,7.585208380992226,46.160193441136464,1293.9284670309596,2590
4451.0,6616,0,1,2,7.542365638596345,46.21886336154776,1294.6422137669308,2610
4452.0,6614,0,0,2,7.487873316006207,46.24039915331116,1295.2714378448065,2606
4453.0,6613,0,1,2,7.440781126707884,46.30107364282474,1295.7090035280435,2626
4454.0,6609,0,0,4,7.3906024244779935,46.39385686185505,1296.6441826604614,2623
4455.0,6607,0,1,3,7.345389656734453,46.47555622824277,1297.0851623508584,2642
4456.0,6604,0,0,3,7.302509416617576,46.51862507571169,1297.6411702449,2638
4457.0,6606,0,2,0,7.2739390979388245,46.49394489857705,1297.8769151129036,2645
4458.0,6604,0,0,2,7.255087939305398,46.534524530587525,1298.5268198469762,2640
4459.0,6601,0,0,3,7.2389665609649905,46.49795485532495,1299.256500641846,2636
4460.0,6599,0,0,2,7.245215115437274,46.50931959387786,1299.9887428357329,2650
4461.0,6600,0,2,1,7.2415889572181635,46.607424242424244,1300.1004280447337,2658
4462.0,6597,0,0,3,7.242160302929962,46.65802637562528,1301.0609771584293,2656
4463.0,6596,0,1,2,7.256983920432936,46.755609460278954,1301.6509409132534,2677
4464.0,6591,0,0,5,7.25672299889775,46.90122894856623,1302.5893972078284,2670
4465.0,6591,0,1,1,7.258289908392368,47.020027309968135,1303.1189925349986,2696
4466.0,6586,0,1,6,7.242417502935691,47.11767385362891,1303.8702006307108,2723
4467.0,6585,0,2,3,7.225161682532335,47.22095671981777,1303.9107891398332,2715
4468.0,6583,0,1,3,7.2071665217876975,47.391614765304574,1304.5266317526127,2733
4469.0,6582,0,1,2,7.1958115866314065,47.572774232756004,1305.0792077731992,2768
4470.0,6583,0,2,1,7.176523474056282,47.768190794470605,1305.4033699943384,2783
4471.0,6581,0,1,3,7.161544772415441,47.93116547637137,1305.8061529234542,2799
4472.0,6581,0,0,0,7.138305588440542,48.125512839993924,1306.4482394984489,2839
4473.0,6581,0,2,2,7.12334515044554,48.340069898191764,1306.6742329034146,2848
4474.0,6581,0,2,2,7.109213737138386,48.54961252089348,1306.9537089280552,2877
4475.0,6580,0,0,1,7.099542773209986,48.716413373860185,1307.777171254373,2902
4476.0,6581,0,3,2,7.073078895374686,48.891657802765536,1307.787853204894,2916
4477.0,6578,0,0,3,7.050099239584468,49.09334144116753,1308.3741062406098,2934
4478.0,6576,0,1,3,7.022661136895492,49.32360097323601,1308.8196022156042,2945
4479.0,6576,0,1,1,6.996369761628084,49.55094282238443,1309.4164588296119,2981
4480.0,6573,0,1,4,6.952005755327324,49.84101627871596,1310.015887687874,3009
4481.0,6574,0,1,0,6.935420128015405,50.06890781867965,1310.47338686158,3025
4482.0,6573,0,2,3,6.892469361813632,50.367868553172066,1310.8255215199556,3077
4483.0,6569,0,0,4,6.858659476210635,50.556249048561426,1311.391382753351,3093
4484.0,6566,0,0,3,6.827647725962431,50.86978373438928,1312.2205189079214,3121
4485.0,6566,0,2,2,6.801535403682779,51.14575083764849,1312.458498943874,3130
4486.0,6563,0,0,3,6.777537269241167,51.46167911016303,1313.317014327591,3148
4487.0,6560,0,1,4,6.757008859924581,51.740396341463416,1313.8469813455074,3168
4488.0,6559,0,0,1,6.736511139033406,51.98094221680134,1314.6110737174856,3184
4489.0,6559,0,2,2,6.702090158286728,52.318646135081565,1315.039455598663,3210
4490.0,6557,0,0,2,6.682848640095679,52.58898886685984,1316.0247422686846,3220
4491.0,6558,0,1,0,6.662763558050714,52.77127172918573,1316.4979135761682,3243
4492.0,6555,0,0,3,6.641651294166985,53.088024408848206,1317.4200370127705,3250
4493.0,6554,0,0,1,6.624426777769011,53.36344217271895,1317.9819098939447,3261
4494.0,6553,0,0,1,6.608111032692728,53.66152907065466,1318.677277405146,3283
4495.0,6551,0,0,2,6.587422575133257,53.900473210196914,1319.3284920196309,3290
4496.0,6551,0,1,1,6.560160793795555,54.19203175087773,1319.8254367638494,3295
4497.0,6550,0,0,1,6.528998573948621,54.45954198473282,1320.5999542253999,3304
4498.0,6550,0,0,0,6.505223981316796,54.757557251908395,1321.283791975199,3317
4499.0,6552,0,2,0,6.481776203725434,55.0218253968254,1321.5656996299867,3333
4500.0,6549,0,0,3,6.465362089934801,55.23499770957398,1322.5916829369637,3327
4501.0,6547,0,0,2,6.490042165366024,54.33282419428746,1323.310324744805,3160
4502.0,6546,0,0,1,6.565628475025142,53.807821570424686,1324.142608375697,3036
4503.0,6544,0,1,3,6.648093521245358,53.40418704156479,1324.557107658309,2924
4504.0,6542,0,0,2,6.752878807660582,53.09461938245185,1325.336833674211,2836
4505.0,6540,0,1,3,6.874834858508748,52.83012232415902,1326.1678160552665,2758
4506.0,6536,0,0,4,7.003563144031405,52.58981028151775,1327.0958252947944,2688
4507.0,6534,0,0,2,7.129634319816932,52.3391490664218,1327.4820146938018,2635
4508.0,6533,0,1,2,7.239224805068246,52.223480789836216,1327.6934048361713,2613
4509.0,6532,0,0,1,7.335223000125486,52.192743417023884,1328.231586156805,2584
4510.0,6531,0,0,1,7.417080264399529,52.07410809983157,1328.820001880963,2565
4511.0,6527,0,1,5,7.477006749249623,52.09529646085491,1329.5866609839827,2562
4512.0,6527,0,0,0,7.532569380759044,51.96093151524437,1330.195590366069,2539
4513.0,6525,0,0,2,7.57629639403208,51.87800766283525,1331.0087511993213,2529
4514.0,6526,0,1,0,7.618143311834888,51.70410665032179,1331.4073458811206,2505
4515.0,6524,0,0,2,7.663648783826868,51.60683629675046,1331.6674529804372,2479
4516.0,6522,0,0,2,7.6966966127585446,51.54415823367065,1332.371294086861,2472
4517.0,6521,0,0,1,7.717090572886968,51.56632418340745,1332.942244148225,2473
4518.0,6518,0,0,3,7.734584616445657,51.47115679656336,1333.4846624362212,2443
4519.0,6515,0,0,3,7.741551511710824,51.40015349194167,1334.0417667791305,2422
4520.0,6512,0,0,3,7.736215952843634,51.40694103194103,1334.7064155719265,2427
4521.0,6512,0,0,0,7.745120558655686,51.3161855036855,1335.2994837664858,2429
4522.0,6512,0,1,1,7.740029927695695,51.29161547911548,1335.721859754594,2423
4523.0,6510,0,0,2,7.731365638881944,51.30138248847926,1336.4227588148829,2435
4524.0,6509,0,0,1,7.715597018663925,51.26824396988785,1336.8420382423087,2432
4525.0,6506,0,0,3,7.712019520881489,51.28158622809714,1337.7339636730694,2431
4526.0,6505,0,0,1,7.708166888628202,51.26702536510377,1338.3731630884718,2438
4527.0,6505,0,1,1,7.69649887546964,51.26856264411991,1338.7075373057642,2442
4528.0,6504,0,0,1,7.6777165430638386,51.21140836408364,1339.253918890409,2443
4529.0,6504,0,1,1,7.6601424744835995,50.98416359163592,1339.5919769592845,2437
4530.0,6504,0,0,0,7.629344307396861,50.929274292742925,1340.1931800072193,2441
4531.0,6503,0,1,2,7.598471840451441,50.851606950638164,1340.6722414396452,2454
4532.0,6502,0,0,1,7.562432967093566,50.83912642263919,1341.2589589372774,2461
4533.0,6501,0,0,1,7.538604354567713,50.89124750038456,1341.8998676858164,2489
4534.0,6501,0,1,1,7.505808136073796,50.91278264882326,1342.3608097734218,2494
4535.0,6499,0,1,3,7.46613558877024,50.99353746730266,1343.1656907967101,2516
4536.0,6497,0,0,2,7.431230859816893,50.963059873787905,1343.8393692348527,2531
4537.0,6496,0,1,2,7.395521952572526,50.94858374384236,1343.9475202359654,2538
4538.0,6494,0,0,2,7.355513226894383,51.05712965814598,1344.6788963545202,2558
4539.0,6494,0,0,0,7.319125791925399,51.105174006775485,1345.2985607009034,2561
4540.0,6493,0,0,1,7.276324077556582,51.141383027876174,1345.8425237454708,2581
4541.0,6494,0,1,0,7.238745934167649,51.117801047120416,1346.2605404070953,2603
4542.0,6492,0,0,2,7.204215943403669,51.20902649414664,1347.080659311211,2630
4543.0,6490,0,0,2,7.165503232986565,51.31879815100154,1347.4186550387903,2639
4544.0,6488,0,1,3,7.136282387414679,51.39765721331689,1348.01021566837,2666
4545.0,6487,0,0,1,7.099506744251534,51.41868352088793,1348.7925182905067,2684
4546.0,6485,0,1,3,7.073415469223651,51.41680801850424,1349.3057959704256,2672
4547.0,6482,0,0,3,7.048089426232429,51.49244060475162,1350.2188652530162,2691
4548.0,6482,0,1,1,7.029179014900281,51.48518975624807,1350.6487027338758,2693
4549.0,6479,0,0,3,7.011963344757648,51.55486957863868,1351.1776545904395,2715
4550.0,6477,0,1,3,7.008806729912355,51.61262930368998,1351.622079177276,2723
4551.0,6475,0,0,2,7.006812264275562,51.695907335907336,1352.1460798322964,2724
4552.0,6471,0,0,4,7.012725147460614,51.80435790449699,1352.7148012349949,2742
4553.0,6469,0,0,2,7.012517720210244,51.942494976039576,1353.5579951726454,2761
4554.0,6466,0,0,3,7.004135725044735,52.08366841942468,1354.7062227626125,2772
4555.0,6466,0,2,2,6.99780015956256,52.246210949582434,1354.6923733853985,2786
4556.0,6462,0,0,4,6.9537298497289335,52.42927886103374,1355.5855572629366,2803
4557.0,6462,0,1,1,6.923750550839712,52.58944599195296,1356.1697823363083,2823
4558.0,6461,0,0,1,6.906486785143117,52.742764277975546,1357.013510237099,2853
4559.0,6461,0,0,0,6.893667973448362,52.883299798792756,1357.6620660024828,2857
4560.0,6460,0,0,1,6.879154023268631,53.02832817337461,1358.222623830441,2867
4561.0,6460,0,1,1,6.860043273451303,53.14551083591331,1358.5806776322888,2875
4562.0,6458,0,0,2,6.830203315269644,53.29219572623103,1359.2189873966665,2891
4563.0,6458,0,0,0,6.824818559735116,53.44673273459275,1359.8724839445085,2900
4564.0,6457,0,1,2,6.801719124750583,53.58603066439523,1360.3284666098955,2927
4565.0,6456,0,0,1,6.791357986134195,53.80034076827757,1360.7725815624367,2952
4566.0,6457,0,1,0,6.770961528918112,53.938516338857056,1361.218546471214,2957
4567.0,6454,0,0,3,6.741132252044042,54.112488379299656,1362.4413585990212,2963
4568.0,6452,0,0,2,6.716190603836289,54.35756354618723,1363.341063163928,3001
4569.0,6451,0,2,3,6.676831749336815,54.610447992559294,1363.9138369081463,3010
4570.0,6451,0,0,0,6.668038111434468,54.836614478375445,1364.5786952942506,3036
4571.0,6448,0,0,3,6.632322891418679,55.052264267990076,1365.450287775193,3052
4572.0,6448,0,1,1,6.614178658516526,55.29388957816377,1366.0978777293587,3080
4573.0,6447,0,0,1,6.590976178901777,55.60586319218241,1366.6550717733787,3106
4574.0,6443,0,0,4,6.565079732279385,55.87040198665218,1367.7818801869562,3113
4575.0,6443,0,1,1,6.54371421050836,56.153655129598015,1368.3456645344168,3148
4576.0,6438,0,0,5,6.5124542653102715,56.4923889406648,1369.031793372736,3159
4577.0,6436,0,1,3,6.478522926861582,56.79987569919204,1369.8057014169642,3194
4578.0,6432,0,0,4,6.449119481254821,57.115516169154226,1370.4898401173846,3207
4579.0,6432,0,1,1,6.431679665924507,57.35385572139303,1371.0579284541295,3216
4580.0,6427,0,0,5,6.393543036157148,57.666096156838336,1372.2028195332923,3228
4581.0,6424,0,0,3,6.371108938629943,57.95672478206725,1373.1196268013712,3218
4582.0,6420,0,0,4,6.339507557400205,58.277102803738316,1374.0446015111895,3228
4583.0,6418,0,0,2,6.309032194137264,58.54534122779682,1374.939257149501,3258
4584.0,6416,0,1,3,6.27080884495875,58.83868453865337,1375.5343548561843,3270
4585.0,6416,0,0,0,6.250260038606981,59.16380922693267,1376.2246744592214,3286
4586.0,6411,0,0,5,6.207898776616027,59.57338948681953,1377.1585108866407,3322
4587.0,6410,0,1,2,6.172666192990939,59.87332293291732,1377.7630536848494,3340
4588.0,6408,0,0,2,6.145616390840991,60.20380774032459,1378.725214121759,3354
4589.0,6405,0,0,3,6.111877136907087,60.582201405152226,1379.8152723798482,3380
4590.0,6403,0,0,2,6.071479297259019,60.94752459784476,1380.7724840739534,3400
4591.0,6402,0,0,1,6.111985276030479,59.986879100281165,1381.585611789502,3217
4592.0,6401,0,0,1,6.19088655241614,59.31823152632401,1382.4801750143786,3076
4593.0,6399,0,1,3,6.272215539745911,58.900609470229725,1383.2749597707614,2990
4594.0,6397,0,0,2,6.383242160601116,58.542910739409095,1384.2175351642081,2887
4595.0,6395,0,0,2,6.510190519220754,58.27505863956216,1384.7572061204482,2834
4596.0,6392,0,0,3,6.634909341093368,58.02769086357947,1385.5435075470384,2775
4597.0,6392,0,0,0,6.7672417101542335,57.86639549436796,1386.1910788217915,2749
4598.0,6390,0,0,2,6.868261519445276,57.74037558685446,1387.1390584681556,2710
4599.0,6390,0,1,1,6.95921962882115,57.61314553990611,1387.448897292918,2683
4600.0,6390,0,0,0,7.032639365846591,57.597496087636934,1388.077179029088,2672
4601.0,6390,0,0,0,7.092213205800007,57.59201877934272,1388.700818256791,2661
4602.0,6390,0,0,0,7.131918436195909,57.55430359937402,1389.3215725299053,2635
4603.0,6388,0,0,2,7.175725199407836,57.581559173450216,1389.6219780425913,2628
4604.0,6386,0,0,2,7.201331425251565,57.58502975258378,1390.2944000414323,2623
4605.0,6384,0,0,2,7.213851516707143,57.58818922305765,1390.8528456626339,2614
4606.0,6384,0,1,1,7.231369100483143,57.580357142857146,1391.295049736231,2611
4607.0,6382,0,0,2,7.233600242645653,57.58116577875274,1391.7358494193477,2589
4608.0,6380,0,0,2,7.236421768230477,57.669435736677116,1392.426398606239,2622
4609.0,6380,0,0,0,7.2388920744192,57.6871473354232,1393.0363510285788,2609
4610.0,6378,0,0,2,7.23333453797648,57.73251803073064,1393.9154474489017,2602
4611.0,6378,0,0,0,7.226629816828952,57.80370021950455,1394.5255931219128,2608
4612.0,6378,0,1,1,7.224377455223163,57.848228284728755,1395.0571350431624,2608
4613.0,6377,0,0,1,7.205963493845343,57.8397365532382,1395.8752803756975,2608
4614.0,6375,0,0,2,7.190654065267519,57.93145098039216,1396.3746596785577,2615
4615.0,6375,0,0,0,7.18372902212994,57.963607843137254,1396.9881829197172,2611
4616.0,6371,0,0,4,7.172340536309542,58.00926071260399,1397.9895482183038,2613
4617.0,6370,0,0,1,7.157374812273954,58.07645211930926,1398.713536716504,2620
4618.0,6366,0,0,4,7.121110824563825,58.16132579327678,1399.670448826236,2609
4619.0,6366,0,1,1,7.1164153277369415,58.190543512409675,1399.9092383677462,2593
4620.0,6366,0,1,1,7.106387288516342,58.25447690857681,1400.1827971455402,2601
4621.0,6366,0,0,0,7.092342510695125,58.262959472196044,1400.8016803028086,2615
4622.0,6364,0,0,2,7.06317310389642,58.29085480829667,1401.727987836346,2622
4623.0,6364,0,0,0,7.045261530729481,58.3625078566939,1402.3498504141432,2636
4624.0,6363,0,0,1,7.022019358669561,58.41772748703442,1403.1028525172467,2652
4625.0,6362,0,0,1,6.998802236670547,58.487425337944046,1403.8864248289103,2666
4626.0,6360,0,0,2,6.957913646204733,58.54811320754717,1404.5663697061602,2678
4627.0,6359,0,0,1,6.92878701860001,58.62069507784243,1405.4054350698252,2687
4628.0,6357,0,0,2,6.893982060061329,58.74390435740129,1406.0543322208923,2693
4629.0,6354,0,0,3,6.851152667170243,58.84324834749764,1407.1031086322698,2702
4630.0,6352,0,0,2,6.814166525734769,58.8956234256927,1407.999337201892,2713
4631.0,6351,0,0,1,6.781481995360921,59.00582585419619,1408.770365990493,2722
4632.0,6347,0,0,4,6.736331203348033,59.16732314479282,1409.8431479005349,2750
4633.0,6347,0,1,1,6.704357153089157,59.297305813770286,1410.3192938458021,2770
4634.0,6345,0,0,2,6.654861054160992,59.4274231678487,1411.0367367090646,2786
4635.0,6345,0,1,1,6.624451809098736,59.52781717888101,1411.165854251841,2798
4636.0,6345,0,0,0,6.600550112421679,59.62710795902285,1411.813541426458,2811
4637.0,6343,0,0,2,6.558648642140925,59.73640233328078,1412.7465206925428,2822
4638.0,6340,0,0,3,6.528494657229536,59.85378548895899,1413.7392536089576,2830
4639.0,6338,0,0,2,6.496575384666981,59.874408330703695,1414.6420360184754,2829
4640.0,6336,0,0,2,6.475945340467683,59.95628156565657,1415.6575446004395,2828
4641.0,6333,0,0,3,6.470188028967312,60.055581872730144,1416.4792784786966,2850
4642.0,6330,0,1,4,6.457366950800018,60.14170616113744,1417.209085567071,2868
4643.0,6330,0,1,1,6.439649647230463,60.24249605055292,1417.7834221362614,2895
4644.0,6322,0,0,8,6.4127601281038125,60.4563429294527,1419.167171718472,2900
4645.0,6321,0,1,2,6.394669900706022,60.606233190950796,1419.7094329150493,2921
4646.0,6318,0,1,4,6.384287506131553,60.79012345679013,1420.243639878235,2937
4647.0,6318,0,1,1,6.371213807657223,60.95647356758468,1420.6656778454922,2939
4648.0,6316,0,0,2,6.3502960252943055,61.17004433185561,1421.573683294037,2965
4649.0,6316,0,1,1,6.347048989166256,61.337080430652314,1421.9705698840282,2973
4650.0,6316,0,1,1,6.339107057936593,61.52944901836605,1422.5247215352779,3002
4651.0,6315,0,1,2,6.3181401296214466,61.70071258907363,1422.787501824084,3020
4652.0,6313,0,1,3,6.301161023251797,61.97592269919215,1422.983888719594,3034
4653.0,6312,0,1,2,6.289660742673458,62.20991761723701,1423.2584480510825,3046
4654.0,6311,0,0,1,6.285068620750306,62.449532562193,1423.8452517792757,3064
4655.0,6310,0,2,3,6.262287186967811,62.61109350237718,1424.2563031486632,3079
4656.0,6308,0,0,2,6.242090706570141,62.79327837666455,1424.9653418854457,3092
4657.0,6309,0,1,0,6.234665828352617,63.01616737993343,1425.4104137228976,3104
4658.0,6306,0,0,3,6.211253885360165,63.23897875039645,1426.5277470176663,3110
4659.0,6306,0,2,2,6.188158863908983,63.48001902949572,1426.7215285218545,3129
4660.0,6304,0,0,2,6.1631738245691885,63.73159898477157,1427.524608682205,3149
4661.0,6301,0,1,4,6.143734416519148,63.94842088557372,1428.1902796190307,3146
4662.0,6298,0,0,3,6.1228160461290315,64.18894887265799,1429.4307415755748,3157
4663.0,6297,0,2,3,6.1024251653573165,64.46514213117358,1429.3585180489285,3193
4664.0,6293,0,0,4,6.071793815826906,64.7888129667885,1430.6203047146344,3209
4665.0,6293,0,1,1,6.042186425113242,65.04258700143016,1431.0720148760913,3221
4666.0,6292,0,0,1,6.029166664792071,65.37587412587412,1431.9340526290173,3255
4667.0,6292,0,1,1,6.003297130339094,65.717895740623,1432.6087296876956,3280
4668.0,6294,0,2,0,5.985557437393259,66.02462662853512,1432.8425823735051,3311
4669.0,6294,0,0,0,5.964013654371531,66.34938036224976,1433.5342863537946,3329
4670.0,6293,0,0,1,5.947696728870084,66.59145081836962,1434.176264195057,3339
4671.0,6291,0,0,2,5.92081075449261,66.84533460499125,1434.6565470433277,3352
4672.0,6290,0,0,1,5.897835568303531,67.12098569157392,1435.4935280526042,3354
4673.0,6289,0,0,1,5.875545831534071,67.37716648115757,1436.3373481507042,3364
4674.0,6288,0,0,1,5.855885755314831,67.69402035623409,1437.1211063024402,3404
4675.0,6285,0,0,3,5.808219229037567,67.96515513126492,1438.0919985804517,3422
4676.0,6281,0,0,4,5.78707840115362,68.3069574908454,1439.0326392185987,3438
4677.0,6278,0,0,3,5.745299418444354,68.59429754698948,1440.0607137212467,3450
4678.0,6275,0,1,4,5.698281604309511,68.84270916334661,1440.9054999466596,3471
4679.0,6274,0,0,1,5.668060781626645,69.06758049091489,1441.723052455719,3476
4680.0,6272,0,0,2,5.6415942650865745,69.35985331632654,1442.6904952238235,3486
4681.0,6268,0,0,4,5.682822350465316,68.1959157626037,1443.7299288330316,3309
4682.0,6266,0,0,2,5.762254421027268,67.49393552505586,1444.390687032541,3164
4683.0,6262,0,0,4,5.856116125388583,66.96406898754391,1445.162935647596,3056
4684.0,6257,0,0,5,5.9691764364359,66.49768259549305,1445.9652692178327,2935
4685.0,6256,0,0,1,6.101788606598704,66.1513746803069,1446.5400369836593,2874
4686.0,6254,0,0,2,6.23523445313567,65.87288135593221,1447.1488308182643,2828
4687.0,6249,0,0,5,6.353603965218816,65.70283245319251,1447.9282800746098,2770
4688.0,6248,0,0,1,6.47196374266805,65.50704225352112,1448.7437670884765,2734
4689.0,6247,0,0,1,6.569262041990104,65.30078437650072,1449.4133267701668,2705
4690.0,6246,0,0,1,6.6475318521519124,65.04787063720781,1449.9174942486527,2668
4691.0,6245,0,0,1,6.71694170351627,64.98879103282626,1450.7318205673796,2664
4692.0,6244,0,0,1,6.772277044687731,64.85602178090967,1451.2766704951598,2618
4693.0,6244,0,0,0,6.8195601016841785,64.805733504164,1451.9020865467112,2620
4694.0,6244,0,0,0,6.8541541788298765,64.70403587443946,1452.5249870747675,2607
4695.0,6242,0,0,2,6.887971475390164,64.56440243511695,1453.398685859049,2596
4696.0,6240,0,0,2,6.903971895043047,64.43445512820513,1454.3277153408746,2595
4697.0,6239,0,0,1,6.93134464838799,64.27824971950633,1455.107659182203,2584
4698.0,6235,0,0,4,6.9448519424185715,64.20817963111467,1456.4813634670047,2608
4699.0,6233,0,0,2,6.95229400198654,64.07604684742499,1457.4856148401702,2595
4700.0,6232,0,0,1,6.95146732080708,64.02663671373556,1458.266875341823,2602
4701.0,6228,0,0,4,6.939492642132166,64.06438664097624,1458.6937339319184,2598
4702.0,6227,0,0,1,6.930302856527112,64.13377228199775,1459.2333496065626,2588
4703.0,6226,0,0,1,6.922396999660288,64.13331191776422,1459.8985701078248,2591
4704.0,6225,0,0,1,6.909307293946781,64.11116465863454,1460.7292010258243,2598
4705.0,6224,0,0,1,6.895765678019117,64.0960796915167,1461.2635635349243,2591
4706.0,6224,0,0,0,6.88799558994655,64.02377892030849,1461.8835338421256,2597
4707.0,6224,0,0,0,6.869281762623189,63.946658097686374,1462.5051124440497,2583
4708.0,6221,0,0,3,6.856778605203437,63.87365375341585,1463.5544373087794,2599
4709.0,6221,0,0,0,6.854964670402452,63.815463751808394,1464.1765345614765,2573
4710.0,6219,0,0,2,6.839456715571336,63.79626949670365,1465.072022535498,2563
4711.0,6219,0,0,0,6.824044323744426,63.81717317896768,1465.6964305564193,2576
4712.0,6217,0,0,2,6.805150255902915,63.85169695994853,1466.4898083640069,2587
4713.0,6215,0,0,2,6.778242763259695,63.87803700724055,1467.1856274590734,2598
4714.0,6215,0,0,0,6.764514278792768,63.85068382944489,1467.813735293982,2614
4715.0,6213,0,0,2,6.724844603180191,63.893449219378724,1468.3426100539546,2612
4716.0,6209,0,0,4,6.671832341040162,63.97648574649702,1469.1666351519843,2622
4717.0,6209,0,0,0,6.644990555070508,63.93461104847802,1469.8002241923748,2636
4718.0,6208,0,1,2,6.610804600084701,63.949742268041234,1470.2485780020434,2633
4719.0,6206,0,0,2,6.561171844007306,64.06026426039317,1470.9394829882056,2652
4720.0,6205,0,1,2,6.526175664176353,64.17566478646253,1471.0777557198317,2666
4721.0,6203,0,0,2,6.486255197807787,64.32903433822344,1472.0566087645136,2689
4722.0,6203,0,1,1,6.448473861051429,64.51313880380461,1472.6314670428944,2711
4723.0,6203,0,1,1,6.419616289894539,64.66016443656295,1473.238800798663,2741
4724.0,6203,0,1,1,6.387625088175419,64.79735611800741,1473.5580594128576,2758
4725.0,6203,0,1,1,6.3442687363230394,64.95631146219571,1473.9475277149354,2763
4726.0,6203,0,0,0,6.3140441249455845,64.99339029501854,1474.6007225432502,2776
4727.0,6202,0,1,2,6.288468768255016,64.98097387939374,1474.8613594579592,2763
4728.0,6201,0,0,1,6.267248847296356,64.98000322528624,1475.6927470330909,2766
4729.0,6200,0,1,2,6.246695466572795,65.00435483870967,1476.228491994832,2771
4730.0,6198,0,0,2,6.231349705038195,65.08986769925782,1477.0530590300214,2777
4731.0,6198,0,2,2,6.213372269556853,65.1190706679574,1477.3700090019404,2797
4732.0,6196,0,0,2,6.194852644630636,65.19254357650097,1477.9427761273002,2816
4733.0,6192,0,1,5,6.16669499851182,65.3328488372093,1478.3394724868863,2816
4734.0,6192,0,2,2,6.150054635808166,65.3827519379845,1478.8154562677246,2821
4735.0,6189,0,0,3,6.13485727578737,65.47600581677169,1479.0763662840561,2857
4736.0,6188,0,1,2,6.113566238325585,65.49983839689722,1479.6426028422973,2861
4737.0,6186,0,0,2,6.097715698288803,65.53103782735208,1479.9883367931125,2858
4738.0,6184,0,0,2,6.08585652698019,65.67658473479948,1480.3582476029335,2870
4739.0,6182,0,0,2,6.068499197672579,65.81138790035587,1481.42639950246,2885
4740.0,6184,0,2,0,6.0500683177432,65.90378395860284,1481.6148200273926,2906
4741.0,6183,0,0,1,6.043152769928636,66.0658256509785,1482.4543228777204,2919
4742.0,6182,0,1,2,6.018986451805883,66.23972824328696,1483.1408966214399,2927
4743.0,6180,0,0,2,5.9975213089957995,66.44757281553397,1484.1187177921947,2950
4744.0,6180,0,1,1,5.990394989415516,66.62961165048544,1484.65222730212,2965
4745.0,6180,0,1,1,5.967108783905176,66.80485436893204,1485.1342925601025,2991
4746.0,6179,0,1,2,5.940921738198031,67.0058261854669,1485.8343293983703,3016
4747.0,6178,0,0,1,5.906240708929992,67.23664616380705,1486.4296136178543,3044
4748.0,6177,0,1,2,5.875164782728007,67.48227294803303,1487.1453720090738,3057
4749.0,6172,0,0,5,5.83356461994254,67.73639014906027,1488.0896849826993,3067
4750.0,6172,0,1,1,5.785226930609857,67.97683084899546,1488.5474902484505,3103
4751.0,6171,0,0,1,5.75390699041867,68.2396694214876,1489.4057868440782,3117
4752.0,6170,0,1,2,5.723963600350017,68.51150729335494,1490.0342661498391,3143
4753.0,6168,0,1,3,5.687569657361195,68.80236705577173,1490.4398624538012,3160
4754.0,6166,0,0,2,5.65542154132416,69.0891988323062,1491.4986603558339,3194
4755.0,6167,0,2,1,5.640796296480643,69.34473812226366,1491.8426170009693,3211
4756.0,6167,0,0,0,5.61375779176792,69.65655910491324,1492.5431895104132,3246
4757.0,6167,0,2,2,5.584732764001062,69.88714123560888,1493.0436969547297,3262
4758.0,6166,0,0,1,5.569602794077296,70.16347713266299,1493.9018679618935,3258
4759.0,6166,0,0,0,5.559001517156601,70.40658449562115,1494.6091093989446,3272
4760.0,6165,0,1,2,5.553283157739181,70.69018653690186,1495.0592623485384,3303
4761.0,6165,0,0,0,5.541700357812507,70.96609894566099,1495.768676216209,3329
4762.0,6161,0,1,5,5.518064912848073,71.29151111832495,1496.7804402918944,3349
4763.0,6159,0,0,2,5.501506227956596,71.59279103750609,1497.4301527081216,3367
4764.0,6158,0,0,1,5.478134692951676,71.89883078921727,1498.0539300021824,3395
4765.0,6157,0,1,2,5.453595907343323,72.18645444209842,1498.5713584177224,3402
4766.0,6155,0,0,2,5.418151700054148,72.53013809910642,1499.6832270837288,3427
4767.0,6155,0,1,1,5.3909840423007775,72.81722177091795,1500.3100751301813,3443
4768.0,6153,0,0,2,5.372521650094861,73.17129855355111,1500.8277250301994,3476
4769.0,6151,0,0,2,5.348775462543431,73.52934482198016,1501.8667595031459,3490
4770.0,6152,0,1,0,5.346356935430583,73.86882314694408,1502.3489824581045,3510
4771.0,6149,0,0,3,5.399035995534852,72.90307367051552,1503.1257173256995,3324
4772.0,6146,0,0,3,5.477863977464269,72.29384965831436,1504.1385879981333,3192
4773.0,6144,0,0,2,5.589838704860193,71.74918619791667,1504.8020178304487,3086
4774.0,6144,0,1,1,5.7146441573149005,71.26236979166667,1505.3751776742374,2995
4775.0,6143,0,0,1,5.840430507328376,70.9632101579033,1506.2954511420346,2950
4776.0,6142,0,0,1,5.9751550583764175,70.71279713448388,1507.117111347624,2897
4777.0,6140,0,0,2,6.107307662262363,70.52540716612378,1507.8433314686386,2844
4778.0,6136,0,0,4,6.231278103245838,70.36864406779661,1508.3828214979949,2800
4779.0,6136,0,0,0,6.330724527151134,70.26629726205998,1509.0440582307551,2772
4780.0,6133,0,0,3,6.410450514924274,70.18702103375183,1509.9442000091346,2739
4781.0,6132,0,0,1,6.482924184864833,70.15916503587736,1510.531255677895,2734
4782.0,6130,0,0,2,6.5387438654825045,70.10195758564437,1511.0462044625212,2713
4783.0,6128,0,0,2,6.587374628509221,70.07212793733682,1511.5051474941847,2684
4784.0,6128,0,0,0,6.631903207227427,69.95920365535248,1512.1482209730625,2686
4785.0,6126,0,0,2,6.652866221474367,69.87463271302644,1513.1620655646393,2672
4786.0,6124,0,0,2,6.682760466786832,69.7847811887655,1513.904043829724,2650
4787.0,6124,0,0,0,6.7076993048178535,69.69562377531025,1514.5427810532422,2623
4788.0,6122,0,0,2,6.7088153879410894,69.66693890885331,1515.6463775184682,2606
4789.0,6118,0,0,4,6.706715695604105,69.69663288656423,1516.774879162976,2606
4790.0,6118,0,0,0,6.7227423290910835,69.57289964040537,1517.412378159286,2584
4791.0,6115,0,0,3,6.72050123483788,69.55699100572363,1518.4009393894298,2567
4792.0,6113,0,0,2,6.704401888740447,69.57860297726157,1519.148906756798,2564
4793.0,6109,0,0,4,6.691540855239126,69.62596169585856,1519.692859374951,2574
4794.0,6109,0,0,0,6.683765863859373,69.58651170404322,1520.333558217378,2557
4795.0,6107,0,0,2,6.663263401270326,69.5434747011626,1521.1934666089724,2556
4796.0,6106,0,0,1,6.656457290576602,69.49312151981657,1521.9006677045572,2548
4797.0,6104,0,0,2,6.660137312083757,69.5091743119266,1522.3336778401883,2555
4798.0,6102,0,0,2,6.644337924258406,69.52851524090462,1523.1715503483247,2560
4799.0,6100,0,0,2,6.61751001732722,69.56491803278689,1524.064085475598,2560
4800.0,6100,0,0,0,6.598070219857896,69.56311475409836,1524.7111815177307,2549
4801.0,6098,0,0,2,6.570847693059709,69.5723187930469,1525.554087323954,2550
4802.0,6098,0,0,0,6.545657334169804,69.62381108560184,1526.2045774439782,2565
4803.0,6099,0,1,0,6.517994436942852,69.7278242334809,1526.6071980404904,2601
4804.0,6097,0,0,2,6.498675078040178,69.80055765130392,1527.3323282905842,2616
4805.0,6095,0,0,2,6.472261697000889,69.94651353568499,1528.3735483039118,2624
4806.0,6093,0,0,2,6.4469670103880805,70.04579025110783,1529.3159231166485,2642
4807.0,6089,0,0,4,6.407434941272735,70.2230251272787,1530.3413628799235,2675
4808.0,6088,0,0,1,6.378167266047576,70.30108409986859,1530.9379819124026,2691
4809.0,6085,0,0,3,6.342247969018392,70.45258833196385,1532.0345989679292,2704
4810.0,6084,0,0,1,6.292048041265422,70.59894806048652,1532.8990797571632,2730
4811.0,6081,0,0,3,6.247679152728286,70.7674724551883,1534.0585936825212,2753
4812.0,6080,0,0,1,6.201481048691183,70.87088815789474,1534.8370264511677,2778
4813.0,6078,0,0,2,6.1536803942932385,70.98552155314248,1535.8824805225993,2792
4814.0,6073,0,0,5,6.099974566742173,71.12415610077392,1536.8823402197788,2804
4815.0,6071,0,1,3,6.052620186739622,71.3513424477022,1537.820969981437,2840
4816.0,6069,0,1,3,6.027048754691067,71.44817927170868,1538.7436450389064,2853
4817.0,6064,0,0,5,5.994026386020842,71.6119722955145,1539.655363506699,2852
4818.0,6063,0,0,1,5.971648705483786,71.78113145307603,1540.528130389338,2882
4819.0,6060,0,0,3,5.949391438123266,71.95709570957095,1540.8715578882357,2908
4820.0,6058,0,1,3,5.933544805131928,72.14443710795642,1541.6644354242037,2922
4821.0,6059,0,1,0,5.908678350315044,72.26836111569565,1542.1046864481211,2942
4822.0,6058,0,1,2,5.875404281721607,72.4130075932651,1542.9046485229587,2964
4823.0,6056,0,2,4,5.839473809345991,72.63507265521797,1543.434709272301,2996
4824.0,6055,0,1,2,5.824390357155795,72.80148637489678,1543.9948765328818,3005
4825.0,6053,0,1,3,5.801472758548685,73.01833801420783,1544.431172080967,3025
4826.0,6053,0,1,1,5.7765144814668306,73.2121262184041,1545.0381137661193,3032
4827.0,6054,0,2,1,5.742017420091206,73.41807069705979,1545.2897833714528,3056
4828.0,6052,0,1,3,5.716206394108664,73.65862524785194,1545.8849625688106,3083
4829.0,6051,0,1,2,5.692650325060148,73.91042802842506,1546.51723119879,3104
4830.0,6049,0,2,4,5.671491183525067,74.19027938502232,1546.6773664877896,3115
4831.0,6049,0,0,0,5.647128453964155,74.41461398578278,1547.389006119781,3135
4832.0,6047,0,2,4,5.6154782642012835,74.65106664461716,1548.0323033230443,3147
4833.0,6047,0,1,1,5.5867826647981715,74.94840416735572,1548.668067448086,3167
4834.0,6047,0,1,1,5.581989032459831,75.2401190673061,1549.1914932409393,3189
4835.0,6047,0,1,1,5.570059653973856,75.5103357036547,1549.5276961674788,3214
4836.0,6045,0,1,3,5.552269649323962,75.81869313482217,1549.8778771501493,3246
4837.0,6046,0,3,2,5.524705969736581,76.08005292755541,1549.9522010903772,3244
4838.0,6045,0,1,2,5.505383769229036,76.41736972704715,1550.8055872244768,3269
4839.0,6045,0,3,3,5.474668949775827,76.7586435070306,1551.0444475091156,3304
4840.0,6044,0,0,1,5.45009747290788,77.11300463269357,1551.6609757077588,3320
4841.0,6044,0,1,1,5.415801824456469,77.42918596955658,1552.2478506800996,3346
4842.0,6042,0,1,3,5.37358103936733,77.79212181396889,1552.8661363930557,3347
4843.0,6043,0,3,2,5.351328646087557,78.09548237630317,1552.7617382662843,3368
4844.0,6041,0,0,2,5.315487056843613,78.4921370634001,1553.6427577753723,3398
4845.0,6038,0,1,4,5.27010169941677,78.89284531301756,1554.4970079672298,3423
4846.0,6037,0,1,2,5.2441815251522055,79.2570813317873,1555.2571337761726,3443
4847.0,6034,0,0,3,5.208249436517422,79.6453430560159,1556.4275832424446,3473
4848.0,6035,0,3,2,5.186364316172135,79.93322286661143,1556.323807814569,3476
4849.0,6032,0,0,3,5.149465320875681,80.27602785145889,1557.554080415447,3495
4850.0,6032,0,2,2,5.120559021025153,80.58123342175067,1558.057002800542,3515
4851.0,6033,0,2,1,5.092270671954399,80.88877838554616,1558.3268020387072,3544
4852.0,6031,0,0,2,5.063932811378396,81.27889238932184,1559.372023430345,3570
4853.0,6031,0,1,1,5.037057796850161,81.61299950257005,1559.810059494092,3577
4854.0,6029,0,0,2,5.00955628130741,81.99618510532427,1560.853814627222,3607
4855.0,6028,0,1,2,4.977199427251582,82.35766423357664,1561.4821727231072,3616
4856.0,6026,0,1,3,4.938789575961767,82.72054430799868,1562.5249520453642,3626
4857.0,6025,0,1,2,4.9224855608505065,83.05078838174273,1563.4368022538085,3632
4858.0,6025,0,1,1,4.899305290741649,83.44879668049792,1563.7550015442594,3652
4859.0,6024,0,1,2,4.8750916454303574,83.82171314741036,1564.5399669536612,3665
4860.0,6025,0,1,0,4.858703166728118,84.2144398340249,1565.0431342229883,3664
4861.0,6024,0,0,1,4.897753335438558,83.17563081009295,1566.0026354288962,3500
4862.0,6023,0,2,3,4.9719934623431286,82.45293043333886,1566.4447212362988,3355
4863.0,6022,0,1,2,5.075317299016426,81.97974094985055,1567.2057752007001,3256
4864.0,6019,0,1,4,5.187011294838646,81.58946668881875,1567.7539564158865,3174
4865.0,6019,0,2,2,5.3261245640581,81.23243063631833,1567.5882207158384,3094
4866.0,6018,0,1,2,5.47231714654304,80.92156862745098,1568.2309493126972,3029
4867.0,6018,0,1,1,5.612086231566044,80.62894649385177,1568.8589102916987,2962
4868.0,6018,0,1,1,5.718824150027728,80.38733798604187,1569.548030750221,2922
4869.0,6017,0,2,3,5.798428598190622,80.17550274223035,1570.1684312676666,2881
4870.0,6014,0,0,3,5.871411716441943,80.0171267043565,1571.351705145827,2860
4871.0,6017,0,3,0,5.931815580904052,79.90643177663287,1571.25363585814,2846
4872.0,6015,0,0,2,5.973726826013403,79.91404821280133,1572.064495361005,2835
4873.0,6015,0,1,1,6.015457351987224,79.82593516209477,1572.7022158647608,2831
4874.0,6015,0,1,1,6.056752578708255,79.70191188694929,1572.8597681601857,2822
4875.0,6014,0,1,2,6.071951140702071,79.54073827735284,1573.2715891711207,2813
4876.0,6014,0,2,2,6.0787408443364175,79.4883604921849,1573.4863758477125,2817
4877.0,6013,0,0,1,6.080707416327004,79.48428405122235,1574.3618064915584,2811
4878.0,6012,0,1,2,6.070455140177959,79.54823685961411,1574.97288845619,2831
4879.0,6012,0,1,1,6.072682485199295,79.5499001996008,1575.6286053463195,2832
4880.0,6013,0,1,0,6.066087761659886,79.56045235323465,1576.0387252689968,2829
4881.0,6011,0,1,3,6.049231455914983,79.64182332390617,1577.0210201248494,2842
4882.0,6011,0,0,0,6.053881723717713,79.77923806355015,1577.6929620358596,2839
4883.0,6011,0,0,0,6.034693801738397,79.76642821493928,1578.3661456662112,2838
4884.0,6008,0,2,5,6.016211155805619,79.8137483355526,1579.315777203446,2834
4885.0,6008,0,0,0,5.999173377387252,79.91328229027962,1579.990670197247,2852
4886.0,6007,0,1,2,5.977224437689459,79.96853670717496,1580.7756659021688,2864
4887.0,6001,0,0,6,5.951803270176653,80.08131978003667,1581.7075214056924,2869
4888.0,6001,0,1,1,5.941301644464314,80.13847692051324,1582.3391943555273,2871
4889.0,5999,0,1,3,5.933389401001897,80.19236539423237,1582.750939623929,2871
4890.0,5996,0,0,3,5.911595168860358,80.3018679119413,1583.742594343776,2870
4891.0,5994,0,2,4,5.888486131025308,80.3692025358692,1584.3807871787087,2866
4892.0,5992,0,0,2,5.863448244764424,80.41338451268358,1585.163846537636,2870
4893.0,5990,0,1,3,5.839804833798939,80.47746243739566,1585.656585492727,2878
4894.0,5987,0,1,4,5.801209288887748,80.56088191080674,1586.4669362228026,2886
4895.0,5987,0,2,2,5.781124343975932,80.69166527476199,1586.7556197555784,2899
4896.0,5986,0,0,1,5.767572118033238,80.74173070497828,1587.661647466788,2911
4897.0,5984,0,1,3,5.733455886017654,80.84408422459893,1588.1992908156888,2929
4898.0,5981,0,1,4,5.697048076618526,80.96806554087945,1588.8638556591927,2947
4899.0,5981,0,2,2,5.6680813581065745,81.04413977595719,1589.2746953720748,2978
4900.0,5980,0,1,2,5.623094431222349,81.15986622073578,1589.9912921662262,2977
4901.0,5978,0,0,2,5.584811653326657,81.27367012378723,1591.1199998087352,2977
4902.0,5979,0,2,1,5.54778550481318,81.34838601772871,1591.4170744773016,3000
4903.0,5977,0,1,3,5.493451050830978,81.50895097875188,1592.3494089220105,3027
4904.0,5976,0,1,2,5.443299600011417,81.64993306559572,1592.6838326378127,3050
4905.0,5973,0,0,3,5.393620832056746,81.87862045873095,1593.6431676933503,3068
4906.0,5974,0,2,1,5.3594423623180205,81.95246066287245,1594.0522507398084,3072
4907.0,5972,0,1,3,5.316590468389046,82.0812123241795,1594.655439486795,3085
4908.0,5970,0,0,2,5.296038337599221,82.11842546063652,1595.7481895922158,3093
4909.0,5969,0,0,1,5.275742456524059,82.24711006868823,1596.4320694243268,3108
4910.0,5966,0,1,4,5.258529892408503,82.44233992624875,1597.4936849728965,3141
4911.0,5964,0,1,3,5.238213892054675,82.71177062374245,1598.3067520562438,3165
4912.0,5958,0,0,6,5.218950770969116,82.98590130916415,1599.204473872058,3177
4913.0,5960,0,3,1,5.215765132659948,83.15520134228188,1599.3536883537927,3204
4914.0,5959,0,2,3,5.208272814685568,83.32438328578621,1599.0499951762658,3206
4915.0,5958,0,0,1,5.21363288144478,83.52131587781135,1599.9910110641094,3221
4916.0,5957,0,1,2,5.205877445795682,83.68725868725869,1600.6956554026328,3228
4917.0,5956,0,0,1,5.190559903517846,83.95298858294157,1601.6550848058116,3261
4918.0,5954,0,1,3,5.157054793221064,84.22304333221363,1602.1790720826148,3278
4919.0,5955,0,1,0,5.134931087245331,84.44886649874056,1602.6437033412287,3291
4920.0,5957,0,2,0,5.112439759536983,84.64948799731408,1602.8403650140176,3314
4921.0,5956,0,1,2,5.095443743550468,84.85963734049697,1603.5403054989822,3314
4922.0,5954,0,1,3,5.0776991100280275,85.15468592542828,1603.9524878455636,3340
4923.0,5953,0,0,1,5.053998428906515,85.4542247606249,1604.8981308094249,3351
4924.0,5951,0,0,2,5.0382626406158915,85.74374054780709,1605.7459341911353,3370
4925.0,5951,0,1,1,5.032546335303019,85.99596706435894,1605.981816431581,3385
4926.0,5949,0,0,2,5.017739977030409,86.34089762985376,1606.7712321517697,3414
4927.0,5950,0,1,0,5.013259043163664,86.67126050420168,1607.2427984847689,3423
4928.0,5949,0,1,2,4.9935031436601545,87.00453857791226,1607.8857782413736,3435
4929.0,5949,0,1,1,4.975685228057075,87.29836947386116,1608.2623051782268,3436
4930.0,5948,0,0,1,4.943646198407539,87.62995965030262,1608.8756598932925,3458
4931.0,5948,0,2,2,4.920371533208949,87.99209818426361,1609.2702733958142,3491
4932.0,5947,0,0,1,4.907414039405693,88.31192197746763,1609.8426265684836,3508
4933.0,5948,0,1,0,4.888310193374172,88.66526563550774,1610.3225704050399,3529
4934.0,5945,0,0,3,4.847177723765497,89.07619848612279,1611.3906602140858,3553
4935.0,5945,0,1,1,4.827644420461373,89.42388561816652,1611.7606594129797,3572
4936.0,5944,0,1,2,4.80546003998573,89.75100942126514,1612.3662265361795,3597
4937.0,5944,0,2,2,4.778588998331948,90.08866083445491,1612.6335716051726,3607
4938.0,5941,0,0,3,4.759771215573072,90.44706278404308,1613.4364700287558,3640
4939.0,5940,0,0,1,4.736353578764391,90.82289562289563,1614.4448684904562,3657
4940.0,5941,0,1,0,4.713614309533087,91.20181787577849,1614.9370711887475,3671
4941.0,5938,0,0,3,4.659856572760474,91.6507241495453,1615.944829314385,3694
4942.0,5938,0,1,1,4.623866606483806,92.06904681711013,1616.657916112076,3710
4943.0,5937,0,0,1,4.593646281301173,92.45881758463871,1617.4938180753486,3724
4944.0,5936,0,0,1,4.573584822067454,92.92318059299191,1618.286974306541,3754
4945.0,5935,0,1,2,4.5475602868999765,93.32333614153328,1618.7068855664788,3761
4946.0,5935,0,0,0,4.527158938597783,93.74187026116259,1619.4811310292976,3797
4947.0,5935,0,0,0,4.515952599123289,94.11103622577927,1620.256345171978,3792
4948.0,5934,0,1,2,4.487706912396848,94.53993933265926,1621.1725569029215,3808
4949.0,5933,0,0,1,4.4633635354462715,94.98381931569189,1622.1516730343108,3818
4950.0,5933,0,0,0,4.446660139010131,95.45626158772964,1622.931828069119,3827
4951.0,5932,0,1,2,4.4795105178073715,94.67430883344572,1623.5817064573841,3668
4952.0,5932,0,0,0,4.563138278890828,94.1026635198921,1624.3531610415523,3553
4953.0,5931,0,1,2,4.658355042655531,93.69516101837802,1624.8183229772044,3447
4954.0,5929,0,0,2,4.766074917859504,93.35385393826952,1625.6384033862719,3359
4955.0,5928,0,0,1,4.902666638362906,93.11032388663968,1626.5853541163035,3287
4956.0,5927,0,0,1,5.0358064623473995,92.96440020246331,1627.0697446476995,3246
4957.0,5928,0,2,1,5.162796927446018,92.80448717948718,1627.4408174933244,3192
4958.0,5928,0,0,0,5.273973666196582,92.76130229419704,1628.1631048543306,3158
4959.0,5928,0,1,1,5.346816226674712,92.74595141700405,1628.8206757576595,3136
4960.0,5927,0,0,1,5.415726762195512,92.77256622237219,1629.6851254225014,3111
4961.0,5928,0,1,0,5.4645226278825,92.80684885290148,1630.1182001999475,3110
4962.0,5927,0,0,1,5.508179783732681,92.882908722794,1630.951734065612,3085
4963.0,5927,0,2,2,5.5465688327412135,92.77864012147798,1630.906577977586,3063
4964.0,5925,0,0,2,5.58862629312144,92.77957805907172,1631.6880819695575,3054
4965.0,5925,0,0,0,5.612389978808676,92.81097046413502,1632.3861622490099,3053
4966.0,5925,0,2,2,5.635516158884939,92.80354430379747,1632.772759131881,3051
4967.0,5923,0,0,2,5.643630342395833,92.88046598007766,1633.536231086727,3036
4968.0,5922,0,0,1,5.6474922711725,93.00742992232354,1634.4332519605903,3010
4969.0,5921,0,1,2,5.649232550671932,93.06704948488431,1634.8331346601028,3008
4970.0,5919,0,0,2,5.646431876124491,93.15678324041224,1635.6684922228508,3016
4971.0,5917,0,0,2,5.650187962355894,93.19874936623289,1636.81497699797,3025
4972.0,5916,0,1,2,5.639756256656236,93.17579445571332,1637.1945428123531,3022
4973.0,5913,0,0,3,5.640908872825091,93.1875528496533,1638.3196712912222,2994
4974.0,5910,0,0,3,5.636651782058063,93.27055837563452,1639.475275048826,3001
4975.0,5908,0,0,2,5.622710090855137,93.38710223425863,1640.101270463099,3017
4976.0,5906,0,0,2,5.617819656131895,93.52946156451067,1641.0295746905742,3028
4977.0,5906,0,1,1,5.611232996796573,93.59701997968168,1641.6466061603521,3009
4978.0,5904,0,0,2,5.598159813849722,93.6869918699187,1642.4456790300271,3015
4979.0,5903,0,0,1,5.587001249088318,93.72810435371845,1643.315967912434,3019
4980.0,5903,0,0,0,5.573404112386646,93.79247840081315,1644.0167715423338,3032
4981.0,5901,0,0,2,5.558876453373483,93.83189289950856,1644.848482872956,3048
4982.0,5898,0,0,3,5.550724442438839,93.89555781620888,1646.1245614021218,3047
4983.0,5895,0,0,3,5.535487972782696,94.0590330788804,1647.5094987027264,3060
4984.0,5895,0,1,1,5.5222034410946215,94.08396946564885,1648.1344647320527,3067
4985.0,5894,0,1,2,5.505653420907289,94.14658975229047,1648.6767811393643,3061
4986.0,5894,0,0,0,5.485468632822575,94.30217170003394,1649.3874030898467,3072
4987.0,5891,0,0,3,5.464552583562231,94.4063826175522,1650.682407414381,3087
4988.0,5891,0,0,0,5.452628443639632,94.50874214904091,1651.3957605541398,3102
4989.0,5890,0,0,1,5.435846936249336,94.72784380305603,1652.3184355689011,3134
4990.0,5887,0,0,3,5.400344071130274,94.86614574486156,1653.7707465292597,3167
4991.0,5886,0,0,1,5.366886725737066,94.97247706422019,1654.6353834180711,3146
4992.0,5885,0,0,1,5.328656855759299,95.1588785046729,1655.4390371583168,3159
4993.0,5884,0,0,1,5.3061150962486785,95.32256968048947,1656.3649844003219,3161
4994.0,5880,0,0,4,5.25296172100213,95.54217687074829,1657.0871926362724,3182
4995.0,5877,0,0,3,5.203853444911876,95.73557937723328,1658.0682077782262,3202
4996.0,5878,0,1,0,5.172634903952503,95.77747533174549,1658.5164751503253,3211
4997.0,5876,0,0,2,5.145485054145147,95.74931926480599,1659.4113630745724,3216
4998.0,5875,0,0,1,5.115861610939453,95.81174468085106,1660.1796436922693,3222
4999.0,5875,0,0,0,5.101022524921888,95.88051063829788,1660.9154230498273,3233
5000.0,5873,0,0,2,5.075093985591909,96.07781372382088,1661.810582387043,3254
5001.0,5872,0,0,1,5.045408587558478,96.20827656675749,1662.7885034601159,3256
5002.0,5869,0,0,3,5.00521812777254,96.34844096098142,1663.3148264831298,3261
5003.0,5867,0,0,2,4.989430976485835,96.35657064939492,1664.4065307023736,3264
5004.0,5862,0,0,5,4.9632277504807965,96.45939952234733,1665.7282857792982,3258
5005.0,5863,0,1,0,4.9400848895673235,96.59525840013644,1666.187920912274,3265
5006.0,5861,0,0,2,4.9154301257300155,96.81709605869305,1667.3901769400084,3288
5007.0,5859,0,0,2,4.884275060213712,97.03635432667691,1668.2926710964819,3304
5008.0,5859,0,1,1,4.857359696161959,97.17238436593276,1668.9652493443098,3311
5009.0,5857,0,1,3,4.832703228205839,97.44425473792043,1669.4890340757406,3342
5010.0,5857,0,1,1,4.8090245178866065,97.71965169882192,1670.2237566310184,3389
5011.0,5855,0,0,2,4.790946611296479,97.97574722459436,1671.1207930516864,3392
5012.0,5853,0,0,2,4.769141149308691,98.32308218007859,1672.221925794549,3427
5013.0,5850,0,0,3,4.730209880149232,98.66940170940171,1673.3052594148103,3454
5014.0,5848,0,1,3,4.688998484751876,98.97571819425444,1673.9045568934807,3461
5015.0,5849,0,1,0,4.674554665405438,99.24363138998119,1674.375664409637,3478
5016.0,5849,0,0,0,4.643400590162254,99.54180201743888,1675.1350775887115,3508
5017.0,5849,0,1,1,4.617844552456467,99.89912805607796,1675.7128358326638,3520
5018.0,5848,0,0,1,4.597158388013067,100.21391928864568,1676.3940574877804,3551
5019.0,5848,0,1,1,4.571927604426275,100.55369357045144,1676.659085995833,3569
5020.0,5843,0,0,5,4.53484878810694,101.04946089337669,1677.3658885091506,3594
5021.0,5841,0,0,2,4.511006297150919,101.45951035781545,1678.2562311990946,3630
5022.0,5838,0,1,4,4.478110666917631,101.87718396711202,1678.895804173401,3650
5023.0,5836,0,0,2,4.437626680482035,102.30774503084304,1679.572416719345,3662
5024.0,5834,0,0,2,4.408902037470882,102.7315735344532,1680.208530842785,3675
5025.0,5832,0,0,2,4.386971226847238,103.13700274348423,1681.1534312417368,3694
5026.0,5833,0,1,0,4.362243169771458,103.56077490142295,1681.6440371362694,3736
5027.0,5831,0,1,3,4.338427602471106,104.03961584633853,1682.4312179677918,3753
5028.0,5831,0,1,1,4.330066861228024,104.44915108900703,1683.003614465111,3759
5029.0,5831,0,0,0,4.31030372105117,104.8964157091408,1683.7851553475994,3778
5030.0,5830,0,0,1,4.291607550440045,105.3442538593482,1684.6729905487857,3804
5031.0,5829,0,0,1,4.275604722920427,105.75295934122491,1685.680051243873,3816
5032.0,5827,0,0,2,4.249183353136655,106.20593787540759,1686.69449043069,3842
5033.0,5826,0,0,1,4.227645395847555,106.70648815653965,1687.6425199220816,3872
5034.0,5826,0,2,2,4.20493294387275,107.07346378304153,1688.17261033308,3843
5035.0,5824,0,0,2,4.182865746055727,107.5571771978022,1689.420306622489,3878
5036.0,5822,0,0,2,4.162170500155962,108.01597389213329,1690.407536018926,3896
5037.0,5818,0,0,4,4.119934629405267,108.47679614987969,1691.6207979998694,3882
5038.0,5817,0,0,1,4.098462711656737,108.95152140278493,1692.599264214901,3907
5039.0,5814,0,1,4,4.059567825999022,109.47420020639835,1693.6483183639755,3925
5040.0,5814,0,1,1,4.028730008786549,109.89955280357758,1694.2225041591137,3939
5041.0,5809,0,0,5,4.063891769854776,109.13857806851438,1695.4465413193075,3779
5042.0,5805,0,1,5,4.1371625644723355,108.6380706287683,1696.5449420679035,3644
5043.0,5802,0,0,3,4.234619425331632,108.25818683212685,1697.7101005067714,3545
5044.0,5802,0,1,1,4.357195863604034,107.9696656325405,1698.2479232107248,3460
5045.0,5800,0,0,2,4.4929565435143015,107.83913793103449,1699.5257998206482,3388
5046.0,5800,0,1,1,4.621273501940268,107.70672413793103,1700.0500910322658,3319
5047.0,5796,0,0,4,4.741206925579871,107.71100759144237,1701.4072848079948,3275
5048.0,5793,0,0,3,4.858479966743438,107.7735197652339,1702.3169614752976,3249
5049.0,5790,0,1,4,4.945515327568584,107.77512953367875,1703.1820585367843,3217
5050.0,5786,0,0,4,5.0159960465668965,107.89319045973038,1704.376271574607,3207
5051.0,5781,0,0,5,5.070181045914096,108.06642449403218,1705.3414891921843,3197
5052.0,5781,0,0,0,5.137371358586084,108.14720636568067,1706.0601441047804,3192
5053.0,5779,0,0,2,5.196175849031378,108.16802214916075,1707.2197273183856,3167
5054.0,5778,0,0,1,5.25414854800754,108.24316372447214,1708.0748434587845,3160
5055.0,5775,0,0,3,5.294688665085619,108.38164502164503,1709.1038847027155,3158
5056.0,5774,0,0,1,5.3313923265464,108.473328714929,1709.8687308241308,3151
5057.0,5772,0,0,2,5.3630239793373455,108.38617463617463,1710.635230004128,3130
5058.0,5769,0,0,3,5.372249599131908,108.54636852140753,1711.5864935944887,3110
5059.0,5768,0,0,1,5.3840160126797,108.66054091539529,1712.5108481239458,3112
5060.0,5766,0,0,2,5.398752687597476,108.77020464793618,1712.9911022804524,3112
5061.0,5765,0,0,1,5.417005951111063,108.6614050303556,1713.7189504214339,3096
5062.0,5763,0,0,2,5.424345791959047,108.72080513621378,1714.5275440166513,3089
5063.0,5763,0,0,0,5.430645555004915,108.83636994620858,1715.2280779316156,3086
5064.0,5762,0,0,1,5.42823811367813,108.86185352308226,1716.1212664290942,3082
5065.0,5759,0,0,3,5.429253031703635,108.95311686056607,1717.1716247378313,3080
5066.0,5756,0,0,3,5.422696812558852,108.98419041000695,1717.4350461387949,3074
5067.0,5755,0,0,1,5.427240820423957,109.05664639443962,1718.1917955350552,3064
5068.0,5754,0,0,1,5.420291010715697,109.15415363225583,1718.7028483704964,3062
5069.0,5753,0,0,1,5.418748784736681,109.26977229271684,1719.2789386646994,3066
5070.0,5752,0,0,1,5.398471423974327,109.32075799721837,1720.182650151872,3056
5071.0,5749,0,0,3,5.3522491617799615,109.43694555574882,1721.149299704763,3054
5072.0,5747,0,0,2,5.32580090596249,109.54759004698103,1721.6164575726527,3055
5073.0,5747,0,0,0,5.306905479323892,109.59839916478163,1722.3244574189962,3056
5074.0,5745,0,0,2,5.28915150932555,109.63463881636206,1722.8283345070563,3051
5075.0,5744,0,0,1,5.25740153802097,109.7766364902507,1723.5538244102368,3064
5076.0,5742,0,0,2,5.236137768186888,109.75026123301986,1724.1136423657445,3048
5077.0,5741,0,0,1,5.2039953367582426,109.82616268942692,1724.7982904680907,3056
5078.0,5741,0,1,1,5.183312779447516,109.92562271381293,1725.2128349269292,3078
5079.0,5738,0,0,3,5.151073415157563,110.1728825374695,1725.7168967446257,3104
5080.0,5738,0,0,0,5.123288217213989,110.3485535029627,1726.437781261155,3110
5081.0,5736,0,0,2,5.064185332215828,110.51359832635983,1727.300265395444,3131
5082.0,5736,0,0,0,5.032122287391203,110.7226290097629,1728.027335110499,3130
5083.0,5734,0,0,2,4.9831137356116155,110.97104987792117,1728.7512188790429,3152
5084.0,5732,0,0,2,4.931115052599673,111.1360781577111,1729.4722057755134,3162
5085.0,5732,0,0,0,4.888214319250521,111.25488485694348,1730.2084203737827,3174
5086.0,5729,0,0,3,4.833773958113291,111.359574096701,1731.0177695664352,3177
5087.0,5729,0,0,0,4.785589241441022,111.42799790539361,1731.7602292743868,3174
5088.0,5727,0,0,2,4.72641520502096,111.60083813514929,1732.8836404495355,3196
5089.0,5725,0,0,2,4.667636231933211,111.79213973799126,1733.716904265504,3220
5090.0,5724,0,1,2,4.621434701957715,111.95877009084556,1734.2056999539805,3229
5091.0,5723,0,0,1,4.592863731013433,112.14660143281496,1734.8868784301515,3253
5092.0,5721,0,0,2,4.564817247519651,112.35291033036182,1735.3570481838854,3277
5093.0,5720,0,0,1,4.545326341340835,112.4805944055944,1735.8651238783204,3292
5094.0,5719,0,1,2,4.512993988449189,112.56775660080433,1736.0948125249122,3316
5095.0,5715,0,0,4,4.4806566750114545,112.8257217847769,1737.120724036379,3321
5096.0,5715,0,0,0,4.457034077005438,113.0174978127734,1737.8808583210186,3348
5097.0,5714,0,0,1,4.429559406156254,113.26828841442072,1738.874676449756,3375
5098.0,5713,0,1,2,4.387958201480391,113.53474531769648,1739.5169055457052,3388
5099.0,5709,0,0,4,4.343948852788257,113.90103345594675,1740.7998943321963,3403
5100.0,5706,0,0,3,4.305805283678234,114.33140553803014,1742.0297492043994,3433
5101.0,5702,0,0,4,4.275837402380917,114.68958260259558,1743.5210304623333,3472
5102.0,5701,0,1,2,4.2398522297926435,115.0570075425364,1744.0828202230766,3493
5103.0,5699,0,0,2,4.2020500793264235,115.3526934549921,1745.2580728612531,3504
5104.0,5693,0,0,6,4.163735889199835,115.72861408747585,1746.5592042901935,3524
5105.0,5693,0,1,1,4.1322594056606645,115.99455471631829,1746.8731953897275,3531
5106.0,5690,0,0,3,4.098625861764396,116.38980667838312,1748.3462761519263,3555
5107.0,5688,0,0,2,4.077443287597958,116.73945147679325,1748.9393415428585,3574
5108.0,5685,0,0,3,4.050205234968519,117.09305189094107,1750.0624140319646,3568
5109.0,5684,0,2,3,3.9998591821226332,117.41854327938071,1750.6118110214425,3590
5110.0,5681,0,0,3,3.9696202806910548,117.80161943319838,1752.0840036587056,3606
5111.0,5681,0,1,1,3.955058753370183,118.1216335152262,1752.8280885899026,3605
5112.0,5679,0,0,2,3.932957815619351,118.47314668075366,1754.1053768818854,3617
5113.0,5679,0,1,1,3.9166026199554795,118.84609966543405,1754.8234531826104,3632
5114.0,5678,0,0,1,3.889748603572855,119.21997182106375,1755.6823401857168,3645
5115.0,5676,0,1,3,3.8762035814132263,119.63195912614518,1756.58273384956,3670
5116.0,5675,0,0,1,3.852252908387453,120.02837004405286,1757.3733016886204,3671
5117.0,5673,0,1,3,3.837983288787116,120.49673893883308,1757.9500645969772,3695
5118.0,5672,0,0,1,3.826901758653102,120.89791960507758,1758.8944512284045,3710
5119.0,5670,0,1,3,3.8185517415101207,121.38130511463845,1758.956385170328,3725
5120.0,5669,0,1,2,3.8073551709928224,121.80790262832951,1759.2414766361796,3740
5121.0,5668,0,0,1,3.7923697043523927,122.25776287932251,1760.286466919498,3751
5122.0,5668,0,0,0,3.7776162296664424,122.74064925899788,1761.088854329631,3781
5123.0,5668,0,1,1,3.7519699192275207,123.2667607621736,1761.7538752388432,3801
5124.0,5667,0,0,1,3.7345121012820557,123.7420151755779,1762.547655477963,3816
5125.0,5665,0,0,2,3.716532018116782,124.22894969108562,1763.706160444185,3817
5126.0,5663,0,0,2,3.702638285415501,124.6867384778386,1765.0134748381631,3826
5127.0,5661,0,0,2,3.679036073381538,125.22275216392863,1766.0889257672445,3839
5128.0,5658,0,0,3,3.6510427855144427,125.80275715800636,1767.2928811273632,3844
5129.0,5656,0,0,2,3.6223062729459934,126.32938472418671,1768.581770301859,3873
5130.0,5654,0,1,3,3.5859260127501758,126.84966395472232,1769.624188971807,3875
5131.0,5651,0,0,3,3.6280073939755666,125.67474783224208,1770.9026559392753,3690
5132.0,5649,0,0,2,3.7114592923712264,124.79713223579395,1772.1467292418122,3551
5133.0,5648,0,0,1,3.8229223368845564,124.15421388101983,1772.6695191055983,3451
5134.0,5645,0,0,3,3.957828895430716,123.67812223206377,1774.2249693983545,3355
5135.0,5643,0,0,2,4.109968678618359,123.1217437533227,1774.9415665657282,3259
5136.0,5640,0,0,3,4.254330264334111,122.67641843971631,1775.9754538358711,3194
5137.0,5638,0,0,2,4.392131906225716,122.35438098616531,1776.6882258975934,3149
5138.0,5633,0,0,5,4.493386114658977,121.97212852831528,1778.017578540599,3117
5139.0,5631,0,0,2,4.588949976442724,121.7728645000888,1779.1054408356922,3075
5140.0,5628,0,0,3,4.6582645624010155,121.57977967306326,1779.9261627002172,3055
5141.0,5626,0,0,2,4.729810905942248,121.53626022040527,1780.9439439462724,3048
5142.0,5625,0,0,1,4.791881791957231,121.50293333333333,1781.7889916701695,3038
5143.0,5623,0,0,2,4.839481345643473,121.42841899341988,1782.9608416493443,3026
5144.0,5623,0,0,0,4.880381310237537,121.38555930997688,1783.6871870036962,3021
5145.0,5621,0,0,2,4.917017268982012,121.33570539049991,1784.596750557848,3019
5146.0,5619,0,0,2,4.9377435282522635,121.41840185086315,1785.3674336949002,3006
5147.0,5619,0,0,0,4.9633464496918975,121.28528207866168,1786.0883745209153,2989
5148.0,5618,0,0,1,4.997630788247916,121.08401566393735,1786.9944633649568,2969
5149.0,5617,0,0,1,5.031002666204409,120.95798468933594,1787.5177065285116,2955
5150.0,5616,0,0,1,5.05066368467249,120.80270655270655,1788.11806840157,2937
5151.0,5616,0,0,0,5.070359957832177,120.68536324786325,1788.8327085279616,2930
5152.0,5615,0,0,1,5.077669756057035,120.59893143365984,1789.8439838254662,2935
5153.0,5614,0,0,1,5.076436809711646,120.5331314570716,1790.512879172494,2919
5154.0,5612,0,0,2,5.067216310870831,120.6227726300784,1791.3855242108184,2917
5155.0,5611,0,0,1,5.059762030882515,120.69256816966673,1792.0447926524955,2923
5156.0,5611,0,0,0,5.067000210372159,120.64355729816432,1792.7593951545794,2910
5157.0,5611,0,0,0,5.063162953089251,120.69559793263232,1793.4743045029136,2934
5158.0,5609,0,0,2,5.049428211246508,120.7967552148333,1794.3646876229275,2937
5159.0,5608,0,0,1,5.0402848748596805,120.93027817403708,1794.8040397085815,2944
5160.0,5607,0,0,1,5.037114115137856,121.00873907615481,1795.592907519133,2944
5161.0,5605,0,0,2,5.031072085461821,121.14683318465656,1796.401509602635,2941
5162.0,5604,0,0,1,5.025537138564581,121.31673804425411,1797.3437537831412,2938
5163.0,5604,0,0,0,5.031473456888383,121.34760885082085,1798.0630799681383,2931
5164.0,5603,0,0,1,5.026442069313912,121.38729252186329,1799.04219840899,2924
5165.0,5603,0,0,0,5.018282070283722,121.4658218811351,1799.7636770688403,2913
5166.0,5602,0,0,1,4.994068124563671,121.63798643341664,1800.6952631822317,2929
5167.0,5602,0,0,0,4.977366685184335,121.7143877186719,1801.4192901637043,2933
5168.0,5600,0,0,2,4.939281161924678,121.8925,1802.4799803438095,2954
5169.0,5600,0,0,0,4.914922858930183,121.955,1803.2078509096323,2973
5170.0,5598,0,0,2,4.87965543847553,122.11682743837085,1804.1035096075627,2982
5171.0,5596,0,0,2,4.845899000386867,122.32219442458899,1805.309642150076,2993
5172.0,5596,0,0,0,4.814909508820234,122.44102930664761,1806.0448481259996,3008
5173.0,5595,0,0,1,4.777722611835167,122.6555853440572,1807.0460401991181,3035
5174.0,5592,0,0,3,4.730594144484439,122.88501430615165,1807.861332253806,3041
5175.0,5592,0,0,0,4.678583152907732,123.02503576537912,1808.6061749248179,3077
5176.0,5590,0,0,2,4.627528446010145,123.20107334525939,1809.4014522920797,3080
5177.0,5589,0,0,1,4.584007158229819,123.31776704240472,1810.205378637145,3083
5178.0,5589,0,0,0,4.55064968012273,123.47521918053319,1810.9593726125236,3091
5179.0,5587,0,0,2,4.52343389892318,123.65258636119563,1811.855844918076,3108
5180.0,5586,0,0,1,4.503420931380438,123.7873254564984,1812.783975744822,3129
5181.0,5583,0,1,4,4.464817246086601,123.99408919935519,1813.6879090195896,3134
5182.0,5583,0,1,1,4.441072539628106,124.23822317750313,1814.3174421581102,3175
5183.0,5580,0,0,3,4.421839539422144,124.50985663082437,1814.7534844680365,3176
5184.0,5579,0,0,1,4.407088437139802,124.72916293242517,1815.5913093097793,3198
5185.0,5578,0,1,2,4.376099026001799,124.99551810684834,1816.1305987886055,3219
5186.0,5577,0,0,1,4.351712624647376,125.24941724941725,1816.8156289435196,3223
5187.0,5578,0,3,2,4.326151042607328,125.49874506991753,1816.9892933662536,3251
5188.0,5578,0,0,0,4.315327675689557,125.7448906418071,1817.7591953049723,3282
5189.0,5577,0,0,1,4.287897306079708,125.97991751837905,1818.7473086725527,3288
5190.0,5577,0,0,0,4.263786273742578,126.28545813161197,1819.520201297506,3315
5191.0,5576,0,0,1,4.243220251455248,126.5930774748924,1820.4940778109064,3335
5192.0,5576,0,0,0,4.216821446664069,126.89185796269727,1821.2704469728483,3355
5193.0,5575,0,1,2,4.1872569206524775,127.17542600896861,1821.802106415704,3373
5194.0,5575,0,1,1,4.176767378789881,127.41058295964126,1822.2732831508863,3389
5195.0,5575,0,1,1,4.168794101098185,127.76071748878924,1823.0055897972773,3414
5196.0,5572,0,0,3,4.149779924558531,128.21392677674083,1823.6549403423423,3438
5197.0,5571,0,0,1,4.134288531986917,128.59576377670078,1824.6921281543343,3451
5198.0,5569,0,0,2,4.127476327272124,128.9495421080984,1825.7963497520018,3463
5199.0,5569,0,1,1,4.113266272039233,129.29592386424852,1826.3009277614963,3473
5200.0,5567,0,1,3,4.077458828638656,129.69409017424107,1826.713270176198,3483
5201.0,5565,0,2,4,4.044999742911832,130.12165318957773,1827.6098793277467,3492
5202.0,5565,0,0,0,4.031360237609231,130.5151841868823,1828.3997201262541,3499
5203.0,5561,0,1,5,4.001658884821984,130.9870526883654,1829.395916647264,3512
5204.0,5559,0,0,2,3.991444473685916,131.3837021046951,1830.6065660970426,3531
5205.0,5558,0,2,3,3.9735784295931036,131.7736595897805,1831.2354304105002,3542
5206.0,5558,0,0,0,3.9555634814536895,132.21338611011154,1832.0303277994428,3571
5207.0,5557,0,1,2,3.923778765694964,132.72899046247974,1832.6755473607093,3590
5208.0,5556,0,0,1,3.8961650537132257,133.1859251259899,1833.7325754514259,3605
5209.0,5558,0,2,0,3.867706310206129,133.57178841309823,1833.8731962916618,3636
5210.0,5557,0,1,2,3.8392383361362636,134.08007917941336,1834.558399219252,3670
5211.0,5557,0,1,1,3.808947114289779,134.60680223141983,1835.038816824962,3682
5212.0,5556,0,0,1,3.782748786867356,135.1688264938805,1836.1096388355875,3715
5213.0,5555,0,0,1,3.761585223811658,135.62142214221421,1836.8625665447769,3733
5214.0,5555,0,0,0,3.731074965666721,136.05040504050405,1837.6714334492804,3746
5215.0,5555,0,1,1,3.7005606688622503,136.51989198919892,1838.0688315376042,3766
5216.0,5554,0,0,1,3.67527252558801,136.95786820309687,1839.039649476266,3776
5217.0,5553,0,0,1,3.6486020047889696,137.41617143886188,1840.1476206703203,3797
5218.0,5551,0,0,2,3.620146115080759,137.87822014051523,1841.3174705401816,3795
5219.0,5549,0,0,2,3.582908724845738,138.3528563705172,1842.2658850407693,3829
5220.0,5548,0,1,2,3.5463432033037945,138.82191780821918,1843.2452067780323,3845
5221.0,5546,0,0,2,3.583294229185059,137.7592859718716,1844.3734045391063,3660
5222.0,5545,0,0,1,3.679042618863066,137.1136158701533,1845.4599046717547,3532
5223.0,5542,0,0,3,3.7978127335162353,136.67322266329845,1846.6816048103383,3428
5224.0,5541,0,0,1,3.9417196025091785,136.02364194188775,1847.5816247307525,3318
5225.0,5537,0,0,4,4.083302210320099,135.73613870326892,1848.84492521719,3256
5226.0,5534,0,0,3,4.2344309718957165,135.5108420672208,1849.6633539185655,3187
5227.0,5532,0,0,2,4.38373255623455,135.22505422993493,1850.469827088514,3111
5228.0,5528,0,0,4,4.5044576414033575,135.01049204052097,1851.7171581200346,3075
5229.0,5526,0,0,2,4.612374041440189,134.85866811436844,1852.744097455428,3053
5230.0,5523,0,0,3,4.69000429449086,134.89679521998914,1853.9315322532275,3030
5231.0,5522,0,0,1,4.766045529987698,134.734697573343,1854.9420626271753,3015
5232.0,5520,0,0,2,4.824092208718815,134.6090579710145,1855.665490631387,2992
5233.0,5519,0,0,1,4.8696023196104035,134.5296249320529,1856.6834410594756,2978
5234.0,5519,0,0,0,4.915828871033091,134.49918463489763,1857.408733068763,2976
5235.0,5518,0,0,1,4.952951447603651,134.40231968104385,1858.0924579290313,2977
5236.0,5517,0,0,1,4.986247550849704,134.28548123980426,1859.1044413701695,2952
5237.0,5515,0,0,2,4.995718066284548,134.28558476881233,1859.8127876765702,2945
5238.0,5513,0,0,2,4.9926964668879785,134.28695809903863,1860.9347824475624,2931
5239.0,5512,0,0,1,4.995572812477098,134.29245283018867,1861.5888713971838,2924
5240.0,5512,0,0,0,4.996286034332542,134.37808417997098,1862.307240285666,2927
5241.0,5512,0,0,0,4.9937720830753145,134.42797532656024,1863.0260164609617,2925
5242.0,5511,0,0,1,4.984190048057384,134.47015060787515,1863.8557299757445,2931
5243.0,5509,0,0,2,4.957355320843991,134.56271555636232,1865.0813635439029,2917
5244.0,5508,0,0,1,4.937978803268893,134.73093681917211,1866.0415228758736,2934
5245.0,5505,0,0,3,4.929589252808354,134.7669391462307,1867.3044993254919,2908
5246.0,5504,0,0,1,4.934804335126628,134.84156976744185,1868.3105919347643,2915
5247.0,5504,0,0,0,4.932807622406264,134.88680959302326,1869.0328566355067,2910
5248.0,5502,0,0,2,4.915524887899257,134.90039985459833,1870.276015964636,2910
5249.0,5502,0,0,0,4.902441062473686,134.941475826972,1871.0004845938497,2915
5250.0,5501,0,0,1,4.888506456933942,135.0278131248864,1871.9685002052827,2901
5251.0,5501,0,1,1,4.879463460365295,134.99345573532085,1872.4150120852235,2913
5252.0,5502,0,1,0,4.866355693077632,134.84314794620138,1872.8019534293328,2899
5253.0,5501,0,0,1,4.859109118128623,135.02890383566626,1873.5525375088012,2908
5254.0,5499,0,0,2,4.833757445190556,135.1505728314239,1874.2090661163559,2912
5255.0,5499,0,0,0,4.825978949092491,135.20349154391707,1874.9403699309769,2912
5256.0,5496,0,0,3,4.8181594481691965,135.33042212518194,1876.2591922733911,2909
5257.0,5495,0,0,1,4.798570398984871,135.38908098271156,1876.920803173864,2921
5258.0,5493,0,0,2,4.781374807368691,135.58274167121792,1878.080921948391,2935
5259.0,5491,0,0,2,4.750992118345907,135.7588781642688,1878.9253455403,2947
5260.0,5489,0,0,2,4.723186981096321,135.8664601931135,1879.8481472435617,2945
5261.0,5488,0,0,1,4.688634384919433,135.9646501457726,1880.8078151770198,2969
5262.0,5486,0,0,2,4.654871311219551,136.0995260663507,1881.600918134812,2979
5263.0,5483,0,0,3,4.620741421507895,136.26755425861754,1883.068402917397,2992
5264.0,5483,0,0,0,4.580517630535574,136.38391391573956,1883.8223601850937,3025
5265.0,5482,0,0,1,4.538550258875788,136.51076249543962,1884.8106660478793,3054
5266.0,5479,0,0,3,4.498292732368208,136.67092535134148,1885.9387550901488,3065
5267.0,5478,0,0,1,4.461220705572483,136.80266520627967,1886.891970573204,3071
5268.0,5476,0,1,3,4.41709952080619,136.97059897735573,1887.8648716008975,3079
5269.0,5476,0,1,1,4.381522348953099,136.97242512783055,1888.484530376929,3091
5270.0,5475,0,0,1,4.342916748503669,137.12858447488586,1889.3507938929235,3108
5271.0,5471,0,0,4,4.312265763409813,137.26868945348198,1890.294869575752,3131
5272.0,5471,0,1,1,4.275947827566636,137.2749040394809,1890.8017193092592,3144
5273.0,5469,0,0,2,4.247568673762814,137.4384713841653,1891.323724616288,3162
5274.0,5468,0,0,1,4.213302822321509,137.59272128749086,1892.2425389243406,3184
5275.0,5465,0,0,3,4.173880566734835,137.86953339432753,1892.743459044146,3207
5276.0,5463,0,1,3,4.144890837138601,138.13838550247118,1893.3872612229325,3240
5277.0,5463,0,1,1,4.11288976221288,138.33644517664288,1893.799350758471,3258
5278.0,5461,0,0,2,4.078288318149397,138.61234206189343,1894.63166137454,3283
5279.0,5460,0,1,2,4.045071920383888,138.86043956043957,1894.9194910748272,3305
5280.0,5460,0,0,0,4.025549738631106,139.10659340659342,1895.7083910726863,3329
5281.0,5460,0,1,1,4.000440700028965,139.3254578754579,1896.2769694475683,3342
5282.0,5460,0,1,1,3.9878482924018055,139.57527472527474,1896.617224139769,3374
5283.0,5456,0,0,4,3.961219688843457,140.02291055718476,1897.6551455337647,3393
5284.0,5456,0,1,1,3.9371827324915456,140.35685483870967,1898.2766428424056,3416
5285.0,5456,0,1,1,3.908771920748529,140.6174853372434,1898.5825820494401,3425
5286.0,5454,0,1,3,3.8754736044817064,141.015768243491,1899.4057091553734,3450
5287.0,5455,0,1,0,3.838925443534695,141.25994500458296,1899.8581361438462,3458
5288.0,5454,0,2,3,3.8015098041011037,141.51411807847452,1900.4054415632004,3460
5289.0,5453,0,0,1,3.776633737945416,141.86026040711536,1901.2060061704344,3502
5290.0,5453,0,2,2,3.738397222652649,142.18631945717954,1901.700365582202,3527
5291.0,5451,0,1,3,3.7107917371334547,142.5789763346175,1902.5280520990443,3538
5292.0,5452,0,1,0,3.6952594535139043,142.92956713132796,1902.9896361715998,3555
5293.0,5450,0,0,2,3.6793361132884317,143.35449541284405,1904.2351507624098,3563
5294.0,5450,0,0,0,3.6662557933026516,143.77688073394495,1905.0481241887876,3585
5295.0,5448,0,1,3,3.6517414129919725,144.1406020558003,1905.6727709689935,3585
5296.0,5449,0,1,0,3.6474047923555326,144.47917048999815,1906.1384196872482,3593
5297.0,5446,0,0,3,3.6326446098395975,144.87623944179214,1907.2838882600279,3618
5298.0,5446,0,1,1,3.6195690832467724,145.27175908923982,1907.8946003370518,3640
5299.0,5446,0,0,0,3.6147582246511964,145.68435549026808,1908.7129738095766,3653
5300.0,5445,0,0,1,3.5947203416877835,146.14325068870522,1909.6736873891502,3675
5301.0,5446,0,1,0,3.5759190244814474,146.5396621373485,1910.144478980934,3704
5302.0,5445,0,1,2,3.553656112425837,147.05013774104683,1910.6187644707645,3733
5303.0,5444,0,0,1,3.525388881153365,147.5290227773696,1911.518042373406,3732
5304.0,5440,0,0,4,3.4801818023064803,148.1345588235294,1912.6469031771458,3761
5305.0,5439,0,0,1,3.4579742378722127,148.64920022062879,1913.710034126505,3777
5306.0,5438,0,0,1,3.423872270114108,149.18002942258184,1914.5818831569625,3796
5307.0,5437,0,1,2,3.3948193688193755,149.67132609895162,1915.2804388101238,3805
5308.0,5437,0,0,0,3.3673520022678813,150.11201029979767,1916.1147708771964,3827
5309.0,5434,0,0,3,3.3296549463182976,150.62992270887008,1917.6061756013778,3849
5310.0,5432,0,0,2,3.2940017345073276,151.17673048600884,1918.847678445825,3875
5311.0,5430,0,0,2,3.343710721046251,150.0802946593002,1919.8696917976415,3679
5312.0,5429,0,0,1,3.4442649768138565,149.2902928716154,1920.8965961809135,3520
5313.0,5427,0,0,2,3.568814581698177,148.88815183342547,1921.7307920319997,3415
5314.0,5425,0,0,2,3.7077880162373016,148.56534562211982,1922.2062057077094,3324
5315.0,5425,0,0,0,3.8653670867708656,148.23612903225808,1923.0038112998823,3242
5316.0,5425,0,0,0,4.0205182521560925,148.06875576036867,1923.7909270015382,3189
5317.0,5425,0,0,0,4.187205419930485,147.91649769585254,1924.566140523916,3140
5318.0,5425,0,0,0,4.328308096110812,147.76755760368664,1925.3314248265422,3093
5319.0,5423,0,0,2,4.442080926938117,147.7698690761571,1926.1835254737127,3073
5320.0,5423,0,0,0,4.539918165598614,147.65388161534207,1926.9348960103396,3042
5321.0,5422,0,0,1,4.603216023119132,147.7399483585393,1927.7555382044254,3032
5322.0,5422,0,0,0,4.663371154703605,147.6469937292512,1928.4983500038163,2998
5323.0,5420,0,0,2,4.695047914635689,147.83616236162362,1929.7113419248142,3004
5324.0,5419,0,0,1,4.747760714551898,147.91234545119025,1930.6567735146891,2982
5325.0,5418,0,0,1,4.794420079635621,148.08490217792544,1931.630924402134,2976
5326.0,5417,0,0,1,4.827566809535125,148.23906221155622,1932.5994820095566,2983
5327.0,5417,0,0,0,4.866312414643412,148.29961233154881,1933.3295401918622,2977
5328.0,5416,0,0,1,4.904383342785397,148.45144017725258,1934.317422676896,2966
5329.0,5416,0,0,0,4.936917226757075,148.5452363367799,1935.0437005370459,2937
5330.0,5413,0,0,3,4.94435627772699,148.84574173286532,1936.1047211302603,2934
5331.0,5413,0,0,0,4.961069328839401,148.8512839460558,1936.8287553915713,2914
5332.0,5412,0,0,1,4.962202138993795,149.0131189948263,1937.6880565545803,2906
5333.0,5412,0,0,0,4.97538600981234,149.1090169992609,1938.4116162606435,2903
5334.0,5410,0,0,2,4.968495292281895,149.3325323475046,1939.2763922566585,2898
5335.0,5408,0,0,2,4.968641075652836,149.47244822485206,1940.1304143581135,2895
5336.0,5408,0,0,0,4.978986866383739,149.5530695266272,1940.8542524420704,2887
5337.0,5406,0,0,2,4.985421918928735,149.71217166111728,1941.674007945797,2888
5338.0,5406,0,0,0,4.9960642613128075,149.79615242323345,1942.396338894793,2880
5339.0,5405,0,0,1,4.993374698283265,149.90527289546716,1943.056758499799,2876
5340.0,5402,0,0,3,4.975146951192313,150.08015549796372,1944.1795695237201,2862
5341.0,5402,0,0,0,4.957414987445512,150.11310625694188,1944.9053553595859,2842
5342.0,5401,0,1,2,4.934745518832563,150.22699500092577,1945.191988172681,2857
5343.0,5400,0,0,1,4.906219973457656,150.34703703703704,1946.1819867037955,2860
5344.0,5399,0,0,1,4.883126945977,150.3930357473606,1946.8322718727507,2864
5345.0,5398,0,0,1,4.858361625605714,150.43182660244534,1947.440735118483,2856
5346.0,5397,0,0,1,4.838501719612438,150.55271447100242,1948.2634255571475,2865
5347.0,5394,0,0,3,4.806935906340895,150.6933629959214,1949.1342638665637,2869
5348.0,5391,0,0,3,4.766040024267899,150.79706918938973,1949.6070513675022,2867
5349.0,5391,0,0,0,4.729766757910504,150.88944537191617,1950.3495499422381,2880
5350.0,5389,0,1,3,4.67690753247689,151.15475969567638,1950.910208549641,2908
5351.0,5389,0,0,0,4.641352344239754,151.33438485804416,1951.658526343341,2933
5352.0,5387,0,0,2,4.609565876825196,146.48876925932802,1952.4882552614145,2897
5353.0,5386,0,0,1,4.640443880440031,137.5371333085778,1953.4256669022993,2789
5354.0,5383,0,0,3,4.6822210766802295,130.4224410180197,1954.0485969690317,2718
5355.0,5381,0,0,2,4.69106391013819,127.9356996840736,1954.6618579390242,2715
5356.0,5381,0,1,1,4.675450090266242,125.82475376324103,1955.2891858711241,2697
5357.0,5378,0,0,3,4.654223210971073,124.33432502789141,1956.0107449582583,2699
5358.0,5377,0,1,2,4.646678766992962,122.99962804537846,1956.4938767344502,2717
5359.0,5375,0,0,2,4.64328943778878,122.0446511627907,1957.2828973713358,2731
5360.0,5374,0,1,2,4.647916267289356,121.09378489021213,1957.7287259917962,2744
5361.0,5373,0,1,2,4.6397877701262695,120.3426391215336,1958.6136440183861,2760
5362.0,5370,0,0,3,4.642558952595956,119.91378026070764,1959.2487548092033,2764
5363.0,5369,0,1,2,4.6443735518879805,119.2940957347737,1959.6678034427298,2758
5364.0,5365,0,0,4,4.637947783527083,119.10475302889095,1960.736393013532,2780
5365.0,5364,0,3,4,4.611338249677301,118.91629381058911,1960.4487099627224,2797
5366.0,5363,0,0,1,4.591031173057467,118.73503636024613,1961.1667282458122,2799
5367.0,5361,0,0,2,4.568314222550181,118.55250886028726,1961.8210063329489,2826
5368.0,5362,0,2,1,4.544595037508858,118.35042894442373,1961.5441522498288,2844
5369.0,5360,0,0,2,4.506165575117282,118.09496268656716,1961.9857949575628,2870
5370.0,5360,0,2,2,4.470312648906422,118.04888059701493,1961.8685432430232,2895
5371.0,5360,0,1,1,4.447520422385672,117.68190298507463,1962.0818225664973,2904
5372.0,5359,0,0,1,4.4256842299383505,117.57305467437955,1962.520431476896,2916
5373.0,5359,0,1,1,4.399114568041327,117.35827579772345,1963.1402836475472,2939
5374.0,5359,0,1,1,4.387094122788244,117.30919947751447,1963.743218813642,2952
5375.0,5358,0,0,1,4.379238624573877,117.22583053378126,1964.6096891846664,2973
5376.0,5361,0,4,1,4.366068988652418,117.2865137101287,1963.9943447273838,2994
5377.0,5360,0,0,1,4.3517548211357315,117.21361940298507,1964.717880587581,2999
5378.0,5360,0,2,2,4.330383989702491,117.02985074626865,1964.6336468336635,3017
5379.0,5360,0,0,0,4.307633115255813,116.97033582089553,1965.370122921181,3026
5380.0,5358,0,1,3,4.28198198613639,116.60171705860395,1965.6521619421917,3037
5381.0,5359,0,1,0,4.260613887055604,116.61597312931517,1966.0239488775376,3055
5382.0,5358,0,1,2,4.234846668018327,116.5658827920866,1966.4493566988263,3062
5383.0,5355,0,0,3,4.208759625458228,116.58506069094304,1967.4792459170055,3086
5384.0,5356,0,3,2,4.175188663777286,116.71788648244959,1966.9710176164344,3109
5385.0,5357,0,1,0,4.152124468496556,116.870636550308,1967.3469266521972,3124
5386.0,5356,0,0,1,4.130905640151784,117.00784167289022,1967.9613470530069,3128
5387.0,5357,0,2,1,4.10922375742504,117.10304274780661,1968.2098751256021,3139
5388.0,5356,0,0,1,4.088929957289417,117.43876026885735,1969.1029735702236,3160
5389.0,5356,0,0,0,4.071851115041921,117.64320388349515,1969.8505787821778,3151
5390.0,5355,0,2,3,4.048779473692284,117.92492997198879,1969.6307522203015,3159
5391.0,5353,0,0,2,4.014364433489298,118.24771156360919,1970.297164355684,3180
5392.0,5354,0,1,0,4.008013481171303,118.57246918192006,1970.6809140676073,3199
5393.0,5354,0,1,1,3.9885692738531064,118.72543892416884,1971.147976478485,3198
5394.0,5354,0,0,0,3.9787111595033786,118.98113559955173,1971.9035421683498,3205
5395.0,5354,0,0,0,3.9597608929076213,119.31639895405304,1972.6598729064642,3228
5396.0,5355,0,1,0,3.9388974107854504,119.64929971988795,1973.050578858748,3237
5397.0,5356,0,1,0,3.942262080458081,119.99626587005228,1973.441750881224,3255
5398.0,5357,0,1,0,3.9469815551771834,120.40489079708792,1973.8335098439245,3291
5399.0,5357,0,0,0,3.9611415405401433,120.77804741459772,1974.5943144856878,3289
5400.0,5357,0,0,0,3.9605210811421023,121.14597722605936,1975.3545186687156,3302
5401.0,5358,0,1,0,4.026310869702745,119.85834266517357,1975.7412760079758,3115
5402.0,5358,0,0,0,4.13461681195085,118.90574841358716,1976.488779993104,2973
5403.0,5357,0,0,1,4.26591055112875,118.23875303341423,1977.244091510103,2869
5404.0,5358,0,1,0,4.4154091967380396,117.60115714818963,1977.6045491187679,2784
5405.0,5358,0,0,0,4.575603952800911,117.08435983575961,1978.3236782148438,2687
5406.0,5358,0,0,0,4.75159495849866,116.62523329600597,1979.0301998314903,2605
5407.0,5357,0,0,1,4.912616150420262,116.21952585402278,1979.6802024521637,2542
5408.0,5354,0,0,3,5.055764960656743,115.97329099738513,1980.4111125770605,2510
5409.0,5354,0,0,0,5.17522162699729,115.79193126634293,1981.0896145461443,2471
5410.0,5354,0,1,1,5.281708162828382,115.59226746357864,1981.145996398551,2450
5411.0,5354,0,0,0,5.360839497789037,115.39633918565559,1981.8122605680396,2423
5412.0,5354,0,0,0,5.427564505835121,115.237952932387,1982.474160871928,2407
5413.0,5354,0,0,0,5.484516288692003,115.14960776989167,1983.1328389522166,2389
5414.0,5353,0,0,1,5.540126890004196,115.01345040164394,1983.8101703866166,2370
5415.0,5353,0,0,0,5.599342046100902,114.78423314029516,1984.4605010252692,2349
5416.0,5352,0,0,1,5.63994655753773,114.73579970104633,1984.8998296309808,2348
5417.0,5352,0,2,2,5.673891258255201,114.72197309417041,1984.8690919529215,2342
5418.0,5351,0,0,1,5.711289847294694,114.74640254158102,1985.4715350054423,2332
5419.0,5351,0,0,0,5.728499162764133,114.74004858904878,1986.115163052437,2322
5420.0,5350,0,0,1,5.741066469943921,114.72485981308411,1986.8237065357052,2311
5421.0,5350,0,0,0,5.762068668606842,114.63757009345794,1987.4654555937957,2302
5422.0,5348,0,0,2,5.768200044721863,114.70587135377711,1988.203288418111,2289
5423.0,5347,0,0,1,5.77825207641986,114.66953431830933,1989.1780681045402,2277
5424.0,5346,0,0,1,5.775204781310783,114.66255144032922,1989.642518174206,2286
5425.0,5345,0,0,1,5.771927893779297,114.60093545369504,1990.616121231123,2276
5426.0,5345,0,2,2,5.753539277905271,114.5244153414406,1990.541810406567,2274
5427.0,5345,0,0,0,5.753516488837142,114.41945743685687,1991.1869310658494,2267
5428.0,5343,0,0,2,5.742383578503786,114.3937862623994,1991.7704282468706,2278
5429.0,5343,0,0,0,5.747448327885333,114.30394909227026,1992.4178142874082,2275
5430.0,5342,0,0,1,5.756397468543565,114.20928491201798,1993.0435812537066,2278
5431.0,5342,0,0,0,5.747737739805364,114.23530512916511,1993.691506052207,2286
5432.0,5343,0,1,0,5.735551697513961,114.24611641399963,1993.968211749455,2298
5433.0,5343,0,0,0,5.729095949151219,114.31405577390979,1994.618859282082,2312
5434.0,5342,0,0,1,5.719346696640914,114.33508049419693,1995.1587971296497,2341
5435.0,5342,0,0,0,5.709089294414694,114.29876450767503,1995.8125382389337,2339
5436.0,5342,0,0,0,5.697920413137176,114.31710969674279,1996.4672500480424,2360
5437.0,5343,0,1,0,5.684710445520175,114.28897623058207,1996.7499676283546,2373
5438.0,5344,0,1,0,5.670770373027775,114.34300149700599,1997.0342591241003,2385
5439.0,5344,0,0,0,5.636082351544679,114.41148952095809,1997.6960777802356,2395
5440.0,5345,0,1,0,5.6075661348293755,114.40617399438727,1997.9863238082621,2419
5441.0,5345,0,0,0,5.576454105795897,114.47240411599626,1998.652609969706,2432
5442.0,5345,0,0,0,5.550666616688503,114.49915809167446,1999.320359543319,2439
5443.0,5345,0,1,1,5.508054541046722,114.60318054256314,1999.8639771713197,2456
5444.0,5343,0,1,3,5.450030759018321,114.76455174995321,2000.3495651410958,2486
5445.0,5343,0,0,0,5.408889902536002,114.88377316114543,2001.0293166814815,2514
5446.0,5344,0,1,0,5.373111289478624,114.9127994011976,2001.3374590613537,2517
5447.0,5343,0,0,1,5.347027412366147,114.93486805165637,2002.3227719095642,2525
5448.0,5342,0,0,1,5.329970251058322,114.9623736428304,2002.8756225017196,2532
5449.0,5344,0,2,0,5.318373477494228,114.97080838323353,2002.8132464147757,2538
5450.0,5342,0,0,2,5.307857209787465,114.95881692250093,2003.5502913856421,2569
5451.0,5343,0,2,1,5.292909097961361,115.00524050159086,2003.4172981129984,2577
5452.0,5343,0,1,1,5.283746439174685,115.10499719258843,2003.9497542675385,2599
5453.0,5342,0,0,1,5.273477982182508,115.20329464619992,2004.786155876718,2603
5454.0,5342,0,1,1,5.261654108086357,115.31374017222014,2005.055815709504,2620
5455.0,5342,0,2,2,5.238880183900015,115.44964432796705,2004.7837326620402,2643
5456.0,5341,0,0,1,5.2274592729334515,115.60513012544467,2005.62951982139,2663
5457.0,5340,0,1,2,5.215573832092648,115.78071161048689,2006.2854129850498,2679
5458.0,5340,0,1,1,5.207489281328923,115.98988764044944,2006.8159486561567,2701
5459.0,5339,0,1,2,5.179460349623024,116.16238996066679,2007.0337366814117,2704
5460.0,5338,0,1,2,5.162013335904678,116.4145747470963,2007.1810463781899,2733
5461.0,5338,0,1,1,5.13670207544375,116.61390033720494,2007.404097248827,2739
5462.0,5337,0,0,1,5.108690721673898,116.86059584035975,2008.2389442594022,2766
5463.0,5338,0,1,0,5.086675332705237,117.14012738853503,2008.5751332629022,2804
5464.0,5338,0,0,0,5.081038434965797,117.3010490820532,2009.289691079998,2816
5465.0,5340,0,2,0,5.0768426134697915,117.52827715355805,2009.2515892621566,2851
5466.0,5342,0,2,0,5.074652387567218,117.77499064020967,2009.2138463449974,2883
5467.0,5342,0,1,1,5.0692686764770665,117.98296518157993,2009.4758984450148,2893
5468.0,5342,0,0,0,5.083462363172965,118.2594533882441,2010.192666423249,2901
5469.0,5344,0,2,0,5.0919333233094255,118.45396706586827,2010.1577642719208,2912
5470.0,5345,0,1,0,5.078141568705214,118.6911131898971,2010.5014736212786,2922
5471.0,5345,0,0,0,5.060299974331505,118.94275023386342,2011.2235733994426,2944
5472.0,5348,0,3,0,5.0589046450381625,119.1413612565445,2010.8187610888774,2976
5473.0,5347,0,0,1,5.059247725191215,119.45763979801758,2011.3817951044707,2988
5474.0,5348,0,1,0,5.056320102277817,119.75056095736724,2011.7306521288774,3009
5475.0,5348,0,0,0,5.051877359155616,120.01645474943905,2012.457588079306,3027
5476.0,5349,0,1,0,5.050797269155251,120.29968218358572,2012.809922135434,3038
5477.0,5350,0,1,0,5.044102324321859,120.58654205607476,2013.1631912905139,3056
5478.0,5351,0,1,0,5.032059790585518,120.8572229489815,2013.517067191603,3055
5479.0,5351,0,0,0,5.026228020406024,121.1390394318819,2014.2484348767662,3059
5480.0,5352,0,2,1,5.010856867641474,121.46860986547085,2014.5401332658964,3082
5481.0,5350,0,0,2,4.987875195089434,121.92317757009346,2015.7288421737903,3117
5482.0,5349,0,0,1,4.970552473912183,122.27818283791363,2016.513926556176,3109
5483.0,5347,0,1,3,4.957874333073808,122.68935851879559,2017.080947153959,3125
5484.0,5346,0,1,2,4.941183167422302,123.07987280209503,2017.6364329173896,3143
5485.0,5344,0,1,3,4.929666801928446,123.47791916167665,2018.640731005015,3170
5486.0,5344,0,1,1,4.9215098757598446,123.80108532934132,2018.9771240892755,3172
5487.0,5341,0,0,3,4.904614419684282,124.22280471821756,2020.0774568862087,3181
5488.0,5338,0,0,3,4.88062075955234,124.73136005994755,2021.3821755424226,3213
5489.0,5339,0,2,1,4.861292250941699,125.1146282075295,2021.4256168251686,3239
5490.0,5337,0,0,2,4.834348147806731,125.54450065579914,2022.3611544727573,3248
5491.0,5336,0,1,2,4.890346855936953,124.08808095952024,2023.0299007412493,3061
5492.0,5335,0,1,2,4.9811134032621025,123.16644798500468,2023.8356940828662,2944
5493.0,5336,0,1,0,5.102035581509778,122.41248125937031,2024.185091112465,2845
5494.0,5334,0,0,2,5.231465832386334,121.78552680914886,2025.4313588230827,2755
5495.0,5334,0,1,1,5.38417116163913,121.09411323584553,2025.580869238347,2681
5496.0,5333,0,0,1,5.531986011490036,120.57566097881117,2026.5443163203959,2608
5497.0,5332,0,1,2,5.665097157106508,120.13447111777944,2027.4166031653278,2570
5498.0,5331,0,0,1,5.785164602957076,119.76533483398987,2028.404296035201,2533
5499.0,5331,0,1,1,5.886578156796997,119.40742824985931,2028.9392474863673,2506
5500.0,5329,0,1,3,5.971581679268033,119.10977669356352,2029.2456178329196,2468
5501.0,5328,0,0,1,6.033412722987396,118.92154654654655,2030.1461245636474,2462
5502.0,5329,0,1,0,6.083114210124464,118.70651154062676,2030.4282935521162,2461
5503.0,5326,0,0,3,6.135024862366272,118.60063837776943,2031.7047016892175,2447
5504.0,5327,0,2,1,6.164169947317524,118.59770978036418,2031.7616270369301,2427
5505.0,5326,0,0,1,6.189593867430353,118.38865940668418,2032.2921421677315,2418
5506.0,5326,0,1,1,6.201633767805967,118.13743897859557,2032.747577434163,2414
5507.0,5327,0,1,0,6.212103535707682,117.83311432325887,2033.0189248813256,2397
5508.0,5327,0,1,1,6.208359654625996,117.84531631312183,2033.4871033148036,2394
5509.0,5326,0,0,1,6.2193523999378115,117.63556139692076,2034.3373381165313,2387
5510.0,5325,0,1,2,6.227552599109192,117.46760563380282,2035.067314392287,2377
5511.0,5324,0,0,1,6.232809289007681,117.26671675432006,2035.846974829638,2373
5512.0,5325,0,1,0,6.243766362618338,116.81577464788732,2036.1178856811416,2341
5513.0,5325,0,0,0,6.252881666723611,116.83136150234742,2036.7711830741682,2340
5514.0,5325,0,1,1,6.249049992434007,116.59079812206573,2037.2506754152728,2335
5515.0,5324,0,0,1,6.258596453852312,116.42054845980466,2038.134340993325,2338
5516.0,5324,0,2,2,6.264435270599215,116.11513899323816,2038.0277784011091,2337
5517.0,5323,0,1,2,6.255489416126769,115.91959421378921,2038.7013776433912,2326
5518.0,5323,0,1,1,6.260621739623101,115.72139770805937,2039.0225943758683,2325
5519.0,5321,0,1,3,6.257727294985084,115.53504980266867,2039.7788686869678,2326
5520.0,5320,0,0,1,6.250669777798847,115.27593984962407,2040.2497062189425,2331
5521.0,5320,0,1,1,6.240295974378622,114.97725563909775,2040.6890186080377,2325
5522.0,5318,0,0,2,6.220935134979969,114.74144415193682,2041.8978247438695,2329
5523.0,5317,0,1,2,6.210360421624982,114.74666165130712,2042.4929321724933,2328
5524.0,5314,0,1,4,6.1833523067233305,114.57696650357546,2043.5618448367466,2332
5525.0,5313,0,1,2,6.144699405011405,114.63824581215886,2043.8351299996693,2349
5526.0,5311,0,0,2,6.130494829713883,114.51929956693655,2044.6643487485064,2374
5527.0,5310,0,0,1,6.106866738463159,114.34369114877589,2045.5961279938688,2394
5528.0,5308,0,1,3,6.0740720632802265,114.2166541070083,2046.2166863059936,2404
5529.0,5308,0,1,1,6.048279551500145,114.27279577995479,2046.3376094876398,2404
5530.0,5306,0,0,2,6.00964861181016,114.15265736901621,2047.1904879887295,2418
5531.0,5307,0,1,0,5.976189953813589,113.89560957226306,2047.4833666603213,2404
5532.0,5306,0,0,1,5.9396244412680685,113.81247644176405,2048.4562032980807,2447
5533.0,5305,0,0,1,5.910608386300639,113.78114985862393,2048.98579395713,2475
5534.0,5305,0,1,1,5.888296653523604,113.73741753063148,2049.486056861246,2489
5535.0,5304,0,1,2,5.862524484423266,113.90893665158372,2049.941584885421,2491
5536.0,5304,0,0,0,5.8471346315746855,113.6826923076923,2050.63086321627,2486
5537.0,5303,0,0,1,5.817779051156182,113.54139166509523,2051.601077399408,2493
5538.0,5304,0,1,0,5.808894365832857,113.3107088989442,2051.906496326304,2495
5539.0,5305,0,1,0,5.798367565362661,113.14458058435439,2052.2126955259127,2501
5540.0,5306,0,1,0,5.789530931701622,112.95269506219374,2052.5207291952725,2522
5541.0,5306,0,2,2,5.788924091991618,113.05333584621184,2052.29416957371,2541
5542.0,5306,0,0,0,5.784341671398268,113.16283452695062,2052.989892221304,2548
5543.0,5307,0,2,1,5.784459988216518,113.30450348596193,2052.645500929775,2582
5544.0,5305,0,0,2,5.791615388220377,113.48162111215834,2053.1287570592453,2589
5545.0,5304,0,1,2,5.788084942784801,113.65158371040724,2053.3632392062177,2610
5546.0,5304,0,2,2,5.765406328440485,113.68344645550528,2053.319816774424,2617
5547.0,5304,0,1,1,5.746797335184588,113.87443438914028,2053.567326332742,2656
5548.0,5302,0,0,2,5.724983537682311,114.10298000754432,2054.2380832712543,2693
5549.0,5302,0,1,1,5.697305946171392,114.21369294605809,2054.4650037464285,2712
5550.0,5305,0,3,0,5.6517714312669645,114.39604147031103,2054.0106628176313,2741
5551.0,5307,0,2,0,5.637116774465857,114.58093084605238,2053.9458448008895,2765
5552.0,5307,0,0,0,5.621062371118437,114.78424722065196,2054.656561437383,2796
5553.0,5308,0,2,1,5.607173155055536,115.0060286360211,2054.5686409655277,2806
5554.0,5309,0,1,0,5.596414523064399,115.21774345451121,2054.89512680807,2825
5555.0,5309,0,1,1,5.588574693316663,115.50593332077604,2055.21652311869,2845
5556.0,5310,0,3,2,5.556699489511979,115.77269303201507,2054.8941228050844,2869
5557.0,5310,0,1,1,5.537548046053907,116.00790960451977,2055.161290158992,2881
5558.0,5310,0,1,1,5.50287148207236,116.25687382297552,2055.2132643725936,2924
5559.0,5312,0,2,0,5.479326808971815,116.5363328313253,2055.161631467569,2956
5560.0,5313,0,1,0,5.460848621683778,116.81197063805759,2055.4993037614586,2993
5561.0,5312,0,0,1,5.43328472309194,117.09431475903614,2056.512651769557,3004
5562.0,5312,0,1,1,5.414992864909102,117.40436746987952,2056.8415672283963,3028
5563.0,5314,0,2,0,5.394780877121188,117.52465186300338,2056.79809365064,3033
5564.0,5314,0,1,1,5.378315077722149,117.77756868648852,2057.163883207489,3051
5565.0,5311,0,0,3,5.3594229676303256,118.15703257390322,2057.8481956445644,3085
5566.0,5312,0,2,1,5.338178436309653,118.38234186746988,2058.0696015882827,3093
5567.0,5311,0,0,1,5.330480426441104,118.70005648653738,2059.0802821349403,3098
5568.0,5310,0,0,1,5.314621478912647,119.02636534839925,2060.066557312871,3101
5569.0,5311,0,1,0,5.284197876834992,119.33891922425155,2060.416483776807,3115
5570.0,5311,0,1,1,5.270718384440759,119.68461683298814,2061.0380897923837,3127
5571.0,5311,0,1,1,5.26945107134172,119.9570702315948,2061.4117010636955,3153
5572.0,5309,0,0,2,5.259538177216979,120.24241853456395,2062.3125461362297,3153
5573.0,5308,0,0,1,5.259298429693147,120.4847400150716,2063.3128208476887,3160
5574.0,5308,0,1,1,5.240695110340031,120.775998492841,2063.5661176702984,3171
5575.0,5307,0,1,2,5.224613355015413,121.05502166949313,2064.2994269866253,3194
5576.0,5306,0,0,1,5.206144798036292,121.35469280060309,2065.2184565169773,3216
5577.0,5305,0,0,1,5.192328223720479,121.64618284637135,2066.247480765012,3225
5578.0,5305,0,0,0,5.177647522589734,121.93213949104619,2066.99508216139,3245
5579.0,5304,0,0,1,5.161993162262173,122.28450226244344,2068.0008869373596,3256
5580.0,5304,0,0,0,5.135796042059588,122.53318250377075,2068.7511764826822,3272
5581.0,5306,0,2,0,5.183603384220592,121.37674330946099,2068.7178379722714,3086
5582.0,5305,0,0,1,5.260939086845157,120.66333647502356,2069.763164454545,2955
5583.0,5305,0,0,0,5.373798502046661,120.20754005655043,2070.4962794496696,2870
5584.0,5303,0,0,2,5.494940153489431,119.7765415802376,2071.516219961627,2775
5585.0,5301,0,0,2,5.635918167151717,119.45727221279004,2072.4916338795347,2725
5586.0,5299,0,0,2,5.788121307123926,119.18041139837705,2073.2864675911296,2676
5587.0,5298,0,0,1,5.925631807303619,118.95771989429974,2074.2537444975055,2632
5588.0,5296,0,0,2,6.053804693659107,118.60517371601209,2075.0391931648714,2585
5589.0,5297,0,1,0,6.158559423094874,118.43741740607891,2075.3274012035463,2567
5590.0,5297,0,0,0,6.244081950746675,118.42401359259958,2076.001514673117,2549
5591.0,5297,0,1,1,6.301557469995441,118.29205210496508,2076.3103112948697,2522
5592.0,5297,0,0,0,6.353151394490243,118.23201812346612,2076.978667666779,2519
5593.0,5297,0,0,0,6.400668533153094,118.12233339626204,2077.6441834408984,2507
5594.0,5297,0,0,0,6.43641969421759,118.0872191806683,2078.307607260183,2493
5595.0,5296,0,0,1,6.48701599156356,118.04512839879155,2078.915394677684,2477
5596.0,5296,0,0,0,6.531091682846168,117.95562688821752,2079.573039584167,2466
5597.0,5296,0,0,0,6.563229022019478,117.88953927492447,2080.22919221758,2456
5598.0,5296,0,0,0,6.580939210059008,117.85215256797584,2080.8848547732932,2451
5599.0,5296,0,0,0,6.590893886682834,117.66012084592145,2081.5397086827743,2436
5600.0,5295,0,0,1,6.621267954324366,117.67932011331445,2082.260257848826,2432
5601.0,5295,0,0,0,6.6291206609470965,117.58432483474976,2082.9137931917076,2409
5602.0,5294,0,0,1,6.636044352038172,117.565168114847,2083.456328744566,2427
5603.0,5293,0,0,1,6.636411949875506,117.60079350085017,2083.99937758883,2419
5604.0,5293,0,0,0,6.641847529729573,117.62913281692802,2084.6536653305607,2420
5605.0,5293,0,0,0,6.639255961256384,117.64084640090685,2085.308681312731,2419
5606.0,5293,0,0,0,6.631512253116164,117.75288116380125,2085.964503293517,2432
5607.0,5293,0,0,0,6.612097574159374,117.70243718118269,2086.6225519783843,2432
5608.0,5294,0,1,0,6.61755765056098,117.61824707215716,2086.8863799179658,2428
5609.0,5294,0,0,0,6.613597040759087,117.66641480921798,2087.5447928839676,2445
5610.0,5293,0,0,1,6.612537644879716,117.77045153976951,2087.874409929326,2440
5611.0,5292,0,0,1,6.596218155821256,117.84901738473167,2088.547142395631,2441
5612.0,5290,0,0,2,6.587716262317295,117.9062381852552,2089.1471422902514,2456
5613.0,5288,0,0,2,6.582429967692686,118.01304841149773,2089.988413996308,2468
5614.0,5287,0,0,1,6.584759945658678,118.0662001134859,2090.484446264138,2469
5615.0,5288,0,1,0,6.582565395435824,118.13199697428139,2090.752934233119,2480
5616.0,5288,0,0,0,6.579828300780313,118.15260968229954,2091.4182932504145,2493
5617.0,5289,0,1,0,6.56879554840515,118.1815087918321,2091.6894677142727,2504
5618.0,5288,0,0,1,6.54233914289876,118.19686081694402,2092.418259016075,2502
5619.0,5287,0,0,1,6.521491637620235,118.37280121051636,2093.2528652869887,2523
5620.0,5288,0,1,0,6.486735204828113,118.41017397881997,2093.5295810069083,2537
5621.0,5288,0,0,0,6.4619130338739375,118.53838880484115,2094.2050106870665,2553
5622.0,5287,0,0,1,6.424099192248557,118.66767543030073,2094.7338883876155,2559
5623.0,5287,0,0,0,6.395054899704185,118.7361452619633,2095.4138133063793,2567
5624.0,5287,0,0,0,6.355712333808472,118.93417817287687,2096.0975408309505,2590
5625.0,5288,0,1,0,6.314469074219886,119.00624054462935,2096.3872373817744,2609
5626.0,5288,0,0,0,6.285433714455804,119.02912254160363,2097.0759044146666,2612
5627.0,5287,0,0,1,6.245496810717995,119.15547569510119,2097.776916243927,2637
5628.0,5286,0,0,1,6.216460143339242,119.25652667423383,2098.5159420543364,2630
5629.0,5286,0,0,0,6.188672914569682,119.22001513431707,2099.2102375741324,2643
5630.0,5285,0,0,1,6.151236475171777,119.32923368022706,2099.8784291658076,2667
5631.0,5286,0,1,0,6.122484037764116,119.40881573968974,2100.1802077418856,2713
5632.0,5284,0,0,2,6.0832662638717645,119.61809235427707,2100.5693809258705,2739
5633.0,5286,0,3,1,6.049156278225991,119.76787741203178,2100.0558940808974,2756
5634.0,5285,0,0,1,6.025831983622108,119.96991485335856,2100.780510935667,2780
5635.0,5286,0,1,0,6.003332653590067,120.04275444570564,2101.089883791685,2795
5636.0,5287,0,1,0,5.960276617186191,120.22961982220541,2101.402350185927,2829
5637.0,5288,0,1,0,5.930362769526155,120.35627836611195,2101.7165952272558,2850
5638.0,5288,0,0,0,5.89829676417202,120.57167170953102,2102.4309949221897,2875
5639.0,5290,0,2,0,5.873505689440262,120.72022684310019,2102.351206114458,2896
5640.0,5291,0,2,1,5.843703856234638,120.85635985635986,2102.448658858258,2926
5641.0,5291,0,0,0,5.819587984156151,121.12039312039312,2103.168321861611,2949
5642.0,5291,0,1,1,5.814458854093932,121.4046494046494,2103.2879620708404,2981
5643.0,5290,0,0,1,5.800079386399731,121.63251417769376,2104.1961500950706,2989
5644.0,5291,0,1,0,5.79746061677954,121.75146475146475,2104.520778251239,2985
5645.0,5290,0,0,1,5.787466611641743,121.97410207939508,2105.4289891629533,2999
5646.0,5291,0,1,0,5.767878113235589,122.13041013041013,2105.7560007163047,3031
5647.0,5291,0,0,0,5.758257813583192,122.33547533547534,2106.4814382231257,3051
5648.0,5291,0,0,0,5.753306420055176,122.56511056511056,2107.2082211111497,3057
5649.0,5293,0,3,1,5.735358260613806,122.74759115813339,2107.0125385181186,3083
5650.0,5292,0,0,1,5.725612400507567,123.17006802721089,2107.9220205514544,3105
5651.0,5292,0,1,1,5.704393022332941,123.40419501133786,2108.2616914245605,3120
5652.0,5291,0,0,1,5.67845683942255,123.62766962766963,2108.990321629581,3121
5653.0,5291,0,0,0,5.667652861991029,123.84539784539784,2109.7230999357103,3136
5654.0,5292,0,1,0,5.647034207247881,124.09939531368103,2110.0586905499094,3155
5655.0,5291,0,1,2,5.627590680997186,124.32413532413533,2110.219953206153,3172
5656.0,5292,0,2,1,5.605813939264148,124.57766439909297,2110.0619905067238,3185
5657.0,5292,0,0,0,5.591044502812436,124.89455782312925,2110.8002647586172,3208
5658.0,5292,0,0,0,5.5745901608281825,125.16250944822373,2111.539659678472,3219
5659.0,5292,0,0,0,5.562684575311194,125.48469387755102,2112.279913302224,3249
5660.0,5292,0,0,0,5.543465645114416,125.85525321239606,2113.0212819329986,3266
5661.0,5293,0,1,0,5.514831000692633,126.26506706971472,2113.364448946781,3291
5662.0,5294,0,1,0,5.483621317124283,126.62712504722327,2113.7102279600126,3305
5663.0,5293,0,0,1,5.449339853775745,127.08086151520877,2114.2405090749603,3321
5664.0,5291,0,0,2,5.42252408181198,127.53203553203554,2114.998954961321,3339
5665.0,5289,0,0,2,5.398090021385715,127.96558895821516,2115.8192391125385,3359
5666.0,5287,0,0,2,5.3691960317483725,128.40514469453376,2116.7788115740377,3361
5667.0,5286,0,0,1,5.348074634746179,128.78660612939842,2117.3386992284736,3362
5668.0,5285,0,0,1,5.3237378575340575,129.14777672658468,2118.111884551211,3363
5669.0,5283,0,1,3,5.288190033824006,129.6581487791028,2118.6036891075164,3398
5670.0,5283,0,0,0,5.265028284989538,129.9912928260458,2119.3622587384903,3403
5671.0,5281,0,0,2,5.306679016538405,128.9768983147131,2119.8355116470243,3226
5672.0,5280,0,0,1,5.388454557890896,128.31704545454545,2120.64003312074,3115
5673.0,5279,0,0,1,5.5029834372063515,127.74881606364842,2121.673995817656,2999
5674.0,5279,0,0,0,5.639959024864936,127.32392498579276,2122.4044774097833,2924
5675.0,5278,0,0,1,5.771825989619843,127.13736263736264,2123.2942959193765,2874
5676.0,5277,0,0,1,5.908493130929417,126.8366496115217,2124.2934544760024,2785
5677.0,5277,0,0,0,6.064035734758571,126.34034489293158,2124.9943903795397,2718
5678.0,5276,0,0,1,6.193968853841362,126.07808946171342,2125.9510364074554,2671
5679.0,5276,0,0,0,6.297044336165452,125.92058377558757,2126.6370913023693,2643
5680.0,5275,0,0,1,6.385957919404513,125.80644549763034,2127.6011510931826,2609
5681.0,5275,0,0,0,6.458330113143972,125.7127962085308,2128.2762594514297,2611
5682.0,5273,0,0,2,6.508301822750133,125.52323155698843,2129.1313275115385,2577
5683.0,5272,0,0,1,6.5768446178921645,125.23634294385432,2130.006163179851,2539
5684.0,5271,0,0,1,6.614075863965052,125.13318155947638,2130.691943702429,2501
5685.0,5270,0,0,1,6.640735752616433,125.03738140417457,2131.5320774512365,2482
5686.0,5268,0,0,2,6.655360329484329,124.97475322703113,2132.30648998704,2460
5687.0,5266,0,0,2,6.669020903087439,124.92840865932396,2133.1575059641555,2456
5688.0,5266,0,0,0,6.673688564535683,124.85377895936195,2133.8158663479812,2442
5689.0,5266,0,0,0,6.676448193847041,124.68059248006077,2134.474440985785,2400
5690.0,5266,0,0,0,6.688019428312755,124.72426889479681,2135.1316546643,2415
5691.0,5265,0,0,1,6.697689396962275,124.7019943019943,2135.866221492945,2403
5692.0,5265,0,0,0,6.69851784751956,124.70864197530864,2136.5238842352837,2413
5693.0,5265,0,0,0,6.7181325000348835,124.63817663817663,2137.1802418793623,2416
5694.0,5265,0,0,0,6.732180949792707,124.61367521367521,2137.8367377242066,2414
5695.0,5265,0,0,0,6.724604284866906,124.62412155745488,2138.4939775032594,2416
5696.0,5264,0,0,1,6.740076980716561,124.65976443768997,2139.205564579968,2415
5697.0,5264,0,0,0,6.750120069957247,124.54711246200608,2139.861777935042,2405
5698.0,5262,0,0,2,6.737784380593331,124.55245153933865,2140.702675452995,2397
5699.0,5262,0,0,0,6.726481943108273,124.55036107943748,2141.3611215160213,2419
5700.0,5260,0,0,2,6.69884901632126,124.52604562737642,2141.8902609459105,2402
5701.0,5259,0,0,1,6.67997110936639,124.53888571971858,2142.3547065615244,2408
5702.0,5258,0,0,1,6.649748526897744,124.57131989349563,2142.971081378491,2436
5703.0,5259,0,1,0,6.6196391489060975,124.5561893896178,2143.2287767461235,2455
5704.0,5259,0,1,1,6.601458507362064,124.52671610572352,2143.839426919915,2454
5705.0,5257,0,0,2,6.568926339059051,124.45938748335553,2144.8008069297775,2442
5706.0,5257,0,0,0,6.532881811767982,124.43599010842686,2145.4718902778945,2455
5707.0,5256,0,0,1,6.5048310146353545,124.41286149162862,2146.495194791344,2467
5708.0,5256,0,0,0,6.474410566853042,124.40848554033485,2147.169225087845,2455
5709.0,5254,0,0,2,6.434862544664344,124.41339931480776,2148.164106607975,2457
5710.0,5252,0,0,2,6.40844887196007,124.51370906321401,2149.1346052265653,2476
5711.0,5252,0,0,0,6.365666783184948,124.57844630616908,2149.8152279735705,2500
5712.0,5250,0,0,2,6.3180323561168406,124.59980952380953,2150.7467209966985,2524
5713.0,5250,0,0,0,6.275880426259253,124.62742857142857,2151.4320986658736,2542
5714.0,5248,0,0,2,6.229323145038782,124.74275914634147,2152.302174787037,2568
5715.0,5248,0,0,0,6.181124078941767,124.81497713414635,2152.9940830917335,2575
5716.0,5247,0,1,2,6.124866287937326,124.7707261292167,2153.56962095585,2583
5717.0,5245,0,0,2,6.07808184030257,124.78188751191611,2154.5400917165875,2594
5718.0,5243,0,0,2,6.059788180131395,124.84302880030516,2155.043627291287,2595
5719.0,5241,0,0,2,6.034680504426538,124.82884945621065,2155.963061152459,2597
5720.0,5237,0,0,4,6.007706296763721,124.94252434599962,2157.627031361556,2595
5721.0,5238,0,2,1,5.98797777723653,124.96525391370753,2157.6986258845764,2631
5722.0,5235,0,0,3,5.953530348317127,125.04469914040115,2158.2490308577253,2647
5723.0,5235,0,0,0,5.951734611411013,125.21069723018147,2158.9538637716946,2669
5724.0,5234,0,1,2,5.923269321807366,125.35154757355751,2159.2229598282097,2693
5725.0,5234,0,1,1,5.905486988333517,125.34638899503248,2159.417931233521,2723
5726.0,5233,0,0,1,5.878954487239596,125.48155933498948,2159.816177852651,2737
5727.0,5233,0,1,1,5.845724088832765,125.64399006306134,2160.066090455658,2761
5728.0,5233,0,0,0,5.825562926900422,125.79476399770687,2160.7799266475376,2781
5729.0,5233,0,1,1,5.811713232855141,125.84712402063826,2160.9253922640464,2804
5730.0,5231,0,0,2,5.786148857262996,126.0040145287708,2161.4377489151298,2827
5731.0,5233,0,2,0,5.759301387768922,126.07357156506784,2161.3296571002998,2842
5732.0,5233,0,0,0,5.740104862069507,126.27059048347029,2162.0485504229964,2860
5733.0,5234,0,1,0,5.72328587838938,126.43656858998854,2162.356250464098,2885
5734.0,5234,0,1,1,5.692062888291479,126.71264807030951,2163.03598705505,2922
5735.0,5234,0,1,1,5.673006024405379,126.93580435613298,2163.702765286894,2935
5736.0,5234,0,0,0,5.660395341681543,127.21054642720672,2164.4277930449757,2955
5737.0,5232,0,1,3,5.632319129933644,127.43654434250764,2165.130082351965,2952
5738.0,5231,0,1,2,5.596142267988344,127.69221946090613,2165.348130967987,2971
5739.0,5232,0,1,0,5.544654156470707,127.91322629969419,2165.667476980118,3004
5740.0,5233,0,2,1,5.509272683277864,128.175807376266,2165.906381346553,3024
5741.0,5232,0,0,1,5.481279306369502,128.52064220183487,2166.5854904773755,3057
5742.0,5233,0,2,1,5.463918029532193,128.81769539461112,2166.8290130492724,3080
5743.0,5232,0,0,1,5.43107082864891,129.19495412844037,2167.3393168714983,3108
5744.0,5231,0,1,2,5.398356764084305,129.55037277767158,2167.948172401948,3127
5745.0,5231,0,1,1,5.37798093572771,129.8294781112598,2168.1196924540836,3144
5746.0,5231,0,1,1,5.347219364226452,130.19155037277767,2168.367588202346,3181
5747.0,5231,0,0,0,5.320273842268341,130.57598929458993,2169.1174719946475,3206
5748.0,5230,0,0,1,5.292028012660601,131.0279158699809,2170.162384724592,3236
5749.0,5229,0,0,1,5.247672665732692,131.44750430292598,2170.901134030169,3264
5750.0,5229,0,1,1,5.203573254512356,131.8150698030216,2171.503635813737,3275
5751.0,5228,0,0,1,5.167142887616446,132.21442234123947,2172.4898133070606,3292
5752.0,5228,0,1,1,5.134405293730002,132.62356541698546,2172.9558610698814,3310
5753.0,5227,0,0,1,5.100028723131586,133.0229577195332,2173.8551596336347,3344
5754.0,5228,0,1,0,5.074797124148613,133.4238714613619,2174.2029121969194,3350
5755.0,5226,0,0,2,5.054188782062858,133.88901645618063,2175.3341307414175,3370
5756.0,5225,0,0,1,5.028112584896558,134.29684210526315,2176.299659113148,3391
5757.0,5225,0,0,0,5.0056379599438285,134.75157894736842,2177.0667798591126,3399
5758.0,5224,0,0,1,4.972220752281704,135.27794793261867,2178.0522907418176,3423
5759.0,5223,0,0,1,4.938748257133278,135.65977407620142,2179.1565610950356,3420
5760.0,5222,0,0,1,4.915469635939506,136.0727690540023,2180.134194063112,3428
5761.0,5220,0,0,2,4.9748999223377215,134.91743295019157,2180.9736614122835,3251
5762.0,5219,0,0,1,5.06429266196028,134.02739988503544,2181.9617168495965,3088
5763.0,5218,0,0,1,5.20041391673382,133.4200843234956,2183.012843071054,2978
5764.0,5217,0,0,1,5.344606973798684,132.98428215449493,2184.0101075789785,2892
5765.0,5216,0,0,1,5.505760011492917,132.3644555214724,2184.732540981224,2801
5766.0,5215,0,0,1,5.6835023565280345,131.990987535954,2185.712519801007,2730
5767.0,5215,0,0,0,5.8461037556833135,131.59865771812082,2186.421770824813,2668
5768.0,5214,0,0,1,5.999543889636892,131.3517453011124,2187.022153448083,2616
5769.0,5213,0,0,1,6.121904821876063,131.22098599654709,2187.636596845689,2584
5770.0,5213,0,0,0,6.213225103169541,130.9363130634951,2188.32124149588,2519
5771.0,5212,0,0,1,6.296804209257854,130.84017651573294,2188.9473765245275,2499
5772.0,5212,0,0,0,6.373454465322489,130.68745203376824,2189.621649852901,2459
5773.0,5211,0,0,1,6.429589031592774,130.6221454615237,2190.415793366866,2448
5774.0,5211,0,0,0,6.479262621613975,130.5242755709077,2191.081501720885,2445
5775.0,5210,0,0,1,6.533477172491295,130.38157389635316,2191.759232895073,2425
5776.0,5209,0,0,1,6.571895070190932,130.24995200614322,2192.4525613501287,2385
5777.0,5208,0,0,1,6.591980104023302,130.18490783410138,2193.043392281238,2376
5778.0,5207,0,0,1,6.620198391007825,130.10197810639525,2193.811658036883,2347
5779.0,5207,0,0,0,6.641829357636926,130.05627040522373,2194.465776478928,2327
5780.0,5207,0,0,0,6.662973220273645,129.87286345304398,2195.1187203004856,2305
5781.0,5204,0,0,3,6.677108867305649,129.88182167563411,2195.898298448961,2317
5782.0,5204,0,0,0,6.688752228404298,129.90065334358187,2196.549500179982,2323
5783.0,5203,0,0,1,6.685716856166771,129.8256774937536,2197.216816810503,2301
5784.0,5203,0,0,0,6.6908671162805895,129.79281183932346,2197.867738982226,2301
5785.0,5202,0,0,1,6.672736294246471,129.7589388696655,2198.6608107029015,2291
5786.0,5201,0,0,1,6.65016161200734,129.64006921745818,2199.37138710608,2280
5787.0,5200,0,0,1,6.628002384036856,129.54557692307694,2200.1568291056574,2272
5788.0,5200,0,0,0,6.596674118288087,129.4576923076923,2200.812646643725,2289
5789.0,5199,0,0,1,6.577417693024485,129.4764377764955,2201.6477548135,2294
5790.0,5199,0,0,0,6.553639477705952,129.4460473167917,2202.306710882773,2313
5791.0,5199,0,1,1,6.54047372635125,129.37122523562223,2202.5700883988266,2299
5792.0,5197,0,0,2,6.530295906597898,129.39599769097558,2202.851175914335,2323
5793.0,5194,0,0,3,6.50877639277173,129.4304967269927,2203.9076739290854,2329
5794.0,5192,0,0,2,6.501197202371904,129.41429121725733,2204.690115699982,2338
5795.0,5192,0,0,0,6.491603008830143,129.34765023112482,2205.353932631711,2358
5796.0,5190,0,0,2,6.468439127583064,129.3936416184971,2205.9503626003693,2373
5797.0,5189,0,0,1,6.445255993455007,129.4222393524764,2206.472325607414,2386
5798.0,5186,0,0,3,6.408593093541683,129.5258387967605,2207.4383466200825,2405
5799.0,5187,0,1,0,6.3802412231691035,129.549643339117,2207.6834166104377,2415
5800.0,5186,0,0,1,6.342847119506973,129.69880447358273,2208.4456185796794,2449
5801.0,5186,0,0,0,6.311735368051615,129.7001542614732,2209.1213628323485,2452
5802.0,5185,0,0,1,6.270730593189844,129.7506268081003,2209.8795844052897,2456
5803.0,5183,0,0,2,6.228653485505868,129.97800501639978,2210.8337191363903,2478
5804.0,5183,0,0,0,6.180798706579098,130.1188500868223,2211.516989556285,2504
5805.0,5181,0,0,2,6.1286052790971866,130.33371935919706,2212.3121598235,2530
5806.0,5180,0,0,1,6.088715150311463,130.42335907335908,2212.9479561211433,2542
5807.0,5179,0,0,1,6.0298782724316755,130.52519791465534,2213.6586185271485,2546
5808.0,5175,0,0,4,5.963502677709067,130.71072463768115,2213.6940865688607,2544
5809.0,5174,0,0,1,5.904384702769015,130.79242365674526,2214.5748506649174,2560
5810.0,5173,0,0,1,5.843332933855829,130.91165667890974,2215.4308140254093,2593
5811.0,5173,0,1,1,5.806415563918056,131.0964624009279,2215.691325038029,2623
5812.0,5171,0,0,2,5.784481218802807,131.32024753432606,2216.4833660762297,2639
5813.0,5172,0,1,0,5.754227425228138,131.44354215003867,2216.7602135146617,2672
5814.0,5169,0,0,3,5.704615911313809,131.76262333139871,2217.3892142937893,2677
5815.0,5169,0,1,1,5.663416863838626,131.98645772876765,2217.5321380510145,2696
5816.0,5165,0,0,4,5.61111310865777,132.23484995159728,2218.623600346409,2710
5817.0,5164,0,0,1,5.583046248954648,132.4577846630519,2219.537710845128,2731
5818.0,5165,0,1,0,5.575686813877047,132.62613746369797,2219.8228432416045,2724
5819.0,5164,0,0,1,5.5571380117803795,132.85224632068164,2220.8532009402675,2749
5820.0,5162,0,1,3,5.521002815249368,133.1412243316544,2220.671730679497,2757
5821.0,5159,0,0,3,5.484969472698302,133.4326419848808,2221.1128775481525,2786
5822.0,5159,0,0,0,5.45319177603376,133.68637332816436,2221.835477402799,2813
5823.0,5158,0,1,2,5.417289033592798,133.97595967429237,2222.115763432757,2832
5824.0,5157,0,0,1,5.379250748367812,134.25305410122164,2222.728356161441,2841
5825.0,5155,0,0,2,5.349980902256931,134.51891367604267,2223.5845627158633,2862
5826.0,5154,0,1,2,5.33141128985959,134.8032596041909,2223.9449053984486,2874
5827.0,5153,0,2,3,5.298155158671328,135.12264700174654,2224.0684548987497,2900
5828.0,5150,0,0,3,5.267274444448775,135.49067961165048,2225.3413300114617,2915
5829.0,5148,0,0,2,5.239009828224931,135.8970473970474,2226.168667203988,2942
5830.0,5144,0,0,4,5.208293994491284,136.34059097978226,2227.375385965748,2951
5831.0,5143,0,2,3,5.17452872695212,136.6783978222827,2227.7114464682877,2961
5832.0,5140,0,1,4,5.130520258646764,137.08949416342412,2228.09701852725,2983
5833.0,5139,0,1,2,5.093269177014311,137.4347149250827,2227.921968306326,2997
5834.0,5138,0,1,2,5.05634423291772,137.8407940833009,2228.02834028365,3024
5835.0,5137,0,1,2,5.031183284850074,138.1794821880475,2228.9448781339006,3064
5836.0,5136,0,0,1,5.010982933102044,138.58742211838006,2229.59056241635,3076
5837.0,5134,0,1,3,4.983196289290036,139.03642384105962,2230.536187528619,3110
5838.0,5132,0,1,3,4.954199462796917,139.4994154325799,2231.090306821595,3128
5839.0,5131,0,1,2,4.929689969197787,140.0132527772364,2231.5815933235804,3157
5840.0,5133,0,2,0,4.913445706465987,140.40522111825445,2231.470808369945,3170
5841.0,5134,0,1,0,4.891744947310915,140.81495909622126,2231.7969893422082,3193
5842.0,5133,0,0,1,4.855811078853791,141.319501266316,2232.752866387126,3211
5843.0,5133,0,0,0,4.832001743728727,141.79914280148063,2233.5170264467133,3223
5844.0,5134,0,2,1,4.796195735197278,142.27015971951695,2233.59592178481,3259
5845.0,5133,0,0,1,4.757225953377845,142.77537502435223,2234.5445234374483,3275
5846.0,5131,0,0,2,4.728610143153346,143.24283765347886,2235.614036801079,3285
5847.0,5131,0,1,1,4.699171955976799,143.74371467550185,2235.5900189373433,3302
5848.0,5129,0,0,2,4.662575457073827,144.31058685903685,2236.575428415064,3329
5849.0,5127,0,0,2,4.63256488747041,144.80456407255704,2237.3918661788875,3356
5850.0,5126,0,0,1,4.6105460473273405,145.2852126414358,2238.076654731,3374
5851.0,5126,0,1,1,4.652452362075093,144.17538041357784,2238.5359368513073,3207
5852.0,5125,0,0,1,4.737592773840154,143.4288780487805,2239.1885214385825,3062
5853.0,5125,0,0,0,4.854337790885963,142.8448780487805,2239.9469791396155,2957
5854.0,5123,0,0,2,4.992156287275255,142.3009955104431,2240.8311059810467,2858
5855.0,5123,0,0,0,5.136663210071388,141.75014639859458,2241.5689420716367,2773
5856.0,5123,0,0,0,5.289465662700138,141.30060511419092,2242.2962329443662,2693
5857.0,5123,0,1,1,5.444767618487913,140.90708569197736,2242.7567080026683,2623
5858.0,5121,0,0,2,5.594489415889709,140.67603983596953,2243.301591001299,2585
5859.0,5120,0,0,1,5.718148153763741,140.5244140625,2244.318986261559,2537
5860.0,5119,0,0,1,5.831636545931802,140.37585465911312,2245.1013753647762,2495
5861.0,5118,0,0,1,5.921312124992276,140.3276670574443,2245.4535653650833,2475
5862.0,5117,0,0,1,5.995162996833972,140.2403752198554,2246.1945147018814,2478
5863.0,5115,0,0,2,6.059136892679671,140.186119257087,2247.0563320610836,2441
5864.0,5114,0,0,1,6.113799388483609,140.10344153304655,2247.969445600844,2429
5865.0,5112,0,0,2,6.168420267839956,140.08157276995306,2249.161133804816,2426
5866.0,5112,0,0,0,6.217352211176584,140.0393192488263,2249.8264334616024,2411
5867.0,5112,0,0,0,6.241246307243277,140.02973395931141,2250.4894183347883,2392
5868.0,5111,0,0,1,6.274378951502854,139.99080414791626,2251.2980838923304,2373
5869.0,5110,0,0,1,6.303998966361739,139.99197651663405,2251.8847146918993,2348
5870.0,5109,0,0,1,6.317916835445989,139.99588960657664,2252.3101562171687,2330
5871.0,5108,0,0,1,6.348166755555774,139.72592012529367,2253.148598022848,2281
5872.0,5105,0,0,3,6.348814017126999,139.73222331047992,2253.4628220220548,2252
5873.0,5103,0,0,2,6.356498398791335,139.7493631197335,2254.092149490384,2238
5874.0,5101,0,0,2,6.353160163094011,139.76083120956676,2254.7412928263752,2246
5875.0,5100,0,0,1,6.358035150140875,139.7235294117647,2255.5020595752603,2232
5876.0,5100,0,0,0,6.35790258950688,139.66411764705882,2256.1565231734235,2232
5877.0,5100,0,1,1,6.350083597743971,139.60117647058823,2256.3077053763873,2222
5878.0,5097,0,0,3,6.336146377176697,139.65077496566607,2256.9323101390505,2225
5879.0,5095,0,0,2,6.320947381386745,139.6604514229637,2257.473817555682,2222
5880.0,5093,0,0,2,6.308567805158268,139.73021794620067,2258.3043950152028,2221
5881.0,5091,0,0,2,6.293684110658779,139.70359457866823,2259.2524179553157,2234
5882.0,5090,0,0,1,6.288814294655044,139.67013752455796,2260.0184571093355,2229
5883.0,5089,0,0,1,6.2729843448439615,139.58361171153467,2260.7236247300793,2226
5884.0,5088,0,1,2,6.251130740987747,139.55247641509433,2261.147075193634,2229
5885.0,5084,0,0,4,6.214509232611581,139.5326514555468,2262.0796047774134,2224
5886.0,5082,0,0,2,6.184979096689349,139.4464777646596,2263.0240751705805,2226
5887.0,5080,0,0,2,6.155814316125965,139.38090551181102,2263.3662933333057,2238
5888.0,5079,0,1,2,6.118109540475726,139.3022248474109,2263.871105778842,2243
5889.0,5078,0,1,2,6.0598441776876,139.28121307601418,2264.082021488077,2263
5890.0,5075,0,0,3,6.0141748205707755,139.33064039408868,2264.7351872627655,2281
5891.0,5072,0,0,3,5.965954158232762,139.46845425867508,2265.1985402327923,2299
5892.0,5070,0,0,2,5.907400221589754,139.54181459566075,2265.888609034117,2323
5893.0,5068,0,1,3,5.835780722583699,139.6152328334649,2266.3061591663786,2348
5894.0,5068,0,0,0,5.7873088995356765,139.65864246250987,2266.9901973944943,2381
5895.0,5066,0,1,3,5.721594028024594,139.79431504145282,2267.5812070417833,2403
5896.0,5067,0,1,0,5.666858276696992,139.73199131636076,2267.8264470224026,2404
5897.0,5063,0,0,4,5.607930077841166,139.83152281256173,2268.403281655039,2399
5898.0,5062,0,0,1,5.5638362565691795,139.84689845910708,2269.08846960084,2430
5899.0,5061,0,0,1,5.515509751125646,139.9456629124679,2269.8642690260126,2436
5900.0,5061,0,0,0,5.479020914148943,140.0569057498518,2270.567010410377,2469
5901.0,5057,0,0,4,5.433612636007572,140.33755190824598,2271.4799740288813,2494
5902.0,5056,0,2,3,5.384548786983386,140.5059335443038,2271.4796484176795,2522
5903.0,5053,0,1,4,5.33320359688887,140.80585790619435,2271.5160396027045,2563
5904.0,5050,0,0,3,5.286403983285992,141.0431683168317,2272.177053304051,2576
5905.0,5047,0,0,3,5.239104486934378,141.34852387556964,2272.966425757423,2590
5906.0,5045,0,1,3,5.216498770208981,141.62220019821606,2273.2829881445878,2624
5907.0,5045,0,1,1,5.183090915080734,141.78949454905847,2273.456374602511,2630
5908.0,5042,0,0,3,5.168690127325919,141.99861166203888,2274.1926410080255,2637
5909.0,5040,0,1,3,5.150479486119234,142.24642857142857,2274.4544142956433,2660
5910.0,5038,0,0,2,5.119203675069183,142.65442635966653,2275.0225224859723,2703
5911.0,5038,0,1,1,5.088231652423424,142.8652242953553,2275.1920172479454,2734
5912.0,5037,0,0,1,5.056649098622406,143.0958904109589,2275.582105753891,2749
5913.0,5037,0,1,1,5.0282280190592195,143.39626761961486,2275.825341227032,2787
5914.0,5037,0,0,0,4.992109202604598,143.6124677387334,2276.5603684473886,2802
5915.0,5036,0,1,2,4.949956710412476,143.9005162827641,2276.621305608783,2848
5916.0,5034,0,1,3,4.9141367758618975,144.20321811680571,2277.514654043493,2855
5917.0,5033,0,0,1,4.8878228003646615,144.49572819392012,2278.1717085246105,2863
5918.0,5031,0,0,2,4.868769413053798,144.87537268932618,2278.6001107537377,2891
5919.0,5032,0,3,2,4.847871553165345,145.0862480127186,2277.8330118573663,2906
5920.0,5031,0,1,2,4.823479943792983,145.41045517789703,2277.9805406094274,2917
5921.0,5030,0,0,1,4.799148438582411,145.6717693836978,2278.7043116371333,2934
5922.0,5031,0,2,1,4.759690290058549,145.9964221824687,2278.8132070943507,2971
5923.0,5029,0,0,2,4.7301852293379145,146.36388944124081,2279.064369706178,2988
5924.0,5028,0,0,1,4.714888181515307,146.6692521877486,2279.8012375497697,3002
5925.0,5027,0,0,1,4.70538206905766,146.96737616868907,2280.471450994133,3013
5926.0,5026,0,1,2,4.6912443058708675,147.30899323517707,2280.7979972061844,3035
5927.0,5027,0,1,0,4.678580364397627,147.63875074597175,2281.1026402205835,3051
5928.0,5029,0,2,0,4.649555555686061,147.93776098627959,2280.9549881665866,3074
5929.0,5028,0,0,1,4.609562714277057,148.35043754972156,2281.802308775934,3092
5930.0,5028,0,1,1,4.574533084817902,148.7398568019093,2282.0836646707135,3108
5931.0,5027,0,0,1,4.541726388394039,149.14601153769644,2282.649720791957,3128
5932.0,5025,0,0,2,4.503794370466553,149.57014925373133,2283.3013850838793,3140
5933.0,5025,0,1,1,4.47608428809244,149.8473631840796,2283.7223085928586,3127
5934.0,5022,0,0,3,4.448720706574676,150.27877339705296,2284.9769874110266,3140
5935.0,5021,0,0,1,4.422115591461906,150.66082453694483,2285.8502882748967,3149
5936.0,5021,0,1,1,4.400570038303576,150.9978092013543,2285.941469041087,3152
5937.0,5022,0,1,0,4.3837421150086255,151.36320191158902,2286.2623073943105,3161
5938.0,5021,0,0,1,4.366250190893339,151.778331009759,2287.2792600867083,3183
5939.0,5021,0,1,1,4.349271683247785,152.20294761999602,2287.6596705867482,3200
5940.0,5020,0,0,1,4.3276240282256335,152.63505976095618,2288.3633698245744,3224
5941.0,5018,0,0,2,4.376680044313313,151.3852132323635,2289.3003908937617,3044
5942.0,5015,0,0,3,4.470816914727096,150.6295114656032,2290.075740088044,2927
5943.0,5014,0,0,1,4.599795441989217,149.8384523334663,2291.1193801076274,2823
5944.0,5014,0,0,0,4.73673053677818,149.19305943358597,2291.8721526433496,2733
5945.0,5013,0,0,1,4.88592784764573,148.81188908837024,2292.643619456545,2670
5946.0,5010,0,0,3,5.047841642289532,148.47964071856288,2293.7448454152513,2608
5947.0,5008,0,0,2,5.20320647820795,148.1427715654952,2294.4120103441005,2544
5948.0,5008,0,0,0,5.349451278791933,147.84804313099042,2295.1233012590983,2502
5949.0,5006,0,0,2,5.471929482400837,147.6923691570116,2296.01441708636,2458
5950.0,5005,0,0,1,5.581002847915628,147.54505494505494,2296.5421409764376,2420
5951.0,5005,0,0,0,5.677385396103384,147.4845154845155,2297.2325768449496,2395
5952.0,5003,0,0,2,5.745620636139847,147.4425344793124,2298.140979567503,2387
5953.0,5001,0,0,2,5.811465702056384,147.43051389722055,2298.566178943298,2352
5954.0,4998,0,0,3,5.892844570508423,147.46478591436573,2298.669477343339,2342
5955.0,4996,0,0,2,5.944258374882233,147.43855084067255,2299.1351406081712,2323
5956.0,4995,0,0,1,5.9914368163688385,147.3885885885886,2299.645385207024,2322
5957.0,4994,0,0,1,6.032529911853181,147.3241890268322,2300.31842376307,2305
5958.0,4992,0,0,2,6.064954324205913,147.34395032051282,2300.9102569688603,2305
5959.0,4991,0,0,1,6.089809592745961,147.31416549789623,2301.610682586612,2289
5960.0,4991,0,0,0,6.106849342692004,147.27208976157084,2302.274001682189,2283
5961.0,4989,0,0,2,6.111753684795496,147.29083984766487,2302.685572566207,2276
5962.0,4989,0,0,0,6.131082096949833,147.10422930446984,2303.3475117495377,2238
5963.0,4986,0,0,3,6.151382332618761,147.09346169273968,2304.238194132561,2223
5964.0,4985,0,0,1,6.17033206088217,147.1187562688064,2304.9257099491333,2210
5965.0,4985,0,0,0,6.173468223934913,147.11755265797393,2305.584600530952,2216
5966.0,4983,0,0,2,6.154903477017605,147.1537226570339,2306.0465657073673,2202
5967.0,4981,0,0,2,6.141148829835224,147.1567958241317,2306.8892399360516,2198
5968.0,4981,0,1,1,6.14052955495312,147.13390885364385,2307.1057536289827,2206
5969.0,4976,0,0,5,6.111114758222976,147.30104501607718,2307.313559245075,2205
5970.0,4975,0,0,1,6.097186066499472,147.27939698492463,2308.0229937577765,2199
5971.0,4974,0,0,1,6.072604923380077,147.29232006433455,2308.789212731578,2191
5972.0,4972,0,0,2,6.0428529973014555,147.3829444891392,2309.181862892261,2225
5973.0,4970,0,0,2,6.011056965198195,147.4732394366197,2310.1200197983594,2231
5974.0,4970,0,0,0,5.9867047879438555,147.458953722334,2310.789252021477,2243
5975.0,4968,0,1,3,5.951763650092259,147.4645732689211,2311.1240862810405,2243
5976.0,4966,0,0,2,5.923410333255655,147.54853000402738,2311.9798387398123,2255
5977.0,4966,0,1,1,5.904768198654031,147.50624244865082,2312.3504481502964,2276
5978.0,4965,0,0,1,5.882122045484522,147.55025176233636,2312.951610683125,2279
5979.0,4965,0,1,1,5.846089712233573,147.64753272910372,2313.0677550591017,2311
5980.0,4965,0,0,0,5.800822573625478,147.79274924471298,2313.7492908628356,2328
5981.0,4963,0,0,2,5.7460260439024395,147.92081402377593,2314.144078533061,2333
5982.0,4961,0,1,3,5.688977795166797,147.97802862326145,2314.608310066228,2342
5983.0,4960,0,2,3,5.612412834657062,148.14818548387098,2314.5052801711145,2368
5984.0,4960,0,0,0,5.551025158185348,148.2282258064516,2315.2012261213417,2378
5985.0,4956,0,0,4,5.485161195246399,148.53410008071026,2316.238498788538,2417
5986.0,4956,0,1,1,5.445644297061687,148.6218724778047,2316.437943090376,2425
5987.0,4956,0,1,1,5.396807769876088,148.77421307506054,2316.9434977470155,2459
5988.0,4955,0,0,1,5.363203152487978,148.95943491422804,2317.5202682635045,2472
5989.0,4953,0,1,3,5.306509167736584,149.22693317181506,2317.9967341427055,2507
5990.0,4952,0,2,3,5.280810216520583,149.44911147011308,2318.4131175414145,2534
5991.0,4950,0,0,2,5.255626714090946,149.7268686868687,2319.2731451663076,2557
5992.0,4952,0,2,0,5.2458641955441685,149.86207592891762,2319.0536440242727,2579
5993.0,4952,0,0,0,5.228811464838174,150.08663166397415,2319.7719976218896,2603
5994.0,4952,0,1,1,5.223974132682361,150.27504038772213,2320.1847961389253,2630
5995.0,4951,0,1,2,5.1937635245323905,150.48515451423955,2320.776530973376,2644
5996.0,4948,0,1,4,5.16099409887618,150.77910266774455,2321.896800942978,2662
5997.0,4947,0,0,1,5.135695235050783,151.058621386699,2322.716754340833,2681
5998.0,4945,0,2,4,5.11157441199152,151.37350859453994,2322.848579858353,2710
5999.0,4944,0,1,2,5.0749485599904185,151.67233009708738,2323.4687474526127,2726
6000.0,4945,0,2,1,5.04416711140227,151.91506572295248,2323.5637679201996,2752
6001.0,4943,0,0,2,5.017726170916682,152.1883471575966,2324.928023292385,2771
6002.0,4946,0,3,0,4.981752676193673,152.30610594419733,2324.250858298476,2774
6003.0,4945,0,1,2,4.945469143871286,152.5866531850354,2325.178070107456,2799
6004.0,4945,0,1,1,4.8993308964911435,152.8020222446916,2325.7458796259843,2805
6005.0,4947,0,2,0,4.874825288635871,152.96462502526785,2325.5460377189124,2833
6006.0,4947,0,0,0,4.8454285612487205,153.26015767131594,2326.2878169853952,2862
6007.0,4947,0,2,2,4.805250380536858,153.50252678390945,2326.09613425291,2869
6008.0,4947,0,1,1,4.77364498686744,153.81483727511622,2326.271764404709,2902
6009.0,4948,0,2,1,4.746236881306289,154.05153597413096,2325.886441592436,2916
6010.0,4949,0,1,0,4.716913282463963,154.37280258638108,2326.166327690788,2948
6011.0,4949,0,0,0,4.676025916041936,154.69832289351385,2326.920105387596,2970
6012.0,4948,0,0,1,4.652266255039824,155.03799514955537,2327.461660377903,2992
6013.0,4949,0,2,1,4.62040388766306,155.31440695089918,2327.424483325925,3017
6014.0,4949,0,0,0,4.595568653106587,155.6342695494039,2328.1843233641544,3016
6015.0,4949,0,1,1,4.55812649459011,155.99252374217014,2328.2980020664027,3054
6016.0,4950,0,1,0,4.525194154487646,156.27656565656565,2328.592341802072,3076
6017.0,4952,0,2,0,4.490100967235482,156.61651857835218,2328.418588056661,3103
6018.0,4950,0,0,2,4.447748015182667,157.01272727272726,2329.6704326019876,3122
6019.0,4952,0,2,0,4.424823105735845,157.34571890145395,2329.5018921182,3131
6020.0,4952,0,0,0,4.39711190342068,157.75626009693053,2330.276939779177,3166
6021.0,4952,0,1,1,4.366765604548036,158.1153069466882,2330.71145260219,3194
6022.0,4952,0,0,0,4.342975507752202,158.5187802907916,2331.4909431275196,3223
6023.0,4951,0,1,2,4.3189941356153545,158.94546556251262,2331.8865287083004,3239
6024.0,4950,0,0,1,4.296321662567687,159.42848484848486,2332.908895900926,3267
6025.0,4950,0,1,1,4.274572526380333,159.86424242424243,2332.968204966761,3282
6026.0,4950,0,0,0,4.257659283762643,160.22383838383837,2333.754641464919,3278
6027.0,4951,0,1,0,4.236356946266676,160.6665320137346,2334.0704273553893,3316
6028.0,4949,0,0,2,4.218746827351139,161.15983026874116,2334.7502310537593,3326
6029.0,4947,0,0,2,4.176760031468956,161.75459874671517,2335.4991283069758,3359
6030.0,4947,0,0,0,4.140669464641948,162.2296341216899,2336.293596464501,3378
6031.0,4946,0,0,1,4.17373104441343,160.98119692680953,2337.3712634008753,3208
6032.0,4946,0,0,0,4.275907501841705,160.06186817630407,2338.155326025827,3070
6033.0,4943,0,0,3,4.400944203529643,159.42241553712321,2339.3995480430217,2965
6034.0,4943,0,0,0,4.545803964474662,158.87315395508801,2340.1646185952877,2885
6035.0,4943,0,0,0,4.713112078983678,158.3704228201497,2340.9177165068527,2799
6036.0,4943,0,0,0,4.888040133464313,157.86485939712725,2341.659909543103,2723
6037.0,4943,0,0,0,5.061252854116108,157.42140400566458,2342.39055637564,2646
6038.0,4941,0,0,2,5.214102571653915,157.03157255616273,2343.565098757769,2556
6039.0,4940,0,0,1,5.350737894115048,156.6755060728745,2344.1838353805497,2516
6040.0,4939,0,0,1,5.47404786924048,156.40716744280218,2344.725305703103,2480
6041.0,4938,0,0,1,5.582264180858804,156.2168894289186,2345.307879607529,2457
6042.0,4938,0,0,0,5.678939350672474,155.99432968813284,2345.998941204116,2428
6043.0,4937,0,0,1,5.7640010194861215,155.89993923435284,2346.5967159413985,2411
6044.0,4935,0,0,2,5.841038305343074,155.69240121580546,2347.2543905916486,2378
6045.0,4935,0,0,0,5.907666497790737,155.50840932117526,2347.9291182140296,2355
6046.0,4934,0,0,1,5.945542945739052,155.35407377381435,2348.459446958589,2334
6047.0,4934,0,0,0,5.9781602506612845,155.19943250912038,2349.1296061164403,2332
6048.0,4933,0,0,1,6.001460171064711,155.13886073383335,2349.8637465983006,2330
6049.0,4933,0,0,0,6.00560692407303,155.00263531319683,2350.5315440455297,2317
6050.0,4933,0,0,0,5.999240451551182,154.9207378876951,2351.1995308295946,2311
6051.0,4932,0,0,1,5.998912203496242,154.79237631792375,2352.224922916765,2303
6052.0,4932,0,0,0,5.987593337946658,154.76135442011355,2352.89348882776,2292
6053.0,4931,0,0,1,5.991030961426324,154.67917258162643,2353.3560189225445,2286
6054.0,4930,0,0,1,5.988144172076537,154.55314401622718,2354.2275294936608,2284
6055.0,4930,0,0,0,5.980919874884685,154.4338742393509,2354.89669501853,2270
6056.0,4930,0,0,0,5.990547756674123,154.27667342799188,2355.5639903952897,2267
6057.0,4929,0,0,1,5.990281215336841,154.17954960438223,2356.1769678428877,2261
6058.0,4929,0,0,0,5.9752864607359175,154.07242848447962,2356.845659694216,2257
6059.0,4929,0,0,0,5.963800755107675,154.00426049908702,2357.5147863549705,2270
6060.0,4929,0,0,0,5.962006423236792,153.96043822276323,2358.184483342258,2264
6061.0,4927,0,0,2,5.961896705616801,153.93505175563223,2359.1698182944556,2256
6062.0,4925,0,0,2,5.954805632868794,153.9463959390863,2360.1515170358416,2258
6063.0,4925,0,0,0,5.942411243518665,153.9005076142132,2360.8226516251825,2269
6064.0,4925,0,0,0,5.941383253714124,153.97299492385787,2361.4940620967027,2293
6065.0,4925,0,0,0,5.919219007716806,153.9033502538071,2362.1674277223838,2295
6066.0,4922,0,0,3,5.893622388738276,153.9506298252743,2362.661089472397,2305
6067.0,4921,0,0,1,5.866884894043039,153.90306848201584,2363.237924580841,2308
6068.0,4921,0,1,1,5.842026750924474,153.87075797602114,2363.415057887521,2317
6069.0,4921,0,0,0,5.806610918192481,153.9319244056086,2364.0961294901317,2339
6070.0,4918,0,0,3,5.762187751339844,154.01565677104514,2364.714230928701,2335
6071.0,4917,0,0,1,5.694736944421375,154.08989221069757,2365.4162312686954,2353
6072.0,4916,0,0,1,5.6307656913388655,154.15154597233524,2366.170095865366,2371
6073.0,4915,0,0,1,5.572509695108945,154.21831129196337,2366.5526237491695,2388
6074.0,4915,0,0,0,5.522416661651709,154.2620549338759,2367.2523366993823,2420
6075.0,4913,0,0,2,5.451840068822921,154.34194992876044,2367.8368612132626,2439
6076.0,4913,0,0,0,5.3986053057564005,154.33828617952372,2368.5454370240814,2452
6077.0,4911,0,0,2,5.345984130077845,154.5078395438811,2369.247518861969,2467
6078.0,4908,0,0,3,5.293852915774545,154.64364303178485,2370.003966088588,2486
6079.0,4907,0,0,1,5.25571574621677,154.71469329529245,2370.7248436786936,2510
6080.0,4904,0,0,3,5.198843339608895,154.87785481239806,2372.0257795158714,2567
6081.0,4902,0,0,2,5.157653815496275,154.96368829049368,2373.1540136002473,2586
6082.0,4898,0,0,4,5.118766661576241,155.0837076357697,2373.306279809149,2588
6083.0,4897,0,0,1,5.08640847688423,155.15458443945272,2374.019016626433,2618
6084.0,4896,0,0,1,5.057154178223018,155.27389705882354,2374.857326735875,2643
6085.0,4894,0,0,2,5.016576417734607,155.39538210053126,2375.385692336248,2650
6086.0,4894,0,1,1,4.993360321906613,155.3536984062117,2375.633115184737,2658
6087.0,4893,0,0,1,4.941667688241038,155.49397097894953,2376.493411935874,2667
6088.0,4892,0,0,1,4.902727279317309,155.7686017988553,2377.201459975391,2690
6089.0,4890,0,0,2,4.876788657912306,156.08261758691208,2378.068120493686,2699
6090.0,4888,0,1,3,4.831972817739795,156.41591653027822,2377.8285039885454,2726
6091.0,4887,0,0,1,4.809483814659724,156.63310824636793,2378.3851265294797,2724
6092.0,4886,0,0,1,4.779731868576419,156.97462136717152,2379.0671036859135,2747
6093.0,4887,0,1,0,4.760097249714458,157.2645794966237,2379.328277193408,2779
6094.0,4888,0,1,0,4.7421431763904724,157.48076923076923,2379.590334669293,2787
6095.0,4887,0,0,1,4.726288305052379,157.78759975445058,2380.3567860688804,2809
6096.0,4886,0,0,1,4.698005379164476,158.07797789602947,2381.0630202286147,2818
6097.0,4885,0,0,1,4.675733465870644,158.41330603889458,2381.8206258304494,2837
6098.0,4883,0,0,2,4.649765936757834,158.86237968462012,2383.2228123989858,2875
6099.0,4883,0,0,0,4.625778825321077,159.20765922588572,2383.980520272321,2892
6100.0,4883,0,1,1,4.586673089225007,159.5078844972353,2384.4124970722937,2910
6101.0,4883,0,1,1,4.557537282070481,159.86381322957197,2384.6614858775247,2928
6102.0,4882,0,0,1,4.524451652005068,160.27529700942236,2385.2836871582795,2950
6103.0,4882,0,0,0,4.495904191329885,160.64031134780828,2386.0511082036705,2975
6104.0,4883,0,1,0,4.472200442884468,160.9229981568708,2386.3316097918137,2982
6105.0,4883,0,0,0,4.442815153191013,161.27667417571166,2387.103350277093,2979
6106.0,4884,0,1,0,4.402493758401479,161.64496314496316,2387.389230987159,3002
6107.0,4886,0,2,0,4.370032156596433,161.9625460499386,2387.18751191563,3025
6108.0,4888,0,2,0,4.340275941453721,162.29009819967266,2386.9895206034653,3054
6109.0,4888,0,0,0,4.324945451892285,162.70846972176759,2387.76971420076,3069
6110.0,4889,0,1,0,4.303950239283014,163.08938433217426,2388.063468850487,3104
6111.0,4890,0,1,0,4.281459236874623,163.50224948875257,2388.3584590819764,3111
6112.0,4890,0,0,0,4.2654395747051925,163.97566462167688,2389.143714995389,3128
6113.0,4890,0,0,0,4.248327570218353,164.37955010224948,2389.930206246445,3141
6114.0,4890,0,0,0,4.226494836134828,164.85848670756647,2390.7189506053805,3175
6115.0,4891,0,1,0,4.213872051920469,165.22878756900428,2391.0196035872737,3163
6116.0,4890,0,0,1,4.203096201780171,165.71472392638037,2392.1372137202984,3184
6117.0,4890,0,0,0,4.201890914433215,166.20572597137016,2392.928503995057,3207
6118.0,4889,0,0,1,4.187940455043314,166.664757619145,2394.0984588555507,3218
6119.0,4890,0,1,0,4.174454502919955,167.15869120654398,2394.402676139571,3244
6120.0,4890,0,0,0,4.178270373027419,167.6087934560327,2395.196836936099,3233
6121.0,4890,0,0,0,4.240506732851125,166.36646216768915,2395.9858420432224,3075
6122.0,4890,0,0,0,4.343551919964437,165.42085889570552,2396.7676143065864,2955
6123.0,4890,0,0,0,4.478144326344352,164.72617586912065,2397.540327464683,2856
6124.0,4890,0,0,0,4.62975922176213,164.06728016359918,2398.3017837678944,2759
6125.0,4889,0,0,1,4.787072820808165,163.65289425240334,2398.8617092839772,2688
6126.0,4889,0,0,0,4.960604493845198,163.22642667212108,2399.60170283073,2629
6127.0,4888,0,0,1,5.141586959312174,162.83449263502456,2400.3965750894463,2570
6128.0,4887,0,0,1,5.30841204083522,162.61407816656435,2401.172239070628,2512
6129.0,4886,0,0,1,5.441172388226402,162.30085959885386,2401.883632206915,2460
6130.0,4886,0,0,0,5.57340535450984,162.04236594351207,2402.583438822433,2422
6131.0,4886,0,0,0,5.659322153161962,161.89828080229228,2403.2775483261876,2401
6132.0,4885,0,0,1,5.735050834895622,161.83541453428865,2403.9007082610665,2377
6133.0,4885,0,0,0,5.814748646123224,161.7422722620266,2404.5849561565233,2337
6134.0,4884,0,0,1,5.87949262382597,161.62264537264537,2405.4206148262274,2316
6135.0,4884,0,0,0,5.936509911558916,161.42588042588042,2406.0969005509,2314
6136.0,4884,0,0,0,5.985444283887701,161.14578214578214,2406.769315995786,2280
6137.0,4884,0,0,0,6.03217570959235,160.99938574938574,2407.4379839924713,2262
6138.0,4884,0,0,0,6.0508075448956475,160.9252661752662,2408.1053243733595,2249
6139.0,4883,0,0,1,6.055525413103963,160.91419209502354,2408.8184872857214,2246
6140.0,4883,0,0,0,6.055099122560259,160.92217898832683,2409.485355210597,2247
6141.0,4883,0,0,0,6.061031293040788,160.87794388695474,2410.15019696262,2245
6142.0,4883,0,0,0,6.058365589503718,160.7861970100348,2410.8162285512094,2218
6143.0,4883,0,0,0,6.07274721020586,160.78128199877125,2411.481152454768,2214
6144.0,4882,0,0,1,6.07603553287011,160.7990577632118,2412.0813325977883,2198
6145.0,4882,0,0,0,6.088775675192176,160.73719786972552,2412.744943660585,2190
6146.0,4882,0,0,0,6.09197891954742,160.58889799262596,2413.4086515653753,2178
6147.0,4881,0,0,1,6.078482230325706,160.51055111657448,2413.9664659531504,2160
6148.0,4880,0,0,1,6.075218992484473,160.52008196721312,2414.806433794931,2181
6149.0,4880,0,0,0,6.07115844105351,160.484631147541,2415.470734981978,2181
6150.0,4880,0,0,0,6.051486405568874,160.5112704918033,2416.135750555588,2200
6151.0,4880,0,0,0,6.0462567677385115,160.5467213114754,2416.8007263202794,2209
6152.0,4878,0,0,2,6.027789907350875,160.7429274292743,2417.745075282467,2236
6153.0,4876,0,0,2,6.013348615982577,160.90258408531582,2418.619636195925,2243
6154.0,4876,0,0,0,6.007428052977495,160.92698933552091,2419.2871252577193,2253
6155.0,4874,0,0,2,5.985456719557375,161.01928600738614,2420.4913962440633,2249
6156.0,4872,0,0,2,5.977021263492924,161.01169950738915,2420.998676981792,2239
6157.0,4872,0,0,0,5.957720005075388,161.01272577996716,2421.669556585221,2251
6158.0,4870,0,1,3,5.90939672173242,161.10102669404517,2421.840077249945,2252
6159.0,4868,0,0,2,5.882619500548154,161.1914543960559,2422.4143506380397,2268
6160.0,4868,0,0,0,5.839581461711426,161.24198849630238,2423.0913126541705,2279
6161.0,4867,0,0,1,5.781651742227637,161.33922334086705,2423.810056668138,2298
6162.0,4867,0,0,0,5.719755060659314,161.46311896445448,2424.494750895241,2321
6163.0,4867,0,0,0,5.677479896368066,161.5535237312513,2425.182078617786,2329
6164.0,4865,0,0,2,5.6225705982959004,161.70503597122303,2426.189518137698,2349
6165.0,4863,0,0,2,5.551913799355716,161.8003290150113,2426.8334948396205,2358
6166.0,4863,0,0,0,5.5078299570802045,161.80732058400164,2427.5317429876254,2348
6167.0,4862,0,0,1,5.459518412788009,161.99979432332373,2428.228618694415,2373
6168.0,4860,0,0,2,5.4160195484882445,162.2292181069959,2428.945547621238,2391
6169.0,4859,0,0,1,5.379790890869425,162.33895863346368,2429.6609180688756,2402
6170.0,4857,0,0,2,5.354414368951329,162.54519250566193,2430.395836486537,2432
6171.0,4856,0,0,1,5.335947593609557,162.73702635914333,2431.1664747982986,2451
6172.0,4856,0,0,0,5.308798396163994,162.86079077429983,2431.8781211877035,2474
6173.0,4855,0,1,2,5.2680266320232825,163.05108135942328,2432.5994703365013,2515
6174.0,4855,0,2,2,5.2221851700241455,163.22368692070032,2432.6456774773555,2532
6175.0,4854,0,0,1,5.173860158854376,163.46641944787802,2433.1180196774408,2551
6176.0,4853,0,0,1,5.129919301856292,163.6379559035648,2434.00507396441,2553
6177.0,4851,0,0,2,5.070457848090432,163.91548134405278,2434.9393483769636,2586
6178.0,4849,0,0,2,5.019778145852861,164.26624046195093,2435.5743929631412,2622
6179.0,4848,0,0,1,4.964903067029207,164.55899339933993,2436.1967041023495,2660
6180.0,4848,0,0,0,4.921706489342811,164.82982673267327,2436.936140232483,2701
6181.0,4846,0,0,2,4.8722017692235555,165.13867106892283,2437.7777967312545,2721
6182.0,4846,0,0,0,4.839863023788282,165.37742468014858,2438.5217218858284,2748
6183.0,4846,0,1,1,4.810539951544396,165.58955839867932,2438.7044789788015,2754
6184.0,4845,0,0,1,4.775792297298601,165.82229102167182,2439.6133555923693,2754
6185.0,4844,0,0,1,4.752672266871388,166.06275805119736,2440.3995349312518,2769
6186.0,4842,0,0,2,4.720204664109628,166.393638992152,2441.4524844188477,2801
6187.0,4842,0,1,1,4.701218508650893,166.69723254853366,2441.6555389397545,2832
6188.0,4841,0,1,2,4.669969188464224,167.11567857880604,2442.3730205696006,2856
6189.0,4839,0,0,2,4.639983656207929,167.53523455259352,2443.3498442177556,2875
6190.0,4837,0,0,2,4.60923858643862,168.01013024602025,2444.576676477206,2910
6191.0,4835,0,1,3,4.579260556295832,168.470734229576,2445.316432296028,2928
6192.0,4837,0,3,1,4.565652777700784,168.74695058920818,2444.099575361102,2954
6193.0,4836,0,0,1,4.54620280031175,169.1654259718776,2445.2387836671787,2972
6194.0,4836,0,0,0,4.520253412807225,169.48076923076923,2446.003790333793,2995
6195.0,4836,0,0,0,4.499063762456685,169.80913978494624,2446.7708081527,2993
6196.0,4835,0,0,1,4.496122403900529,170.205791106515,2447.413187005734,3014
6197.0,4835,0,0,0,4.48593194773435,170.57518097207858,2448.1813523678393,3022
6198.0,4835,0,0,0,4.476549883421272,170.9263702171665,2448.949427456274,3020
6199.0,4835,0,0,0,4.445895624255877,171.36835573940022,2449.71997186014,3042
6200.0,4835,0,0,0,4.4182002425118565,171.80992761116858,2450.491960200198,3063
6201.0,4833,0,0,2,4.3909775480027,172.2484998965446,2451.1635623612196,3071
6202.0,4833,0,0,0,4.368097304181948,172.67183943720258,2451.9393311780454,3110
6203.0,4833,0,0,0,4.347210848420255,173.11380095178978,2452.7162663132794,3124
6204.0,4833,0,0,0,4.317835291955697,173.53320918684048,2453.4958878599646,3142
6205.0,4830,0,0,3,4.2939003287536845,174.1265010351967,2454.5053544787265,3168
6206.0,4830,0,0,0,4.268229245752376,174.6022774327122,2455.287599061936,3179
6207.0,4829,0,0,1,4.24262949549127,175.11741561399876,2456.008051428038,3189
6208.0,4828,0,0,1,4.221372038382373,175.62199668599834,2456.830414313051,3199
6209.0,4828,0,0,0,4.199883674293259,176.0824357912179,2457.6175923273054,3212
6210.0,4828,0,0,0,4.192598582987635,176.48881524440762,2458.4057599509256,3224
6211.0,4828,0,0,0,4.2630706722035105,175.07808616404307,2459.188959142475,3044
6212.0,4828,0,0,0,4.377362603287312,173.99751449875725,2459.964166824636,2896
6213.0,4827,0,0,1,4.517692692288618,173.18210068365445,2460.7745469156775,2762
6214.0,4826,0,0,1,4.67719644347126,172.5764608371322,2461.4110908917646,2661
6215.0,4826,0,0,0,4.845346724050778,171.853087443017,2462.153420423334,2582
6216.0,4825,0,0,1,5.010115823848446,171.3278756476684,2462.5595463411287,2507
6217.0,4825,0,0,0,5.187692461894213,170.92953367875648,2463.278004290488,2454
6218.0,4824,0,0,1,5.345635605217818,170.5051824212272,2464.1651254319854,2400
6219.0,4824,0,0,0,5.475740106705202,170.07773631840797,2464.8637067005043,2351
6220.0,4823,0,0,1,5.593503818891864,169.36574746008708,2465.595616267582,2283
6221.0,4823,0,0,0,5.697670521987813,169.05411569562514,2466.2798456853984,2239
6222.0,4820,0,0,3,5.792776787423714,168.77323651452284,2466.7885130304926,2227
6223.0,4819,0,0,1,5.858708856626012,168.63291139240508,2467.566421199293,2194
6224.0,4819,0,0,0,5.923108245245449,168.32932143598256,2468.2358285465516,2194
6225.0,4819,0,0,0,5.974340317888471,168.10603859721934,2468.9011686342674,2173
6226.0,4818,0,0,1,6.019296311442616,167.88252386882525,2469.5667675241166,2162
6227.0,4816,0,0,2,6.051250582081895,167.87873754152824,2470.216376074743,2153
6228.0,4816,0,0,0,6.06676649006189,167.7454318936877,2470.87402230457,2157
6229.0,4815,0,0,1,6.076998257938932,167.56635514018691,2471.26388328836,2142
6230.0,4815,0,0,0,6.080965486170745,167.4,2471.9201855984484,2163
6231.0,4814,0,0,1,6.098387763174877,167.16265060240963,2472.7061181880213,2146
6232.0,4814,0,0,0,6.103561430564278,167.03178230162027,2473.361401090832,2155
6233.0,4814,0,0,0,6.114612885291965,166.84586622351475,2474.0157840141533,2160
6234.0,4814,0,0,0,6.129880647350333,166.75799750727046,2474.6694449778133,2149
6235.0,4813,0,0,1,6.14261525078796,166.5676293372117,2475.2532721390653,2138
6236.0,4813,0,0,0,6.140186475975654,166.31311032619988,2475.9065765005053,2141
6237.0,4813,0,0,0,6.146816301036799,166.0315811344276,2476.560564220888,2116
6238.0,4813,0,0,0,6.164679780073753,165.76480365676292,2477.213780585518,2109
6239.0,4813,0,0,0,6.170246864054186,165.58196551007688,2477.867131077244,2125
6240.0,4813,0,1,1,6.17636259659797,165.3777269894037,2478.00223461906,2127
6241.0,4809,0,0,4,6.159043261424555,165.35974215013516,2478.705592486444,2128
6242.0,4809,0,0,0,6.147939564193358,165.1686421293408,2479.362229813608,2137
6243.0,4808,0,0,1,6.1371212401854125,165.0648918469218,2480.006690580032,2156
6244.0,4808,0,0,0,6.12458306851046,165.00457570715474,2480.665256569421,2156
6245.0,4808,0,0,0,6.111310784263294,164.90495008319468,2481.3245040307756,2162
6246.0,4807,0,0,1,6.075984291563938,164.79883503224465,2481.9906106390567,2173
6247.0,4806,0,0,1,6.037350163721896,164.64960466084062,2482.6311251865764,2173
6248.0,4806,0,0,0,6.021289612031677,164.5472326258843,2483.295863363287,2194
6249.0,4806,0,1,1,5.996672542271133,164.48834789846026,2483.4144296407326,2216
6250.0,4803,0,0,3,5.940442076616528,164.6739537788882,2483.6832416384873,2231
6251.0,4803,0,0,0,5.878010970219302,164.67166354361856,2484.3565908626865,2239
6252.0,4803,0,0,0,5.826768858018479,164.666250260254,2485.0337174264146,2263
6253.0,4802,0,0,1,5.75822155947164,164.67180341524366,2485.93269802818,2277
6254.0,4801,0,0,1,5.685360183697501,164.75650906061236,2486.7020610571076,2315
6255.0,4801,0,0,0,5.623768420761021,164.8621120599875,2487.3931172797616,2333
6256.0,4800,0,0,1,5.565545575655586,164.99375,2488.0489815782307,2331
6257.0,4799,0,0,1,5.518117259844972,165.0135444884351,2488.5941582540363,2352
6258.0,4797,0,0,2,5.455740257000262,165.2249322493225,2489.323703360329,2381
6259.0,4797,0,1,1,5.413641970580086,165.2074213049823,2489.581884389136,2410
6260.0,4795,0,0,2,5.390412836000384,165.4462982273201,2490.4147620420426,2444
6261.0,4794,0,1,2,5.372227897226283,165.67980809345013,2490.8582935711293,2468
6262.0,4793,0,1,2,5.365233351599933,165.8817024827874,2491.386228814284,2483
6263.0,4791,0,0,2,5.344271070158821,166.1456898351075,2492.2110315875757,2503
6264.0,4788,0,0,3,5.316056942645494,166.37781954887217,2493.1240960463656,2512
6265.0,4789,0,1,0,5.297158905732205,166.52244727500522,2493.3159279441525,2522
6266.0,4788,0,1,2,5.270366314873391,166.84168755221387,2493.5721092317467,2542
6267.0,4788,0,0,0,5.234200146979996,167.11633249791146,2494.2899709047533,2569
6268.0,4787,0,1,2,5.194603388741972,167.42364737831628,2494.633413791244,2594
6269.0,4786,0,0,1,5.147027822518313,167.76890931884662,2495.3087039251454,2629
6270.0,4788,0,2,0,5.116105136190361,167.97744360902254,2494.9906602918923,2645
6271.0,4787,0,0,1,5.082326615426057,168.32797158972215,2495.6890403854254,2678
6272.0,4785,0,0,2,5.040391498678424,168.66645768025077,2496.36326515555,2683
6273.0,4786,0,1,0,5.000559293092414,168.8969912244045,2496.5741567799855,2708
6274.0,4783,0,1,4,4.94512767567323,169.31486514739703,2496.171296900308,2730
6275.0,4781,0,0,2,4.90860217465697,169.6569755281322,2496.8882062011153,2745
6276.0,4780,0,0,1,4.8697750425051805,170.0265690376569,2497.6288750475674,2769
6277.0,4781,0,1,0,4.833517726510192,170.29784563898767,2497.8479641748318,2785
6278.0,4781,0,0,0,4.803632583482489,170.6398243045388,2498.592116358582,2812
6279.0,4781,0,0,0,4.779868665852033,170.99853587115666,2499.3374302937145,2830
6280.0,4780,0,0,1,4.74834499126005,171.4071129707113,2500.00265591516,2858
6281.0,4780,0,0,0,4.728090172929157,171.68765690376569,2500.7512670516057,2865
6282.0,4779,0,0,1,4.684775761186877,172.08286252354048,2501.4393577457695,2881
6283.0,4779,0,0,0,4.657229329388112,172.47269303201506,2502.1931642424693,2914
6284.0,4779,0,0,0,4.637411705732693,172.87758945386065,2502.9481394126155,2925
6285.0,4778,0,0,1,4.61358493634448,173.27019673503557,2503.9123848794206,2945
6286.0,4778,0,0,0,4.586038253415279,173.688154039347,2504.6713434218036,2982
6287.0,4777,0,0,1,4.571435978090393,174.0747330960854,2505.178340273317,3002
6288.0,4777,0,1,1,4.543394189146016,174.48042704626334,2505.2490482637018,3005
6289.0,4777,0,0,0,4.526143824455699,174.84844044379318,2506.011662181435,3005
6290.0,4777,0,0,0,4.504984880834932,175.20305631149256,2506.7761955142014,3011
6291.0,4776,0,0,1,4.4807058082086195,175.66834170854273,2507.597552319834,3035
6292.0,4776,0,0,0,4.457397300050041,176.07579564489112,2508.364644916021,3054
6293.0,4775,0,0,1,4.428453474543657,176.5220942408377,2509.2046246996906,3065
6294.0,4775,0,0,0,4.39984321673254,176.9608376963351,2509.975824585699,3080
6295.0,4775,0,0,0,4.375404320945753,177.4295287958115,2510.749603948154,3115
6296.0,4775,0,0,0,4.359428761728711,177.83120418848168,2511.524584901091,3117
6297.0,4775,0,0,0,4.3459753183712655,178.29089005235602,2512.3008560290214,3121
6298.0,4774,0,0,1,4.325961079483034,178.77230833682447,2513.398485445205,3139
6299.0,4774,0,0,0,4.310066958108646,179.20548806032676,2514.17799430007,3142
6300.0,4773,0,0,1,4.304028340161273,179.67902786507437,2515.2682846338985,3158
6301.0,4772,0,0,1,4.368003325239271,178.4209974853311,2515.8738951936293,2976
6302.0,4769,0,0,3,4.476670319135055,177.59719018662193,2516.3084565224817,2843
6303.0,4769,0,0,0,4.631238876318499,176.8444118263787,2517.06544429431,2739
6304.0,4768,0,0,1,4.797224298647872,176.18099832214764,2517.7144453170895,2619
6305.0,4768,0,0,0,4.983415675563843,175.68938758389262,2518.4484695925867,2555
6306.0,4767,0,0,1,5.165809382432143,175.28319697923223,2519.2852260143454,2487
6307.0,4767,0,0,0,5.350058714804411,174.95007342143907,2519.994720489092,2428
6308.0,4767,0,0,0,5.508685166802006,174.68239983217956,2520.6937851909156,2386
6309.0,4766,0,0,1,5.633301053257869,174.50335711288292,2521.3582117930023,2370
6310.0,4766,0,0,0,5.746133240933481,174.1720520352497,2522.041342354622,2324
6311.0,4765,0,0,1,5.8537689777169515,174.00272822665266,2522.6905401266417,2287
6312.0,4764,0,0,1,5.93875656481787,173.95361041141896,2523.240848357716,2270
6313.0,4763,0,1,2,6.0089793414919255,173.7522569808944,2523.593443058129,2239
6314.0,4763,0,0,0,6.07081207010822,173.60340121771992,2524.2556973532596,2204
6315.0,4764,0,1,0,6.127987952023863,173.40050377833754,2524.3846168362015,2177
6316.0,4764,0,0,0,6.165243668070846,173.29554995801848,2525.040529350295,2173
6317.0,4763,0,0,1,6.182543023674932,173.29435229897123,2525.6744750538655,2179
6318.0,4764,0,1,0,6.196130500090359,173.16876574307304,2525.798643022975,2156
6319.0,4764,0,0,0,6.209465687397963,173.05079764903442,2526.4520126172424,2156
6320.0,4763,0,1,2,6.2354003680090875,172.79046819231576,2526.6036932173715,2124
6321.0,4762,0,0,1,6.242073661618564,172.6427971440571,2527.0116185985075,2116
6322.0,4762,0,0,0,6.249208732775915,172.53359932801345,2527.6622235490204,2110
6323.0,4763,0,1,0,6.248198089686596,172.39533907201343,2527.782565165793,2093
6324.0,4763,0,0,0,6.2512754301890805,172.30463993281546,2528.434093257283,2069
6325.0,4761,0,0,2,6.240167668656551,172.2549884478051,2528.4650353751326,2072
6326.0,4761,0,0,0,6.245571538615952,172.19554715395924,2529.1163991180383,2072
6327.0,4759,0,0,2,6.244560429109837,172.18281151502416,2530.163439118685,2066
6328.0,4758,0,0,1,6.242894989259419,172.05422446406052,2530.366340366257,2066
6329.0,4758,0,0,0,6.25933867644213,171.97498949138293,2531.018149745791,2076
6330.0,4757,0,0,1,6.258406484298598,171.887744376708,2531.7584119175717,2083
6331.0,4758,0,1,0,6.25388485297831,171.75746111811685,2531.8787180662453,2083
6332.0,4757,0,1,2,6.225766526710566,171.74017237754887,2532.1485497630015,2086
6333.0,4756,0,0,1,6.217582084985607,171.72476871320438,2532.869667097122,2083
6334.0,4755,0,0,1,6.204487645049414,171.69190325972662,2533.365829669128,2086
6335.0,4753,0,0,2,6.1935306612027725,171.6701030927835,2534.2144872419185,2077
6336.0,4753,0,0,0,6.157926985074989,171.63286345466022,2534.874970817647,2091
6337.0,4752,0,0,1,6.138508935447084,171.66329966329965,2535.1863756900893,2116
6338.0,4752,0,0,0,6.122210436660339,171.6818181818182,2535.84936960812,2123
6339.0,4753,0,1,0,6.074309228129042,171.70187250157795,2535.9821778172854,2148
6340.0,4750,0,0,3,6.018176494766132,171.8437894736842,2536.593715272858,2171
6341.0,4749,0,0,1,5.960098088814931,171.92819540955992,2537.1551829754158,2173
6342.0,4747,0,0,2,5.901563211662144,172.06382978723406,2537.7460288400707,2198
6343.0,4744,0,0,3,5.845591728047047,172.2641231028668,2538.26627270083,2216
6344.0,4743,0,0,1,5.791721694143694,172.4248366013072,2538.922268234057,2225
6345.0,4740,0,0,3,5.7317473845255345,172.63417721518988,2539.344036719603,2248
6346.0,4739,0,0,1,5.687237527636284,172.61848491242878,2539.891079299998,2267
6347.0,4734,0,0,5,5.6369201824106785,172.83248838191804,2540.9532150107693,2299
6348.0,4733,0,0,1,5.589755099598521,172.9319670399324,2541.899396128645,2310
6349.0,4731,0,0,2,5.542585684727976,173.12238427393785,2542.7609174333793,2334
6350.0,4731,0,1,1,5.495958053846875,173.2690763052209,2543.1218829536583,2372
6351.0,4731,0,0,0,5.459596019860955,173.45106742760515,2543.8295720721494,2392
6352.0,4731,0,0,0,5.427495576108111,173.56943563728598,2544.539182497051,2417
6353.0,4730,0,0,1,5.4013956202173015,173.77209302325582,2545.2644342764456,2444
6354.0,4728,0,0,2,5.372653880329996,173.99703891708967,2546.152279541841,2456
6355.0,4728,0,0,0,5.3486280454629815,174.14868866328257,2546.8679330708483,2485
6356.0,4729,0,1,0,5.33010064771888,174.30788750264327,2547.046917950238,2499
6357.0,4728,0,0,1,5.304594386269326,174.60427241962776,2548.112183580083,2534
6358.0,4728,0,0,0,5.273070359168756,174.85300338409476,2548.834655411645,2556
6359.0,4729,0,2,1,5.232797755595447,175.06809050539226,2548.3957213831077,2589
6360.0,4726,0,0,3,5.182672916140359,175.52898857384682,2548.7686370616293,2628
6361.0,4726,0,1,1,5.14871734289788,175.81781633516715,2549.289734071312,2653
6362.0,4725,0,0,1,5.101225711955793,176.2226455026455,2550.050558244349,2691
6363.0,4723,0,1,3,5.059194130017995,176.59009104382807,2549.742700221092,2700
6364.0,4723,0,0,0,5.037785235617757,176.84564895193733,2550.4818302471444,2714
6365.0,4722,0,0,1,5.021789917490664,177.1641253706057,2551.484315282066,2734
6366.0,4721,0,0,1,5.000195502528799,177.50370684177082,2552.151459672652,2750
6367.0,4721,0,0,0,4.971086785612585,177.86740097436984,2552.8944927793295,2768
6368.0,4720,0,0,1,4.953332720620626,178.24936440677965,2553.2958453684814,2779
6369.0,4720,0,0,0,4.925150381708901,178.61779661016948,2554.0424849079454,2800
6370.0,4721,0,1,0,4.900921136261995,178.95975428934548,2554.250624842619,2826
6371.0,4722,0,1,0,4.869054678552553,179.33481575603557,2554.461014588802,2848
6372.0,4722,0,0,0,4.847658093905833,179.7265988987717,2555.214948761325,2873
6373.0,4722,0,0,0,4.835719873985467,180.09720457433292,2555.9699001220306,2885
6374.0,4722,0,0,0,4.810844061135728,180.4127488352393,2556.7267915118177,2896
6375.0,4722,0,0,0,4.798118131668623,180.74227022448116,2557.485119106011,2923
6376.0,4721,0,0,1,4.78621826319674,181.14255454352892,2558.4950652057346,2942
6377.0,4721,0,0,0,4.773597926561104,181.5032832027113,2559.255843071276,2960
6378.0,4719,0,0,2,4.752911658705063,181.9792328883238,2560.157778544933,2996
6379.0,4718,0,0,1,4.741551378495042,182.4270877490462,2560.8267557986724,3008
6380.0,4717,0,0,1,4.735545055480162,182.86707653169387,2561.4412847743583,3024
6381.0,4717,0,1,1,4.7248516217119105,183.2317150731397,2561.6894952432094,3052
6382.0,4716,0,0,1,4.698791506455535,183.68172179813402,2562.292924733046,3056
6383.0,4716,0,0,0,4.6954539704927605,184.05343511450383,2563.061128991088,3057
6384.0,4715,0,0,1,4.682547258948823,184.43414634146342,2563.7075707383774,3065
6385.0,4714,0,0,1,4.649124486926081,184.9149342384387,2564.3884203154034,3074
6386.0,4714,0,0,0,4.6291547899118,185.33347475604583,2565.16176624037,3085
6387.0,4712,0,0,2,4.595962407018304,185.79817487266553,2565.681157271393,3082
6388.0,4712,0,0,0,4.583541488684426,186.26358234295415,2566.456650492221,3093
6389.0,4711,0,0,1,4.554414370718254,186.69157291445552,2567.1825761382497,3115
6390.0,4710,0,0,1,4.518844718995299,187.16390658174097,2567.9266626665312,3134
6391.0,4709,0,0,1,4.579658657948548,185.89169675090253,2568.6156804402017,2953
6392.0,4706,0,0,3,4.654352343124835,185.18402039949,2569.3603957367122,2835
6393.0,4704,0,0,2,4.777072296551078,184.59906462585033,2570.3432693257396,2742
6394.0,4702,0,0,2,4.926402948626522,184.09166312207572,2570.7367457813534,2666
6395.0,4701,0,0,1,5.079775772156078,183.69963837481387,2571.3822322885662,2608
6396.0,4701,0,0,0,5.2478965900103125,183.33609870240375,2572.1066981808526,2548
6397.0,4701,0,0,0,5.405085567772746,183.079344820251,2572.8201239846485,2486
6398.0,4701,0,0,0,5.5655529917474285,182.82429270368007,2573.524031459602,2440
6399.0,4701,0,0,0,5.689513464268968,182.71452882365455,2574.219047510226,2420
6400.0,4699,0,0,2,5.799028625671592,182.650776761013,2575.4174846511314,2395
6401.0,4699,0,0,0,5.884878944144923,182.60757608001703,2576.100140143866,2380
6402.0,4699,0,0,0,5.953685693207909,182.55139391359864,2576.778528112906,2354
6403.0,4698,0,0,1,6.020930689059451,182.45934440187312,2577.4635295476687,2324
6404.0,4697,0,0,1,6.077972478447544,182.26016606344476,2577.729975380867,2286
6405.0,4696,0,0,1,6.123658659117404,182.16609880749573,2578.369258396303,2258
6406.0,4696,0,0,0,6.149646261623003,182.0800681431005,2579.0346408801634,2248
6407.0,4695,0,0,1,6.179246482776218,182.02705005324813,2579.9085404991924,2239
6408.0,4695,0,0,0,6.203046889791579,181.86070287539937,2580.5707237511338,2230
6409.0,4695,0,0,0,6.197537030631766,181.7661341853035,2581.2336646291883,2224
6410.0,4694,0,0,1,6.191147222828619,181.81359181934386,2581.686754327942,2226
6411.0,4693,0,0,1,6.173274241722127,181.88749200937568,2582.443722983624,2227
6412.0,4690,0,0,3,6.166652867661135,182.1049040511727,2583.356460045999,2231
6413.0,4690,0,0,0,6.168452459768559,182.10554371002132,2584.021839520174,2233
6414.0,4689,0,0,1,6.172431132481141,182.13968863297077,2584.657561772675,2250
6415.0,4688,0,0,1,6.165991406988339,182.16787542662115,2585.4306263634535,2254
6416.0,4687,0,0,1,6.1578578611238655,182.22295711542566,2586.4656917364146,2256
6417.0,4687,0,0,0,6.151229153478128,182.1610838489439,2587.1341058909215,2276
6418.0,4687,0,0,0,6.132840819057334,182.25645402176232,2587.804177316281,2282
6419.0,4687,0,0,0,6.114592310844887,182.31278002986986,2588.4756785823015,2294
6420.0,4687,0,0,0,6.105341460204149,182.27544271388948,2589.147813832359,2297
6421.0,4687,0,0,0,6.090791464497944,182.2408790270962,2589.8218398045087,2303
6422.0,4687,0,0,0,6.077750627726813,182.28013654789845,2590.496444174317,2313
6423.0,4686,0,0,1,6.055344182408327,182.37836107554418,2591.1824968881047,2330
6424.0,4685,0,0,1,6.044592666971451,182.42411953041622,2591.8139674597196,2336
6425.0,4684,0,0,1,6.03278180057969,182.46199829205807,2592.4223064863245,2329
6426.0,4681,0,0,3,6.014850588089032,182.53791924802394,2592.8732871195143,2331
6427.0,4680,0,0,1,5.979567504956389,182.5455128205128,2593.647105915907,2319
6428.0,4679,0,0,1,5.959760092510152,182.64586450096175,2594.6688207621432,2331
6429.0,4678,0,0,1,5.92942452262247,182.81274048738777,2595.550790202325,2346
6430.0,4677,0,1,2,5.898524740968655,182.9649347872568,2596.0705278176983,2345
6431.0,4676,0,0,1,5.8677211965763645,183.0988023952096,2597.102124520016,2360
6432.0,4674,0,0,2,5.817619054171007,183.31471972614463,2597.8399615204553,2379
6433.0,4673,0,0,1,5.773340017490663,183.51016477637492,2598.775052538012,2392
6434.0,4672,0,0,1,5.736017684932056,183.74657534246575,2599.6805613955826,2418
6435.0,4672,0,0,0,5.7050126553538645,183.96789383561645,2600.382071017425,2454
6436.0,4671,0,0,1,5.682463142066054,184.07921216013702,2601.0782356489144,2450
6437.0,4670,0,0,1,5.663721218571665,184.18865096359744,2601.474500838511,2450
6438.0,4669,0,0,1,5.6414577258576735,184.35082458770614,2602.1317619661763,2461
6439.0,4668,0,0,1,5.630008180235896,184.51863753213368,2602.8736229884744,2469
6440.0,4667,0,0,1,5.622271824171234,184.69230769230768,2603.7292064539856,2496
6441.0,4667,0,0,0,5.61865578974438,184.83715448896507,2604.438242114127,2505
6442.0,4666,0,2,3,5.58654740837804,185.04072010287183,2604.1531670971085,2545
6443.0,4664,0,0,2,5.563569803147572,185.2851629502573,2604.6667998548264,2553
6444.0,4660,0,0,4,5.529318434139309,185.5195278969957,2605.4778309874478,2567
6445.0,4661,0,1,0,5.507416378743867,185.62668955159836,2605.634428984845,2582
6446.0,4660,0,1,2,5.48134423480871,185.82231759656653,2605.6312778659067,2592
6447.0,4659,0,0,1,5.455252618026167,186.0553766902769,2606.1072814501763,2602
6448.0,4657,0,1,3,5.401141463648435,186.3154391238995,2605.848490636448,2614
6449.0,4657,0,1,1,5.3647554085970635,186.53339059480354,2605.9673453539144,2631
6450.0,4655,0,0,2,5.317418598765646,186.89774436090227,2606.513215575769,2660
6451.0,4655,0,1,1,5.292715056442104,187.13147153598283,2606.885936287921,2689
6452.0,4654,0,1,2,5.2533946342604025,187.41877954447787,2606.87563832194,2706
6453.0,4652,0,1,3,5.22103723068741,187.64359415305245,2607.05913005474,2715
6454.0,4648,0,0,4,5.194591126634179,188.02775387263338,2607.7903983626325,2731
6455.0,4649,0,2,1,5.169050756868281,188.27188642718863,2607.3586028638615,2754
6456.0,4646,0,0,3,5.147955022909124,188.58480413258718,2608.3645175554275,2742
6457.0,4645,0,0,1,5.1118829258866745,188.9416576964478,2609.0701625526613,2758
6458.0,4645,0,2,2,5.077628707619263,189.0426264800861,2608.7061522605127,2756
6459.0,4645,0,0,0,5.048220163647404,189.31582346609258,2609.449969281558,2781
6460.0,4644,0,1,2,5.018347317925668,189.63630490956072,2609.6210564200023,2785
6461.0,4643,0,0,1,5.0154718591109635,189.85246607796682,2610.437003962609,2788
6462.0,4643,0,1,1,4.992116436567429,190.09605858281284,2610.613183917559,2796
6463.0,4644,0,1,0,4.974003773911606,190.3083548664944,2610.7998695904234,2814
6464.0,4643,0,1,2,4.950433416693044,190.6607796683179,2610.8640336873177,2817
6465.0,4643,0,0,0,4.943110989137758,190.98686194270945,2611.61638755787,2845
6466.0,4644,0,1,0,4.953676466631599,191.21317829457365,2611.8059919373686,2834
6467.0,4644,0,0,0,4.961907723699116,191.5219638242894,2612.558398857995,2835
6468.0,4645,0,1,0,4.960573398626299,191.84241119483315,2612.7489772373497,2852
6469.0,4643,0,0,2,4.929134425427879,192.3114365711824,2613.407216541622,2880
6470.0,4643,0,1,1,4.916692251611258,192.73314667241007,2613.5657762598466,2889
6471.0,4641,0,0,2,4.892920539880884,193.20706744236156,2614.2470793069056,2895
6472.0,4638,0,0,3,4.872285662769939,193.77123760241483,2614.530657313558,2916
6473.0,4637,0,0,1,4.868401478024458,194.19128747034722,2615.2277782874926,2930
6474.0,4636,0,0,1,4.86194637289415,194.6630716134599,2616.1498970944103,2947
6475.0,4633,0,0,3,4.836718176403137,195.16770990718757,2616.27074377957,2964
6476.0,4633,0,0,0,4.82838414502263,195.60176991150442,2617.036438688153,2968
6477.0,4631,0,0,2,4.804256026953672,196.0833513280069,2617.759959515509,2986
6478.0,4631,0,0,0,4.78991449511355,196.56899157849276,2618.5285630518188,3004
6479.0,4631,0,0,0,4.780463551315593,197.05484776506154,2619.298562031467,3023
6480.0,4631,0,0,0,4.781260679096492,197.4495789246383,2620.0691025266497,3037
6481.0,4630,0,0,1,4.851768321264594,196.15809935205183,2620.7664040169834,2867
6482.0,4627,0,0,3,4.956288742438921,195.32375189107412,2621.9204463357664,2739
6483.0,4625,0,0,2,5.084015636367786,194.7855135135135,2622.252831315845,2652
6484.0,4622,0,0,3,5.239805182994193,194.46170488965817,2623.2562580911526,2570
6485.0,4622,0,0,0,5.408674497587477,194.14712245781047,2623.9823350182796,2526
6486.0,4621,0,0,1,5.5584012692142775,193.8816273533867,2624.6001525080296,2477
6487.0,4621,0,0,0,5.714179723818309,193.63319627786194,2625.3062808646523,2438
6488.0,4621,0,0,0,5.850436510871351,193.44016446656568,2626.0038193258224,2398
6489.0,4621,0,0,0,5.9679147197182,193.22181346028998,2626.6940908152924,2369
6490.0,4621,0,0,0,6.056937380678449,193.0882925773642,2627.3780209093957,2345
6491.0,4619,0,0,2,6.134907517157308,192.95388612253734,2628.163825483738,2316
6492.0,4617,0,0,2,6.195896445385031,192.7827593675547,2629.1577561480226,2280
6493.0,4617,0,0,0,6.246550137459174,192.67056530214424,2629.8278424433975,2271
6494.0,4615,0,0,2,6.277577128947493,192.59068255687973,2630.753913740642,2251
6495.0,4613,0,0,2,6.3195720550746115,192.515499674832,2631.101101978259,2227
6496.0,4612,0,0,1,6.320710530938159,192.49848222029487,2631.411282994418,2224
6497.0,4610,0,0,2,6.331459825489319,192.47939262472886,2632.018616754599,2209
6498.0,4610,0,0,0,6.349854890102254,192.5225596529284,2632.6804399704683,2207
6499.0,4609,0,0,1,6.341229520693713,192.60360164894772,2633.6068997872953,2224
6500.0,4608,0,0,1,6.328710915854034,192.67599826388889,2634.133416882356,2235
6501.0,4607,0,0,1,6.321864582286884,192.74126329498588,2635.17666399743,2232
6502.0,4607,0,0,0,6.32103622067261,192.74213153896244,2635.839517634124,2229
6503.0,4607,0,0,0,6.31792032083122,192.79227262860863,2636.5029062542685,2242
6504.0,4605,0,0,2,6.307270403519091,192.8757871878393,2636.823184949202,2244
6505.0,4604,0,0,1,6.30895349792812,192.60751520417028,2637.3813827297313,2204
6506.0,4603,0,0,1,6.31297702764252,192.56636975885291,2637.675124075596,2208
6507.0,4602,0,0,1,6.323791303480117,192.51629726205996,2638.3816911862964,2196
6508.0,4601,0,0,1,6.317201238907784,192.5287980873723,2639.0026520611095,2208
6509.0,4599,0,0,2,6.293987057840606,192.58512720156557,2639.4182988310167,2213
6510.0,4598,0,0,1,6.277383571495139,192.64963027403218,2639.900432831019,2219
6511.0,4597,0,0,1,6.260846044405889,192.734609527953,2640.557828662893,2222
6512.0,4597,0,0,0,6.248025852670946,192.90428540352403,2641.22911239679,2246
6513.0,4595,0,0,2,6.229144427591033,193.0487486398259,2642.1130766883157,2257
6514.0,4594,0,0,1,6.226332300521356,193.14301262516327,2642.769182243837,2257
6515.0,4594,0,0,0,6.2183207896740855,193.1639094471049,2643.4431790279086,2256
6516.0,4593,0,0,1,6.215246811635682,193.21032005225342,2644.0550718545987,2266
6517.0,4593,0,0,0,6.201382455330144,193.31656869148705,2644.7308786643234,2279
6518.0,4592,0,0,1,6.197457351465508,193.46711672473867,2645.5006706480117,2283
6519.0,4589,0,0,3,6.169656812813951,193.65635214643714,2646.323529651239,2290
6520.0,4588,0,0,1,6.139786132209586,193.80972101133392,2647.282580818263,2308
6521.0,4587,0,0,1,6.110209458950885,193.94026596904294,2648.029464078404,2305
6522.0,4586,0,0,1,6.075795528251309,194.07370257304842,2649.053080789929,2321
6523.0,4585,0,0,1,6.0476345511405585,194.28484187568156,2649.958138315754,2339
6524.0,4585,0,0,0,6.010088205877278,194.45408942202835,2650.6508634804004,2367
6525.0,4585,0,0,0,5.9789970302852495,194.6516902944384,2651.3464537716873,2393
6526.0,4585,0,0,0,5.951895981985889,194.8453653217012,2652.044309963104,2384
6527.0,4583,0,0,2,5.913382980548704,195.04560331660485,2652.2826258991677,2409
6528.0,4581,0,0,2,5.893798007606079,195.26937349923597,2653.13707349429,2411
6529.0,4580,0,0,1,5.878223241465955,195.4,2654.1385189299285,2433
6530.0,4578,0,1,3,5.848254423038959,195.588248143294,2654.4850083504657,2439
6531.0,4576,0,0,2,5.8372500763601805,195.8188374125874,2655.035182707189,2451
6532.0,4575,0,0,1,5.8321246989079025,195.85508196721312,2655.7068485349523,2467
6533.0,4575,0,1,1,5.814926004165338,196.02622950819674,2655.7980176012466,2482
6534.0,4574,0,0,1,5.78561149122823,196.28443375601225,2656.397549607953,2499
6535.0,4575,0,1,0,5.757414897681123,196.50120218579235,2656.5283103233423,2520
6536.0,4575,0,1,1,5.731760125914182,196.76262295081966,2656.6553768369777,2550
6537.0,4573,0,0,2,5.693189818628261,197.11458561119616,2657.430254900055,2557
6538.0,4571,0,1,3,5.646630831431776,197.47516954714504,2656.822649688093,2581
6539.0,4570,0,0,1,5.603328559873293,197.76542669584245,2657.4740427554716,2591
6540.0,4570,0,0,0,5.576369085865044,198.0144420131291,2658.1971437942884,2597
6541.0,4570,0,0,0,5.565273540652911,198.22078774617069,2658.9222749294577,2601
6542.0,4569,0,1,2,5.549398011297819,198.57780695994748,2658.7015106989993,2630
6543.0,4569,0,0,0,5.5608678196036765,198.82709564456118,2659.4287037165536,2637
6544.0,4569,0,0,0,5.552669480701013,198.94812869336835,2660.15690418565,2641
6545.0,4568,0,0,1,5.531183328098192,199.30100700525395,2660.8346585179547,2670
6546.0,4568,0,0,0,5.531830309451789,199.61164623467602,2661.565288930626,2689
6547.0,4567,0,0,1,5.5316720411070355,200.00437924239105,2662.717737115215,2712
6548.0,4567,0,0,0,5.505577618392526,200.32296912634115,2663.451175261665,2714
6549.0,4567,0,0,0,5.490083707990127,200.62447996496607,2664.186039439122,2719
6550.0,4567,0,0,0,5.471278655223368,200.97065907597985,2664.9222501368904,2748
6551.0,4566,0,0,1,5.4556519752274,201.32610600087605,2665.3531886349347,2754
6552.0,4565,0,0,1,5.436688057540821,201.66002190580502,2665.944434968536,2765
6553.0,4563,0,0,2,5.409049242948498,202.08437431514355,2666.1028256106215,2785
6554.0,4561,0,0,2,5.378395279513613,202.56237667178252,2666.6842445167545,2801
6555.0,4560,0,1,2,5.33074419511596,202.9546052631579,2667.3216150753647,2811
6556.0,4560,0,1,1,5.296316244926234,203.38377192982455,2667.688553232501,2821
6557.0,4558,0,0,2,5.268993354807189,203.87516454585344,2668.1917764831337,2845
6558.0,4558,0,0,0,5.248226860823498,204.30759104870558,2668.9424450651654,2859
6559.0,4558,0,0,0,5.231648602020932,204.80210618692408,2669.693702216515,2883
6560.0,4556,0,0,2,5.2047922867069305,205.28863037752416,2670.508948846452,2895
6561.0,4554,0,0,2,5.170258874180385,205.87132191480018,2671.1809668725045,2913
6562.0,4554,0,1,1,5.157009361834473,206.2119016249451,2671.1542272577435,2925
6563.0,4554,0,0,0,5.152834248205456,206.61923583662715,2671.9116346690084,2927
6564.0,4554,0,0,0,5.146928620893706,207.0788317962231,2672.670552655282,2953
6565.0,4554,0,0,0,5.142068862450435,207.5252525252525,2673.4302908564246,2961
6566.0,4554,0,0,0,5.125790739454969,207.96728151075976,2674.19166698413,2982
6567.0,4554,0,0,0,5.104084354722022,208.4137022397892,2674.9542405839666,2990
6568.0,4554,0,0,0,5.083373477763424,208.82586736934564,2675.7186444299114,3006
6569.0,4554,0,0,0,5.061573212968177,209.2020202020202,2676.4850074915225,3008
6570.0,4553,0,0,1,5.049552669710369,209.56622007467604,2677.3849156867414,3014
6571.0,4553,0,0,0,5.110990052885806,208.38458159455305,2678.1471190021634,2864
6572.0,4552,0,0,1,5.2136194283803405,207.66915641476274,2679.290134216836,2734
6573.0,4549,0,0,3,5.340565217980542,207.23741481644316,2680.1898779890735,2652
6574.0,4548,0,0,1,5.4978151715601244,206.84520668425682,2680.7650291025543,2579
6575.0,4547,0,0,1,5.649452017274832,206.51440510226524,2681.30691710455,2521
6576.0,4547,0,0,0,5.805326110822064,206.23312073894877,2682.0194633022275,2469
6577.0,4546,0,0,1,5.953197273302192,205.98592168939726,2682.6969279632863,2421
6578.0,4546,0,0,0,6.091075286020332,205.70831500219973,2683.3904299375636,2394
6579.0,4546,0,0,0,6.188107393779098,205.57215134183897,2684.077667771003,2359
6580.0,4546,0,0,0,6.28703957479209,205.38825340959085,2684.7575969692134,2331
6581.0,4545,0,0,1,6.356304891561618,205.28646864686468,2685.3132149352286,2309
6582.0,4545,0,0,0,6.417203296260451,205.16391639163916,2685.983756102931,2280
6583.0,4544,0,0,1,6.467870604373333,205.00044014084506,2686.5778240543063,2247
6584.0,4544,0,0,0,6.528155195738161,204.86861795774647,2687.2406414966285,2240
6585.0,4543,0,0,1,6.5608541078850084,204.78824565265242,2688.1886883625175,2213
6586.0,4541,0,0,2,6.567913002491177,204.73353886809073,2688.130913570056,2212
6587.0,4538,0,0,3,6.566561038190939,204.79396209784045,2689.557314766606,2211
6588.0,4538,0,0,0,6.567862798190096,204.73865138827676,2690.2155497682447,2194
6589.0,4538,0,0,0,6.569551804895769,204.7410753635963,2690.8736555850273,2209
6590.0,4538,0,0,0,6.588572218010578,204.72895548699867,2691.530007542481,2199
6591.0,4535,0,0,3,6.580513268049891,204.85490628445424,2692.1790746755346,2194
6592.0,4534,0,0,1,6.57854450415835,204.82818703131892,2692.6894818785204,2176
6593.0,4532,0,0,2,6.5586007443701115,204.89805825242718,2692.981683588443,2173
6594.0,4532,0,0,0,6.553231155508618,204.96557811120917,2693.639974194798,2185
6595.0,4531,0,0,1,6.530242913267215,205.02096667402338,2694.2862873929166,2179
6596.0,4529,0,0,2,6.50418038341987,205.1885625965997,2694.736399219686,2191
6597.0,4528,0,0,1,6.4977588106689765,205.30322438162545,2695.1792599989585,2200
6598.0,4527,0,0,1,6.497279570619033,205.33929754804507,2696.0124510137903,2196
6599.0,4526,0,0,1,6.471156749987947,205.32766239505082,2696.7381645997057,2176
6600.0,4525,0,0,1,6.457373144867502,205.31491712707182,2697.6028815091754,2180
6601.0,4526,0,1,0,6.445191055782117,205.2644719399028,2697.6741539626796,2189
6602.0,4524,0,0,2,6.413829911650273,205.4235190097259,2698.247708561073,2200
6603.0,4524,0,0,0,6.389497762440481,205.43191865605658,2698.9193017400294,2196
6604.0,4522,0,0,2,6.374294218357973,205.58712958867758,2699.7735904882347,2209
6605.0,4522,0,0,0,6.363412421070962,205.64042459088898,2700.4483734659825,2219
6606.0,4521,0,0,1,6.340827277471271,205.6580402565804,2701.366137055457,2209
6607.0,4520,0,0,1,6.307176030941398,205.68915929203538,2701.9899120382665,2234
6608.0,4520,0,0,0,6.277596183972328,205.7188053097345,2702.6705685695015,2245
6609.0,4520,0,0,0,6.235240496500953,205.71969026548672,2703.35420119956,2273
6610.0,4518,0,0,2,6.191966942446501,205.8521469676848,2704.124128536981,2282
6611.0,4516,0,0,2,6.145702636937578,205.99911426040745,2704.8010823200775,2283
6612.0,4515,0,0,1,6.11081927747177,206.22303433001107,2705.4869958533627,2310
6613.0,4515,0,0,0,6.0731672344409064,206.3811738648948,2706.1822589456324,2335
6614.0,4514,0,0,1,6.0208563196581775,206.61120957022595,2706.562240904025,2349
6615.0,4512,0,0,2,5.969346264299289,206.88320035460993,2707.0128492757594,2363
6616.0,4512,0,0,0,5.94871426577749,206.88408687943263,2707.7165499803427,2370
6617.0,4512,0,0,0,5.93023689565906,206.88608156028369,2708.42171709813,2371
6618.0,4511,0,0,1,5.935636751810183,207.01330082021724,2709.1045726603697,2362
6619.0,4511,0,0,0,5.926333692646986,207.12923963644425,2709.8102086331446,2381
6620.0,4509,0,0,2,5.90964907321053,207.3459747172322,2710.736160729759,2380
6621.0,4509,0,1,1,5.905357000448528,207.51164337990684,2710.495838829889,2393
6622.0,4507,0,0,2,5.909910117589452,207.74661637452851,2710.9946121767957,2416
6623.0,4505,0,0,2,5.907476252502951,208.01198668146503,2711.6858433231487,2415
6624.0,4505,0,1,1,5.894910643251296,208.17602663706992,2712.179161452037,2427
6625.0,4504,0,1,2,5.877912284465032,208.26865008880995,2712.3888990850137,2443
6626.0,4505,0,1,0,5.849790188470598,208.4330743618202,2712.4995555417636,2463
6627.0,4505,0,0,0,5.83057246182005,208.61198668146503,2713.2136717893177,2478
6628.0,4506,0,1,0,5.806052246450159,208.7738570794496,2713.327217264431,2491
6629.0,4507,0,1,0,5.77738488674525,208.87264255602398,2713.442783620213,2510
6630.0,4507,0,0,0,5.74105232065246,209.07787885511428,2714.16357547157,2510
6631.0,4507,0,1,1,5.698671762064726,209.31062791213668,2713.8756048121472,2532
6632.0,4507,0,0,0,5.658149550309992,209.4759263368094,2714.6023341901277,2543
6633.0,4509,0,2,0,5.623783786929977,209.55821689953427,2714.1258160099565,2550
6634.0,4508,0,0,1,5.593797964019246,209.75887311446317,2715.0003098989155,2560
6635.0,4507,0,0,1,5.563856466781236,210.0463723097404,2715.706592407497,2560
6636.0,4507,0,1,1,5.527425464818447,210.20124251164856,2716.3314817757005,2583
6637.0,4505,0,0,2,5.510023748642798,210.55360710321864,2716.9643948107137,2604
6638.0,4507,0,2,0,5.4720413144913795,210.75992899933436,2716.496413987146,2626
6639.0,4507,0,0,0,5.454647903825783,210.97603727534946,2717.235915845025,2645
6640.0,4507,0,1,1,5.4234783757192355,211.14843576658532,2717.7598775417923,2661
6641.0,4507,0,0,0,5.3991619582617085,211.4018193920568,2718.504144476393,2691
6642.0,4507,0,1,1,5.381722416843914,211.6061681828267,2718.333878870317,2683
6643.0,4507,0,1,1,5.353952063650213,211.80940758819614,2718.6911227766827,2703
6644.0,4507,0,0,0,5.341679059047007,212.1111604171289,2719.440835999472,2724
6645.0,4507,0,1,1,5.321823969041782,212.36010650099846,2719.570027297473,2736
6646.0,4506,0,0,1,5.305698882570451,212.60386151797604,2720.0039958687566,2757
6647.0,4506,0,0,0,5.290422855135308,212.92920550377275,2720.757685709524,2769
6648.0,4507,0,1,0,5.2794404885189135,213.29420900820946,2720.9093251632803,2796
6649.0,4507,0,0,0,5.27270074044874,213.60150876414465,2721.66547711555,2794
6650.0,4508,0,1,0,5.265296713607473,213.93167701863354,2721.818638993574,2811
6651.0,4506,0,0,2,5.241579560566667,214.30625832223703,2722.6305740378366,2826
6652.0,4505,0,0,1,5.212654501971103,214.69389567147613,2723.2176817891445,2854
6653.0,4505,0,0,0,5.19391204224945,215.07169811320756,2723.9794178628513,2852
6654.0,4504,0,0,1,5.163552239960994,215.4973357015986,2724.8544204516684,2865
6655.0,4503,0,0,1,5.141481779355582,215.91538974017323,2725.842623601177,2893
6656.0,4503,0,0,0,5.126395391949304,216.2558294470353,2726.6082652557748,2893
6657.0,4502,0,0,1,5.109379096251373,216.58618391825854,2727.3222272177813,2894
6658.0,4501,0,0,1,5.092685187086994,216.92201732948234,2727.9870886418694,2904
6659.0,4498,0,0,3,5.085285242749777,217.37705646954203,2728.7365213944336,2913
6660.0,4496,0,0,2,5.069842141237791,217.70618327402136,2729.1605206121876,2918
6661.0,4497,0,1,0,5.133588170911273,216.2521681120747,2729.3163889106677,2766
6662.0,4497,0,0,0,5.2339768205367525,215.28552368245496,2730.0727722661904,2670
6663.0,4497,0,0,0,5.362658266574891,214.5539248387814,2730.820145007399,2582
6664.0,4497,0,0,0,5.510326144884238,213.87725150100067,2731.5570556605244,2493
6665.0,4496,0,0,1,5.66852908418134,213.39724199288256,2732.37139917921,2431
6666.0,4496,0,0,0,5.823556619588491,213.02669039145908,2733.0876822565283,2400
6667.0,4496,0,1,1,5.975246204266813,212.60876334519574,2733.4630880861546,2363
6668.0,4495,0,0,1,6.1061568474095305,212.28898776418242,2734.4277822076688,2321
6669.0,4494,0,0,1,6.212367142290768,212.08678237650201,2735.389326515315,2309
6670.0,4494,0,1,1,6.285963794897454,211.8442367601246,2735.2992935799352,2282
6671.0,4492,0,0,2,6.343891059861995,211.8232413178985,2735.636510590715,2272
6672.0,4493,0,1,0,6.412830452832307,211.58580013354106,2735.7037744712266,2264
6673.0,4493,0,0,0,6.464978270571143,211.36946361006008,2736.3763006170775,2245
6674.0,4492,0,0,1,6.510726061667472,211.2513357079252,2736.681432627075,2221
6675.0,4492,0,1,1,6.538270438326853,210.83058771148708,2736.897828935993,2205
6676.0,4492,0,0,0,6.5649137218779945,210.63891362422083,2737.5641424899236,2186
6677.0,4492,0,1,1,6.567990829839364,210.43410507569013,2737.246356690456,2170
6678.0,4491,0,0,1,6.568278083095217,210.32442663103987,2737.6840554538426,2180
6679.0,4492,0,1,0,6.568004682108699,210.19390026714157,2737.7403099520216,2184
6680.0,4491,0,0,1,6.576238497647396,210.1086617679804,2738.3004529942255,2174
6681.0,4492,0,1,0,6.57142550333938,210.023374888691,2738.3562375223137,2177
6682.0,4491,0,0,1,6.56193038486658,209.90113560454242,2738.8954667520693,2177
6683.0,4491,0,1,1,6.558515218056308,209.8775328434647,2738.97362596345,2171
6684.0,4491,0,0,0,6.550458548178485,209.5931863727455,2739.6404136013975,2155
6685.0,4492,0,1,0,6.5397760515725265,209.29741763134462,2739.697235355301,2159
6686.0,4491,0,0,1,6.5079505275420555,209.19149409930972,2740.4176442601197,2151
6687.0,4492,0,1,0,6.495908360571053,208.97907390917186,2740.4771293685512,2158
6688.0,4488,0,0,4,6.461484652625615,209.0135918003565,2741.3981155982337,2169
6689.0,4488,0,1,1,6.451631625756113,208.77384135472371,2741.6955100307932,2161
6690.0,4485,0,0,3,6.425015910204247,208.94247491638797,2741.830617073715,2160
6691.0,4484,0,1,2,6.409156352382526,208.89272970561998,2741.987945570775,2167
6692.0,4482,0,0,2,6.388999891458222,208.93953592146363,2742.448732362271,2174
6693.0,4481,0,1,2,6.378358674394416,208.87815219817006,2742.608474835027,2183
6694.0,4480,0,0,1,6.38348563573738,208.909375,2743.255200694479,2191
6695.0,4478,0,0,2,6.379834538476262,209.0133988387673,2744.017044754572,2204
6696.0,4478,0,1,1,6.363369005826644,208.9660562751228,2744.3273220506853,2218
6697.0,4477,0,0,1,6.349028232205059,209.02635693544784,2745.1546773168284,2244
6698.0,4476,0,0,1,6.330101497869113,209.0547363717605,2746.00369867618,2252
6699.0,4472,0,0,4,6.2980185428572675,209.32468694096602,2746.4929468855225,2273
6700.0,4471,0,1,2,6.274580595755308,209.39633191679712,2746.8972537498275,2287
6701.0,4468,0,0,3,6.2418857260311364,209.52573858549687,2747.7133307499926,2280
6702.0,4468,0,0,0,6.231522009351969,209.46687555953446,2748.4062457066425,2259
6703.0,4465,0,0,3,6.1877439688751865,209.63561030235164,2749.281542919919,2262
6704.0,4464,0,0,1,6.1535944274864764,209.63530465949822,2749.717885375703,2266
6705.0,4463,0,0,1,6.110894306673083,209.77369482410936,2750.284243935999,2269
6706.0,4461,0,1,3,6.058402911464477,209.88253754763505,2749.779170535208,2279
6707.0,4460,0,0,1,6.029094777280268,209.99730941704036,2750.4453158857873,2297
6708.0,4459,0,0,1,5.998079961610903,210.03700381251403,2751.0971194987237,2310
6709.0,4457,0,0,2,5.975980487065712,210.11173435045995,2751.8659622496757,2312
6710.0,4455,0,0,2,5.956309380086965,210.2145903479237,2752.666293393437,2331
6711.0,4452,0,0,3,5.9302450359126135,210.51796945193172,2752.873335595259,2356
6712.0,4449,0,0,3,5.914323016059803,210.82490447291525,2753.662717251136,2382
6713.0,4447,0,0,2,5.895016450760289,211.10816280638633,2754.609999757297,2395
6714.0,4447,0,1,1,5.892701743524009,211.38835169777377,2754.6660028585025,2432
6715.0,4444,0,0,3,5.877436799567377,211.7893789378938,2755.0131421678216,2433
6716.0,4440,0,0,4,5.856960742511039,212.24256756756756,2755.0812599974943,2448
6717.0,4441,0,1,0,5.844061103444605,212.47534339112812,2755.179986371958,2470
6718.0,4441,0,0,0,5.8313173333087684,212.6228326953389,2755.9005650121235,2485
6719.0,4440,0,0,1,5.815123254474137,212.91666666666666,2756.7762834609925,2495
6720.0,4439,0,0,1,5.804370500013734,213.19328677630097,2757.7019589286583,2518
6721.0,4439,0,1,1,5.777058862455449,213.41248028835324,2757.8175258576466,2530
6722.0,4436,0,0,3,5.74962693407045,213.8460324616772,2758.5397743549165,2548
6723.0,4435,0,0,1,5.7264001765839785,214.1664036076663,2759.534641800302,2551
6724.0,4435,0,1,1,5.70183725957492,214.46042841037203,2759.5308775508006,2575
6725.0,4434,0,0,1,5.688279022416894,214.79228687415426,2760.230257281353,2586
6726.0,4434,0,0,0,5.64207072680203,215.02706359945873,2760.9616548517547,2600
6727.0,4433,0,0,1,5.600436075212576,215.2242273855177,2761.713169383199,2598
6728.0,4434,0,1,0,5.567123540771471,215.43346865133063,2761.824741997729,2617
6729.0,4434,0,0,0,5.527382759325702,215.6614794767704,2762.5623596839982,2636
6730.0,4434,0,0,0,5.486073389551632,215.80491655390168,2763.301898559877,2646
6731.0,4434,0,0,0,5.456923408887129,215.93910690121785,2764.043788866854,2646
6732.0,4434,0,0,0,5.421762561529108,216.1021650879567,2764.7875106794145,2650
6733.0,4432,0,0,2,5.376475845867981,216.4244133574007,2765.9853214639493,2660
6734.0,4429,0,0,3,5.336846883948102,216.82569428764958,2766.2205681282685,2685
6735.0,4429,0,0,0,5.320361886440755,217.0966358094378,2766.970803379271,2689
6736.0,4428,0,1,2,5.288068435346695,217.35388437217705,2767.184020275561,2681
6737.0,4430,0,2,0,5.275121345375782,217.61083521444695,2766.6868994831643,2702
6738.0,4429,0,0,1,5.254464617370064,217.95484307970196,2767.4011380093643,2697
6739.0,4427,0,0,2,5.237049929806551,218.43279873503502,2768.1659077609593,2724
6740.0,4425,0,0,2,5.218739537487645,218.89785310734464,2768.909734815765,2731
6741.0,4424,0,1,2,5.201053101016026,219.30447558770342,2769.157220712714,2737
6742.0,4423,0,0,1,5.188158283724275,219.75356093149446,2769.952185132614,2769
6743.0,4423,0,0,0,5.172466057352236,220.17544652950485,2770.713165765005,2785
6744.0,4422,0,0,1,5.1527053921507635,220.65445499773858,2771.6828154529258,2805
6745.0,4421,0,0,1,5.131425419176093,221.12915629947975,2772.2931343830305,2832
6746.0,4418,0,0,3,5.0938784941707125,221.6430511543685,2773.3425676125007,2835
6747.0,4417,0,0,1,5.066693270834594,222.10233189947928,2773.7202102969372,2850
6748.0,4416,0,0,1,5.052267787097232,222.59397644927537,2774.8262990644816,2867
6749.0,4411,0,0,5,5.017376819526798,223.31761505327592,2776.4534255227,2887
6750.0,4410,0,0,1,4.985508073595262,223.81133786848073,2777.2674348128608,2900
6751.0,4409,0,0,1,5.040650146135235,222.74506690859604,2778.058537491337,2767
6752.0,4407,0,0,2,5.138281174597489,222.05559337417745,2778.803376208425,2653
6753.0,4405,0,0,2,5.260620018490586,221.51804767309875,2779.135026510668,2570
6754.0,4404,0,0,1,5.386484003958585,220.97343324250681,2780.168757602936,2493
6755.0,4402,0,0,2,5.547832943398079,220.59359382099046,2780.8733626371795,2433
6756.0,4400,0,0,2,5.711291009417418,220.26886363636365,2782.0859210790927,2383
6757.0,4400,0,0,0,5.865034948562639,219.93431818181818,2782.7972036672354,2336
6758.0,4399,0,0,1,5.986043940630081,219.57831325301206,2783.5009086334253,2298
6759.0,4397,0,0,2,6.104785729832205,219.42756424835116,2783.671085993784,2268
6760.0,4396,0,0,1,6.184684891077239,219.17220200181984,2784.3453597739244,2253
6761.0,4395,0,0,1,6.27496732391306,218.9617747440273,2785.087621135265,2219
6762.0,4395,0,0,0,6.3363042419576985,218.63481228668942,2785.7685592699445,2209
6763.0,4393,0,0,2,6.382335604400694,218.5624857728204,2786.867682239674,2214
6764.0,4393,0,0,0,6.4485572420675314,218.3052583655816,2787.541119610545,2183
6765.0,4393,0,0,0,6.496344242741617,218.0432506259959,2788.2110356159114,2159
6766.0,4392,0,0,1,6.522016880518689,217.87522768670308,2789.3283358946587,2146
6767.0,4392,0,0,0,6.5467030736381675,217.7634335154827,2789.995167917067,2130
6768.0,4388,0,0,4,6.552411712615451,217.96080218778488,2791.219215624534,2120
6769.0,4388,0,0,0,6.556758044138747,217.8851412944394,2791.8851402784244,2099
6770.0,4387,0,0,1,6.564684024007595,217.85798951447458,2792.336267388688,2099
6771.0,4386,0,0,1,6.561018618671133,217.87232102143182,2792.823279003591,2103
6772.0,4385,0,0,1,6.556112048366687,217.84629418472065,2793.666873049627,2096
6773.0,4382,0,0,3,6.529617848258307,217.9002738475582,2794.2476971026554,2088
6774.0,4381,0,0,1,6.5065472396385005,217.8495777219813,2794.727679207114,2084
6775.0,4381,0,0,0,6.474539695048939,217.78429582287148,2795.399032241375,2077
6776.0,4379,0,0,2,6.437185798543324,217.8442566796072,2796.1516660781945,2092
6777.0,4378,0,0,1,6.419437497264542,217.82960255824577,2796.63058838459,2098
6778.0,4377,0,0,1,6.402089368213857,217.8572081334247,2797.3465941311665,2109
6779.0,4374,0,0,3,6.364993867781936,218.00068587105625,2797.4178287302484,2115
6780.0,4372,0,0,2,6.316541227007237,218.15439158279963,2798.1238598763625,2124
6781.0,4371,0,0,1,6.281337039856966,218.18805765271105,2798.8191688400043,2141
6782.0,4369,0,0,2,6.240024661146096,218.3067063401236,2799.5625259711724,2150
6783.0,4366,0,1,4,6.190908674123879,218.43747136967477,2800.3052492462416,2169
6784.0,4365,0,0,1,6.170878334690615,218.6192439862543,2801.180605254483,2190
6785.0,4363,0,0,2,6.15705957375663,218.78455191382076,2802.3810242094055,2185
6786.0,4361,0,0,2,6.142830035615263,218.89314377436366,2802.5510566027733,2200
6787.0,4359,0,0,2,6.12318924895556,219.0055058499656,2803.271360081872,2200
6788.0,4356,0,0,3,6.087641503706844,219.14508723599633,2803.98910455349,2198
6789.0,4355,0,0,1,6.065246800785648,219.32514351320322,2804.6942948556825,2216
6790.0,4352,0,0,3,6.030699190306381,219.5691636029412,2806.0013122576443,2220
6791.0,4352,0,0,0,5.986258451430025,219.74954044117646,2806.702023756801,2239
6792.0,4352,0,0,0,5.946958942350584,219.71254595588235,2807.405775576116,2243
6793.0,4352,0,1,1,5.911039909879347,219.70726102941177,2807.5107466851287,2251
6794.0,4351,0,0,1,5.876034305928284,219.69179498965755,2808.5186427495064,2252
6795.0,4350,0,0,1,5.837638473862883,219.71057471264368,2809.4012204198275,2258
6796.0,4350,0,0,0,5.825269398590257,219.7206896551724,2810.113740037149,2285
6797.0,4350,0,0,0,5.801852332756165,219.78919540229884,2810.828300400381,2280
6798.0,4349,0,0,1,5.788893527518355,219.95999080248333,2811.4846568683097,2298
6799.0,4349,0,1,1,5.779300723702123,220.03770981834904,2811.412443486869,2306
6800.0,4349,0,0,0,5.777462999095318,220.13704299839043,2812.1297246282556,2311
6801.0,4350,0,2,1,5.7592121071615265,220.23494252873564,2811.8006987551116,2324
6802.0,4349,0,0,1,5.7437603306323775,220.39618303058174,2812.44788108225,2330
6803.0,4348,0,0,1,5.731212476629283,220.68560257589695,2813.135344758186,2374
6804.0,4349,0,1,0,5.72366343533141,220.6783168544493,2813.209736003143,2374
6805.0,4350,0,1,0,5.70088272776638,220.82827586206898,2813.285437705735,2390
6806.0,4348,0,0,2,5.665018206595144,221.1653633854646,2813.922267139225,2408
6807.0,4348,0,1,1,5.625059156638101,221.3951241950322,2814.153057569709,2433
6808.0,4345,0,0,3,5.591363866529431,221.72957422324512,2814.3684110723084,2450
6809.0,4345,0,1,1,5.566065521541573,221.8573072497123,2814.4196928493184,2466
6810.0,4346,0,1,0,5.549299688443665,222.0586746433502,2814.5028528104135,2484
6811.0,4346,0,1,1,5.5127065646871385,222.2625402669121,2814.715470382987,2494
6812.0,4344,0,0,2,5.477779795222062,222.53268876611418,2815.8045498467322,2505
6813.0,4345,0,2,1,5.451267850974143,222.78803222094362,2815.237001662008,2525
6814.0,4345,0,0,0,5.427035350249585,223.08216340621405,2815.9752103229275,2526
6815.0,4344,0,1,2,5.3856529588836155,223.46846224677716,2816.1588665857075,2565
6816.0,4344,0,0,0,5.367159399378025,223.75092081031306,2816.900765791798,2577
6817.0,4344,0,1,1,5.339118543906997,223.963167587477,2816.8924915401944,2586
6818.0,4344,0,0,0,5.310468866422512,224.29488950276243,2817.6383598553043,2599
6819.0,4345,0,1,0,5.27768663645385,224.56662830840045,2817.7377980463566,2627
6820.0,4344,0,0,1,5.243423539730001,224.94797421731124,2818.7691439433247,2634
6821.0,4343,0,0,1,5.2146552953604886,225.3184434722542,2819.224580122122,2649
6822.0,4344,0,2,1,5.179034752955535,225.60980662983425,2818.7397943255696,2668
6823.0,4344,0,0,0,5.161307863515552,225.98710865561694,2819.4969073123484,2681
6824.0,4344,0,1,1,5.142682189093426,226.3084714548803,2819.206254046334,2691
6825.0,4343,0,0,1,5.142416925224904,226.64034077826386,2819.957358687548,2702
6826.0,4339,0,0,4,5.117625804962737,227.20626872551279,2820.387144250933,2722
6827.0,4338,0,1,2,5.102364335429512,227.59059474412172,2820.3247432537314,2708
6828.0,4337,0,0,1,5.087017691105941,228.0239797094766,2821.2343546398674,2716
6829.0,4337,0,2,2,5.063238745927935,228.4136499884713,2820.884175304389,2731
6830.0,4336,0,0,1,5.041243405772646,228.85055350553506,2821.7814651589206,2740
6831.0,4337,0,1,0,5.0248148162815784,229.20129121512565,2821.897163511252,2754
6832.0,4337,0,0,0,5.021397663422478,229.51141341941434,2822.663967296551,2769
6833.0,4334,0,0,3,5.003368625108984,230.0671435163821,2823.5572632367853,2782
6834.0,4333,0,0,1,4.983253389424141,230.55781213939534,2824.420431017985,2798
6835.0,4333,0,1,1,4.976621385460206,230.96930533117933,2824.906416449017,2792
6836.0,4329,0,0,4,4.958864047399843,231.57819357819358,2825.987236734807,2801
6837.0,4327,0,0,2,4.944273566829291,232.0499191125491,2827.081614975522,2804
6838.0,4326,0,0,1,4.932036759786011,232.5288950531669,2828.2218011442437,2828
6839.0,4324,0,0,2,4.909771629606253,233.08556891766884,2829.406564609348,2834
6840.0,4323,0,0,1,4.903300822150776,233.55170020818875,2830.5591172750837,2851
6841.0,4322,0,0,1,4.959106448443719,232.25266080518278,2831.564278229135,2696
6842.0,4322,0,1,1,5.062648564712413,231.3507635354003,2831.8192470122717,2607
6843.0,4320,0,0,2,5.191870779990211,230.74351851851853,2833.029246162788,2520
6844.0,4320,0,0,0,5.32355107343841,230.26087962962964,2833.7766516259844,2454
6845.0,4318,0,0,2,5.472763680800468,229.98934691987031,2834.7812401687356,2403
6846.0,4317,0,0,1,5.61617502550429,229.8227936066713,2835.753899255567,2368
6847.0,4316,0,0,1,5.741634547595969,229.76807228915663,2836.323212015242,2346
6848.0,4316,0,1,1,5.864688599983787,229.64249304911957,2836.651762458187,2320
6849.0,4316,0,0,0,5.968111524014955,229.54355885078778,2837.3556119679993,2307
6850.0,4317,0,1,0,6.058219455166314,229.23974982626825,2837.396452794636,2277
6851.0,4316,0,0,1,6.115407167834636,229.1591751621872,2838.3364712625075,2257
6852.0,4312,0,0,4,6.15487846405059,229.2991651205937,2839.821983607731,2230
6853.0,4312,0,1,1,6.19364001716348,229.34253246753246,2840.094150009601,2218
6854.0,4310,0,0,2,6.228626798702785,229.39211136890953,2841.0903432061455,2208
6855.0,4309,0,1,2,6.259308034869725,229.32861452773264,2841.2793560470254,2198
6856.0,4308,0,0,1,6.293252182933639,229.35956360259982,2842.148491398422,2200
6857.0,4306,0,0,2,6.29138718240366,229.55712958662332,2843.038588398062,2202
6858.0,4306,0,1,1,6.292022861056279,229.56665118439386,2843.31839441599,2186
6859.0,4304,0,0,2,6.291520557449672,229.65055762081784,2843.0848462883264,2184
6860.0,4304,0,1,1,6.30294168382085,229.6974907063197,2843.0186119050804,2184
6861.0,4301,0,0,3,6.28683190450597,229.894675656824,2843.7422971842375,2179
6862.0,4298,0,1,4,6.269347544682879,230.0886458818055,2843.508663443549,2164
6863.0,4294,0,0,4,6.249697497742418,230.28481602235678,2844.6545158642857,2150
6864.0,4295,0,1,0,6.248765042921956,230.223282887078,2844.673216521396,2152
6865.0,4292,0,0,3,6.230967698840804,230.3089468779124,2845.043790924696,2140
6866.0,4289,0,0,3,6.203432089766752,230.50431335975753,2846.0698115950036,2143
6867.0,4288,0,1,2,6.190612912995004,230.51329291044777,2846.244755807528,2134
6868.0,4288,0,0,0,6.189136486425879,230.52868470149255,2846.928100858647,2131
6869.0,4287,0,0,1,6.180617959414283,230.55003498950316,2847.5511300007074,2123
6870.0,4287,0,0,0,6.152476805737262,230.55260088640074,2848.236902598672,2136
6871.0,4287,0,0,0,6.144629678823631,230.59995334732915,2848.9232696015497,2132
6872.0,4284,0,0,3,6.105273182845285,230.7219887955182,2849.8667038993167,2145
6873.0,4282,0,1,3,6.075861211702075,230.80896777206914,2850.07348499924,2172
6874.0,4280,0,0,2,6.0644561032523185,230.95630841121496,2850.9892070220344,2189
6875.0,4279,0,0,1,6.042731905157826,231.08670250058424,2851.5503882163607,2192
6876.0,4279,0,1,1,6.008113907163799,231.14489366674457,2851.7327867790755,2207
6877.0,4277,0,0,2,5.967198168343724,231.35772737900396,2852.4179569069215,2214
6878.0,4275,0,0,2,5.928140051558131,231.51391812865498,2852.924498849756,2225
6879.0,4274,0,0,1,5.906441113141803,231.5561534861956,2853.4778756708884,2222
6880.0,4273,0,0,1,5.887105427653159,231.62789609173882,2854.4081877881968,2238
6881.0,4273,0,0,0,5.857773442088953,231.57453779545986,2855.1172899945614,2227
6882.0,4271,0,1,3,5.826022117908424,231.71926949192226,2855.3133207384585,2246
6883.0,4270,0,0,1,5.790221663519625,231.79531615925058,2856.1863397465827,2245
6884.0,4269,0,0,1,5.757119356805885,231.9189505739049,2856.886416426685,2283
6885.0,4268,0,0,1,5.721192436346277,232.08880037488285,2857.4497455285846,2293
6886.0,4268,0,0,0,5.676452334619547,232.18767572633553,2858.171840411801,2299
6887.0,4267,0,0,1,5.644397903549044,232.3243496601828,2858.8177381177065,2320
6888.0,4267,0,0,0,5.6294010674250785,232.4520740567143,2859.543869481725,2344
6889.0,4268,0,1,0,5.619405059703785,232.48641049671977,2859.600557224225,2337
6890.0,4266,0,0,2,5.610025597782179,232.60337552742615,2860.8271840143884,2333
6891.0,4266,0,0,0,5.613155792914479,232.60759493670886,2861.5551408800925,2342
6892.0,4264,0,1,3,5.5995258529550105,232.73499061913697,2861.910636082051,2355
6893.0,4262,0,0,2,5.591196669079245,232.90380103237916,2862.2703069331587,2356
6894.0,4257,0,0,5,5.567660450856144,233.2706131078224,2862.8388742185252,2377
6895.0,4257,0,2,2,5.5302754747469685,233.4190744655861,2862.4202153070164,2387
6896.0,4256,0,0,1,5.506484662436026,233.62758458646616,2862.6802622962655,2392
6897.0,4254,0,0,2,5.468788996337156,233.93347437705688,2863.5300045501504,2425
6898.0,4254,0,1,1,5.4446830316966475,234.10225669957686,2863.845699236904,2437
6899.0,4253,0,0,1,5.425832357713094,234.3846696449565,2864.4553789752276,2441
6900.0,4254,0,1,0,5.41238873301756,234.46356370474848,2864.5196692100794,2452
6901.0,4253,0,0,1,5.388501126597638,234.62896778744417,2865.5748520025877,2454
6902.0,4254,0,1,0,5.362851410345689,234.86013164080865,2865.643060774323,2491
6903.0,4253,0,0,1,5.336753163799775,235.14719021866918,2866.325059996031,2507
6904.0,4254,0,1,0,5.314942724656479,235.25575928537847,2866.396317493001,2508
6905.0,4253,0,0,1,5.273310631480657,235.57629908300024,2866.980705656141,2528
6906.0,4252,0,0,1,5.2558135374427675,235.7565851364064,2867.5481529869066,2527
6907.0,4251,0,1,2,5.212128297099641,236.0689249588332,2867.81008363339,2549
6908.0,4251,0,0,0,5.180310583053254,236.3138085156434,2868.5637580898183,2562
6909.0,4250,0,0,1,5.149270911873648,236.64164705882354,2869.2838836778374,2580
6910.0,4250,0,0,0,5.130319171406309,236.95223529411766,2870.0408802568904,2595
6911.0,4249,0,0,1,5.087567047792552,237.27229936455637,2870.7243965223865,2608
6912.0,4249,0,1,1,5.051803409728079,237.59072722993645,2870.50615203772,2637
6913.0,4249,0,0,0,5.027341099675099,237.90374205695457,2871.26941687542,2646
6914.0,4248,0,0,1,4.987458282908779,238.34651600753295,2871.55770668436,2661
6915.0,4248,0,0,0,4.955125992551474,238.6379472693032,2872.325868857812,2658
6916.0,4248,0,0,0,4.920202804990352,238.96139359698682,2873.0960350305395,2660
6917.0,4246,0,0,2,4.885316712416995,239.3655204898728,2874.0341538738758,2671
6918.0,4246,0,1,1,4.869478415700598,239.7242110221385,2874.127536586342,2693
6919.0,4245,0,1,2,4.841653300003621,240.1166077738516,2874.1109298925103,2706
6920.0,4244,0,0,1,4.823935305968673,240.54382657869934,2875.080110082306,2726
6921.0,4244,0,0,0,4.802063803909024,240.93473138548538,2875.8582958118213,2737
6922.0,4243,0,0,1,4.788758755762422,241.4303558802734,2876.8466788979736,2748
6923.0,4241,0,0,2,4.768145801712104,241.93940108464986,2877.840622669455,2758
6924.0,4238,0,0,3,4.749056766006326,242.46908919301558,2879.118297440907,2769
6925.0,4236,0,0,2,4.731452519787388,243.0179414542021,2879.781200511839,2782
6926.0,4234,0,0,2,4.704552482113731,243.54912612187056,2880.956730541654,2798
6927.0,4233,0,0,1,4.7080145642513065,244.0070871722183,2881.1685505260516,2808
6928.0,4231,0,0,2,4.701275155216359,244.5894587567951,2881.847769847236,2824
6929.0,4230,0,0,1,4.689911354206912,245.03569739952718,2882.604637964935,2829
6930.0,4230,0,0,0,4.678385268383359,245.45248226950355,2883.392192059112,2828
6931.0,4229,0,0,1,4.73036513103934,244.48853156774652,2884.3953933316366,2696
6932.0,4229,0,0,0,4.826929294590983,243.75904469141642,2885.172545277494,2602
6933.0,4230,0,1,0,4.949235965128751,243.24728132387708,2885.2591048597696,2530
6934.0,4229,0,0,1,5.082676988495275,242.84346181130292,2886.3038368204716,2463
6935.0,4228,0,0,1,5.22749064098444,242.45979186376536,2886.9879007848626,2397
6936.0,4228,0,0,0,5.398207283863312,242.07568590350047,2887.72545852276,2354
6937.0,4227,0,0,1,5.517217506711289,241.83108587650815,2888.190218755072,2325
6938.0,4225,0,0,2,5.626020792520699,241.71810650887574,2889.2989203996435,2293
6939.0,4222,0,0,3,5.726635457160218,241.68285172903836,2890.7219627118257,2254
6940.0,4219,0,0,3,5.820611525252,241.71012088172552,2890.8861645594548,2230
6941.0,4219,0,1,1,5.888818333992852,241.56980327091728,2890.6996289591057,2206
6942.0,4215,0,0,4,5.963040715533435,241.711743772242,2891.69047757795,2183
6943.0,4213,0,0,2,6.005250875979626,241.7277474483741,2892.583396579337,2166
6944.0,4211,0,0,2,6.043119684847767,241.63809071479457,2892.5355360149447,2146
6945.0,4210,0,0,1,6.07295478341207,241.4957244655582,2893.1904036558026,2149
6946.0,4209,0,0,1,6.093626339177389,241.40841054882395,2893.841058438862,2131
6947.0,4209,0,0,0,6.115424699652842,241.24114991684485,2894.5286013552513,2104
6948.0,4208,0,0,1,6.125237153659441,241.18369771863118,2895.0705191676616,2088
6949.0,4209,0,1,0,6.1341187916992075,241.0415775718698,2895.0687613406153,2081
6950.0,4208,0,0,1,6.1479317662467174,241.0235266159696,2895.937496776715,2057
6951.0,4207,0,0,1,6.182768747693569,240.91110054670787,2896.5543430669086,2030
6952.0,4206,0,0,1,6.205675482958636,240.98002853067047,2896.858912009167,2039
6953.0,4204,0,0,2,6.195428571660883,241.0675547098002,2897.4649315499787,2039
6954.0,4203,0,0,1,6.190518027887749,241.13990007137758,2898.4439120639636,2039
6955.0,4202,0,0,1,6.1744332238472,241.27772489290814,2898.6278647841395,2042
6956.0,4202,0,0,0,6.174350505972477,241.25202284626369,2899.31001790466,2023
6957.0,4198,0,0,4,6.168979471405931,241.40590757503574,2900.034923481696,2018
6958.0,4195,0,0,3,6.155130971114268,241.63337306317044,2901.3306032518954,2035
6959.0,4194,0,0,1,6.144659930535756,241.6971864568431,2901.943234040492,2035
6960.0,4194,0,1,1,6.128105894597997,241.74201239866477,2901.7493415543872,2034
6961.0,4192,0,0,2,6.093284981439527,241.85353053435114,2902.731694436593,2039
6962.0,4191,0,0,1,6.073683336174131,241.9062276306371,2903.485483267686,2031
6963.0,4190,0,0,1,6.051768135632716,241.96945107398568,2904.425617156365,2041
6964.0,4190,0,1,1,6.019659380355038,241.99904534606205,2904.8503605620526,2056
6965.0,4189,0,0,1,6.00029650139636,242.10623060396276,2905.685982304793,2065
6966.0,4188,0,0,1,5.973530161433444,242.29680038204393,2906.501044049897,2081
6967.0,4187,0,0,1,5.944878246234515,242.41939336040124,2907.1175369441194,2096
6968.0,4187,0,0,0,5.925485094133042,242.48770002388346,2907.8196253514734,2103
6969.0,4187,0,0,0,5.9075523003096775,242.62885120611415,2908.523337773957,2125
6970.0,4186,0,0,1,5.886524085678888,242.79956999522216,2909.139097536025,2133
6971.0,4184,0,0,2,5.852477896908231,242.96343212237093,2910.1440299020187,2137
6972.0,4184,0,0,0,5.8246335334939365,243.11902485659655,2910.8536629218615,2145
6973.0,4183,0,0,1,5.804197372760817,243.2254362897442,2911.6256919137045,2147
6974.0,4182,0,0,1,5.776616129012931,243.38809182209468,2912.583748673619,2168
6975.0,4183,0,1,0,5.731403634925575,243.44704757351184,2912.6044937686343,2177
6976.0,4181,0,0,2,5.684382707121708,243.61731643147573,2913.1596688713194,2179
6977.0,4179,0,0,2,5.666990481840601,243.80808805934433,2913.7275198854477,2171
6978.0,4179,0,0,0,5.651890293227838,243.86073223259152,2914.450248389258,2174
6979.0,4178,0,0,1,5.639142473194757,244.0861656294878,2915.4580277399423,2201
6980.0,4179,0,1,0,5.645025392101648,244.24958123953098,2915.483492829441,2208
6981.0,4175,0,0,4,5.6286284866891405,244.6548502994012,2916.065542535031,2238
6982.0,4176,0,1,0,5.630990264440874,244.75909961685824,2916.09187994199,2249
6983.0,4173,0,0,3,5.615579647594913,245.15959741193387,2917.214894107981,2272
6984.0,4173,0,0,0,5.601687104299874,245.24730409777138,2917.942046770106,2289
6985.0,4171,0,1,3,5.583864745293155,245.60081515224167,2917.8687018079454,2304
6986.0,4171,0,1,1,5.569807893193461,245.75593382881803,2917.7981747336826,2312
6987.0,4170,0,0,1,5.533073740262516,246.12110311750598,2918.528132865152,2340
6988.0,4170,0,2,2,5.505134793381473,246.38369304556355,2917.9519481667903,2354
6989.0,4169,0,0,1,5.4695742222335575,246.76229311585513,2918.6175789218178,2379
6990.0,4169,0,0,0,5.443173408847543,247.00455744782923,2919.3557340448874,2391
6991.0,4169,0,1,1,5.419317124216904,247.2369872871192,2919.358454966989,2407
6992.0,4167,0,0,2,5.3987751888775914,247.65994720422367,2920.5094673856806,2412
6993.0,4166,0,2,3,5.360561975390891,248.0367258761402,2920.2575290608816,2432
6994.0,4164,0,0,2,5.313014458514397,248.38256484149855,2921.3810451427944,2448
6995.0,4161,0,1,4,5.27890873577869,248.85988944965152,2921.238106053621,2466
6996.0,4160,0,0,1,5.254754171373004,249.31682692307692,2921.8024345167396,2486
6997.0,4158,0,1,3,5.2256526423689404,249.74050024050024,2922.2760608246476,2496
6998.0,4155,0,1,4,5.201013517918695,250.2789410348977,2922.420853519553,2508
6999.0,4154,0,1,2,5.154540377451874,250.72773230621087,2922.173523715198,2526
7000.0,4153,0,0,1,5.129071872901342,251.12280279316158,2923.2655388169765,2537
7001.0,4153,0,1,1,5.11058612015636,251.44136768601012,2923.2916141584988,2543
7002.0,4151,0,0,2,5.097206607695004,251.88075162611418,2924.152154531,2558
7003.0,4150,0,1,2,5.064863083877024,252.3089156626506,2924.1429328802938,2589
7004.0,4148,0,0,2,5.027592029321315,252.8003857280617,2925.3424382936946,2596
7005.0,4147,0,0,1,5.007008274953698,253.24813117916565,2926.476872509926,2623
7006.0,4147,0,2,2,4.977212603644639,253.68627923800338,2925.7112279556222,2636
7007.0,4147,0,0,0,4.955720978699417,254.1174342898481,2926.483779843951,2655
7008.0,4146,0,0,1,4.937118343696689,254.5489628557646,2927.226637748035,2662
7009.0,4145,0,0,1,4.92292249441477,255.02147165259348,2927.678962228279,2675
7010.0,4145,0,0,0,4.8955935273181375,255.40723763570566,2928.4552030790273,2692
7011.0,4144,0,0,1,4.87386525001167,255.8803088803089,2929.1059864362137,2710
7012.0,4144,0,0,0,4.86650188224462,256.3267374517375,2929.885479326401,2736
7013.0,4141,0,0,3,4.840430691633607,257.0127988408597,2931.088722348978,2766
7014.0,4141,0,0,0,4.835074686381836,257.4742815744989,2931.870326161071,2769
7015.0,4139,0,0,2,4.808914006247815,258.00362406378355,2932.749410993646,2772
7016.0,4139,0,0,0,4.789845195439749,258.46895385358783,2933.5341197675466,2797
7017.0,4136,0,0,3,4.762591051112515,259.15594777562865,2934.4549842905985,2806
7018.0,4135,0,0,1,4.7468872081742175,259.6788391777509,2935.165014374892,2813
7019.0,4134,0,0,1,4.721365093371701,260.170053217223,2936.2699895375695,2820
7020.0,4131,0,0,3,4.690607501165479,260.83103364802713,2936.9684011154095,2826
7021.0,4129,0,0,2,4.7372486818850525,259.83991281181886,2937.5204170343973,2688
7022.0,4130,0,1,0,4.836712111585331,259.027602905569,2937.5885217774285,2595
7023.0,4127,0,0,3,4.948048458116907,258.687181972377,2938.1749256804324,2521
7024.0,4127,0,0,0,5.082832690357884,258.20741458686695,2938.936444454007,2466
7025.0,4124,0,0,3,5.230832357943837,257.8741513094083,2939.2981506066435,2399
7026.0,4124,0,0,0,5.383128556740823,257.5603782735208,2940.038470510292,2360
7027.0,4122,0,0,2,5.543006844710834,257.4463852498787,2941.0107362619988,2325
7028.0,4121,0,1,2,5.685343352799013,257.1863625333657,2941.222645971864,2265
7029.0,4119,0,0,2,5.789288610930849,257.13449866472445,2942.318260224561,2226
7030.0,4118,0,0,1,5.877668944870326,257.06799417192815,2943.3347946419285,2210
7031.0,4119,0,1,0,5.9557225659834705,256.9834911386259,2943.321897485167,2206
7032.0,4118,0,0,1,6.022711415401577,257.0208839242351,2944.262779418178,2194
7033.0,4117,0,1,2,6.088685474443367,257.01384503279087,2944.317412671778,2181
7034.0,4116,0,0,1,6.141921303555337,256.5653547133139,2945.0010663525322,2150
7035.0,4117,0,1,0,6.181546867129752,256.35729900412923,2944.9728758084243,2148
7036.0,4117,0,0,0,6.219429585692486,256.3252368229293,2945.6570509069857,2146
7037.0,4116,0,0,1,6.236317470824242,256.3061224489796,2946.688738106462,2127
7038.0,4116,0,1,1,6.250065158670322,256.24586977648204,2947.1025782530437,2133
7039.0,4111,0,0,5,6.241002065290843,256.549501337874,2947.598233761136,2122
7040.0,4111,0,1,1,6.252505731168162,256.46898564826074,2947.9571859819366,2129
7041.0,4111,0,0,0,6.251550423164896,256.50498662126006,2948.637656418481,2114
7042.0,4108,0,0,3,6.234595122634024,256.65822784810126,2949.8974449624343,2103
7043.0,4107,0,0,1,6.236930110608353,256.7691745799854,2950.8723683433464,2108
7044.0,4108,0,1,0,6.237715651600981,256.60004868549174,2950.8353990147525,2086
7045.0,4106,0,0,2,6.224147524293023,256.71529469069657,2952.160418800614,2071
7046.0,4105,0,0,1,6.218632816419424,256.7468940316687,2952.9953122567813,2069
7047.0,4104,0,0,1,6.224223029445414,256.6581384015594,2954.0608506018234,2060
7048.0,4104,0,1,1,6.220476708068875,256.5977095516569,2954.2068312254187,2056
7049.0,4103,0,1,2,6.194934693053182,256.6517182549354,2954.0955028804483,2061
7050.0,4102,0,0,1,6.181237400399946,256.73598244758654,2954.5853452309993,2064
7051.0,4101,0,0,1,6.162982921130436,256.72640819312363,2955.574644439391,2066
7052.0,4099,0,0,2,6.140298688688095,256.8628933886314,2956.946717137265,2064
7053.0,4095,0,0,4,6.1081765807355595,257.1006105006105,2957.8135919926126,2074
7054.0,4094,0,0,1,6.087480592576078,257.23082559843675,2958.902507018854,2092
7055.0,4092,0,0,2,6.059796957548479,257.4007820136852,2959.893472495063,2104
7056.0,4091,0,0,1,6.035647823946072,257.6211195306771,2961.0002231271715,2118
7057.0,4090,0,0,1,6.016247292600866,257.72249388753056,2961.5211368399505,2121
7058.0,4089,0,1,2,5.983250897402695,257.83052090975787,2961.5786091725163,2120
7059.0,4087,0,0,2,5.939695160668753,258.139221923171,2962.3307205967412,2136
7060.0,4085,0,0,2,5.890589878439147,258.3899632802938,2962.730179009263,2151
7061.0,4084,0,0,1,5.826731315826168,258.6251224289912,2963.346250770615,2175
7062.0,4082,0,0,2,5.77791184648985,258.78221460068596,2964.032068669228,2176
7063.0,4080,0,0,2,5.725645296783208,258.9855392156863,2964.4703006837985,2183
7064.0,4079,0,0,1,5.682706708218326,259.180681539593,2965.5780526424805,2192
7065.0,4078,0,0,1,5.636673813400371,259.37910740559096,2966.151783361905,2208
7066.0,4077,0,0,1,5.5991979864553665,259.6188373804268,2967.130813663528,2215
7067.0,4076,0,1,2,5.571043144474069,259.82458292443573,2966.981815000256,2230
7068.0,4074,0,0,2,5.549397637058777,260.1600392734413,2967.73551647514,2255
7069.0,4074,0,0,0,5.533670460314693,260.3041237113402,2968.4693193354865,2267
7070.0,4073,0,0,1,5.5135794912145055,260.59022833292414,2969.0095194414002,2275
7071.0,4073,0,1,1,5.508027446542522,260.7576724772895,2968.959725896949,2294
7072.0,4070,0,1,4,5.489719903020818,261.1336609336609,2968.974268771807,2297
7073.0,4069,0,0,1,5.480325873850862,261.4347505529614,2969.726813502764,2313
7074.0,4067,0,0,2,5.482284427997117,261.85910990902386,2969.90468375955,2352
7075.0,4065,0,2,4,5.479228052212608,262.2676506765068,2969.480840059402,2366
7076.0,4065,0,0,0,5.486329462280264,262.51709717097174,2970.221365939488,2367
7077.0,4064,0,0,1,5.479302234482111,262.81200787401576,2970.615872167209,2383
7078.0,4063,0,0,1,5.474854221136891,263.1491508737386,2971.343058168003,2400
7079.0,4063,0,1,1,5.452874281482948,263.41397981786855,2971.315818000488,2416
7080.0,4062,0,0,1,5.427113313385956,263.79492860659775,2971.881504565713,2423
7081.0,4062,0,1,1,5.406918039987679,264.0755785327425,2972.3423110826852,2443
7082.0,4061,0,0,1,5.402216688879223,264.4718049741443,2973.033805668013,2450
7083.0,4060,0,0,1,5.3949021578417105,264.87068965517244,2973.246820301915,2474
7084.0,4059,0,0,1,5.382753866761331,265.2320768662232,2974.246206402398,2478
7085.0,4058,0,1,2,5.35502088500096,265.66190241498276,2974.7400940101616,2493
7086.0,4057,0,0,1,5.328780792765234,266.0685235395612,2975.8112763346558,2514
7087.0,4057,0,1,1,5.306677844789161,266.37145674143454,2975.282777449062,2523
7088.0,4058,0,1,0,5.295546159924899,266.6138491867915,2975.305464730245,2521
7089.0,4057,0,0,1,5.2726810897180565,266.9548927779147,2975.666322904455,2533
7090.0,4057,0,0,0,5.260809420931488,267.2861720483116,2976.4249045399874,2545
7091.0,4057,0,1,1,5.234978035129919,267.5900912003944,2976.795618688861,2553
7092.0,4057,0,0,0,5.217151058257241,267.92432832141975,2977.5578308985446,2554
7093.0,4058,0,1,0,5.186287627383737,268.2060128141942,2977.587995733377,2582
7094.0,4059,0,1,0,5.15718895218832,268.44740083764475,2977.6205627709937,2595
7095.0,4060,0,1,0,5.134053816450744,268.7068965517241,2977.6555896448435,2606
7096.0,4059,0,0,1,5.1114724529099975,269.11258930771123,2978.2685087976765,2619
7097.0,4060,0,1,0,5.098653110927548,269.4684729064039,2978.3054330786326,2633
7098.0,4059,0,0,1,5.0711377653717635,269.93569844789357,2979.298284615093,2634
7099.0,4061,0,2,0,5.042671630009847,270.19330214232946,2978.6051001678206,2655
7100.0,4061,0,0,0,5.014904984313058,270.5604530903718,2979.382092899892,2673
7101.0,4062,0,1,0,4.996491168229744,270.8956179222058,2979.425720318245,2680
7102.0,4060,0,0,2,4.963788271951922,271.40862068965515,2980.5098031236553,2677
7103.0,4060,0,1,1,4.945619831666846,271.6963054187192,2980.627064125621,2692
7104.0,4059,0,0,1,4.925571476294782,272.1852673072185,2981.324127258628,2709
7105.0,4058,0,0,1,4.915317777571655,272.60867422375554,2982.178543209824,2703
7106.0,4055,0,0,3,4.8940268776562155,273.2347718865598,2982.5387965680716,2725
7107.0,4056,0,1,0,4.881395845523995,273.6572978303748,2982.5866455467367,2745
7108.0,4054,0,0,2,4.86921459249883,274.2303897385298,2983.3658005288066,2742
7109.0,4052,0,0,2,4.853882392089479,274.7981243830207,2984.644415762128,2754
7110.0,4051,0,0,1,4.839697754019124,275.34238459639596,2985.2549935485968,2772
7111.0,4052,0,1,0,4.887760828882855,274.11154985192496,2985.301309918273,2637
7112.0,4051,0,0,1,4.97919370364358,273.303875586275,2986.376561996191,2515
7113.0,4051,0,0,0,5.106506318280292,272.77412984448284,2987.143818711761,2446
7114.0,4049,0,0,2,5.229404539209476,272.4230674240553,2988.286655131543,2375
7115.0,4049,0,0,0,5.392099651452691,272.06989380093853,2989.0340520289874,2317
7116.0,4048,0,0,1,5.552072746040493,271.7033102766798,2989.409528257167,2270
7117.0,4048,0,1,1,5.701703638570634,271.4157608695652,2988.8550406888353,2234
7118.0,4045,0,0,3,5.817919881407425,271.40741656365884,2989.312501861831,2212
7119.0,4046,0,1,0,5.926318630274726,271.109243697479,2989.2851021477577,2183
7120.0,4045,0,0,1,6.014164305961257,270.9540173053152,2990.2769489080174,2149
7121.0,4045,0,1,1,6.102367499129297,270.80939431396786,2990.3027526364845,2127
7122.0,4043,0,0,2,6.154339820854435,270.812020776651,2990.9702105134174,2128
7123.0,4042,0,1,2,6.20302937125401,270.72068283028204,2991.250072794862,2115
7124.0,4040,0,0,2,6.262969061927528,270.6777227722772,2991.86030830964,2084
7125.0,4040,0,0,0,6.299871390981204,270.6042079207921,2992.546791658262,2091
7126.0,4038,0,0,2,6.342410785105987,270.64264487369985,2993.287864162397,2080
7127.0,4039,0,1,0,6.358006533159368,270.51052240653627,2993.229299369152,2067
7128.0,4038,0,0,1,6.367335654043831,270.5586924219911,2994.1163366322726,2069
7129.0,4039,0,1,0,6.393950834638488,270.40059420648674,2994.0552601454906,2047
7130.0,4037,0,0,2,6.391871433172296,270.50334406737676,2993.96341970451,2051
7131.0,4037,0,0,0,6.411999716174183,270.347535298489,2994.6430749878255,2035
7132.0,4035,0,0,2,6.416405636540174,270.5097893432466,2994.7788727018556,2038
7133.0,4035,0,1,1,6.415147315383354,270.5449814126394,2994.5495048121993,2046
7134.0,4035,0,0,0,6.408319486195456,270.49368029739776,2995.230589423543,2046
7135.0,4034,0,0,1,6.402060575786163,270.50173525037184,2996.1107063878676,2043
7136.0,4033,0,0,1,6.3959197005785935,270.50681874535087,2997.0729007499785,2029
7137.0,4033,0,0,0,6.386724721559172,270.4425985618646,2997.755866255744,2023
7138.0,4030,0,0,3,6.37041885156163,270.5044665012407,2998.326013341215,2012
7139.0,4029,0,0,1,6.363790458112433,270.41275750806653,2999.012115624003,2016
7140.0,4028,0,1,2,6.339773875265326,270.26688182720955,2998.5605686361287,2003
7141.0,4026,0,1,3,6.319931750941815,270.269001490313,2998.6606793891656,1996
7142.0,4023,0,0,3,6.285502505110707,270.3415361670395,3000.2078546953608,1994
7143.0,4021,0,0,2,6.244030881834979,270.46704799801046,3000.686405589681,2009
7144.0,4020,0,0,1,6.209254584983643,270.4281094527363,3001.3853594661464,2015
7145.0,4019,0,1,2,6.1761842484351295,270.38218462304053,3001.176881316243,1985
7146.0,4019,0,0,0,6.1561328802918265,270.45683005722816,3001.8752330857155,2016
7147.0,4019,0,0,0,6.138976493937087,270.4777307788007,3002.5743283224215,2016
7148.0,4017,0,0,2,6.111101284918891,270.6860841423948,3002.9520957380682,2024
7149.0,4016,0,0,1,6.072230736193648,270.7101593625498,3003.870436746301,2017
7150.0,4015,0,1,2,6.015151004354197,270.87621419676213,3003.748798586384,2028
7151.0,4014,0,0,1,5.963897650559102,270.9698555057299,3004.4136093143948,2040
7152.0,4014,0,0,0,5.92228740356296,271.07249626307924,3005.1291056401287,2061
7153.0,4014,0,0,0,5.903806529540337,271.1761335326358,3005.845823975347,2070
7154.0,4014,0,0,0,5.879240720083837,271.22645739910314,3006.565144295365,2072
7155.0,4014,0,0,0,5.8409581724418755,271.34404583956155,3007.287629736504,2103
7156.0,4012,0,0,2,5.8068982437099645,271.5451146560319,3008.5278782405153,2113
7157.0,4013,0,1,0,5.7806825713985805,271.6000498380264,3008.5042034514586,2133
7158.0,4013,0,0,0,5.752455263858759,271.60229254921506,3009.2320186008646,2127
7159.0,4012,0,0,1,5.715464565025637,271.67497507477566,3009.843989987646,2128
7160.0,4011,0,0,1,5.691619273196045,271.80403889304415,3010.781472097928,2152
7161.0,4010,0,0,1,5.653827621202537,271.9693266832918,3011.7420165730355,2169
7162.0,4008,0,0,2,5.628287920573293,272.2806886227545,3012.6232190902856,2186
7163.0,4008,0,1,1,5.609965797595412,272.49251497005986,3012.8190027448345,2220
7164.0,4006,0,0,2,5.5935943844792195,272.7803295057414,3013.8713851652774,2230
7165.0,4005,0,0,1,5.572495708247094,273.154556803995,3014.5649509243653,2261
7166.0,4003,0,0,2,5.543659869568974,273.5670746939795,3015.557458944491,2279
7167.0,4003,0,1,1,5.524544460428292,273.7811641269048,3015.5152145234842,2285
7168.0,4000,0,0,3,5.48394899146872,274.17475,3016.0751871697794,2293
7169.0,3998,0,0,2,5.453222386717658,274.6285642821411,3016.5669129666753,2316
7170.0,3998,0,1,1,5.421914660228071,274.895947973987,3016.664147571165,2322
7171.0,3997,0,0,1,5.392796259435978,275.20690517888414,3017.604679642383,2344
7172.0,3993,0,0,4,5.361270065185675,275.66466316053095,3018.72375918792,2350
7173.0,3993,0,1,1,5.337925203048601,276.0045078888054,3018.7456072148116,2365
7174.0,3991,0,0,2,5.3078006083122204,276.47832623402655,3019.779693990838,2368
7175.0,3991,0,1,1,5.2906427324808005,276.70233024304684,3019.7961599334462,2380
7176.0,3992,0,1,0,5.276137909186969,276.8579659318637,3019.7998551475794,2391
7177.0,3992,0,0,0,5.269283082586145,277.18987975951904,3020.5615088009304,2422
7178.0,3992,0,0,0,5.248615935697477,277.5265531062124,3021.324521340443,2432
7179.0,3991,0,0,1,5.217709610578592,277.92357805061386,3021.638194737958,2441
7180.0,3989,0,1,3,5.182591030506668,278.3933316620707,3021.7278443197965,2460
7181.0,3989,0,0,0,5.173730725290069,278.6560541489095,3022.4953929444914,2472
7182.0,3989,0,1,1,5.165139782545527,278.93281524191525,3022.4192861906386,2484
7183.0,3987,0,0,2,5.149846937589633,279.3616754451969,3023.0784429453724,2478
7184.0,3987,0,0,0,5.132741831526204,279.6837220968146,3023.849798836513,2497
7185.0,3986,0,0,1,5.114832474219979,280.1881585549423,3024.822604377752,2517
7186.0,3986,0,1,1,5.103530076472625,280.47215253386855,3024.808016371925,2507
7187.0,3987,0,1,0,5.087662158082229,280.82392776523704,3024.8228040147474,2536
7188.0,3984,0,0,3,5.058445107506284,281.26782128514054,3024.8417457132696,2544
7189.0,3983,0,0,1,5.040290476825594,281.65126788852626,3025.091507356291,2553
7190.0,3983,0,0,0,5.03166309931871,281.9691187547075,3025.8691784293815,2564
7191.0,3982,0,0,1,5.01331444022485,282.37744851833247,3026.6390991823478,2562
7192.0,3979,0,0,3,4.978115322564092,282.94646896205074,3027.4662030172512,2570
7193.0,3979,0,0,0,4.962928940868188,283.28575018848954,3028.2473350833916,2578
7194.0,3978,0,0,1,4.955540288293172,283.76872800402214,3028.8256935158547,2582
7195.0,3975,0,0,3,4.936963244583701,284.4098113207547,3029.187046854274,2610
7196.0,3973,0,0,2,4.9145873062209775,284.9750818021646,3030.1158947631166,2627
7197.0,3969,0,0,4,4.89439262229318,285.74275636180397,3030.2915387352687,2644
7198.0,3969,0,0,0,4.8739308953144596,286.1287477954145,3031.0785625631675,2647
7199.0,3968,0,0,1,4.857823796451899,286.578377016129,3031.2581613545663,2647
7200.0,3967,0,0,1,4.837266620215645,287.03150995714645,3032.236996578166,2646
7201.0,3965,0,0,2,4.893303798969567,285.6370744010088,3032.9795325735104,2497
7202.0,3965,0,1,1,4.989420233720658,284.7513240857503,3032.8620017523926,2400
7203.0,3965,0,0,0,5.115877257482828,284.23656998738966,3033.6321953551205,2330
7204.0,3962,0,0,3,5.240387735312388,284.03659767794045,3034.789520231866,2269
7205.0,3961,0,0,1,5.397506273442824,283.70411512244385,3035.734973081499,2222
7206.0,3961,0,0,0,5.557243473572513,283.35698056046454,3036.473553099269,2197
7207.0,3961,0,0,0,5.735142079014225,283.15299166877054,3037.2004861712694,2158
7208.0,3961,0,0,0,5.863935928958856,282.95203231507196,3037.9191405687807,2121
7209.0,3962,0,1,0,5.977311675567767,282.81297324583545,3037.863025907181,2113
7210.0,3961,0,0,1,6.066788856627305,282.82125725826813,3038.453444407738,2094
7211.0,3960,0,0,1,6.128894996734818,282.8545454545455,3038.6425677030024,2088
7212.0,3958,0,1,3,6.18449410653463,282.93860535624054,3038.026909335601,2080
7213.0,3958,0,0,0,6.2511770942016485,282.79964628600305,3038.72015496931,2060
7214.0,3957,0,0,1,6.297265707119156,282.7457669951984,3039.6599107527963,2042
7215.0,3957,0,1,1,6.344237314368264,282.6075309577963,3039.8548611192355,2026
7216.0,3957,0,0,0,6.39184054931764,282.4622188526662,3040.5392157326646,2015
7217.0,3956,0,0,1,6.418735525059633,282.5356420626896,3040.9988942645477,2014
7218.0,3957,0,1,0,6.451941483170917,282.44806671721,3040.91138839598,1993
7219.0,3956,0,0,1,6.475266026478354,282.44135490394336,3041.0381798073345,1973
7220.0,3956,0,0,0,6.493442785421937,282.4706774519717,3041.716606269199,1970
7221.0,3956,0,0,0,6.502252947939763,282.4787664307381,3042.3942429185595,1958
7222.0,3957,0,1,0,6.524048652191479,282.37806419004295,3042.301217238088,1956
7223.0,3956,0,0,1,6.53897025556718,282.35540950455004,3042.9502966405585,1947
7224.0,3955,0,0,1,6.536486492844588,282.4118836915297,3043.821531807054,1946
7225.0,3954,0,0,1,6.5394515822282475,282.4706626201315,3044.5881269702004,1939
7226.0,3954,0,0,0,6.517525021159471,282.4453717754173,3045.264938914437,1929
7227.0,3951,0,0,3,6.480834635357554,282.62566438876235,3045.902355437202,1911
7228.0,3952,0,1,0,6.453419790427992,282.5199898785425,3045.81104760295,1925
7229.0,3949,0,0,3,6.417080963991522,282.7627247404406,3046.8750780631344,1931
7230.0,3947,0,0,2,6.405039696890895,282.91461869774514,3047.116008357694,1934
7231.0,3946,0,0,1,6.385677846177781,282.9911302584896,3047.308541809127,1939
7232.0,3945,0,0,1,6.361099013524844,283.1389100126743,3048.2243520199168,1953
7233.0,3943,0,0,2,6.330717121500204,283.27238143545526,3049.1490741057355,1952
7234.0,3941,0,0,2,6.289455002660052,283.4694240040599,3049.165126230544,1967
7235.0,3942,0,1,0,6.26397849160003,283.47234906139016,3049.0830949300466,1969
7236.0,3941,0,0,1,6.2256174165015095,283.63664044658714,3049.275496177824,1992
7237.0,3939,0,0,2,6.196236327463303,283.93678598629094,3049.8964151185214,2002
7238.0,3938,0,0,1,6.161401334274956,284.04545454545456,3050.802188258018,1992
7239.0,3936,0,0,2,6.136051910884147,284.3219004065041,3051.7161036178245,2014
7240.0,3935,0,0,1,6.100267615876142,284.4937738246506,3052.3807745635286,2016
7241.0,3934,0,0,1,6.051767483845108,284.74046771733606,3053.1799414180855,2033
7242.0,3933,0,0,1,5.999173049035374,284.9249936435291,3053.8292195163276,2042
7243.0,3932,0,0,1,5.952140969097325,285.04501525941,3054.3106303149066,2036
7244.0,3933,0,1,0,5.920551213410892,285.140859394864,3054.248948721795,2054
7245.0,3930,0,0,3,5.876302906484694,285.50661577608145,3055.3959886749976,2079
7246.0,3929,0,0,1,5.849416338067379,285.7465003817765,3056.123278808043,2090
7247.0,3927,0,0,2,5.812272142321479,286.01426024955435,3056.672651940428,2097
7248.0,3926,0,0,1,5.786622112836369,286.22440142638817,3057.3333136078218,2113
7249.0,3925,0,0,1,5.768715436690061,286.42471337579616,3058.2797479193064,2113
7250.0,3923,0,0,2,5.7375313070682274,286.75656385419325,3058.511938464566,2134
7251.0,3924,0,1,0,5.703933175167553,286.9459734964322,3058.4601383661993,2150
7252.0,3923,0,0,1,5.704885741463156,287.2459852153964,3059.484205968404,2164
7253.0,3922,0,1,2,5.682645310407185,287.4156042835288,3059.3625005497106,2164
7254.0,3920,0,0,2,5.651707428662964,287.8265306122449,3060.281552113617,2175
7255.0,3919,0,1,2,5.619080670256075,288.21714723143657,3060.8537593255323,2191
7256.0,3919,0,0,0,5.5907053253026255,288.5391681551416,3061.5866806326,2212
7257.0,3919,0,2,2,5.536466421843705,288.80811431487626,3060.28419796711,2214
7258.0,3918,0,0,1,5.504052195682585,289.25752935171005,3061.328865275531,2234
7259.0,3916,0,0,2,5.474714223674127,289.79315628192035,3062.0325615154047,2247
7260.0,3917,0,2,1,5.452590490253322,290.0439111564973,3061.6780559123586,2269
7261.0,3917,0,0,0,5.444058033515269,290.33137605310185,3062.4227703464335,2275
7262.0,3914,0,0,3,5.41771305921488,290.8714869698518,3064.1899780038425,2298
7263.0,3914,0,2,2,5.393537262771842,291.2470618293306,3063.572791986478,2301
7264.0,3914,0,0,0,5.3773731950472765,291.5421563617782,3064.322550750679,2312
7265.0,3913,0,1,2,5.352008812900736,291.8964988499872,3064.318844146305,2307
7266.0,3913,0,1,1,5.331360983903519,292.2057245080501,3064.5696141554386,2312
7267.0,3914,0,1,0,5.301930842362866,292.5,3064.5420580210025,2337
7268.0,3915,0,1,0,5.271597517311403,292.7652618135377,3064.5172159241956,2356
7269.0,3916,0,1,0,5.243571975428224,293.0674157303371,3064.4949632463936,2376
7270.0,3916,0,0,0,5.234257078792068,293.479315628192,3065.256472880993,2392
7271.0,3916,0,0,0,5.217605187675202,293.80898876404495,3066.0200364047146,2390
7272.0,3916,0,1,1,5.202622716617725,294.18488253319714,3065.952075255878,2402
7273.0,3915,0,1,2,5.19568325786506,294.6735632183908,3065.5912350876447,2417
7274.0,3914,0,1,2,5.183353173023355,295.2010730710271,3065.5546171259425,2444
7275.0,3912,0,0,2,5.153084794024043,295.7988241308793,3066.568086829395,2454
7276.0,3912,0,1,1,5.131163174020594,296.2170245398773,3066.433959402983,2464
7277.0,3912,0,1,1,5.106266227858604,296.67638036809814,3066.069314538828,2482
7278.0,3912,0,0,0,5.089998200078776,297.09432515337426,3066.841065747504,2491
7279.0,3913,0,1,0,5.077860526614915,297.4717607973422,3066.8299045371723,2500
7280.0,3912,0,1,2,5.047001996696115,297.98721881390594,3066.986845445684,2498
7281.0,3912,0,0,0,5.035021571727498,298.4123210633947,3067.7632983301887,2515
7282.0,3911,0,0,1,5.029808495886754,298.94579391459985,3068.3357917320873,2526
7283.0,3910,0,0,1,5.012152049580508,299.4567774936061,3068.968191438678,2538
7284.0,3908,0,0,2,4.990710001755376,300.03505629477996,3069.22647037907,2553
7285.0,3906,0,0,2,4.953526882013086,300.636968766001,3069.7051334612715,2567
7286.0,3905,0,0,1,4.923448261010327,301.1290653008963,3070.4208590101625,2570
7287.0,3903,0,0,2,4.888246942305167,301.8265436843454,3071.649572447367,2593
7288.0,3902,0,0,1,4.8629889815346,302.4354177344951,3072.7309135939076,2612
7289.0,3902,0,0,0,4.8567702110352595,302.96796514607894,3073.5187464272303,2618
7290.0,3901,0,0,1,4.829544077973683,303.5234555242246,3073.796090345808,2630
7291.0,3901,0,0,0,4.8909898966335845,302.2437836452192,3074.5809738476314,2477
7292.0,3902,0,1,0,4.9886421624904145,301.36622245002565,3074.5705580379067,2396
7293.0,3900,0,0,2,5.113125921259619,300.90846153846155,3075.6100478343747,2317
7294.0,3900,0,0,0,5.27540635489506,300.34717948717946,3076.368346963227,2256
7295.0,3900,0,0,0,5.436735894652478,300.03923076923076,3077.116334837567,2205
7296.0,3899,0,0,1,5.604824711061526,299.8471402923827,3077.9306477976206,2171
7297.0,3899,0,1,1,5.744286893972019,299.58989484483203,3077.8618526864334,2127
7298.0,3898,0,1,2,5.8787341707548135,299.416367367881,3077.53465185334,2091
7299.0,3898,0,0,0,5.989660705647507,299.3453052847614,3078.2459634261195,2076
7300.0,3899,0,1,0,6.113967113043036,299.0366760707874,3078.1595032872788,2046
7301.0,3897,0,0,2,6.189648222912579,299.2260713369258,3079.226340020034,2036
7302.0,3896,0,0,1,6.254865178169295,299.34317248459956,3080.1750686760824,2017
7303.0,3897,0,1,0,6.3253014487482835,299.2209391839877,3080.073441743999,1996
7304.0,3897,0,0,0,6.380519988116279,299.17808570695405,3080.7593000805723,1987
7305.0,3897,0,0,0,6.416027527377116,299.08673338465485,3081.44161941938,1970
7306.0,3898,0,1,0,6.451847326472951,298.91944586967674,3081.330430685314,1940
7307.0,3897,0,0,1,6.483614815955748,298.6938670772389,3082.4003173213296,1927
7308.0,3895,0,0,2,6.499912908148016,298.5309370988447,3082.586178882455,1918
7309.0,3895,0,0,0,6.5265054134436,298.33889602053915,3083.260358174031,1918
7310.0,3894,0,0,1,6.53051935932474,298.2498715973292,3084.229944605508,1908
7311.0,3894,0,0,0,6.547370933276869,298.07986646122237,3084.9035770819487,1895
7312.0,3894,0,1,1,6.540406142788161,297.95762711864404,3084.392633071331,1899
7313.0,3891,0,0,3,6.513947453601144,298.017733230532,3085.3795209569003,1890
7314.0,3891,0,0,0,6.516479333554615,297.78129015677206,3086.054321448179,1893
7315.0,3891,0,0,0,6.509236426570857,297.6165510151632,3086.729252544276,1882
7316.0,3890,0,0,1,6.496729138110288,297.63701799485864,3087.669825582824,1882
7317.0,3890,0,0,0,6.481280619710539,297.486118251928,3088.346053642785,1879
7318.0,3888,0,0,2,6.463111570694733,297.4732510288066,3089.412143165093,1886
7319.0,3886,0,0,2,6.442303992630509,297.5131240349974,3090.314366220965,1884
7320.0,3884,0,0,2,6.4197462921502915,297.6699279093718,3090.902188557204,1884
7321.0,3883,0,0,1,6.402187754395685,297.5261395827968,3091.745265381809,1894
7322.0,3881,0,0,2,6.374654735512073,297.4625096624581,3092.739990959362,1914
7323.0,3881,0,0,0,6.35490977860884,297.22262303530016,3093.4244811528956,1917
7324.0,3881,0,1,1,6.3394509511648245,296.984540066993,3093.6694376938535,1918
7325.0,3881,0,0,0,6.342578557826133,296.81834578716825,3094.355826172889,1916
7326.0,3880,0,0,1,6.338314546466724,296.6765463917526,3095.2610035719435,1938
7327.0,3878,0,0,2,6.309841916056677,296.7619907168644,3096.1384184339895,1935
7328.0,3877,0,0,1,6.2892732389333785,296.6633995357235,3097.362458244549,1941
7329.0,3875,0,0,2,6.24157930990861,296.67483870967743,3098.541646472973,1949
7330.0,3871,0,0,4,6.180440812224835,296.9573753552054,3099.0552812894825,1964
7331.0,3869,0,0,2,6.129985539952753,297.0356681313001,3099.095995710839,1980
7332.0,3867,0,0,2,6.094018183253944,297.29428497543313,3099.9108904958607,1987
7333.0,3866,0,0,1,6.061771191093403,297.40688049663737,3100.894215144387,2014
7334.0,3867,0,1,0,6.017226303691237,297.30954228083783,3100.803598151035,2033
7335.0,3866,0,0,1,5.996193210567272,297.35747542679775,3101.329752230263,2030
7336.0,3864,0,0,2,5.961610448399779,297.3718944099379,3101.7799448793266,2036
7337.0,3862,0,0,2,5.937315820013211,297.4352667011911,3102.662803190314,2043
7338.0,3861,0,0,1,5.912786151118831,297.45325045325046,3103.437691427695,2060
7339.0,3859,0,0,2,5.886785522446631,297.6522415133454,3104.6137242810355,2081
7340.0,3858,0,0,1,5.846724543719189,297.93468118195955,3104.9924103379813,2102
7341.0,3856,0,0,2,5.824769986520632,298.18905601659753,3105.8256821030463,2110
7342.0,3855,0,0,1,5.812762700266571,298.2926070038911,3106.620472608531,2131
7343.0,3853,0,0,2,5.78431273621594,298.70101219828706,3107.3244221464856,2144
7344.0,3850,0,0,3,5.7538165247986575,299.0207792207792,3108.269301319674,2148
7345.0,3848,0,0,2,5.718474506865493,299.01949064449065,3109.459181664141,2160
7346.0,3846,0,0,2,5.678178976688903,299.45683827353093,3110.553772841091,2175
7347.0,3845,0,0,1,5.65000219268913,299.81612483745124,3111.118082025588,2198
7348.0,3845,0,0,0,5.603158058724935,299.9154746423927,3111.858474583292,2215
7349.0,3843,0,0,2,5.562845213444558,300.1327088212334,3112.3763460572172,2224
7350.0,3843,0,0,0,5.529067617541472,300.1740827478532,3113.1212308522395,2228
7351.0,3842,0,0,1,5.484055394925341,300.3690786048933,3113.8922591791265,2250
7352.0,3840,0,0,2,5.448668497193191,300.70078125,3114.5322245696734,2260
7353.0,3839,0,0,1,5.41797137933816,300.98332899192496,3115.7998563595424,2272
7354.0,3840,0,1,0,5.388398317492742,301.003125,3115.740756736179,2272
7355.0,3839,0,0,1,5.354222727810923,301.28028132326125,3116.377056714773,2282
7356.0,3839,0,0,0,5.319710126234434,301.34227663454027,3117.1341310377793,2290
7357.0,3838,0,1,2,5.279195136195647,301.6464304325169,3117.601470754447,2300
7358.0,3837,0,0,1,5.26744296834396,302.06515506906436,3118.243543832053,2318
7359.0,3836,0,0,1,5.247963489071041,302.5281543274244,3118.352208722586,2333
7360.0,3835,0,1,2,5.218780117184029,302.9851368970013,3118.8218831415356,2330
7361.0,3835,0,0,0,5.203363777663176,303.40312907431553,3119.58643834428,2350
7362.0,3833,0,1,3,5.1766942464483,303.90790503522044,3119.7148425606324,2352
7363.0,3832,0,0,1,5.134784135541395,304.3619519832985,3120.456078708328,2367
7364.0,3832,0,1,1,5.108692810240935,304.6396137787056,3120.583384356327,2380
7365.0,3830,0,0,2,5.087702362755403,305.02872062663187,3120.9499251685334,2391
7366.0,3829,0,1,2,5.078551796924746,305.34473752938106,3120.754795829409,2388
7367.0,3828,0,1,2,5.067417130676056,305.7398119122257,3120.7783617816044,2398
7368.0,3830,0,2,0,5.048949657887854,306.02349869451695,3119.9247917511043,2418
7369.0,3830,0,0,0,5.033086022693507,306.43159268929503,3120.702598916973,2422
7370.0,3830,0,0,0,5.0316124291832205,306.85770234986944,3121.4800608243127,2433
7371.0,3829,0,1,2,5.010732801017286,307.34108122225126,3121.224439984888,2439
7372.0,3828,0,0,1,4.9925730750422765,307.92032392894464,3121.721440629855,2462
7373.0,3827,0,0,1,4.9698021142190045,308.4327149203031,3122.671779943318,2480
7374.0,3825,0,0,2,4.933111506974407,308.9738562091503,3123.0733137092107,2484
7375.0,3824,0,1,2,4.88507193442509,309.5062761506276,3122.818620600977,2503
7376.0,3825,0,1,0,4.843577523681604,309.85908496732026,3122.78927083722,2525
7377.0,3824,0,0,1,4.803278139079566,310.3742154811716,3123.813935821234,2528
7378.0,3823,0,0,1,4.77492333901646,310.8778446246403,3124.634783943261,2548
7379.0,3823,0,0,0,4.7586689936418365,311.3400470834423,3125.426454777024,2558
7380.0,3823,0,0,0,4.737968913886139,311.7640596390269,3126.218551782493,2565
7381.0,3823,0,0,0,4.810830777227204,310.5113784985613,3127.0057089089278,2431
7382.0,3823,0,1,1,4.9087531765070205,309.7726916034528,3126.434856658289,2355
7383.0,3822,0,0,1,5.041069977461418,309.31894296180013,3127.3689163054805,2283
7384.0,3821,0,0,1,5.182588144306708,308.8453284480502,3128.4476597072985,2209
7385.0,3821,0,0,0,5.3440894790172075,308.4710808688825,3129.198482146878,2166
7386.0,3820,0,0,1,5.5186682074267,308.3416230366492,3129.8805397062074,2146
7387.0,3819,0,0,1,5.681030202394893,308.2115737103954,3130.687621518178,2119
7388.0,3817,0,0,2,5.832035485522681,308.19596541786746,3131.8623907562824,2084
7389.0,3818,0,1,0,5.950482756201858,307.93294918805657,3131.7535226777873,2067
7390.0,3817,0,0,1,6.029844951150495,307.8781765784648,3132.780962897294,2055
7391.0,3818,0,1,0,6.106632834016074,307.751702462022,3132.6630498437344,2043
7392.0,3818,0,0,0,6.171166747410521,307.55107386066004,3133.3621542704514,2014
7393.0,3815,0,0,3,6.214853989895216,307.52817824377456,3133.9188375460953,1988
7394.0,3815,0,1,1,6.248190876544222,307.38689384010485,3133.7342319208146,1972
7395.0,3815,0,0,0,6.296352931690552,307.20445609436433,3134.4239975146807,1945
7396.0,3815,0,1,1,6.2990040822856015,307.09121887287023,3134.6078850184695,1931
7397.0,3815,0,0,0,6.323141458758172,306.99501965923986,3135.2953713620095,1924
7398.0,3814,0,0,1,6.3353359859609935,307.05663345568956,3135.4626569080833,1923
7399.0,3814,0,1,1,6.348888889686687,307.0844257996854,3134.7310798148974,1919
7400.0,3814,0,0,0,6.3651915512319865,307.0608285264814,3135.415584994966,1918
7401.0,3815,0,1,0,6.3864232259075155,306.9981651376147,3135.277396813596,1921
7402.0,3814,0,0,1,6.390713752698856,307.1261143156791,3135.8176625473648,1910
7403.0,3813,0,0,1,6.411110637751115,307.1901389981642,3136.5626822302665,1898
7404.0,3814,0,1,0,6.426173080995272,307.0624016780283,3136.422534173445,1892
7405.0,3812,0,0,2,6.405798060093628,307.27203567681005,3137.284513690055,1895
7406.0,3810,0,0,2,6.382946754543414,307.409186351706,3137.471907849154,1881
7407.0,3808,0,0,2,6.37478230838388,307.53361344537814,3138.5890513354107,1887
7408.0,3807,0,0,1,6.383211401806934,307.52823745731547,3139.5915973313813,1900
7409.0,3807,0,0,0,6.3812767571309505,307.518255844497,3140.2778686793486,1897
7410.0,3806,0,1,2,6.374943466121355,307.5283762480294,3140.0112944677726,1902
7411.0,3806,0,1,1,6.3589702571771936,307.4527062532843,3139.954615025,1905
7412.0,3803,0,0,3,6.328100213646551,307.7133841703918,3140.5771316376117,1913
7413.0,3800,0,0,3,6.286528853288309,307.9436842105263,3141.640665500209,1919
7414.0,3798,0,0,2,6.251036869593021,308.15982095839917,3142.3035995207265,1926
7415.0,3797,0,0,1,6.218895973006381,308.1329997366342,3142.8176334734317,1937
7416.0,3796,0,0,1,6.195703836586353,308.1812434141201,3143.8503245266447,1936
7417.0,3793,0,0,3,6.161537282860319,308.2053783284999,3144.4130051354423,1937
7418.0,3791,0,0,2,6.1224940732238124,308.4196781851754,3145.420058577531,1944
7419.0,3791,0,0,0,6.092935063588184,308.52387232920074,3146.1255556425217,1960
7420.0,3788,0,0,3,6.041723557210586,308.8640443505808,3146.3431645250103,1967
7421.0,3788,0,1,1,5.98081506659947,308.9223864836325,3146.235292524779,1975
7422.0,3786,0,0,2,5.9264334122113125,309.14923402007395,3146.572806396907,1965
7423.0,3786,0,0,0,5.880174100629153,309.2754886423666,3147.292588930191,1991
7424.0,3783,0,0,3,5.815792006609608,309.6571504097277,3148.0898911733448,2008
7425.0,3782,0,0,1,5.754940268387835,309.9085140137493,3149.0889974044626,2025
7426.0,3780,0,0,2,5.713119037693665,310.0865079365079,3149.8885203306263,2039
7427.0,3780,0,0,0,5.682328759502797,310.17539682539683,3150.6207049649215,2034
7428.0,3779,0,0,1,5.653742341116035,310.45038369939135,3151.243600123726,2047
7429.0,3778,0,0,1,5.620856223441896,309.9669137109582,3152.3016786885173,2068
7430.0,3776,0,0,2,5.582559376465382,310.34957627118644,3153.289347548755,2080
7431.0,3775,0,0,1,5.555409125567477,310.71470198675496,3154.048075092893,2111
7432.0,3772,0,0,3,5.5325134967502505,311.2709437963945,3154.151500082691,2142
7433.0,3772,0,1,1,5.5188792001261735,311.53579003181335,3153.8159119930433,2154
7434.0,3770,0,0,2,5.482339557131175,311.88753315649865,3154.903562541844,2164
7435.0,3769,0,0,1,5.457774015721856,312.2836296099761,3155.562026283701,2173
7436.0,3766,0,0,3,5.413775166005597,312.8327137546468,3156.368553187426,2198
7437.0,3766,0,1,1,5.3824156092812725,313.1893255443441,3156.190920487035,2214
7438.0,3765,0,0,1,5.358072621677069,313.46586985391764,3156.830363327995,2217
7439.0,3764,0,0,1,5.318749678822682,313.86609989373005,3157.9686159643547,2241
7440.0,3763,0,1,2,5.2738083617000475,314.2800956683497,3158.551553850206,2258
7441.0,3763,0,1,1,5.245181007943122,314.5764018070688,3158.260036813775,2268
7442.0,3760,0,0,3,5.205822371326249,315.2098404255319,3159.347127322791,2281
7443.0,3761,0,1,0,5.176434149991205,315.5171496942303,3159.27019488641,2295
7444.0,3761,0,0,0,5.146270433225005,315.87875565009307,3160.035701599255,2320
7445.0,3761,0,0,0,5.118426200918313,316.27838340866793,3160.8030285665513,2330
7446.0,3760,0,1,2,5.085714756741893,316.72393617021277,3160.7409873803285,2331
7447.0,3760,0,0,0,5.063922412376519,317.0085106382979,3161.511785214781,2340
7448.0,3760,0,0,0,5.05277775970516,317.3239361702128,3162.2841464920366,2355
7449.0,3761,0,1,0,5.031122324992343,317.6256314809891,3162.2167719309277,2377
7450.0,3760,0,0,1,4.999035117344547,318.1372340425532,3163.0504667867763,2395
7451.0,3759,0,0,1,4.979169906015493,318.6927374301676,3163.841605917862,2410
7452.0,3757,0,0,2,4.954492448442834,319.29358530742616,3164.7179875099173,2428
7453.0,3756,0,0,1,4.9360385581499875,319.8170926517572,3165.3719230240176,2429
7454.0,3755,0,0,1,4.908844664923053,320.3022636484687,3166.5636073049527,2441
7455.0,3755,0,1,1,4.8908859899506965,320.72330226364846,3166.337101858576,2444
7456.0,3755,0,0,0,4.873766261969954,321.18748335552596,3167.1220596177554,2472
7457.0,3755,0,1,1,4.855179360833982,321.59334221038614,3166.7747541189697,2493
7458.0,3754,0,0,1,4.83343345194212,322.02797016515717,3167.6912114870947,2497
7459.0,3753,0,0,1,4.808476314686663,322.5603517186251,3168.484260790059,2514
7460.0,3753,0,0,0,4.785327574436582,323.0708766320277,3169.2756458596255,2524
7461.0,3751,0,0,2,4.750159052480097,323.7573980271927,3169.786426436779,2549
7462.0,3751,0,0,0,4.733850447915211,324.2135430551853,3170.580736494308,2541
7463.0,3751,0,0,0,4.7248382143784236,324.6251666222341,3171.375691903984,2543
7464.0,3751,0,0,0,4.712381998513809,325.03998933617703,3172.1714924319563,2547
7465.0,3751,0,0,0,4.709980831203045,325.4734737403359,3172.9673240112434,2554
7466.0,3751,0,0,0,4.687610322850865,325.9514796054385,3173.764319826844,2558
7467.0,3749,0,0,2,4.643467743808666,326.55188050146705,3175.251329374991,2572
7468.0,3748,0,0,1,4.627133140760529,327.04055496264675,3176.607973068069,2589
7469.0,3747,0,0,1,4.593884090455458,327.5551107552709,3177.3967472283757,2593
7470.0,3746,0,0,1,4.57780157155783,328.08809396689804,3178.55635687232,2604
7471.0,3745,0,0,1,4.64934891870088,326.6971962616822,3179.7992125838505,2459
7472.0,3745,0,0,0,4.761650157598069,325.7257676902537,3180.590627001635,2357
7473.0,3745,0,1,1,4.902995432402753,324.9901201602136,3180.959089252516,2274
7474.0,3745,0,0,0,5.06397663159687,324.4363150867824,3181.7303819850003,2205
7475.0,3744,0,0,1,5.249663917021704,323.9417735042735,3182.74114233905,2140
7476.0,3743,0,0,1,5.442720027187967,323.4851723216671,3184.035136601632,2096
7477.0,3741,0,0,2,5.614458097896564,323.1820368885325,3184.5656028224143,2056
7478.0,3740,0,1,2,5.7722952579670785,323.0254010695187,3185.1164998789836,2043
7479.0,3740,0,0,0,5.8805048640880475,322.8200534759358,3185.835577516404,2029
7480.0,3739,0,0,1,5.956478728729789,322.7154319336721,3187.132914429878,2004
7481.0,3740,0,1,0,6.044181995383341,322.4374331550802,3186.9889783698086,1990
7482.0,3739,0,0,1,6.091796983762153,322.52366943032894,3187.7396318849624,1983
7483.0,3737,0,0,2,6.1527316236170435,322.5202033716885,3188.628621216867,1962
7484.0,3736,0,0,1,6.20828902795669,322.14668094218416,3188.955302001353,1921
7485.0,3733,0,0,3,6.239005415595255,322.0948298955264,3188.9829718824453,1903
7486.0,3732,0,0,1,6.270082374554663,322.0693997856377,3189.931532491928,1896
7487.0,3731,0,0,1,6.279803537567911,321.9804341999464,3190.9957637986086,1873
7488.0,3729,0,0,2,6.288044614706779,322.04210244033254,3191.6649552417316,1882
7489.0,3727,0,0,2,6.303846656908508,322.0957874966461,3193.2214458183603,1886
7490.0,3726,0,0,1,6.305748839812676,322.1186258722491,3194.3498045223077,1885
7491.0,3726,0,0,0,6.317615577358908,322.0088566827697,3195.0405673353434,1880
7492.0,3724,0,0,2,6.322150777817902,322.1898496240602,3195.725800783288,1892
7493.0,3723,0,0,1,6.329617447682828,322.0808487778673,3196.5177995319323,1879
7494.0,3723,0,0,0,6.320964346580502,321.9707225355896,3197.2068487410424,1882
7495.0,3723,0,0,0,6.299430786901194,321.7491270480795,3197.897584750276,1869
7496.0,3720,0,0,3,6.2771586784016655,321.9508064516129,3197.820577469749,1860
7497.0,3719,0,0,1,6.2611057156397925,321.8822264049476,3198.8192928822195,1855
7498.0,3717,0,0,2,6.247755674544705,321.9808985741189,3199.800636681362,1862
7499.0,3717,0,0,0,6.241427010080111,321.8950766747377,3200.4933959547034,1866
7500.0,3713,0,0,4,6.1994760160250895,322.11284675464583,3201.0134060254923,1853
7501.0,3714,0,1,0,6.187470130576243,321.89526117393643,3200.8474981830063,1850
7502.0,3714,0,0,0,6.164365961922735,321.90683898761444,3201.54607324617,1849
7503.0,3713,0,0,1,6.1407983916880315,321.88499865338,3202.406113968765,1855
7504.0,3711,0,0,2,6.136571323541773,322.05739692805173,3203.154722036848,1857
7505.0,3709,0,0,2,6.115209423690471,322.2426530062011,3203.7991974405736,1865
7506.0,3709,0,0,0,6.112818201465967,322.3033162577514,3204.501494903598,1865
7507.0,3709,0,0,0,6.106671537727129,322.3890536532758,3205.2045339959946,1874
7508.0,3709,0,0,0,6.079714359959763,322.46319762739284,3205.90879927885,1878
7509.0,3707,0,0,2,6.0357073412173134,322.6166711626652,3206.599084988827,1878
7510.0,3706,0,0,1,5.97500857409049,322.78656233135456,3207.0870022284216,1887
7511.0,3704,0,0,2,5.918559771664212,323.0950323974082,3207.6237390907595,1896
7512.0,3702,0,0,2,5.8759996950151665,323.3716909778498,3208.4649564502574,1907
7513.0,3700,0,0,2,5.8141952183940715,323.7145945945946,3208.7745497898463,1937
7514.0,3698,0,0,2,5.741431053718797,324.00432666306114,3209.315843349774,1949
7515.0,3697,0,0,1,5.69269466597109,324.12983500135243,3210.3083534618327,1954
7516.0,3697,0,0,0,5.644126217195368,324.2566946172572,3211.0395619689675,1965
7517.0,3696,0,0,1,5.586400607127773,324.53382034632034,3212.183223628607,1992
7518.0,3692,0,0,4,5.536951553030651,325.0774647887324,3212.2271467622786,2016
7519.0,3692,0,0,0,5.514256813412869,325.25650054171183,3212.966348437182,2033
7520.0,3690,0,0,2,5.4672915911403965,325.6658536585366,3213.7922683284846,2050
7521.0,3689,0,1,2,5.425157281073216,325.9997289238276,3213.9780003213227,2078
7522.0,3687,0,0,2,5.389820324414133,326.35204773528613,3214.344142423351,2086
7523.0,3685,0,0,2,5.363397657439826,326.3986431478969,3214.4612408036332,2083
7524.0,3683,0,1,3,5.341803789734479,326.78930219929407,3214.562374058256,2092
7525.0,3683,0,1,1,5.32432994759759,327.1156665761607,3214.170830095289,2108
7526.0,3682,0,0,1,5.310103121641756,327.5282455187398,3214.9831448691025,2147
7527.0,3682,0,1,1,5.269195024635792,327.80689842476914,3214.274749448133,2162
7528.0,3680,0,1,3,5.209169901512826,328.2991847826087,3214.325107555548,2179
7529.0,3681,0,1,0,5.182201945889621,328.49388753056235,3214.2140244486345,2194
7530.0,3679,0,0,2,5.153309318195792,328.9758086436532,3215.098472683716,2213
7531.0,3680,0,2,1,5.135790116113225,329.2,3214.1160819021734,2232
7532.0,3680,0,0,0,5.121423430414073,329.504347826087,3214.883687250877,2253
7533.0,3681,0,1,0,5.103740427623562,329.8475957620212,3214.7802360337687,2262
7534.0,3680,0,0,1,5.086078985731517,330.23478260869564,3214.9232550374845,2279
7535.0,3680,0,1,1,5.066338258695624,330.55,3214.323607566087,2282
7536.0,3681,0,1,0,5.056194731084885,330.77152947568595,3214.223785996563,2295
7537.0,3682,0,1,0,5.047016592330876,330.9359043997827,3214.1252398952915,2311
7538.0,3682,0,0,0,5.021851976799609,331.3020097772949,3214.901477665254,2324
7539.0,3682,0,1,1,4.985491331274216,331.67599130907115,3214.6556552409334,2340
7540.0,3681,0,0,1,4.961180253400449,332.1447976093453,3215.4604825689553,2360
7541.0,3682,0,1,0,4.9491469095674265,332.4304725692558,3215.3679112380987,2373
7542.0,3682,0,1,1,4.941703520126992,332.79820749592614,3215.373440876083,2383
7543.0,3681,0,0,1,4.93123124945575,333.34311328443357,3216.1239247420594,2398
7544.0,3681,0,1,1,4.932711742565791,333.64303178484107,3216.1412318450766,2401
7545.0,3680,0,0,1,4.944943765939533,334.0951086956522,3216.8835581118915,2410
7546.0,3679,0,1,2,4.921018180658515,334.45474313672196,3216.810232100709,2411
7547.0,3677,0,1,3,4.885661775095106,335.1068806091923,3216.1448815564704,2432
7548.0,3676,0,0,1,4.865823170787908,335.5690968443961,3216.3126281091977,2436
7549.0,3675,0,1,2,4.832378236994091,336.1374149659864,3215.920540918377,2456
7550.0,3675,0,0,0,4.813093144056943,336.5442176870748,3216.711597382019,2460
7551.0,3675,0,1,1,4.806336400348717,336.9540136054422,3216.392716908778,2464
7552.0,3674,0,0,1,4.790241339963939,337.51524224278717,3217.6038527138153,2475
7553.0,3674,0,0,0,4.787841696769852,337.9278715296679,3218.3978283050556,2489
7554.0,3672,0,0,2,4.759384080523906,338.5476579520697,3219.558147880201,2490
7555.0,3671,0,0,1,4.743801355975167,338.9910106238082,3220.195246498886,2500
7556.0,3670,0,0,1,4.727817849730841,339.5683923705722,3220.8074920642593,2509
7557.0,3669,0,0,1,4.698158234372521,340.04796947397114,3221.609858654579,2516
7558.0,3668,0,0,1,4.677849428242685,340.5940567066521,3221.7482718035135,2531
7559.0,3668,0,0,0,4.654571301146877,340.99945474372953,3222.5509938944638,2522
7560.0,3666,0,0,2,4.62474608939707,341.6145662847791,3222.71457385323,2525
7561.0,3666,0,0,0,4.703978046779187,340.3319694489907,3223.5127705443883,2389
7562.0,3666,0,0,0,4.814725487519773,339.62684124386254,3224.3036526157525,2297
7563.0,3666,0,0,0,4.955366311392869,339.1317512274959,3225.084860201981,2238
7564.0,3665,0,0,1,5.108636429041561,338.6862210095498,3226.118178525336,2176
7565.0,3665,0,0,0,5.25085656109135,338.3377899045021,3226.8796387687385,2128
7566.0,3664,0,0,1,5.40083999774197,338.17631004366814,3227.934680033983,2102
7567.0,3664,0,0,0,5.553105763641443,338.028384279476,3228.6751954313927,2079
7568.0,3661,0,0,3,5.677015594362313,338.2212510243103,3229.689248289529,2065
7569.0,3658,0,0,3,5.779077461319194,338.45899398578456,3230.0042992709637,2036
7570.0,3656,0,0,2,5.864676999463875,338.51148796498904,3230.53390935651,2020
7571.0,3653,0,0,3,5.928072656628926,338.67862031207227,3231.0548656139713,1997
7572.0,3652,0,0,1,5.990555427372292,338.39539978094194,3232.0553753361414,1975
7573.0,3651,0,0,1,6.009451240492686,338.4878115584771,3233.0772357658143,1968
7574.0,3650,0,0,1,6.05030194994064,338.44931506849315,3233.985892793588,1949
7575.0,3648,0,0,2,6.089558633704301,338.41968201754383,3235.156649893204,1940
7576.0,3647,0,0,1,6.108297791463332,338.3007951741157,3236.312212417436,1918
7577.0,3646,0,0,1,6.11574894537548,338.25068568294023,3237.0141503892064,1904
7578.0,3645,0,0,1,6.1195323751316595,338.3517146776406,3237.0787651116248,1898
7579.0,3645,0,0,0,6.143379478286824,338.359122085048,3237.776817599729,1903
7580.0,3645,0,0,0,6.158093496580073,338.4213991769547,3238.4733280259843,1903
7581.0,3644,0,0,1,6.13496923942758,338.5568057080132,3239.2842461762734,1910
7582.0,3643,0,0,1,6.129213528912097,338.68597309909416,3239.670601334145,1914
7583.0,3642,0,0,1,6.119706109507121,338.79379461834156,3240.153314883776,1909
7584.0,3638,0,0,4,6.08643522379255,339.26910390324355,3240.9719602357545,1901
7585.0,3636,0,0,2,6.083552006501075,339.3644114411441,3241.734013191558,1895
7586.0,3635,0,0,1,6.085364532527558,339.43686382393395,3242.225453893862,1885
7587.0,3633,0,0,2,6.068997749899484,339.7046518029177,3242.628934334932,1900
7588.0,3632,0,0,1,6.065704732972847,339.86618942731275,3243.3805024145804,1907
7589.0,3631,0,0,1,6.058601662496167,339.96226934728725,3244.118911090667,1911
7590.0,3631,0,0,0,6.040013168435426,339.9531809418893,3244.8193491433794,1911
7591.0,3630,0,0,1,6.023212889015977,340.031955922865,3245.5069477498137,1897
7592.0,3628,0,0,2,5.993492457826717,340.23098125689086,3246.2743891320556,1900
7593.0,3628,0,0,0,5.9726080841999,340.14608599779496,3246.9774605626017,1888
7594.0,3627,0,0,1,5.9654691024412525,340.16156603253376,3248.0031315069155,1870
7595.0,3624,0,0,3,5.9389175133125605,340.34795805739515,3248.2755049413718,1867
7596.0,3623,0,0,1,5.927312927129227,340.3723433618548,3248.772009921369,1864
7597.0,3623,0,0,0,5.911786981123934,340.39166436654705,3249.480178496859,1870
7598.0,3623,0,0,0,5.895846926273762,340.29147115650017,3250.1906700660543,1881
7599.0,3621,0,0,2,5.848199159417137,340.4537420602044,3250.1498771046704,1899
7600.0,3620,0,0,1,5.806369258316591,340.65303867403316,3250.9511599444454,1916
7601.0,3619,0,0,1,5.742938369534576,340.83365570599614,3251.8996998049647,1914
7602.0,3617,0,0,2,5.681201787435542,341.2189659939176,3252.938244935296,1927
7603.0,3616,0,0,1,5.630822030097782,341.50525442477874,3253.4405869115662,1943
7604.0,3615,0,0,1,5.574962124944917,341.84564315352696,3254.471608420288,1984
7605.0,3613,0,0,2,5.524057914607893,342.2834209797952,3255.377693522237,2005
7606.0,3613,0,0,0,5.490316767307061,342.4741212288956,3256.1137471803095,1996
7607.0,3613,0,0,0,5.465235613606383,342.5568779407694,3256.851289855903,2003
7608.0,3612,0,0,1,5.431424297150151,342.7876522702104,3257.7106946377507,2017
7609.0,3612,0,0,0,5.4044313079173625,342.9626245847176,3258.4524005226526,2024
7610.0,3612,0,0,0,5.391124244719986,342.9559800664452,3259.195642708466,2023
7611.0,3611,0,0,1,5.3729167147651395,343.2032677928552,3260.171718534215,2061
7612.0,3612,0,1,0,5.352266583304853,343.26024363233665,3260.014668044921,2068
7613.0,3611,0,0,1,5.338183767869155,343.52367765162006,3260.8929560291817,2083
7614.0,3607,0,0,4,5.305420617863517,344.1663432215137,3262.3732789136357,2096
7615.0,3607,0,0,0,5.288970572647396,344.4075408927086,3263.12398155472,2115
7616.0,3604,0,0,3,5.245004444516524,344.992230854606,3262.7425026466335,2137
7617.0,3603,0,0,1,5.2144832819671985,345.3993893977241,3263.6482185585687,2141
7618.0,3602,0,0,1,5.188799051990892,345.7679067184897,3264.583003158635,2160
7619.0,3603,0,1,0,5.160845900670927,345.96586178184845,3264.4361658505873,2174
7620.0,3602,0,0,1,5.118170942455308,346.38895058300943,3265.4237100773603,2207
7621.0,3601,0,0,1,5.091194743451172,346.71063593446263,3266.0866341568253,2208
7622.0,3601,0,1,1,5.067229208173784,346.8861427381283,3265.9785229119248,2235
7623.0,3602,0,1,0,5.051893193381116,346.96529705719047,3265.839180211307,2233
7624.0,3601,0,0,1,5.02510884923311,347.3196334351569,3266.7007436651006,2251
7625.0,3601,0,1,1,4.9959693994099155,347.62093862815885,3266.9916675108134,2270
7626.0,3601,0,0,0,4.984996481992565,347.80172174396,3267.7657029155084,2273
7627.0,3601,0,1,1,4.956479336725493,348.12996389891697,3268.0426811162406,2302
7628.0,3600,0,0,1,4.930803371617411,348.6172222222222,3268.8558926880582,2316
7629.0,3599,0,0,1,4.906352047816852,349.04695748819114,3269.4298809364554,2333
7630.0,3599,0,0,0,4.888302293248773,349.35871075298695,3270.2109323306768,2345
7631.0,3599,0,1,1,4.873433147712058,349.7729924979161,3270.0386613976534,2367
7632.0,3599,0,0,0,4.866559522016091,350.1292025562656,3270.8212483911084,2388
7633.0,3598,0,0,1,4.852881765464076,350.6142301278488,3272.023462661552,2384
7634.0,3598,0,0,0,4.8449771749670605,351.0428015564202,3272.807795026887,2394
7635.0,3596,0,0,2,4.825201041025588,351.5781423804227,3273.409785079319,2403
7636.0,3596,0,0,0,4.809643958488729,352.01890989988874,3274.196580698711,2420
7637.0,3596,0,0,0,4.800059566491768,352.43631813125694,3274.984184034998,2429
7638.0,3595,0,0,1,4.7905485409399455,352.96689847009736,3275.657681355915,2438
7639.0,3593,0,0,2,4.762046371902997,353.5947676036738,3275.6489222288383,2451
7640.0,3591,0,0,2,4.749161701591488,354.25563909774434,3275.8845995836336,2455
7641.0,3590,0,1,2,4.724762881029387,354.8200557103064,3275.7106505192314,2464
7642.0,3590,0,1,1,4.723210152875303,355.3072423398329,3275.8791899490993,2480
7643.0,3589,0,0,1,4.721505205972371,355.7943716912789,3276.073572065795,2490
7644.0,3589,0,0,0,4.727802206515571,356.21649484536084,3276.8674307609394,2480
7645.0,3589,0,0,0,4.712657075260548,356.6015603232098,3277.6616338036406,2493
7646.0,3587,0,0,2,4.700484692941775,357.24449400613327,3278.663572504749,2495
7647.0,3586,0,0,1,4.688978107585396,357.7440044617959,3279.30790392652,2503
7648.0,3586,0,1,1,4.67819312340827,358.20775237032905,3279.187671302612,2513
7649.0,3586,0,0,0,4.662601026229268,358.68153931957613,3279.985346549377,2515
7650.0,3586,0,0,0,4.651246463776867,359.1581148912437,3280.784085474376,2528
7651.0,3585,0,0,1,4.717324387799145,357.6688981868898,3281.5922195293624,2392
7652.0,3583,0,0,2,4.836789886004401,356.8710577728161,3282.4554803282203,2291
7653.0,3583,0,0,0,4.977325942385521,356.1761094055261,3283.232412584319,2211
7654.0,3579,0,0,4,5.1142032202592,355.9910589550154,3283.5557247588267,2171
7655.0,3579,0,0,0,5.270181839777161,355.3788767812238,3284.312298465968,2138
7656.0,3575,0,0,4,5.4121531430654395,355.20195804195805,3284.674355069535,2105
7657.0,3573,0,0,2,5.557478868026205,354.82731598096836,3285.422667591489,2059
7658.0,3572,0,0,1,5.6715733899292,354.40733482642776,3286.1473549989087,2021
7659.0,3571,0,0,1,5.779858402381274,354.1240548865864,3286.6987228395,2002
7660.0,3571,0,0,0,5.875587353388068,353.81881825819096,3287.4139955301375,1966
7661.0,3570,0,0,1,5.951741351551116,353.45658263305324,3287.9368103888837,1943
7662.0,3566,0,0,4,5.983686687768024,353.451205832866,3288.3801572198786,1928
7663.0,3565,0,0,1,6.020250343373762,353.164095371669,3288.871898578879,1910
7664.0,3563,0,0,2,6.027083353721003,353.0151557676116,3289.439340795355,1903
7665.0,3562,0,0,1,6.03028238254911,352.76052779337454,3289.794025934294,1893
7666.0,3560,0,0,2,6.0257464161512555,352.6193820224719,3290.637673377266,1900
7667.0,3559,0,0,1,6.048700364435134,352.44872155099745,3290.9737300326083,1883
7668.0,3559,0,0,0,6.070262841418287,352.2517561112672,3291.6731070251085,1871
7669.0,3559,0,0,0,6.076687455620472,352.2466985108176,3292.37186056116,1853
7670.0,3558,0,0,1,6.09408170034182,352.1405283867341,3293.119421866761,1849
7671.0,3558,0,0,0,6.120311435457561,351.8740865654862,3293.8152351970552,1833
7672.0,3557,0,0,1,6.111413870198154,351.85577734045546,3293.8262322407168,1833
7673.0,3556,0,0,1,6.113683400478043,351.7303149606299,3294.8005255623275,1833
7674.0,3556,0,0,0,6.118579261946981,351.4710348706412,3295.4962732298645,1833
7675.0,3553,0,0,3,6.115707552676013,351.51111736560654,3295.798243240403,1831
7676.0,3550,0,0,3,6.125941762774785,351.58338028169015,3296.8365605280715,1835
7677.0,3549,0,0,1,6.119710874793295,351.51676528599603,3297.414788953686,1847
7678.0,3548,0,0,1,6.098635471506168,351.67812852311164,3297.89916036134,1829
7679.0,3548,0,0,0,6.088308188260845,351.37965050732805,3298.5970989555426,1835
7680.0,3548,0,0,0,6.053303053225162,351.13979706877114,3299.296408130266,1819
7681.0,3548,0,0,0,6.038391669480095,350.8311724915445,3299.997334471904,1827
7682.0,3548,0,0,0,6.013051685023014,350.64740698985344,3300.6997653026783,1823
7683.0,3546,0,0,2,5.980135942193709,350.6373378454597,3300.9631040493164,1833
7684.0,3545,0,0,1,5.9622494061841,350.60197461212977,3302.182708366816,1832
7685.0,3545,0,0,0,5.950584998397472,350.31086036671365,3302.8894039638135,1828
7686.0,3543,0,0,2,5.935918104083055,350.2376517075924,3303.404629322671,1831
7687.0,3541,0,0,2,5.914527490836614,350.3109291160689,3303.9107376017387,1849
7688.0,3540,0,0,1,5.895516157624813,350.2169491525424,3305.1437598261155,1852
7689.0,3540,0,0,0,5.874996826613717,350.2132768361582,3305.855645502143,1847
7690.0,3540,0,0,0,5.855125149429887,350.0819209039548,3306.569479261471,1851
7691.0,3539,0,0,1,5.820090528000178,350.075445040972,3307.3649954783305,1862
7692.0,3539,0,0,0,5.7813191140247975,349.95507205425264,3308.0840225771035,1876
7693.0,3539,0,0,0,5.745941283408302,349.7827069793727,3308.805598162821,1873
7694.0,3538,0,0,1,5.687109414010413,349.7526851328434,3310.085587286046,1880
7695.0,3536,0,0,2,5.633724648128259,350.1654411764706,3310.8091547422187,1901
7696.0,3536,0,0,0,5.598704332155005,349.9841628959276,3311.541594717322,1904
7697.0,3535,0,0,1,5.570813398596669,350.1066478076379,3312.09189170106,1916
7698.0,3533,0,0,2,5.51935678669452,350.2199264081517,3313.1838744710362,1944
7699.0,3532,0,0,1,5.470331610627618,350.30067950169877,3313.911275936829,1957
7700.0,3531,0,1,2,5.424597241640529,350.38969130557916,3313.2948788198078,1982
7701.0,3531,0,1,1,5.385768339839253,350.4454828660436,3312.9231413214507,2002
7702.0,3529,0,0,2,5.338494953946951,350.87673561915557,3313.2561029334183,2026
7703.0,3528,0,0,1,5.299933891084052,351.265873015873,3313.863927203647,2048
7704.0,3526,0,1,3,5.2551413856013,351.69994327850253,3313.850771398507,2060
7705.0,3526,0,1,1,5.205492200392224,352.03261486103236,3313.6578466088095,2089
7706.0,3527,0,1,0,5.1563684178694915,352.19251488517153,3313.476766772016,2106
7707.0,3527,0,0,0,5.105760994448815,352.47859370569887,3314.2393691157818,2127
7708.0,3526,0,1,2,5.052083478711385,352.8397617697107,3313.6885415516736,2134
7709.0,3525,0,0,1,5.015399388885398,353.1787234042553,3314.428975937801,2149
7710.0,3524,0,0,1,4.9766474130415705,353.55391600454027,3315.229126241105,2162
7711.0,3524,0,1,1,4.9215780597061265,353.7965380249716,3314.5922160871637,2170
7712.0,3523,0,0,1,4.885376453010096,354.1660516605166,3314.86212431014,2189
7713.0,3524,0,1,0,4.863293966302951,354.32746878547107,3314.6980518362393,2214
7714.0,3521,0,0,3,4.840534860155867,354.84919057086057,3315.5013905525716,2228
7715.0,3520,0,0,1,4.8079337964784665,355.1346590909091,3315.943886307019,2225
7716.0,3519,0,1,2,4.774805721148397,355.4967320261438,3315.9061864222717,2230
7717.0,3518,0,0,1,4.764444037804824,355.8831722569642,3315.952052644928,2238
7718.0,3517,0,0,1,4.747036040626954,356.3437588854137,3316.669889430972,2253
7719.0,3518,0,1,0,4.746595802957977,356.62137578169416,3316.5110268179374,2266
7720.0,3516,0,0,2,4.717121496854199,357.2002275312856,3317.2934171411016,2270
7721.0,3515,0,0,1,4.687219908158262,357.6204836415363,3318.1427830237512,2288
7722.0,3514,0,0,1,4.665735720045477,358.1169607285145,3318.68135872585,2287
7723.0,3513,0,0,1,4.644935836361255,358.6353543979505,3319.800502028972,2315
7724.0,3511,0,0,2,4.619423625230072,359.18883508971805,3320.5772776128156,2329
7725.0,3511,0,0,0,4.609737733443923,359.55254913130165,3321.370834195687,2346
7726.0,3512,0,1,0,4.6160117017833215,359.85706150341684,3321.218696627588,2354
7727.0,3511,0,0,1,4.588113272489901,360.4554258046141,3322.2837680233806,2382
7728.0,3511,0,0,0,4.588858737822668,360.90287667331245,3323.079518480611,2388
7729.0,3510,0,0,1,4.57797225129399,361.4076923076923,3323.8881913949585,2395
7730.0,3510,0,0,0,4.591313475351816,361.84216524216527,3324.684583232876,2407
7731.0,3510,0,0,0,4.584227416274075,362.25384615384615,3325.4821146751838,2413
7732.0,3509,0,0,1,4.556546537056921,362.7666001709889,3326.1277693016536,2420
7733.0,3509,0,0,0,4.532488388559839,363.2106013109148,3326.9288872234056,2439
7734.0,3510,0,1,0,4.510773768077102,363.5883190883191,3326.784004432131,2441
7735.0,3510,0,0,0,4.498873342989731,363.9948717948718,3327.588214542531,2451
7736.0,3509,0,0,1,4.4784967039874575,364.506982046167,3328.2976496757324,2459
7737.0,3508,0,0,1,4.464508739713258,364.98232611174456,3329.3585651158546,2462
7738.0,3508,0,0,0,4.462381546722372,365.4543899657925,3330.1660721893686,2481
7739.0,3507,0,0,1,4.45456994464818,365.9455374964357,3331.5256892418347,2493
7740.0,3505,0,0,2,4.4421321711221005,366.6299572039943,3332.4764810226757,2503
7741.0,3505,0,0,0,4.516439827064979,365.3948644793153,3333.2814696034384,2384
7742.0,3503,0,0,2,4.623791273718176,364.85669426206107,3334.4129714493215,2287
7743.0,3503,0,0,0,4.768576294632902,364.2380816443049,3335.200874765301,2225
7744.0,3503,0,0,0,4.93453043149704,363.68798172994576,3335.977934571477,2165
7745.0,3503,0,0,0,5.1185685123393405,363.3619754496146,3336.7423868537,2115
7746.0,3502,0,0,1,5.283196948310244,363.1630496858938,3337.5130579246315,2077
7747.0,3501,0,0,1,5.445006360351643,363.0248500428449,3337.7381826883875,2032
7748.0,3501,0,0,0,5.575653407601749,362.78463296201085,3338.471464870679,1996
7749.0,3500,0,0,1,5.666701705876875,362.73485714285715,3339.2177078526342,1975
7750.0,3499,0,0,1,5.749222486537743,362.67905115747357,3340.127453476012,1964
7751.0,3496,0,0,3,5.812723595397351,362.8767162471396,3341.2366630123006,1948
7752.0,3494,0,0,2,5.876054256026678,362.8116771608472,3342.0102968330093,1916
7753.0,3490,0,0,4,5.909358319973971,363.1220630372493,3341.830874242704,1898
7754.0,3490,0,1,1,5.942785046884314,362.736676217765,3341.8379921167702,1875
7755.0,3489,0,0,1,5.957484054738799,362.23158498137,3342.258558893152,1852
7756.0,3489,0,0,0,5.992154177840627,361.8939524218974,3342.962274575729,1855
7757.0,3487,0,0,2,5.984106169407093,361.7720103240608,3343.6587864969083,1867
7758.0,3487,0,0,0,5.988327457921736,361.71522798967595,3344.3608271784783,1857
7759.0,3486,0,0,1,6.000593115297511,361.80464716006884,3344.8827101240167,1856
7760.0,3485,0,0,1,6.001970070384139,361.9873744619799,3345.7179244419326,1866
7761.0,3483,0,0,2,5.985175710100426,362.18145277060006,3346.0300966127984,1845
7762.0,3481,0,0,2,5.990836730812735,362.33754668198793,3347.154579997707,1841
7763.0,3479,0,0,2,5.968489377553948,362.49755676918653,3347.8696269035327,1826
7764.0,3479,0,0,0,5.980548379328675,362.49267030755965,3348.569923824253,1818
7765.0,3478,0,0,1,5.969778119332722,362.5770557791834,3349.4618993049917,1817
7766.0,3478,0,0,0,5.965276220103676,362.65008625646925,3350.1624567551607,1814
7767.0,3478,0,0,0,5.945115037786682,362.68918918918916,3350.8638072607087,1825
7768.0,3477,0,0,1,5.916253449853133,362.79350014380213,3351.573482665822,1827
7769.0,3477,0,0,0,5.897379757807292,362.5798101811907,3352.277597989018,1818
7770.0,3477,0,0,0,5.868976761102043,362.3316077077941,3352.9836538367117,1817
7771.0,3477,0,0,0,5.853463593221001,362.22576934138624,3353.6901314300735,1809
7772.0,3475,0,0,2,5.814820173245897,362.50359712230215,3354.9679555736116,1820
7773.0,3475,0,0,0,5.7841861834087025,362.45553956834533,3355.678494956851,1818
7774.0,3474,0,0,1,5.758720863638134,362.4876223373633,3356.227558483351,1812
7775.0,3474,0,0,0,5.746993102038106,362.4614277489925,3356.9413126990416,1819
7776.0,3473,0,0,1,5.736072257426399,362.5542758422113,3357.9995033760674,1815
7777.0,3471,0,0,2,5.7206683948526065,362.8228176318064,3357.6586832192743,1821
7778.0,3470,0,0,1,5.704257923178576,363.0167146974063,3358.3107570492843,1841
7779.0,3470,0,0,0,5.685483895326519,363.13602305475507,3359.0287871879036,1837
7780.0,3470,0,0,0,5.672737393579939,363.3541786743516,3359.748559906555,1878
7781.0,3469,0,0,1,5.632143878066837,363.576823292015,3360.484478722832,1881
7782.0,3469,0,0,0,5.6222235528774585,363.7013548573076,3361.2076650894073,1874
7783.0,3467,0,0,2,5.589777338107369,364.0934525526392,3361.840428390114,1888
7784.0,3466,0,0,1,5.5290406900598255,364.3124639353722,3362.5928785785254,1889
7785.0,3465,0,0,1,5.4794456525129664,364.63405483405484,3363.641063281311,1901
7786.0,3465,0,0,0,5.423174633850097,364.76854256854256,3364.37703129053,1902
7787.0,3463,0,0,2,5.366439727280694,365.08663008951777,3364.7756909675377,1913
7788.0,3462,0,0,1,5.322133450188275,365.4425187752744,3365.3985148860966,1933
7789.0,3461,0,0,1,5.284817829306728,365.8295290378503,3365.772208078361,1968
7790.0,3459,0,1,3,5.248191170427892,366.33217692974847,3365.787780942694,1987
7791.0,3458,0,1,2,5.214509261711165,366.64112203585887,3366.5746483636062,2007
7792.0,3455,0,0,3,5.173580294058647,367.19652677279305,3366.2516287363514,2015
7793.0,3455,0,0,0,5.1454575337922455,367.2784370477569,3367.0053377117865,2039
7794.0,3452,0,0,3,5.0938595206885555,367.9151216685979,3368.3042429365037,2053
7795.0,3453,0,2,1,5.04971794871796,368.12771503040835,3367.215245408967,2084
7796.0,3453,0,0,0,5.0153827313176516,368.3570807993049,3367.977276863786,2092
7797.0,3454,0,2,1,4.972744387612473,368.5092646207296,3366.6521121099177,2109
7798.0,3455,0,1,0,4.944756641962171,368.7863965267728,3366.4438189326875,2137
7799.0,3456,0,1,0,4.913934922360557,369.048900462963,3366.2372933494303,2153
7800.0,3454,0,0,2,4.896242017819708,369.55008685581936,3366.5931809795443,2165
7801.0,3453,0,1,2,4.863712492335211,369.9163046626122,3367.009887816416,2164
7802.0,3453,0,1,1,4.825335815053609,370.2780191138141,3366.9027666178554,2191
7803.0,3453,0,0,0,4.7917032475474635,370.62409498986386,3367.6789004203924,2195
7804.0,3454,0,2,1,4.750288277936035,370.7570932252461,3366.5492801134187,2220
7805.0,3454,0,0,0,4.726894670984881,371.04748118123916,3367.3299307442244,2227
7806.0,3454,0,1,1,4.714865389776973,371.28459756803704,3367.1028195046174,2224
7807.0,3455,0,1,0,4.700768765733422,371.40318379160635,3366.9115555564995,2227
7808.0,3455,0,1,1,4.674616995875835,371.58842257597684,3366.467400079427,2225
7809.0,3455,0,0,0,4.651680696873834,371.8327062228654,3367.254633692798,2234
7810.0,3454,0,1,2,4.6076425407760535,372.28401852924145,3367.1106915777445,2255
7811.0,3454,0,0,0,4.5848982770424,372.6363636363636,3367.9026174048204,2268
7812.0,3454,0,0,0,4.559132629983436,372.9727851766068,3368.696687798178,2298
7813.0,3454,0,0,0,4.521435330127963,373.36682107701216,3369.493211669027,2316
7814.0,3454,0,2,2,4.482155001586841,373.7452229299363,3368.2558930471755,2326
7815.0,3454,0,0,0,4.457667637380252,374.21453387376954,3369.055938851413,2352
7816.0,3454,0,1,1,4.435291408020157,374.71858714533874,3369.152613834866,2373
7817.0,3454,0,1,1,4.4076158791986115,375.2327735958309,3369.5966099627,2377
7818.0,3454,0,1,1,4.392778737855698,375.63839027214823,3369.7120670808135,2392
7819.0,3454,0,0,0,4.370029265769478,376.12623045744067,3370.517390714913,2416
7820.0,3453,0,0,1,4.3493467930308345,376.6174341152621,3371.39279744656,2417
7821.0,3451,0,0,2,4.316248049738209,377.3856853086062,3372.2877970178183,2432
7822.0,3451,0,0,0,4.297117228863392,377.92494929006085,3373.0984102786615,2436
7823.0,3451,0,0,0,4.271355206959471,378.4126340191249,3373.9105317659064,2440
7824.0,3451,0,0,0,4.247903661607623,378.90959142277603,3374.7242416448516,2445
7825.0,3451,0,0,0,4.2307679461967265,379.39119095914225,3375.53835712675,2453
7826.0,3451,0,0,0,4.215744106413171,379.87771660388296,3376.35436159886,2459
7827.0,3450,0,0,1,4.19604962509865,380.5507246376812,3377.5250511993995,2463
7828.0,3450,0,0,0,4.182167240781961,381.09507246376813,3378.344286213845,2474
7829.0,3448,0,0,2,4.181869545808146,381.6679234338747,3378.083123007181,2468
7830.0,3448,0,0,0,4.190553705193307,382.19808584686774,3378.901903757437,2481
7831.0,3446,0,0,2,4.251131481985927,381.1886244921648,3379.8556929586302,2348
7832.0,3446,0,0,0,4.388303558778122,380.3871154962275,3380.660795903739,2260
7833.0,3444,0,0,2,4.5294708020834324,379.9253774680604,3381.1227751350757,2178
7834.0,3443,0,0,1,4.680864266743295,379.26749927388903,3381.9392194832794,2111
7835.0,3442,0,0,1,4.851373383299213,378.9160371876816,3381.9741155078937,2070
7836.0,3439,0,0,3,5.011243555527021,378.78511195114856,3382.9490972891485,2017
7837.0,3439,0,0,0,5.170217450296344,378.34428612968884,3383.7021694882233,1989
7838.0,3438,0,0,1,5.3066035841884025,377.9671320535195,3384.7601272338707,1964
7839.0,3437,0,0,1,5.42295921456722,377.7707302880419,3385.0887200740817,1958
7840.0,3436,0,0,1,5.522060015655264,377.5462747380675,3385.8083213138716,1941
7841.0,3434,0,0,2,5.589014739866301,377.4507862550961,3386.6387566538124,1919
7842.0,3432,0,0,2,5.636244797087404,377.38869463869463,3387.2569307833855,1885
7843.0,3430,0,0,2,5.7081594648705645,377.3285714285714,3387.997628101571,1881
7844.0,3429,0,0,1,5.7698345375476645,377.140565762613,3388.657910355989,1848
7845.0,3427,0,0,2,5.817843430634615,376.88999124598774,3389.480852413276,1819
7846.0,3427,0,0,0,5.858524644697947,376.6215348701488,3390.1897795641567,1801
7847.0,3425,0,0,2,5.8622143770162385,376.7798540145985,3390.544114817539,1797
7848.0,3425,0,0,0,5.850097770758901,376.6283211678832,3391.2528911312884,1801
7849.0,3424,0,0,1,5.854736857872786,376.7494158878505,3391.7921698996793,1802
7850.0,3423,0,0,1,5.855349356668253,376.664913818288,3392.519186332382,1792
7851.0,3424,0,1,0,5.872518579794144,375.7908878504673,3392.2355952335565,1760
7852.0,3423,0,0,1,5.878021911659366,375.662868828513,3392.724433761005,1766
7853.0,3423,0,0,0,5.873503261241722,375.4052001168566,3393.431178471091,1749
7854.0,3421,0,0,2,5.861590443806782,375.54399298450744,3394.1390495371184,1748
7855.0,3421,0,0,0,5.860414523362826,375.4808535515931,3394.8458305401327,1745
7856.0,3419,0,0,2,5.837642672900772,375.584966364434,3395.3765098014505,1739
7857.0,3417,0,0,2,5.834407773636829,375.7155399473222,3396.1533831672677,1733
7858.0,3415,0,0,2,5.815390187854636,375.80966325036604,3396.656265712686,1723
7859.0,3414,0,0,1,5.804294262009803,375.8611599297012,3396.9744220409143,1729
7860.0,3412,0,0,2,5.789790752420376,376.06330597889803,3397.4325983277035,1715
7861.0,3410,0,0,2,5.771749679431154,376.19032258064516,3398.0793005419773,1716
7862.0,3410,0,0,0,5.787184742632687,376.14692082111435,3398.788517463463,1722
7863.0,3410,0,0,0,5.770783148632469,376.18064516129033,3399.4984813409064,1748
7864.0,3409,0,0,1,5.77859341595879,376.2977412731006,3400.3603485306458,1763
7865.0,3408,0,0,1,5.777547956704984,376.3468309859155,3400.824449111126,1757
7866.0,3407,0,0,1,5.765349665137909,376.3956560023481,3401.0794668474914,1760
7867.0,3407,0,0,0,5.749842798210401,376.4320516583505,3401.791325527455,1780
7868.0,3407,0,0,0,5.707055752722987,376.4179630173173,3402.506018578869,1773
7869.0,3406,0,0,1,5.662399299081902,376.43687610099823,3403.1474136268457,1759
7870.0,3405,0,0,1,5.611351744092054,376.61615271659326,3404.4131873612223,1786
7871.0,3405,0,0,0,5.562213131580457,376.6531571218796,3405.1361743255875,1791
7872.0,3404,0,0,1,5.509150788514884,376.852526439483,3405.794000754461,1790
7873.0,3404,0,0,0,5.464059158372346,376.87074030552293,3406.524019724541,1794
7874.0,3403,0,0,1,5.412758766356025,377.11871877754925,3407.0718853129483,1808
7875.0,3401,0,0,2,5.355834811916952,377.4595707144957,3407.7755860648585,1826
7876.0,3399,0,0,2,5.302638829354661,377.8158281847602,3408.589473965595,1838
7877.0,3399,0,0,0,5.258518427779912,377.93145042659603,3409.332916828356,1861
7878.0,3399,0,0,0,5.216998958672507,378.06560753162694,3410.0798523096264,1877
7879.0,3398,0,0,1,5.18352931532817,378.3172454384932,3410.755149452966,1896
7880.0,3396,0,0,2,5.142225124892563,378.7252650176678,3411.7531110481036,1918
7881.0,3394,0,0,2,5.1178680632751155,379.1328815556865,3413.168283997072,1930
7882.0,3396,0,2,0,5.0896837016604835,379.2020023557126,3411.9133157054757,1947
7883.0,3394,0,0,2,5.054563369926039,379.6535061873895,3412.868446149912,1966
7884.0,3393,0,0,1,5.019427874477755,380.02740937223695,3413.99686150926,1979
7885.0,3390,0,0,3,4.979696836168814,380.6410029498525,3415.492845964932,2006
7886.0,3389,0,1,2,4.937218558885935,381.0551785187371,3414.527983939032,2019
7887.0,3387,0,0,2,4.891764648035913,381.6179509890759,3415.5342990774657,2053
7888.0,3386,0,0,1,4.866541777765344,381.96898995865325,3416.0851824625124,2062
7889.0,3386,0,1,1,4.850637664968977,382.26757235676314,3415.9488744232035,2087
7890.0,3385,0,0,1,4.811091337611405,382.71935007385525,3416.6683730665072,2102
7891.0,3385,0,0,0,4.780329674849264,383.11698670605614,3417.4470285910256,2130
7892.0,3385,0,0,0,4.75113832375586,383.4750369276219,3418.2277778874413,2147
7893.0,3383,0,0,2,4.719513515160019,384.06887378066807,3418.860553232422,2168
7894.0,3383,0,1,1,4.706041203585819,384.40821755838016,3418.4493059684746,2175
7895.0,3382,0,0,1,4.686793733406755,384.8820224719101,3418.55426443564,2194
7896.0,3381,0,0,1,4.666745054559048,385.3209109730849,3419.556893046223,2190
7897.0,3381,0,0,0,4.67305473749904,385.6601597160603,3420.3440087071344,2190
7898.0,3381,0,0,0,4.667597483519394,385.9955634427684,3421.131787255922,2190
7899.0,3380,0,0,1,4.638971014521487,386.5198224852071,3421.208034156642,2194
7900.0,3380,0,0,0,4.603226747387692,386.9213017751479,3422.0001633412735,2207
7901.0,3381,0,1,0,4.571627814860886,387.1913635019225,3421.7825703899416,2221
7902.0,3381,0,0,0,4.55956652601068,387.6373853889382,3422.5788252247826,2242
7903.0,3381,0,0,0,4.5388564837410375,388.00207039337477,3423.3772418061876,2251
7904.0,3379,0,0,2,4.524292015014491,388.6134951168985,3424.20932351581,2269
7905.0,3377,0,0,2,4.514771085511146,389.2333432040272,3424.5438448384316,2279
7906.0,3376,0,0,1,4.514487406330769,389.7582938388626,3425.3537615804225,2276
7907.0,3376,0,1,1,4.4936091163451986,390.2369668246445,3424.6465023735245,2286
7908.0,3375,0,0,1,4.481425409308001,390.8174814814815,3425.3232128074483,2294
7909.0,3375,0,0,0,4.45561109753372,391.2794074074074,3426.127835351912,2310
7910.0,3375,0,0,0,4.439078731806241,391.7182222222222,3426.9340238117416,2315
7911.0,3375,0,0,0,4.430279697693259,392.2071111111111,3427.7412946390223,2336
7912.0,3374,0,1,2,4.391675691930688,392.8331357439241,3427.568803095165,2355
7913.0,3374,0,0,0,4.373974475867182,393.3675163011263,3428.379175577844,2372
7914.0,3374,0,0,0,4.361522588174658,393.8272080616479,3429.190414794519,2374
7915.0,3372,0,0,2,4.3387423077539795,394.55100830367735,3429.802014312843,2381
7916.0,3371,0,0,1,4.3280271768906555,395.1954909522397,3430.877567033316,2389
7917.0,3371,0,0,0,4.3166319205485975,395.64520913675466,3431.690266178433,2399
7918.0,3370,0,0,1,4.293969493729858,396.19228486646887,3432.4000555947714,2401
7919.0,3369,0,0,1,4.268178442118155,396.8569308400119,3432.744478692366,2416
7920.0,3368,0,0,1,4.265916664797364,397.52553444180523,3433.054827058453,2436
7921.0,3368,0,0,0,4.353276558516421,395.9952494061758,3433.865201307745,2287
7922.0,3367,0,0,1,4.462960230527162,395.2848232848233,3435.2501372880793,2184
7923.0,3366,0,0,1,4.596167774512325,394.8770053475936,3436.024088397323,2121
7924.0,3365,0,0,1,4.749387955600909,394.569985141159,3436.843042722173,2066
7925.0,3365,0,0,0,4.920070660804288,394.22050520059435,3437.613755121547,2025
7926.0,3365,0,0,0,5.087533761771655,393.8754829123328,3438.373876814739,1982
7927.0,3365,0,0,0,5.241314305669194,393.7512630014859,3439.124093239092,1955
7928.0,3365,0,0,0,5.373126319548341,393.6775631500743,3439.86529342011,1937
7929.0,3364,0,0,1,5.470812018174448,393.4848394768133,3440.4299103845187,1894
7930.0,3364,0,0,0,5.550918222304986,393.2859690844233,3441.1594267944974,1866
7931.0,3363,0,0,1,5.617554199621942,393.252155813262,3442.1552888307215,1847
7932.0,3360,0,0,3,5.691996345034933,393.4916666666667,3443.328278690954,1823
7933.0,3360,0,0,0,5.77016674244112,393.28541666666666,3444.0432185698396,1795
7934.0,3358,0,0,2,5.810524752327078,393.41066110780224,3445.225247147901,1782
7935.0,3357,0,0,1,5.817975618554844,393.3413762287757,3446.464397441505,1765
7936.0,3355,0,0,2,5.8557642965386565,393.4855439642325,3447.9942514618547,1762
7937.0,3354,0,0,1,5.890832018167618,393.5578413834228,3448.6814211598003,1758
7938.0,3351,0,0,3,5.919368323469681,393.7982691733811,3449.8546626633215,1764
7939.0,3350,0,0,1,5.942743118383483,393.78567164179105,3451.0294322427467,1747
7940.0,3347,0,0,3,5.942987052684918,394.0164326262325,3452.129128139936,1732
7941.0,3346,0,0,1,5.951653159129778,393.9662283323371,3453.017656198718,1724
7942.0,3345,0,0,1,5.951548290344948,394.0152466367713,3453.836305805726,1714
7943.0,3345,0,0,0,5.944121610641971,393.79551569506725,3454.54037019756,1693
7944.0,3344,0,0,1,5.942992667290514,393.8217703349282,3455.349306329202,1683
7945.0,3344,0,0,0,5.93364418352398,393.6767344497608,3456.053591287779,1687
7946.0,3343,0,0,1,5.921311168699509,393.7373616512115,3456.967603649804,1673
7947.0,3341,0,0,2,5.919361178668266,393.8844657288237,3457.106468797293,1665
7948.0,3339,0,0,2,5.897421584926862,393.99161425576517,3457.799402739631,1660
7949.0,3338,0,0,1,5.87438074850724,394.0017974835231,3458.331399953145,1662
7950.0,3335,0,0,3,5.868655480381258,394.3055472263868,3459.111316418139,1669
7951.0,3332,0,0,3,5.846888765814336,394.5189075630252,3459.7138184235687,1658
7952.0,3331,0,0,1,5.861632990710256,394.63164214950467,3460.224774740749,1650
7953.0,3330,0,0,1,5.876526269989177,394.74054054054056,3460.7410668022735,1648
7954.0,3329,0,0,1,5.85893866434301,394.8942625413037,3461.689858232653,1649
7955.0,3328,0,0,1,5.845978675183531,395.01622596153845,3462.264029233741,1649
7956.0,3328,0,0,0,5.838630252062746,395.1018629807692,3462.9773574270043,1660
7957.0,3327,0,0,1,5.806136859555221,395.3180042079952,3463.6702375562363,1655
7958.0,3326,0,0,1,5.775536301556713,395.5018039687312,3464.4177887556207,1671
7959.0,3326,0,0,0,5.748641069848751,395.6337943475646,3465.1372723283157,1693
7960.0,3324,0,0,2,5.704531859514437,396.00361010830323,3465.6347135205656,1693
7961.0,3324,0,0,0,5.650182293234255,396.17960288808666,3466.3611327547037,1708
7962.0,3323,0,0,1,5.585966952946548,396.500150466446,3466.9165074385755,1717
7963.0,3321,0,0,2,5.516840249540986,396.8395061728395,3468.049194827244,1733
7964.0,3320,0,0,1,5.453890939242111,397.07951807228915,3468.7769349349314,1748
7965.0,3319,0,0,1,5.382508466523663,397.4124736366375,3469.341122602841,1774
7966.0,3317,0,0,2,5.319216587635208,397.8263491106421,3469.605969459383,1793
7967.0,3315,0,0,2,5.265246606750493,398.19034690799396,3470.6534101671623,1794
7968.0,3314,0,0,1,5.2396517268247536,398.49245624622813,3471.545035108412,1820
7969.0,3313,0,0,1,5.20099525077447,398.79867189858135,3472.21073480956,1826
7970.0,3312,0,0,1,5.160716276489416,399.11382850241546,3473.2756099155627,1841
7971.0,3311,0,0,1,5.1278449277621565,399.5010570824524,3473.818156684068,1865
7972.0,3310,0,0,1,5.107791080390186,399.8036253776435,3474.65438243183,1875
7973.0,3307,0,1,4,5.058235968866789,400.4299969761113,3475.1116950029555,1891
7974.0,3307,0,1,1,5.03462206554705,400.73722407015424,3474.9458437637113,1919
7975.0,3306,0,1,2,5.012646890876571,401.2135511191772,3474.6083759363537,1952
7976.0,3306,0,0,0,4.983126989313778,401.56654567453114,3475.379208906066,1981
7977.0,3305,0,1,2,4.961197323458621,401.9960665658094,3475.0608844046214,1987
7978.0,3303,0,0,2,4.9285233712831165,402.6273085074175,3475.871076697912,2002
7979.0,3303,0,0,0,4.893608146985703,402.8894943990312,3476.6469275715117,2016
7980.0,3304,0,1,0,4.860478472237452,403.0599273607748,3476.373468721943,2021
7981.0,3304,0,0,0,4.83010101758119,403.3828692493947,3477.154403619426,2036
7982.0,3302,0,0,2,4.785465913235928,403.97456087219865,3477.6828340569755,2054
7983.0,3302,0,1,1,4.750542733630768,404.3192004845548,3477.4744445208817,2064
7984.0,3303,0,1,0,4.728174104029896,404.4729034211323,3477.2088467869953,2082
7985.0,3302,0,0,1,4.691428814574141,404.85523924894005,3477.8630753816215,2086
7986.0,3302,0,1,1,4.656391226717558,405.1977589339794,3477.391680096366,2106
7987.0,3303,0,1,0,4.639785736848003,405.4650317892825,3477.131007571739,2135
7988.0,3304,0,1,0,4.616888051029407,405.76967312348665,3476.872050681304,2149
7989.0,3302,0,0,2,4.576912626756986,406.3443367655966,3477.785625173791,2156
7990.0,3301,0,0,1,4.540697777728372,406.849742502272,3478.3606052645605,2165
7991.0,3301,0,0,0,4.524464583889996,407.2796122387155,3479.160689982005,2176
7992.0,3302,0,1,0,4.502837599297259,407.5866141732283,3478.908116293799,2186
7993.0,3303,0,1,0,4.503974838966623,407.8474114441417,3478.656191806308,2194
7994.0,3302,0,0,1,4.488952602703547,408.3752271350697,3479.273563564384,2196
7995.0,3300,0,0,2,4.49097639345584,409.00939393939393,3480.149038428571,2198
7996.0,3299,0,0,1,4.48177105586713,409.521066989997,3480.9712983249406,2210
7997.0,3299,0,0,0,4.472459226438788,409.9936344346772,3481.775528155548,2227
7998.0,3299,0,2,2,4.442532129386334,410.47499242194607,3480.3581443790117,2243
7999.0,3299,0,0,0,4.436175646642104,410.88632919066384,3481.1656686621754,2245
8000.0,3297,0,0,2,4.4173599445877745,411.625720351835,3481.7095873879193,2260
8001.0,3297,0,0,0,4.420605011429992,412.0973612374886,3482.5186234974576,2279
8002.0,3296,0,0,1,4.426827926212298,412.65018203883494,3482.850762961079,2276
8003.0,3295,0,0,1,4.432094355234134,413.22185128983307,3483.593908932632,2283
8004.0,3294,0,0,1,4.412505512129745,413.7055251973285,3484.5291049664334,2292
8005.0,3294,0,0,0,4.408973463044548,414.1168791742562,3485.340202177062,2297
8006.0,3294,0,0,0,4.40307267405751,414.5716454159077,3486.15223203312,2293
8007.0,3294,0,0,0,4.4059900744412035,414.99787492410445,3486.9642444304404,2291
8008.0,3293,0,0,1,4.391499848254407,415.6386273914364,3488.3296785944935,2291
8009.0,3293,0,1,1,4.371022101815899,416.0725781961737,3487.8682935515058,2297
8010.0,3292,0,0,1,4.3546824433004,416.724787363305,3489.114099533203,2308
8011.0,3291,0,0,1,4.423503861000052,415.2986934062595,3489.6222180695213,2177
8012.0,3292,0,1,0,4.5369102815658175,414.1679829890644,3489.364912822602,2086
8013.0,3291,0,0,1,4.6737821827435635,413.4934670312975,3490.214777294819,2021
8014.0,3291,0,0,0,4.828878612184861,412.9428745062291,3490.998463831323,1986
8015.0,3292,0,1,0,4.986762230285531,412.43985419198054,3490.710200121399,1960
8016.0,3292,0,0,0,5.129532365894627,412.0686512758202,3491.473927945073,1922
8017.0,3292,0,0,0,5.277949576264012,411.7451397326853,3492.227223765481,1895
8018.0,3293,0,1,0,5.41762835856495,411.28940176131186,3491.910819329736,1868
8019.0,3293,0,0,0,5.526476268015603,410.94230185241423,3492.64797223406,1850
8020.0,3294,0,1,0,5.602703226524631,410.5346083788707,3492.3193003551196,1837
8021.0,3292,0,0,2,5.657648585246739,410.5704738760632,3492.5469000855146,1820
8022.0,3290,0,0,2,5.71266114760166,410.76018237082064,3493.406421977767,1813
8023.0,3290,0,0,0,5.768620644642978,410.6863221884498,3494.1266188789455,1803
8024.0,3289,0,0,1,5.807012126388771,410.46214654910307,3494.7342065207818,1784
8025.0,3289,0,0,0,5.861246998449407,410.1638795986622,3495.4481957250323,1783
8026.0,3288,0,0,1,5.890797351681994,410.03862530413625,3495.72336321997,1763
8027.0,3288,0,0,0,5.907961518791081,409.7247566909976,3496.435103080249,1743
8028.0,3287,0,0,1,5.909249885467508,409.5372680255552,3497.2344226815994,1735
8029.0,3287,0,0,0,5.932074759608397,409.24155765135384,3497.945197289895,1720
8030.0,3286,0,0,1,5.941849094450572,409.0489957395009,3498.722282391524,1706
8031.0,3286,0,0,0,5.967618673258187,408.7528910529519,3499.431480887441,1703
8032.0,3286,0,0,0,5.990983615756069,408.7860620815581,3500.140160016283,1695
8033.0,3285,0,0,1,5.982660759472648,408.71080669710807,3500.9624295644458,1707
8034.0,3285,0,0,0,5.986244410438221,408.5357686453577,3501.671523844639,1701
8035.0,3283,0,0,2,5.977569368287375,408.52573865367043,3503.3583124121296,1702
8036.0,3282,0,0,1,5.982292007009288,408.4171237050579,3504.7929035841944,1692
8037.0,3281,0,0,1,5.982737093601292,408.40048765620236,3505.4744642383503,1691
8038.0,3279,0,0,2,6.002840586791441,408.4675205855444,3507.3763302293482,1687
8039.0,3278,0,0,1,6.02134744797639,408.43563148261137,3508.65637579394,1674
8040.0,3276,0,1,3,6.02994367236561,408.55708180708183,3507.9570904980183,1654
8041.0,3273,0,0,3,6.035603141795991,408.9569202566453,3509.733328380255,1651
8042.0,3273,0,0,0,6.027691287321115,408.77726856095325,3510.442841505527,1634
8043.0,3271,0,0,2,6.0213333350625975,408.86915316417,3512.0442039645673,1630
8044.0,3269,0,0,2,6.001715153264388,408.9397369226063,3512.4773765198643,1629
8045.0,3267,0,0,2,5.995511649853659,409.205081114172,3514.2149631349384,1634
8046.0,3263,0,0,4,5.970988335279975,409.5841250383083,3516.1811101174294,1647
8047.0,3263,0,0,0,5.959993279073929,409.3671467974257,3516.8978205116055,1642
8048.0,3262,0,0,1,5.9352131275643485,409.3347639484979,3518.2359430752167,1654
8049.0,3259,0,0,3,5.874204709269871,409.5526235041424,3518.5294264664803,1660
8050.0,3259,0,0,0,5.835426264011548,409.4053390610617,3519.2531918834625,1675
8051.0,3259,0,0,0,5.794351729479093,409.44461491254987,3519.9796691241413,1669
8052.0,3259,0,0,0,5.72713722399574,409.309911015649,3520.70987846017,1680
8053.0,3259,0,0,0,5.668689118554164,409.2737035900583,3521.443427007572,1693
8054.0,3258,0,0,1,5.60107543788731,409.3821362799263,3521.258409538807,1703
8055.0,3257,0,0,1,5.52352408858465,409.44887933681304,3521.9562186047706,1705
8056.0,3255,0,0,2,5.4609625965866755,409.4900153609831,3522.147049324632,1704
8057.0,3254,0,0,1,5.3920040592899,409.5679164105716,3522.4819672407866,1717
8058.0,3252,0,0,2,5.338702143776252,409.8059655596556,3523.5441416586705,1733
8059.0,3252,0,0,0,5.295740042263313,409.91758917589175,3524.298554360595,1745
8060.0,3248,0,0,4,5.259790772402971,410.5899014778325,3524.965337789527,1765
8061.0,3245,0,0,3,5.216125750677073,411.12881355932205,3525.8188996517047,1805
8062.0,3245,0,0,0,5.193954671427279,411.28166409861325,3526.5786936681075,1823
8063.0,3245,0,2,2,5.185163184308008,411.6046224961479,3525.2443638589757,1860
8064.0,3244,0,0,1,5.159686618179086,412.05672009864367,3525.6437773200605,1864
8065.0,3242,0,1,3,5.11526320343167,412.643738433066,3524.376937079948,1887
8066.0,3242,0,0,0,5.079786243303709,412.98581122763727,3525.1442667517263,1907
8067.0,3241,0,0,1,5.036561678137076,413.43628509719224,3525.8251547529644,1934
8068.0,3241,0,0,0,5.005361018802239,413.74082073434124,3526.5971492615004,1959
8069.0,3241,0,0,0,4.982374574416517,414.08114779389075,3527.3718498330786,1974
8070.0,3241,0,1,1,4.947799495674217,414.4261030546128,3526.94664068561,1984
8071.0,3241,0,0,0,4.918701659731776,414.73866090712744,3527.7248548141647,1986
8072.0,3240,0,0,1,4.884345779341004,415.2265432098765,3528.468863973474,2014
8073.0,3239,0,1,2,4.845485081514157,415.70947823402287,3527.9835446781694,2010
8074.0,3236,0,0,3,4.797485611622195,416.49072929542643,3529.4954486000584,2034
8075.0,3236,0,0,0,4.772266177721159,416.7784301606922,3530.2828957672878,2037
8076.0,3235,0,0,1,4.738967923317692,417.26027820710976,3531.0381533678046,2042
8077.0,3237,0,2,0,4.720712626450827,417.3157244362064,3529.646614446729,2050
8078.0,3237,0,0,0,4.679779357014757,417.67253629904235,3530.439759882236,2077
8079.0,3236,0,0,1,4.657339636861626,418.22620519159454,3530.829264092868,2099
8080.0,3235,0,0,1,4.614339578829003,418.7143740340031,3531.804401272986,2104
8081.0,3235,0,0,0,4.591744520344777,419.1193199381762,3532.6028007863424,2106
8082.0,3235,0,1,1,4.552726955632498,419.47789799072643,3532.3766852544773,2121
8083.0,3236,0,1,0,4.522679693417951,419.7839925834363,3532.086988355093,2144
8084.0,3234,0,0,2,4.4957634158067865,420.4662956091528,3532.6937343823747,2157
8085.0,3232,0,0,2,4.468852023916816,421.1209777227723,3533.309718740377,2162
8086.0,3231,0,0,1,4.457719575683861,421.66047663262145,3534.1976256522507,2180
8087.0,3230,0,0,1,4.453263550970043,422.2721362229102,3535.0071921810054,2196
8088.0,3229,0,0,1,4.452671613002696,422.79126664602046,3536.291605446191,2195
8089.0,3230,0,1,0,4.433884707894949,423.1340557275542,3536.007613685944,2213
8090.0,3230,0,0,0,4.429740142993766,423.62476780185756,3536.8194571049053,2225
8091.0,3229,0,0,1,4.413808989030673,424.25116135026326,3537.942022365683,2244
8092.0,3229,0,0,0,4.4198261657022035,424.7349024465779,3538.755157837197,2245
8093.0,3229,0,0,0,4.4234105196017595,425.2121399814184,3539.567731074336,2241
8094.0,3229,0,0,0,4.420507676933129,425.67791886032825,3540.380512244492,2238
8095.0,3228,0,0,1,4.405126586975587,426.3339529120198,3541.4311154304464,2246
8096.0,3227,0,0,1,4.38822093416829,426.935543848776,3542.181218564045,2257
8097.0,3227,0,0,0,4.371436813075424,427.42082429501085,3542.996931462554,2262
8098.0,3227,0,0,0,4.344754106547706,427.96343352959406,3543.814456004399,2281
8099.0,3227,0,0,0,4.322370952669411,428.5249457700651,3544.633443047255,2298
8100.0,3227,0,0,0,4.30829597936943,429.0824295010846,3545.4535981857753,2308
8101.0,3227,0,0,0,4.385691644206062,427.59250077471336,3546.2666763995544,2173
8102.0,3227,0,0,0,4.514579223684864,426.6907344282615,3547.071519668979,2085
8103.0,3227,0,0,0,4.679123385154644,425.9783080260304,3547.8656597700347,2006
8104.0,3227,0,0,0,4.852143917060587,425.46079950418346,3548.648980802275,1966
8105.0,3227,0,0,0,5.028071467292172,425.0294391075302,3549.4199461722005,1924
8106.0,3224,0,0,3,5.193928523742286,424.9950372208437,3550.2077395987094,1887
8107.0,3224,0,0,0,5.342298790381759,424.65570719602977,3550.9592674857518,1862
8108.0,3224,0,0,0,5.4684399098480805,424.46401985111663,3551.702448745911,1840
8109.0,3223,0,0,1,5.569132143902,424.4470989761092,3552.7443059576235,1823
8110.0,3223,0,0,0,5.661200044683522,424.28824076946944,3553.47638474257,1796
8111.0,3223,0,0,0,5.7425512253771975,424.207880856345,3554.2038009858516,1787
8112.0,3223,0,0,0,5.799573302180584,424.13372634191745,3554.9287390868517,1782
8113.0,3223,0,0,0,5.849489538250099,424.08129072292894,3555.650401734534,1779
8114.0,3222,0,0,1,5.89227843051008,424.21477343265053,3556.6219883367535,1759
8115.0,3220,0,0,2,5.927935709389831,424.28757763975153,3556.6913362901137,1750
8116.0,3219,0,0,1,5.938616996258616,424.31997514756137,3557.541144465603,1758
8117.0,3219,0,0,0,5.953303546414865,424.18825722274,3558.2567053527514,1744
8118.0,3219,0,0,0,5.973990610942055,424.16837527182355,3558.97117069291,1740
8119.0,3219,0,0,0,6.001673538850243,424.255669462566,3559.6842817298993,1739
8120.0,3219,0,0,0,6.036948929720812,424.23392357875116,3560.395401138162,1726
8121.0,3218,0,0,1,6.034334793164195,424.33809819763826,3560.585891654642,1722
8122.0,3218,0,0,0,6.034032866563185,424.1650093225606,3561.297051112137,1714
8123.0,3218,0,0,0,6.024340056706097,424.0447482908639,3562.0077645614183,1709
8124.0,3217,0,0,1,6.01956637476882,424.2141746969226,3562.6640386616423,1699
8125.0,3216,0,0,1,6.023736976524635,424.3143656716418,3563.619358196643,1693
8126.0,3216,0,1,1,6.013766782564979,424.24844527363183,3563.3131998414096,1686
8127.0,3215,0,0,1,6.0179873957994685,424.20373250388803,3563.8132576353128,1687
8128.0,3214,0,0,1,6.0301039706827195,424.1032980709396,3564.351230257381,1669
8129.0,3213,0,0,1,6.0193583299757565,424.3352007469654,3565.2486673741378,1660
8130.0,3213,0,0,0,6.0209585343716086,424.3149704326175,3565.959030177881,1666
8131.0,3213,0,0,0,6.0320237575073055,424.2589480236539,3566.668414179643,1648
8132.0,3212,0,0,1,6.045052606980235,424.27957658779576,3566.610274378462,1639
8133.0,3212,0,1,1,6.051170356964754,424.11581569115816,3566.0538859753115,1633
8134.0,3212,0,0,0,6.0599637455109,424.22322540473226,3566.762204271737,1644
8135.0,3210,0,0,2,6.046535209439678,424.48130841121497,3568.1157707284206,1631
8136.0,3209,0,0,1,6.037207568499766,424.73138049236525,3568.9307444866517,1638
8137.0,3209,0,1,1,6.016282304767128,424.7790588968526,3569.068772885745,1646
8138.0,3209,0,0,0,6.007747115891144,424.8292302898099,3569.7815655179998,1645
8139.0,3209,0,0,0,6.002879851485339,424.8622623870365,3570.495181766357,1644
8140.0,3208,0,0,1,5.967827111513067,425.17456359102243,3571.2553609710017,1663
8141.0,3208,0,0,0,5.944037895337339,425.2705735660848,3571.973775227019,1678
8142.0,3208,0,1,1,5.904279983120203,425.3672069825436,3571.368942658875,1683
8143.0,3208,0,0,0,5.851361864489074,425.53366583541145,3572.094092204135,1694
8144.0,3204,0,0,4,5.785780512323798,426.1407615480649,3572.2652320131497,1698
8145.0,3204,0,0,0,5.748202679355516,426.2250312109863,3572.9972679141447,1712
8146.0,3203,0,0,1,5.70919933484188,426.35810177958166,3573.5793351728853,1715
8147.0,3202,0,0,1,5.6823877464636015,426.5424734540912,3574.0219558890117,1727
8148.0,3201,0,0,1,5.641540802169934,426.72727272727275,3574.8374571241766,1749
8149.0,3201,0,0,0,5.604701989594917,426.8416119962512,3575.5792673901615,1772
8150.0,3199,0,0,2,5.5785454417154625,427.3404188809003,3576.4463726838817,1788
8151.0,3199,0,1,1,5.5666687590998,427.6067521100344,3576.1971761949458,1811
8152.0,3199,0,1,1,5.542051309730285,427.9465457955611,3575.7958615882494,1826
8153.0,3200,0,1,0,5.5144436339659535,428.078125,3575.4263461988407,1847
8154.0,3201,0,1,0,5.480553595248447,428.26554201811933,3575.059589408311,1858
8155.0,3199,0,0,2,5.449909582171612,428.86026883401064,3576.11250618714,1879
8156.0,3197,0,0,2,5.412727453395297,429.4754457303722,3576.7314843474273,1900
8157.0,3198,0,2,1,5.372656075337455,429.68105065666043,3575.0374790961446,1923
8158.0,3197,0,0,1,5.341693606230242,430.11010322177043,3575.0194533005797,1928
8159.0,3196,0,0,1,5.303092572332507,430.5860450563204,3575.652508624838,1943
8160.0,3198,0,3,1,5.250344039406782,430.6904315196998,3573.070038454748,1973
8161.0,3198,0,0,0,5.221125713929864,431.03377110694186,3573.8389140275544,1991
8162.0,3197,0,0,1,5.179611353665846,431.6005630278386,3574.33703719745,2011
8163.0,3198,0,1,0,5.1548891303677316,431.83864915572235,3573.9932686558127,2019
8164.0,3196,0,1,3,5.112550870374931,432.46182728410514,3573.0959801509907,2032
8165.0,3198,0,2,0,5.083170842006054,432.5081300813008,3571.639856144237,2044
8166.0,3198,0,1,1,5.0562933692100875,432.8298936835522,3571.5613434097745,2067
8167.0,3198,0,0,0,5.017243220626458,433.151344590369,3572.345413831287,2065
8168.0,3199,0,2,1,4.977920945924132,433.4126289465458,3570.600656674749,2088
8169.0,3198,0,0,1,4.9353013380974655,433.94996873045653,3571.3400257146977,2095
8170.0,3197,0,1,2,4.911522380143245,434.46137003440725,3570.258623325887,2105
8171.0,3197,0,0,0,4.89199554278203,434.8007507037848,3571.050221173691,2106
8172.0,3196,0,2,3,4.847514841515327,435.3194618272841,3569.610489614692,2112
8173.0,3197,0,1,0,4.837247585910218,435.55677197372535,3569.28800380547,2125
8174.0,3197,0,1,1,4.812654957273248,435.9577729121051,3569.501306614771,2145
8175.0,3197,0,0,0,4.797737346709867,436.3440725680325,3570.297726613207,2153
8176.0,3195,0,0,2,4.761937582753819,437.0090766823161,3570.815543877067,2159
8177.0,3194,0,0,1,4.7307371735535675,437.54038822792734,3571.659378359443,2170
8178.0,3194,0,2,2,4.728131085641808,437.9358171571697,3569.9125476799977,2172
8179.0,3194,0,1,1,4.723318730029605,438.3922980588604,3570.1784519628054,2186
8180.0,3193,0,0,1,4.714671715028878,439.0144065142499,3570.9169278616887,2198
8181.0,3193,0,0,0,4.710424694746497,439.4585029752584,3571.719378417663,2204
8182.0,3192,0,0,1,4.689964350189418,440.09931077694233,3572.88023125079,2222
8183.0,3191,0,0,1,4.665463200146166,440.7749921654654,3573.75850645717,2231
8184.0,3190,0,0,1,4.649874027850163,441.47492163009406,3574.550178563513,2250
8185.0,3190,0,0,0,4.634927771962254,442.05203761755484,3575.3581628245565,2264
8186.0,3190,0,0,0,4.627389130042069,442.56708463949843,3576.166810425187,2282
8187.0,3189,0,0,1,4.609056395448903,443.2558795860771,3577.0515616315515,2294
8188.0,3189,0,0,0,4.585565514577802,443.7955471934776,3577.8640079760576,2293
8189.0,3189,0,0,0,4.558130177637621,444.32643461900284,3578.677546513448,2300
8190.0,3189,0,0,0,4.528109904165828,444.8871119473189,3579.492806163167,2309
8191.0,3188,0,0,1,4.581091980713527,443.92001254705144,3580.1615888494734,2194
8192.0,3186,0,0,2,4.684322896281706,443.44758317639673,3581.3129219637467,2113
8193.0,3186,0,0,0,4.833414294679322,442.96735718769617,3582.1062543695534,2051
8194.0,3186,0,0,0,4.985115921956832,442.60954174513495,3582.888911691141,1995
8195.0,3185,0,0,1,5.140784233923443,442.5761381475667,3584.552844401284,1955
8196.0,3185,0,0,0,5.3084675209125365,442.3689167974882,3585.3139232718618,1922
8197.0,3183,0,0,2,5.454478882085351,442.55042412818096,3586.8746624702662,1887
8198.0,3182,0,0,1,5.577419091381405,442.61282212445,3587.5407966751136,1861
8199.0,3179,0,0,3,5.659017558260641,443.0018873859704,3589.3528231380787,1842
8200.0,3177,0,0,2,5.73465605452686,443.36480956877557,3590.4409144559067,1836
8201.0,3175,0,0,2,5.784260138303117,443.7474015748032,3591.3008179799895,1827
8202.0,3173,0,0,2,5.847973070748096,444.06838953671604,3592.6454642963586,1813
8203.0,3172,0,0,1,5.871081985382659,444.25535939470365,3593.3226697443583,1800
8204.0,3171,0,0,1,5.919728826273436,444.29454430778935,3593.93016488019,1786
8205.0,3168,0,0,3,5.932081773823224,444.65814393939394,3594.644861257769,1775
8206.0,3167,0,0,1,5.929344199809313,444.75813072308176,3594.6782612656993,1760
8207.0,3167,0,0,0,5.935324201308972,444.8209662140827,3595.3966891655687,1762
8208.0,3167,0,0,0,5.960617461263834,444.93526997158193,3596.11268704265,1770
8209.0,3167,0,0,0,5.961142828252063,445.06599305336283,3596.8277766307347,1766
8210.0,3166,0,0,1,5.958580648148005,445.28742893240684,3597.657495953315,1755
8211.0,3166,0,0,0,5.955404713908626,445.4226152874289,3598.3731427462103,1756
8212.0,3165,0,0,1,5.942706220818617,445.70268562401264,3599.1269194994857,1748
8213.0,3164,0,0,1,5.935102728398381,446.00695322376737,3599.640325939908,1741
8214.0,3163,0,0,1,5.919374590418845,446.34998419222256,3600.440932807366,1750
8215.0,3161,0,0,2,5.911114317363799,446.77254033533694,3601.2495169833987,1754
8216.0,3160,0,0,1,5.895670965031147,447.0268987341772,3602.1632081378334,1739
8217.0,3158,0,0,2,5.881196828261115,447.3983533882204,3602.4099247939753,1742
8218.0,3157,0,1,2,5.867180867751392,447.53215077605324,3602.058220631607,1738
8219.0,3155,0,0,2,5.870352887289943,447.88716323296353,3602.4022608010664,1727
8220.0,3153,0,0,2,5.846080529390831,448.1833174754202,3603.4163009889426,1712
8221.0,3152,0,0,1,5.8445051596549344,448.4010152284264,3604.178305456697,1712
8222.0,3151,0,0,1,5.842797282150192,448.62139003490955,3604.8787173431188,1714
8223.0,3148,0,0,3,5.842109315860989,449.108958068615,3605.17684210755,1717
8224.0,3147,0,0,1,5.853833349286688,449.2669208770257,3605.1696229371805,1713
8225.0,3147,0,1,1,5.845370134483834,449.33714648871944,3604.6436021617956,1719
8226.0,3144,0,0,3,5.820602425008944,449.88899491094145,3605.562355966898,1737
8227.0,3140,0,0,4,5.756413683076717,450.5528662420382,3607.377178433951,1751
8228.0,3139,0,0,1,5.743759739155648,450.83083784644793,3608.3672820444526,1759
8229.0,3139,0,0,0,5.737180802676171,450.9060210258044,3609.096444736901,1746
8230.0,3138,0,1,2,5.705597382905729,451.1947100063735,3607.9890859215457,1755
8231.0,3138,0,0,0,5.675621158637878,451.36647546207774,3608.722229182256,1757
8232.0,3138,0,0,0,5.658994133676589,451.5752071383047,3609.4563414562804,1777
8233.0,3137,0,0,1,5.6352200531247245,451.90404845393687,3610.0604988431282,1782
8234.0,3137,0,0,0,5.603727129733487,452.10487727127827,3610.7983730017318,1784
8235.0,3137,0,1,1,5.540807398712596,452.4242907236213,3610.005406598963,1793
8236.0,3133,0,0,4,5.470652573710772,453.25598467922117,3610.4462942158702,1815
8237.0,3133,0,0,0,5.444965880802234,453.45132460900095,3611.1939136266756,1829
8238.0,3131,0,0,2,5.392636693662458,453.9434685404024,3612.004109081109,1842
8239.0,3131,0,0,0,5.365944622938455,454.24976045991696,3612.7567861862785,1872
8240.0,3131,0,0,0,5.364255313499478,454.5662727563079,3613.509756465372,1890
8241.0,3128,0,0,3,5.3495704192521325,455.1090153452685,3613.4306346296407,1890
8242.0,3127,0,1,2,5.343545732539657,455.65877838183565,3613.3907782024767,1916
8243.0,3126,0,0,1,5.3203537545182975,456.17498400511835,3614.05721117381,1927
8244.0,3125,0,2,3,5.294119951140902,456.67424,3612.1152096260857,1924
8245.0,3124,0,0,1,5.2698401013319645,457.1306017925736,3612.6720659112516,1933
8246.0,3122,0,1,3,5.226433089353162,457.6329276105061,3611.8633102034473,1940
8247.0,3122,0,0,0,5.213673748402111,458.01057014734147,3612.627154490912,1961
8248.0,3122,0,1,1,5.192686221581435,458.33760409993596,3612.317597106077,1974
8249.0,3122,0,0,0,5.161607434015354,458.74055092889176,3613.085144833454,1991
8250.0,3121,0,0,1,5.148378216358942,459.26369753284206,3614.060009866634,1999
8251.0,3122,0,1,0,5.113589193508645,459.47341447789876,3613.673464064913,2008
8252.0,3120,0,0,2,5.059397562768558,460.1823717948718,3614.590531477416,2020
8253.0,3120,0,1,1,4.997608243388795,460.52147435897433,3614.599722233799,2019
8254.0,3120,0,0,0,4.964884824514111,460.67083333333335,3615.3803178226553,2029
8255.0,3121,0,1,0,4.93213908356032,460.8997116308875,3615.0045433486634,2043
8256.0,3119,0,0,2,4.914345202554208,461.58159666559794,3614.400361762187,2044
8257.0,3117,0,1,3,4.8679279313335595,462.2544112929098,3614.9766716115932,2057
8258.0,3117,0,1,1,4.82655386557374,462.688482515239,3614.435244651175,2062
8259.0,3116,0,0,1,4.798707544880656,463.26379974326056,3615.3273954408455,2080
8260.0,3115,0,1,2,4.7570670062894775,463.78298555377205,3614.294617153255,2082
8261.0,3114,0,0,1,4.719457919137237,464.28034682080926,3614.7561177950265,2076
8262.0,3113,0,0,1,4.668058555972468,464.8287825248956,3615.700552164423,2087
8263.0,3113,0,1,1,4.629793348152858,465.18727915194347,3615.2969518041964,2101
8264.0,3114,0,1,0,4.609822244258258,465.26878612716763,3614.9371559515753,2107
8265.0,3114,0,0,0,4.591251551329465,465.7122671804753,3615.7395957964522,2134
8266.0,3115,0,1,0,4.5746045125792545,466.00802568218296,3615.381460248066,2146
8267.0,3114,0,0,1,4.551307937843749,466.63808606294157,3615.6569401578363,2147
8268.0,3115,0,1,0,4.53764822552212,466.93579454253614,3615.3019638035303,2152
8269.0,3113,0,0,2,4.5140970126852356,467.7089624156762,3615.6887128549915,2164
8270.0,3113,0,0,0,4.510308530990874,468.2434950208802,3616.49629659395,2169
8271.0,3114,0,1,0,4.507926805857099,468.63166345536285,3616.1420228564284,2184
8272.0,3114,0,1,1,4.486354162966991,469.07257546563903,3616.0677605145565,2195
8273.0,3114,0,0,0,4.468989985682143,469.61560693641616,3616.878693227571,2210
8274.0,3112,0,0,2,4.438963921292395,470.2953084832905,3618.047833131426,2213
8275.0,3110,0,0,2,4.414048529711215,471.01254019292605,3618.3051212293244,2219
8276.0,3110,0,0,0,4.406789690927518,471.4855305466238,3619.1204233354483,2233
8277.0,3109,0,0,1,4.390861407763354,472.08845287873913,3620.3856109341386,2238
8278.0,3108,0,0,1,4.374374760670178,472.7837837837838,3621.121136572504,2242
8279.0,3107,0,0,1,4.344114436832581,473.4093981332475,3622.706011496286,2255
8280.0,3107,0,0,0,4.308472585483445,474.0212423559704,3623.527592006876,2271
8281.0,3105,0,0,2,4.375345130667263,472.9755233494364,3624.9804515092355,2149
8282.0,3104,0,0,1,4.477694903857222,472.125,3625.762154359693,2068
8283.0,3103,0,0,1,4.613100263756475,471.50821785369,3626.3362079281565,1999
8284.0,3102,0,0,1,4.766059296197332,471.1202450032237,3626.2679812251827,1954
8285.0,3101,0,0,1,4.901211337666839,470.84295388584326,3627.0265701834537,1923
8286.0,3100,0,0,1,5.045432190133235,470.3774193548387,3628.1500494281127,1880
8287.0,3099,0,0,1,5.185926213531453,470.0767989674088,3629.087101801172,1847
8288.0,3098,0,0,1,5.317247268092226,469.94351194318915,3629.8394342047354,1815
8289.0,3097,0,0,1,5.4133437738765,469.95931546658056,3630.975278453502,1806
8290.0,3097,0,0,0,5.496726852629275,469.7575072650952,3631.716294477878,1794
8291.0,3095,0,0,2,5.572177326497083,469.3647819063005,3632.175062156789,1761
8292.0,3095,0,0,0,5.653539924513345,468.8665589660743,3632.905999854583,1727
8293.0,3094,0,0,1,5.703226956988932,468.56302521008405,3633.3682460511886,1704
8294.0,3093,0,0,1,5.757366369790309,468.29000969932105,3634.0862904544474,1694
8295.0,3093,0,0,0,5.808737431461214,467.9411574523117,3634.807527151852,1679
8296.0,3093,0,0,0,5.837701698925531,467.5716133204009,3635.5263839175423,1661
8297.0,3091,0,0,2,5.837621545822764,467.5435134260757,3636.319881935132,1646
8298.0,3090,0,0,1,5.835453537353502,467.484142394822,3636.328072151269,1641
8299.0,3089,0,0,1,5.828171282685915,467.42117190029137,3637.1103332217663,1646
8300.0,3088,0,0,1,5.822534687750937,467.33581606217615,3638.0817812667246,1651
8301.0,3088,0,0,0,5.819494729410854,467.1496113989637,3638.801025292805,1648
8302.0,3088,0,0,0,5.813669335357467,466.8610751295337,3639.5212102109913,1654
8303.0,3088,0,0,0,5.791070989959265,466.63860103626945,3640.2421140661654,1661
8304.0,3087,0,0,1,5.762525178946257,466.7197926789764,3640.046878778726,1673
8305.0,3084,0,0,3,5.757901236393095,466.6919584954604,3639.9470011530916,1640
8306.0,3084,0,1,1,5.769334006176205,466.3858625162127,3638.9384594707085,1634
8307.0,3083,0,0,1,5.786356214825454,466.31008757703535,3639.8173843300237,1628
8308.0,3082,0,0,1,5.781752286379811,466.4091499026606,3640.4035252228823,1634
8309.0,3080,0,0,2,5.748558008645268,466.5873376623377,3640.330716580602,1642
8310.0,3079,0,0,1,5.710223134578112,466.63072426112376,3641.0974244346094,1639
8311.0,3077,0,0,2,5.693846611720895,466.7166070848229,3642.1962305499846,1629
8312.0,3075,0,0,2,5.6766051316209145,466.92650406504066,3642.4651110356676,1628
8313.0,3075,0,0,0,5.680414352336419,466.58666666666664,3643.191519866685,1637
8314.0,3074,0,0,1,5.64732790886845,466.6330513988289,3643.9049162188453,1637
8315.0,3073,0,0,1,5.640401064128025,466.7159127888057,3644.12777145578,1644
8316.0,3072,0,0,1,5.640644048818928,466.9287109375,3644.5518240976744,1643
8317.0,3072,0,1,1,5.63873801683109,467.0638020833333,3644.3736933177083,1650
8318.0,3071,0,0,1,5.630138138540895,467.15695213285574,3645.064346438359,1648
8319.0,3070,0,0,1,5.602997871771288,467.3022801302932,3645.7910493681093,1653
8320.0,3069,0,0,1,5.570021805753193,467.47409579667647,3646.9060480904786,1670
8321.0,3068,0,0,1,5.526384041656218,467.60202086049543,3647.447429686951,1674
8322.0,3069,0,1,0,5.49609875269594,467.5226458129684,3647.000209219302,1690
8323.0,3068,0,0,1,5.458463826222426,467.67144719687093,3646.785985716003,1700
8324.0,3068,0,0,0,5.442011354580436,467.60299869621906,3647.531047478798,1704
8325.0,3066,0,0,2,5.388619134743849,467.9670580560992,3647.769354691854,1717
8326.0,3066,0,0,0,5.3591293289583835,467.85388127853884,3648.519647803356,1720
8327.0,3065,0,0,1,5.320957189973548,467.84991843393146,3649.449461742692,1719
8328.0,3064,0,0,1,5.27674878089797,467.8838120104439,3650.1280101785555,1732
8329.0,3064,0,0,0,5.2637269259356785,468.0407963446475,3650.8851370182747,1751
8330.0,3064,0,0,0,5.239171706336659,468.11259791122717,3651.6431361835803,1769
8331.0,3064,0,2,2,5.203299180038979,468.3319190600522,3650.0222091519295,1794
8332.0,3064,0,0,0,5.194969047498713,468.6396866840731,3650.7831352156363,1820
8333.0,3062,0,0,2,5.1630366581770195,469.236120182887,3650.7419286460567,1836
8334.0,3062,0,0,0,5.134371466615261,469.55225342913127,3651.506030365002,1854
8335.0,3061,0,0,1,5.106017049771393,469.9604704344985,3652.267306614064,1866
8336.0,3061,0,0,0,5.071197466811078,470.3266906239791,3653.034434474151,1878
8337.0,3061,0,1,1,5.034867863709517,470.58085592943485,3652.609700816346,1898
8338.0,3060,0,0,1,4.978679011531384,471.0366013071895,3652.9994644653375,1906
8339.0,3059,0,1,2,4.932578212095434,471.5344883949003,3652.2158482588393,1922
8340.0,3059,0,1,1,4.895528985466787,471.9476953252697,3651.1499333007528,1939
8341.0,3058,0,0,1,4.8621631255893725,472.52289077828647,3652.0787251241045,1958
8342.0,3058,0,1,1,4.825378816475341,473.0088293001962,3651.5717482337413,1992
8343.0,3058,0,1,1,4.78450855604383,473.47482014388487,3651.3042722446517,2009
8344.0,3058,0,0,0,4.763058127935487,473.8319162851537,3652.0919768485596,2023
8345.0,3057,0,0,1,4.744617351966353,474.37127903173047,3653.042512004439,2037
8346.0,3056,0,0,1,4.717370496755919,474.8821989528796,3654.0075393592865,2044
8347.0,3056,0,1,1,4.690512858571807,475.1943717277487,3653.512301138172,2049
8348.0,3056,0,1,1,4.653829968833305,475.53239528795814,3652.93984360812,2062
8349.0,3056,0,0,0,4.62994644093967,475.8982329842932,3653.7368123128135,2069
8350.0,3055,0,0,1,4.592537785156027,476.4530278232406,3654.5211995911895,2084
8351.0,3054,0,0,1,4.57093983054298,477.0337262606418,3654.3958111110446,2108
8352.0,3054,0,0,0,4.539424781973891,477.46889325474785,3655.1993608707585,2120
8353.0,3055,0,1,0,4.527267951676714,477.7718494271686,3654.806204681901,2124
8354.0,3055,0,0,0,4.504133939447993,478.2569558101473,3655.6109320075802,2140
8355.0,3055,0,0,0,4.490946020095397,478.620294599018,3656.416722130032,2139
8356.0,3054,0,0,1,4.4684761075388595,479.1597904387688,3657.379788777285,2152
8357.0,3054,0,0,0,4.460472727938033,479.50360183366075,3658.188415585153,2147
8358.0,3053,0,0,1,4.449150307492315,479.98788077301015,3658.6026501903953,2156
8359.0,3053,0,0,0,4.430474093986359,480.4208974778906,3659.4140095079265,2161
8360.0,3052,0,0,1,4.430992229405231,480.9547837483617,3660.0060777166254,2165
8361.0,3052,0,0,0,4.426940145270213,481.2870249017038,3660.8190305428925,2161
8362.0,3051,0,1,2,4.4100005225136005,481.81907571288104,3660.1209746314967,2162
8363.0,3051,0,0,0,4.41147934401812,482.21468371025895,3660.9351397353034,2172
8364.0,3051,0,0,0,4.406212250385039,482.6040642412324,3661.7490944887886,2177
8365.0,3051,0,1,1,4.394489591168964,483.06129137987546,3661.8973951568373,2183
8366.0,3051,0,0,0,4.385870712260164,483.5263847918715,3662.7117182391253,2191
8367.0,3051,0,0,0,4.376947138524882,484.0662078007211,3663.527035513975,2206
8368.0,3051,0,0,0,4.372476464270309,484.4283841363487,3664.3417681481137,2199
8369.0,3051,0,0,0,4.364680469119832,485.00557194362506,3665.157324495846,2218
8370.0,3051,0,0,0,4.353616714082333,485.5604719764012,3665.9739469673523,2220
8371.0,3050,0,0,1,4.398373942550968,484.59967213114754,3666.73297776256,2113
8372.0,3050,0,0,0,4.487966399254425,483.86459016393445,3667.5396255333185,2034
8373.0,3050,0,0,0,4.6255241055219045,483.28131147540984,3668.337054761529,1974
8374.0,3050,0,0,0,4.781330288783409,482.83245901639344,3669.1242858516466,1925
8375.0,3050,0,0,0,4.923666961101837,482.5606557377049,3669.902454328537,1903
8376.0,3050,0,0,0,5.065046470849652,482.37377049180327,3670.6712529046204,1871
8377.0,3049,0,0,1,5.2010196718716495,482.3620859298131,3671.825758193418,1845
8378.0,3048,0,0,1,5.339419791064997,482.33300524934384,3672.325233041015,1810
8379.0,3047,0,0,1,5.449730192936486,482.37774860518545,3672.9421306240292,1787
8380.0,3047,0,0,0,5.544780887903541,482.3590416803413,3673.679966584624,1769
8381.0,3047,0,0,0,5.616519981411805,482.0659665244503,3674.413839386966,1754
8382.0,3047,0,0,0,5.685561359371605,481.6823104693141,3675.1433734810007,1726
8383.0,3047,0,0,0,5.720710600233833,481.40466032162783,3675.8713420922586,1706
8384.0,3047,0,0,0,5.765102880521905,481.0702330160814,3676.596914358748,1701
8385.0,3047,0,0,0,5.804711691849851,480.7489333770922,3677.320422096968,1668
8386.0,3047,0,0,0,5.839153256195842,480.59205776173286,3678.04186686811,1668
8387.0,3047,0,0,0,5.8688328120565,480.370200196915,3678.7616540314125,1658
8388.0,3045,0,0,2,5.880368591872231,480.51133004926106,3678.802189352334,1662
8389.0,3043,0,0,2,5.8727064146514785,480.7275714755176,3679.999301741876,1662
8390.0,3042,0,0,1,5.869779414528395,480.7938856015779,3680.783610086754,1661
8391.0,3040,0,0,2,5.8568309557310645,481.1763157894737,3682.137685558962,1656
8392.0,3039,0,0,1,5.844601428773945,481.2043435340573,3683.0609351340577,1656
8393.0,3039,0,0,0,5.83318112830243,481.06252056597566,3683.7816892677324,1654
8394.0,3039,0,0,0,5.80858486156818,481.02796972688384,3684.5035648478356,1668
8395.0,3039,0,0,0,5.789230624392774,480.9101678183613,3685.226580129112,1658
8396.0,3038,0,0,1,5.7797701354622975,480.8515470704411,3685.8837677797055,1644
8397.0,3039,0,1,0,5.792845435463989,480.65449160908196,3685.3927462367587,1641
8398.0,3038,0,0,1,5.7783496451099285,480.6359447004608,3686.6903756434235,1646
8399.0,3036,0,0,2,5.771334085198827,480.88899868247694,3688.699994682754,1654
8400.0,3035,0,0,1,5.754913428843116,480.85271828665566,3689.7700526815433,1647
8401.0,3033,0,0,2,5.734433830295901,481.1364985163205,3690.3718915651316,1650
8402.0,3031,0,0,2,5.70293731927943,481.55097327614646,3690.528414140843,1660
8403.0,3031,0,0,0,5.690228730704101,481.72253381722203,3691.2580076741697,1662
8404.0,3030,0,1,2,5.6777567197903425,481.84983498349834,3691.6396632022847,1677
8405.0,3027,0,0,3,5.666484517550075,482.33201189296335,3692.9316356169384,1665
8406.0,3024,0,0,3,5.648178129629464,482.8584656084656,3694.5342629410247,1667
8407.0,3023,0,0,1,5.632897757714008,483.0509427720807,3695.678131710847,1658
8408.0,3023,0,0,0,5.608368809308979,483.2381739993384,3696.4125049124636,1669
8409.0,3023,0,1,1,5.571606303949464,483.3794244128349,3696.6710637219026,1667
8410.0,3023,0,0,0,5.537751552563314,483.43135957657955,3697.409816423553,1688
8411.0,3023,0,0,0,5.499733368139967,483.3370823685081,3698.1496999537385,1674
8412.0,3023,0,0,0,5.48100325892376,483.3906715183592,3698.8913114071415,1673
8413.0,3021,0,0,2,5.444028882374582,483.8219132737504,3699.8361081679286,1678
8414.0,3020,0,0,1,5.40407277138385,484.04635761589407,3701.008762591217,1683
8415.0,3020,0,1,1,5.383487195334471,484.208940397351,3700.6470232362876,1691
8416.0,3020,0,0,0,5.358747074043349,484.32019867549667,3701.3959368767437,1706
8417.0,3020,0,0,0,5.347221711085862,484.53112582781455,3702.146531327149,1728
8418.0,3018,0,0,2,5.300285860199525,485.0444002650762,3702.4512380985607,1743
8419.0,3017,0,0,1,5.25283790296437,485.3450447464369,3703.2403214878705,1754
8420.0,3016,0,0,1,5.230937366698907,485.6677718832891,3703.789852514172,1765
8421.0,3013,0,0,3,5.1870967205345595,486.35180882841024,3704.4485578904955,1770
8422.0,3014,0,1,0,5.167364265186139,486.42103516921037,3703.98117388512,1787
8423.0,3014,0,1,1,5.149402472676763,486.6874585268746,3703.281718950233,1802
8424.0,3015,0,1,0,5.139309499573259,486.77213930348256,3702.817116546671,1816
8425.0,3014,0,1,2,5.09256269250549,487.23158593231585,3702.3376656200744,1825
8426.0,3015,0,1,0,5.061505753575299,487.4205638474295,3701.8774872334134,1851
8427.0,3014,0,0,1,5.0318028453390555,487.91008626410087,3702.8933765022202,1865
8428.0,3015,0,1,0,5.01779677384681,487.9953565505804,3702.4355400793456,1862
8429.0,3015,0,0,0,4.976588824903298,488.28922056384744,3703.2091489930967,1872
8430.0,3017,0,2,0,4.942945561289811,488.25820351342395,3701.5298568965513,1886
8431.0,3018,0,1,0,4.917422720190375,488.36713055003315,3701.0804351205975,1894
8432.0,3020,0,2,0,4.917730247763988,488.2913907284768,3699.40714561435,1900
8433.0,3020,0,0,0,4.9156714268923665,488.64933774834435,3700.18614759313,1915
8434.0,3021,0,1,0,4.899268724779343,488.8003972194638,3699.7417169699715,1925
8435.0,3021,0,2,2,4.868446393033971,489.1896722939424,3697.6292532076086,1945
8436.0,3019,0,0,2,4.828972802235197,489.74958595561446,3698.117504176889,1953
8437.0,3019,0,2,2,4.790267798033407,490.06227227558793,3696.2031675851663,1957
8438.0,3019,0,0,0,4.76951775397403,490.2957933090427,3696.9927688137236,1959
8439.0,3018,0,0,1,4.743341917322933,490.7524850894632,3698.0363050593974,1961
8440.0,3019,0,2,1,4.713618633065143,490.8860549850944,3696.1975861817814,1965
8441.0,3018,0,0,1,4.691478142096272,491.36315440689197,3697.1302803972726,1971
8442.0,3018,0,0,0,4.681362287346677,491.6252485089463,3697.926943520603,1982
8443.0,3019,0,1,0,4.669062424284539,491.79595892679697,3697.499732306315,1992
8444.0,3019,0,0,0,4.653125363320551,492.17654852600197,3698.298911458798,2004
8445.0,3019,0,0,0,4.626141830138344,492.61212321960915,3699.101195045874,2019
8446.0,3019,0,0,0,4.615220880595982,492.99470023186484,3699.904683971213,2035
8447.0,3018,0,0,1,4.592171054748683,493.54638833664677,3700.9786665192014,2043
8448.0,3018,0,1,1,4.585929205944303,493.94963552021204,3700.351697300633,2049
8449.0,3018,0,1,1,4.565738866571346,494.37972166998014,3699.000630901283,2054
8450.0,3018,0,0,0,4.551617872343019,494.8565275016567,3699.8105807747634,2064
8451.0,3018,0,1,1,4.542620282755385,495.2587806494367,3699.486791721695,2076
8452.0,3018,0,0,0,4.528855589828619,495.7037773359841,3700.29924102741,2091
8453.0,3018,0,0,0,4.517721814214674,496.10901259111995,3701.1128704793678,2097
8454.0,3016,0,0,2,4.497644755551121,496.9565649867374,3700.9508436499978,2104
8455.0,3016,0,0,0,4.493653203389289,497.4290450928382,3701.7668742857845,2119
8456.0,3015,0,0,1,4.492387715995463,498.1200663349917,3702.6210348660456,2125
8457.0,3015,0,0,0,4.4879241290505325,498.65207296849087,3703.438356832625,2137
8458.0,3015,0,0,0,4.477882758219838,499.0961857379768,3704.2568336342483,2137
8459.0,3014,0,0,1,4.464417235713268,499.71499668214994,3705.300533244163,2135
8460.0,3013,0,0,1,4.4415549797657645,500.39263192831066,3705.816368303023,2149
8461.0,3012,0,0,1,4.486297058392737,499.31540504648075,3707.1618970739655,2045
8462.0,3012,0,0,0,4.595555906664901,498.3940903054449,3707.9704608232955,1953
8463.0,3012,0,0,0,4.7157339991119755,497.8781540504648,3708.7703949899683,1896
8464.0,3012,0,0,0,4.877360834604169,497.3927622841965,3709.5590886066416,1838
8465.0,3011,0,0,1,5.028891185002616,497.2799734307539,3710.9288820463157,1809
8466.0,3010,0,0,1,5.178329546028419,497.15880398671095,3711.6356777630413,1773
8467.0,3010,0,0,0,5.32443098344714,496.83322259136213,3712.3942110674325,1744
8468.0,3010,0,0,0,5.434128528183372,496.6873754152824,3713.1458719683756,1721
8469.0,3009,0,0,1,5.537310593918974,496.70388833499504,3713.916888832718,1712
8470.0,3009,0,0,0,5.618547850378068,496.5952143569292,3714.6560403343938,1693
8471.0,3009,0,0,0,5.661226398988544,496.5403788634098,3715.3920999468037,1686
8472.0,3008,0,0,1,5.693032363937611,496.64261968085106,3716.355987855754,1675
8473.0,3007,0,0,1,5.692729042860898,496.80744928500167,3716.894170562005,1673
8474.0,3006,0,0,1,5.707082414555974,496.78975382568194,3717.7394999836583,1674
8475.0,3004,0,0,2,5.728946205968359,497.0555925432756,3718.106006771983,1672
8476.0,3004,0,0,0,5.7632783390858595,496.9563914780293,3718.8372466395026,1656
8477.0,3003,0,0,1,5.76611162139226,497.0705960705961,3719.508392053928,1650
8478.0,3003,0,0,0,5.782964190155403,497.02763902763905,3720.2383750511135,1643
8479.0,3003,0,0,0,5.7638743986974355,497.1218781218781,3720.9694421453883,1647
8480.0,3003,0,0,0,5.741721061588668,497.0955710955711,3721.7009245510326,1646
8481.0,3003,0,0,0,5.729907194314638,496.997002997003,3722.4328070354645,1645
8482.0,3003,0,0,0,5.735816232594616,497.0819180819181,3723.1650550333757,1660
8483.0,3002,0,0,1,5.742544467803212,497.20586275816123,3723.6228187243955,1658
8484.0,3001,0,0,1,5.735860870331917,497.43352215928024,3724.267290861461,1661
8485.0,2999,0,0,2,5.732585744781793,497.85495165055016,3724.041205333237,1660
8486.0,2999,0,1,1,5.720613735823058,497.7942647549183,3723.6420815763695,1648
8487.0,2998,0,0,1,5.712232807275722,498.1167444963309,3724.1738065050195,1658
8488.0,2997,0,0,1,5.725241395677285,498.32065398732067,3724.560557512487,1663
8489.0,2994,0,0,3,5.719943343673772,498.89645958583833,3724.274891290824,1649
8490.0,2992,0,0,2,5.707504395252032,499.3138368983957,3725.4298028149524,1645
8491.0,2991,0,0,1,5.7064824608397835,499.52925442995655,3726.778543143483,1643
8492.0,2990,0,0,1,5.718168269125754,499.68896321070235,3727.4940658895443,1630
8493.0,2988,0,1,3,5.724444258599126,500.1137884872825,3726.099916587392,1629
8494.0,2985,0,0,3,5.724255499574954,500.6897822445561,3725.923688013647,1623
8495.0,2985,0,0,0,5.74500504616729,500.83082077051927,3726.654122274721,1643
8496.0,2984,0,0,1,5.741480948573845,501.19202412868634,3727.279269262768,1655
8497.0,2981,0,0,3,5.736290261411689,501.87923515598794,3728.375445531708,1650
8498.0,2981,0,0,0,5.7509305026741435,501.97953706809795,3729.1060063106893,1647
8499.0,2979,0,1,3,5.736117233474291,502.39174219536756,3728.4039786945405,1643
8500.0,2978,0,0,1,5.715287793698999,502.6803223640027,3729.727018553666,1639
8501.0,2976,0,0,2,5.685658927879416,503.1024865591398,3730.454289879612,1628
8502.0,2975,0,0,1,5.642771796601023,503.4036974789916,3731.5000079728493,1623
8503.0,2973,0,0,2,5.583889993951798,503.91691893710055,3732.151147003384,1628
8504.0,2972,0,1,2,5.54828065782468,504.31056527590846,3731.367569026239,1638
8505.0,2971,0,0,1,5.512509587816865,504.6166273981824,3731.616915532139,1665
8506.0,2968,0,0,3,5.443173041557232,505.2756064690027,3732.8264561513424,1683
8507.0,2967,0,0,1,5.389856265994121,505.5527468823728,3733.9255907103648,1676
8508.0,2965,0,0,2,5.329508710390095,505.99966273187187,3734.8270919605184,1671
8509.0,2964,0,0,1,5.29425239990369,506.35526315789474,3735.750605465686,1695
8510.0,2964,0,0,0,5.266274058475983,506.2790148448043,3736.5082464857524,1695
8511.0,2962,0,1,3,5.240274331960073,506.87103308575286,3735.4244190476934,1707
8512.0,2960,0,0,2,5.209591204220719,507.5070945945946,3735.4446365172535,1722
8513.0,2961,0,1,0,5.182712985212815,507.6690307328605,3734.944928906266,1747
8514.0,2959,0,2,4,5.138086342019252,508.42345386955054,3733.0771727421734,1771
8515.0,2959,0,0,0,5.112802027340953,508.81716796214937,3733.8432859877794,1784
8516.0,2959,0,0,0,5.085771064374043,509.1726934775262,3734.611285597515,1789
8517.0,2961,0,2,0,5.051469447494905,509.1239446133063,3732.8589147794255,1801
8518.0,2961,0,0,0,5.024665330359583,509.44309354947654,3733.630986113622,1821
8519.0,2962,0,1,0,4.977953829007438,509.58845374746795,3733.1462527312774,1828
8520.0,2962,0,0,0,4.9546182773886835,509.89230249831195,3733.9239213286683,1837
8521.0,2963,0,1,0,4.922405854847237,510.084711441107,3733.442881687373,1856
8522.0,2962,0,0,1,4.874783682099974,510.66779203241055,3733.7920054604665,1882
8523.0,2963,0,1,0,4.848891322473512,510.87917651029363,3733.316098540972,1898
8524.0,2964,0,1,0,4.822815060506898,511.1727395411606,3732.841977177941,1920
8525.0,2964,0,0,0,4.796359625197471,511.5944669365722,3733.6301908769688,1932
8526.0,2965,0,2,1,4.753342883079339,511.8954468802698,3732.09680387139,1945
8527.0,2965,0,0,0,4.729852173681649,512.2870151770658,3732.8890872123598,1950
8528.0,2965,0,1,1,4.705807993553702,512.6340640809443,3732.2852572087354,1955
8529.0,2964,0,0,1,4.680357828620924,513.2594466936572,3733.597723777443,1966
8530.0,2963,0,1,2,4.65860714964126,513.8731015862302,3732.3769483355622,1988
8531.0,2961,0,0,2,4.615905717723355,514.5390070921986,3733.1648405107685,2000
8532.0,2961,0,0,0,4.595150061423008,514.9861533265789,3733.96833081357,2020
8533.0,2962,0,1,0,4.585514191746271,515.2231600270088,3733.5126199950655,2023
8534.0,2962,0,0,0,4.570419423026866,515.7143821742067,3734.3193894524743,2048
8535.0,2962,0,0,0,4.557401814229203,516.2039162727887,3735.1265967939,2064
8536.0,2962,0,0,0,4.540388715585121,516.7164078325455,3735.9365743620197,2070
8537.0,2962,0,0,0,4.518238345728252,517.1826468602296,3736.7468962332373,2088
8538.0,2962,0,0,0,4.511767121237196,517.6613774476705,3737.558483726813,2085
8539.0,2962,0,0,0,4.495921032525541,518.075962187711,3738.37105134938,2077
8540.0,2962,0,0,0,4.490708922267979,518.5857528696827,3739.1840544559527,2088
8541.0,2963,0,1,0,4.4731400979713944,518.9159635504557,3738.735541450186,2097
8542.0,2963,0,0,0,4.45546087256107,519.4498818764765,3739.551060953563,2106
8543.0,2962,0,0,1,4.442492466547053,520.1920999324781,3740.4347386972636,2113
8544.0,2962,0,0,0,4.440844214990619,520.7501688048616,3741.2511255458935,2120
8545.0,2961,0,1,2,4.418642347152222,521.5231340763256,3740.287514426684,2130
8546.0,2961,0,0,0,4.415311561913517,522.0780141843971,3741.1065564181495,2130
8547.0,2959,0,0,2,4.392434242484214,523.069280162217,3741.5482970661565,2144
8548.0,2958,0,0,1,4.374708032527966,523.8718728870858,3741.916451796577,2150
8549.0,2958,0,0,0,4.383344862912195,524.4570655848546,3742.735969060313,2163
8550.0,2958,0,0,0,4.379165019183567,525.0459770114943,3743.5560102173113,2173
8551.0,2958,0,0,0,4.439282339820958,524.0878972278566,3744.37151459729,2061
8552.0,2957,0,0,1,4.5407991933673735,523.7487318227934,3744.545390872571,1986
8553.0,2957,0,0,0,4.671747916134674,523.4521474467366,3745.3449556113155,1932
8554.0,2956,0,0,1,4.80844157847447,523.3883626522328,3745.745925594992,1888
8555.0,2953,0,0,3,4.957613616919239,523.8225533355909,3746.547956770861,1856
8556.0,2953,0,0,0,5.126068608745257,523.6942092786996,3747.3166585166477,1816
8557.0,2952,0,0,1,5.261725040206793,523.7764227642276,3748.014685818339,1781
8558.0,2953,0,1,0,5.397339888613213,523.4754486962411,3747.496523525789,1759
8559.0,2953,0,0,0,5.507321323632433,523.3796139519133,3748.2402730846907,1738
8560.0,2952,0,0,1,5.588553580627005,523.5159214092141,3749.8132225310455,1739
8561.0,2952,0,0,0,5.661351927092221,523.470189701897,3750.5470872891947,1711
8562.0,2952,0,0,0,5.711074582924068,523.4810298102981,3751.277348373763,1697
8563.0,2951,0,0,1,5.742077414883259,523.602507624534,3752.563100117583,1682
8564.0,2950,0,0,1,5.784951063952308,523.6925423728813,3753.364071399168,1684
8565.0,2950,0,0,0,5.828565681216348,523.5420338983051,3754.086015477759,1669
8566.0,2950,0,0,0,5.860727659339619,523.4040677966102,3754.8061987790825,1654
8567.0,2947,0,0,3,5.8614172036378696,523.9151679674245,3756.4320128431937,1633
8568.0,2947,0,0,0,5.851329117700217,523.913471326773,3757.1514170336704,1625
8569.0,2945,0,0,2,5.844767923038331,524.318505942275,3758.4690774713704,1622
8570.0,2945,0,0,0,5.844771686460132,524.3429541595925,3759.1881494784093,1614
8571.0,2943,0,0,2,5.825679208721814,524.7020047570506,3759.010947310022,1619
8572.0,2943,0,0,0,5.817438553605094,524.7091403329936,3759.73111914298,1614
8573.0,2943,0,0,0,5.8099624009814885,524.750254841998,3760.4523876698267,1613
8574.0,2943,0,0,0,5.801076165044422,524.7825348284064,3761.173319641872,1621
8575.0,2941,0,0,2,5.7862135065123965,525.0948656919415,3761.5829631290267,1618
8576.0,2940,0,0,1,5.786592673707233,525.2159863945578,3762.1332641314125,1615
8577.0,2941,0,1,0,5.801206155741546,524.7640258415505,3761.5752196617664,1608
8578.0,2940,0,0,1,5.80230431885011,524.7401360544218,3762.3944706234556,1619
8579.0,2939,0,0,1,5.816163544204545,524.6376318475671,3763.3704264141493,1618
8580.0,2939,0,0,0,5.831356837218133,524.4607009186798,3764.0919122654545,1617
8581.0,2938,0,0,1,5.85016313854025,524.5125936010892,3764.513532547192,1616
8582.0,2937,0,0,1,5.851460292025064,524.4433094994893,3765.379098312508,1612
8583.0,2937,0,0,0,5.854812764922038,524.1801157643854,3766.1000676011995,1608
8584.0,2936,0,1,2,5.856027757362003,524.1137602179837,3766.121061744619,1595
8585.0,2934,0,0,2,5.847109948269975,524.4291070211316,3766.1894702449754,1602
8586.0,2934,0,0,0,5.846748446086106,524.1970006816632,3766.9119162471206,1605
8587.0,2931,0,0,3,5.81969936519387,524.4831115660185,3767.6095009402547,1600
8588.0,2930,0,0,1,5.808885384568837,524.3986348122867,3768.5408709075887,1590
8589.0,2928,0,0,2,5.796903248633673,524.442281420765,3769.597958193723,1587
8590.0,2927,0,1,2,5.776406998439641,524.4783054321831,3769.6507774731635,1593
8591.0,2926,0,0,1,5.747193102657551,524.4788106630211,3770.5089296441474,1602
8592.0,2924,0,0,2,5.7177867005997784,524.703488372093,3771.0407309999196,1599
8593.0,2922,0,0,2,5.6804952472123444,525.0065023956195,3770.9469256006064,1603
8594.0,2920,0,0,2,5.629910403389956,525.2859589041096,3771.7519819875797,1609
8595.0,2920,0,0,0,5.58696747036821,525.1719178082192,3772.4919134949755,1628
8596.0,2921,0,1,0,5.524323676118126,524.8017802122561,3771.9445972928215,1622
8597.0,2919,0,0,2,5.469478895194336,524.9650565262076,3772.50361349713,1638
8598.0,2917,0,0,2,5.420067275136577,525.1480973603017,3773.6367741983395,1654
8599.0,2916,0,0,1,5.384494568918498,525.2194787379973,3774.432989909301,1666
8600.0,2915,0,0,1,5.366620973563017,525.2857632933104,3775.1602587690663,1670
8601.0,2916,0,1,0,5.3453249399691884,525.2770919067216,3774.620054996222,1679
8602.0,2915,0,1,2,5.307599270940817,525.4689536878216,3772.913907936374,1692
8603.0,2914,0,1,2,5.255449833277105,525.7721345229925,3772.1827355254613,1706
8604.0,2913,0,0,1,5.229787186636413,526.010298661174,3772.8797124330067,1713
8605.0,2912,0,0,1,5.202671064810137,526.2458791208791,3773.6724424728072,1716
8606.0,2911,0,1,2,5.177175433704146,526.6853315012023,3773.0010492074616,1736
8607.0,2911,0,0,0,5.169491359181543,526.6983854345585,3773.7675996464927,1760
8608.0,2910,0,0,1,5.142663068264578,526.9175257731958,3774.6602651300846,1764
8609.0,2911,0,1,0,5.12284910987825,527.0474063895568,3774.132802009991,1769
8610.0,2911,0,0,0,5.0856560477454416,527.0432840948127,3774.9044239844006,1772
8611.0,2909,0,0,2,5.032772831001212,527.5950498453077,3775.4840021134523,1786
8612.0,2910,0,1,0,4.997278754197972,527.5580756013745,3774.96325392848,1793
8613.0,2909,0,0,1,4.939783266213794,527.8611206600207,3774.70751157626,1806
8614.0,2907,0,0,2,4.871496554406458,528.3735810113519,3775.732696080942,1819
8615.0,2907,0,1,1,4.827687857685893,528.7554179566564,3775.0383992903417,1829
8616.0,2908,0,1,0,4.792693895364633,528.7627235213205,3774.528532716778,1848
8617.0,2909,0,1,0,4.75241997158693,528.754211069096,3774.021496708653,1870
8618.0,2908,0,0,1,4.716621413222609,529.2775103163686,3774.5148314662542,1887
8619.0,2907,0,0,1,4.680378605081729,529.7702098383213,3775.3936267479708,1897
8620.0,2906,0,0,1,4.637290416841474,530.3217481073641,3776.19748584473,1909
8621.0,2906,0,0,0,4.609033043161396,530.7078458362009,3776.998989820009,1916
8622.0,2907,0,2,1,4.572345894188996,530.9521843825249,3775.2420449194137,1943
8623.0,2908,0,1,0,4.558762948988416,531.1574965612105,3774.749121406515,1946
8624.0,2908,0,0,0,4.536300219444404,531.5484869325998,3775.556213646439,1963
8625.0,2908,0,0,0,4.532104336837917,531.9350068775791,3776.364463401146,1974
8626.0,2906,0,0,2,4.511216443296302,532.7085340674466,3777.4388389784967,1986
8627.0,2907,0,1,0,4.504167501836341,532.9346405228758,3776.9502401697696,1998
8628.0,2907,0,0,0,4.496818126991429,533.3219814241486,3777.7624502805297,2007
8629.0,2907,0,0,0,4.486240009614787,533.7894736842105,3778.5755366339235,2019
8630.0,2907,0,1,1,4.490102004230798,534.1998624011007,3777.756542517226,2021
8631.0,2907,0,0,0,4.484402535251641,534.6690746474028,3778.5704966161534,2033
8632.0,2907,0,0,0,4.478964414668223,535.1809425524596,3779.3847149573758,2046
8633.0,2906,0,0,1,4.456370972528844,535.8300068823124,3780.874500974991,2055
8634.0,2906,0,0,0,4.4352692694668505,536.3967653131452,3781.691758523741,2061
8635.0,2906,0,0,0,4.429164940718106,536.8633860977288,3782.509994449651,2075
8636.0,2906,0,0,0,4.42919583321091,537.3609772883689,3783.328730225251,2079
8637.0,2905,0,0,1,4.417396880687602,538.1304647160069,3784.0488051294246,2096
8638.0,2904,0,0,1,4.398285050969133,538.853650137741,3784.0102537584385,2109
8639.0,2902,0,0,2,4.380186970402222,539.7736044107512,3785.666093443361,2126
8640.0,2902,0,0,0,4.37205147078168,540.2477601654032,3786.489959979179,2125
8641.0,2902,0,0,0,4.441434517904395,539.0451412818745,3787.3079410562063,2020
8642.0,2901,0,0,1,4.562794566445291,538.2857635298174,3787.7870948581003,1936
8643.0,2901,0,0,0,4.703062957168939,537.7456049638056,3788.587863084693,1877
8644.0,2900,0,0,1,4.854978241475761,537.5875862068965,3790.071738559773,1824
8645.0,2900,0,0,0,5.0316585210015194,537.32,3790.850490896724,1793
8646.0,2899,0,0,1,5.1876278758515735,537.3666781648844,3791.524483909623,1763
8647.0,2899,0,0,0,5.349144519143931,537.2245601931701,3792.2816959007587,1732
8648.0,2899,0,0,0,5.48970133367701,537.1241807519834,3793.029780358921,1712
8649.0,2897,0,0,2,5.587941880555941,537.323438039351,3793.499201361186,1681
8650.0,2896,0,0,1,5.651356767967077,537.5621546961326,3794.058741258024,1677
8651.0,2895,0,0,1,5.7037362358613155,537.8006908462867,3794.7260484762755,1662
8652.0,2895,0,0,0,5.757576044313417,537.8949913644215,3795.454453635167,1650
8653.0,2895,0,0,0,5.811384841801036,537.8811744386874,3796.179228845836,1638
8654.0,2893,0,0,2,5.84118246707926,538.2111994469409,3796.468993203045,1631
8655.0,2893,0,0,0,5.871387665271348,538.1876944348427,3797.188373370692,1617
8656.0,2893,0,0,0,5.8976314067849795,538.1275492568268,3797.904929021451,1605
8657.0,2893,0,0,0,5.925937866909366,538.1586588316626,3798.620233458353,1592
8658.0,2893,0,0,0,5.951025032961224,538.0795022468026,3799.333935394988,1586
8659.0,2893,0,0,0,5.961031744338013,538.1220186657449,3800.046448433241,1581
8660.0,2892,0,0,1,5.972709252441223,538.3834716459198,3801.0449822256137,1576
8661.0,2892,0,0,0,5.979206429183942,538.4308437067773,3801.7562568259914,1579
8662.0,2892,0,0,0,5.9785212208616265,538.4834024896265,3802.467137333861,1575
8663.0,2892,0,0,0,5.99190842058369,538.1438450899032,3803.1775015812336,1547
8664.0,2890,0,0,2,6.021450479262483,538.5847750865051,3804.0358221385027,1539
8665.0,2890,0,0,0,6.048331132655112,538.4584775086505,3804.742470783251,1521
8666.0,2889,0,0,1,6.064753296004329,538.5375562478366,3805.698873919002,1503
8667.0,2890,0,1,0,6.066974431988213,538.2498269896194,3805.0871976095145,1495
8668.0,2890,0,0,0,6.074709954049543,538.1678200692041,3805.791572007175,1506
8669.0,2888,0,0,2,6.0783689059033605,538.3940443213296,3807.2139698917726,1492
8670.0,2886,0,0,2,6.084787756209051,538.7515592515592,3807.5282371594253,1500
8671.0,2885,0,0,1,6.079059757827913,538.8696707105719,3808.306213142173,1491
8672.0,2883,0,0,2,6.083323996117709,539.2556364897677,3809.6773772040847,1496
8673.0,2881,0,0,2,6.07883231599724,539.5886844845539,3810.382124716453,1486
8674.0,2880,0,1,2,6.069945571006057,539.7125,3809.2855992234295,1493
8675.0,2879,0,0,1,6.057164823353056,539.8857242097951,3809.5793796630624,1502
8676.0,2878,0,0,1,6.059276782521021,540.1629603891591,3810.132633635147,1507
8677.0,2878,0,0,0,6.05249708699652,540.2136900625434,3810.8401602258787,1522
8678.0,2879,0,1,0,6.051905203411031,540.0607849947899,3810.224530612885,1512
8679.0,2879,0,0,0,6.027209147538504,540.1875651267801,3810.934697305505,1526
8680.0,2879,0,0,0,5.9771947545980595,540.2705800625217,3811.648927064353,1540
8681.0,2878,0,0,1,5.919867563456495,540.4965253648367,3811.7964413025534,1535
8682.0,2879,0,1,0,5.890899678188014,540.4355679055227,3811.192148531324,1545
8683.0,2879,0,0,0,5.849469316756653,540.5081625564432,3811.915114311119,1557
8684.0,2878,0,0,1,5.813324525945261,540.7970813064628,3812.62636777442,1562
8685.0,2876,0,0,2,5.76911700763063,541.2374826147427,3813.0608615366464,1577
8686.0,2875,0,0,1,5.7244488252343135,541.6570434782609,3813.7739208181365,1591
8687.0,2873,0,0,2,5.6751117913118465,542.2854159415245,3814.0687771583825,1610
8688.0,2872,0,0,1,5.627355140413328,542.6013231197771,3814.6248083892015,1624
8689.0,2871,0,0,1,5.589586650679483,542.8700801114594,3816.1943001161226,1626
8690.0,2871,0,0,0,5.57890401345333,542.6680599094392,3816.9353989152796,1621
8691.0,2871,0,1,1,5.550991567763744,542.86903517938,3816.35242928489,1630
8692.0,2869,0,0,2,5.526384305589691,543.458696409899,3816.729473849994,1648
8693.0,2868,0,1,2,5.504213420902285,542.0857740585774,3816.5089846473875,1653
8694.0,2867,0,0,1,5.47699170691132,542.5929543076386,3817.0053972576993,1663
8695.0,2867,0,0,0,5.455617047155037,542.7345657481688,3817.754628950515,1653
8696.0,2867,0,1,1,5.433084875327229,541.237530519707,3817.224188793676,1665
8697.0,2864,0,0,3,5.403246483235226,541.8086592178771,3819.141809764359,1676
8698.0,2862,0,0,2,5.353747727908577,542.1942697414396,3820.1976651338114,1695
8699.0,2862,0,0,0,5.31999048953984,542.5573025856045,3820.955522108271,1720
8700.0,2861,0,1,2,5.271457778689108,543.1632296399861,3820.23367356079,1726
8701.0,2859,0,0,2,5.227846833960175,543.9394893319343,3820.381321762599,1748
8702.0,2859,0,1,1,5.185937039953636,544.4039874081847,3819.531767506616,1771
8703.0,2858,0,0,1,5.161682092804083,544.9926522043387,3820.2469542362387,1784
8704.0,2857,0,0,1,5.114174914220597,545.5960798039902,3819.9503889232797,1793
8705.0,2857,0,2,2,5.0453158402252125,545.9866993349667,3816.771300902234,1809
8706.0,2858,0,1,0,5.001088563320594,546.2543736878936,3816.2143198362533,1823
8707.0,2855,0,0,3,4.945056421535194,547.2318739054291,3816.651834846836,1833
8708.0,2854,0,1,2,4.910154794992725,547.5854940434477,3815.448784348694,1852
8709.0,2852,0,0,2,4.864553573036364,548.429873772791,3814.651685491646,1856
8710.0,2853,0,1,0,4.832215232027828,548.6834910620399,3814.1020088982505,1861
8711.0,2854,0,1,0,4.79774444592938,548.9621583742116,3813.5555150605796,1888
8712.0,2854,0,1,1,4.745916796383084,549.4323756131745,3811.933547766726,1902
8713.0,2854,0,0,0,4.707134820755847,549.9428871758935,3812.7295253979414,1921
8714.0,2855,0,1,0,4.67886482910873,550.2112084063048,3812.191454568245,1924
8715.0,2856,0,1,0,4.647709904494072,550.4880952380952,3811.6558583097626,1924
8716.0,2857,0,1,0,4.622513916175322,550.7959397969898,3811.1232415878553,1944
8717.0,2857,0,1,1,4.5899671498314465,551.2628631431571,3810.7290375142356,1966
8718.0,2856,0,0,1,4.570869596362867,551.8567927170868,3811.4279249856454,1964
8719.0,2857,0,2,1,4.555758542125341,552.1638081904096,3810.0081381461014,1972
8720.0,2855,0,0,2,4.5358767017130655,553.1604203152365,3811.794668836971,1993
8721.0,2855,0,0,0,4.525642040485266,553.6861646234676,3812.6027592910054,1997
8722.0,2854,0,1,2,4.492831112930108,554.3689558514366,3811.281878064181,1999
8723.0,2854,0,0,0,4.493708964233925,554.9414856341976,3812.091528440836,2019
8724.0,2854,0,0,0,4.5052321309733205,555.4737210932025,3812.900856243477,2024
8725.0,2855,0,1,0,4.507601839260488,555.753765323993,3812.3745864489397,2015
8726.0,2854,0,0,1,4.486648039324823,556.3952347582341,3813.051687643601,2021
8727.0,2853,0,0,1,4.4643385495504875,557.037153873116,3813.907608428391,2032
8728.0,2854,0,1,0,4.437412828531772,557.3672039243168,3813.3850123828906,2037
8729.0,2854,0,0,0,4.416212691160236,557.8868255080589,3814.201055725538,2050
8730.0,2854,0,0,0,4.398224658273234,558.3784162578837,3815.018012252083,2059
8731.0,2853,0,0,1,4.46014405960801,557.1742025937609,3815.5644577061944,1946
8732.0,2853,0,0,0,4.577382095740492,556.2379950928847,3816.3680040894537,1862
8733.0,2853,0,0,0,4.7334740216560105,555.5359270942868,3817.1613809514542,1788
8734.0,2851,0,0,2,4.8932453517492345,555.3928446159242,3816.5126219706135,1734
8735.0,2851,0,0,0,5.073140387638299,554.5962820063136,3817.283724740984,1691
8736.0,2851,0,0,0,5.2528816463585715,554.0824272185198,3818.04326437972,1646
8737.0,2849,0,0,2,5.403112874249909,554.0635310635311,3819.358820893064,1620
8738.0,2849,0,0,0,5.557417159387526,553.6777816777817,3820.0994124168933,1591
8739.0,2848,0,0,1,5.707707193854067,553.4037921348314,3820.806589852751,1552
8740.0,2848,0,0,0,5.82331384404379,553.1436095505618,3821.530350908479,1533
8741.0,2848,0,0,0,5.932027738195246,552.9568117977528,3822.2472945386367,1528
8742.0,2848,0,0,0,6.030440140119018,552.6074438202247,3822.9577813099995,1506
8743.0,2848,0,0,0,6.1087579084431525,552.0410814606741,3823.6629295499324,1494
8744.0,2848,0,0,0,6.171761652644477,551.59375,3824.3640397401928,1478
8745.0,2848,0,0,0,6.2452082767474675,551.2917837078652,3825.0601041560653,1470
8746.0,2846,0,0,2,6.290709130214175,551.4775122979621,3825.9001997958953,1465
8747.0,2845,0,0,1,6.308534988388666,551.5195079086116,3826.2103524192908,1443
8748.0,2845,0,0,0,6.3133373665590105,551.1750439367311,3826.9020159510387,1439
8749.0,2845,0,0,0,6.3160396021564695,550.8727592267136,3827.593113370468,1433
8750.0,2845,0,0,0,6.331720798752705,550.5434094903339,3828.283662202721,1442
8751.0,2844,0,0,1,6.336468696636284,550.3962728551336,3829.084990432831,1421
8752.0,2843,0,0,1,6.336715999710583,550.253605346465,3829.8477937669445,1441
8753.0,2843,0,0,0,6.33401724833835,550.0562785789659,3830.5393782433375,1433
8754.0,2842,0,0,1,6.339352193885297,550.0337790288529,3831.2915565932653,1424
8755.0,2841,0,0,1,6.327408028627771,549.8335093277016,3831.5518001115984,1418
8756.0,2841,0,0,0,6.32509569001835,549.4744808166139,3832.243876965259,1407
8757.0,2841,0,1,1,6.293980613043421,549.311510031679,3831.843886078495,1410
8758.0,2841,0,0,0,6.289947450741639,549.0989088349173,3832.5376337986263,1402
8759.0,2841,0,0,0,6.26693536450735,548.7134811686026,3833.232022386599,1408
8760.0,2841,0,0,0,6.257464917296822,548.432594156987,3833.926918243177,1416
8761.0,2840,0,0,1,6.229989010334232,548.2397887323943,3835.014745680062,1400
8762.0,2840,0,0,0,6.222976765601534,548.1468309859155,3835.7104567606716,1390
8763.0,2838,0,0,2,6.21073896864974,548.3530655391121,3836.881957105238,1383
8764.0,2839,0,1,0,6.210637467133141,547.9686509334273,3836.225024542818,1382
8765.0,2837,0,0,2,6.211565542027641,548.3112442721184,3837.2326420417116,1382
8766.0,2836,0,0,1,6.216814092800725,548.3307475317348,3838.254364842382,1374
8767.0,2835,0,0,1,6.224178451373222,548.3195767195767,3839.036122322792,1368
8768.0,2830,0,0,5,6.182119310146902,549.1190812720848,3841.4625297494804,1360
8769.0,2829,0,1,2,6.131573243926002,549.0880169671262,3841.658792463016,1368
8770.0,2829,0,0,0,6.115127523482186,548.7882644043832,3842.3589422387417,1362
8771.0,2826,0,0,3,6.064651997634244,549.4324133050247,3843.513509621468,1368
8772.0,2825,0,0,1,6.011431951097497,549.5702654867257,3843.2881594234914,1384
8773.0,2824,0,0,1,5.959217525955973,549.8123229461756,3844.1303566340225,1394
8774.0,2823,0,0,1,5.906056177586692,549.9624512929507,3843.9880620759623,1397
8775.0,2823,0,1,1,5.8711825031699645,550.0141693234148,3843.5326428938447,1405
8776.0,2823,0,0,0,5.812768986249949,549.878498051718,3844.25477473892,1414
8777.0,2821,0,0,2,5.758370061907716,550.3899326479972,3844.0012980643633,1440
8778.0,2821,0,0,0,5.733282125505573,550.4345976604042,3844.7286457589025,1456
8779.0,2821,0,0,0,5.70050574756146,550.483161999291,3845.4568366174253,1475
8780.0,2821,0,0,0,5.676515530517042,550.4930875576036,3846.1876504777956,1492
8781.0,2818,0,0,3,5.627945354313861,551.167139815472,3847.976349343799,1511
8782.0,2818,0,0,0,5.612624321952038,551.2870830376153,3848.7113340246847,1532
8783.0,2819,0,2,1,5.5766699977910905,551.2273855977297,3847.326226968999,1553
8784.0,2817,0,0,2,5.534707397688806,551.7941072062478,3847.3135024997637,1580
8785.0,2817,0,0,0,5.509304967984334,552.0152644657437,3848.0549065213927,1579
8786.0,2814,0,0,3,5.466180553732466,552.9594882729211,3849.112893566905,1599
8787.0,2815,0,1,0,5.434904414708646,552.9825932504441,3848.4922452183396,1617
8788.0,2814,0,0,1,5.391486144335113,553.4843638948116,3849.4284426831987,1626
8789.0,2813,0,0,1,5.356074170927577,554.0263064344117,3850.288687919579,1648
8790.0,2814,0,1,0,5.320718473212148,554.1176261549396,3849.6750989154334,1663
8791.0,2813,0,0,1,5.260744515858598,554.6683256309989,3849.997966471752,1684
8792.0,2813,0,0,0,5.216897853815422,555.0817632420903,3850.7603267599998,1708
8793.0,2813,0,0,0,5.180759588565886,555.4361891219339,3851.5247004180897,1728
8794.0,2813,0,1,1,5.134589323083369,555.7561322431568,3850.665027580013,1732
8795.0,2812,0,0,1,5.096433029267973,556.3456614509246,3851.953723197533,1740
8796.0,2815,0,3,0,5.088377968443659,556.0955595026643,3848.61801030474,1748
8797.0,2815,0,0,0,5.070852724061321,556.5385435168739,3849.3888197289307,1763
8798.0,2815,0,0,0,5.0563358072859925,556.9538188277087,3850.161174295948,1766
8799.0,2815,0,0,0,5.0253389098310555,557.3158081705151,3850.9355972035482,1775
8800.0,2817,0,2,0,4.997829811455672,557.4004259850906,3848.978157260733,1789
8801.0,2816,0,0,1,4.975034881195251,558.1143465909091,3849.9355309414063,1810
8802.0,2816,0,0,0,4.956596238263064,558.5980113636364,3850.7151054531273,1828
8803.0,2817,0,2,1,4.956802720563958,558.8690095846646,3848.3271895401945,1830
8804.0,2818,0,1,0,4.938059956479604,559.1958836053939,3847.7427967996728,1849
8805.0,2818,0,0,0,4.923894262116121,559.7313697657913,3848.5260433552203,1860
8806.0,2819,0,1,0,4.9040421894572175,560.0244767648102,3847.9461311490822,1865
8807.0,2819,0,0,0,4.89569743110137,560.5264278112805,3848.731770060684,1871
8808.0,2820,0,1,0,4.880201433302774,560.8340425531915,3848.1548459699998,1880
8809.0,2820,0,0,0,4.875514717828431,561.3925531914894,3848.9441737682187,1886
8810.0,2821,0,1,0,4.866638154110208,561.7263381779511,3848.3703753052414,1892
8811.0,2823,0,2,0,4.844644908786317,561.9068366985476,3846.4354025612997,1902
8812.0,2823,0,0,0,4.832121241315108,562.4605030109813,3847.2280094540856,1911
8813.0,2823,0,1,1,4.7968946386643605,563.0,3846.2670232937417,1915
8814.0,2823,0,0,0,4.776159532739753,563.5890896209706,3847.0650383833713,1932
8815.0,2824,0,1,0,4.74584765224556,563.9118271954674,3846.5014828176345,1932
8816.0,2824,0,0,0,4.734822870462044,564.525849858357,3847.3017979443116,1948
8817.0,2824,0,0,0,4.725852760182301,565.0481586402266,3848.103073289592,1943
8818.0,2825,0,1,0,4.701142808364244,565.3755752212389,3847.5438451165246,1957
8819.0,2825,0,0,0,4.680919860487161,565.9398230088495,3848.3484277768875,1962
8820.0,2823,0,0,2,4.653139389410304,566.8278427205101,3849.182913691762,1973
8821.0,2823,0,0,0,4.719800408625601,565.4388947927737,3849.984287437682,1865
8822.0,2822,0,0,1,4.8085741899938395,564.6874557051736,3850.7030766469143,1799
8823.0,2820,0,0,2,4.911349609377479,564.4890070921986,3852.2360227988684,1748
8824.0,2820,0,0,0,5.05577940037519,563.8776595744681,3853.0133580394117,1689
8825.0,2819,0,0,1,5.221580192978597,563.5956012770486,3853.3674314074856,1643
8826.0,2819,0,0,0,5.385627788522362,563.2724370344093,3854.1228828272324,1607
8827.0,2819,0,0,0,5.549896981844493,563.0326356864136,3854.8692712115635,1578
8828.0,2819,0,0,0,5.694866812764669,562.7587797091167,3855.6053463503026,1546
8829.0,2818,0,0,1,5.825994571664545,562.6916252661462,3856.0801355973867,1517
8830.0,2818,0,0,0,5.942463588682056,562.5752306600426,3856.800640364074,1510
8831.0,2818,0,0,0,6.048019880340348,562.4609652235628,3857.514996457269,1499
8832.0,2818,0,0,0,6.108915874327776,562.3136976579134,3858.225184215161,1474
8833.0,2818,0,0,0,6.182952211338634,562.2487579843861,3858.9301970518054,1458
8834.0,2817,0,0,1,6.22928874233704,562.3177138800143,3860.058751067151,1430
8835.0,2817,0,0,0,6.287158761481722,562.3365282215123,3860.7566680082623,1430
8836.0,2815,0,0,2,6.333824374520296,562.6259325044405,3861.88806858167,1416
8837.0,2815,0,0,0,6.371072717825062,562.6266429840142,3862.5801724207463,1413
8838.0,2815,0,0,0,6.4090116019627255,562.649378330373,3863.2697545748833,1410
8839.0,2815,0,0,0,6.416476831570601,562.5097690941385,3863.958313105055,1380
8840.0,2815,0,0,0,6.423573411273929,562.5136767317939,3864.6470673536805,1378
8841.0,2814,0,0,1,6.433678252372657,562.7555081734187,3865.5872238937395,1384
8842.0,2814,0,0,0,6.433607948498317,562.7651030561478,3866.2738553783865,1369
8843.0,2810,0,0,4,6.414768433934082,563.4957295373665,3866.648201217351,1353
8844.0,2809,0,0,1,6.418049136859088,563.7461730153079,3867.413624959437,1348
8845.0,2809,0,0,0,6.431286702769796,563.752936988252,3868.1000813015676,1357
8846.0,2809,0,0,0,6.425682517204921,563.745817016732,3868.7874318550002,1353
8847.0,2810,0,1,0,6.434386247582937,563.5231316725979,3868.098103334908,1351
8848.0,2810,0,0,0,6.449120732020768,563.453024911032,3868.784893102021,1345
8849.0,2810,0,0,0,6.458952611247967,563.5092526690391,3869.4709968930983,1346
8850.0,2810,0,0,0,6.45451132153928,563.5174377224199,3870.1583572786276,1342
8851.0,2810,0,0,0,6.433594790190896,563.4281138790036,3870.8475510716194,1330
8852.0,2808,0,0,2,6.399807759242966,563.8685897435897,3872.205377681363,1346
8853.0,2809,0,1,0,6.375902092425823,563.6489854040584,3871.5203298786832,1356
8854.0,2809,0,0,0,6.3632828187261525,563.630829476682,3872.2156793736604,1351
8855.0,2809,0,0,0,6.342751305166706,563.6354574581702,3872.911991198001,1361
8856.0,2808,0,0,1,6.349945785070197,563.9095441595441,3873.442776926157,1377
8857.0,2807,0,0,1,6.325309746334031,564.1524759529747,3874.2691095386353,1380
8858.0,2806,0,0,1,6.298732736533611,564.5185317177477,3875.1204114015773,1386
8859.0,2807,0,1,0,6.291904238818009,564.4599216245101,3874.43901744464,1394
8860.0,2807,0,0,0,6.27436559625222,564.6237976487353,3875.1399639085994,1402
8861.0,2804,0,0,3,6.216700124137669,565.3505706134094,3875.308734585667,1403
8862.0,2804,0,0,0,6.179758576400578,565.5292439372325,3876.015586004946,1408
8863.0,2803,0,0,1,6.126314227627023,565.9496967534784,3876.7691988342563,1421
8864.0,2802,0,0,1,6.060327040130486,566.3576017130621,3877.5028601447625,1425
8865.0,2801,0,1,2,5.989430996402772,566.8114958943235,3877.366055173805,1441
8866.0,2799,0,0,2,5.945465259175109,567.3876384423008,3878.7156354278645,1460
8867.0,2798,0,0,1,5.894428041529579,567.7769835596855,3879.2597380892616,1480
8868.0,2797,0,0,1,5.854926067118587,568.1991419377905,3879.4641228239634,1502
8869.0,2795,0,0,2,5.806567738471616,568.8708407871198,3879.0668703237907,1525
8870.0,2795,0,0,0,5.791267139686615,569.1302325581395,3879.799877650811,1538
8871.0,2795,0,0,0,5.759320620158894,569.4626118067979,3880.535089808356,1555
8872.0,2796,0,1,0,5.744812670019521,569.4105865522174,3879.8837050828693,1565
8873.0,2795,0,2,3,5.681266644768071,569.9087656529517,3878.463589442091,1577
8874.0,2794,0,0,1,5.618875880429838,570.4556191839656,3878.658376247148,1589
8875.0,2793,0,0,1,5.550437783446518,570.9874686716792,3879.5186670616313,1597
8876.0,2792,0,0,1,5.504045767679411,571.5823782234957,3880.9791275716966,1621
8877.0,2793,0,1,0,5.467465706823999,571.7558181167203,3880.3431925928976,1644
8878.0,2793,0,0,0,5.430592797084418,572.1349803079127,3881.099744737409,1658
8879.0,2791,0,1,3,5.39318281579531,572.9462558222859,3881.4585750451215,1675
8880.0,2789,0,0,2,5.364782809681214,573.7400501972033,3882.7118533837292,1694
8881.0,2788,0,0,1,5.339836603475563,574.3733859397418,3883.7734915164046,1712
8882.0,2787,0,1,2,5.325990053786053,574.9960531036958,3883.155195458078,1727
8883.0,2785,0,0,2,5.288117360136818,575.8201077199282,3883.6350536723285,1733
8884.0,2784,0,0,1,5.282531256019839,576.4525862068965,3884.2592536485827,1749
8885.0,2783,0,0,1,5.248506621406132,577.1279195113187,3884.5268143634235,1770
8886.0,2782,0,1,2,5.205920318716672,577.78360891445,3883.7172787602926,1776
8887.0,2783,0,1,0,5.149872707865789,578.0201221703198,3883.098275003102,1793
8888.0,2783,0,0,0,5.1108614638217125,578.4469996406756,3883.877783390337,1806
8889.0,2784,0,1,0,5.088411504701003,578.7316810344828,3883.2633677160725,1831
8890.0,2784,0,0,0,5.055191087600785,579.2557471264367,3884.0475264793185,1837
8891.0,2784,0,0,0,5.017861450338079,579.7543103448276,3884.8332093537615,1861
8892.0,2783,0,0,1,4.985808821240181,580.4782608695652,3885.213856063761,1866
8893.0,2783,0,1,1,4.954510086684572,581.0449155587495,3884.980329912644,1887
8894.0,2783,0,0,0,4.920600562154942,581.6112109234639,3885.7732717335216,1898
8895.0,2782,0,0,1,4.89544328804023,582.3274622573688,3886.236259012637,1918
8896.0,2783,0,1,0,4.860671286238547,582.7243981315128,3885.6366761782792,1933
8897.0,2783,0,0,0,4.831409771788064,583.300395256917,3886.4364532023305,1946
8898.0,2783,0,0,0,4.818414242131725,583.9177146963708,3887.2371039716495,1964
8899.0,2783,0,0,0,4.805703266054558,584.4164570607259,3888.0389517300137,1974
8900.0,2783,0,0,0,4.792132617609973,584.9690980955803,3888.8421967774007,1982
8901.0,2784,0,1,0,4.7749228711103235,585.3595545977012,3888.2503803101886,1987
8902.0,2784,0,0,0,4.765374705706245,585.9177442528736,3889.0559717957926,1992
8903.0,2784,0,0,0,4.757145663292146,586.3035201149426,3889.862570991531,1984
8904.0,2784,0,0,0,4.731965701423134,586.8045977011494,3890.6713148692847,1993
8905.0,2783,0,0,1,4.710775204030044,587.498742364355,3891.5080014504183,1991
8906.0,2783,0,0,0,4.698102367730523,588.0273086597198,3892.317914639793,1999
8907.0,2783,0,0,0,4.692785521998628,588.5720445562342,3893.127871043502,2002
8908.0,2783,0,0,0,4.672257489097798,589.1067193675889,3893.9398119233374,2012
8909.0,2782,0,0,1,4.638604775360994,589.7918763479511,3895.0675840054387,2004
8910.0,2781,0,0,1,4.626178431417415,590.504854368932,3895.9992209991588,2016
8911.0,2780,0,0,1,4.682471098854254,589.2107913669065,3897.4808509397412,1911
8912.0,2780,0,0,0,4.799121984725903,588.3751798561151,3898.2837197497124,1852
8913.0,2779,0,0,1,4.94363917573869,587.8359121986326,3899.7430663967307,1785
8914.0,2777,0,0,2,5.099779044713033,587.6874324810947,3901.246802655538,1742
8915.0,2777,0,1,1,5.279920385624149,587.0345696795102,3901.150832448425,1688
8916.0,2776,0,0,1,5.455644859297195,586.7518011527377,3901.998200911489,1635
8917.0,2776,0,0,0,5.640056737546114,586.3717579250721,3902.7434250707133,1596
8918.0,2775,0,0,1,5.802970409850112,586.158918918919,3903.325469569761,1571
8919.0,2775,0,0,0,5.9479948079562694,586.0018018018018,3904.051866323451,1559
8920.0,2775,0,0,0,6.068372835997303,585.8421621621621,3904.770181673117,1543
8921.0,2774,0,0,1,6.150092693769141,585.9260994953137,3905.5486916848117,1528
8922.0,2773,0,0,1,6.225684839882967,586.048683736026,3906.2472059339457,1511
8923.0,2771,0,0,2,6.29853737307146,586.4507398051245,3906.265817079631,1497
8924.0,2771,0,0,0,6.363721413108005,586.18765788524,3906.9660823349277,1486
8925.0,2771,0,0,0,6.4178049626215,585.9278238902923,3907.662756825705,1458
8926.0,2771,0,0,0,6.470236752328396,585.6961385781307,3908.3556948386445,1446
8927.0,2770,0,0,1,6.499583714548086,585.6162454873646,3909.2606178177734,1429
8928.0,2769,0,0,1,6.527950346682528,585.6778620440592,3909.7037427136524,1426
8929.0,2768,0,0,1,6.532528573653195,585.7778179190751,3909.9195112123653,1413
8930.0,2768,0,0,0,6.543503226719197,585.6282514450867,3910.6073825794742,1402
8931.0,2768,0,0,0,6.548684567761111,585.6618497109827,3911.294706670918,1402
8932.0,2767,0,0,1,6.538643569855215,585.774485001807,3911.874172346477,1393
8933.0,2767,0,0,0,6.53306290485965,585.616190820383,3912.562107586068,1395
8934.0,2767,0,0,0,6.507454682796825,585.4260932417781,3913.2512021012903,1398
8935.0,2767,0,0,0,6.481060241300637,585.1384170581857,3913.9417125077366,1382
8936.0,2766,0,0,1,6.455623199876271,585.0748373101952,3914.127138592775,1388
8937.0,2766,0,1,1,6.447005624657096,584.7172812725958,3913.5895601041807,1377
8938.0,2764,0,0,2,6.429196424815963,584.8958031837916,3913.2493093662015,1376
8939.0,2763,0,0,1,6.42734803638411,584.8621064060803,3913.5792063515573,1382
8940.0,2762,0,0,1,6.416815108863967,584.9275887038378,3914.2387224401136,1375
8941.0,2762,0,0,0,6.4128694797546935,584.7538015930485,3914.9327708882383,1369
8942.0,2762,0,0,0,6.409613002858216,584.5376538740044,3915.6265898719093,1361
8943.0,2761,0,1,2,6.402116493637861,584.7703730532415,3914.5657130849563,1357
8944.0,2760,0,0,1,6.419520437646498,584.820652173913,3916.36077111914,1357
8945.0,2760,0,0,0,6.425798531350183,584.811231884058,3917.0528543893074,1363
8946.0,2759,0,0,1,6.425823944655331,585.0148604566872,3918.724949104501,1367
8947.0,2758,0,0,1,6.4046408990212775,585.2345902828137,3919.5349660039574,1378
8948.0,2757,0,0,1,6.385609907522107,585.3757707653247,3919.848841147525,1380
8949.0,2758,0,1,0,6.382009870331303,585.1928934010152,3919.122473803798,1388
8950.0,2758,0,0,0,6.337965020693567,585.1943437273386,3919.821393505271,1399
8951.0,2756,0,0,2,6.283190402284371,585.7238751814224,3921.094975923951,1413
8952.0,2756,0,0,0,6.2377202868826025,585.8436139332366,3921.8002875464995,1426
8953.0,2755,0,0,1,6.182043474629285,586.0450090744101,3922.360453701782,1423
8954.0,2755,0,0,0,6.12715806311421,586.0932849364791,3923.0731242227453,1424
8955.0,2755,0,0,0,6.096667999024176,586.1368421052632,3923.7879276073427,1432
8956.0,2754,0,0,1,6.053216636243488,586.4121278140886,3924.5317588065222,1432
8957.0,2753,0,1,2,6.001724977160653,586.5721031601889,3923.5068681402536,1443
8958.0,2750,0,0,3,5.960682145501622,587.1338181818181,3924.5873563550717,1452
8959.0,2748,0,0,2,5.9078513963869606,587.5818777292576,3925.1506651204686,1469
8960.0,2748,0,0,0,5.865471864811894,587.7823871906842,3925.8819104178588,1489
8961.0,2748,0,1,1,5.816162472872853,588.0505822416303,3925.665230418922,1511
8962.0,2746,0,0,2,5.770885948178128,588.717042971595,3927.0647094376272,1534
8963.0,2746,0,1,1,5.736688950224756,588.9249817916971,3927.1756869265187,1544
8964.0,2745,0,1,2,5.699087255398537,589.4116575591985,3926.348075398496,1560
8965.0,2745,0,2,2,5.654528584886743,589.6765027322405,3925.2300779740485,1572
8966.0,2745,0,1,1,5.604313694169208,589.9111111111112,3924.70328447851,1586
8967.0,2743,0,0,2,5.5532304607751515,590.6008020415603,3926.5032428350155,1609
8968.0,2744,0,1,0,5.526854505603294,590.7507288629738,3925.824708059233,1622
8969.0,2744,0,0,0,5.499658205154403,591.1337463556852,3926.5805109925,1646
8970.0,2744,0,0,0,5.4812026085798005,591.3822886297376,3927.3372417353594,1663
8971.0,2745,0,1,0,5.443292581678882,591.5369763205829,3926.6655304988617,1670
8972.0,2744,0,0,1,5.405822023047512,592.137026239067,3926.498605975851,1687
8973.0,2744,0,1,1,5.3518875280181994,592.4974489795918,3926.5564887254727,1701
8974.0,2745,0,1,0,5.317889195714091,592.5540983606558,3925.8916516824015,1711
8975.0,2743,0,0,2,5.263544641972629,593.3084214363835,3927.5867814568296,1721
8976.0,2743,0,1,1,5.240380042288961,593.5461173897193,3927.285303803267,1736
8977.0,2742,0,1,2,5.195133350460664,594.0532458059811,3926.3440673648734,1752
8978.0,2740,0,0,2,5.168290603833521,594.8521897810219,3927.769264480778,1767
8979.0,2740,0,1,1,5.1352562941491104,595.3204379562044,3927.8267706978704,1781
8980.0,2740,0,1,1,5.107417444380062,595.7299270072992,3927.2396346506384,1791
8981.0,2739,0,0,1,5.0693805134137,596.3742241694049,3928.9591201228404,1803
8982.0,2739,0,2,2,5.038341282760656,596.8017524644031,3927.2231684479134,1823
8983.0,2739,0,0,0,5.010888310808633,597.2552026286966,3928.012944964166,1850
8984.0,2737,0,0,2,4.982699991092439,598.1213006941907,3929.660279384497,1868
8985.0,2736,0,0,1,4.97622452329714,598.8099415204679,3931.4317066898816,1869
8986.0,2736,0,0,0,4.970863158738564,599.2397660818714,3932.2253781489517,1869
8987.0,2736,0,0,0,4.962025313791068,599.6290204678363,3933.020221852248,1880
8988.0,2736,0,0,0,4.936845329067023,600.1334064327485,3933.8163907420203,1896
8989.0,2735,0,0,1,4.910303563255646,600.8530164533821,3934.3073987567295,1907
8990.0,2735,0,0,0,4.891524553629052,601.3846435100548,3935.106524768356,1917
8991.0,2734,0,1,2,4.872225500623097,602.0940014630578,3934.200743410455,1915
8992.0,2732,0,0,2,4.85590492186319,603.0933382137628,3934.4233048601923,1926
8993.0,2732,0,0,0,4.830584330052106,603.5721083455344,3935.2271101990195,1942
8994.0,2731,0,0,1,4.818527903088243,604.1475649945075,3935.469186435057,1934
8995.0,2731,0,0,0,4.816495454998103,604.5261808861223,3936.273704866301,1943
8996.0,2731,0,0,0,4.807512997532908,604.9417795679238,3937.0792228461073,1951
8997.0,2730,0,0,1,4.780036701167385,605.6915750915751,3937.9556696766094,1962
8998.0,2729,0,0,1,4.7615357611382905,606.2960791498717,3939.8144568815565,1961
8999.0,2729,0,0,0,4.74986318128537,606.6844998167827,3940.6233478072245,1970
9000.0,2729,0,0,0,4.746048451204518,607.1806522535727,3941.4322253810074,1969
9001.0,2729,0,0,0,4.820691515840343,605.8534261634298,3942.2349230480986,1857
9002.0,2729,0,0,0,4.933805706921837,604.9820447050201,3943.0300628659465,1780
9003.0,2728,0,0,1,5.050353741040772,604.7507331378299,3943.872719686003,1729
9004.0,2728,0,0,0,5.2180620281809285,604.0876099706745,3944.647996876511,1677
9005.0,2728,0,0,0,5.383283864902443,603.7008797653959,3945.4126128778544,1639
9006.0,2728,0,0,0,5.56428285697395,603.2848240469208,3946.1658994771383,1607
9007.0,2728,0,0,0,5.718019818096902,603.0425219941349,3946.9079979898706,1576
9008.0,2728,0,0,0,5.8765169946127855,602.8610703812317,3947.6403930678157,1546
9009.0,2726,0,0,2,6.002563442429571,603.081438004402,3949.23547517056,1516
9010.0,2724,0,0,2,6.089546071231963,603.3006607929516,3950.1805227004224,1491
9011.0,2725,0,1,0,6.169440482167615,602.9625688073395,3949.4442860420418,1470
9012.0,2723,0,0,2,6.2129342455556875,603.1773778920309,3950.118851546305,1461
9013.0,2722,0,0,1,6.2588398305764334,603.447097722263,3951.790010090134,1456
9014.0,2722,0,1,1,6.297195586222665,603.2582659808965,3950.6033003564944,1444
9015.0,2720,0,0,2,6.331631699761894,603.6341911764706,3952.744264691121,1444
9016.0,2718,0,0,2,6.365768002813752,603.9153789551141,3952.5606317926477,1422
9017.0,2719,0,1,0,6.402261528829196,603.459727841118,3951.803296452211,1404
9018.0,2719,0,0,0,6.436349526692207,603.2401618242001,3952.4966894587074,1386
9019.0,2718,0,0,1,6.462163531898969,603.3892568064754,3953.59977650137,1373
9020.0,2717,0,0,1,6.493147426949418,603.5553919764446,3954.4282545770798,1356
9021.0,2716,0,0,1,6.50946303328953,603.6159793814433,3955.0559929704586,1353
9022.0,2716,0,1,1,6.509513515256652,603.7039764359351,3953.8526744077453,1356
9023.0,2716,0,0,0,6.527145060685991,603.6097201767304,3954.54256113365,1346
9024.0,2715,0,0,1,6.503967267044613,603.7963167587477,3956.367268578879,1325
9025.0,2713,0,0,2,6.467549337626562,604.2712863988205,3956.4585019676692,1333
9026.0,2713,0,0,0,6.471538045616749,604.1997788426097,3957.150209033874,1324
9027.0,2714,0,1,0,6.461590143921286,603.9642593957259,3956.3843421885263,1333
9028.0,2713,0,0,1,6.467419886959896,604.1105786951714,3957.245099338092,1329
9029.0,2712,0,0,1,6.447388446043861,604.3960176991151,3958.1058710106267,1336
9030.0,2712,0,0,0,6.426148951661225,604.3805309734513,3958.7996067267904,1336
9031.0,2712,0,0,0,6.402238841568686,604.3115781710915,3959.492985152989,1347
9032.0,2712,0,0,0,6.410341225514623,604.3281710914455,3960.1872641235236,1337
9033.0,2711,0,0,1,6.391756735118511,604.4345260051641,3960.828802624368,1326
9034.0,2710,0,1,2,6.3639814094093285,604.6420664206642,3960.161436138302,1333
9035.0,2710,0,0,0,6.376255114937901,604.590405904059,3960.8586427224923,1313
9036.0,2709,0,0,1,6.380916657200374,604.8966408268734,3960.774282253442,1334
9037.0,2706,0,0,3,6.360034879558987,605.6378418329638,3960.7758042582695,1353
9038.0,2706,0,0,0,6.341953071240683,605.8155949741316,3961.4752927763334,1373
9039.0,2705,0,1,2,6.2908791004631235,606.1404805914972,3961.079997570533,1377
9040.0,2705,0,0,0,6.266894342794777,606.3260628465804,3961.784189357494,1381
9041.0,2704,0,0,1,6.252733118162399,606.7204142011834,3961.887651284897,1389
9042.0,2703,0,0,1,6.238402047822949,607.1368849426563,3962.272181896094,1396
9043.0,2700,0,0,3,6.215192288304063,607.9929629629629,3964.1267470486937,1395
9044.0,2701,0,1,0,6.200682897899391,607.8600518326546,3963.3685556052205,1399
9045.0,2699,0,0,2,6.164480318507384,608.5587254538718,3963.862801685533,1418
9046.0,2699,0,0,0,6.123948939856132,608.6772878844016,3964.579365302692,1417
9047.0,2699,0,0,0,6.1074998402805605,608.887736198592,3965.2965438892743,1446
9048.0,2698,0,0,1,6.058523457466412,609.2483320978503,3967.139999652715,1460
9049.0,2696,0,0,2,6.013698025211382,610.0029673590504,3968.0710249668377,1490
9050.0,2695,0,0,1,5.975439839243734,610.4727272727273,3969.201035957927,1505
9051.0,2694,0,1,2,5.947934778640787,610.9495174461767,3968.441360233753,1522
9052.0,2692,0,0,2,5.921852271306586,611.6664190193165,3970.7347807389183,1533
9053.0,2690,0,0,2,5.903146291488673,612.4256505576208,3971.517294080664,1555
9054.0,2690,0,2,2,5.86324735097409,612.7981412639405,3969.7756422888237,1563
9055.0,2688,0,0,2,5.838419945255335,613.7232142857143,3970.9789571576207,1590
9056.0,2685,0,0,3,5.793227480793274,614.8495344506517,3971.396172731326,1615
9057.0,2684,0,0,1,5.758454656893121,615.4251117734724,3972.1292006376325,1623
9058.0,2684,0,1,1,5.6991977452999425,615.8096125186289,3971.254880168927,1636
9059.0,2682,0,0,2,5.649764361981799,616.6428038777032,3970.982001158455,1646
9060.0,2678,0,0,4,5.565975109234648,618.0007468259895,3972.1811316220933,1667
9061.0,2677,0,0,1,5.511613170092956,618.6992902502801,3973.2312718974854,1691
9062.0,2677,0,0,0,5.456509160625101,619.0915203586104,3973.9905142410107,1711
9063.0,2677,0,0,0,5.41697790858032,619.5808741128128,3974.751315988972,1723
9064.0,2677,0,0,0,5.3604006288412,619.9144564811356,3975.5157764826213,1725
9065.0,2679,0,2,0,5.338364825499666,619.7607316162747,3973.3123570073817,1730
9066.0,2679,0,0,0,5.311883158693349,620.0683090705487,3974.080356702091,1737
9067.0,2679,0,0,0,5.291359098586495,620.3206420306084,3974.848097644673,1730
9068.0,2679,0,0,0,5.254851015634662,620.7390817469205,3975.618331898719,1738
9069.0,2678,0,0,1,5.209380432822621,621.3764002987303,3976.48042443851,1750
9070.0,2677,0,0,1,5.1655968628455735,621.894658199477,3976.9339611146384,1746
9071.0,2676,0,0,1,5.114321037055637,622.5657698056801,3976.621961303257,1761
9072.0,2676,0,2,2,5.060656031335049,622.9263826606876,3976.015295338973,1764
9073.0,2676,0,0,0,5.025033942836423,623.3124065769806,3976.8001897500267,1782
9074.0,2675,0,0,1,4.9913475523917405,624.0269158878505,3977.3104258783787,1801
9075.0,2675,0,0,0,4.96400574087593,624.4571962616823,3978.0993639528397,1806
9076.0,2675,0,0,0,4.966819949146398,624.9248598130841,3978.8888112816585,1813
9077.0,2674,0,0,1,4.953120919089589,625.6522064323111,3979.6737856881564,1827
9078.0,2675,0,1,0,4.946514897750219,625.9233644859813,3978.977695336658,1838
9079.0,2674,0,0,1,4.929218487096291,626.6709050112191,3980.773452752883,1848
9080.0,2673,0,0,1,4.897296293611867,627.4261129816686,3981.706112331795,1855
9081.0,2674,0,1,0,4.871032131495013,627.6791323859387,3981.0140666256193,1862
9082.0,2674,0,0,0,4.865372430714738,628.2135377711294,3981.811719725571,1882
9083.0,2674,0,0,0,4.856125063985783,628.7258788332086,3982.6106344445216,1882
9084.0,2675,0,1,0,4.844858288655024,629.0164485981309,3981.9211989663513,1886
9085.0,2675,0,0,0,4.839759495476731,629.4740186915888,3982.721648006836,1885
9086.0,2675,0,0,0,4.841031125607091,629.996261682243,3983.520969989465,1901
9087.0,2676,0,1,0,4.845182121013429,630.2683109118087,3982.831371029684,1902
9088.0,2675,0,0,1,4.839647945388178,631.0355140186916,3984.4830528969364,1899
9089.0,2673,0,0,2,4.818981710335153,632.1174710063599,3985.60329653222,1920
9090.0,2672,0,0,1,4.80668664945213,632.9505988023952,3986.619527916171,1933
9091.0,2673,0,1,0,4.899416710624143,631.2263374485597,3985.9239364646724,1815
9092.0,2673,0,0,0,5.016988409993802,630.2375607931164,3986.7114867840996,1737
9093.0,2674,0,1,0,5.149755974096708,629.205684367988,3985.9984336306425,1675
9094.0,2674,0,0,0,5.286860772572249,628.5912490650711,3986.767108509008,1637
9095.0,2674,0,0,0,5.440956393278076,627.9846671652955,3987.5246772420087,1596
9096.0,2674,0,0,0,5.596112666559504,627.4850411368736,3988.2714626811876,1556
9097.0,2674,0,0,0,5.744631623549369,627.121540762902,3989.00801721641,1519
9098.0,2674,0,0,0,5.87868812423543,626.8354525056096,3989.7356995474165,1508
9099.0,2672,0,0,2,5.980260849808902,626.9704341317365,3989.071062443028,1483
9100.0,2671,0,0,1,6.078280830804716,626.8214152002995,3990.1167014426255,1449
9101.0,2671,0,0,0,6.1535068573079865,626.8210408086859,3990.823898770899,1444
9102.0,2670,0,0,1,6.185648749328849,626.816479400749,3991.120211599045,1424
9103.0,2670,0,0,0,6.240468855761147,626.6996254681648,3991.820369751139,1408
9104.0,2669,0,0,1,6.271522130910121,626.7766953915324,3992.55232452101,1392
9105.0,2669,0,1,1,6.2809102648256525,626.6088422630198,3992.4203835863023,1381
9106.0,2669,0,0,0,6.296487353360977,626.5908579992506,3993.114254715063,1380
9107.0,2668,0,0,1,6.300067799420909,626.8159670164918,3993.7330197714728,1381
9108.0,2668,0,0,0,6.322703149754244,626.8913043478261,3994.4240597909143,1378
9109.0,2665,0,0,3,6.314194600667971,627.6112570356473,3997.2091238860025,1360
9110.0,2665,0,0,0,6.332993395289121,627.6420262664166,3997.8988985947585,1351
9111.0,2665,0,0,0,6.353412537892922,627.7080675422139,3998.58601179087,1343
9112.0,2665,0,0,0,6.367668029841737,627.7741088180113,3999.273048696201,1339
9113.0,2665,0,0,0,6.38809033777037,627.8213883677298,3999.9593982232514,1341
9114.0,2665,0,0,0,6.3921364330155335,627.9440900562852,4000.645823074317,1349
9115.0,2664,0,0,1,6.378880165362307,628.2533783783783,4000.9162175094643,1345
9116.0,2665,0,1,0,6.363507136332048,628.0863039399625,4000.103155386005,1353
9117.0,2663,0,0,2,6.35405081265962,628.5873075478784,4001.8500309134693,1354
9118.0,2662,0,0,1,6.337628425440764,628.8779113448535,4001.9687120738768,1354
9119.0,2661,0,0,1,6.322325841584731,629.2322435174747,4002.4080274439593,1366
9120.0,2660,0,0,1,6.303665782223031,629.584962406015,4003.840824707858,1377
9121.0,2660,0,0,0,6.305734148576008,629.5932330827068,4004.5350397556763,1395
9122.0,2659,0,0,1,6.27590534979068,629.8270026325687,4005.0857999913314,1391
9123.0,2659,0,1,1,6.245942130898053,629.8627303497556,4004.243992418882,1395
9124.0,2658,0,0,1,6.220984945314984,630.2799097065463,4004.9279204406107,1411
9125.0,2657,0,0,1,6.206938090842107,630.6285284155063,4005.853086006044,1413
9126.0,2655,0,0,2,6.182837195238669,631.2248587570622,4006.957684536655,1413
9127.0,2654,0,0,1,6.142622317983916,631.6431801055011,4007.6143380167573,1411
9128.0,2654,0,0,0,6.12224302827565,631.8507912584778,4008.320199428682,1424
9129.0,2655,0,1,0,6.109981899796604,631.857627118644,4007.516679420757,1439
9130.0,2654,0,0,1,6.106163239178313,632.3522984174831,4008.4938118603473,1438
9131.0,2654,0,0,0,6.082474541586291,632.6838733986435,4009.2028975554804,1449
9132.0,2653,0,0,1,6.0434640754802205,633.1183565774595,4009.3827756157675,1453
9133.0,2652,0,0,1,6.000311055412272,633.48604826546,4010.260402167389,1462
9134.0,2650,0,0,2,5.945901569077076,634.2207547169811,4010.2110658229485,1472
9135.0,2650,0,1,1,5.904569786444446,634.4660377358491,4009.378279340894,1474
9136.0,2648,0,0,2,5.847023230768447,635.1869335347432,4009.843949188679,1497
9137.0,2648,0,0,0,5.846845416759616,635.3255287009064,4010.5693298695037,1507
9138.0,2645,0,0,3,5.811491797543865,636.1962192816635,4012.154539175564,1497
9139.0,2645,0,0,0,5.776874838863499,636.4294896030245,4012.8837146588007,1510
9140.0,2642,0,0,3,5.719596115037117,637.284254352763,4015.008272473717,1506
9141.0,2641,0,2,3,5.684865364534447,637.8057553956835,4014.562689885332,1529
9142.0,2641,0,0,0,5.653514431247542,638.0087088224158,4015.300183341592,1526
9143.0,2640,0,0,1,5.63815789790615,638.6022727272727,4016.010678018901,1548
9144.0,2639,0,0,1,5.613808714343873,639.1652140962486,4016.101272167941,1563
9145.0,2641,0,2,0,5.581058470929149,639.0200681560016,4013.801223445695,1571
9146.0,2641,0,0,0,5.560229395122552,639.3877319197273,4014.5451694092426,1599
9147.0,2639,0,0,2,5.5067051434322005,640.2334217506632,4015.9829641679175,1614
9148.0,2639,0,1,1,5.464213294366552,640.6150056839712,4014.3445403515657,1624
9149.0,2638,0,0,1,5.415477251419125,641.2611827141774,4015.8374639900176,1638
9150.0,2637,0,0,1,5.372342391991059,641.9582859309821,4017.730605604703,1643
9151.0,2637,0,1,1,5.346843616128042,642.3488813045127,4016.5647189012534,1648
9152.0,2637,0,0,0,5.302755519648593,642.7049677664012,4017.32441099513,1653
9153.0,2636,0,0,1,5.264344597350443,643.4006069802731,4018.0292507485037,1672
9154.0,2638,0,2,0,5.23425044131513,643.3669446550417,4015.7468266021397,1691
9155.0,2637,0,0,1,5.193709607523877,644.0428517254455,4016.858647908634,1703
9156.0,2637,0,1,1,5.171747459427583,644.4349639742131,4016.4618465548447,1704
9157.0,2638,0,2,1,5.154379823626922,644.5132676269901,4014.1786364552136,1705
9158.0,2638,0,0,0,5.131343156853693,645.0022744503411,4014.9513379407813,1716
9159.0,2637,0,0,1,5.095108398364817,645.6822146378461,4016.9340719237525,1730
9160.0,2637,0,0,0,5.07981240865839,646.0565036025787,4017.710590843817,1737
9161.0,2639,0,2,0,5.04424361458272,645.9946949602122,4015.444306832159,1735
9162.0,2638,0,0,1,5.0093630510268925,646.683093252464,4017.031962806285,1749
9163.0,2638,0,1,1,4.985327539771357,647.2441243366186,4016.1740583472483,1770
9164.0,2638,0,0,0,4.962112008664143,647.7729340409401,4016.9597692255743,1784
9165.0,2637,0,0,1,4.941155395514408,648.6006825938566,4018.4506772407385,1811
9166.0,2637,0,1,1,4.920301813120767,649.1092150170648,4018.8324463294402,1823
9167.0,2636,0,0,1,4.895255732323475,649.9036418816388,4020.42868037951,1833
9168.0,2636,0,1,1,4.884329639025288,650.4449924127466,4019.3899245982416,1849
9169.0,2635,0,0,1,4.881219398196216,651.2208728652752,4020.3649765079485,1853
9170.0,2635,0,1,1,4.871602099766066,651.7981024667931,4020.038300394911,1859
9171.0,2633,0,0,2,4.853475729661428,652.785795670338,4020.561090475203,1861
9172.0,2633,0,0,0,4.841650515538971,653.3224458792253,4021.3573240666474,1859
9173.0,2630,0,0,3,4.821821288561513,654.6114068441065,4022.1258662236346,1876
9174.0,2629,0,0,1,4.803355379377509,655.3476607074933,4022.323572223403,1877
9175.0,2628,0,0,1,4.778856665153668,656.1426940639269,4024.244208871171,1888
9176.0,2628,0,0,0,4.754884463618966,656.7066210045662,4025.045829412704,1894
9177.0,2628,0,0,0,4.736849751159878,657.310502283105,4025.848338295193,1905
9178.0,2628,0,0,0,4.713122233260524,657.8660578386606,4026.6532831689156,1901
9179.0,2628,0,0,0,4.6788454697677935,658.451293759513,4027.459952568105,1909
9180.0,2626,0,0,2,4.652312749735612,659.5628332063976,4027.6943578740515,1922
9181.0,2625,0,0,1,4.7445186372766095,658.456761904762,4028.5883110193367,1796
9182.0,2625,0,0,0,4.86375269040677,657.8057142857143,4029.3820358059875,1730
9183.0,2625,0,0,0,5.009485971920164,657.4034285714285,4030.1663499398765,1686
9184.0,2625,0,0,0,5.171507571276726,657.0137142857143,4030.93950974881,1638
9185.0,2624,0,0,1,5.324486643500536,657.0529725609756,4031.582152693789,1597
9186.0,2624,0,0,0,5.489232209641373,656.8856707317074,4032.3343574540227,1574
9187.0,2624,0,0,0,5.653664430549032,656.6585365853658,4033.0747459197923,1534
9188.0,2623,0,0,1,5.789400501408886,656.8589401448722,4033.4602727453084,1518
9189.0,2622,0,0,1,5.901319021054656,657.0736079328757,4033.8446965003172,1495
9190.0,2622,0,0,0,5.990270881503007,657.0758962623951,4034.5647065416715,1488
9191.0,2620,0,0,2,6.041739055805591,657.5595419847328,4037.3803793608427,1464
9192.0,2619,0,0,1,6.096451492464959,657.6479572355861,4037.99288568249,1442
9193.0,2619,0,0,0,6.1455009816553305,657.7590683466972,4038.703839492832,1435
9194.0,2619,0,0,0,6.182908435664939,657.7850324551356,4039.4116767678893,1438
9195.0,2618,0,0,1,6.212457233398801,658.1218487394958,4041.2783493586226,1435
9196.0,2617,0,0,1,6.221769441843198,658.466946885747,4043.08927410719,1434
9197.0,2616,0,0,1,6.228607318229215,658.7580275229358,4043.486370593746,1425
9198.0,2615,0,1,2,6.207226805885305,659.1866156787763,4044.6999532872182,1428
9199.0,2614,0,0,1,6.2087727182779044,659.5524100994644,4045.3543680280864,1423
9200.0,2614,0,0,0,6.224291546583716,659.3397092578424,4046.057738376657,1403
9201.0,2612,0,0,2,6.229275509901336,659.8996937212863,4046.88496471929,1393
9202.0,2611,0,0,1,6.230181736235287,660.2883952508618,4048.012419092079,1391
9203.0,2611,0,0,0,6.209262257416052,660.4044427422443,4048.716572482176,1385
9204.0,2610,0,0,1,6.20017883069057,660.7988505747127,4049.376111940349,1394
9205.0,2609,0,0,1,6.181254102210507,661.1797623610579,4050.476715533431,1392
9206.0,2609,0,1,1,6.161497537170056,661.3357608279034,4049.824494196232,1381
9207.0,2606,0,0,3,6.1458058007532115,662.1914811972372,4049.8059254804325,1385
9208.0,2606,0,0,0,6.148904827611423,662.3430544896393,4050.5139863427194,1394
9209.0,2603,0,0,3,6.117527028363955,663.2293507491356,4052.0931074703994,1391
9210.0,2603,0,0,0,6.098512269389039,663.3373031117941,4052.803648238157,1396
9211.0,2602,0,0,1,6.07050626983591,663.7855495772483,4053.4819297692297,1395
9212.0,2602,0,0,0,6.0452738908746975,663.9688700999232,4054.195358777613,1402
9213.0,2602,0,0,0,6.0158930023463215,664.0161414296695,4054.9099417983525,1409
9214.0,2602,0,0,0,5.994639649253098,664.0918524212144,4055.6264594602726,1410
9215.0,2603,0,1,0,5.982021646267264,663.948905109489,4054.786156323845,1417
9216.0,2600,0,0,3,5.964469316281617,664.7492307692307,4056.298959321015,1427
9217.0,2599,0,0,1,5.97847928886526,665.1004232397075,4056.7319074073143,1441
9218.0,2598,0,0,1,5.977855364435182,665.5296381832179,4057.355183953301,1441
9219.0,2597,0,0,1,5.9715394723489155,665.9688101655756,4059.2314916822547,1453
9220.0,2597,0,0,0,5.962707266807742,666.1347708894879,4059.950914094551,1458
9221.0,2596,0,1,2,5.92709799475134,666.5338983050848,4058.3507023649972,1463
9222.0,2596,0,0,0,5.905483563892162,666.7812018489984,4059.0739596006683,1469
9223.0,2596,0,0,0,5.864401132281456,667.0042372881356,4059.80126294273,1476
9224.0,2594,0,0,2,5.817914551352822,667.8180416345413,4061.1738866122523,1481
9225.0,2593,0,0,1,5.770819409839016,668.423833397609,4061.4345761981367,1495
9226.0,2592,0,0,1,5.755108215482795,668.9305555555555,4061.691686508947,1500
9227.0,2590,0,0,2,5.731651143708191,669.7096525096525,4062.5298757388528,1497
9228.0,2588,0,0,2,5.704184118524492,670.5452086553323,4064.116434730072,1507
9229.0,2588,0,1,1,5.680023409037738,670.8141421947449,4062.8488725438115,1521
9230.0,2588,0,0,0,5.654834877795889,671.0815301391035,4063.5917729966004,1536
9231.0,2588,0,1,1,5.631522020753779,671.4621329211747,4062.9279860596394,1551
9232.0,2586,0,0,2,5.60660339727717,672.3170920340294,4063.5595927136364,1555
9233.0,2586,0,1,1,5.608632456961917,672.5819798917247,4062.8771258994025,1572
9234.0,2583,0,0,3,5.592337730847716,673.5791715060008,4064.52195698914,1586
9235.0,2583,0,0,0,5.580583042512787,673.943476577623,4065.2717711394835,1592
9236.0,2583,0,1,1,5.55600189400336,674.3488192024778,4064.6301815936936,1612
9237.0,2582,0,1,2,5.532515841229663,674.915956622773,4063.8775473222177,1607
9238.0,2582,0,0,0,5.505321151653158,675.3516653756777,4064.632861949239,1619
9239.0,2583,0,2,1,5.474549473905884,675.5118079752226,4062.393190064395,1625
9240.0,2583,0,0,0,5.456282592662265,675.9616724738676,4063.151561081033,1645
9241.0,2583,0,1,1,5.435459027097828,676.4363143631437,4062.2813939550656,1671
9242.0,2583,0,1,1,5.429142850470166,676.8548199767712,4061.60537208046,1686
9243.0,2584,0,1,0,5.41788275565585,677.0112229102167,4060.7964423707854,1700
9244.0,2584,0,0,0,5.397798699515724,677.3986068111456,4061.561169559896,1717
9245.0,2585,0,2,1,5.3844936415996685,677.5539651837524,4059.2195095262673,1722
9246.0,2586,0,1,0,5.36947356780485,677.669373549884,4058.416516833353,1723
9247.0,2587,0,1,0,5.357831082847145,677.830305373019,4057.6151185379167,1727
9248.0,2583,0,0,4,5.3137653996263206,679.4018583042973,4060.1985829568257,1747
9249.0,2584,0,1,0,5.294088782456464,679.6768575851394,4059.3993106275025,1749
9250.0,2584,0,1,1,5.254360643296153,680.1164860681115,4058.9128789589085,1750
9251.0,2583,0,0,1,5.226815521798552,680.9438637243516,4059.7983340636138,1767
9252.0,2582,0,0,1,5.201960669196704,681.7924089852827,4059.9144352740686,1778
9253.0,2580,0,1,3,5.160817236598442,682.8027131782945,4059.635845131499,1786
9254.0,2581,0,1,0,5.146531682934252,683.0759395583108,4058.84731568533,1790
9255.0,2577,0,0,4,5.131779925398725,684.6965463717501,4060.0257095706647,1794
9256.0,2578,0,1,0,5.1282344594194855,684.9429790535298,4059.2373499228916,1804
9257.0,2577,0,0,1,5.117574086556234,685.7625145518044,4059.847444828833,1823
9258.0,2573,0,0,4,5.104569435610449,687.3532841041585,4060.968977430146,1822
9259.0,2573,0,1,1,5.103014229580704,687.8989506412747,4060.0594425566114,1826
9260.0,2571,0,0,2,5.092409066229123,689.0633994554648,4060.8049493593894,1835
9261.0,2570,0,0,1,5.078028153807424,689.8451361867704,4062.777056278412,1831
9262.0,2569,0,0,1,5.065377433416353,690.6017905799922,4063.543104095376,1829
9263.0,2569,0,0,0,5.058962763771572,691.0844686648502,4064.3352374102974,1825
9264.0,2568,0,0,1,5.027744049927223,691.9154984423676,4066.269840694325,1827
9265.0,2567,0,0,1,5.003716456043098,692.7904168289832,4067.1376569645954,1836
9266.0,2566,0,0,1,4.975953760865975,693.603663289166,4067.4135625073172,1843
9267.0,2565,0,0,1,4.950225263147071,694.4378167641325,4067.8314515049337,1850
9268.0,2564,0,0,1,4.919461368790028,695.3127925117004,4069.017333575679,1867
9269.0,2563,0,0,1,4.90164540273378,696.1447522434647,4069.8887753971576,1865
9270.0,2562,0,0,1,4.889184286677708,697.0031225604996,4070.239544331452,1866
9271.0,2559,0,0,3,4.9344252622652744,696.4353262993357,4070.9657882514325,1770
9272.0,2558,0,0,1,5.029494005005832,695.7814698983581,4071.1945131861717,1705
9273.0,2558,0,0,0,5.148022158893379,695.0809225957779,4071.978865072705,1654
9274.0,2557,0,0,1,5.275475944294042,694.7845131012906,4073.1761322836655,1622
9275.0,2557,0,0,0,5.402262019005911,694.450527962456,4073.9428286702,1605
9276.0,2557,0,0,0,5.534601486628783,694.1752053187329,4074.7009384396106,1572
9277.0,2557,0,0,0,5.653026781868947,693.81579976535,4075.450628150534,1547
9278.0,2555,0,0,2,5.75348887104418,694.0105675146771,4075.7873020118054,1520
9279.0,2555,0,0,0,5.8261254334946395,693.7412915851272,4076.5260380796317,1506
9280.0,2555,0,0,0,5.881919369091624,693.5107632093933,4077.2603702900906,1488
9281.0,2554,0,0,1,5.923861539422661,693.7220046985121,4077.6316867441615,1468
9282.0,2553,0,0,1,5.951402963303527,693.6756756756756,4078.80971072942,1457
9283.0,2552,0,0,1,6.007010967477757,693.7472570532915,4079.044967671171,1444
9284.0,2551,0,0,1,6.0371009510014515,693.5417483339867,4079.2473535711492,1425
9285.0,2551,0,0,0,6.081509384560108,693.2010976087809,4079.966001645828,1409
9286.0,2551,0,0,0,6.102748702590958,693.0035280282242,4080.6825065830944,1407
9287.0,2550,0,0,1,6.109621778567632,692.9964705882353,4081.7359979402345,1401
9288.0,2549,0,0,1,6.126645993380238,693.0207924676344,4081.6889804932584,1392
9289.0,2549,0,0,0,6.149869954486372,692.9117300902315,4082.4017449976213,1379
9290.0,2549,0,0,0,6.153240362037155,692.7249901922322,4083.1134118590767,1381
9291.0,2549,0,0,0,6.138276138914166,692.5158885837583,4083.8260045145876,1379
9292.0,2547,0,0,2,6.117624222379103,692.9473890851983,4085.325285348405,1375
9293.0,2546,0,0,1,6.089123469831128,693.1036920659859,4085.901095702159,1366
9294.0,2543,0,0,3,6.044838749701198,694.0220212347621,4086.782703445373,1376
9295.0,2542,0,0,1,6.0133405518332275,694.1070023603462,4088.327359051769,1377
9296.0,2539,0,0,3,5.992516589227521,694.7034265458842,4089.6914023995955,1358
9297.0,2539,0,1,1,5.980323588912466,694.5714848365499,4088.952575698234,1370
9298.0,2537,0,0,2,5.97969520773488,694.8679542767047,4089.6828919549407,1362
9299.0,2536,0,0,1,5.975835243431144,695.1439274447949,4090.8924143461927,1364
9300.0,2536,0,0,0,5.981293542694925,695.09976340694,4091.611775547748,1370
9301.0,2535,0,0,1,5.978330788842925,695.5120315581854,4091.768992919777,1372
9302.0,2534,0,0,1,5.988172345958631,695.7146803472771,4091.6710077787793,1375
9303.0,2533,0,1,2,5.992325354886133,695.9218318199763,4091.852758460806,1392
9304.0,2532,0,0,1,5.989363530258455,696.1358609794629,4092.3237162110854,1384
9305.0,2532,0,0,0,5.98059930440719,696.1054502369668,4093.0443022272807,1387
9306.0,2530,0,0,2,5.9609426864162804,696.6810276679842,4093.2832782120154,1387
9307.0,2528,0,0,2,5.9278164701475164,697.1621835443038,4093.0550416469077,1407
9308.0,2527,0,0,1,5.908009578965208,697.3897902651365,4094.4841853913263,1413
9309.0,2526,0,1,2,5.875496284316938,697.8297703879651,4095.1226649811147,1419
9310.0,2525,0,0,1,5.866664037950108,698.1988118811881,4095.8551724665176,1439
9311.0,2523,0,0,1,5.8545111156123255,698.90527150218,4097.097783425764,1441
9312.0,2522,0,0,1,5.839099771424598,699.4234734337828,4097.320481131097,1454
9313.0,2521,0,0,1,5.799131520392264,699.9595398651329,4097.712048233329,1468
9314.0,2520,0,0,1,5.751352800766735,700.4583333333334,4099.340156756558,1484
9315.0,2520,0,1,1,5.724519945457471,700.5595238095239,4098.78733077102,1482
9316.0,2519,0,0,1,5.700434909113268,700.8161969035332,4099.476156385423,1486
9317.0,2519,0,0,1,5.667265972270936,700.8789202064311,4100.88777627532,1487
9318.0,2518,0,0,1,5.63845347475472,701.4698173153296,4102.391162479881,1497
9319.0,2516,0,0,2,5.595244684737034,702.3767885532592,4103.104776847878,1508
9320.0,2515,0,0,1,5.550094902281425,702.8811133200795,4104.107943720913,1524
9321.0,2515,0,1,1,5.511438863836316,703.3443339960238,4103.092291190393,1544
9322.0,2515,0,0,0,5.497137606664052,703.7582504970179,4103.848203035823,1550
9323.0,2512,0,1,4,5.440209280155978,705.0334394904459,4103.883325528982,1561
9324.0,2511,0,1,2,5.394074157637017,705.8032656312226,4104.042101042979,1582
9325.0,2510,0,0,1,5.360183737740227,706.4505976095618,4105.159277832766,1605
9326.0,2509,0,0,1,5.325861449704775,707.1139896373057,4106.002732594557,1607
9327.0,2508,0,0,1,5.2970436592478025,707.8217703349283,4106.873582220703,1619
9328.0,2508,0,0,0,5.276381323740596,708.2324561403509,4107.6434496138945,1627
9329.0,2507,0,0,1,5.263753369265359,708.8420422816115,4108.128285809993,1629
9330.0,2507,0,0,0,5.258455491522626,709.2668528121261,4108.900609229845,1654
9331.0,2507,0,1,1,5.245210717656392,709.6326286398086,4108.395313250163,1659
9332.0,2507,0,0,0,5.230050657749325,710.0526525727962,4109.170971381417,1671
9333.0,2507,0,0,0,5.219297194887231,710.4994016753092,4109.946660457078,1679
9334.0,2507,0,0,0,5.227217939821351,710.9066613482249,4110.7229222741025,1681
9335.0,2506,0,0,1,5.206701795748918,711.4684756584198,4110.819707784369,1678
9336.0,2506,0,1,1,5.179220819670041,711.8950518754988,4109.89586941615,1685
9337.0,2507,0,1,0,5.1580078578273385,712.0211408057439,4109.036430555242,1690
9338.0,2507,0,0,0,5.133043451160057,712.4315915436777,4109.819068059958,1694
9339.0,2507,0,0,0,5.118298403322058,712.9018747506981,4110.602555598495,1693
9340.0,2507,0,0,0,5.089590423451006,713.3430394894295,4111.388742452618,1700
9341.0,2507,0,0,0,5.057192503457512,713.7566812923814,4112.1774580142355,1707
9342.0,2508,0,1,0,5.0391760499077565,713.9437799043062,4111.32712110498,1720
9343.0,2508,0,0,0,5.0283295083285084,714.506379585327,4112.117639918623,1734
9344.0,2507,0,0,1,5.016482632985408,715.2301555644196,4113.408042636829,1740
9345.0,2507,0,0,0,5.010105267146264,715.6166733147188,4114.200352524931,1748
9346.0,2506,0,0,1,4.996402344503767,716.3834796488428,4115.462010802922,1756
9347.0,2506,0,0,0,4.983531438769114,716.8950518754988,4116.256963243016,1758
9348.0,2505,0,0,1,4.960425593492759,717.7429141716567,4116.115041688773,1765
9349.0,2505,0,1,1,4.936595252227193,718.2898203592814,4116.346397716828,1769
9350.0,2505,0,0,0,4.929978712647607,718.7592814371258,4117.146284385892,1776
9351.0,2505,0,0,0,4.9231068002403005,719.2119760479042,4117.946365649174,1768
9352.0,2505,0,0,0,4.9024193861955645,719.8027944111776,4118.7487161467625,1781
9353.0,2504,0,0,1,4.875569377346595,720.6445686900959,4120.043967617258,1785
9354.0,2504,0,0,0,4.877849023994658,721.0527156549521,4120.847892978124,1786
9355.0,2504,0,0,0,4.879538568362683,721.6110223642172,4121.65166775677,1790
9356.0,2503,0,0,1,4.879738605464051,722.4458649620456,4122.771577144162,1799
9357.0,2503,0,0,0,4.883229339508254,723.0187774670395,4123.576957205307,1806
9358.0,2502,0,0,1,4.865883954243979,723.9860111910472,4124.840254835405,1818
9359.0,2502,0,0,0,4.857893274139545,724.5259792166268,4125.646631860176,1821
9360.0,2501,0,0,1,4.846957083148669,725.389844062375,4126.142984060879,1816
9361.0,2500,0,0,1,4.906764686503417,724.534,4128.266720697105,1737
9362.0,2499,0,0,1,5.015127519676681,723.9863945578231,4128.751711731465,1674
9363.0,2497,0,0,2,5.142100313231607,723.8209851822187,4130.327822851528,1623
9364.0,2497,0,0,0,5.283897212818164,723.362835402483,4131.104911462255,1583
9365.0,2497,0,0,0,5.431927029795859,722.9927913496196,4131.8719988059975,1558
9366.0,2497,0,0,0,5.567250256462591,722.6920304365239,4132.6291864532,1529
9367.0,2496,0,0,1,5.71069274100994,722.6262019230769,4134.685446552124,1504
9368.0,2496,0,0,0,5.813208038633278,722.2191506410256,4135.425544510219,1478
9369.0,2496,0,0,0,5.872985061476732,721.9206730769231,4136.16174010275,1465
9370.0,2495,0,0,1,5.90115078349122,722.103006012024,4137.676636233309,1448
9371.0,2494,0,0,1,5.9245157591438105,722.1615878107458,4138.578748866794,1437
9372.0,2492,0,0,2,5.927528654835894,722.3988764044943,4140.683612140607,1427
9373.0,2492,0,0,0,5.959495549470764,721.9658908507223,4141.4110012076035,1414
9374.0,2491,0,0,1,5.982664143662443,721.6258530710558,4141.62222962007,1389
9375.0,2491,0,0,0,6.01065909186859,721.0594138900041,4142.344601717156,1376
9376.0,2491,0,0,0,6.029336842062899,720.6603773584906,4143.065270047576,1361
9377.0,2490,0,0,1,6.037436752978036,720.4915662650602,4143.5265331392775,1357
9378.0,2489,0,0,1,6.038244795056708,720.3250301325834,4145.561662838693,1350
9379.0,2488,0,0,1,6.032019001445615,720.4827170418007,4147.551297977691,1341
9380.0,2487,0,0,1,6.013122920661592,720.5770004020909,4149.59845502924,1342
9381.0,2485,0,0,2,5.979066789335028,720.927967806841,4149.623318624436,1345
9382.0,2485,0,0,0,5.95513720211792,720.6579476861167,4150.34738622324,1341
9383.0,2484,0,0,1,5.93239034687514,720.8321256038647,4150.270278676499,1343
9384.0,2484,0,0,0,5.922770523362705,720.5358293075684,4150.996783854592,1346
9385.0,2482,0,0,2,5.879858506621844,721.1639806607575,4152.1065767571345,1349
9386.0,2479,0,0,3,5.8754204647082116,721.8955223880597,4153.30416563851,1349
9387.0,2479,0,0,0,5.883444781325617,721.7035094796289,4154.03256898344,1348
9388.0,2480,0,1,0,5.889507406874759,721.4443548387097,4153.085668172139,1356
9389.0,2479,0,0,1,5.911627590350357,721.739814441307,4153.946649398733,1362
9390.0,2479,0,0,0,5.92790675841694,721.8559903186768,4154.67438606319,1359
9391.0,2478,0,0,1,5.9365055043408725,721.9503631961259,4155.047639220692,1357
9392.0,2478,0,0,0,5.9454693463953,721.9834543987087,4155.774788760641,1359
9393.0,2478,0,0,0,5.927570286111151,721.9592413236481,4156.503287817592,1367
9394.0,2479,0,1,0,5.930434315064059,721.708753529649,4155.555550849157,1381
9395.0,2479,0,0,0,5.933870756389146,721.6696248487293,4156.285232083287,1379
9396.0,2478,0,0,1,5.924947641470296,721.9919289749798,4157.430703801577,1379
9397.0,2476,0,0,2,5.907626682537541,722.5731017770597,4159.587257641821,1390
9398.0,2476,0,0,0,5.875628376066542,722.8077544426494,4160.320019376076,1398
9399.0,2476,0,0,0,5.8467908086163165,722.8974151857835,4161.054586178834,1409
9400.0,2477,0,1,0,5.837208983344725,722.7638272103351,4160.109283229394,1410
9401.0,2476,0,0,1,5.820068330674864,723.1243941841681,4161.227481423616,1419
9402.0,2476,0,0,0,5.812929446979591,723.1861873990307,4161.965098910959,1425
9403.0,2475,0,0,1,5.772456924041572,723.5551515151515,4162.976392943059,1432
9404.0,2475,0,0,0,5.74247565780205,723.6416161616162,4163.718114450035,1435
9405.0,2475,0,0,0,5.711325835202561,723.7991919191919,4164.4628402815615,1442
9406.0,2474,0,1,2,5.659251589451386,724.0440582053355,4163.504442734109,1445
9407.0,2472,0,0,2,5.603987850667651,724.7402912621359,4166.734882321555,1452
9408.0,2471,0,0,1,5.587663861915048,725.1116956697693,4167.841434390675,1460
9409.0,2471,0,0,0,5.5672125453328265,725.1825171995143,4168.595514702492,1468
9410.0,2469,0,0,2,5.521680679783793,725.812879708384,4168.41758522035,1471
9411.0,2469,0,0,0,5.497247781386208,726.0275415147834,4169.176216038401,1482
9412.0,2467,0,1,3,5.452853729274268,726.841102553709,4168.447118510303,1491
9413.0,2467,0,0,0,5.423490500983026,727.0770166193757,4169.208515369298,1490
9414.0,2465,0,0,2,5.3883377694870225,727.9436105476674,4169.9925527645,1495
9415.0,2466,0,3,2,5.358401995021131,727.9375506893755,4165.893445544151,1512
9416.0,2464,0,0,2,5.337303641484095,728.9431818181819,4166.450531304315,1520
9417.0,2463,0,0,1,5.312971901511048,729.5298416565164,4167.500790750857,1529
9418.0,2463,0,1,1,5.290710882066016,729.8704831506293,4167.721870479172,1539
9419.0,2461,0,0,2,5.262810219488553,730.7850467289719,4169.072442169133,1551
9420.0,2461,0,1,1,5.244841179017787,731.2052011377489,4168.683164882178,1569
9421.0,2461,0,0,0,5.221741309906135,731.3888663145063,4169.457281063478,1567
9422.0,2461,0,0,0,5.206598459475614,731.7801706623324,4170.233090602436,1581
9423.0,2462,0,2,1,5.150053404828885,731.8923639317628,4168.132905608441,1589
9424.0,2463,0,1,0,5.121686112148238,731.9963459196102,4167.2216808740895,1598
9425.0,2462,0,0,1,5.100572852270151,732.6982128350934,4169.250749822774,1599
9426.0,2462,0,1,1,5.088197663889488,733.0593013809911,4169.261495400602,1603
9427.0,2463,0,1,0,5.070453396553327,733.1713357693869,4168.355352106877,1612
9428.0,2464,0,1,0,5.044954768852561,733.2666396103896,4167.451787621414,1614
9429.0,2465,0,1,0,5.0221137894498495,733.1651115618661,4166.550271184127,1613
9430.0,2466,0,1,0,4.997065169041775,733.3244120032441,4165.651920035105,1634
9431.0,2466,0,0,0,4.98039511127065,733.860908353609,4166.444500603398,1646
9432.0,2467,0,1,0,4.976465847675391,734.1540332387515,4165.547649415238,1656
9433.0,2468,0,1,0,4.957439528892511,734.4299027552674,4164.653490051819,1666
9434.0,2468,0,0,0,4.960130940921923,734.9517828200973,4165.446783694785,1674
9435.0,2469,0,1,0,4.9565879554530925,735.228432563791,4164.5535878653245,1678
9436.0,2470,0,1,0,4.948295092717315,735.4914979757085,4163.661947293717,1693
9437.0,2469,0,0,1,4.9354828802813335,736.3689752936411,4164.090290822932,1705
9438.0,2468,0,0,1,4.9260808118537485,737.0579416531605,4164.558708361884,1707
9439.0,2468,0,1,1,4.908549441663101,737.620340356564,4162.873467461708,1712
9440.0,2467,0,0,1,4.914408794010139,738.5079043372517,4164.0537899677,1726
9441.0,2467,0,0,0,4.904502388654049,739.1143088771788,4164.852040576869,1734
9442.0,2467,0,0,0,4.898049614860481,739.6911228212404,4165.6519677744045,1744
9443.0,2466,0,0,1,4.892147311629791,740.5802919708029,4167.770133714503,1750
9444.0,2465,0,0,1,4.8722804238413,741.46369168357,4167.829431383878,1756
9445.0,2465,0,0,0,4.866303384464796,742.083569979716,4168.6313016610075,1763
9446.0,2465,0,1,1,4.850990834681934,742.582555780933,4168.267755725491,1767
9447.0,2465,0,0,0,4.846610138663028,743.2239350912779,4169.0708799615695,1779
9448.0,2465,0,0,0,4.83463181757228,743.7221095334686,4169.875426726075,1783
9449.0,2465,0,0,0,4.8361540580727596,744.2077079107505,4170.680143367162,1787
9450.0,2465,0,0,0,4.833755732896171,744.7918864097363,4171.484500414415,1784
9451.0,2465,0,0,0,4.896776317335522,743.602028397566,4172.284642321674,1701
9452.0,2465,0,0,0,4.995716706325179,742.9444219066937,4173.078261378022,1649
9453.0,2465,0,0,0,5.105196429644912,742.3070993914807,4173.863357666244,1604
9454.0,2465,0,0,0,5.241364704166834,741.6478701825558,4174.639701158818,1559
9455.0,2465,0,0,0,5.378742843965476,741.1995943204868,4175.4071387407,1538
9456.0,2465,0,0,0,5.532100513184142,740.789046653144,4176.163963201001,1502
9457.0,2465,0,0,0,5.648657935331523,740.5006085192698,4176.913475606034,1484
9458.0,2464,0,0,1,5.737770034140289,740.507711038961,4177.629506062414,1465
9459.0,2463,0,0,1,5.796869334468567,740.5874949248883,4178.175136978783,1448
9460.0,2463,0,0,0,5.857381352221957,740.5006090133983,4178.910666189736,1430
9461.0,2462,0,0,1,5.91364286064415,740.7014622258326,4179.173052855409,1430
9462.0,2462,0,0,0,5.939330804096409,740.6181965881398,4179.904266969634,1421
9463.0,2462,0,0,0,5.974275578139404,740.5458976441918,4180.632891244249,1399
9464.0,2461,0,0,1,5.974736394167382,740.761885412434,4181.888033549858,1391
9465.0,2460,0,0,1,5.993225496345487,740.7475609756098,4182.8113324559345,1372
9466.0,2459,0,0,1,6.008994946834929,740.9719398129321,4183.959516479356,1371
9467.0,2458,0,0,1,6.019111880813978,741.1322213181448,4183.482003445951,1358
9468.0,2457,0,0,1,6.035866168490048,741.4745624745625,4185.519564509147,1360
9469.0,2457,0,0,0,6.04214808774935,741.5811965811965,4186.244370559546,1366
9470.0,2456,0,0,1,6.034774467165809,741.9881921824104,4186.217224636772,1372
9471.0,2456,0,0,0,6.034697555478906,741.9462540716612,4186.942185235078,1364
9472.0,2455,0,0,1,6.015593303708711,742.2321792260692,4188.1158147692,1365
9473.0,2455,0,0,0,5.996470041569483,742.2236252545824,4188.841804064294,1371
9474.0,2454,0,0,1,5.960013558548134,742.5484922575387,4189.17548978317,1365
9475.0,2454,0,0,0,5.92997164057801,742.3117359413203,4189.905461858079,1370
9476.0,2454,0,0,0,5.912451857102186,742.0427872860636,4190.63605004915,1371
9477.0,2452,0,0,2,5.892145003085002,742.4588091353996,4191.911295930623,1370
9478.0,2453,0,1,0,5.879058436366218,742.0509580105993,4190.933986020952,1377
9479.0,2451,0,0,2,5.8623903898669205,742.4900040799673,4190.454988995039,1372
9480.0,2451,0,0,0,5.876273257453747,742.3427172582619,4191.1859460253645,1373
9481.0,2451,0,0,0,5.865632521785887,742.3353733170135,4191.917269916072,1374
9482.0,2450,0,0,1,5.836570475961502,742.6828571428572,4192.169639060939,1378
9483.0,2448,0,0,2,5.828359699856662,743.4424019607843,4194.550223668842,1373
9484.0,2447,0,0,1,5.8177764241592484,743.7866775643645,4194.756263381493,1386
9485.0,2448,0,1,0,5.815940253110477,743.6458333333334,4193.7782653610575,1399
9486.0,2448,0,0,0,5.8196668758289976,743.7549019607843,4194.514673448186,1410
9487.0,2447,0,0,1,5.804086460157908,744.0854107069881,4195.531652217072,1403
9488.0,2446,0,0,1,5.778994287178119,744.3785772690106,4196.5183686488635,1401
9489.0,2447,0,1,0,5.755922527967231,744.2672660400491,4195.543371117755,1403
9490.0,2446,0,0,1,5.728524164354403,744.7121831561733,4196.769128000118,1409
9491.0,2446,0,0,0,5.69884720504594,744.9296811120196,4197.513502569296,1409
9492.0,2446,0,0,0,5.669828012375567,745.2346688470973,4198.2601929597095,1417
9493.0,2445,0,0,1,5.6234196373669665,745.8887525562373,4199.587192057101,1428
9494.0,2445,0,0,0,5.5901216011766985,746.1002044989775,4200.339509816909,1431
9495.0,2444,0,0,1,5.535463651621971,746.6616202945991,4201.445431910111,1437
9496.0,2442,0,1,3,5.475949041681824,747.3783783783783,4201.92030287368,1443
9497.0,2442,0,0,0,5.453064263228763,747.534398034398,4202.681304876255,1449
9498.0,2440,0,0,2,5.420494510539132,748.3741803278689,4204.94640968139,1463
9499.0,2440,0,0,0,5.415088797785509,748.6532786885246,4205.710138883964,1464
9500.0,2439,0,0,1,5.398133049032054,749.2455924559246,4207.529392115533,1490
9501.0,2437,0,1,3,5.352747248272936,750.1916290521133,4207.087959781385,1497
9502.0,2436,0,0,1,5.3561908302408385,750.8472906403941,4207.074749016613,1505
9503.0,2435,0,1,2,5.324386847919512,751.5741273100616,4207.241304239991,1513
9504.0,2434,0,0,1,5.326208406102376,752.2563681183237,4207.978889538458,1523
9505.0,2433,0,1,2,5.294181082454083,752.9778051787916,4206.399613737141,1533
9506.0,2433,0,0,0,5.287249693045983,753.3386765310316,4207.170364166556,1540
9507.0,2433,0,0,0,5.267515125465483,753.6752979860255,4207.943141496571,1550
9508.0,2433,0,1,1,5.252700879962359,754.0242498972462,4207.5493454357265,1556
9509.0,2433,0,0,0,5.23529388873235,754.4377311960543,4208.323718612271,1571
9510.0,2433,0,1,1,5.204456992609761,754.8425811755035,4207.909430197404,1573
9511.0,2434,0,1,0,5.181420578333145,754.9350862777321,4206.958562982887,1583
9512.0,2433,0,1,2,5.138786070011454,755.6839293053843,4206.751753475295,1595
9513.0,2433,0,1,1,5.1167350793452,756.0928894369092,4204.620989612739,1598
9514.0,2432,0,0,1,5.09855302239782,756.8207236842105,4205.595650958313,1614
9515.0,2431,0,0,1,5.074743182817109,757.510078157137,4207.387197279598,1616
9516.0,2432,0,2,1,5.046428733725232,757.6175986842105,4205.618871486291,1623
9517.0,2429,0,0,3,5.023239005984275,758.956772334294,4205.799431542652,1625
9518.0,2429,0,0,0,5.02670953539133,759.4083985179086,4206.5876203535245,1629
9519.0,2430,0,1,0,5.012172501898624,759.5888888888888,4205.645138721955,1639
9520.0,2430,0,0,0,5.004349988865208,760.0942386831276,4206.436040306976,1647
9521.0,2430,0,1,1,4.990615806673558,760.575720164609,4206.7854390608145,1658
9522.0,2430,0,0,0,4.9936661068255335,761.0172839506173,4207.578703655966,1663
9523.0,2432,0,2,0,4.973785374987021,760.8704769736842,4204.912187204761,1672
9524.0,2432,0,0,0,4.973879836279259,761.4453125,4205.707436623419,1677
9525.0,2432,0,0,0,4.979980617428431,762.0230263157895,4206.502349301811,1695
9526.0,2432,0,0,0,4.982351874398842,762.5723684210526,4207.297714749013,1698
9527.0,2431,0,0,1,4.993171749402809,763.3833813245578,4209.187726191915,1698
9528.0,2431,0,0,0,4.992090004187627,763.9004524886877,4209.9824583446725,1700
9529.0,2432,0,1,0,4.995971506029797,764.1328125,4209.046539091456,1714
9530.0,2431,0,0,1,4.992221669356343,764.9699712052653,4210.6209317977655,1712
9531.0,2430,0,0,1,4.979579203872541,765.8135802469136,4212.694319583971,1723
9532.0,2430,0,0,0,4.96046310040092,766.3946502057613,4213.4926934707155,1723
9533.0,2430,0,0,0,4.943044774173649,766.9884773662551,4214.292884427306,1734
9534.0,2430,0,0,0,4.943157518296158,767.5666666666667,4215.093638018878,1734
9535.0,2430,0,0,0,4.941284868246945,768.1448559670782,4215.895490930594,1739
9536.0,2430,0,0,0,4.931234650474967,768.7716049382716,4216.697920050779,1750
9537.0,2430,0,0,0,4.931178807113508,769.3855967078189,4217.500557168802,1749
9538.0,2430,0,0,0,4.91598755890122,769.9271604938272,4218.303933079254,1751
9539.0,2429,0,0,1,4.899556350414152,770.8159736517085,4219.343242894247,1750
9540.0,2429,0,0,0,4.890852136571743,771.3100041169206,4220.148037885993,1745
9541.0,2429,0,0,0,4.945327662370077,770.4331000411692,4220.948061260115,1662
9542.0,2430,0,1,0,5.033871831833455,769.6045267489712,4220.004756027599,1612
9543.0,2428,0,0,2,5.125827301650776,769.8175453047776,4221.222597716668,1576
9544.0,2428,0,0,0,5.26190569193824,769.6227347611202,4222.001202477031,1549
9545.0,2426,0,0,2,5.374506429301156,770.1183017312449,4223.159924458045,1526
9546.0,2426,0,0,0,5.510096622241818,770.0737840065952,4223.922149772648,1508
9547.0,2426,0,0,0,5.645147083708443,769.9962901896125,4224.676006786119,1482
9548.0,2426,0,0,0,5.760643387049685,769.8920032976092,4225.422497372474,1457
9549.0,2426,0,0,0,5.8228800985307405,769.8627370156637,4226.165484328645,1430
9550.0,2423,0,0,3,5.873531635589854,770.8002476269088,4225.92458240544,1421
9551.0,2423,0,0,0,5.907689016246068,770.9281881964507,4226.662477855338,1418
9552.0,2421,0,0,2,5.910825528541556,771.427922346138,4226.466237893558,1395
9553.0,2422,0,1,0,5.937403966182597,771.2241948802642,4225.4561528436025,1382
9554.0,2422,0,0,0,5.952202386547559,771.2741535920727,4226.190291177723,1393
9555.0,2422,0,0,0,5.959947901186875,771.2696118909992,4226.924213672538,1391
9556.0,2423,0,1,0,5.973083741984504,770.9364424267437,4225.912336159097,1393
9557.0,2423,0,0,0,5.98658507660618,770.9418076764342,4226.644936808746,1383
9558.0,2423,0,0,0,5.982617361372396,770.9711101939744,4227.37808760595,1373
9559.0,2423,0,1,1,5.985162929260095,771.1250515889393,4226.412771838632,1378
9560.0,2422,0,0,1,5.964836703305839,771.5,4227.341219800491,1371
9561.0,2422,0,0,0,5.953751287067581,771.6263418662263,4228.074046485842,1366
9562.0,2423,0,1,0,5.939232722096438,771.4878250103178,4227.062710502582,1373
9563.0,2421,0,0,2,5.89244008365054,772.2044609665428,4227.8668243338725,1369
9564.0,2422,0,1,0,5.88011730643055,772.0293146160199,4226.857398980717,1369
9565.0,2420,0,0,2,5.857629894805758,772.8487603305786,4227.980451482915,1366
9566.0,2420,0,0,0,5.836616991095725,772.9355371900826,4228.720001806692,1369
9567.0,2419,0,1,2,5.825487545593156,773.3278214138073,4226.946574794345,1372
9568.0,2419,0,1,1,5.815812651094752,773.4803637866887,4226.3404876223285,1379
9569.0,2417,0,0,2,5.773459250426349,774.3541580471659,4227.503929054788,1384
9570.0,2417,0,0,0,5.7481943270918325,774.5639222176252,4228.247974180798,1386
9571.0,2416,0,0,1,5.727174071730398,775.0318708609271,4228.019478928442,1385
9572.0,2414,0,0,2,5.6954216867498655,775.8769676884839,4228.303533964024,1405
9573.0,2414,0,0,0,5.69075017777944,776.0791217895609,4229.051959376227,1407
9574.0,2411,0,0,3,5.665233178427953,777.2542513479884,4231.661085340378,1413
9575.0,2412,0,1,0,5.657209120696729,777.0451907131012,4230.657890788596,1409
9576.0,2412,0,0,0,5.65726930892044,777.2247097844113,4231.4100631259325,1411
9577.0,2410,0,0,2,5.640828186049679,778.0522821576764,4232.142287506128,1420
9578.0,2409,0,0,1,5.6578334834439605,778.5566625155666,4232.891944351706,1417
9579.0,2408,0,0,1,5.63744338097356,779.0382059800664,4234.2647611861585,1426
9580.0,2408,0,1,1,5.620768351457818,779.2720099667774,4233.549749798227,1426
9581.0,2408,0,0,0,5.597132791429143,779.5481727574751,4234.306637681355,1427
9582.0,2407,0,0,1,5.556829723494877,780.1138346489406,4235.172193055464,1443
9583.0,2407,0,0,0,5.538530681682799,780.324470294973,4235.932319422974,1436
9584.0,2405,0,0,2,5.522213383939153,781.1941787941788,4237.248148579739,1452
9585.0,2404,0,0,1,5.499915340545296,781.8635607321131,4238.612126292757,1458
9586.0,2403,0,0,1,5.485432155945057,782.3258426966293,4239.707792321565,1456
9587.0,2402,0,0,1,5.470842288605001,782.8488759367194,4239.549141579732,1463
9588.0,2401,0,0,1,5.451535150529299,783.3644314868804,4240.5040157390995,1470
9589.0,2400,0,1,2,5.429865025021223,783.9475,4239.411105365631,1474
9590.0,2400,0,0,0,5.430591694317597,784.275,4240.179146734192,1476
9591.0,2397,0,0,3,5.407347954665234,785.5348352106801,4239.841567726109,1478
9592.0,2397,0,1,1,5.399556956974654,785.8969545264914,4239.455166165989,1482
9593.0,2397,0,0,0,5.395888337551124,786.1589486858574,4240.224136015253,1489
9594.0,2395,0,0,2,5.379723601798863,787.1306889352818,4240.202843254277,1498
9595.0,2395,0,0,0,5.36783525087293,787.5461377870564,4240.9734697448,1509
9596.0,2394,0,0,1,5.336504890563853,788.1829573934837,4241.405194305785,1513
9597.0,2394,0,1,1,5.316460885164996,788.5213032581454,4241.368454402854,1524
9598.0,2393,0,0,1,5.274886331626521,789.2465524446302,4241.712701020346,1531
9599.0,2392,0,0,1,5.244827180428654,789.9703177257525,4243.113410530834,1535
9600.0,2393,0,2,1,5.2052036999591715,790.0154617634768,4240.975520451537,1538
9601.0,2393,0,0,0,5.172980557714104,790.5018804847472,4241.75798284101,1544
9602.0,2393,0,1,1,5.151745797847115,790.9264521521103,4240.578768341732,1561
9603.0,2393,0,0,0,5.1347412778617665,791.3790221479314,4241.364639080792,1566
9604.0,2393,0,1,1,5.103263409917485,791.7948182198078,4241.772779835284,1574
9605.0,2394,0,1,0,5.081868747951048,791.8997493734336,4240.789901869612,1581
9606.0,2394,0,0,0,5.062813033131524,792.2919799498746,4241.58058507649,1584
9607.0,2394,0,0,0,5.045514519790119,792.7593984962406,4242.37196559597,1590
9608.0,2394,0,0,0,5.021198298484682,793.2406015037594,4243.165368535096,1596
9609.0,2395,0,1,0,5.022229787848183,793.423382045929,4242.187393513775,1604
9610.0,2395,0,0,0,5.001407883556156,793.9361169102297,4242.982257399546,1614
9611.0,2395,0,0,0,5.007208561493007,794.3686847599165,4243.7772540277965,1611
9612.0,2396,0,1,0,5.0100666505011615,794.5968280467446,4242.800490006586,1615
9613.0,2396,0,0,0,5.006062306977416,795.0818030050084,4243.5963118732,1620
9614.0,2395,0,0,1,4.996860340199982,795.9114822546973,4244.94752013314,1628
9615.0,2395,0,1,1,4.998931858452424,796.3415448851774,4244.595214463494,1627
9616.0,2395,0,0,0,4.992674647787687,796.8584551148225,4245.394145265286,1633
9617.0,2394,0,0,1,4.991774119762996,797.6963241436926,4246.760794927003,1643
9618.0,2393,0,0,1,4.9827340675007115,798.5904722106143,4248.575637507489,1651
9619.0,2393,0,0,0,4.9709291005290055,799.1445883827831,4249.378650997621,1663
9620.0,2394,0,1,0,4.958587045271143,799.3404344193818,4248.407181321447,1664
9621.0,2394,0,0,0,4.94365129681659,799.8763575605681,4249.211908574368,1671
9622.0,2394,0,0,0,4.934911399882052,800.4089390142021,4250.017523540111,1684
9623.0,2392,0,0,2,4.903432714611645,801.6300167224081,4250.904050437616,1690
9624.0,2392,0,1,1,4.878817042563655,802.1764214046823,4249.839557084892,1696
9625.0,2392,0,0,0,4.865642460839795,802.7780100334448,4250.648923589525,1705
9626.0,2390,0,0,2,4.840967233866156,803.9882845188284,4253.060900340144,1700
9627.0,2390,0,0,0,4.834914734209676,804.5619246861925,4253.872299047717,1709
9628.0,2389,0,0,1,4.813370587922015,805.4767685223943,4253.825271152861,1714
9629.0,2388,0,0,1,4.808633732232025,806.4191792294807,4255.7514749734855,1729
9630.0,2387,0,0,1,4.791804921328037,807.3879346459992,4256.4279927058515,1733
9631.0,2386,0,0,1,4.859773775910358,803.6010058675607,4258.341972476786,1660
9632.0,2385,0,0,1,4.94750461557957,800.3153039832285,4260.4393599333025,1611
9633.0,2383,0,0,2,5.0668479783893625,797.4846831724717,4260.290158318119,1571
9634.0,2380,0,0,3,5.175903691666497,794.9781512605042,4260.03922992501,1536
9635.0,2380,0,0,0,5.303506944568881,791.7533613445378,4260.817928102854,1519
9636.0,2380,0,0,0,5.436697356651131,788.5252100840336,4261.587899959297,1496
9637.0,2379,0,0,1,5.556542052248802,785.5733501471207,4262.529294892471,1470
9638.0,2379,0,0,0,5.639251259492609,782.3749474569147,4263.285180387441,1455
9639.0,2378,0,0,1,5.706250739749623,779.4714045416316,4263.657903206233,1446
9640.0,2377,0,0,1,5.774412441336478,776.1623895666806,4263.840358221901,1429
9641.0,2377,0,0,0,5.837227820296917,776.0530079932688,4264.584098032095,1409
9642.0,2377,0,0,0,5.872519914403506,772.6731173748423,4265.326326805619,1394
9643.0,2377,0,0,0,5.894567290757476,769.32562053008,4266.065455836207,1391
9644.0,2377,0,0,0,5.923616002003015,766.0189314261675,4266.803501915757,1386
9645.0,2377,0,0,0,5.952882653754983,762.7681952040386,4267.5400620663895,1386
9646.0,2377,0,0,0,5.966839195065058,759.4026083298276,4268.275680259752,1378
9647.0,2376,0,0,1,5.972909791796663,756.4722222222222,4269.497996249268,1378
9648.0,2376,0,0,0,5.959803446397911,753.1422558922559,4270.234843163799,1371
9649.0,2376,0,0,0,5.952560465584585,749.8417508417508,4270.972308733193,1369
9650.0,2376,0,0,0,5.946104707170307,749.7209595959596,4271.709057126495,1368
9651.0,2375,0,0,1,5.938999643632941,746.9431578947368,4272.398665109127,1368
9652.0,2374,0,0,1,5.924070866311772,743.9932603201348,4273.085217328176,1365
9653.0,2373,0,0,1,5.924140763956479,741.086809945217,4273.480659772839,1362
9654.0,2373,0,0,0,5.925607791190692,737.8061525495153,4274.218052561171,1359
9655.0,2373,0,0,0,5.908890652175354,734.7648546144121,4274.956337155381,1353
9656.0,2373,0,0,0,5.898278708522063,731.5006321112515,4275.695781256798,1361
9657.0,2370,0,0,3,5.864823231619903,729.0987341772152,4277.547221290658,1357
9658.0,2369,0,0,1,5.865447046329658,729.4010130856901,4278.183695420932,1353
9659.0,2369,0,1,1,5.86914373717649,726.350358801182,4276.009138594612,1362
9660.0,2369,0,0,0,5.848560292707655,723.2173913043479,4276.748739020607,1366
9661.0,2369,0,0,0,5.834073611781255,720.0409455466441,4277.489220908655,1355
9662.0,2369,0,0,0,5.822147972381741,717.0194174757281,4278.229959810848,1360
9663.0,2369,0,0,0,5.828058208487486,713.9793161671591,4278.9699245088605,1353
9664.0,2368,0,0,1,5.836369193053496,711.2128378378378,4281.120535212733,1349
9665.0,2368,0,1,1,5.840133227459054,708.2174831081081,4281.370936242753,1360
9666.0,2368,0,0,0,5.840156440950736,705.1575168918919,4282.111837572832,1353
9667.0,2368,0,0,0,5.841302275659504,702.1017736486486,4282.853441518256,1355
9668.0,2366,0,0,2,5.818551332710408,699.707100591716,4281.152826426941,1358
9669.0,2366,0,0,0,5.825355838114652,696.6530008453085,4281.896385121075,1354
9670.0,2366,0,1,1,5.818589420283012,693.7806424344886,4281.069715468898,1356
9671.0,2366,0,0,0,5.800835827691865,694.030853761623,4281.814940228089,1365
9672.0,2365,0,0,1,5.779039069963126,691.4063424947146,4282.96842577983,1360
9673.0,2365,0,0,0,5.76485503694715,688.5758985200846,4283.716282501814,1365
9674.0,2364,0,0,1,5.734057560741396,685.9657360406092,4284.618335619513,1377
9675.0,2364,0,0,0,5.717859124452555,683.1184433164128,4285.370826473561,1383
9676.0,2365,0,1,0,5.715430205993529,679.862156448203,4284.311148995884,1389
9677.0,2365,0,0,0,5.7035453120412,680.046934460888,4285.064798405142,1390
9678.0,2365,0,0,0,5.705079846593346,680.2947145877379,4285.818933791833,1401
9679.0,2363,0,0,2,5.673703378442569,681.2149809564113,4289.404764099836,1413
9680.0,2363,0,0,0,5.66718520698058,681.4980956411341,4290.161130674949,1423
9681.0,2362,0,0,1,5.673986043876059,682.0563082133785,4291.412585111432,1424
9682.0,2360,0,0,2,5.660272867225064,679.9338983050848,4293.357985422995,1441
9683.0,2362,0,2,0,5.657475023843857,676.6587637595259,4290.477878648802,1445
9684.0,2362,0,1,1,5.66247024542625,673.9453852667231,4289.851573819344,1457
9685.0,2361,0,0,1,5.644214235677296,671.596357475646,4290.894590192016,1464
9686.0,2361,0,1,1,5.635453092024938,668.9661160525201,4290.031819873431,1474
9687.0,2360,0,0,1,5.607546854975682,666.546186440678,4291.1283111924195,1467
9688.0,2359,0,0,1,5.583436758211699,664.1822806273844,4291.6136476667825,1479
9689.0,2360,0,1,0,5.552553824142989,661.3402542372881,4290.559254928069,1491
9690.0,2360,0,0,0,5.512740136508635,658.7211864406779,4291.3260169101295,1496
9691.0,2362,0,2,0,5.443569953235427,655.5563082133785,4288.462454778585,1513
9692.0,2362,0,0,0,5.397084205672469,652.934801016088,4289.2358214658425,1522
9693.0,2362,0,1,1,5.353719791714371,650.4017781541066,4289.524736091494,1531
9694.0,2361,0,0,1,5.312309940734956,647.9686573485811,4291.547865127047,1532
9695.0,2362,0,2,1,5.278235171342317,648.0889077053345,4288.986798660643,1547
9696.0,2361,0,0,1,5.23196153526972,645.8958068614994,4290.505186358244,1560
9697.0,2363,0,2,0,5.226988851590638,642.8713499788405,4287.657247269973,1571
9698.0,2363,0,0,0,5.202816234203815,640.4722809987304,4288.443343047776,1574
9699.0,2363,0,1,1,5.184857112717064,638.0939483707152,4288.210489047748,1583
9700.0,2364,0,2,1,5.168169708283258,635.4462774957699,4285.001679891144,1583
9701.0,2364,0,0,0,5.158794028233505,633.087986463621,4285.792170903316,1597
9702.0,2364,0,1,1,5.1324380247857055,630.8409475465313,4285.223468249838,1605
9703.0,2364,0,1,1,5.1132036990498735,628.6163282571912,4284.731802868108,1620
9704.0,2362,0,0,2,5.082880627200724,626.850550381033,4287.233735918263,1623
9705.0,2362,0,1,1,5.086436284610714,624.5939881456393,4287.64717134285,1633
9706.0,2359,0,0,3,5.07476804058354,623.1593895718524,4290.4122498681345,1639
9707.0,2360,0,2,1,5.0524734551600625,620.6783898305084,4288.62040377187,1640
9708.0,2359,0,0,1,5.062872543777011,621.4387452310301,4289.161830905804,1645
9709.0,2357,0,0,2,5.043318719587737,622.4815443360204,4291.148500451085,1648
9710.0,2356,0,1,2,5.028879386734953,623.2882003395586,4290.068336591206,1658
9711.0,2356,0,0,0,5.031134676712501,623.8259762308999,4290.870845579153,1671
9712.0,2355,0,0,1,5.029047279593051,624.6505307855626,4293.115367764561,1670
9713.0,2353,0,0,2,5.018357176964338,625.7356566085848,4294.614931982445,1676
9714.0,2350,0,0,3,5.019275269095246,627.1268085106383,4296.1599649005675,1683
9715.0,2350,0,0,0,5.010400177897318,627.7174468085107,4296.965692021736,1685
9716.0,2348,0,0,2,4.983124257194326,628.7789608177172,4296.0417248237,1688
9717.0,2349,0,1,0,4.96342461081684,629.0715197956578,4295.020432164774,1691
9718.0,2349,0,0,0,4.940821851417752,629.5798212005109,4295.829550806473,1693
9719.0,2349,0,0,0,4.922837495818951,630.1813537675606,4296.639410022566,1700
9720.0,2349,0,0,0,4.909116641883951,630.7679863771817,4297.450015050367,1703
9721.0,2349,0,0,0,4.992458927165677,629.1183482332908,4298.255010338968,1614
9722.0,2349,0,0,0,5.106885625775942,628.3154533844189,4299.052210886633,1558
9723.0,2349,0,0,0,5.227669529394,627.8246062154108,4299.841427914302,1513
9724.0,2349,0,0,0,5.378065070813099,627.62239250745,4300.619237738632,1490
9725.0,2349,0,0,0,5.538057183873526,627.4269902085994,4301.38774490934,1466
9726.0,2349,0,0,0,5.677702568801105,627.1915708812261,4302.147534809482,1442
9727.0,2349,0,0,0,5.810319188628545,626.8548318433376,4302.89853990488,1410
9728.0,2349,0,0,0,5.943387804804015,626.4338016177097,4303.64053177569,1365
9729.0,2349,0,0,0,6.044357041795139,626.1728395061729,4304.3766670645955,1347
9730.0,2349,0,0,0,6.152240937151065,625.9127288207748,4305.104881996254,1325
9731.0,2349,0,0,0,6.229581662589556,625.616858237548,4305.828557290832,1317
9732.0,2349,0,0,0,6.274510251503965,625.5874840357599,4306.548643306554,1315
9733.0,2348,0,0,1,6.290803722995633,625.8028109028961,4307.775112988721,1306
9734.0,2348,0,0,0,6.313750307770631,625.5800681431006,4308.491716255474,1299
9735.0,2346,0,0,2,6.321679478533657,625.7932651321398,4308.934460298972,1285
9736.0,2346,0,0,0,6.320077607017364,625.6726342710997,4309.649304212428,1293
9737.0,2345,0,0,1,6.316565658550522,625.8422174840085,4311.00324251459,1284
9738.0,2343,0,0,2,6.3068618851267315,626.4583866837388,4312.416239855605,1284
9739.0,2343,0,0,0,6.309751179215896,626.452411438327,4313.13077898382,1284
9740.0,2341,0,0,2,6.326165592376762,626.9777872703972,4311.951299099811,1285
9741.0,2341,0,0,0,6.329424550557136,626.9568560444254,4312.664470663102,1272
9742.0,2341,0,0,0,6.320555674105254,627.0072618539086,4313.377922757708,1277
9743.0,2341,0,0,0,6.318615592054547,626.9508756941478,4314.09105904255,1273
9744.0,2341,0,0,0,6.308443499151231,626.9008970525416,4314.804462816697,1266
9745.0,2339,0,0,2,6.288226048508923,627.3963232150492,4317.272997147135,1267
9746.0,2337,0,0,2,6.250892488974451,627.882755669662,4320.276901515094,1262
9747.0,2336,0,1,2,6.215542066163439,628.1643835616438,4318.787090633359,1271
9748.0,2336,0,0,0,6.2184679701121865,628.0667808219179,4319.505398704984,1267
9749.0,2334,0,0,2,6.21857789117401,628.6491002570694,4320.775307885308,1273
9750.0,2333,0,0,1,6.223321428923676,628.8791255893699,4321.0183193654,1279
9751.0,2333,0,0,0,6.239581693314023,628.856408058294,4321.734793502873,1269
9752.0,2332,0,0,1,6.258963040911222,629.1042024013722,4322.8898095978975,1265
9753.0,2332,0,0,0,6.2660682461438375,629.0621783876501,4323.604249554234,1262
9754.0,2331,0,1,2,6.263472720247736,629.3492063492064,4323.9453442183985,1271
9755.0,2329,0,0,2,6.270460012588204,629.9480463718334,4324.603241505252,1268
9756.0,2328,0,0,1,6.248614295155885,630.2624570446735,4326.707946357517,1274
9757.0,2327,0,0,1,6.244894152840385,630.5926085088096,4328.375027564481,1277
9758.0,2327,0,0,0,6.260860682325209,630.7980232058444,4329.091972372352,1280
9759.0,2327,0,0,0,6.255920883892719,630.9712075633863,4329.808801523082,1286
9760.0,2327,0,1,1,6.219837583214268,631.0936828534594,4329.136286603683,1284
9761.0,2326,0,0,1,6.191780943942147,631.5206362854686,4330.251522920655,1289
9762.0,2325,0,0,1,6.156712681275591,631.9415053763441,4331.674780471159,1298
9763.0,2325,0,0,0,6.148882682463599,632.061505376344,4332.397787400442,1290
9764.0,2324,0,0,1,6.136127597485289,632.5490533562822,4333.324766798089,1306
9765.0,2323,0,0,1,6.1118715233685945,633.0258286698235,4333.280634370927,1305
9766.0,2323,0,1,1,6.091859687204347,633.1343090830823,4331.23849739921,1304
9767.0,2323,0,0,0,6.092730263436424,633.3646147223418,4331.964679104288,1307
9768.0,2323,0,0,0,6.095191311618307,633.5135600516574,4332.6907681029625,1314
9769.0,2323,0,0,0,6.075398949759761,633.7322427894964,4333.418046567932,1327
9770.0,2320,0,0,3,6.030736446743795,634.773275862069,4333.690681708034,1346
9771.0,2320,0,0,0,6.000863965633391,635.0,4334.422071733343,1355
9772.0,2319,0,2,3,5.947946785744789,635.4631306597671,4330.208273965107,1364
9773.0,2317,0,0,2,5.900685702565131,636.2589555459646,4331.562847256165,1372
9774.0,2315,0,0,2,5.839985730306087,637.0591792656587,4333.433521168522,1392
9775.0,2315,0,0,0,5.794908254002251,637.4164146868251,4334.175358629766,1397
9776.0,2313,0,0,2,5.75395042865563,638.3406830955469,4334.763391885945,1414
9777.0,2312,0,0,1,5.702314374571277,639.0151384083046,4335.879940774262,1422
9778.0,2313,0,1,0,5.661108813178818,639.1015996541288,4334.753354085388,1430
9779.0,2312,0,0,1,5.608615793992776,639.7603806228374,4336.05184579979,1442
9780.0,2312,0,0,0,5.58062501030494,640.1600346020762,4336.804574340554,1451
9781.0,2311,0,0,1,5.540299116714194,640.8546083946344,4338.99966897981,1461
9782.0,2311,0,0,0,5.5034186231501705,641.3241021202942,4339.758463435027,1471
9783.0,2309,0,0,2,5.473857781764961,642.243395409268,4341.3256894042115,1471
9784.0,2309,0,0,0,5.433681276418427,642.6574274577739,4342.088991774874,1481
9785.0,2309,0,1,1,5.399545956104122,643.119099177133,4342.366680142722,1497
9786.0,2310,0,1,0,5.358387808851915,643.3233766233766,4341.255390992426,1511
9787.0,2310,0,1,1,5.331620247368315,643.7649350649351,4339.423647638445,1522
9788.0,2310,0,0,0,5.3108083063819596,644.2458874458874,4340.197117471321,1533
9789.0,2310,0,0,0,5.301453991205539,644.7021645021645,4340.971022919926,1540
9790.0,2310,0,0,0,5.292698787819629,645.2679653679654,4341.746551394318,1554
9791.0,2310,0,1,1,5.261599966839331,645.7510822510823,4342.162762966624,1565
9792.0,2310,0,0,0,5.2479597115257555,646.251948051948,4342.941861010384,1572
9793.0,2310,0,0,0,5.217159444637414,646.7471861471862,4343.722705558506,1578
9794.0,2309,0,0,1,5.198470256935379,647.5374621048073,4345.9985443274145,1588
9795.0,2308,0,1,2,5.169478747123622,648.3383882149046,4346.659719578431,1590
9796.0,2308,0,0,0,5.142614880380315,648.8318890814558,4347.446343556609,1594
9797.0,2308,0,0,0,5.1259077995408635,649.2950606585789,4348.234076209366,1595
9798.0,2308,0,1,1,5.1064891439475115,649.8336221837088,4348.3083114052415,1601
9799.0,2308,0,0,0,5.099675842071857,650.3782495667244,4349.098977035094,1611
9800.0,2308,0,0,0,5.084716066979573,650.8544194107452,4349.890073156778,1612
9801.0,2308,0,0,0,5.052331222520286,651.3786828422877,4350.683659701687,1612
9802.0,2307,0,0,1,5.017708647725878,652.2249674902471,4351.628310307162,1620
9803.0,2306,0,0,1,4.9797265923807394,653.112749349523,4353.411260562729,1628
9804.0,2304,0,0,2,4.965603473109059,654.2873263888889,4355.005613378018,1634
9805.0,2305,0,1,0,4.974740414901151,654.592190889371,4353.914905721745,1636
9806.0,2305,0,0,0,4.980445412980548,655.1383947939263,4354.713269865756,1640
9807.0,2305,0,0,0,4.976840559692049,655.5574837310195,4355.512102335971,1636
9808.0,2305,0,0,0,4.969016469208649,656.0967462039046,4356.312005081851,1645
9809.0,2305,0,0,0,4.961544986890754,656.7258134490239,4357.1124856821625,1655
9810.0,2305,0,0,0,4.941856944003424,657.3431670281996,4357.914407439422,1659
9811.0,2302,0,0,3,4.982185971057751,656.6320590790617,4358.771161091403,1562
9812.0,2302,0,0,0,5.088670822700913,655.5512597741094,4359.560660901268,1500
9813.0,2302,0,0,0,5.210804276975634,654.7745438748914,4360.342593894213,1450
9814.0,2302,0,0,0,5.350146674611978,654.1177237185057,4361.114893005073,1403
9815.0,2301,0,0,1,5.475210982752654,653.8248587570622,4361.988992575265,1376
9816.0,2301,0,0,0,5.6160383625358365,653.2833550630161,4362.744135458202,1355
9817.0,2299,0,0,2,5.756010114261473,653.4893431926924,4364.690089311651,1344
9818.0,2297,0,0,2,5.86630603408831,653.7326948193296,4365.218073815997,1325
9819.0,2296,0,0,1,5.995231870499519,653.5013066202091,4367.385794214852,1300
9820.0,2295,0,0,1,6.1019182207421565,653.5729847494554,4367.66653383267,1292
9821.0,2295,0,0,0,6.167477880865638,653.4544662309369,4368.386794854137,1275
9822.0,2295,0,0,0,6.224312308785599,653.1128540305011,4369.102955125,1265
9823.0,2291,0,0,4,6.269371235575655,653.8537756438236,4369.611925012041,1252
9824.0,2291,0,0,0,6.299534627106263,653.5425578350065,4370.323550422685,1241
9825.0,2291,0,0,0,6.331238166115334,653.2902662592754,4371.032851873838,1231
9826.0,2291,0,0,0,6.366791805386639,653.0523788738542,4371.739325501476,1219
9827.0,2290,0,0,1,6.3553355309557125,653.1467248908297,4373.412339477397,1224
9828.0,2290,0,0,0,6.357710785115298,653.2620087336245,4374.118440798557,1212
9829.0,2289,0,0,1,6.345260111481848,653.4622105723023,4375.526052458842,1210
9830.0,2289,0,0,0,6.349286861692191,653.4193971166449,4376.230519145236,1209
9831.0,2288,0,0,1,6.346304157652711,653.5804195804196,4377.8952994188885,1197
9832.0,2286,0,0,2,6.344323542973852,654.1692913385826,4378.235041913713,1202
9833.0,2285,0,0,1,6.351243723393178,654.3431072210066,4378.493431016256,1188
9834.0,2283,0,0,2,6.3397628521817655,654.8366184844502,4380.4572731759645,1195
9835.0,2281,0,0,2,6.3531076208130015,655.3384480491013,4382.647716786669,1194
9836.0,2280,0,0,1,6.3469562975748515,655.5653508771929,4384.415318448239,1199
9837.0,2281,0,1,0,6.333466757085407,655.4072775098641,4383.197515915911,1200
9838.0,2280,0,0,1,6.326423582431563,655.6828947368421,4384.464024922073,1206
9839.0,2280,0,0,0,6.347562326726809,655.6162280701755,4385.16778223644,1194
9840.0,2280,0,0,0,6.356254601403293,655.5530701754386,4385.871464182219,1189
9841.0,2279,0,0,1,6.3665637636334615,655.989030276437,4387.543461567792,1184
9842.0,2279,0,0,0,6.3585509266837965,655.9012724879333,4388.247131566829,1187
9843.0,2280,0,1,0,6.341288875262095,655.6385964912281,4387.026898325501,1195
9844.0,2278,0,0,2,6.32854420284937,656.171202809482,4388.498998074364,1193
9845.0,2278,0,0,0,6.29880615858854,656.3546971027217,4389.206662735375,1201
9846.0,2277,0,0,1,6.273098314646969,656.6003513394818,4390.412109705259,1194
9847.0,2276,0,0,1,6.248104136525968,656.8875219683656,4392.136769727859,1195
9848.0,2275,0,1,2,6.227641487523909,657.2021978021978,4391.03704989139,1199
9849.0,2274,0,0,1,6.2149603058645955,657.4771328056288,4391.858745598719,1190
9850.0,2273,0,0,1,6.190966529949717,657.7606687197537,4393.504471490453,1203
9851.0,2272,0,0,1,6.157862906805826,658.2341549295775,4395.052562469431,1205
9852.0,2272,0,0,0,6.133371321986431,658.3670774647887,4395.768511686906,1218
9853.0,2272,0,1,1,6.078511284539784,658.5558978873239,4394.238226278633,1230
9854.0,2272,0,0,0,6.02330113131773,658.8547535211268,4394.960550729967,1238
9855.0,2272,0,0,0,5.960528922728225,659.0470950704225,4395.686875534423,1245
9856.0,2272,0,0,0,5.890340107590563,659.1897007042254,4396.416784972854,1251
9857.0,2271,0,0,1,5.8259698363773555,659.5834434169969,4398.295783813506,1261
9858.0,2271,0,0,0,5.782093757049488,659.6415675913695,4399.031997687821,1264
9859.0,2270,0,0,1,5.737949847382192,660.2259911894273,4399.085119557715,1276
9860.0,2271,0,1,0,5.712936237565866,660.0797005724351,4397.888168098029,1285
9861.0,2272,0,1,0,5.683066403322196,659.893485915493,4396.694435447364,1297
9862.0,2273,0,1,0,5.646786089127664,660.0259568851737,4395.504971172843,1325
9863.0,2273,0,1,1,5.635324359976407,660.3075230972283,4393.985433446682,1330
9864.0,2272,0,0,1,5.608816826232529,661.0070422535211,4395.858673284579,1354
9865.0,2272,0,0,0,5.587954066726765,661.3265845070423,4396.606969137914,1365
9866.0,2273,0,1,0,5.569945582711009,661.4641443026836,4395.42207715935,1381
9867.0,2273,0,1,1,5.519807423076529,661.8640563132424,4394.710943799795,1386
9868.0,2273,0,0,0,5.494927363813188,662.2710074791025,4395.465099702106,1395
9869.0,2274,0,1,0,5.449992990599589,662.3641160949868,4394.2892992808665,1409
9870.0,2275,0,1,0,5.420105310926376,662.5059340659341,4393.117394899289,1418
9871.0,2276,0,1,0,5.394162638566905,662.5962214411247,4391.948786124914,1428
9872.0,2276,0,1,1,5.359863001564234,662.9916520210896,4391.406506604881,1440
9873.0,2276,0,1,1,5.330542716143638,663.47539543058,4389.508267986977,1461
9874.0,2275,0,0,1,5.295615954137245,664.2241758241759,4390.068750218925,1475
9875.0,2276,0,1,0,5.26367745649516,664.4503514938489,4388.911749830509,1499
9876.0,2278,0,2,0,5.244389320507853,664.367866549605,4385.831201093379,1505
9877.0,2277,0,0,1,5.2102252396422735,665.1339481774264,4387.440651575248,1522
9878.0,2278,0,1,0,5.1893135371303805,665.3718173836698,4386.291308426604,1534
9879.0,2278,0,1,1,5.168529112451898,665.8937664618086,4384.655192567113,1544
9880.0,2277,0,1,2,5.154438687770439,666.5630215195432,4385.2241375847125,1539
9881.0,2277,0,0,0,5.155144952153448,666.9947299077734,4386.003818398715,1542
9882.0,2277,0,1,1,5.1393676045490535,667.5037329819938,4385.627656531054,1548
9883.0,2277,0,0,0,5.139631222334996,668.0136144049187,4386.409716969211,1550
9884.0,2279,0,2,0,5.135049860205148,667.9240895129443,4383.34200622542,1552
9885.0,2279,0,0,0,5.122051391153621,668.4611671785871,4384.126645979084,1563
9886.0,2279,0,1,1,5.097493387405532,669.0188679245283,4384.524246611003,1574
9887.0,2279,0,0,0,5.057442708204906,669.4054409828873,4385.314334038348,1574
9888.0,2278,0,0,1,5.0351161277706735,670.2352941176471,4386.612596428898,1584
9889.0,2276,0,0,2,5.013250609845638,671.4134446397188,4387.9223218031275,1588
9890.0,2277,0,1,0,4.996761371166865,671.6903820816864,4386.789204458646,1601
9891.0,2278,0,1,0,4.995668305101182,671.8770851624232,4385.658291754445,1595
9892.0,2278,0,0,0,4.972589196559432,672.4126426690079,4386.454647134653,1611
9893.0,2278,0,0,0,4.960682040853368,672.9714661984196,4387.251633754505,1613
9894.0,2278,0,0,0,4.9347540854042675,673.2791922739245,4388.050042546026,1607
9895.0,2278,0,0,0,4.937375846126544,673.6343283582089,4388.848558344979,1610
9896.0,2278,0,0,0,4.914214249461788,674.1066725197542,4389.64880428794,1607
9897.0,2278,0,0,0,4.899563209288824,674.513608428446,4390.450458991913,1609
9898.0,2278,0,0,0,4.878545322207724,675.0851624231782,4391.25307272141,1611
9899.0,2278,0,0,0,4.854092855014614,675.6589113257244,4392.057070082963,1620
9900.0,2277,0,0,1,4.831760754977795,676.5467720685112,4393.947165952261,1626
9901.0,2276,0,0,1,4.878781276037452,675.3532513181019,4395.3808072211295,1528
9902.0,2273,0,0,3,4.968367958028366,675.2006159260889,4395.2380882178595,1466
9903.0,2271,0,0,2,5.09007197576299,674.9841479524439,4396.669400042767,1405
9904.0,2270,0,0,1,5.263797149588505,674.7528634361233,4397.218174662118,1365
9905.0,2269,0,0,1,5.420906051356076,674.6976641692376,4398.988505951912,1341
9906.0,2268,0,0,1,5.572470143801423,674.6992945326278,4399.3011855268705,1319
9907.0,2266,0,0,2,5.697405790093169,675.0022065313327,4401.616898259386,1303
9908.0,2266,0,0,0,5.83277564293117,674.7422771403354,4402.351087773119,1291
9909.0,2264,0,0,2,5.915458520405731,675.1325088339223,4402.027405177686,1279
9910.0,2262,0,0,2,5.987247079960798,675.5066312997347,4401.775652917172,1271
9911.0,2261,0,0,1,6.048682927057215,675.500221141088,4401.595312636823,1271
9912.0,2260,0,0,1,6.097784889891488,675.7787610619469,4402.980098405133,1265
9913.0,2258,0,0,2,6.116906425763372,676.2732506643047,4403.818101197264,1256
9914.0,2256,0,0,2,6.123601701358781,676.7304964539007,4403.610499740242,1259
9915.0,2253,0,0,3,6.123997455101585,677.4576120727918,4406.392539715984,1251
9916.0,2253,0,0,0,6.128788135512669,677.2734132268087,4407.104310897197,1248
9917.0,2252,0,0,1,6.147658276508824,677.5501776198935,4408.613789930889,1244
9918.0,2252,0,0,0,6.15596489547206,677.6256660746003,4409.324024358507,1244
9919.0,2252,0,0,0,6.191556230597054,677.6079040852576,4410.0326416143325,1247
9920.0,2251,0,0,1,6.211759031814207,677.8396268325189,4411.523929356749,1251
9921.0,2251,0,0,0,6.228629233755896,677.7858729453576,4412.231274898319,1246
9922.0,2251,0,0,0,6.250597089190232,677.747667703243,4412.93767189635,1241
9923.0,2250,0,0,1,6.254656960965166,677.9097777777778,4413.306977909352,1237
9924.0,2249,0,0,1,6.22878449445493,678.1516229435305,4412.452068234154,1229
9925.0,2249,0,0,0,6.244320389815439,678.0942641173855,4413.157690243232,1223
9926.0,2249,0,0,0,6.255977347342271,678.1258337038684,4413.862887403136,1218
9927.0,2249,0,1,1,6.231844045015015,678.0520231213873,4411.973327302374,1216
9928.0,2249,0,0,0,6.20806776003864,677.9875500222321,4412.6811724138,1216
9929.0,2248,0,0,1,6.167192606647918,678.2593416370107,4414.62781812992,1220
9930.0,2248,0,0,0,6.167331670323693,678.4786476868327,4415.337895735813,1221
9931.0,2248,0,0,0,6.1701984502310925,678.3870106761566,4416.048663217684,1222
9932.0,2247,0,0,1,6.145261249811907,678.6279483756119,4416.767562402278,1220
9933.0,2247,0,0,0,6.161313867275005,678.4623943035158,4417.478872424166,1222
9934.0,2247,0,1,1,6.167087891176665,678.4170004450378,4417.714520886133,1228
9935.0,2246,0,0,1,6.1499015151150775,678.6794300979519,4418.936404964168,1219
9936.0,2246,0,0,0,6.152862638076624,678.6108637577917,4419.649962552555,1227
9937.0,2246,0,0,0,6.156055599185003,678.60017809439,4420.363320240758,1221
9938.0,2247,0,1,0,6.151692467632691,678.4259012016022,4419.109781331955,1222
9939.0,2245,0,0,2,6.155315475001627,679.1527839643653,4419.27034220476,1214
9940.0,2245,0,0,0,6.146861328377439,679.2062360801782,4419.985935330652,1222
9941.0,2244,0,0,1,6.128878571092894,679.5530303030303,4421.7934303994325,1214
9942.0,2243,0,0,1,6.083315509017831,679.8796255015604,4422.305487296652,1210
9943.0,2243,0,0,0,6.054790265577586,679.9665626393223,4423.025791427387,1223
9944.0,2243,0,1,1,5.989493466316302,680.0383415069103,4422.873522034819,1222
9945.0,2243,0,0,0,5.928348583912393,680.0980829246545,4423.601509096856,1227
9946.0,2242,0,0,1,5.856549546598878,680.4259589652096,4424.494486062153,1236
9947.0,2241,0,0,1,5.7835244234573775,680.9491298527444,4424.6839074904,1246
9948.0,2241,0,0,0,5.735831061465416,680.9892904953145,4425.423316925492,1258
9949.0,2241,0,0,0,5.702533435920104,681.0473003123606,4426.164261789032,1268
9950.0,2240,0,0,1,5.651186786793322,681.434375,4427.3363932167085,1280
9951.0,2237,0,1,4,5.6089621315505465,682.6557890031291,4427.68969198773,1298
9952.0,2237,0,1,1,5.561923437101952,682.9409924005364,4427.062263587026,1307
9953.0,2236,0,1,2,5.513709100501811,683.595259391771,4424.079600690626,1322
9954.0,2235,0,0,1,5.48914077910764,684.2586129753915,4424.226700656677,1328
9955.0,2236,0,1,0,5.463244728923982,684.4042933810375,4423.004658406306,1356
9956.0,2235,0,0,1,5.444095546877161,685.1883668903803,4423.860805829933,1374
9957.0,2235,0,1,1,5.4262286029150335,685.607158836689,4422.394032536809,1387
9958.0,2235,0,0,0,5.371996425940983,686.041610738255,4423.156360976661,1400
9959.0,2237,0,2,0,5.327879561009384,685.8520339740725,4419.966410943233,1409
9960.0,2237,0,0,0,5.285124900201604,686.0666070630308,4420.734396393083,1408
9961.0,2238,0,1,0,5.259993150071866,686.1371760500447,4419.528663671651,1422
9962.0,2238,0,0,0,5.245561044625648,686.5661304736371,4420.299876220108,1427
9963.0,2238,0,0,0,5.216111553234157,687.0625558534406,4421.0732800572305,1444
9964.0,2239,0,1,0,5.195582173234747,687.1554265297008,4419.872613138355,1444
9965.0,2236,0,0,3,5.151809587511475,688.5250447227191,4420.517849250688,1454
9966.0,2236,0,1,1,5.116998842776093,688.9248658318426,4419.890096401702,1459
9967.0,2236,0,1,1,5.083389034947797,689.4110017889087,4418.556591915291,1462
9968.0,2235,0,0,1,5.071090520815472,690.192393736018,4417.836645591711,1477
9969.0,2235,0,0,0,5.071473591865767,690.6868008948546,4418.6190981605005,1490
9970.0,2235,0,0,0,5.062382851126489,691.2062639821029,4419.403447092241,1496
9971.0,2235,0,0,0,5.057300564111349,691.6326621923937,4420.187481843537,1500
9972.0,2235,0,0,0,5.040731159454913,692.0979865771812,4420.973809841049,1510
9973.0,2235,0,0,0,5.028068095865209,692.621029082774,4421.761328079419,1514
9974.0,2235,0,1,1,4.993941400218637,693.158836689038,4420.964083284287,1534
9975.0,2235,0,0,0,4.965798764106313,693.6442953020135,4421.756667188886,1534
9976.0,2235,0,0,0,4.940320462942471,694.1328859060403,4422.551984720703,1537
9977.0,2235,0,0,0,4.918929240368339,694.6510067114094,4423.349610292642,1546
9978.0,2235,0,0,0,4.91535613272076,695.1843400447427,4424.147804847759,1558
9979.0,2234,0,0,1,4.892162817758835,696.0913160250672,4425.57075202278,1574
9980.0,2234,0,0,0,4.865037198002423,696.7018800358102,4426.3726637142,1583
9981.0,2234,0,1,1,4.8358189703680905,697.2824529991047,4425.1114905188215,1586
9982.0,2233,0,0,1,4.814912732227326,698.1683833407972,4426.271799657101,1595
9983.0,2233,0,0,0,4.806502273168513,698.7783251231527,4427.079181507709,1607
9984.0,2233,0,0,0,4.796963222673938,699.3627407075683,4427.887341967958,1612
9985.0,2233,0,0,0,4.77575862499627,699.9632781012091,4428.696417217058,1616
9986.0,2231,0,0,2,4.72720012550481,701.1559838637382,4430.258186826825,1627
9987.0,2231,0,0,0,4.722251493452912,701.7678171223666,4431.070006542345,1631
9988.0,2231,0,0,0,4.7050949561215605,702.355445988346,4431.883860472983,1628
9989.0,2230,0,0,1,4.68764527149885,703.2488789237668,4434.104726225647,1630
9990.0,2229,0,0,1,4.662774686758225,704.1475998205474,4434.077093899954,1639
9991.0,2228,0,0,1,4.7349397549464936,702.4663375224417,4434.158130036841,1540
9992.0,2227,0,0,1,4.828855425775935,701.3322855859901,4434.655142364125,1480
9993.0,2225,0,0,2,4.9738121883922455,700.5388764044944,4434.52841560447,1418
9994.0,2225,0,0,0,5.143674094440658,699.2844943820224,4435.310007457359,1369
9995.0,2224,0,0,1,5.307982468318974,698.5854316546763,4437.162296209991,1348
9996.0,2224,0,0,0,5.461679292562039,697.7000899280575,4437.922325239422,1315
9997.0,2224,0,0,0,5.629902870384635,696.87095323741,4438.672007522212,1300
9998.0,2224,0,0,0,5.778188706544479,696.0944244604317,4439.410683376613,1277
9999.0,2224,0,0,0,5.905737736865748,695.4937050359712,4440.141579935939,1263
10000.0,2224,0,0,0,5.995346799182534,695.1267985611511,4440.865808220078,1257
10001.0,2224,0,0,0,6.044478277873043,694.7661870503597,4441.586400114052,1241
10002.0,2222,0,0,2,6.07931487507466,695.4482448244825,4441.481851833877,1243
10003.0,2222,0,0,0,6.117918640190271,694.4419441944194,4442.196389156945,1224
10004.0,2222,0,0,0,6.159769155004524,693.986498649865,4442.908357861658,1214
10005.0,2222,0,0,0,6.2061104686152095,693.7245724572457,4443.617895147171,1215
10006.0,2221,0,0,1,6.227332098864217,693.7100405222873,4443.874346774188,1205
10007.0,2220,0,0,1,6.258178772328542,693.686936936937,4444.323925111454,1197
10008.0,2220,0,0,0,6.270566977573396,693.7112612612613,4445.027968432684,1196
10009.0,2219,0,0,1,6.294714834912533,693.7899954934655,4445.493520082507,1199
10010.0,2217,0,0,2,6.289440312751595,694.0987821380244,4446.407063816726,1187
10011.0,2217,0,0,0,6.29278839813436,693.723049165539,4447.110450870163,1178
10012.0,2217,0,0,0,6.311440746679496,693.3915200721696,4447.813027854588,1168
10013.0,2217,0,0,0,6.307078556281625,693.4952638700947,4448.515357678566,1165
10014.0,2216,0,0,1,6.308501227245133,693.4842057761733,4448.671652781105,1161
10015.0,2216,0,0,0,6.297086608746544,693.134476534296,4449.37450263425,1161
10016.0,2216,0,0,0,6.3220891481409955,692.7996389891697,4450.0754944451855,1162
10017.0,2217,0,1,0,6.323966177932454,692.1186287776275,4448.769582938533,1159
10018.0,2216,0,0,1,6.313848457489936,692.6295126353791,4449.80250789432,1161
10019.0,2216,0,0,0,6.310884510779742,691.9020758122743,4450.504061134777,1153
10020.0,2216,0,0,0,6.29531148609326,691.9918772563177,4451.206514523755,1152
10021.0,2215,0,0,1,6.2785157339986295,691.9363431151241,4452.2225639443595,1147
10022.0,2213,0,0,2,6.252498295729534,692.3511070944419,4451.968157859259,1147
10023.0,2214,0,1,0,6.232681397393544,691.8500451671183,4450.661731646374,1155
10024.0,2214,0,0,0,6.210742861735859,691.5858175248419,4451.367085786276,1149
10025.0,2214,0,0,0,6.204787781436732,691.659891598916,4452.073533701603,1144
10026.0,2213,0,0,1,6.212792580597128,691.7641211025757,4452.7712517130385,1161
10027.0,2213,0,0,0,6.222494612270822,691.5255309534568,4453.475738537317,1162
10028.0,2213,0,0,0,6.221377669296383,691.290103931315,4454.180273260093,1163
10029.0,2214,0,1,0,6.199355905919194,691.1495031616982,4452.87466499088,1166
10030.0,2214,0,0,0,6.151761414002412,690.9277326106594,4453.583941338936,1174
10031.0,2212,0,0,2,6.084875178125232,691.3869801084991,4452.829425423659,1184
10032.0,2212,0,0,0,6.042363290374728,691.2264918625679,4453.546387187288,1190
10033.0,2211,0,0,1,5.983826580374008,691.4106739032112,4454.646529029648,1208
10034.0,2211,0,1,1,5.935022051765355,691.2795115332428,4454.897362524234,1208
10035.0,2211,0,0,0,5.900541051908878,691.1777476255088,4455.6221180994135,1224
10036.0,2211,0,0,0,5.865430513197458,691.0370872908186,4456.34861624206,1229
10037.0,2211,0,0,0,5.841275500779602,691.193577566712,4457.076959151933,1234
10038.0,2210,0,0,1,5.80237791320632,691.7547511312217,4458.981559490374,1234
10039.0,2209,0,0,1,5.770659526824359,692.4083295608873,4458.949382556881,1261
10040.0,2208,0,0,1,5.738052303936939,693.0076992753624,4459.1814074410995,1271
10041.0,2208,0,1,1,5.712581034035323,693.3586956521739,4457.740924505419,1286
10042.0,2208,0,0,0,5.690725706848531,693.6951992753624,4458.4797290671795,1303
10043.0,2209,0,2,1,5.658017143891791,693.599366229063,4454.610947824216,1315
10044.0,2207,0,0,2,5.599065274041564,694.5432714091527,4456.116350063293,1330
10045.0,2208,0,1,0,5.535275498028658,694.5932971014493,4454.846747921182,1339
10046.0,2209,0,1,0,5.478718219190212,694.6813037573563,4453.582015784582,1362
10047.0,2210,0,1,0,5.441181964922339,694.6506787330317,4452.321247854257,1364
10048.0,2209,0,0,1,5.376892883186556,695.33589859665,4453.1060554514415,1369
10049.0,2211,0,2,0,5.320660412804142,695.1483491632746,4449.840242457994,1385
10050.0,2211,0,0,0,5.261565760158559,695.5961103573044,4450.607925806343,1407
10051.0,2211,0,0,0,5.214140633392733,696.0569877883311,4451.37785183133,1422
10052.0,2211,0,1,1,5.173872500030135,696.4219810040705,4449.941527986228,1428
10053.0,2211,0,1,1,5.122000339087874,696.8190863862505,4448.32722822351,1438
10054.0,2212,0,1,0,5.102487075161867,696.879746835443,4447.095702407908,1450
10055.0,2212,0,1,1,5.066026245160938,697.3019891500904,4447.373334641267,1455
10056.0,2213,0,1,0,5.038768109821219,697.3813827383642,4446.149058335932,1463
10057.0,2214,0,1,0,5.004975589172606,697.529810298103,4444.927760986347,1476
10058.0,2215,0,1,0,4.982100727646691,697.6925507900677,4443.70976578525,1485
10059.0,2216,0,1,0,4.947485365838417,697.8524368231047,4442.495442391928,1491
10060.0,2217,0,1,0,4.9300969205234715,698.0058637798827,4441.284071049601,1497
10061.0,2217,0,0,0,4.914003643339678,698.5272891294542,4442.0780275120505,1510
10062.0,2218,0,1,0,4.903380841483031,698.7452660054103,4440.869634840646,1521
10063.0,2219,0,1,0,4.879917361399316,698.9968454258675,4439.665616839897,1529
10064.0,2220,0,2,1,4.843839971945105,699.1851351351352,4435.99006227631,1531
10065.0,2219,0,0,1,4.817919739470191,700.0464173050924,4437.322286010073,1540
10066.0,2219,0,0,0,4.801598043561735,700.5488958990536,4438.126782053442,1550
10067.0,2220,0,1,0,4.808118982695801,700.8004504504504,4436.932013585244,1558
10068.0,2220,0,0,0,4.802165802015456,701.390990990991,4437.738113762927,1571
10069.0,2220,0,0,0,4.793404271682502,701.9846846846847,4438.5447897182,1577
10070.0,2219,0,1,2,4.768967309123942,702.9116719242902,4438.003628168119,1583
10071.0,2220,0,1,0,4.753350040803812,703.1756756756756,4436.813018391403,1583
10072.0,2220,0,0,0,4.737713682100066,703.7274774774775,4437.623014803489,1586
10073.0,2221,0,1,0,4.69119604644944,703.9738856371004,4436.43709897672,1591
10074.0,2221,0,0,0,4.674748990159954,704.5429986492571,4437.2507447567305,1591
10075.0,2219,0,0,2,4.629471424024055,705.7413249211356,4440.144287404027,1599
10076.0,2219,0,0,0,4.617367187406177,706.3046417305093,4440.9597864450825,1605
10077.0,2219,0,0,0,4.608549841652268,706.8846327174402,4441.776062926503,1607
10078.0,2219,0,0,0,4.581519197247643,707.4664263181613,4442.59358942854,1615
10079.0,2219,0,0,0,4.564440409663928,708.0572329878323,4443.412225581406,1617
10080.0,2219,0,0,0,4.561859108267985,708.606128886886,4444.231527185319,1618
10081.0,2219,0,0,0,4.631526232932699,706.8954484001803,4445.044953010688,1525
10082.0,2219,0,0,0,4.765241068549053,705.4533573681839,4445.848657265073,1451
10083.0,2219,0,0,0,4.919808300211392,704.6822893195133,4446.642258817006,1401
10084.0,2218,0,0,1,5.090510038480059,704.3678990081154,4446.8698517289085,1351
10085.0,2218,0,0,0,5.268948766112399,703.882777276826,4447.6402128869895,1319
10086.0,2217,0,0,1,5.420607720462948,703.8452864230943,4448.3412219305765,1283
10087.0,2216,0,0,1,5.593157050700277,703.8592057761733,4448.636455792349,1268
10088.0,2216,0,0,0,5.74230119252496,703.6069494584838,4449.376874093961,1250
10089.0,2216,0,0,0,5.862531966791882,703.4738267148015,4450.1106107756295,1233
10090.0,2216,0,0,0,5.985476860616007,703.2576714801444,4450.835801953109,1215
10091.0,2215,0,0,1,6.044350512504676,703.4839729119639,4452.89320398595,1206
10092.0,2214,0,0,1,6.100444974513193,703.877145438121,4452.724826832211,1208
10093.0,2213,0,0,1,6.156091897364422,704.1436963398102,4454.581333561604,1206
10094.0,2213,0,0,0,6.202765537760928,704.101671938545,4455.292358838699,1191
10095.0,2213,0,0,0,6.252386537473191,703.9647537279711,4456.000061346179,1181
10096.0,2211,0,0,2,6.301998267938203,704.5391225689733,4456.545626579683,1169
10097.0,2211,0,0,0,6.326446025679643,704.4454997738579,4457.248424502321,1160
10098.0,2211,0,0,0,6.351188496709739,704.4672094075079,4457.948790352576,1156
10099.0,2210,0,0,1,6.379735263794928,704.8904977375565,4459.979246972054,1151
10100.0,2209,0,0,1,6.398638113601113,705.2575826165686,4459.875909388098,1133
10101.0,2209,0,0,0,6.417606649863895,705.4327750113173,4460.571526721056,1132
10102.0,2208,0,0,1,6.38391338016269,705.9515398550725,4461.26152140709,1139
10103.0,2208,0,0,0,6.3798151221068204,705.8894927536232,4461.95887481848,1129
10104.0,2207,0,0,1,6.399763526098617,706.2931581332125,4462.467290472613,1123
10105.0,2207,0,0,0,6.394105802983179,706.2224739465338,4463.16473165234,1115
10106.0,2206,0,0,1,6.4017725183409455,706.4836808703536,4465.4065329707755,1108
10107.0,2207,0,1,0,6.440880281405547,706.1477118260082,4464.07635950549,1103
10108.0,2206,0,0,1,6.466837825073513,706.5027198549411,4465.488393800618,1106
10109.0,2205,0,0,1,6.474565852452155,706.956462585034,4465.548199951456,1112
10110.0,2205,0,0,0,6.468867647318427,707.0961451247166,4466.24179798599,1116
10111.0,2205,0,0,0,6.480607903105911,707.2176870748299,4466.934762200154,1119
10112.0,2205,0,0,0,6.45563364420283,707.3006802721088,4467.629973353593,1120
10113.0,2203,0,0,2,6.414725578381736,708.0966863368135,4468.179964995255,1132
10114.0,2203,0,1,1,6.403801513210057,708.2119836586473,4468.404367960209,1127
10115.0,2203,0,0,0,6.382920699473939,708.3195642305947,4469.1044264698385,1136
10116.0,2203,0,0,0,6.384943182324104,708.3844757149342,4469.803860495844,1138
10117.0,2203,0,0,0,6.369898029362362,708.4580118020881,4470.503938145632,1131
10118.0,2203,0,1,1,6.33585228423484,708.6141625056741,4468.537697047031,1131
10119.0,2202,0,0,1,6.3053271349197475,709.0127157129882,4470.799702829008,1146
10120.0,2201,0,0,1,6.299876896761555,709.5656519763744,4473.121908012883,1148
10121.0,2200,0,0,1,6.269983726500995,710.074090909091,4472.077624784656,1151
10122.0,2200,0,0,0,6.254511590841319,710.3272727272728,4472.786831380996,1154
10123.0,2199,0,0,1,6.209630751808216,710.8176443838108,4475.061032152258,1153
10124.0,2200,0,1,0,6.1804784074338945,710.8004545454545,4473.740413488877,1175
10125.0,2199,0,0,1,6.1274869523107816,711.3669849931787,4475.3028514774305,1189
10126.0,2198,0,0,1,6.058279492787373,711.9272065514103,4475.349097969028,1194
10127.0,2198,0,0,0,6.020218706950866,712.2024567788899,4476.075491494414,1208
10128.0,2198,0,0,0,5.9623230137107806,712.5145586897179,4476.8049533058265,1228
10129.0,2197,0,0,1,5.909497001389036,713.1634046426946,4479.101357699445,1245
10130.0,2197,0,1,1,5.878163930966357,713.4396904870277,4477.138715610677,1247
10131.0,2197,0,0,0,5.833125415652773,713.7564861174328,4477.876702469215,1254
10132.0,2195,0,1,3,5.770388846322456,714.7722095671982,4476.79944905575,1263
10133.0,2195,0,0,0,5.706168720384938,715.116173120729,4477.544779427352,1265
10134.0,2193,0,0,2,5.647015763111633,716.2038303693571,4478.909339751216,1286
10135.0,2193,0,0,0,5.578950253433683,716.6078431372549,4479.66180820682,1304
10136.0,2192,0,1,2,5.494432923459578,717.2814781021898,4477.008702545343,1321
10137.0,2192,0,0,0,5.442267792836965,717.6432481751825,4477.769796315619,1333
10138.0,2192,0,0,0,5.362961640059721,717.98950729927,4478.535701324543,1346
10139.0,2192,0,0,0,5.299326423847213,718.3932481751825,4479.304708833735,1366
10140.0,2192,0,0,0,5.234819734609092,718.7668795620438,4480.078649704537,1385
10141.0,2192,0,1,1,5.160963928770822,719.1327554744526,4477.630306581612,1398
10142.0,2192,0,0,0,5.090715976315911,719.5465328467153,4478.4127323208695,1409
10143.0,2192,0,0,0,5.023443245545484,719.9507299270073,4479.199199217444,1423
10144.0,2192,0,0,0,4.964894669231267,720.4370437956204,4479.988962857884,1434
10145.0,2192,0,0,0,4.93612529099094,720.9032846715329,4480.780417449223,1449
10146.0,2192,0,0,0,4.891857244606222,721.4087591240876,4481.574102472518,1460
10147.0,2194,0,3,1,4.833595853299611,721.250227894257,4476.180788506228,1473
10148.0,2194,0,0,0,4.791203530413896,721.7174111212397,4476.980959162485,1488
10149.0,2194,0,0,0,4.766083571341794,722.1882406563354,4477.782494384878,1493
10150.0,2194,0,1,1,4.74479385719592,722.6969006381039,4478.094100193296,1496
10151.0,2194,0,0,0,4.7279431925947035,723.2520510483135,4478.899280624568,1510
10152.0,2194,0,0,0,4.707259726851542,723.7839562443027,4479.707116401828,1524
10153.0,2195,0,1,0,4.690427151440355,724.0355353075171,4478.474411611716,1538
10154.0,2196,0,1,0,4.685526483904652,724.2540983606557,4477.244476898109,1542
10155.0,2196,0,0,0,4.666712601792553,724.7673041894353,4478.055703499388,1550
10156.0,2197,0,1,0,4.651260493570428,724.9085116067365,4476.829537027617,1550
10157.0,2197,0,0,0,4.62671189257964,725.4660901228949,4477.645509736168,1561
10158.0,2197,0,1,1,4.599178879829978,726.0054619936277,4477.020756013615,1565
10159.0,2197,0,0,0,4.593599491334545,726.6290395994538,4477.83984295687,1585
10160.0,2198,0,2,1,4.570228812654328,726.8880800727934,4474.983758468095,1593
10161.0,2198,0,0,0,4.574417893372961,727.4585987261147,4475.804372236773,1594
10162.0,2198,0,1,1,4.558661146005438,728.0509554140127,4475.141885780861,1608
10163.0,2198,0,0,0,4.565136870089462,728.6587807097361,4475.963728208244,1608
10164.0,2198,0,0,0,4.564811780149041,729.3043676069154,4476.78683351061,1619
10165.0,2198,0,1,1,4.5504333399225665,729.9040036396724,4476.003313171199,1618
10166.0,2198,0,0,0,4.542380301883526,730.5423111919927,4476.828170175563,1630
10167.0,2196,0,0,2,4.515853782248503,731.8356102003643,4478.925545410419,1636
10168.0,2194,0,0,2,4.510818477958353,733.056061987238,4478.382210694476,1626
10169.0,2193,0,0,1,4.5330731783904845,733.9794801641586,4478.715546264861,1638
10170.0,2192,0,0,1,4.520378311815535,734.9452554744526,4479.537121097237,1642
10171.0,2192,0,0,0,4.61061230323482,733.3759124087592,4480.357827425867,1557
10172.0,2192,0,0,0,4.734586860384242,732.3357664233577,4481.170465476691,1484
10173.0,2192,0,0,0,4.905607461659868,731.5433394160584,4481.972447303921,1435
10174.0,2193,0,1,0,5.086491244275787,730.531691746466,4480.718508491595,1393
10175.0,2193,0,0,0,5.26380268852964,730.0036479708162,4481.497002703669,1360
10176.0,2192,0,0,1,5.432650034799331,729.8170620437957,4482.229303553769,1332
10177.0,2192,0,0,0,5.619032760857946,729.3959854014598,4482.984005691373,1309
10178.0,2190,0,0,2,5.763626327703544,729.7027397260274,4482.605670658229,1290
10179.0,2190,0,0,0,5.896653047177661,729.5077625570776,4483.343585764518,1286
10180.0,2187,0,0,3,5.99844940368648,730.358024691358,4484.922620068186,1261
10181.0,2187,0,0,0,6.088796579941221,730.2377686328304,4485.647542372232,1253
10182.0,2187,0,0,0,6.128423411848234,730.0493827160494,4486.369874803423,1246
10183.0,2187,0,0,0,6.152596060100876,729.8564243255602,4487.089550522034,1237
10184.0,2186,0,0,1,6.1891682968587425,729.9295516925893,4488.079741885184,1228
10185.0,2186,0,0,0,6.223428706461044,729.6903019213174,4488.793701085256,1228
10186.0,2186,0,0,0,6.241543722296975,729.4473924977127,4489.506085213314,1212
10187.0,2185,0,0,1,6.277305313023871,729.691990846682,4490.407787401984,1203
10188.0,2185,0,0,0,6.31994502795167,729.5318077803204,4491.114198339621,1204
10189.0,2184,0,0,1,6.312323573428959,729.6236263736264,4490.9181477551865,1198
10190.0,2184,0,0,0,6.293538972662788,729.4070512820513,4491.625117631828,1195
10191.0,2184,0,0,0,6.312113412822498,729.209706959707,4492.330724889097,1185
10192.0,2183,0,0,1,6.313176597965954,729.560238204306,4494.388740839698,1187
10193.0,2183,0,0,0,6.330929450538486,729.3889143380669,4495.092517517484,1184
10194.0,2183,0,0,0,6.3614061132178525,729.2075125973431,4495.793920405423,1174
10195.0,2183,0,0,0,6.380191868602125,729.0068712780577,4496.495006005369,1168
10196.0,2182,0,0,1,6.382979020763266,729.0985334555454,4496.909003861977,1166
10197.0,2183,0,1,0,6.369057092879691,728.5858909757214,4495.549309780166,1167
10198.0,2182,0,0,1,6.3594498304635465,728.7011915673694,4497.630327426492,1166
10199.0,2182,0,0,0,6.362304084161508,728.4628780934922,4498.33145540087,1160
10200.0,2182,0,0,0,6.3610198205913795,728.42254812099,4499.032557941692,1163
10201.0,2182,0,0,0,6.346914207633228,728.326764436297,4499.735571077977,1165
10202.0,2182,0,0,0,6.343003869634218,728.2740604949588,4500.437526402109,1160
10203.0,2182,0,0,0,6.352951593392576,728.2135655362054,4501.139715727682,1165
10204.0,2182,0,0,0,6.359871779000919,728.0650779101742,4501.841467073031,1162
10205.0,2183,0,1,0,6.368708634876652,727.653687585891,4500.48024155451,1168
10206.0,2183,0,0,0,6.363126062556679,727.4553366926249,4501.1819889348135,1157
10207.0,2181,0,0,2,6.337071122861707,728.1334250343879,4505.043563574583,1168
10208.0,2180,0,0,1,6.315875187175906,728.3550458715596,4505.720576318731,1158
10209.0,2179,0,0,1,6.2920778864653935,728.7888939880679,4506.361171613844,1169
10210.0,2178,0,0,1,6.283105482112286,729.0275482093664,4508.015478746806,1168
10211.0,2178,0,0,0,6.261597973163947,729.153810835629,4508.724358437633,1177
10212.0,2178,0,0,0,6.2229314166136955,728.9830119375574,4509.434912305463,1179
10213.0,2179,0,1,0,6.1878859827684725,728.7595227168426,4508.078839369449,1182
10214.0,2178,0,0,1,6.108439808315982,729.1919191919192,4509.267073726482,1198
10215.0,2178,0,0,0,6.065284923266121,729.2066115702479,4509.989027654814,1207
10216.0,2177,0,0,1,6.012000417811839,729.7795130914102,4510.119909975177,1205
10217.0,2176,0,0,1,5.967765038222236,730.0505514705883,4509.8578664516235,1214
10218.0,2176,0,1,1,5.905112593955665,730.1079963235294,4510.119788043782,1224
10219.0,2175,0,0,1,5.842075835245753,730.4919540229885,4512.453175148198,1255
10220.0,2175,0,0,0,5.7999268624403,730.5508045977011,4513.192536722509,1261
10221.0,2173,0,0,2,5.74007342389039,731.4293603313391,4514.721356819961,1280
10222.0,2172,0,0,1,5.68944759634297,732.0405156537753,4516.539045019041,1280
10223.0,2172,0,0,0,5.64551348122758,732.353591160221,4517.289742353862,1292
10224.0,2173,0,1,0,5.5975206965285125,732.3621721122871,4515.96415505446,1306
10225.0,2174,0,1,0,5.549333783730495,732.4227230910764,4514.643096124092,1317
10226.0,2173,0,0,1,5.500101438608128,733.2038656235619,4514.58162331491,1323
10227.0,2172,0,0,1,5.4476995428944335,733.8945672191528,4515.1115235390635,1336
10228.0,2172,0,0,0,5.403988720578411,734.2978821362799,4515.877999198077,1347
10229.0,2172,0,0,0,5.3536344088443615,734.731123388582,4516.647675101075,1371
10230.0,2172,0,0,0,5.30542266320937,735.2136279926335,4517.420003812089,1389
10231.0,2174,0,2,0,5.255879912820093,734.8877644894204,4514.039103997238,1406
10232.0,2174,0,0,0,5.222377179825143,735.3785648574056,4514.816235865131,1415
10233.0,2174,0,0,0,5.188136855543353,735.8192272309108,4515.596518903195,1435
10234.0,2174,0,0,0,5.133680280433805,736.2511499540018,4516.3800666994475,1444
10235.0,2174,0,0,0,5.102326102903705,736.665593376265,4517.1661642647805,1449
10236.0,2175,0,1,0,5.0686077639142075,736.856551724138,4515.877967149312,1461
10237.0,2175,0,0,0,5.041815380907079,737.3434482758621,4516.668184268359,1473
10238.0,2175,0,0,0,5.019019271693058,737.5337931034483,4517.460543380488,1476
10239.0,2174,0,0,1,4.992136973718481,738.050597976081,4518.092434441979,1483
10240.0,2174,0,0,0,4.980002080069556,738.3822447102116,4518.8894585377975,1487
10241.0,2173,0,0,1,4.957369422754635,739.2231937413713,4518.003146948377,1491
10242.0,2173,0,0,0,4.949624710672507,739.7160607455131,4518.803478668447,1503
10243.0,2174,0,1,0,4.917730079153495,739.9728610855566,4517.527033530394,1517
10244.0,2174,0,0,0,4.898503029385671,740.4457221711132,4518.330668446568,1527
10245.0,2174,0,0,0,4.88199161861292,740.9839006439743,4519.136441368971,1530
10246.0,2173,0,0,1,4.846745115193343,741.84767602393,4520.572136012677,1533
10247.0,2173,0,0,0,4.819769761659413,742.403129314312,4521.381067056839,1538
10248.0,2172,0,0,1,4.785956556065379,743.2651933701658,4521.102790796051,1544
10249.0,2172,0,0,0,4.760873130991403,743.7163904235728,4521.915194966284,1546
10250.0,2173,0,1,0,4.747007124954638,743.6502531063046,4520.647271443811,1551
10251.0,2173,0,0,0,4.732424945076207,743.6622181316153,4521.4610078078,1560
10252.0,2172,0,0,1,4.7023804710904535,744.554788213628,4523.027891670223,1561
10253.0,2171,0,0,1,4.677832290066457,745.4790419161677,4523.096604844553,1571
10254.0,2171,0,0,0,4.650319795175061,746.0916628281898,4523.914628453591,1576
10255.0,2170,0,0,1,4.611968500989544,747.0599078341014,4524.868816228355,1581
10256.0,2169,0,0,1,4.585518172541588,747.9737206085754,4526.740067017797,1579
10257.0,2167,0,0,2,4.568373435685309,749.196123673281,4526.30555067395,1589
10258.0,2167,0,0,0,4.562059570507114,749.671435163821,4527.126812813461,1595
10259.0,2167,0,0,0,4.560650743456816,750.2528841716659,4527.947647980733,1604
10260.0,2167,0,0,0,4.564077367255358,750.867558837102,4528.769274586812,1603
10261.0,2167,0,0,0,4.640774205518685,749.5099215505306,4529.585358673899,1525
10262.0,2167,0,0,0,4.749750490623232,748.2519612367328,4530.394059235473,1455
10263.0,2167,0,0,0,4.898398156830918,747.2445777572681,4531.192204224278,1396
10264.0,2167,0,0,0,5.051771021390051,746.6760498384864,4531.9800572784,1358
10265.0,2167,0,0,0,5.2401040833715244,746.1928934010152,4532.755044988584,1324
10266.0,2165,0,0,2,5.414953157875937,746.4392609699769,4533.202986939793,1292
10267.0,2164,0,0,1,5.558597266476406,746.3410351201479,4534.616458268494,1264
10268.0,2163,0,0,1,5.692128995938581,746.3726306056403,4534.9928717277335,1247
10269.0,2162,0,0,1,5.795593332593932,746.5194264569843,4533.847839949615,1226
10270.0,2161,0,0,1,5.869055839706964,746.7889865802869,4535.211438000732,1226
10271.0,2160,0,0,1,5.928009980181692,746.9685185185185,4535.259828538967,1221
10272.0,2160,0,0,0,5.9908271977836804,746.8222222222222,4535.982766100414,1211
10273.0,2160,0,0,0,6.043743683941586,746.4657407407408,4536.701633707911,1204
10274.0,2160,0,0,0,6.092262448492627,745.9388888888889,4537.416273315409,1183
10275.0,2160,0,0,0,6.147668399084963,745.825,4538.127058389503,1173
10276.0,2158,0,0,2,6.186484314294717,746.1848934198332,4538.186284943646,1156
10277.0,2156,0,0,2,6.205780436268724,746.7615955473099,4539.270243854356,1151
10278.0,2156,0,0,0,6.211422495404836,746.6461038961039,4539.9764412299955,1145
10279.0,2156,0,0,0,6.222439032264568,746.4907235621521,4540.681264772429,1147
10280.0,2156,0,0,0,6.229721768542478,746.3766233766233,4541.385619770661,1143
10281.0,2155,0,0,1,6.23964385140384,746.6255220417634,4541.67063598137,1147
10282.0,2155,0,0,0,6.23504183592135,746.7248259860789,4542.374604114165,1150
10283.0,2155,0,0,0,6.231375543963224,746.7266821345708,4543.07805131371,1159
10284.0,2155,0,0,0,6.234375524646141,746.5921113689095,4543.7820289031015,1150
10285.0,2155,0,0,0,6.232434772193198,746.4751740139211,4544.484920444323,1143
10286.0,2154,0,0,1,6.205529363246661,746.8175487465181,4544.932802385252,1136
10287.0,2153,0,0,1,6.205600860220779,747.0975383186252,4547.260412755692,1139
10288.0,2153,0,1,1,6.184014403812238,747.0780306549001,4546.902170417271,1130
10289.0,2153,0,0,0,6.199800718646524,746.9967487227125,4547.604216295186,1129
10290.0,2153,0,0,0,6.19750523468797,747.0246168137483,4548.307739623315,1132
10291.0,2153,0,0,0,6.204668140734674,747.0761727821645,4549.009464464621,1131
10292.0,2153,0,0,0,6.22818026181261,747.1895030190432,4549.710981855948,1138
10293.0,2153,0,0,0,6.228304394881173,747.2930794240594,4550.412946814925,1150
10294.0,2153,0,0,0,6.219368002238521,747.4491407338597,4551.115715294063,1143
10295.0,2153,0,1,1,6.219381814450778,747.5030190431955,4549.765560580414,1144
10296.0,2152,0,0,1,6.233384109907085,748.0204460966543,4550.300960720503,1151
10297.0,2151,0,0,1,6.211347303007193,748.5192933519294,4551.308160019867,1149
10298.0,2149,0,0,2,6.16659739873712,749.2559329920894,4551.637691518098,1145
10299.0,2146,0,0,3,6.147358368158953,750.4179869524697,4552.277481865879,1150
10300.0,2146,0,1,1,6.116025688408596,750.5312208760485,4552.177747448878,1161
10301.0,2146,0,0,0,6.1086684459204355,750.6891891891892,4552.89182007603,1158
10302.0,2146,0,0,0,6.096338525643094,750.8592730661696,4553.607674762776,1162
10303.0,2146,0,0,0,6.072059497907753,751.074091332712,4554.325672589094,1163
10304.0,2146,0,0,0,6.0397444107898375,751.2381174277726,4555.046767363757,1166
10305.0,2147,0,1,0,5.988750204388127,751.0982766651141,4553.64820596832,1179
10306.0,2146,0,0,1,5.953671201786161,751.7273998136067,4554.207023440966,1188
10307.0,2146,0,0,0,5.927609433681716,751.9203168685927,4554.936623756552,1191
10308.0,2146,0,0,0,5.891038740118347,752.0279589934762,4555.668644521077,1192
10309.0,2146,0,0,0,5.844399952734333,752.1295433364398,4556.40379392481,1204
10310.0,2145,0,0,1,5.7965016800637885,752.793006993007,4556.813482527298,1219
10311.0,2145,0,0,0,5.765875726770718,753.0811188811189,4557.5545168982835,1233
10312.0,2146,0,1,0,5.7137308292145015,752.9785647716682,4556.174055236957,1245
10313.0,2144,0,0,2,5.654400162688243,754.0317164179105,4556.537315952862,1264
10314.0,2145,0,1,0,5.612235826374811,753.9776223776224,4555.162034251465,1273
10315.0,2147,0,2,0,5.562254904939549,753.6008383791336,4551.670824244698,1283
10316.0,2147,0,0,0,5.519629517869159,753.9464368886819,4552.425399028321,1300
10317.0,2147,0,0,0,5.479247145603444,754.2748020493713,4553.1825121673,1314
10318.0,2147,0,1,1,5.404747140476483,754.653469958081,4553.462079184631,1325
10319.0,2147,0,0,0,5.351898648436815,755.0549604098743,4554.225911129385,1347
10320.0,2147,0,0,0,5.310900669354538,755.4965067536097,4554.992727302827,1364
10321.0,2149,0,2,0,5.262800311128252,755.2382503489995,4551.5220593872455,1367
10322.0,2150,0,1,0,5.220323879265307,755.3432558139535,4550.176925630503,1386
10323.0,2151,0,1,0,5.1732984396050306,755.4095769409577,4548.836428221352,1387
10324.0,2151,0,0,0,5.129121891216551,755.7782426778243,4549.614197683235,1392
10325.0,2151,0,0,0,5.088385107869534,756.1938633193863,4550.395801619537,1396
10326.0,2152,0,1,0,5.067083312886241,756.2871747211896,4549.064394430896,1405
10327.0,2154,0,2,0,5.035204933083045,756.0269266480966,4545.625283413472,1418
10328.0,2153,0,0,1,5.012970716547673,756.8564793311658,4546.768584631578,1426
10329.0,2153,0,1,1,4.9715079619045195,757.3297724105898,4545.561782313555,1438
10330.0,2152,0,0,1,4.947115396243526,758.2156133828996,4547.960097101415,1454
10331.0,2152,0,1,1,4.898584704273599,758.757434944238,4545.861194365882,1462
10332.0,2152,0,0,0,4.877559290708996,759.2797397769517,4546.657580739466,1469
10333.0,2154,0,3,1,4.848163113079413,759.1453110492108,4541.390031249447,1475
10334.0,2154,0,0,0,4.851677793691265,759.6564531104921,4542.189325076933,1483
10335.0,2154,0,0,0,4.864220211879572,760.0320334261838,4542.988356457887,1481
10336.0,2155,0,1,0,4.850160176459575,760.0993039443156,4541.680365124002,1485
10337.0,2154,0,0,1,4.821322743216911,760.9521819870009,4542.737815983207,1492
10338.0,2155,0,1,0,4.803682279448913,761.1508120649652,4541.432905825045,1504
10339.0,2154,0,1,2,4.7768692727462785,762.0306406685237,4541.04926159129,1506
10340.0,2154,0,0,0,4.756518859603442,762.5779944289693,4541.855620657325,1514
10341.0,2153,0,0,1,4.725991581485496,763.5359962842546,4543.6787466388505,1530
10342.0,2153,0,0,0,4.71518758711911,764.131444496052,4544.487435531284,1542
10343.0,2152,0,0,1,4.684471444286434,765.057156133829,4546.435864219193,1537
10344.0,2152,0,0,0,4.661265732501251,765.6459107806692,4547.24740447854,1539
10345.0,2152,0,0,0,4.646244669749663,766.2551115241636,4548.060737133207,1550
10346.0,2152,0,0,0,4.642554472433775,766.8169144981413,4548.873734169709,1555
10347.0,2151,0,1,2,4.619761969340693,767.7861459786146,4548.791237079611,1562
10348.0,2151,0,0,0,4.609411370086844,768.3663412366341,4549.606959512159,1565
10349.0,2151,0,0,0,4.600042052674779,769.0055788005578,4550.423734329202,1574
10350.0,2151,0,0,0,4.585696304159454,769.6006508600651,4551.241636091073,1578
10351.0,2151,0,1,1,4.643028674641961,768.419339841934,4550.2754258584455,1493
10352.0,2150,0,0,1,4.738679657347361,767.9432558139534,4549.23471697634,1430
10353.0,2150,0,1,1,4.868708103228236,767.3502325581395,4547.632587373852,1385
10354.0,2150,0,0,0,5.03114352036056,766.9190697674419,4548.418064660071,1341
10355.0,2147,0,0,3,5.200154681816958,767.7019096413601,4546.473760078246,1319
10356.0,2146,0,0,1,5.362835865344093,767.7931034482758,4548.399423271184,1296
10357.0,2147,0,1,0,5.547564996870104,767.290638099674,4547.0319070531605,1284
10358.0,2146,0,0,1,5.69569098892109,767.5274930102516,4547.995855280267,1256
10359.0,2143,0,0,3,5.802870902568855,768.3966402239851,4549.718516834516,1236
10360.0,2143,0,0,0,5.90666471295295,768.3481101259916,4550.446111354355,1228
10361.0,2142,0,0,1,5.988410073656286,768.7357609710551,4552.1710149957735,1217
10362.0,2142,0,0,0,6.061708852350057,768.6946778711484,4552.889344113174,1199
10363.0,2141,0,0,1,6.116691429557027,768.9995329285381,4552.8500284157835,1193
10364.0,2141,0,0,0,6.150249261311936,768.9191966370855,4553.563352796438,1184
10365.0,2140,0,0,1,6.167721152881332,769.2144859813084,4553.9849755271825,1175
10366.0,2139,0,0,1,6.183816216660768,769.5142589995324,4555.338046461687,1173
10367.0,2138,0,0,1,6.212379562678298,769.8727782974743,4557.134959455554,1168
10368.0,2137,0,0,1,6.218174305173742,770.228825456247,4559.5864660960815,1170
10369.0,2136,0,0,1,6.225501292864459,770.5514981273408,4560.202024318883,1157
10370.0,2135,0,0,1,6.267680898016884,770.7578454332553,4560.844378869629,1150
10371.0,2135,0,0,0,6.28988559528508,770.7147540983607,4561.547597850191,1156
10372.0,2134,0,0,1,6.290308843322842,771.0965323336458,4561.82766635969,1151
10373.0,2132,0,0,2,6.271836162602813,771.7368667917449,4560.2555616868785,1139
10374.0,2132,0,0,0,6.292993450931961,771.5534709193246,4560.956471938924,1134
10375.0,2132,0,0,0,6.306413349280776,771.4301125703565,4561.6580607568485,1132
10376.0,2133,0,1,0,6.300049633222725,770.9371776840131,4560.22019095012,1133
10377.0,2132,0,0,1,6.324342302462562,771.1969981238274,4560.758369891382,1121
10378.0,2132,0,0,0,6.336524076544526,771.1575984990619,4561.458208626075,1120
10379.0,2132,0,0,0,6.341023194529529,771.2631332082551,4562.158184435812,1134
10380.0,2131,0,0,1,6.302064278979792,771.6419521351478,4564.495841885673,1135
10381.0,2130,0,0,1,6.290593258373024,772.1009389671361,4566.859408836118,1141
10382.0,2131,0,1,0,6.271241940111749,771.8977006100422,4565.419174851268,1141
10383.0,2131,0,0,0,6.273721893175644,772.022524636321,4566.12099251776,1142
10384.0,2131,0,0,0,6.271018875079713,772.0469263256687,4566.823422155884,1130
10385.0,2131,0,0,0,6.251276645561722,772.1243547630221,4567.526543958055,1125
10386.0,2131,0,0,0,6.227195711774908,772.2205537306429,4568.230593753243,1135
10387.0,2131,0,0,0,6.205940239619782,772.3589863913655,4568.93554171327,1124
10388.0,2132,0,1,0,6.180608713390858,772.2270168855534,4567.498236228918,1127
10389.0,2131,0,0,1,6.16194972320486,772.7583294228062,4569.222118924518,1132
10390.0,2130,0,0,1,6.1358299383582855,773.3464788732394,4569.257543775623,1143
10391.0,2130,0,0,0,6.11166782154255,773.5492957746479,4569.967974532498,1139
10392.0,2128,0,0,2,6.078344830065887,774.4671052631579,4570.095819556156,1148
10393.0,2128,0,1,1,6.069510067866632,774.6494360902255,4570.256972667925,1138
10394.0,2127,0,0,1,6.0556947518587965,775.2143864598025,4570.847786932742,1140
10395.0,2126,0,0,1,6.017064401381872,775.7831608654751,4572.0672360988265,1146
10396.0,2126,0,0,0,5.9801029567450765,776.0564440263405,4572.7892284754425,1163
10397.0,2126,0,0,0,5.927969368241202,776.368297271872,4573.515834176761,1179
10398.0,2126,0,0,0,5.905559320558965,776.6552210724365,4574.244029587486,1190
10399.0,2126,0,0,0,5.878425565767244,776.9388523047977,4574.974465042402,1206
10400.0,2126,0,0,0,5.856468982902454,777.2497648165569,4575.706996005446,1212
10401.0,2126,0,1,1,5.818114222483198,777.6091251175917,4573.918969153817,1226
10402.0,2125,0,0,1,5.768903656496622,778.3496470588235,4574.359073157342,1233
10403.0,2126,0,1,0,5.726818100927212,778.4252116650988,4572.947730902393,1250
10404.0,2127,0,1,0,5.700207401510009,778.5256229431124,4571.540951028961,1267
10405.0,2128,0,1,0,5.687525409287516,778.6278195488721,4570.137424767757,1282
10406.0,2126,0,0,2,5.656361183817918,779.7836312323612,4570.9418399715905,1293
10407.0,2127,0,1,0,5.639242445920007,779.8660084626234,4569.541235146631,1316
10408.0,2128,0,1,0,5.607275247899881,779.9135338345865,4568.144984094761,1324
10409.0,2128,0,0,0,5.577017840622511,780.3110902255639,4568.899137292007,1332
10410.0,2128,0,0,0,5.528684997059453,780.7669172932331,4569.65667336936,1339
10411.0,2128,0,0,0,5.4780738926008015,781.3012218045113,4570.417586715523,1361
10412.0,2130,0,2,0,5.43627601781748,781.0225352112676,4566.889667350515,1371
10413.0,2129,0,0,1,5.384434611458672,781.923907937999,4566.5191955052915,1383
10414.0,2129,0,0,0,5.335095490139647,782.2898074213246,4567.290129466063,1392
10415.0,2130,0,1,0,5.300330814970852,782.318779342723,4565.918737708952,1394
10416.0,2130,0,0,0,5.267864732618594,782.7976525821596,4566.693683174709,1401
10417.0,2131,0,1,0,5.234194420769164,782.8939465039888,4565.327019219526,1410
10418.0,2131,0,0,0,5.208620201640685,783.2210229938996,4566.1062753800725,1405
10419.0,2131,0,0,0,5.17572838623004,783.5856405443453,4566.887625646306,1408
10420.0,2133,0,3,1,5.154922836020562,783.3356774496015,4560.715422595716,1424
10421.0,2133,0,0,0,5.140371491473925,783.8110642287858,4561.498099945345,1427
10422.0,2133,0,0,0,5.125493009853056,784.2911392405064,4562.2834709608205,1433
10423.0,2135,0,2,0,5.093122025546947,784.031850117096,4558.796126004854,1441
10424.0,2135,0,0,0,5.064474828546356,784.543793911007,4559.5864358587705,1450
10425.0,2135,0,0,0,5.056336043233811,785.0014051522248,4560.377831763508,1450
10426.0,2136,0,1,0,5.048208660845758,785.063202247191,4559.034370511574,1463
10427.0,2137,0,1,0,5.031848412820505,785.1534861956013,4557.693885393978,1468
10428.0,2137,0,0,0,5.0322803051047735,785.5961628451099,4558.488121878025,1475
10429.0,2137,0,1,1,5.007342768851658,786.0772110435189,4558.299995521559,1469
10430.0,2137,0,0,0,5.013935300973909,786.5053813757604,4559.096245753103,1464
10431.0,2139,0,2,0,5.004005313069811,786.2435717625059,4555.630072418718,1469
10432.0,2139,0,0,0,5.017919783223972,786.7208976157083,4556.4278964756295,1478
10433.0,2139,0,0,0,5.0294712440370875,787.1556802244039,4557.226169921131,1477
10434.0,2140,0,1,0,5.012850278847717,787.3009345794393,4555.895315645146,1481
10435.0,2140,0,0,0,4.998326212661886,787.8205607476635,4556.69598435812,1485
10436.0,2140,0,0,0,4.9799446336800735,788.4088785046729,4557.4971635557795,1498
10437.0,2140,0,0,0,4.943450657513749,788.9663551401869,4558.301586490144,1506
10438.0,2136,0,0,4,4.8917992868015086,790.999531835206,4556.135208211233,1516
10439.0,2136,0,0,0,4.862390162534434,791.5510299625469,4556.943862330536,1519
10440.0,2135,0,0,1,4.833629393594379,792.5170960187354,4557.363231654494,1525
10441.0,2135,0,0,0,4.89732131831713,791.3564402810305,4558.168617827829,1439
10442.0,2135,0,0,0,5.007140349207216,790.4379391100703,4558.966352017841,1379
10443.0,2135,0,0,0,5.155374157533539,789.8032786885246,4559.753409215003,1329
10444.0,2134,0,0,1,5.310477303259558,789.7830365510778,4560.205745367917,1300
10445.0,2134,0,0,0,5.475606285657288,789.5318650421743,4560.969700918571,1275
10446.0,2133,0,0,1,5.629954875469627,789.5138302859822,4561.53382226315,1249
10447.0,2133,0,0,0,5.793187658156622,789.2240975152367,4562.2747325483415,1220
10448.0,2131,0,0,2,5.913952674282861,789.8512435476302,4561.763191889193,1206
10449.0,2131,0,0,0,6.028752568049165,789.761614265603,4562.487459632271,1193
10450.0,2131,0,0,0,6.109087133813041,789.6973251994369,4563.207055192216,1182
10451.0,2131,0,0,0,6.201476285921345,789.7414359455655,4563.919908348789,1174
10452.0,2130,0,0,1,6.253971455036328,790.0718309859155,4566.279121133325,1161
10453.0,2130,0,0,0,6.314558454649992,790.1103286384977,4566.983126678286,1159
10454.0,2130,0,0,0,6.37000618593237,790.1070422535212,4567.683763333842,1147
10455.0,2129,0,0,1,6.400170965957776,790.4424612494129,4570.034379227574,1143
10456.0,2129,0,0,0,6.432527269996734,790.4189760450915,4570.730377440125,1130
10457.0,2129,0,0,0,6.443476964203753,790.5354626585251,4571.424686706628,1128
10458.0,2129,0,0,0,6.463642176016975,790.5984030061062,4572.117565312178,1118
10459.0,2129,0,0,0,6.467646450196562,790.6369187411931,4572.809991983146,1124
10460.0,2129,0,0,0,6.496596848534596,790.6773132926256,4573.499285315,1119
10461.0,2129,0,0,0,6.516892795246698,790.7172381399719,4574.188469263219,1110
10462.0,2129,0,0,0,6.530996292496919,790.8656646312822,4574.877237780846,1104
10463.0,2128,0,0,1,6.543803877976232,791.4041353383459,4575.313052825921,1106
10464.0,2126,0,0,2,6.553817319133446,792.2351834430856,4575.9044046088775,1100
10465.0,2125,0,0,1,6.534251548695292,792.6616470588235,4575.799558729645,1105
10466.0,2124,0,0,1,6.543524468231544,793.1930320150659,4575.374066376801,1098
10467.0,2124,0,1,1,6.553195353629138,793.2904896421845,4575.032433551966,1101
10468.0,2124,0,0,0,6.5665091627776,793.424670433145,4575.718808924156,1098
10469.0,2124,0,0,0,6.565697181132083,793.5725047080979,4576.4054137264975,1109
10470.0,2123,0,0,1,6.534799250693704,794.1577955723034,4576.316979978229,1110
10471.0,2122,0,0,1,6.520188267265966,794.59849198869,4576.147821214807,1110
10472.0,2121,0,0,1,6.529601369868423,795.2093352192362,4577.878637468947,1117
10473.0,2121,0,0,0,6.534253538530779,795.4064120697784,4578.570299789583,1112
10474.0,2121,0,0,0,6.542040350503708,795.5615275813295,4579.262221040234,1116
10475.0,2122,0,1,0,6.526421918077883,795.3213949104618,4577.797094558587,1115
10476.0,2122,0,0,0,6.518786290434013,795.4938737040528,4578.490203238401,1125
10477.0,2122,0,0,0,6.523127953141892,795.693685202639,4579.1828697041865,1128
10478.0,2122,0,0,0,6.539642779453633,795.903864278982,4579.873692503417,1132
10479.0,2122,0,0,0,6.5456830728548665,796.1098020735155,4580.565737113758,1125
10480.0,2122,0,1,1,6.525293822085322,796.3539114043356,4578.862975388993,1137
10481.0,2122,0,0,0,6.5025618733349395,796.6870876531574,4579.55793301477,1146
10482.0,2122,0,0,0,6.469398731599517,796.9594721960415,4580.255749142259,1144
10483.0,2122,0,0,0,6.4271540984527205,797.3138548539114,4580.956900401285,1152
10484.0,2121,0,0,1,6.381696584296037,797.999057048562,4583.334949845029,1156
10485.0,2121,0,0,0,6.334409771671439,798.3432343234324,4584.043157419882,1168
10486.0,2119,0,0,2,6.278354592807111,799.4016045304389,4583.807737554827,1178
10487.0,2118,0,1,2,6.233505246456651,799.9584513692163,4582.551047300614,1179
10488.0,2118,0,0,0,6.208886895000913,800.132672332389,4583.269069787101,1188
10489.0,2117,0,0,1,6.179055798704922,800.8677373641946,4585.519409441971,1198
10490.0,2117,0,0,0,6.1515489947415425,801.2253188474256,4586.240989583081,1214
10491.0,2118,0,1,0,6.1274514477435575,801.1100094428706,4584.798272114722,1228
10492.0,2118,0,1,1,6.074458086566342,801.4867799811143,4582.737963230778,1231
10493.0,2117,0,0,1,6.005351296266049,802.2895606991025,4583.209788371356,1254
10494.0,2118,0,1,0,5.937890696597435,802.3777148253068,4581.779411984106,1266
10495.0,2117,0,0,1,5.869653105401925,803.2234293811998,4581.692915313633,1282
10496.0,2118,0,1,0,5.793568589299603,803.318224740321,4580.27213211873,1299
10497.0,2118,0,0,0,5.746135036689298,803.7927289896129,4581.018072228317,1320
10498.0,2118,0,0,0,5.697551842917881,804.233238904627,4581.766819365931,1330
10499.0,2119,0,2,1,5.628862039293505,804.3369513921662,4577.946598201123,1342
10500.0,2119,0,0,0,5.570909848675068,804.8112317130722,4578.7027905839095,1353
10501.0,2118,0,0,1,5.500399118787034,805.7355996222851,4577.686552909489,1372
10502.0,2118,0,1,1,5.428990129846127,806.2275731822474,4574.302411542812,1393
10503.0,2117,0,0,1,5.3636138232466415,807.0703826169107,4575.912761457925,1391
10504.0,2116,0,0,1,5.318320295500817,807.8482986767485,4574.750948599629,1403
10505.0,2118,0,2,0,5.277085213088884,807.5316336166195,4571.206145180873,1411
10506.0,2117,0,0,1,5.230750294090116,808.3254605573925,4573.262028466779,1414
10507.0,2117,0,0,0,5.192123552079003,808.7217760982522,4574.043631417247,1423
10508.0,2115,0,0,2,5.151544094856594,809.9314420803782,4574.334264223787,1422
10509.0,2116,0,1,0,5.121915525642449,810.0741965973535,4572.95774083759,1436
10510.0,2115,0,0,1,5.093137698625679,810.9858156028369,4574.575605670773,1444
10511.0,2115,0,1,1,5.059995757709929,811.4397163120567,4571.644055828934,1442
10512.0,2114,0,0,1,5.02438097478288,812.2757805108798,4573.371911945062,1446
10513.0,2113,0,0,1,4.988317540776063,813.241362991008,4573.000853217232,1451
10514.0,2112,0,0,1,4.943661640971384,814.1022727272727,4574.554915822,1451
10515.0,2111,0,0,1,4.91021037793161,815.0540028422548,4575.534072901445,1470
10516.0,2112,0,1,0,4.909465561580703,815.1448863636364,4574.168481801681,1478
10517.0,2112,0,0,0,4.90546247308747,815.6912878787879,4574.970502519933,1487
10518.0,2112,0,0,0,4.900440321790083,816.248106060606,4575.7738520427465,1498
10519.0,2112,0,0,0,4.8996440981531,816.8006628787879,4576.577564265908,1507
10520.0,2111,0,1,2,4.866747288896461,817.7143533870204,4577.25773638928,1513
10521.0,2112,0,1,0,4.873614136683513,817.8072916666666,4575.895108450309,1511
10522.0,2112,0,0,0,4.883628142597548,818.4289772727273,4576.700726610421,1517
10523.0,2112,0,0,0,4.898270152914413,819.0071022727273,4577.505383739003,1523
10524.0,2112,0,0,0,4.8925962664436415,819.5994318181819,4578.311053420156,1528
10525.0,2112,0,0,0,4.8934607576387394,820.1841856060606,4579.117157430058,1537
10526.0,2112,0,0,0,4.876494139233035,820.8177083333334,4579.924697516675,1545
10527.0,2111,0,0,1,4.851699464609742,821.8223590715301,4579.95623971081,1547
10528.0,2110,0,0,1,4.852339636376646,822.8004739336493,4582.396387902653,1548
10529.0,2110,0,0,0,4.8594322344170084,823.3668246445498,4583.206612458714,1552
10530.0,2110,0,0,0,4.867227705518254,823.9924170616114,4584.01715869262,1556
10531.0,2110,0,0,0,4.951813193091111,822.8890995260664,4584.821694245439,1473
10532.0,2110,0,0,0,5.079166527778468,822.2417061611375,4585.617637788166,1415
10533.0,2110,0,0,0,5.214411084334273,821.7767772511849,4586.404167259793,1369
10534.0,2110,0,0,0,5.375940590540421,821.6341232227488,4587.179006249519,1341
10535.0,2109,0,0,1,5.5230401642900855,821.9886201991466,4589.620924237113,1318
10536.0,2109,0,0,0,5.687792958434996,822.0009483167378,4590.374372095986,1301
10537.0,2109,0,0,0,5.8393488770602335,822.0872451398767,4591.116591534348,1285
10538.0,2108,0,0,1,5.940275266053307,822.5303605313093,4591.092892177705,1268
10539.0,2108,0,0,0,6.039390058894617,822.6095825426945,4591.8218625526915,1247
10540.0,2107,0,0,1,6.1158690243940255,823.0299003322259,4592.258465565583,1236
10541.0,2106,0,0,1,6.163424812142263,823.5004748338082,4592.207621698267,1222
10542.0,2106,0,0,0,6.19400260378951,823.6547958214625,4592.926472084415,1218
10543.0,2106,0,0,0,6.252601275113844,823.7663817663818,4593.64246728847,1221
10544.0,2106,0,0,0,6.290230677302214,823.7763532763532,4594.3561667058275,1217
10545.0,2106,0,0,0,6.324583681026013,823.7602089268756,4595.067244227026,1206
10546.0,2106,0,0,0,6.334664052730752,823.8081671415005,4595.7772699890265,1202
10547.0,2106,0,0,0,6.35258680202828,823.8186134852801,4596.486276728898,1192
10548.0,2106,0,0,0,6.340452722893003,823.8670465337132,4597.195400316487,1189
10549.0,2106,0,0,0,6.362583382411252,823.9216524216524,4597.9039052740045,1187
10550.0,2106,0,0,0,6.387431379194401,823.877967711301,4598.609138612054,1179
10551.0,2105,0,0,1,6.409360810639313,824.3220902612827,4597.414165870287,1181
10552.0,2104,0,0,1,6.420307312117581,824.8921102661596,4597.740659882753,1182
10553.0,2102,0,0,2,6.422784943600355,825.7997145575642,4598.386346625608,1189
10554.0,2101,0,0,1,6.409821786826025,826.2279866730129,4597.325190750402,1185
10555.0,2100,0,0,1,6.411394703295819,826.6890476190476,4597.595351301331,1191
10556.0,2099,0,0,1,6.390032671669257,827.2558361124345,4596.662893184722,1184
10557.0,2097,0,0,2,6.361229331521365,828.0920362422509,4598.273051501858,1175
10558.0,2098,0,1,0,6.3559409128761954,827.793136320305,4596.786621777515,1175
10559.0,2097,0,0,1,6.3585729209007065,828.2384358607535,4596.6432454570995,1169
10560.0,2096,0,0,1,6.353540815127022,828.8411259541984,4596.924254147635,1164
10561.0,2095,0,0,1,6.366345717406385,829.3618138424821,4599.2365047108,1166
10562.0,2095,0,0,0,6.379412114052112,829.4319809069212,4599.9426760871775,1163
10563.0,2094,0,0,1,6.394081954610857,829.9727793696275,4599.663742602524,1162
10564.0,2092,0,0,2,6.411988542125886,830.7801147227533,4600.6152472351805,1164
10565.0,2092,0,1,1,6.432006069205193,830.8255258126195,4599.081452480112,1155
10566.0,2092,0,0,0,6.446119966713185,830.8886233269599,4599.783228894891,1155
10567.0,2092,0,0,0,6.467362329641527,830.8154875717017,4600.483358677121,1155
10568.0,2091,0,0,1,6.4577835121663005,831.1602104256336,4600.183390905609,1148
10569.0,2091,0,0,0,6.458336334138731,831.07556193209,4600.882988534926,1143
10570.0,2091,0,1,1,6.430900644721857,831.1616451458632,4600.435465216463,1148
10571.0,2091,0,0,0,6.403177845664143,831.3252032520326,4601.138938833136,1157
10572.0,2090,0,0,1,6.364860661471584,831.798086124402,4602.63835045762,1146
10573.0,2090,0,0,0,6.3228675800590155,831.8631578947368,4603.3468355809155,1156
10574.0,2088,0,0,2,6.260610318211228,832.8520114942529,4601.97798582572,1170
10575.0,2087,0,0,1,6.2195165544830555,833.5031145184475,4604.306955300477,1168
10576.0,2086,0,1,2,6.151768279094985,834.0757430488974,4604.645494855849,1176
10577.0,2086,0,0,0,6.120903124433907,834.1821668264621,4605.36674942322,1176
10578.0,2085,0,0,1,6.079966057805028,834.8268585131894,4605.247858305662,1195
10579.0,2085,0,1,1,6.0486995819052485,835.1803357314149,4603.372293544432,1206
10580.0,2084,0,0,1,6.029747670425246,835.78886756238,4603.149858155727,1219
10581.0,2084,0,0,0,6.017784229538007,836.0364683301343,4603.877214138888,1225
10582.0,2085,0,1,0,5.987557220712959,835.9021582733812,4602.399050734648,1235
10583.0,2084,0,1,2,5.942715067914834,836.5839731285988,4601.860264204095,1244
10584.0,2086,0,2,0,5.892298219225997,836.0498561840843,4598.182544421876,1260
10585.0,2086,0,0,0,5.860410502092855,836.2636625119846,4598.921320558574,1255
10586.0,2086,0,0,0,5.822888062361254,836.5302013422819,4599.662263971891,1262
10587.0,2087,0,1,0,5.803327035612655,836.3751796837566,4598.200803671293,1277
10588.0,2086,0,0,1,5.749248413488918,837.0388302972195,4597.924751111086,1289
10589.0,2086,0,0,0,5.706805341863511,837.4026845637584,4598.675840813129,1299
10590.0,2087,0,1,0,5.668927014128675,837.302827024437,4597.225672899307,1294
10591.0,2087,0,0,0,5.623303058448427,837.5433636799233,4597.983079060077,1314
10592.0,2086,0,0,1,5.5875315516281745,838.2128475551294,4597.941637034084,1325
10593.0,2087,0,1,0,5.564426469479606,838.1288931480594,4596.49950367739,1330
10594.0,2086,0,0,1,5.5266585042141205,838.8264621284756,4596.745800358927,1349
10595.0,2087,0,1,0,5.489882713615389,838.7311931001437,4595.309075804519,1359
10596.0,2086,0,0,1,5.455919441022165,839.4424736337488,4595.860873873533,1366
10597.0,2087,0,2,1,5.421094127813038,839.3718255869669,4591.808913001624,1371
10598.0,2086,0,0,1,5.393864886990183,840.2440076701822,4593.725120544705,1385
10599.0,2087,0,1,0,5.364748719513494,840.2597029228558,4592.296626367734,1393
10600.0,2085,0,0,2,5.305985825441138,841.4589928057554,4589.773638200401,1394
10601.0,2084,0,0,1,5.258534116043947,842.2360844529751,4592.191119358364,1395
10602.0,2083,0,0,1,5.221954103662939,843.1857897263562,4593.011418965081,1411
10603.0,2083,0,1,1,5.187771001530697,843.7100336053769,4593.194393698167,1424
10604.0,2084,0,1,0,5.1606532325975865,843.7490403071017,4591.775643917339,1435
10605.0,2084,0,0,0,5.130963739553376,844.2452015355086,4592.563931101384,1439
10606.0,2084,0,0,0,5.105092554905277,844.8114203454894,4593.354363856795,1456
10607.0,2083,0,0,1,5.058299649066444,845.7825252040326,4595.831586512284,1466
10608.0,2082,0,0,1,5.036772160107277,846.64265129683,4595.552285230762,1466
10609.0,2081,0,0,1,5.017882267625384,847.6751561749159,4594.695130465675,1478
10610.0,2080,0,0,1,4.988339285553271,848.6,4597.145330645683,1487
10611.0,2081,0,1,0,4.975053509428453,848.7554060547814,4595.7338956041,1490
10612.0,2080,0,0,1,4.956098785346559,849.7322115384616,4597.3338008251685,1492
10613.0,2080,0,0,0,4.93687141710431,850.2860576923077,4598.133763846192,1492
10614.0,2080,0,0,0,4.924348464009308,850.8557692307693,4598.935275917355,1503
10615.0,2080,0,0,0,4.914633129990089,851.4447115384615,4599.737084276766,1505
10616.0,2079,0,0,1,4.9028550026651,852.4083694083694,4601.291222360985,1507
10617.0,2078,0,0,1,4.893617393614887,853.3796920115495,4603.797282216026,1513
10618.0,2078,0,0,0,4.902859685579417,854.0158806544755,4604.601033328628,1527
10619.0,2078,0,0,0,4.89386832324359,854.6679499518768,4605.405848166976,1528
10620.0,2076,0,0,2,4.882156664945962,856.0823699421966,4604.935311080949,1532
10621.0,2075,0,0,1,4.924858826664068,855.0477108433735,4605.491658852973,1453
10622.0,2074,0,0,1,5.040091271679386,854.2377049180328,4605.87671174455,1391
10623.0,2074,0,0,0,5.175094850604648,853.2810993249759,4606.661921015099,1345
10624.0,2074,0,0,0,5.336887095855501,852.4710703953713,4607.4360570906865,1321
10625.0,2074,0,0,0,5.52520039365022,851.7459016393443,4608.198411965421,1285
10626.0,2074,0,0,0,5.701463351163123,851.1851494696239,4608.94816057442,1262
10627.0,2074,0,0,0,5.861063940114094,850.6783992285439,4609.688148725509,1237
10628.0,2073,0,0,1,5.986113513538084,850.7260009647854,4610.7274339893775,1220
10629.0,2070,0,0,3,6.082688027277832,851.6888888888889,4608.583122315598,1209
10630.0,2069,0,0,1,6.1814011696474385,851.9478008699855,4608.446525608649,1197
10631.0,2068,0,0,1,6.233559982736409,852.1499032882011,4610.883531478733,1191
10632.0,2068,0,0,0,6.262210414335062,851.8336557059961,4611.596667338852,1180
10633.0,2068,0,0,0,6.309444291276019,851.6416827852998,4612.306462309409,1177
10634.0,2068,0,0,0,6.327791779233317,851.3056092843327,4613.015352921749,1166
10635.0,2068,0,0,0,6.349305088558586,851.2311411992263,4613.72204601909,1163
10636.0,2068,0,0,0,6.364381383247284,851.0362669245648,4614.427284319614,1155
10637.0,2067,0,0,1,6.38475924424303,851.2399612965651,4614.534218242548,1153
10638.0,2067,0,0,0,6.437750022137445,851.0677310111272,4615.234692658113,1138
10639.0,2066,0,0,1,6.438048348854113,851.1602129719264,4614.25829381272,1123
10640.0,2066,0,0,0,6.452809590925773,851.2386253630203,4614.957487600109,1124
10641.0,2065,0,0,1,6.472482177976259,851.425181598063,4613.948359780996,1119
10642.0,2064,0,0,1,6.474426831906753,851.6574612403101,4613.665540297194,1118
10643.0,2061,0,0,3,6.441588434302972,852.7913634158176,4610.49964467829,1121
10644.0,2060,0,0,1,6.453224178960482,853.0495145631068,4610.29074584957,1122
10645.0,2059,0,0,1,6.442972616120399,853.0874210781933,4610.343430686105,1110
10646.0,2058,0,0,1,6.439393432081028,852.9484936831875,4609.380852207882,1095
10647.0,2058,0,1,1,6.430126777804658,852.4990281827016,4609.55133028712,1088
10648.0,2057,0,0,1,6.452382232120643,852.5192027224113,4608.496155934347,1089
10649.0,2056,0,0,1,6.447755538916969,852.5082684824903,4607.75211748625,1085
10650.0,2055,0,0,1,6.449442015790621,852.7844282238443,4606.782000282373,1086
10651.0,2053,0,0,2,6.419874766667731,853.3550901120311,4607.480574073664,1080
10652.0,2053,0,0,0,6.426442132065541,853.1514856307842,4608.180893412305,1081
10653.0,2051,0,0,2,6.425260508941039,853.7703559239395,4607.13426160324,1081
10654.0,2051,0,0,0,6.439415610213417,853.6060458313018,4607.835768071905,1073
10655.0,2051,0,1,1,6.437875828452658,853.4056557776694,4604.651354430493,1084
10656.0,2050,0,0,1,6.446821332258866,853.6429268292683,4605.422354031382,1088
10657.0,2048,0,0,2,6.458806292156776,854.259765625,4606.66702619258,1087
10658.0,2049,0,1,0,6.481801972887665,853.8926305514885,4605.117837568023,1088
10659.0,2049,0,0,0,6.493983450586934,853.805270863836,4605.817995647438,1092
10660.0,2049,0,0,0,6.484456715606481,853.7608589555881,4606.5194231565465,1096
10661.0,2049,0,0,0,6.478412659703729,853.8711566617862,4607.2221909966975,1099
10662.0,2048,0,0,1,6.441923221048263,854.15478515625,4608.118336979493,1098
10663.0,2048,0,0,0,6.418277950068814,853.96533203125,4608.825071407717,1111
10664.0,2047,0,0,1,6.365342625223285,854.5627747923791,4608.752567853482,1114
10665.0,2048,0,1,0,6.296619454209338,854.18505859375,4607.216058865842,1120
10666.0,2048,0,0,0,6.239627924706907,854.369140625,4607.934113755822,1143
10667.0,2048,0,0,0,6.193556415086917,854.16064453125,4608.655036022634,1140
10668.0,2047,0,0,1,6.168610993613972,854.4049829018076,4609.618274002134,1149
10669.0,2046,0,0,1,6.115027048936148,854.814760508309,4609.951703781913,1157
10670.0,2046,0,1,1,6.061694593857739,854.8973607038123,4610.084083196706,1178
10671.0,2045,0,0,1,6.009273819391432,855.2029339853301,4611.084968957445,1191
10672.0,2043,0,0,2,5.971593938996409,856.2427802251591,4609.301456801198,1215
10673.0,2044,0,1,0,5.92923668834873,856.01614481409,4607.783329529085,1223
10674.0,2043,0,1,2,5.892935924672423,856.8032305433187,4606.058886743568,1240
10675.0,2042,0,0,1,5.850647749029734,857.4554358472086,4604.819941281471,1247
10676.0,2043,0,1,0,5.8089808723159235,857.2540381791483,4603.31044142274,1256
10677.0,2042,0,0,1,5.755424255038312,857.9524975514202,4602.649428417205,1266
10678.0,2043,0,1,0,5.705349274422331,857.8883994126285,4601.147470095754,1277
10679.0,2043,0,0,0,5.641264713391907,858.2427802251591,4601.901984417562,1291
10680.0,2046,0,3,0,5.579174775779525,857.3035190615835,4595.911560804844,1306
10681.0,2047,0,1,0,5.513430630451522,857.2032242305813,4594.427744062981,1312
10682.0,2048,0,1,0,5.47056313222333,857.142578125,4592.948934500369,1319
10683.0,2048,0,0,0,5.4122291779031,857.5927734375,4593.717215296022,1336
10684.0,2048,0,0,0,5.384403400437354,857.98095703125,4594.487983447272,1350
10685.0,2049,0,1,0,5.365831167696013,857.9238653001464,4593.018114125668,1352
10686.0,2051,0,2,0,5.347775962180186,857.5265724037055,4589.312582748799,1357
10687.0,2051,0,0,0,5.32507122100751,857.9414919551439,4590.088752307967,1367
10688.0,2051,0,0,0,5.3071640518783765,858.459288152121,4590.866828541694,1381
10689.0,2052,0,1,0,5.273554322971778,858.561403508772,4589.409830377351,1386
10690.0,2051,0,0,1,5.242792010929177,859.5017064846417,4589.981650541054,1395
10691.0,2052,0,1,0,5.21546381898978,859.5930799220273,4588.528122445649,1403
10692.0,2052,0,0,0,5.183672447445827,860.1325536062378,4589.314654309129,1409
10693.0,2053,0,1,0,5.152773460385549,860.2844617632733,4587.867463679202,1425
10694.0,2052,0,0,1,5.133307976839525,861.238791423002,4587.336920010426,1432
10695.0,2052,0,0,0,5.115322362045933,861.7519493177388,4588.127831783475,1441
10696.0,2051,0,0,1,5.085634410204437,862.755241345685,4587.410459580445,1454
10697.0,2051,0,0,0,5.073961167532798,863.3130180399805,4588.204448940824,1460
10698.0,2052,0,1,0,5.058564806743286,863.4980506822612,4586.762392053903,1458
10699.0,2050,0,0,2,4.9990046216450725,864.9365853658536,4587.500263080039,1465
10700.0,2050,0,1,1,4.965382226565444,865.5029268292683,4586.317946277392,1470
10701.0,2050,0,0,0,4.957652065096325,865.9907317073171,4587.117938444494,1469
10702.0,2049,0,0,1,4.923350633921142,867.0209858467546,4586.678150048199,1477
10703.0,2049,0,0,0,4.904736234848801,867.5524646168863,4587.481513484586,1476
10704.0,2049,0,0,0,4.909800999300699,868.1522693997072,4588.284792803296,1481
10705.0,2049,0,0,0,4.913763907213651,868.7349926793557,4589.089061789758,1485
10706.0,2049,0,0,0,4.926857337751701,869.3313811615423,4589.893658182184,1494
10707.0,2049,0,0,0,4.936414083632531,869.9809663250365,4590.698278071557,1499
10708.0,2048,0,0,1,4.944578576569732,870.9228515625,4590.837276704225,1495
10709.0,2048,0,0,0,4.930311460245954,871.5390625,4591.642919102236,1500
10710.0,2047,0,0,1,4.923959021297766,872.5749877870054,4592.686734249776,1500
10711.0,2047,0,0,0,4.997298030053545,871.5192965315096,4593.4870244294725,1423
10712.0,2047,0,0,0,5.095289329181454,870.9589643380557,4594.279391061974,1374
10713.0,2044,0,0,3,5.188371118039526,871.752446183953,4591.777280846292,1329
10714.0,2044,0,0,0,5.335305887482602,871.3997064579256,4592.551965502671,1291
10715.0,2043,0,0,1,5.482033079004105,871.7180616740088,4591.371600956703,1274
10716.0,2042,0,0,1,5.617695912722266,872.0093046033301,4593.869665588385,1257
10717.0,2041,0,0,1,5.7567535848451445,872.2351788339049,4596.2910518866165,1236
10718.0,2041,0,0,0,5.8805404287259355,872.125428711416,4597.026488051043,1215
10719.0,2039,0,0,2,5.98977481004834,872.9063266307013,4596.051739808523,1206
10720.0,2039,0,0,0,6.082860074211765,872.9269249632173,4596.773780882341,1188
10721.0,2039,0,0,0,6.165347357911269,872.9857773418343,4597.491270904207,1185
10722.0,2037,0,0,2,6.212170420561636,873.8924889543446,4597.209699834521,1180
10723.0,2035,0,0,2,6.2369451248702585,874.7847665847665,4598.31382472371,1168
10724.0,2035,0,0,0,6.28529841441997,874.7194103194104,4599.023842166039,1153
10725.0,2034,0,0,1,6.310088000455404,875.1529006882989,4598.023253022509,1149
10726.0,2034,0,0,0,6.338273728821104,875.1814159292036,4598.729054082652,1147
10727.0,2034,0,0,0,6.367629478918728,875.2374631268436,4599.43345737628,1137
10728.0,2034,0,0,0,6.366861552325866,875.271878072763,4600.137941094655,1139
10729.0,2034,0,0,0,6.38082548937887,875.3008849557522,4600.842789292976,1138
10730.0,2033,0,0,1,6.402003821055851,875.6920806689621,4600.598441433931,1130
10731.0,2033,0,0,0,6.4246097205495705,875.7511067388097,4601.301868956163,1134
10732.0,2033,0,0,0,6.436632605741573,875.7658632562715,4602.004420836259,1133
10733.0,2032,0,0,1,6.448104558823854,876.1963582677165,4604.4453514613215,1128
10734.0,2032,0,0,0,6.445659619431543,876.1870078740158,4605.148239139745,1123
10735.0,2031,0,0,1,6.433257681807795,876.5194485475135,4604.988159638773,1123
10736.0,2031,0,0,0,6.427134136011235,876.4638109305761,4605.693276548894,1119
10737.0,2030,0,0,1,6.428314548571141,876.9019704433498,4605.773962761491,1118
10738.0,2031,0,1,0,6.4185804206424,876.5416051206303,4604.211390857063,1113
10739.0,2031,0,0,0,6.427624625410211,876.5622845888724,4604.915871244393,1114
10740.0,2031,0,0,0,6.42747196934818,876.6430329886755,4605.619922808787,1108
10741.0,2030,0,0,1,6.435860617742441,877.0162561576354,4605.883961653772,1103
10742.0,2029,0,0,1,6.424443405917355,877.3947757516017,4606.886825484023,1093
10743.0,2029,0,0,0,6.443588342555165,877.5007392804337,4607.589550268001,1098
10744.0,2030,0,1,0,6.442983909848077,877.1610837438424,4606.023482344545,1095
10745.0,2030,0,0,0,6.427343436742887,877.3083743842365,4606.728697639568,1093
10746.0,2029,0,0,1,6.408382691023304,877.9260719566289,4607.909784248348,1098
10747.0,2028,0,0,1,6.387883835475757,878.5463510848126,4608.9963792213875,1101
10748.0,2026,0,0,2,6.374375491761431,879.4590325765055,4612.531548832048,1093
10749.0,2027,0,1,0,6.356547804375142,879.2545633941786,4610.96539583216,1099
10750.0,2027,0,0,0,6.343501453221172,879.4696595954613,4611.675980934695,1104
10751.0,2027,0,0,0,6.330966770754828,879.6640355204736,4612.387377920273,1107
10752.0,2027,0,0,0,6.320103772874154,879.7276763690182,4613.0995321739665,1113
10753.0,2027,0,0,0,6.289987739454947,879.9911198815984,4613.8147729572565,1118
10754.0,2027,0,0,0,6.236660608732344,880.3369511593488,4614.532517057178,1129
10755.0,2027,0,0,0,6.191470070050794,880.5441539220523,4615.254621568603,1131
10756.0,2028,0,1,0,6.158911296763663,880.2347140039448,4613.701709860838,1137
10757.0,2027,0,0,1,6.124515075637472,880.8194375925012,4616.198112913341,1144
10758.0,2027,0,0,0,6.092248526657391,881.0251603354711,4616.926874521397,1153
10759.0,2027,0,0,0,6.06530511708619,881.2348297977306,4617.6577307699035,1156
10760.0,2028,0,1,0,6.0188568970345875,880.9319526627219,4616.113588195717,1158
10761.0,2028,0,0,0,5.985432581854203,881.1745562130177,4616.849471808076,1161
10762.0,2028,0,0,0,5.932211857644752,881.5394477317554,4617.588036518059,1182
10763.0,2029,0,1,0,5.883691980104951,881.5544603252833,4616.053741810838,1204
10764.0,2031,0,2,0,5.8545467792608,881.1319547021171,4612.249819860135,1218
10765.0,2031,0,0,0,5.8031157745495,881.5292959133432,4612.995275438028,1238
10766.0,2031,0,0,0,5.7717929059898045,881.9054652880354,4613.742128562489,1248
10767.0,2033,0,2,0,5.734363191901111,881.3728480078702,4609.95190195975,1254
10768.0,2033,0,0,0,5.681865554504553,881.7191342843089,4610.7043526138295,1274
10769.0,2033,0,0,0,5.637814848412133,882.0373831775701,4611.4607620678535,1280
10770.0,2035,0,2,0,5.573933799672537,881.4648648648649,4607.689282546949,1292
10771.0,2036,0,1,0,5.543654506227317,881.3320235756385,4606.190009142091,1304
10772.0,2036,0,0,0,5.504751717033259,881.729862475442,4606.957988485171,1316
10773.0,2037,0,1,0,5.461973418086862,881.688267059401,4605.467330529258,1330
10774.0,2038,0,1,0,5.419646190762289,881.5559371933268,4603.980260780864,1343
10775.0,2037,0,0,1,5.363645330275951,882.4374079528719,4603.812696984041,1352
10776.0,2036,0,1,2,5.303268092131207,883.2735756385068,4604.253428383599,1360
10777.0,2036,0,1,1,5.275354072950355,883.6385068762279,4604.241317534762,1363
10778.0,2035,0,0,1,5.259294948995796,884.4565110565111,4605.656211543834,1371
10779.0,2035,0,0,0,5.255337376769179,884.9154791154791,4606.442232599692,1378
10780.0,2036,0,1,0,5.243553102280183,884.897347740668,4604.966206727228,1378
10781.0,2035,0,0,1,5.2364627617391,885.7272727272727,4604.453231271537,1388
10782.0,2035,0,0,0,5.241864305382253,886.1469287469288,4605.242787316288,1393
10783.0,2034,0,0,1,5.250865812122524,887.0880039331366,4604.38458190133,1400
10784.0,2033,0,1,2,5.24150539392979,888.0196753566158,4602.936654886377,1400
10785.0,2033,0,0,0,5.231757485548157,888.510575504181,4603.729433163425,1405
10786.0,2032,0,0,1,5.231564646274849,889.4689960629921,4602.847459593795,1410
10787.0,2033,0,1,0,5.238935118557788,889.526807673389,4601.377470583616,1410
10788.0,2032,0,0,1,5.234237459974191,890.5137795275591,4600.458141306513,1414
10789.0,2031,0,0,1,5.214189598856106,891.4977843426883,4599.510584292513,1425
10790.0,2031,0,0,0,5.195120911819254,892.0994583948793,4600.308547404616,1431
10791.0,2031,0,0,0,5.186294131831032,892.6051206302315,4601.108041673389,1430
10792.0,2031,0,1,1,5.176889059627494,893.1393402264894,4597.682689711919,1438
10793.0,2031,0,0,0,5.160440478346763,893.6967011324471,4598.483906293352,1437
10794.0,2030,0,0,1,5.135187648251559,894.6650246305419,4596.987473463025,1439
10795.0,2030,0,0,0,5.129016622161752,895.228078817734,4597.790802731156,1443
10796.0,2029,0,0,1,5.130181335293623,896.2513553474618,4597.8118560634675,1448
10797.0,2029,0,0,0,5.1227096602523305,896.8186298669295,4598.616292674273,1447
10798.0,2029,0,0,0,5.090678734348787,897.4361754558896,4599.422640998889,1456
10799.0,2028,0,0,1,5.079115013697762,898.5059171597633,4599.534250089419,1466
10800.0,2027,0,0,1,5.071400088346967,899.5816477553034,4599.43839652179,1470
10801.0,2027,0,0,0,5.137975083507229,898.397138628515,4600.241218987147,1402
10802.0,2026,0,0,1,5.243043351207111,898.028134254689,4600.256402595078,1348
10803.0,2026,0,0,0,5.361516564396318,897.4945705824284,4601.042914811155,1305
10804.0,2026,0,0,0,5.490623392226315,897.1337611056268,4601.819989369771,1271
10805.0,2026,0,0,0,5.645757758696415,896.9758144126357,4602.586059191383,1252
10806.0,2026,0,0,0,5.7926909506415,896.834649555775,4603.341655019504,1232
10807.0,2025,0,0,1,5.903679295729206,897.1925925925926,4604.152430662469,1213
10808.0,2024,0,0,1,5.9907110404463495,897.4392292490119,4606.6568762921725,1200
10809.0,2024,0,0,0,6.0760713800755175,897.3522727272727,4607.3906902461,1188
10810.0,2023,0,0,1,6.122019777261139,897.6618882847257,4607.34387322733,1183
10811.0,2023,0,0,0,6.177967724459417,897.793376173999,4608.069244462273,1175
10812.0,2023,0,0,0,6.2179072091588035,897.9090459713298,4608.791551083611,1162
10813.0,2023,0,0,0,6.257819852008621,897.7795353435491,4609.511526526644,1164
10814.0,2022,0,0,1,6.284206592448964,898.0865479723046,4610.662593742791,1154
10815.0,2021,0,0,1,6.292350840502575,898.3196437407224,4612.096435428712,1144
10816.0,2021,0,0,0,6.302435637293357,898.2201880257298,4612.811078801096,1141
10817.0,2020,0,0,1,6.285987152968982,898.6089108910891,4615.274004332968,1131
10818.0,2019,0,0,1,6.284506152076684,899.0029717682021,4617.755529402009,1135
10819.0,2019,0,0,0,6.291588612576008,898.9237246161466,4618.467947053391,1141
10820.0,2018,0,0,1,6.2735637670915825,899.4008919722497,4618.485340421115,1133
10821.0,2018,0,0,0,6.282516642482047,899.3354806739346,4619.1993194104925,1130
10822.0,2018,0,0,0,6.307032709019289,899.2730426164519,4619.910682739439,1123
10823.0,2018,0,0,0,6.306366548142033,899.2898909811695,4620.623518452559,1129
10824.0,2018,0,0,0,6.310746893691939,899.1977205153618,4621.335583077012,1121
10825.0,2018,0,0,0,6.324597715232994,899.3077304261645,4622.048261961601,1117
10826.0,2019,0,1,0,6.3326242230682555,898.9281822684497,4620.469777316486,1118
10827.0,2017,0,0,2,6.325261973459224,899.8468021814576,4621.273313316496,1113
10828.0,2016,0,0,1,6.322167445134093,900.4657738095239,4620.295159088947,1115
10829.0,2016,0,0,0,6.3361159760303165,900.5352182539683,4621.005953861757,1113
10830.0,2014,0,0,2,6.328123279379302,901.4230387288977,4620.046877636438,1105
10831.0,2014,0,0,0,6.333621788013544,901.5620655412115,4620.757928250704,1102
10832.0,2014,0,0,0,6.347314473898577,901.6037735849056,4621.468355824648,1096
10833.0,2015,0,1,0,6.325933653599137,901.2714640198511,4619.885313692371,1100
10834.0,2013,0,0,2,6.2999053165319525,902.3248882265276,4624.116478330273,1094
10835.0,2013,0,0,0,6.311558440223774,902.4371584699453,4624.827338382641,1090
10836.0,2012,0,0,1,6.318078732028009,903.1058648111332,4623.936747835158,1089
10837.0,2012,0,0,0,6.322810992491409,903.2788270377733,4624.649130873892,1100
10838.0,2011,0,0,1,6.3192452934510746,903.9254102436598,4623.808879111653,1098
10839.0,2012,0,1,0,6.324670636938571,903.6804174950298,4622.223639992263,1102
10840.0,2012,0,0,0,6.320378991324326,903.963717693837,4622.9379718023965,1107
10841.0,2012,0,0,0,6.305312685607363,904.2012922465209,4623.65370513005,1107
10842.0,2012,0,0,0,6.295503981705751,904.4592445328032,4624.371241209292,1110
10843.0,2012,0,0,0,6.252881456318408,904.8598409542743,4625.091963242176,1127
10844.0,2012,0,0,0,6.193215943651538,905.2678926441351,4625.816166881669,1146
10845.0,2012,0,0,0,6.122158922202985,905.6863817097416,4626.545902542811,1167
10846.0,2013,0,1,0,6.066911456192512,905.6363636363636,4624.981483449862,1185
10847.0,2012,0,0,1,6.031390854725029,906.3901590457257,4625.823566701017,1193
10848.0,2012,0,0,0,6.008220691352107,906.7629224652087,4626.561006212325,1203
10849.0,2011,0,0,1,5.966894729651823,907.5529587270015,4627.654800152515,1203
10850.0,2010,0,0,1,5.933781136297637,908.3681592039801,4627.292462230134,1210
10851.0,2010,0,0,0,5.89049314758628,908.7925373134328,4628.037531228921,1225
10852.0,2011,0,1,0,5.873350756847618,908.6946792640477,4626.481726648606,1233
10853.0,2012,0,1,0,5.853680138894043,908.6277335984096,4624.929841769228,1241
10854.0,2012,0,0,0,5.86601249122317,909.0695825049702,4625.677915349131,1248
10855.0,2014,0,2,0,5.839762075330143,908.5804369414101,4621.833560921234,1251
10856.0,2014,0,0,0,5.821445283408177,909.0536246276067,4622.58594088801,1266
10857.0,2014,0,0,0,5.797288144300927,909.5377358490566,4623.340075014221,1277
10858.0,2014,0,0,0,5.768120148648876,909.9761668321747,4624.095862288728,1287
10859.0,2015,0,1,0,5.728008266462689,910.0158808933003,4622.559007106342,1303
10860.0,2015,0,1,1,5.692385582061763,910.4977667493797,4621.382083131873,1314
10861.0,2016,0,1,0,5.656522313888278,910.4920634920635,4619.852573133347,1322
10862.0,2016,0,0,0,5.63460415205839,910.9598214285714,4620.618749032332,1319
10863.0,2016,0,0,0,5.609176015899687,911.4603174603175,4621.385330645228,1324
10864.0,2016,0,0,0,5.591179799155419,911.8849206349206,4622.153807070942,1338
10865.0,2017,0,1,0,5.573050522796876,911.8309370352008,4620.631726099415,1340
10866.0,2018,0,2,1,5.524738601389636,911.7368681863231,4617.665033304428,1344
10867.0,2019,0,1,0,5.50028173728649,911.8048538880633,4616.151736787597,1362
10868.0,2018,0,0,1,5.460534141916678,912.7700693756194,4615.796576608196,1376
10869.0,2018,0,1,1,5.394339575736799,913.2893954410307,4613.465458998803,1380
10870.0,2018,0,0,0,5.377060935279983,913.8250743310208,4614.248071870617,1389
10871.0,2017,0,1,2,5.348835024300962,914.7590480912246,4615.014620986301,1399
10872.0,2015,0,0,2,5.308205403475464,916.1667493796526,4614.661188352368,1396
10873.0,2016,0,2,1,5.2765699070415115,916.1899801587301,4609.257596237247,1409
10874.0,2016,0,1,1,5.234931563516508,916.6473214285714,4609.524710908512,1407
10875.0,2015,0,0,1,5.194410263849487,917.618858560794,4610.054747267563,1420
10876.0,2015,0,0,0,5.182647270534885,918.0843672456575,4610.850449493401,1411
10877.0,2014,0,1,2,5.150120163796167,919.0377358490566,4609.915515365481,1419
10878.0,2013,0,0,1,5.129990788335833,919.9816194734227,4612.412772222222,1424
10879.0,2013,0,1,1,5.110935187426709,920.5360158966716,4608.825547232234,1429
10880.0,2014,0,1,0,5.095252627639797,920.6668321747766,4607.337085770074,1436
10881.0,2013,0,0,1,5.06485040230138,921.6472925981122,4608.551527972735,1440
10882.0,2013,0,1,1,5.048451169055671,922.2498758072528,4606.374232691129,1448
10883.0,2013,0,0,0,5.053136126192209,922.849478390462,4607.176218276253,1452
10884.0,2013,0,0,0,5.04588558600794,923.4426229508197,4607.978903353628,1452
10885.0,2013,0,0,0,5.0480227903092265,924.0084451068058,4608.781376158961,1457
10886.0,2013,0,0,0,5.047656879522092,924.6333830104322,4609.584344968543,1459
10887.0,2013,0,0,0,5.03769895575373,925.2916045702931,4610.387792401022,1466
10888.0,2012,0,0,1,5.008819931067433,926.3633200795229,4610.392156653319,1461
10889.0,2011,0,0,1,4.990016526314663,927.4216807558429,4610.084441062405,1462
10890.0,2010,0,0,1,4.961965685552747,928.5,4612.6451731332345,1462
10891.0,2010,0,0,0,5.0282212918514135,927.3950248756219,4613.4470271742985,1398
10892.0,2010,0,1,1,5.117797514629078,926.71592039801,4612.543922016712,1344
10893.0,2009,0,0,1,5.222433226752821,926.5783972125436,4614.248515857012,1300
10894.0,2009,0,0,0,5.363779618679547,926.0164260826282,4615.025391638402,1260
10895.0,2008,0,0,1,5.499806017241062,926.1668326693227,4615.621553064025,1243
10896.0,2008,0,0,0,5.635068417780786,926.0164342629482,4616.378550830056,1230
10897.0,2008,0,0,0,5.762869275936709,925.8675298804781,4617.12654677434,1218
10898.0,2007,0,0,1,5.858169849647249,926.2959641255605,4619.612999505471,1203
10899.0,2006,0,0,1,5.929154584143259,926.6709870388834,4620.983875612415,1197
10900.0,2007,0,1,0,6.001751293297298,926.01096163428,4619.41259178753,1182
10901.0,2006,0,0,1,6.054276365037669,926.3998005982054,4618.900450579924,1182
10902.0,2006,0,0,0,6.079936004069297,926.3290129611166,4619.62654040258,1171
10903.0,2006,0,0,0,6.113842241239403,926.2268195413759,4620.349834068984,1164
10904.0,2006,0,0,0,6.148148876318994,926.130109670987,4621.071098596681,1154
10905.0,2005,0,0,1,6.150879700764785,926.4423940149626,4623.111094015148,1146
10906.0,2004,0,0,1,6.152696202039569,926.8877245508982,4625.641854070986,1138
10907.0,2002,0,0,2,6.14202997387123,927.6983016983017,4626.999073151959,1133
10908.0,2002,0,0,0,6.167027727419901,927.6533466533466,4627.7177279770085,1133
10909.0,2001,0,0,1,6.169404371295302,927.9850074962519,4628.934401169686,1130
10910.0,2001,0,0,0,6.180139312806624,927.7996001999,4629.652025320648,1125
10911.0,2000,0,0,1,6.18427256222491,928.0975,4632.094483756101,1115
10912.0,2000,0,0,0,6.184320754492439,928.124,4632.812329224419,1116
10913.0,1999,0,0,1,6.16125040757735,928.4822411205603,4631.365290717249,1112
10914.0,1999,0,0,0,6.1474529106984415,928.4932466233116,4632.084187359402,1112
10915.0,1999,0,0,0,6.1455677412976515,928.3031515757879,4632.8047798470725,1096
10916.0,1999,0,0,0,6.164262476563941,928.2376188094047,4633.522235229764,1085
10917.0,2000,0,1,0,6.15569135400206,927.689,4631.9234102582495,1089
10918.0,2000,0,0,0,6.17003238444031,927.602,4632.641560543868,1091
10919.0,2000,0,0,0,6.18042403457858,927.526,4633.35841645189,1097
10920.0,2000,0,0,0,6.191261978147543,927.522,4634.075083740717,1094
10921.0,2000,0,0,0,6.218458931576729,927.5995,4634.788742905207,1101
10922.0,1999,0,0,1,6.211854464250482,928.0225112556278,4634.0342278297985,1110
10923.0,1999,0,0,0,6.220073018319427,928.0580290145073,4634.748990029492,1108
10924.0,1998,0,0,1,6.216184308066103,928.465965965966,4637.163917455473,1099
10925.0,1998,0,0,0,6.232119139873723,928.4204204204204,4637.878173099212,1094
10926.0,1998,0,1,1,6.235162666028465,928.4154154154154,4638.077347749273,1098
10927.0,1998,0,0,0,6.225086450827556,928.4309309309309,4638.792255615521,1104
10928.0,1998,0,0,0,6.2311736346907,928.5105105105105,4639.508404121918,1103
10929.0,1998,0,0,0,6.215496222860424,928.549049049049,4640.226207726524,1107
10930.0,1998,0,0,0,6.218306914366476,928.7692692692692,4640.944647037689,1106
10931.0,1997,0,0,1,6.1837078541652035,929.334501752629,4643.475432063469,1113
10932.0,1996,0,0,1,6.161007144096125,930.0771543086172,4643.167140598172,1121
10933.0,1996,0,0,0,6.145981482553287,930.1733466933867,4643.891948514103,1124
10934.0,1997,0,1,0,6.115236231701755,929.9614421632449,4642.292984185418,1127
10935.0,1997,0,0,0,6.086465756024824,930.1902854281423,4643.022062010371,1139
10936.0,1997,0,0,0,6.041939946314481,930.2959439158739,4643.753703194898,1138
10937.0,1996,0,0,1,5.991963299308908,930.7274549098196,4643.232903705824,1139
10938.0,1996,0,0,0,5.979211410238972,930.8226452905811,4643.968272840189,1145
10939.0,1995,0,0,1,5.950296869229672,931.2606516290726,4644.979036497857,1152
10940.0,1996,0,1,0,5.9242672629805675,930.9413827655311,4643.39100987484,1156
10941.0,1995,0,1,2,5.86439383799405,931.587969924812,4642.448983430094,1162
10942.0,1996,0,1,0,5.815780241840548,931.4554108216433,4640.867884339452,1171
10943.0,1996,0,0,0,5.769975673645133,931.8862725450902,4641.615267801571,1191
10944.0,1996,0,0,0,5.736734727568122,932.2865731462925,4642.364068283785,1201
10945.0,1997,0,1,0,5.685744774262535,932.1842764146219,4640.791868267012,1212
10946.0,1996,0,0,1,5.63912475085745,933.0966933867735,4640.225659451744,1236
10947.0,1996,0,0,0,5.618277119939391,933.4458917835672,4640.981819874069,1250
10948.0,1996,0,0,0,5.596065623590394,933.8211422845692,4641.739780748724,1248
10949.0,1997,0,1,0,5.57255718783637,933.743114672008,4640.173933755855,1254
10950.0,1998,0,1,0,5.538608980038746,933.6626626626627,4638.613503363582,1266
10951.0,1999,0,1,0,5.510550005761879,933.5287643821911,4637.056033294603,1273
10952.0,2000,0,1,0,5.475924074097661,933.4035,4635.502913107622,1275
10953.0,2000,0,0,0,5.464498480216477,933.808,4636.268708830131,1289
10954.0,1999,0,0,1,5.4214089876129785,934.6543271635818,4634.765034772258,1294
10955.0,1998,0,0,1,5.4002990615133974,935.5515515515516,4635.463308580771,1298
10956.0,1998,0,1,1,5.3769051102035075,935.9414414414415,4635.726482348033,1298
10957.0,1998,0,0,0,5.360287572382123,936.4409409409409,4636.501159304107,1306
10958.0,1998,0,0,0,5.334790509031789,936.9084084084084,4637.2778555606255,1316
10959.0,1999,0,1,0,5.307614015694298,936.8809404702351,4635.7357463447515,1330
10960.0,1999,0,0,0,5.301775241076124,937.3386693346673,4636.514875330681,1333
10961.0,1999,0,0,0,5.292382067660332,937.8284142071036,4637.29467314684,1339
10962.0,1999,0,1,1,5.275624477869668,938.3801900950475,4634.370492200921,1353
10963.0,1999,0,0,0,5.25558768967343,938.8844422211106,4635.154338698026,1352
10964.0,2001,0,2,0,5.242752782942156,938.5497251374313,4631.304768526119,1372
10965.0,2001,0,0,0,5.215389504635058,939.0784607696152,4632.092089914707,1373
10966.0,2001,0,0,0,5.194717429267967,939.6221889055472,4632.880011469354,1385
10967.0,2001,0,0,0,5.177682900344914,940.2048975512243,4633.669348811005,1385
10968.0,2001,0,0,0,5.172059625636664,940.735632183908,4634.46008597965,1387
10969.0,2000,0,0,1,5.159404495586375,941.844,4634.742874668044,1399
10970.0,2001,0,1,0,5.149480567720183,941.968015992004,4633.217946724358,1410
10971.0,1999,0,0,2,5.131354771881243,943.5212606303152,4637.565026867987,1414
10972.0,1999,0,0,0,5.108641785965589,944.0955477738869,4638.359160093338,1411
10973.0,1998,0,0,1,5.101593381238345,945.1516516516516,4637.583125688328,1407
10974.0,1997,0,0,1,5.075081688744304,946.3189784677015,4638.191713396556,1422
10975.0,1997,0,0,0,5.065720259189417,946.9288933400101,4638.989363799996,1430
10976.0,1997,0,0,0,5.058148489377656,947.5353029544317,4639.786921247842,1434
10977.0,1997,0,0,0,5.057748424791241,948.1707561342013,4640.585638520147,1442
10978.0,1996,0,0,1,5.05350340023909,949.3251503006012,4640.216493764049,1453
10979.0,1996,0,0,0,5.0488159522828395,949.9739478957916,4641.017004209955,1460
10980.0,1996,0,0,0,5.040144884278081,950.6212424849699,4641.818478249082,1456
10981.0,1995,0,0,1,5.08954395179414,950.0531328320802,4640.483118611551,1388
10982.0,1995,0,0,0,5.191127001646965,949.3794486215539,4641.273488994315,1342
10983.0,1994,0,0,1,5.30554140986239,949.3194583751254,4639.870738998859,1298
10984.0,1994,0,0,0,5.428967110120885,948.8781344032096,4640.644223600878,1276
10985.0,1994,0,0,0,5.562741706363358,948.6339017051154,4641.40868707561,1249
10986.0,1994,0,0,0,5.684780937568358,948.468405215647,4642.163919417273,1229
10987.0,1994,0,0,0,5.806025025628523,948.3605817452357,4642.911459473549,1219
10988.0,1993,0,0,1,5.897159690697413,948.6718514801806,4642.881436604406,1206
10989.0,1993,0,0,0,5.970801605093807,948.5198193677872,4643.616505335545,1193
10990.0,1993,0,0,0,6.0344179861409675,948.3617661816357,4644.3462920941765,1180
10991.0,1993,0,0,0,6.105274036866983,948.2563973908681,4645.071549550377,1166
10992.0,1993,0,0,0,6.128373087970925,948.2333166081285,4645.7946955362395,1165
10993.0,1993,0,0,0,6.14257538414793,948.0852985449071,4646.516128126028,1161
10994.0,1991,0,0,2,6.145895353192591,948.8196885986941,4648.22346203446,1146
10995.0,1991,0,0,0,6.183056727562574,948.6243093922652,4648.940483801557,1137
10996.0,1991,0,0,0,6.232081424318518,948.251632345555,4649.65437078122,1127
10997.0,1991,0,0,0,6.261348109631521,947.9281767955802,4650.366148624364,1127
10998.0,1991,0,0,0,6.296135034484516,947.6926167754897,4651.075451983779,1128
10999.0,1991,0,0,0,6.3292835429745296,947.3771973882472,4651.782768082044,1125
11000.0,1991,0,0,0,6.360017194244676,947.2611752887996,4652.489131202849,1119
11001.0,1991,0,0,0,6.369701406928798,947.1727774987444,4653.194933342734,1118
11002.0,1990,0,0,1,6.356186722902815,947.4060301507537,4652.7542062062075,1119
11003.0,1990,0,0,0,6.384872830632172,947.1442211055277,4653.457726368412,1112
11004.0,1990,0,0,0,6.405533841890738,947.0788944723618,4654.159943213573,1108
11005.0,1990,0,0,0,6.426284120975753,946.8949748743719,4654.860214861055,1111
11006.0,1991,0,1,0,6.44075303450297,946.1702661978906,4653.221517116845,1108
11007.0,1990,0,0,1,6.433079859889189,946.3045226130653,4653.80956751278,1102
11008.0,1990,0,0,0,6.4386900108130565,946.1030150753769,4654.508414289559,1102
11009.0,1990,0,0,0,6.43937467084801,945.7713567839196,4655.20665248982,1094
11010.0,1990,0,0,0,6.4428440240108165,945.6050251256281,4655.903810460312,1091
11011.0,1990,0,0,0,6.43903170615747,945.3040201005025,4656.602205990595,1090
11012.0,1989,0,0,1,6.460908544807004,945.8722976370035,4656.361207343689,1092
11013.0,1988,0,0,1,6.4620047007965065,946.0583501006037,4657.021448873653,1085
11014.0,1989,0,1,0,6.469985202071249,945.4851684263449,4655.375610240461,1089
11015.0,1989,0,0,0,6.474529644885693,945.2860734037205,4656.073167530322,1081
11016.0,1989,0,0,0,6.487891853581915,945.1015585721468,4656.769261240864,1072
11017.0,1989,0,0,0,6.494999034071977,945.042735042735,4657.464479963331,1073
11018.0,1989,0,0,0,6.5042507998828425,945.0854700854701,4658.159536720511,1071
11019.0,1988,0,0,1,6.51063993015557,945.3878269617707,4657.874498376889,1061
11020.0,1989,0,1,0,6.502979879008658,944.8215183509301,4656.2277730158075,1065
11021.0,1988,0,0,1,6.490463876227697,945.2676056338029,4657.379308767199,1063
11022.0,1988,0,0,0,6.459888122868591,945.2334004024145,4658.0794128574125,1054
11023.0,1987,0,0,1,6.449909630281504,945.5868142929039,4658.463037431932,1050
11024.0,1987,0,0,0,6.428000990906896,945.6502264720684,4659.1675630316,1053
11025.0,1988,0,1,0,6.425297402652528,945.32092555332,4657.528807388713,1056
11026.0,1988,0,0,0,6.384990764259455,945.4461770623742,4658.238039409347,1070
11027.0,1986,0,0,2,6.34954536187812,946.4667673716012,4657.8894270763085,1075
11028.0,1985,0,0,1,6.334071109890393,946.9758186397985,4660.435934372972,1076
11029.0,1984,0,0,1,6.310026132968466,947.5372983870968,4660.741002806903,1079
11030.0,1984,0,0,0,6.262441346869425,947.8024193548387,4661.458955888968,1090
11031.0,1984,0,0,0,6.2201710312061085,948.1365927419355,4662.179799350576,1106
11032.0,1984,0,0,0,6.200265844592146,948.508064516129,4662.901485966081,1121
11033.0,1985,0,2,1,6.151516834174729,948.3743073047859,4660.196139926881,1126
11034.0,1986,0,1,0,6.105097503791305,948.316717019134,4658.57669708674,1155
11035.0,1986,0,0,0,6.0652831779916765,948.7004028197382,4659.30682868925,1170
11036.0,1987,0,1,0,6.031880578498424,948.6431806743835,4657.693976347597,1178
11037.0,1986,0,0,1,5.989667447287507,949.4380664652568,4657.547889041851,1189
11038.0,1987,0,2,1,5.933261622163099,949.3231001509814,4655.348856124586,1188
11039.0,1987,0,0,0,5.870963864088713,949.6854554604932,4656.092400207539,1201
11040.0,1987,0,1,1,5.811378189673684,950.0880724710619,4654.597086592479,1215
11041.0,1988,0,1,0,5.768890434257319,949.9944668008048,4653.004876855771,1230
11042.0,1988,0,1,1,5.709640263525543,950.4225352112676,4652.114530572943,1239
11043.0,1989,0,1,0,5.661064717916031,950.4595274007039,4650.532023388084,1254
11044.0,1990,0,1,0,5.620874998466346,950.3482412060301,4648.954300753524,1253
11045.0,1990,0,0,0,5.568207568467879,950.8341708542714,4649.717489821656,1270
11046.0,1991,0,1,0,5.524043448847396,950.7990959316926,4648.147017191924,1270
11047.0,1993,0,2,0,5.4897060925854575,950.2915203211239,4644.250546889315,1277
11048.0,1994,0,1,0,5.450254018438587,950.2342026078235,4642.692109896685,1284
11049.0,1993,0,0,1,5.411909308652693,951.1746111389865,4642.524596466202,1295
11050.0,1994,0,1,0,5.397129072475809,951.1514543630892,4640.971760975207,1298
11051.0,1994,0,0,0,5.3859469483119575,951.6695085255767,4641.749698894205,1315
11052.0,1996,0,2,0,5.374460699754755,951.2284569138277,4637.877366289242,1328
11053.0,1997,0,1,0,5.3629588440327876,951.3284927391087,4636.335945034859,1342
11054.0,1997,0,0,0,5.335353155076476,951.8412618928393,4637.120085067433,1354
11055.0,1997,0,0,0,5.311119438115197,952.3595393089635,4637.9055704253515,1359
11056.0,1997,0,1,1,5.298921132873368,952.8748122183275,4635.084425128697,1366
11057.0,1997,0,0,0,5.300663312215308,953.4822233350025,4635.872052387326,1376
11058.0,1998,0,1,0,5.303580238556395,953.5610610610611,4634.33981519987,1380
11059.0,1997,0,0,1,5.300688261813701,954.6004006009014,4635.420120711374,1390
11060.0,1998,0,1,0,5.3033213719727454,954.6981981981982,4633.889398230863,1393
11061.0,1998,0,0,0,5.295954973725525,955.2742742742743,4634.679142359206,1396
11062.0,1998,0,0,0,5.277751637648175,955.8753753753754,4635.4698641148325,1405
11063.0,1997,0,0,1,5.261717679104476,956.935403104657,4634.8099075506,1409
11064.0,1997,0,0,0,5.2533453166634665,957.5052578868302,4635.603975756026,1419
11065.0,1996,0,0,1,5.241374610254517,958.5465931863728,4638.192294811963,1420
11066.0,1996,0,0,0,5.236603375937121,959.1658316633267,4638.98847138706,1428
11067.0,1995,0,0,1,5.230993954555759,960.1558897243108,4639.37371656564,1433
11068.0,1995,0,0,0,5.214421630069791,960.7669172932331,4640.170977647749,1433
11069.0,1995,0,0,0,5.193397361187011,961.3598997493734,4640.968149076125,1435
11070.0,1994,0,0,1,5.166325054122688,962.4087261785356,4640.516696548654,1438
11071.0,1994,0,0,0,5.235635765092179,961.2868605817453,4641.310631820858,1372
11072.0,1994,0,0,0,5.33032662944727,960.7186559679037,4642.097255879323,1334
11073.0,1994,0,0,0,5.440673403846795,960.2296890672017,4642.876182972202,1291
11074.0,1994,0,0,0,5.587488948432088,959.8445336008024,4643.644602460869,1257
11075.0,1992,0,0,2,5.728365326728324,960.6937751004016,4642.770909322427,1235
11076.0,1992,0,0,0,5.880557418545225,960.7243975903615,4643.518198312752,1216
11077.0,1991,0,0,1,6.0111727496618625,961.3043696634857,4642.61899477839,1197
11078.0,1989,0,0,2,6.102970699915933,962.4012066365008,4643.475195167724,1185
11079.0,1989,0,0,0,6.202565922539878,962.5052790346908,4644.1998751523015,1176
11080.0,1987,0,0,2,6.256087062336903,963.6567689984902,4644.675758706659,1168
11081.0,1987,0,0,0,6.3424031322567105,963.9154504277806,4645.390522420733,1170
11082.0,1987,0,0,0,6.396119755401679,964.045294413689,4646.101421078614,1164
11083.0,1985,0,0,2,6.440785446067475,965.1738035264484,4645.770514473347,1157
11084.0,1984,0,0,1,6.44846310262622,965.7918346774194,4645.079515273806,1161
11085.0,1984,0,0,0,6.489546417717442,965.9047379032259,4645.785692920908,1151
11086.0,1983,0,0,1,6.484664765088965,966.4538577912255,4645.347440301701,1142
11087.0,1981,0,0,2,6.480242098148808,967.5633518425038,4643.031319882412,1143
11088.0,1979,0,0,2,6.464341002503758,968.6796361798888,4640.040300721634,1141
11089.0,1978,0,0,1,6.426922939893413,969.3104145601618,4640.319914821344,1140
11090.0,1977,0,0,1,6.415432689198423,970.0,4640.7223128042915,1144
11091.0,1976,0,0,1,6.400024249722271,970.6472672064777,4640.154025696631,1139
11092.0,1973,0,0,3,6.379370137642522,972.3765838824125,4639.467512980266,1145
11093.0,1973,0,0,0,6.379417815707216,972.4221996958946,4640.178596360066,1139
11094.0,1972,0,0,1,6.382908251783174,973.0897565922921,4638.863071462126,1135
11095.0,1972,0,0,0,6.378208773057353,973.237322515213,4639.57411958052,1135
11096.0,1971,0,0,1,6.348242014873858,973.9629629629629,4638.3733393030525,1133
11097.0,1973,0,2,0,6.327088257624736,973.2002027369488,4634.382948724274,1139
11098.0,1971,0,0,2,6.316182317841094,974.3617453069508,4635.771373717668,1134
11099.0,1971,0,0,0,6.330357938286845,974.4860476915271,4636.483211544219,1143
11100.0,1969,0,0,2,6.3138852181912215,975.602844083291,4635.617213991838,1140
11101.0,1968,0,0,1,6.32896574283238,976.1915650406504,4634.107904465645,1136
11102.0,1967,0,0,1,6.347544458491785,976.737671581088,4632.726393810231,1119
11103.0,1966,0,0,1,6.342559815113557,977.411495422177,4631.502643018057,1133
11104.0,1966,0,1,1,6.352008022872671,977.5788402848423,4631.657704990381,1132
11105.0,1965,0,0,1,6.3693236660366015,978.2015267175573,4630.449510602324,1124
11106.0,1965,0,0,0,6.377454160515959,978.4702290076336,4631.161184621062,1125
11107.0,1964,0,0,1,6.381676153241776,979.2382892057027,4630.025104398938,1135
11108.0,1964,0,0,0,6.379733733221646,979.5091649694501,4630.73720894071,1135
11109.0,1964,0,1,1,6.372010755462514,979.6603869653768,4627.268573914773,1138
11110.0,1963,0,0,1,6.355951992720516,980.4075394803872,4626.123978088376,1138
11111.0,1963,0,0,0,6.347169471347421,980.5603667855323,4626.838748300032,1127
11112.0,1962,0,0,1,6.334354166863965,981.17125382263,4627.437157068905,1128
11113.0,1961,0,0,1,6.330799004106805,981.8011218765936,4626.421699395953,1117
11114.0,1961,0,0,0,6.307851824728784,982.0545639979603,4627.137155577067,1125
11115.0,1961,0,1,1,6.265523688254463,982.3707292197859,4623.577774117161,1121
11116.0,1961,0,0,0,6.24038501926486,982.6180520142784,4624.297006041532,1127
11117.0,1961,0,0,0,6.228942096578007,982.6812850586435,4625.017375446964,1122
11118.0,1961,0,0,0,6.198512256324078,982.8633350331463,4625.739955974555,1131
11119.0,1961,0,0,0,6.161666330963648,983.1718510963794,4626.464735729121,1138
11120.0,1961,0,0,0,6.110023320633932,983.4411014788374,4627.192399178862,1151
11121.0,1962,0,1,0,6.0594491666269565,983.2334352701325,4625.563176239107,1162
11122.0,1963,0,2,1,6.004968756242262,983.0881304126337,4619.814945785201,1176
11123.0,1962,0,0,1,5.9618741836249605,984.0178389398573,4622.320139847517,1182
11124.0,1963,0,1,0,5.929725722027499,983.9602649006622,4620.7016001882175,1195
11125.0,1963,0,0,0,5.88800210394946,984.3311258278146,4621.440929670598,1202
11126.0,1963,0,1,1,5.8506298877867735,984.7381558838513,4619.427292516552,1212
11127.0,1963,0,1,1,5.785519798922885,985.1676006113092,4616.932413240238,1216
11128.0,1962,0,0,1,5.72665563264966,986.105504587156,4617.559626887703,1228
11129.0,1962,0,1,1,5.665021450226691,986.4989806320082,4616.108180385069,1232
11130.0,1962,0,0,0,5.593671713636795,986.907747196738,4616.864742692192,1241
11131.0,1960,0,0,2,5.538845088257675,988.380612244898,4615.272088384839,1248
11132.0,1961,0,1,0,5.495518830011484,988.2682304946455,4613.680220092552,1257
11133.0,1961,0,0,0,5.480173459303613,988.7582865884752,4614.443569259541,1272
11134.0,1961,0,0,0,5.453868874393523,989.1361550229475,4615.208771137282,1273
11135.0,1961,0,1,1,5.422954283875192,989.5094339622641,4613.178871879465,1278
11136.0,1962,0,1,0,5.39439901696802,989.4041794087666,4611.597697576241,1275
11137.0,1963,0,1,0,5.345435881286489,989.3306164034641,4610.0219976736735,1291
11138.0,1964,0,1,0,5.339699265920891,989.2082484725051,4608.450263592422,1298
11139.0,1964,0,0,0,5.337068411062899,989.6929735234216,4609.226311969519,1312
11140.0,1964,0,0,0,5.327875176542354,990.0534623217923,4610.003904230598,1306
11141.0,1964,0,0,0,5.338368620033649,990.5218940936863,4610.781122629009,1312
11142.0,1963,0,0,1,5.3296599641570115,991.426388181355,4610.7662782881025,1314
11143.0,1963,0,1,1,5.308330665266567,991.8731533367295,4607.511754823073,1323
11144.0,1963,0,1,1,5.283750599608193,992.2812022414671,4604.126076944133,1322
11145.0,1963,0,0,0,5.260362460655781,992.7162506367804,4604.912343653803,1325
11146.0,1963,0,0,0,5.237280067593382,993.1477330616403,4605.700639816431,1332
11147.0,1963,0,0,0,5.226983763374895,993.6337238920021,4606.490623954531,1340
11148.0,1963,0,0,0,5.212699693180509,994.1390728476821,4607.281716824135,1341
11149.0,1963,0,0,0,5.180704221111795,994.6541008660214,4608.076102721002,1350
11150.0,1965,0,2,0,5.139739055089877,994.2300254452927,4604.18192796591,1355
11151.0,1965,0,0,0,5.109990253391336,994.7251908396946,4604.9811835156015,1368
11152.0,1963,0,0,2,5.071524259806511,996.2618441161487,4607.435009582706,1382
11153.0,1963,0,0,0,5.0637337530474404,996.7722873153336,4608.238341031437,1389
11154.0,1963,0,0,0,5.066312880626402,997.2348446255731,4609.041714378469,1392
11155.0,1963,0,0,0,5.062924312712762,997.713703515028,4609.84518784669,1388
11156.0,1962,0,0,1,5.0595734479770975,998.7900101936799,4609.763996336371,1391
11157.0,1962,0,0,0,5.061174019385033,999.2721712538226,4610.568004012713,1396
11158.0,1962,0,0,0,5.071097419539251,999.7410805300714,4611.371699367289,1396
11159.0,1962,0,0,0,5.06544766528641,1000.2313965341489,4612.17745110733,1406
11160.0,1963,0,1,0,5.060239732411757,1000.1716760061131,4610.633220587238,1407
11161.0,1963,0,0,0,5.1212085328559285,998.7488537952114,4611.435727771346,1346
11162.0,1963,0,0,0,5.222522451855107,997.6948548140601,4612.230546993745,1302
11163.0,1962,0,0,1,5.339891981611079,997.2334352701325,4614.423212774011,1256
11164.0,1962,0,0,0,5.48829361752179,996.5050968399593,4615.199980849261,1229
11165.0,1960,0,0,2,5.602986120052038,997.1464285714286,4616.627242183894,1208
11166.0,1959,0,0,1,5.732133957342174,997.5007656967841,4616.349051993102,1185
11167.0,1959,0,0,0,5.858362573662109,997.2613578356304,4617.099967067394,1161
11168.0,1958,0,0,1,5.967433658577559,997.6802860061287,4615.988507065646,1150
11169.0,1957,0,0,1,6.051868955354645,998.0005109862034,4616.565768108863,1137
11170.0,1957,0,0,0,6.136343171640925,997.8431272355647,4617.296729765551,1129
11171.0,1957,0,0,0,6.173211325279835,997.7940725600408,4618.025444748532,1118
11172.0,1957,0,0,0,6.199777262108267,997.8410832907512,4618.750966428694,1111
11173.0,1957,0,0,0,6.224383930931588,997.7848748083802,4619.475479868723,1108
11174.0,1956,0,0,1,6.242068516765536,998.2157464212679,4621.995265458745,1104
11175.0,1956,0,0,0,6.26415041241354,998.2259713701432,4622.71429091281,1101
11176.0,1954,0,0,2,6.258418004449397,999.1627430910952,4627.037292726431,1097
11177.0,1954,0,0,0,6.250273613481992,999.2103377686797,4627.7562281457695,1104
11178.0,1953,0,0,1,6.229535368722076,999.9144905273938,4628.676589370923,1106
11179.0,1953,0,0,0,6.231476624718257,999.9539170506912,4629.395233150116,1106
11180.0,1952,0,0,1,6.22842057600632,1000.4672131147541,4630.4922572127825,1099
11181.0,1951,0,0,1,6.227898135600816,1000.9800102511532,4632.451363959109,1097
11182.0,1950,0,0,1,6.246766378032852,1001.494358974359,4634.970760671087,1092
11183.0,1948,0,0,2,6.250906322143394,1002.670431211499,4633.275201873455,1089
11184.0,1947,0,0,1,6.261605306742061,1003.1181304571135,4634.377375777839,1093
11185.0,1947,0,0,0,6.274581590332066,1003.0498202362609,4635.093040382029,1087
11186.0,1947,0,0,0,6.300987027908525,1003.0585516178736,4635.8077736676505,1077
11187.0,1948,0,1,0,6.312694886813944,1002.4224845995893,4634.141233498183,1076
11188.0,1948,0,0,0,6.351828458489874,1002.4491786447638,4634.85265873669,1081
11189.0,1948,0,0,0,6.396544343893497,1002.4219712525668,4635.561317158081,1076
11190.0,1948,0,0,0,6.432675970561161,1002.3870636550308,4636.268053082054,1063
11191.0,1948,0,0,0,6.447296130917814,1002.4178644763861,4636.974062142985,1056
11192.0,1947,0,0,1,6.4297505280474905,1002.9573703133025,4637.478233976678,1046
11193.0,1947,0,0,0,6.42319698159939,1003.0873138161273,4638.183602284532,1043
11194.0,1947,0,1,1,6.424054130190166,1003.2259887005649,4636.4661068746445,1045
11195.0,1947,0,0,0,6.4297951550153485,1003.3456599897278,4637.170224653895,1038
11196.0,1947,0,0,0,6.432234930449166,1003.3857216230098,4637.875466695902,1036
11197.0,1946,0,0,1,6.4308048549542365,1004.0688591983557,4640.312917073316,1038
11198.0,1947,0,1,0,6.445309934851692,1003.7103235747304,4638.633244332915,1035
11199.0,1947,0,0,0,6.461725895952175,1003.9054956343092,4639.336498654711,1036
11200.0,1947,0,0,0,6.465783123383917,1004.1756548536209,4640.039507930826,1041
11201.0,1947,0,0,0,6.453643922242219,1004.3631227529532,4640.744578907962,1038
11202.0,1947,0,0,0,6.436209426714437,1004.6343091936312,4641.45005587123,1045
11203.0,1947,0,0,0,6.431079425475338,1004.9435028248588,4642.157881656325,1051
11204.0,1948,0,1,0,6.403734041148962,1004.715092402464,4640.484117328342,1055
11205.0,1948,0,0,0,6.382812026331871,1004.9835728952772,4641.1963624029395,1060
11206.0,1948,0,0,0,6.357111845241502,1005.1735112936345,4641.911184831302,1054
11207.0,1948,0,0,0,6.365270624685589,1005.4147843942505,4642.625737456607,1069
11208.0,1948,0,0,0,6.345218240309135,1005.6355236139631,4643.342456616565,1078
11209.0,1948,0,0,0,6.316971936041718,1005.9194045174538,4644.061670455145,1085
11210.0,1947,0,0,1,6.290381396082064,1006.7621982537237,4645.682703023997,1101
11211.0,1947,0,1,1,6.261285885763148,1007.1063174114022,4644.653970578055,1115
11212.0,1948,0,1,0,6.228240962598739,1006.9229979466119,4642.994082004551,1122
11213.0,1949,0,1,0,6.209634863619842,1006.8188814776809,4641.338187502222,1130
11214.0,1950,0,1,0,6.189921164359147,1006.7112820512821,4639.684691908176,1137
11215.0,1950,0,0,0,6.140604563377396,1007.0805128205128,4640.415650590481,1140
11216.0,1950,0,0,0,6.109553152930903,1007.4066666666666,4641.1482520301,1145
11217.0,1952,0,2,0,6.048706189704589,1006.7223360655738,4637.127955125217,1159
11218.0,1952,0,0,0,5.980758654691292,1007.1275614754098,4637.8669326829095,1164
11219.0,1953,0,1,0,5.930507751637075,1007.0757808499744,4636.23291606201,1171
11220.0,1953,0,0,0,5.837493570645603,1007.5289298515105,4636.9814725492,1191
11221.0,1954,0,1,0,5.764158372436159,1007.4723643807574,4635.360105086341,1196
11222.0,1955,0,1,0,5.685310503381409,1007.3810741687979,4633.744814179571,1209
11223.0,1955,0,1,1,5.620221223559895,1007.8593350383632,4630.752384123221,1219
11224.0,1955,0,0,0,5.579438943115466,1008.2670076726342,4631.51602103024,1243
11225.0,1954,0,0,1,5.53123207695957,1009.2456499488229,4630.137065110373,1256
11226.0,1956,0,3,1,5.50578074028625,1008.5593047034765,4624.13410556376,1255
11227.0,1956,0,0,0,5.485272751672595,1009.0669734151329,4624.904961168801,1262
11228.0,1957,0,1,0,5.477566314154294,1009.0240163515585,4623.314080856897,1271
11229.0,1956,0,0,1,5.447281954557266,1010.0352760736197,4623.0570503870495,1276
11230.0,1957,0,2,1,5.43389362321989,1010.039856923863,4617.885166595835,1286
11231.0,1957,0,0,0,5.432973644360111,1010.4767501277465,4618.661115251733,1285
11232.0,1959,0,2,0,5.413969882057999,1009.9213884635018,4614.724212688781,1294
11233.0,1957,0,0,2,5.3811180496763535,1011.448645886561,4611.891091995428,1302
11234.0,1958,0,1,0,5.359762340769708,1011.4775280898876,4610.318705972022,1313
11235.0,1957,0,0,1,5.363579791390046,1012.4082779764947,4608.9064096879965,1313
11236.0,1956,0,0,1,5.359349604098313,1013.4918200408998,4609.653117817719,1332
11237.0,1957,0,1,0,5.346296065703738,1013.4803270311702,4608.085670374867,1332
11238.0,1956,0,0,1,5.327400560380825,1014.5746421267894,4607.571514264929,1342
11239.0,1957,0,1,0,5.320634068615802,1014.6280020439448,4606.006767881972,1348
11240.0,1957,0,0,0,5.312266253012578,1015.2120592743996,4606.798952415021,1363
11241.0,1956,0,0,1,5.292583244112839,1016.3456032719837,4606.372775782275,1368
11242.0,1956,0,0,0,5.296201440666638,1016.8507157464213,4607.167623464489,1368
11243.0,1956,0,0,0,5.276577138068182,1017.4759713701432,4607.9653957218625,1382
11244.0,1955,0,0,1,5.2704834660048245,1018.6005115089514,4610.562487212179,1386
11245.0,1955,0,0,0,5.271958030943516,1019.1575447570333,4611.360767402038,1393
11246.0,1955,0,0,0,5.242876324927362,1019.7212276214834,4612.160629602606,1394
11247.0,1954,0,0,1,5.205043629358741,1020.8050153531218,4614.785267921774,1402
11248.0,1954,0,0,0,5.188770775916462,1021.3940634595701,4615.588117792825,1406
11249.0,1954,0,0,0,5.1871223475589,1021.9836233367452,4616.39106290758,1414
11250.0,1954,0,0,0,5.183160495152305,1022.5905834186284,4617.19369289852,1417
11251.0,1953,0,0,1,5.24532556891672,1022.15770609319,4616.217135202042,1341
11252.0,1953,0,0,0,5.343594534385358,1021.6164874551971,4617.007042849546,1295
11253.0,1953,0,0,0,5.460699143060079,1021.247311827957,4617.787753697997,1253
11254.0,1953,0,0,0,5.602049799361493,1020.9795186891961,4618.558249172054,1220
11255.0,1953,0,0,0,5.7547555160266874,1020.9083461341526,4619.3176127017905,1198
11256.0,1952,0,0,1,5.898373940439736,1021.3524590163935,4620.280619508472,1176
11257.0,1952,0,1,1,6.003045256816058,1021.4318647540983,4620.469619370594,1163
11258.0,1952,0,0,0,6.118207126724417,1021.5210040983607,4621.203134194207,1152
11259.0,1952,0,0,0,6.2013739909270145,1021.59375,4621.930340705769,1136
11260.0,1952,0,0,0,6.257028028836139,1021.6839139344262,4622.653599688111,1129
11261.0,1951,0,0,1,6.2961964911683745,1022.3444387493593,4625.212334860039,1124
11262.0,1950,0,0,1,6.325821422028633,1022.8933333333333,4627.73606833738,1118
11263.0,1950,0,0,0,6.341976416605403,1022.9851282051281,4628.452910542387,1112
11264.0,1950,0,0,0,6.350875163746766,1023.1010256410257,4629.169163111306,1112
11265.0,1949,0,0,1,6.360501269841637,1023.7306310928682,4628.159078774187,1105
11266.0,1948,0,0,1,6.377442664136194,1024.3398357289527,4626.89249026896,1106
11267.0,1948,0,0,0,6.386990205724171,1024.482546201232,4627.605935626482,1105
11268.0,1947,0,0,1,6.392966022120414,1025.1217257318951,4626.4015516437075,1110
11269.0,1946,0,0,1,6.39010602711973,1025.7805755395684,4624.755435549947,1109
11270.0,1945,0,0,1,6.380392576554385,1026.4508997429307,4624.158518089599,1113
11271.0,1945,0,0,0,6.405206172671225,1026.5665809768639,4624.870032474515,1119
11272.0,1945,0,0,0,6.3938985241837045,1026.826735218509,4625.582274750996,1123
11273.0,1945,0,0,0,6.376789685109819,1027.0071979434447,4626.295557839119,1127
11274.0,1945,0,0,0,6.353185705492478,1027.2015424164524,4627.009478558517,1128
11275.0,1945,0,0,0,6.350969920232748,1027.386118251928,4627.722608785105,1126
11276.0,1945,0,0,0,6.357801473927403,1027.4442159383034,4628.435919948802,1115
11277.0,1946,0,1,0,6.366075723182615,1027.0575539568345,4626.769854818391,1114
11278.0,1946,0,0,0,6.3911074581163865,1027.104830421377,4627.481073305412,1106
11279.0,1946,0,0,0,6.3966487496953395,1027.262076053443,4628.191321174509,1107
11280.0,1946,0,0,0,6.418153255883654,1027.4044193216855,4628.901114101558,1101
11281.0,1945,0,0,1,6.416465788265786,1028.0668380462726,4629.18313836979,1093
11282.0,1945,0,0,0,6.427213246634213,1028.2570694087403,4629.8912483256245,1090
11283.0,1945,0,0,0,6.457877757939235,1028.3748071979435,4630.5968204647315,1085
11284.0,1946,0,1,0,6.46647280501916,1028.0169578622815,4628.922695631407,1086
11285.0,1946,0,0,0,6.478852711877064,1028.1942446043165,4629.627843258275,1083
11286.0,1945,0,0,1,6.482575060103512,1029.0143958868894,4630.88128804312,1090
11287.0,1945,0,0,0,6.493469051430276,1029.2858611825193,4631.584860252468,1085
11288.0,1944,0,0,1,6.484396222658806,1030.0303497942386,4632.1132797474675,1086
11289.0,1944,0,1,1,6.446930268974962,1030.2793209876543,4630.826537043618,1092
11290.0,1944,0,0,0,6.429461205040208,1030.5149176954733,4631.532775490709,1091
11291.0,1942,0,0,2,6.40028421648875,1031.8089598352215,4633.880079589587,1088
11292.0,1942,0,0,0,6.376819418939339,1032.0911431513903,4634.589143982229,1090
11293.0,1941,0,0,1,6.341412666069766,1033.0200927357032,4634.122950874319,1095
11294.0,1942,0,1,0,6.319264098462002,1032.804325437693,4632.44970365182,1096
11295.0,1942,0,0,0,6.29958497950379,1033.1199794026777,4633.16534539343,1105
11296.0,1942,0,0,0,6.276073897728736,1033.4917610710609,4633.882791064721,1113
11297.0,1942,0,0,0,6.261426284050681,1033.705973223481,4634.601554947001,1115
11298.0,1941,0,0,1,6.235593615246305,1034.4446161772282,4634.350296926156,1103
11299.0,1941,0,0,0,6.194675419065988,1034.7604327666152,4635.072410658988,1113
11300.0,1942,0,1,0,6.141927074413874,1034.605561277034,4633.410507603587,1126
11301.0,1942,0,0,0,6.094964052904346,1034.9696189495367,4634.138397293727,1138
11302.0,1943,0,1,0,6.0527716797003475,1034.770972722594,4632.482782946305,1141
11303.0,1944,0,1,0,6.020183245996289,1034.5900205761318,4630.831429728875,1148
11304.0,1945,0,1,0,5.992788668780313,1034.3398457583548,4629.182567603764,1145
11305.0,1944,0,0,1,5.949162498572754,1035.2844650205761,4630.112507530921,1162
11306.0,1945,0,1,0,5.906673542520891,1035.1501285347044,4628.471291565292,1159
11307.0,1946,0,1,0,5.857368271851919,1034.9953751284686,4626.835269595852,1169
11308.0,1947,0,1,0,5.8031105188981735,1034.8248587570622,4625.205666073683,1182
11309.0,1947,0,0,0,5.754503733295749,1035.225988700565,4625.95598746133,1193
11310.0,1946,0,1,2,5.666125108776374,1036.1351490236382,4625.9680885870575,1208
11311.0,1946,0,1,1,5.624851356783637,1036.532887975334,4623.1356979505945,1219
11312.0,1945,0,0,1,5.5797073391759895,1037.452442159383,4622.08132206011,1223
11313.0,1946,0,1,0,5.533446692061706,1037.3206577595067,4620.471975110008,1229
11314.0,1946,0,0,0,5.511508964360557,1037.6572456320657,4621.240030564743,1231
11315.0,1945,0,0,1,5.48273617394699,1038.5300771208226,4620.116700639683,1242
11316.0,1946,0,2,1,5.4362168269399005,1038.3514902363822,4617.917691696791,1252
11317.0,1947,0,1,0,5.404995780186373,1038.2234206471494,4616.32175096714,1258
11318.0,1947,0,0,0,5.3861388195732225,1038.6096558808424,4617.100994538388,1268
11319.0,1947,0,0,0,5.373134295489769,1039.0066769388802,4617.8820590060495,1280
11320.0,1947,0,1,1,5.337652810910584,1039.4386235233692,4616.482779104005,1291
11321.0,1946,0,0,1,5.298637138826337,1040.5313463514901,4616.3701156543775,1307
11322.0,1946,0,1,1,5.263429572280219,1041.013874614594,4612.989424793869,1312
11323.0,1946,0,0,0,5.241640200144337,1041.525179856115,4613.7802146169815,1316
11324.0,1946,0,0,0,5.227405701084392,1042.0344295991779,4614.572624515548,1325
11325.0,1946,0,0,0,5.217243866034733,1042.5318602261048,4615.365322941146,1332
11326.0,1948,0,2,0,5.2018040668013175,1042.0035934291582,4611.4198637889285,1333
11327.0,1947,0,0,1,5.188644822588218,1043.0082177709296,4610.646869732241,1338
11328.0,1946,0,0,1,5.178856470911848,1043.9835560123329,4609.673669914409,1342
11329.0,1947,0,1,0,5.178645529185996,1043.9029275808937,4608.102243762226,1341
11330.0,1947,0,0,0,5.183247710163965,1044.3929121725732,4608.899121263561,1350
11331.0,1947,0,0,0,5.191393379982501,1044.8710837185413,4609.69563118682,1352
11332.0,1947,0,0,0,5.186990125839202,1045.4283513097073,4610.493054712689,1355
11333.0,1947,0,0,0,5.19199079846793,1045.9619928094505,4611.290284562683,1352
11334.0,1947,0,0,0,5.187283474400982,1046.43708269132,4612.087362261066,1357
11335.0,1947,0,0,0,5.19080035111222,1047.0380071905495,4612.88526923073,1366
11336.0,1947,0,0,0,5.186117313013947,1047.5870570107859,4613.682802883748,1357
11337.0,1947,0,0,0,5.1886217868457045,1048.1843862352337,4614.481010242442,1365
11338.0,1947,0,0,0,5.185159001938353,1048.779147406266,4615.279148374838,1374
11339.0,1947,0,0,0,5.178527052933909,1049.402157164869,4616.077830058327,1373
11340.0,1946,0,0,1,5.16258129942247,1050.5837615621788,4615.667138898128,1386
11341.0,1945,0,0,1,5.2094573544572444,1049.8976863753214,4616.72134913201,1311
11342.0,1945,0,0,0,5.307361875029517,1049.2884318766066,4617.5110142126005,1271
11343.0,1945,0,0,0,5.42901013151627,1048.8740359897172,4618.291555834545,1239
11344.0,1944,0,0,1,5.5664120500178065,1048.8554526748972,4620.897795223941,1215
11345.0,1944,0,0,0,5.7190302420904935,1048.4182098765432,4621.657913237991,1190
11346.0,1944,0,0,0,5.869759492873324,1047.994341563786,4622.407651343119,1167
11347.0,1943,0,0,1,5.978486465939443,1048.1456510550695,4623.74029620503,1142
11348.0,1943,0,0,0,6.088037537595079,1048.0694801852806,4624.474261001484,1123
11349.0,1943,0,0,0,6.135799554741248,1047.8008234688625,4625.205761071763,1114
11350.0,1943,0,0,0,6.182216821062361,1047.551724137931,4625.932859282936,1111
11351.0,1943,0,0,0,6.210753509780246,1047.4981986618632,4626.656488465553,1113
11352.0,1943,0,0,0,6.261780378166047,1047.3973237261966,4627.376888107502,1106
11353.0,1942,0,0,1,6.306103850534025,1047.683316168898,4627.226337658363,1091
11354.0,1942,0,0,0,6.337632872220384,1047.3795056642637,4627.941528077658,1088
11355.0,1941,0,0,1,6.385592644393892,1047.6980937660999,4627.844993034289,1078
11356.0,1941,0,0,0,6.4196005423581495,1047.4662545079855,4628.553359005248,1068
11357.0,1940,0,0,1,6.427037121965398,1047.8082474226803,4629.44527647869,1066
11358.0,1939,0,0,1,6.427299735420586,1048.1186178442497,4631.093501312078,1056
11359.0,1938,0,0,1,6.420265623861127,1048.544375644995,4633.318167981457,1066
11360.0,1937,0,0,1,6.418927345961994,1048.8755807950438,4632.721602522161,1064
11361.0,1937,0,0,0,6.405572183072164,1048.7052142488385,4633.42906844514,1061
11362.0,1937,0,0,0,6.413905050909158,1048.5875064532784,4634.134499742338,1070
11363.0,1937,0,0,0,6.402431618242382,1048.596282911719,4634.8396437648125,1075
11364.0,1935,0,0,2,6.397970268263642,1049.5245478036177,4637.558315609668,1073
11365.0,1935,0,0,0,6.411809689197562,1049.2511627906977,4638.262691418612,1068
11366.0,1935,0,0,0,6.417773489148156,1049.1514211886306,4638.9661419580625,1064
11367.0,1936,0,1,0,6.44095750635513,1048.4467975206612,4637.2719845329075,1056
11368.0,1936,0,0,0,6.472015242139429,1048.172520661157,4637.972938400167,1053
11369.0,1936,0,0,0,6.489130679125801,1048.1311983471073,4638.673654809692,1059
11370.0,1935,0,0,1,6.479015873838642,1048.425322997416,4641.239780302632,1058
11371.0,1934,0,0,1,6.485604405667535,1048.748190279214,4642.681605613808,1049
11372.0,1935,0,1,0,6.517741217851209,1048.0501291989665,4640.981569663081,1058
11373.0,1935,0,0,0,6.538873475212831,1047.9529715762274,4641.6810198194835,1051
11374.0,1935,0,0,0,6.563102168189932,1047.7653746770027,4642.377998276701,1038
11375.0,1935,0,0,0,6.5900215024728235,1047.9245478036175,4643.074949569957,1038
11376.0,1935,0,0,0,6.621526043164655,1047.7545219638243,4643.770743523315,1035
11377.0,1935,0,1,1,6.623911854863857,1047.739534883721,4642.265249981926,1038
11378.0,1935,0,0,0,6.631228764594848,1047.922480620155,4642.960859016487,1036
11379.0,1935,0,0,0,6.61696804630377,1047.9240310077519,4643.656466527514,1038
11380.0,1934,0,0,1,6.573427950897241,1048.4839710444674,4646.1824253088525,1039
11381.0,1932,0,0,2,6.544510982857967,1049.7189440993789,4649.019542744972,1039
11382.0,1932,0,0,0,6.528631689254066,1049.7934782608695,4649.720585989406,1037
11383.0,1930,0,0,2,6.484082892541425,1050.8455958549223,4650.67380979503,1039
11384.0,1931,0,1,0,6.455867435010233,1050.3873640600725,4648.971682117675,1042
11385.0,1931,0,0,0,6.410993517927422,1050.5825996892802,4649.68089520119,1047
11386.0,1931,0,0,0,6.360583312167407,1050.8948731227342,4650.393428711027,1046
11387.0,1931,0,0,0,6.331869070999133,1050.9798032107717,4651.107425538002,1054
11388.0,1931,0,0,0,6.293892631285756,1051.0750906266182,4651.824557411188,1061
11389.0,1931,0,0,0,6.259987173577002,1051.1211807353702,4652.544197298606,1076
11390.0,1931,0,0,0,6.224535232179295,1051.2024857586744,4653.266367485984,1091
11391.0,1933,0,2,0,6.176647995753705,1050.2043455768237,4649.176330917466,1096
11392.0,1934,0,1,0,6.108069546047212,1049.7983453981385,4647.501362730852,1116
11393.0,1933,0,0,1,6.067390350113244,1050.7144335230212,4648.17140616163,1122
11394.0,1933,0,1,1,6.016337121391425,1050.8753233316088,4645.128969291665,1136
11395.0,1933,0,0,0,5.970309388533645,1051.2741852043455,4645.865750809003,1149
11396.0,1933,0,0,0,5.928173633825373,1051.448008277289,4646.604262886776,1159
11397.0,1935,0,2,0,5.89073655701139,1050.5720930232558,4642.543983980761,1162
11398.0,1934,0,0,1,5.866891438365992,1051.3267838676318,4644.059640818229,1173
11399.0,1935,0,1,0,5.819536705416737,1051.0129198966408,4642.407267946928,1182
11400.0,1936,0,1,0,5.775350956196391,1050.8254132231405,4640.760386761959,1192
11401.0,1936,0,0,0,5.730548565875912,1051.2298553719008,4641.515433695536,1203
11402.0,1938,0,2,0,5.675776567297226,1050.5794633642931,4637.483403916645,1215
11403.0,1938,0,0,0,5.640651507050352,1051.047471620227,4638.245146880795,1228
11404.0,1939,0,1,0,5.602024285622829,1051.0149561629705,4636.617905603187,1242
11405.0,1941,0,2,0,5.561858210434916,1050.3570324574962,4632.607909309395,1251
11406.0,1942,0,1,0,5.551072073598773,1050.1658084449023,4630.991335312584,1255
11407.0,1942,0,0,0,5.508556305644699,1050.541709577755,4631.764089570384,1263
11408.0,1944,0,2,0,5.4830114530608824,1049.8317901234568,4627.772599015151,1269
11409.0,1945,0,1,0,5.457511689866836,1049.702827763496,4626.170395724131,1281
11410.0,1945,0,1,1,5.4296490577629655,1050.171208226221,4623.699834290316,1292
11411.0,1945,0,0,0,5.39468879341825,1050.564524421594,4624.482901972794,1300
11412.0,1946,0,1,0,5.365529610095483,1050.4347379239466,4622.8917930875505,1310
11413.0,1947,0,2,1,5.315159736430119,1050.3610683102208,4617.339827626988,1326
11414.0,1947,0,0,0,5.286822240646855,1050.8587570621469,4618.131365809811,1337
11415.0,1948,0,1,0,5.25474417808197,1050.8459958932237,4616.554037515926,1350
11416.0,1947,0,0,1,5.228008345956005,1051.905495634309,4619.181600791624,1359
11417.0,1947,0,0,0,5.220542272672864,1052.4432460195171,4619.977411506602,1367
11418.0,1948,0,1,0,5.2120795094253,1052.4245379876797,4618.4025244337945,1378
11419.0,1947,0,0,1,5.199719742597892,1053.417565485362,4621.038287464528,1376
11420.0,1947,0,0,0,5.1962507356212875,1053.884437596302,4621.836061915443,1381
11421.0,1946,0,0,1,5.196813518731881,1055.0349434737923,4621.72917208424,1388
11422.0,1946,0,0,0,5.1797195960029745,1055.5950668036999,4622.528418805622,1391
11423.0,1946,0,0,0,5.173382759413357,1056.1382322713257,4623.328225543386,1401
11424.0,1944,0,0,2,5.15819982135973,1057.7865226337449,4625.792928877768,1405
11425.0,1944,0,0,0,5.162547920922581,1058.329732510288,4626.591959543167,1403
11426.0,1944,0,0,0,5.170872772898517,1058.8137860082304,4627.390744825557,1398
11427.0,1944,0,0,0,5.17917154871107,1059.3816872427983,4628.18942801356,1400
11428.0,1942,0,0,2,5.153980984025936,1061.01184346035,4628.57036551366,1400
11429.0,1942,0,0,0,5.158301207701831,1061.5885684860968,4629.37217426043,1402
11430.0,1941,0,0,1,5.154532416451068,1062.6831530139104,4628.642904151899,1399
11431.0,1941,0,0,0,5.219453719845689,1061.46419371458,4629.441328724911,1335
11432.0,1940,0,0,1,5.315712101770682,1061.3118556701031,4629.653987215377,1285
11433.0,1939,0,0,1,5.451720436074103,1061.2527075812275,4630.166483281836,1239
11434.0,1937,0,0,2,5.574218835859911,1062.0082601961797,4631.097070292377,1212
11435.0,1938,0,1,0,5.696300815041054,1061.2528379772962,4629.471694801331,1194
11436.0,1938,0,0,0,5.8115520214577225,1061.1031991744067,4630.227379623376,1179
11437.0,1938,0,0,0,5.919647493193319,1060.8028895768834,4630.975004656533,1156
11438.0,1938,0,0,0,6.022617105536303,1060.5990712074304,4631.7165533044235,1146
11439.0,1937,0,0,1,6.084952227340777,1060.9623128549304,4632.416505554512,1145
11440.0,1937,0,0,0,6.160385696707533,1060.8064016520393,4633.149038461784,1137
11441.0,1937,0,0,0,6.231804600772028,1060.6551368094993,4633.87778391633,1133
11442.0,1936,0,0,1,6.263767469580541,1061.0960743801652,4636.345883463701,1122
11443.0,1936,0,0,0,6.301231213930036,1060.9963842975208,4637.069253951949,1127
11444.0,1935,0,0,1,6.31885454613965,1061.417054263566,4637.954138097582,1116
11445.0,1934,0,0,1,6.347771471685668,1061.697001034126,4637.9016600759505,1109
11446.0,1934,0,0,0,6.372014558476401,1061.4855222337126,4638.619523796115,1109
11447.0,1934,0,0,0,6.3971654606468915,1061.3624612202689,4639.336226062287,1102
11448.0,1934,0,0,0,6.417340513670689,1061.5904860392968,4640.050734642094,1100
11449.0,1932,0,0,2,6.4227595687645636,1062.5486542443064,4640.724488151961,1092
11450.0,1932,0,0,0,6.435402978846078,1062.3773291925465,4641.437636759406,1087
11451.0,1932,0,0,0,6.461472545948096,1062.2712215320912,4642.149539318423,1090
11452.0,1931,0,0,1,6.461538520971562,1062.8415328845158,4641.442289378029,1101
11453.0,1931,0,0,0,6.496662545930768,1062.6820300362506,4642.15186681852,1105
11454.0,1931,0,0,0,6.515963164195342,1062.5168306576902,4642.860616979452,1101
11455.0,1931,0,0,0,6.5317547315611515,1062.683583635422,4643.569371592002,1102
11456.0,1930,0,0,1,6.523439174271883,1063.279274611399,4646.158184216235,1106
11457.0,1930,0,0,0,6.55690684953136,1063.0450777202072,4646.864881159557,1089
11458.0,1930,0,0,0,6.588870842173556,1063.0134715025906,4647.569789731022,1084
11459.0,1930,0,0,0,6.6214633947119275,1063.1621761658032,4648.272838365266,1084
11460.0,1931,0,1,0,6.6592693201850395,1062.469186949767,4646.566227024501,1078
11461.0,1931,0,0,0,6.6749091869551185,1062.315380631797,4647.26613494661,1071
11462.0,1931,0,0,0,6.679550167083086,1062.2055929570172,4647.966255726733,1073
11463.0,1930,0,0,1,6.642602341295952,1062.5585492227979,4647.1199359676975,1066
11464.0,1928,0,0,2,6.60321287719488,1063.6571576763486,4647.916474595823,1076
11465.0,1928,0,1,1,6.570591122807577,1063.6141078838175,4646.332258755772,1078
11466.0,1928,0,0,0,6.535051874436594,1063.5015560165975,4647.037774072489,1080
11467.0,1927,0,0,1,6.510760173974133,1064.2854177477946,4649.498310268876,1086
11468.0,1927,0,0,0,6.494431035426371,1064.1966787752983,4650.20509369356,1087
11469.0,1926,0,0,1,6.4963409622763795,1064.6531671858775,4651.049069311778,1072
11470.0,1927,0,1,0,6.481233176684983,1064.0176440062273,4649.3425089633,1068
11471.0,1926,0,0,1,6.439406512835299,1064.6142263759086,4651.629052090617,1074
11472.0,1926,0,0,0,6.40231780054128,1064.8701973001039,4652.341948934386,1084
11473.0,1924,0,0,2,6.343066149784871,1066.031185031185,4652.093970116344,1084
11474.0,1924,0,0,0,6.302522681194996,1066.0249480249481,4652.812759362387,1078
11475.0,1925,0,1,0,6.251433491832282,1065.4571428571428,4651.117487848802,1079
11476.0,1925,0,0,0,6.19486550925485,1065.4950649350649,4651.843653369326,1092
11477.0,1925,0,0,0,6.170628041178709,1065.4046753246753,4652.57012069668,1100
11478.0,1925,0,0,0,6.129944692189594,1065.3864935064935,4653.298865240412,1109
11479.0,1925,0,0,0,6.085015178511023,1065.3231168831169,4654.030308769126,1115
11480.0,1925,0,0,0,6.035506907292534,1065.3703896103896,4654.764280978638,1122
11481.0,1924,0,0,1,5.97554391411894,1065.902286902287,4657.140466016055,1128
11482.0,1924,0,0,0,5.950100036549367,1066.1387733887734,4657.87900525918,1133
11483.0,1926,0,2,0,5.922715726837554,1065.0353063343719,4653.782191154555,1147
11484.0,1925,0,0,1,5.87555118467347,1065.6254545454547,4653.1338567826715,1155
11485.0,1925,0,0,0,5.847126363308758,1065.7553246753246,4653.8794145737265,1177
11486.0,1922,0,0,3,5.781637626028106,1067.8959417273672,4653.321737328167,1189
11487.0,1923,0,1,0,5.763441735334414,1067.7280291211648,4651.651650465602,1195
11488.0,1923,0,0,0,5.750815187675674,1068.2022880915238,4652.403528040308,1211
11489.0,1922,0,0,1,5.7112430041088205,1069.1810613943808,4652.168508292788,1216
11490.0,1923,0,1,0,5.686079672933486,1069.0733229329173,4650.505572291821,1222
11491.0,1922,0,0,1,5.666757726501129,1069.9739854318418,4652.381943260218,1218
11492.0,1922,0,0,0,5.653414867868386,1070.4958376690947,4653.141329850306,1234
11493.0,1922,0,0,0,5.627498252981758,1071.0109261186265,4653.90282261607,1243
11494.0,1922,0,1,1,5.584303971896259,1071.4797086368367,4650.744111771205,1260
11495.0,1922,0,1,1,5.52094352464068,1071.9890738813735,4650.723611945493,1272
11496.0,1922,0,2,2,5.482934875966629,1072.3995837669095,4646.965760020706,1278
11497.0,1920,0,0,2,5.43672122724582,1074.0635416666667,4644.813842594676,1291
11498.0,1920,0,0,0,5.427339476670334,1074.5708333333334,4645.589776524041,1298
11499.0,1920,0,0,0,5.4039418431245645,1075.0895833333334,4646.367532280008,1304
11500.0,1919,0,0,1,5.4033190582750805,1076.0932777488274,4648.130776687069,1311
11501.0,1919,0,0,0,5.391576686093512,1076.657113079729,4648.911241250893,1315
11502.0,1920,0,2,1,5.37101432289062,1076.5765625,4643.1196979545475,1321
11503.0,1921,0,1,0,5.344963314070619,1076.3732431025508,4641.486314358337,1319
11504.0,1921,0,0,0,5.306982006507769,1076.8037480478918,4642.274983721413,1327
11505.0,1921,0,0,0,5.26051249761473,1077.3612701717855,4643.066795153261,1338
11506.0,1921,0,0,0,5.2282604179670225,1077.8917230609059,4643.861757575001,1349
11507.0,1921,0,1,1,5.205063232863097,1078.3716814159293,4641.802664766336,1358
11508.0,1921,0,1,1,5.18765941968141,1078.8969286829777,4642.01769038376,1360
11509.0,1921,0,0,0,5.17725748184483,1079.4659031754295,4642.816225240223,1370
11510.0,1922,0,1,0,5.168338970730582,1079.423517169615,4641.1993741054885,1365
11511.0,1921,0,0,1,5.135077090127372,1080.5163977095262,4643.872473063681,1367
11512.0,1921,0,0,0,5.120826859357041,1081.008328995315,4644.672969758687,1373
11513.0,1920,0,0,1,5.1070920703672895,1082.2010416666667,4646.796959663089,1387
11514.0,1920,0,0,0,5.089969016015672,1082.7692708333334,4647.6000508380785,1392
11515.0,1920,0,0,0,5.085360113100751,1083.3739583333333,4648.404047867344,1402
11516.0,1920,0,0,0,5.091835552592389,1083.9442708333333,4649.20757383993,1399
11517.0,1920,0,0,0,5.077493493003691,1084.5427083333334,4650.01210614177,1403
11518.0,1920,0,0,0,5.075202813174025,1085.0682291666667,4650.816639622256,1402
11519.0,1920,0,0,0,5.073504957399904,1085.56875,4651.621748842541,1398
11520.0,1920,0,0,0,5.066536592862444,1086.0510416666666,4652.426344165594,1397
11521.0,1920,0,0,0,5.12460811704988,1084.9479166666667,4653.22777148063,1326
11522.0,1920,0,0,0,5.226962654658927,1084.10625,4654.02144779667,1269
11523.0,1920,0,0,0,5.3417623901145825,1083.7005208333333,4654.807032087946,1227
11524.0,1920,0,0,0,5.462415352107133,1083.4692708333334,4655.584289244632,1206
11525.0,1919,0,0,1,5.604637270609858,1083.8712871287128,4658.202702405802,1185
11526.0,1919,0,0,0,5.729582711891527,1083.7717561229808,4658.961386294211,1166
11527.0,1918,0,0,1,5.8425743948737825,1084.3091762252345,4658.882362122287,1148
11528.0,1916,0,0,2,5.932484582511296,1085.4932150313152,4663.370564016091,1141
11529.0,1916,0,0,0,5.999695139870283,1085.6090814196243,4664.110006898873,1131
11530.0,1914,0,0,2,6.06104482197163,1086.9284221525602,4665.460027412617,1128
11531.0,1913,0,0,1,6.123931171846354,1087.444328280188,4668.038332694706,1115
11532.0,1913,0,0,0,6.187376119487805,1087.504966021955,4668.765182660126,1100
11533.0,1912,0,0,1,6.214750360160744,1088.1558577405858,4669.753366683366,1099
11534.0,1912,0,0,0,6.267743435411006,1088.182531380753,4670.475208929397,1096
11535.0,1911,0,0,1,6.282813519246835,1088.8759811616953,4669.725099183581,1091
11536.0,1910,0,0,1,6.307268603026919,1089.5319371727749,4669.66064427273,1081
11537.0,1910,0,0,0,6.331056442229397,1089.7225130890051,4670.377485548098,1086
11538.0,1909,0,0,1,6.356712505105267,1090.549502357255,4669.634974105382,1091
11539.0,1908,0,0,1,6.37361433702824,1091.3789308176101,4672.206469409668,1100
11540.0,1908,0,0,0,6.398534017606733,1091.380503144654,4672.916686688659,1088
11541.0,1908,0,0,0,6.418506921038679,1091.6399371069183,4673.626158282961,1090
11542.0,1908,0,0,0,6.427214100541829,1091.8605870020965,4674.334883903047,1095
11543.0,1908,0,0,0,6.4300474435662025,1092.1079664570232,4675.043099253276,1100
11544.0,1908,0,0,0,6.443911894356227,1092.2856394129979,4675.750176981676,1101
11545.0,1908,0,0,0,6.437609710031299,1092.4848008385745,4676.45775872912,1100
11546.0,1908,0,0,0,6.436959496157168,1092.6907756813416,4677.164710472927,1099
11547.0,1909,0,1,0,6.421998881351787,1092.189104243059,4675.421782274902,1088
11548.0,1908,0,0,1,6.40074381283941,1092.71750524109,4675.303147289133,1079
11549.0,1907,0,0,1,6.386353858620227,1093.3576297850027,4677.929733470824,1082
11550.0,1907,0,0,0,6.390402882701215,1093.4341898269533,4678.6376548084445,1075
11551.0,1907,0,0,0,6.400642517888517,1093.437860513896,4679.344425357487,1069
11552.0,1907,0,0,0,6.4001467109552586,1093.4163607760881,4680.050997631655,1071
11553.0,1907,0,0,0,6.405079675870452,1093.3749344520188,4680.758026744205,1066
11554.0,1908,0,1,0,6.398374838530994,1092.8013626834381,4679.011256454781,1067
11555.0,1907,0,0,1,6.397545824300382,1093.418458311484,4681.554129035023,1061
11556.0,1907,0,0,0,6.420877697775693,1093.464604090194,4682.260492005745,1062
11557.0,1906,0,0,1,6.41650784699393,1094.121720881427,4682.146274327104,1067
11558.0,1907,0,1,0,6.407147695654912,1093.488725747247,4680.397279079847,1066
11559.0,1907,0,0,0,6.403817113496249,1093.5228106974305,4681.104692766504,1064
11560.0,1907,0,0,0,6.4106201797191265,1093.4750917671736,4681.81174886971,1058
11561.0,1907,0,0,0,6.406788091631495,1093.5191400104877,4682.519551129103,1054
11562.0,1907,0,0,0,6.3875679201415645,1093.50760356581,4683.228495735102,1046
11563.0,1907,0,0,0,6.344813211995789,1093.7005768222339,4683.94042710697,1038
11564.0,1908,0,1,0,6.304785714474248,1093.3008385744236,4682.198996126091,1048
11565.0,1908,0,0,0,6.275107258376435,1093.4832285115303,4682.914689882327,1062
11566.0,1907,0,0,1,6.239860501821396,1094.3072889355008,4683.447943391903,1074
11567.0,1907,0,0,0,6.189461953537269,1094.417409543786,4684.169286122842,1084
11568.0,1906,0,0,1,6.160914876261035,1095.2859391395593,4683.562102587136,1098
11569.0,1906,0,0,0,6.130702114969047,1095.335257082896,4684.286365438921,1097
11570.0,1905,0,0,1,6.0688333349054835,1096.2230971128608,4684.53948505221,1101
11571.0,1906,0,1,0,6.030139268326589,1095.846274921301,4682.811871086051,1114
11572.0,1906,0,1,1,5.998989145577083,1096.1374606505772,4681.3086099198135,1112
11573.0,1905,0,0,1,5.948333814554303,1096.9370078740158,4682.956495074938,1123
11574.0,1906,0,1,0,5.900153791827283,1096.601259181532,4681.237858200909,1142
11575.0,1906,0,1,1,5.846992524153417,1096.9045120671562,4680.450575511307,1148
11576.0,1906,0,0,0,5.7948460236261985,1097.2166841552992,4681.198178914335,1158
11577.0,1907,0,1,0,5.761081345041723,1096.8741478762454,4679.492347508102,1172
11578.0,1906,0,1,2,5.702597582863704,1097.8090241343127,4677.418350320615,1185
11579.0,1906,0,1,1,5.654338728875544,1098.0991605456454,4677.086273149362,1186
11580.0,1907,0,1,0,5.61465867980892,1097.7498689040378,4675.392544382508,1188
11581.0,1908,0,1,0,5.585236771825884,1097.3427672955975,4673.702843540234,1189
11582.0,1908,0,0,0,5.545298775310858,1097.6352201257862,4674.467702497973,1194
11583.0,1909,0,1,0,5.490479898883082,1097.360398114196,4672.787275651795,1213
11584.0,1909,0,0,0,5.445379934522864,1097.6286013619697,4673.559795848748,1221
11585.0,1911,0,2,0,5.415388409064369,1096.7231815803245,4669.442694547767,1227
11586.0,1910,0,0,1,5.3614356510627585,1097.5659685863875,4670.015514085553,1236
11587.0,1911,0,2,1,5.318964769165865,1097.3254840397697,4667.788552629605,1240
11588.0,1910,0,0,1,5.262937841174686,1098.2193717277487,4667.8020748432655,1253
11589.0,1912,0,2,0,5.2321005955533595,1097.3352510460252,4663.706099473777,1251
11590.0,1912,0,0,0,5.2250753787393736,1097.7018828451883,4664.4955050967,1255
11591.0,1913,0,1,0,5.203175325317972,1097.5844223732358,4662.84743758222,1267
11592.0,1913,0,0,0,5.1686634035245484,1097.9299529534762,4663.641641323368,1271
11593.0,1913,0,1,1,5.142215347845961,1098.3058024046002,4659.58022266748,1277
11594.0,1914,0,1,0,5.132185561034445,1098.119644723093,4657.942572040673,1282
11595.0,1915,0,1,0,5.122556274098088,1097.9566579634466,4656.30871924672,1296
11596.0,1915,0,0,0,5.129116871383521,1098.4595300261096,4657.10754367277,1311
11597.0,1915,0,0,0,5.143026529974224,1098.8971279373368,4657.9065715069055,1316
11598.0,1914,0,0,1,5.134074308425618,1099.9822361546499,4660.592056382075,1319
11599.0,1914,0,0,0,5.138554234806165,1100.5600835945663,4661.3925222505295,1334
11600.0,1914,0,0,0,5.153375400708842,1101.1436781609195,4662.193614417425,1345
11601.0,1915,0,1,0,5.1522026809696175,1101.1483028720627,4660.56000084265,1355
11602.0,1915,0,0,0,5.155212608396017,1101.7060052219322,4661.362742436067,1356
11603.0,1915,0,0,0,5.1430735935807945,1102.260052219321,4662.165204948772,1348
11604.0,1915,0,0,0,5.13079459752114,1102.8454308093994,4662.970388322886,1365
11605.0,1915,0,0,0,5.108209824620602,1103.4396866840732,4663.7771668915175,1376
11606.0,1914,0,0,1,5.07176644404077,1104.596133751306,4664.849638303725,1376
11607.0,1914,0,0,0,5.063425483277844,1105.2006269592478,4665.658482165768,1378
11608.0,1913,0,0,1,5.063192483921883,1106.3376894929431,4666.077047507697,1377
11609.0,1912,0,0,1,5.034436460603411,1107.4900627615064,4666.856425553119,1382
11610.0,1912,0,0,0,5.0258706322286315,1108.0475941422594,4667.667511506535,1382
11611.0,1912,0,0,0,5.094043380896072,1106.8200836820083,4668.473773892851,1305
11612.0,1911,0,0,1,5.197345576479256,1106.3971742543172,4669.324182526713,1254
11613.0,1909,0,0,2,5.323927568471566,1107.0110005238344,4672.1525224406005,1213
11614.0,1909,0,0,0,5.475807414210438,1106.5825039287586,4672.933312065446,1176
11615.0,1908,0,0,1,5.631287272878412,1106.9203354297695,4672.311320300296,1158
11616.0,1908,0,0,0,5.775508866572208,1106.651467505241,4673.071149319141,1128
11617.0,1908,0,0,0,5.90693386872532,1106.3909853249477,4673.822318930216,1096
11618.0,1907,0,0,1,6.014346870864921,1106.7252228631357,4676.457296501673,1087
11619.0,1907,0,0,0,6.129361146166146,1106.6565285789197,4677.193598016124,1078
11620.0,1907,0,0,0,6.206971961347241,1106.4593602517043,4677.924914813984,1057
11621.0,1907,0,0,0,6.272969193821479,1106.3969585736759,4678.651530551978,1055
11622.0,1906,0,0,1,6.315207403261214,1106.8835257082897,4681.2882427663635,1052
11623.0,1905,0,0,1,6.3415294753249,1107.3994750656168,4683.0061965854175,1050
11624.0,1905,0,0,0,6.382280966277921,1107.2183727034121,4683.72392055143,1038
11625.0,1905,0,0,0,6.421265790923359,1107.101312335958,4684.439725765748,1030
11626.0,1905,0,0,0,6.453646916671954,1106.989501312336,4685.153393983387,1031
11627.0,1906,0,1,0,6.4859995945301065,1106.4685204616999,4683.406944217763,1037
11628.0,1906,0,0,0,6.506971928950698,1106.4690451206716,4684.117764201384,1024
11629.0,1906,0,0,0,6.533347924880284,1106.6128016789087,4684.826276451417,1025
11630.0,1904,0,0,2,6.532263328720968,1107.8051470588234,4683.399999873987,1033
11631.0,1903,0,0,1,6.536864315221427,1108.3399894902784,4686.021475547885,1020
11632.0,1903,0,0,0,6.556174162100228,1108.4697845507094,4686.728858099993,1029
11633.0,1902,0,0,1,6.561505001160014,1109.1035751840168,4689.361456976132,1030
11634.0,1902,0,0,0,6.567681890297294,1109.0552050473186,4690.068219585568,1025
11635.0,1902,0,0,0,6.552814150119712,1109.1656151419559,4690.775459094552,1026
11636.0,1903,0,1,0,6.545071187891187,1108.5664739884394,4689.017750076679,1025
11637.0,1903,0,0,0,6.55373989478968,1108.511823436679,4689.72504680385,1025
11638.0,1903,0,0,0,6.543376711284916,1108.4902785076195,4690.432665401353,1033
11639.0,1903,0,0,0,6.5452450642141065,1108.5512348922753,4691.1396924478895,1031
11640.0,1902,0,0,1,6.552120681440499,1109.2066246056781,4689.922314475543,1035
11641.0,1900,0,0,2,6.547633508945265,1110.4215789473685,4690.619826428663,1021
11642.0,1899,0,0,1,6.563800068391488,1111.1727224855188,4689.363633760579,1021
11643.0,1899,0,1,1,6.542127412834684,1111.3149025803054,4688.997075242944,1023
11644.0,1899,0,0,0,6.538847411379604,1111.3512374934176,4689.702266343481,1021
11645.0,1898,0,0,1,6.553989790546253,1112.0084299262383,4691.291906204055,1016
11646.0,1898,0,0,0,6.596086327291588,1112.1322444678608,4691.994704919647,1006
11647.0,1897,0,0,1,6.603597615367744,1112.8634686346863,4691.669467354037,1014
11648.0,1896,0,0,1,6.594230837244596,1113.6244725738397,4694.30419562276,1013
11649.0,1897,0,1,0,6.584612484053643,1113.197680548234,4692.533673263114,1016
11650.0,1897,0,0,0,6.5687429033053375,1113.426462836057,4693.239272511055,1024
11651.0,1897,0,0,0,6.564346415458292,1113.6599894570375,4693.946805535427,1030
11652.0,1897,0,0,0,6.5469835394386475,1113.936742224565,4694.656984511986,1033
11653.0,1897,0,0,0,6.525364384184996,1114.1312598840275,4695.369657467757,1036
11654.0,1898,0,1,0,6.4839562842541385,1113.7918861959959,4693.611619170964,1045
11655.0,1898,0,0,0,6.429268818908424,1114.1617492096943,4694.332541379008,1054
11656.0,1898,0,0,0,6.385183735641558,1114.4388830347734,4695.056690719884,1065
11657.0,1898,0,0,0,6.347053502752849,1114.7070600632244,4695.7839487085375,1077
11658.0,1898,0,0,0,6.318770935209895,1114.9894625922022,4696.512951042046,1085
11659.0,1898,0,0,0,6.3038605241175505,1115.440990516333,4697.24325127187,1110
11660.0,1898,0,0,0,6.279720893634897,1115.6243414120127,4697.974580026705,1110
11661.0,1899,0,1,0,6.280341844307476,1115.3533438651923,4696.232432324363,1127
11662.0,1900,0,1,0,6.277626870161343,1115.0573684210526,4694.492580038471,1133
11663.0,1900,0,0,0,6.258383708159325,1115.3373684210526,4695.226371357636,1137
11664.0,1899,0,1,2,6.208060686618272,1116.2775144813058,4692.044116639383,1140
11665.0,1898,0,0,1,6.1626217256792115,1117.2413066385668,4692.676862425607,1158
11666.0,1898,0,0,0,6.109581368011166,1117.5943097997892,4693.41789210365,1164
11667.0,1898,0,0,0,6.0329350508593675,1118.0642781875658,4694.163465301993,1172
11668.0,1898,0,0,0,5.958156359159192,1118.5131717597471,4694.913548850288,1191
11669.0,1897,0,0,1,5.9074547190720095,1119.5993674222457,4694.492905198957,1202
11670.0,1897,0,0,0,5.857611667138417,1120.1280969952556,4695.249529393697,1210
11671.0,1897,0,0,0,5.816824229239925,1120.5645756457563,4696.007899810543,1214
11672.0,1897,0,0,0,5.7740095107885665,1121.0738007380073,4696.768529174188,1228
11673.0,1895,0,0,2,5.708977467499775,1122.7662269129287,4696.888386917619,1234
11674.0,1895,0,0,0,5.670055354983117,1123.1978891820581,4697.654618086633,1236
11675.0,1895,0,0,0,5.648349728828966,1123.650659630607,4698.422176112612,1246
11676.0,1896,0,1,0,5.60449912792783,1123.5601265822784,4696.713964559558,1250
11677.0,1896,0,1,1,5.5490673119197815,1124.050105485232,4696.956672461216,1253
11678.0,1895,0,0,1,5.512129156263912,1125.110290237467,4699.640205496069,1258
11679.0,1896,0,1,0,5.465417614558477,1124.9878691983122,4697.941196299385,1264
11680.0,1896,0,0,0,5.436731496370866,1125.3960970464136,4698.722589608091,1261
11681.0,1896,0,0,0,5.40589734273253,1125.840717299578,4699.506066701414,1266
11682.0,1897,0,1,0,5.404174617958415,1125.755930416447,4697.813536124715,1273
11683.0,1897,0,0,0,5.412000685881152,1126.1602530311018,4698.598457594704,1281
11684.0,1896,0,0,1,5.406000750807178,1127.1909282700421,4697.461541155773,1283
11685.0,1896,0,0,0,5.395407946821347,1127.6566455696202,4698.24963226176,1287
11686.0,1896,0,0,0,5.392763633617423,1128.1260548523207,4699.038606206467,1293
11687.0,1896,0,0,0,5.383367984369947,1128.5785864978902,4699.828325609055,1299
11688.0,1896,0,0,0,5.386458191332227,1129.0849156118143,4700.61601077464,1296
11689.0,1896,0,0,0,5.375357378129193,1129.597046413502,4701.406098358861,1303
11690.0,1896,0,1,1,5.3570361368674435,1130.081223628692,4699.678947365683,1309
11691.0,1896,0,0,0,5.344977205073906,1130.5617088607594,4700.473045900373,1312
11692.0,1896,0,0,0,5.353973413659128,1131.054852320675,4701.265937775093,1314
11693.0,1896,0,0,0,5.351902376530402,1131.5506329113923,4702.060524524895,1321
11694.0,1896,0,0,0,5.339711617099593,1132.085970464135,4702.854532464755,1321
11695.0,1895,0,1,2,5.320837216535546,1133.177308707124,4703.87603573661,1325
11696.0,1895,0,0,0,5.348601408260573,1133.6849604221636,4704.6709671687095,1322
11697.0,1894,0,0,1,5.341697569504949,1134.7951425554381,4705.3462979256865,1324
11698.0,1895,0,1,0,5.352977026861988,1134.6385224274406,4703.6584357586335,1324
11699.0,1895,0,0,0,5.355610270890095,1135.114511873351,4704.453254633152,1320
11700.0,1895,0,0,0,5.34308170312106,1135.5746701846965,4705.249134004208,1317
11701.0,1896,0,1,0,5.404142834852036,1133.96888185654,4703.5585981977165,1254
11702.0,1896,0,0,0,5.502222475409797,1133.2837552742617,4704.34356653221,1210
11703.0,1896,0,1,1,5.613930972403202,1132.737341772152,4702.5479422298195,1164
11704.0,1896,0,0,0,5.755144092672585,1132.4034810126582,4703.315213209337,1139
11705.0,1897,0,1,0,5.885252277969899,1131.538745387454,4701.592909258505,1115
11706.0,1897,0,0,0,6.03874636899443,1131.1760674749605,4702.340041328797,1088
11707.0,1896,0,0,1,6.175588760627738,1131.462552742616,4705.015470842144,1069
11708.0,1896,0,1,1,6.284570540656364,1131.2267932489451,4702.218732537962,1054
11709.0,1896,0,0,0,6.389285793129408,1131.1007383966244,4702.94155742055,1041
11710.0,1897,0,1,0,6.47211789971326,1130.439114391144,4701.179466509757,1027
11711.0,1896,0,0,1,6.525161779112047,1130.9583333333333,4703.823332236818,1015
11712.0,1895,0,0,1,6.555115246177992,1131.5271767810027,4706.475334549035,1010
11713.0,1896,0,1,0,6.605400897364296,1130.940400843882,4704.700339579285,1011
11714.0,1896,0,0,0,6.626053573785248,1130.699894514768,4705.406205687441,1003
11715.0,1895,0,0,1,6.6401087288094445,1131.0332453825858,4705.172797815155,999
11716.0,1895,0,0,0,6.667539197641461,1130.7641160949868,4705.875355254323,995
11717.0,1895,0,0,0,6.703055502336805,1130.5614775725594,4706.575743635242,1003
11718.0,1894,0,0,1,6.725869370452331,1130.8949313621963,4706.275414071032,992
11719.0,1893,0,0,1,6.724635990739607,1131.433174854728,4706.756974720068,999
11720.0,1892,0,0,1,6.724794089738375,1131.8958773784354,4705.987625182462,1010
11721.0,1891,0,0,1,6.73109476177682,1132.5251189846642,4708.614600367713,1015
11722.0,1890,0,0,1,6.729511638314791,1133.021164021164,4709.101084680072,1017
11723.0,1890,0,0,0,6.745400361049888,1132.937037037037,4709.8005841426975,1016
11724.0,1890,0,0,0,6.761655008004411,1132.7333333333333,4710.500112314801,1009
11725.0,1890,0,0,0,6.7888403087978375,1132.509523809524,4711.198200691553,1005
11726.0,1890,0,0,0,6.787489042245593,1132.2301587301588,4711.896471029031,1004
11727.0,1890,0,0,0,6.806286443523393,1131.9714285714285,4712.5942116603355,998
11728.0,1890,0,1,1,6.80434972175449,1131.7550264550264,4709.412039568151,999
11729.0,1890,0,0,0,6.808883841533493,1131.635978835979,4710.109026520491,1010
11730.0,1890,0,0,0,6.818033572720039,1131.4460317460318,4710.805911523828,1000
11731.0,1889,0,0,1,6.81445149851857,1131.9211222869244,4710.120167381996,996
11732.0,1889,0,0,0,6.81292116030828,1131.7554261514028,4710.817327566866,990
11733.0,1889,0,0,0,6.801501220318481,1131.905770248809,4711.514577134453,996
11734.0,1889,0,0,0,6.787863846433162,1131.8358920063527,4712.212641292215,996
11735.0,1890,0,1,0,6.771680853495327,1131.135978835979,4710.417658874024,999
11736.0,1890,0,0,0,6.768591611204013,1130.9936507936509,4711.116662765473,998
11737.0,1890,0,0,0,6.751415703280755,1131.1,4711.816253137164,1008
11738.0,1889,0,0,1,6.727947737647689,1131.643197458973,4712.120909727555,1000
11739.0,1890,0,1,0,6.728723417904346,1131.0783068783069,4710.328670239354,997
11740.0,1888,0,0,2,6.695540459594147,1132.2891949152543,4710.848876231416,1002
11741.0,1888,0,0,0,6.669303236012719,1132.271716101695,4711.55370398766,1002
11742.0,1887,0,0,1,6.639070341250221,1133.1383147853735,4713.412236215253,1007
11743.0,1886,0,0,1,6.590492800713172,1133.8213149522799,4713.586835432023,1010
11744.0,1887,0,1,0,6.54486440436605,1133.3116057233703,4711.801765995767,1013
11745.0,1887,0,0,0,6.489677907132446,1133.4107048224696,4712.5188852419915,1031
11746.0,1887,0,0,0,6.462996881187629,1133.5580286168522,4713.237651951829,1034
11747.0,1887,0,0,0,6.450177201012784,1133.577106518283,4713.957245633353,1038
11748.0,1886,0,0,1,6.422712747504858,1134.3467656415694,4713.27439726886,1052
11749.0,1886,0,0,0,6.377358856405917,1134.4915164369036,4714.000123989759,1061
11750.0,1885,0,0,1,6.3278914449240355,1135.2307692307693,4715.120907663703,1073
11751.0,1885,0,0,0,6.315710569167466,1135.373474801061,4715.849985597836,1079
11752.0,1886,0,1,0,6.266359714297434,1135.1145281018028,4714.081895550502,1089
11753.0,1888,0,2,0,6.227325333171238,1134.1175847457628,4709.823089452963,1098
11754.0,1888,0,0,0,6.187456099600365,1134.3538135593221,4710.5615360411575,1111
11755.0,1888,0,0,0,6.141360173351071,1134.520656779661,4711.304152381813,1125
11756.0,1888,0,1,1,6.053366465295281,1134.7754237288136,4708.021751680319,1136
11757.0,1888,0,0,0,6.007720581429897,1134.9655720338983,4708.773402613149,1141
11758.0,1888,0,0,0,5.990929048609012,1135.2123940677966,4709.526023984987,1152
11759.0,1889,0,1,0,5.969603857727063,1134.889359449444,4707.787043574624,1161
11760.0,1889,0,0,0,5.9471240503873934,1135.2154579142402,4708.543348257638,1183
11761.0,1889,0,1,1,5.9293137162614435,1135.6892535733193,4707.512974589169,1185
11762.0,1889,0,0,0,5.897503674844669,1136.1852832186341,4708.272718725188,1195
11763.0,1889,0,0,0,5.873474155233187,1136.4595023822128,4709.034801182769,1198
11764.0,1890,0,1,0,5.827630603765075,1136.2830687830688,4707.307823322293,1207
11765.0,1891,0,1,0,5.785360463040794,1136.2342675832892,4705.58631571801,1218
11766.0,1891,0,1,1,5.735122271494398,1136.7144368059228,4702.520554890129,1225
11767.0,1890,0,1,2,5.705309268169554,1137.8179894179893,4699.916321228938,1231
11768.0,1890,0,0,0,5.700085993999583,1138.3396825396826,4700.691276304432,1244
11769.0,1889,0,0,1,5.682188084969165,1139.4769719428268,4699.823297716225,1249
11770.0,1888,0,0,1,5.680989737316996,1140.4438559322034,4700.589149211951,1248
11771.0,1889,0,1,0,5.683561253851679,1140.3038644785602,4698.877571417125,1252
11772.0,1889,0,1,1,5.674576646461706,1140.859184753838,4699.0336005163845,1263
11773.0,1886,0,1,4,5.621368376179817,1143.1208907741252,4691.892057410491,1264
11774.0,1884,0,0,2,5.583690324718334,1144.8789808917197,4693.603585949879,1274
11775.0,1884,0,0,0,5.563771949713653,1145.3964968152866,4694.390032130041,1278
11776.0,1885,0,2,1,5.550026483387561,1145.344827586207,4692.044836534386,1287
11777.0,1884,0,0,1,5.526941953936544,1146.4883227176222,4694.776087430252,1297
11778.0,1883,0,0,1,5.508389692131501,1147.611258629846,4694.9919731484815,1293
11779.0,1886,0,3,0,5.525268253557768,1146.347295864263,4688.311167583836,1301
11780.0,1886,0,0,0,5.5094252355891005,1146.8791092258748,4689.10055810805,1306
11781.0,1886,0,0,0,5.513485724316104,1147.4480381760338,4689.890074814562,1308
11782.0,1887,0,1,0,5.517555081366048,1147.3328033916268,4688.194538115962,1309
11783.0,1887,0,0,0,5.521343222129542,1147.8961314255432,4688.983653671113,1309
11784.0,1886,0,0,1,5.515971192073389,1149.0106044538707,4691.702883573377,1307
11785.0,1885,0,0,1,5.494723540891824,1150.149602122016,4694.418182215446,1308
11786.0,1886,0,1,0,5.476243071584651,1150.0371155885473,4692.71972107851,1311
11787.0,1886,0,0,0,5.452731441446799,1150.5975609756097,4693.5116587859,1311
11788.0,1885,0,0,1,5.415653960293755,1151.7824933687002,4692.903198428722,1315
11789.0,1885,0,0,0,5.386951873916782,1152.363925729443,4693.699189235493,1315
11790.0,1885,0,0,0,5.362440251258911,1152.9729442970822,4694.49609186706,1332
11791.0,1885,0,0,0,5.422674980475513,1151.97824933687,4695.288737007654,1269
11792.0,1883,0,0,2,5.494714896089656,1152.6128518321827,4699.964862061159,1226
11793.0,1883,0,0,0,5.626397062730635,1152.0100902814656,4700.743373652354,1178
11794.0,1882,0,0,1,5.778232259174184,1152.0834218916048,4700.861555826531,1143
11795.0,1881,0,0,1,5.955375690117467,1152.0845295055822,4701.3220478168705,1109
11796.0,1881,0,0,0,6.116286406958707,1151.7602339181287,4702.066601993373,1079
11797.0,1880,0,0,1,6.238963859228724,1152.1297872340426,4702.425498069943,1055
11798.0,1880,0,0,0,6.3463338136079095,1151.986170212766,4703.1549442966525,1040
11799.0,1880,0,0,0,6.446747581506954,1151.9414893617022,4703.8779852315665,1031
11800.0,1880,0,0,0,6.513975876395595,1151.8808510638298,4704.59624355987,1022
11801.0,1880,0,0,0,6.604269740582342,1151.784574468085,4705.309993416625,1006
11802.0,1880,0,0,0,6.661567931988702,1151.754255319149,4706.020001090236,1004
11803.0,1880,0,0,0,6.692167786314974,1151.75,4706.727126900606,998
11804.0,1880,0,0,0,6.740724255613046,1151.7148936170213,4707.431265179618,999
11805.0,1879,0,0,1,6.772528343818746,1152.264502394891,4710.063524588208,995
11806.0,1879,0,0,0,6.785924180287339,1152.3288983501864,4710.764558608747,995
11807.0,1879,0,0,0,6.812009932263792,1152.3890367216604,4711.464277626096,994
11808.0,1878,0,0,1,6.809815691531913,1152.9552715654952,4711.925844403006,992
11809.0,1878,0,0,0,6.826877207992977,1152.9153354632588,4712.622729683789,990
11810.0,1877,0,0,1,6.823661710546432,1153.6073521576984,4712.027421667727,984
11811.0,1876,0,0,1,6.830882240321336,1154.2420042643923,4711.652176443509,986
11812.0,1875,0,0,1,6.847091672255379,1154.9290666666666,4712.295994262611,985
11813.0,1875,0,0,0,6.85560529966304,1154.8784,4712.989715773636,984
11814.0,1875,0,0,0,6.864026816160135,1154.8229333333334,4713.682590093134,980
11815.0,1874,0,0,1,6.850750371624674,1155.4300960512273,4715.629780035131,972
11816.0,1875,0,1,0,6.838347775434715,1154.7146666666667,4713.808594431794,973
11817.0,1875,0,0,0,6.849401766782771,1154.7626666666667,4714.50301858694,977
11818.0,1875,0,0,0,6.839294672787832,1154.8304,4715.198845178962,970
11819.0,1875,0,0,0,6.832972481797583,1154.8928,4715.895191701243,975
11820.0,1875,0,0,0,6.8293431951994314,1154.984,4716.591186492858,977
11821.0,1874,0,0,1,6.819380783078567,1155.6931696905017,4719.142775540784,979
11822.0,1874,0,0,0,6.828834539692483,1155.7529348986127,4719.839142309875,972
11823.0,1872,0,0,2,6.784078935303003,1157.1030982905984,4719.580292069637,979
11824.0,1872,0,1,1,6.765807486371609,1157.1752136752136,4716.256016701646,978
11825.0,1872,0,0,0,6.763134186639081,1157.2029914529915,4716.956923680144,975
11826.0,1871,0,0,1,6.732217342308684,1157.9406734366648,4717.63688090178,975
11827.0,1870,0,0,1,6.731433580081011,1158.7069518716578,4719.25054403898,974
11828.0,1870,0,0,0,6.737804555966385,1158.8128342245989,4719.952600303182,974
11829.0,1870,0,1,1,6.7284604924784785,1158.9513368983958,4717.297767480745,970
11830.0,1869,0,0,1,6.7242962854803965,1159.7469234884966,4719.846830305577,979
11831.0,1869,0,0,0,6.725578414486956,1160.0856072766185,4720.54973065094,987
11832.0,1868,0,0,1,6.724573212056553,1160.860278372591,4721.137189708485,986
11833.0,1867,0,0,1,6.724503390628417,1161.680771290841,4723.070478585036,982
11834.0,1867,0,0,0,6.717397803180314,1161.8484199250133,4723.776147927171,984
11835.0,1868,0,1,0,6.7065271831058375,1161.5176659528909,4721.953118169815,994
11836.0,1868,0,0,0,6.695393612082999,1161.7901498929336,4722.660751019087,996
11837.0,1868,0,0,0,6.669926139656307,1161.9502141327623,4723.370196833316,993
11838.0,1868,0,0,0,6.655570019051069,1162.1279443254818,4724.081471256932,1002
11839.0,1867,0,0,1,6.617453557839183,1162.989823245849,4725.957235761561,1013
11840.0,1866,0,0,1,6.569753350912928,1163.9094319399785,4727.127624582041,1021
11841.0,1866,0,0,0,6.527171827405716,1164.2433011789924,4727.847347729441,1031
11842.0,1865,0,1,2,6.4863611227534985,1165.2509383378017,4723.452747188499,1042
11843.0,1866,0,1,0,6.4294541166746875,1165.0192926045015,4721.646236356238,1054
11844.0,1867,0,1,0,6.380905944833617,1164.7391537225496,4719.8461067624985,1058
11845.0,1868,0,1,0,6.3202629349828445,1164.4384368308351,4718.051718890383,1075
11846.0,1868,0,0,0,6.248263874297441,1164.855460385439,4718.789830686131,1088
11847.0,1868,0,0,0,6.1943032707871515,1165.3126338329764,4719.531729349933,1112
11848.0,1868,0,0,0,6.135258280896681,1165.8019271948608,4720.277713889379,1126
11849.0,1869,0,1,0,6.084295276089295,1165.71696094168,4718.5001607820595,1142
11850.0,1868,0,0,1,6.049126767044952,1166.8094218415417,4717.68069896994,1157
11851.0,1869,0,1,0,6.022924658693675,1166.6158373461744,4715.909375609281,1169
11852.0,1868,0,0,1,5.984256322540365,1167.7366167023554,4715.487359406872,1185
11853.0,1869,0,1,0,5.949655875008917,1167.5789192081327,4713.7225712805675,1193
11854.0,1869,0,0,0,5.901851312033515,1168.0224719101125,4714.483927757279,1207
11855.0,1869,0,0,0,5.865867204943772,1168.5313001605136,4715.24844969753,1216
11856.0,1870,0,1,0,5.829436977617606,1168.4262032085562,4713.493122630579,1222
11857.0,1871,0,1,0,5.784014376090513,1168.2586851950828,4711.743195089299,1232
11858.0,1871,0,1,1,5.729948107120691,1168.7471940138962,4709.688298655523,1245
11859.0,1871,0,0,0,5.700878070701094,1169.2699091394975,4710.463372286442,1254
11860.0,1873,0,2,0,5.68805412672417,1168.5782167645489,4706.208486400504,1263
11861.0,1873,0,0,0,5.66998382952543,1169.1393486385477,4706.9864902730105,1277
11862.0,1874,0,1,0,5.648500816118323,1169.0586979722518,4705.253698507483,1287
11863.0,1875,0,1,0,5.638147458883887,1168.9365333333333,4703.5244513122825,1288
11864.0,1874,0,0,1,5.594613969008895,1170.1083244397012,4704.095196323331,1297
11865.0,1874,0,0,0,5.5974385430107105,1170.684098185699,4704.878983768538,1304
11866.0,1872,0,0,2,5.522270066576146,1172.520299145299,4707.212079618431,1308
11867.0,1872,0,0,0,5.513196820256978,1172.9738247863247,4707.999736790439,1307
11868.0,1872,0,1,1,5.458379927315851,1173.537393162393,4704.553580637735,1320
11869.0,1872,0,0,0,5.453969309350313,1174.030982905983,4705.343383825445,1317
11870.0,1871,0,1,2,5.422532650772888,1175.1854623196152,4703.563996689245,1322
11871.0,1870,0,0,1,5.399110795085101,1176.4673796791444,4703.912471644677,1333
11872.0,1870,0,0,0,5.398922218612285,1177.1278074866311,4704.705893237649,1339
11873.0,1869,0,0,1,5.36835726090894,1178.3199571963617,4705.0790736036015,1335
11874.0,1868,0,0,1,5.355567448881519,1179.4587794432548,4707.279569599712,1338
11875.0,1868,0,0,0,5.366091757505008,1179.9684154175588,4708.073517867353,1337
11876.0,1867,0,0,1,5.342423573478754,1181.103374397429,4710.771658014252,1335
11877.0,1867,0,0,0,5.354608587095863,1181.5313336904123,4711.566562367667,1327
11878.0,1867,0,0,0,5.355429863744143,1182.1483663631495,4712.361127321118,1332
11879.0,1867,0,0,0,5.337990280041503,1182.6700589180502,4713.157302287457,1336
11880.0,1867,0,0,0,5.327872732804819,1183.243170862346,4713.95438788053,1348
11881.0,1866,0,0,1,5.383321276917882,1182.7979635584138,4713.442362300912,1277
11882.0,1865,0,0,1,5.4472777301529085,1182.8246648793565,4716.208602631728,1234
11883.0,1865,0,0,0,5.56968012515056,1182.2793565683646,4716.986782978996,1193
11884.0,1864,0,0,1,5.693904392679521,1182.5772532188842,4719.747004382013,1164
11885.0,1864,0,0,0,5.842289643585207,1182.3428111587982,4720.505662564426,1143
11886.0,1863,0,0,1,5.961784438674163,1182.8336017176596,4723.229285055816,1129
11887.0,1863,0,0,0,6.096567991254932,1182.7428878153517,4723.969158785576,1108
11888.0,1863,0,0,0,6.200201767913869,1182.7353730542136,4724.70250314893,1101
11889.0,1863,0,0,0,6.301320625862419,1182.5609232420827,4725.429207431157,1079
11890.0,1863,0,0,0,6.385541262187295,1182.6929683306496,4726.149223621177,1079
11891.0,1861,0,0,2,6.431626960633778,1183.9709833422892,4729.947784343152,1075
11892.0,1861,0,0,0,6.483195497599528,1183.9828049435787,4730.660626221525,1071
11893.0,1861,0,0,0,6.52264280282809,1184.1601289629232,4731.3711673401485,1061
11894.0,1861,0,0,0,6.569859274844082,1184.1681891456205,4732.078608013055,1056
11895.0,1861,0,0,0,6.59843302083031,1184.1950564212789,4732.784467057798,1045
11896.0,1859,0,0,2,6.592884331069569,1185.4443249058634,4730.682736106034,1044
11897.0,1858,0,0,1,6.618451062331959,1185.9951560818083,4730.12657611672,1029
11898.0,1858,0,0,0,6.61127471385563,1186.1781485468246,4730.831405704657,1033
11899.0,1858,0,0,0,6.61803835746429,1186.2734122712595,4731.535780923526,1032
11900.0,1858,0,0,0,6.622704570836627,1186.4041980624327,4732.239841843343,1045
11901.0,1858,0,0,0,6.608737172228834,1186.44617868676,4732.945175245311,1042
11902.0,1858,0,0,0,6.6139492731202925,1186.6135629709365,4733.648624706395,1042
11903.0,1858,0,0,0,6.611085260086523,1186.631862217438,4734.352677291965,1036
11904.0,1857,0,0,1,6.611692283505597,1187.431340872375,4737.047472523846,1040
11905.0,1857,0,0,0,6.604666253637306,1187.578352180937,4737.750931346084,1042
11906.0,1858,0,1,0,6.603335189193966,1187.0936490850377,4735.903939205938,1038
11907.0,1858,0,0,0,6.611635344179357,1187.1835306781486,4736.606217230337,1037
11908.0,1858,0,0,0,6.6128213079567475,1187.3202368137784,4737.309743814093,1034
11909.0,1858,0,0,0,6.627181026249839,1187.3902045209902,4738.012689229691,1032
11910.0,1858,0,0,0,6.622710201544292,1187.5113024757804,4738.71685806663,1029
11911.0,1858,0,0,0,6.621143905674832,1187.4230355220668,4739.421585164513,1018
11912.0,1858,0,0,0,6.621220500021279,1187.2249730893434,4740.126497128134,1010
11913.0,1858,0,0,0,6.608377257699428,1187.2938643702907,4740.832471215133,1012
11914.0,1858,0,0,0,6.605329187792152,1187.3417653390743,4741.538590163116,1003
11915.0,1859,0,1,0,6.6011405094668065,1186.6600322754168,4739.694118511976,1003
11916.0,1859,0,0,0,6.5953304292512165,1186.6863905325445,4740.401161415179,1008
11917.0,1859,0,0,0,6.606502848239453,1186.8004303388918,4741.107170172319,1002
11918.0,1860,0,1,0,6.598955649903065,1186.2682795698925,4739.264882796882,1009
11919.0,1860,0,0,0,6.579735692130969,1186.3397849462365,4739.973536688041,1006
11920.0,1859,0,0,1,6.604614130590938,1187.0898332436793,4742.589556936486,1002
11921.0,1859,0,0,0,6.614742857099373,1187.0172135556752,4743.298382930944,999
11922.0,1858,0,0,1,6.595882193156987,1187.6689989235738,4741.334141835212,990
11923.0,1858,0,0,0,6.619100708181658,1187.8207750269107,4742.044945813219,996
11924.0,1858,0,0,0,6.622809742083317,1187.908503767492,4742.754550359381,1002
11925.0,1858,0,0,0,6.610888380196461,1188.060279870829,4743.467097292723,1009
11926.0,1859,0,1,0,6.5811440958121254,1187.6057019903174,4741.6291603978925,1021
11927.0,1859,0,0,0,6.538729428949959,1187.7278106508875,4742.3474336480795,1024
11928.0,1857,0,0,2,6.507529577051172,1189.0866989768444,4745.545193304694,1020
11929.0,1857,0,0,0,6.489485643047023,1189.1777059773829,4746.266696897519,1032
11930.0,1856,0,0,1,6.47599222562833,1189.9806034482758,4745.292639693598,1034
11931.0,1856,0,0,0,6.447242641854168,1190.2446120689656,4746.017852204479,1036
11932.0,1855,0,1,2,6.3985130099364245,1191.1159029649596,4740.71737520413,1049
11933.0,1855,0,1,1,6.373448793671701,1191.3471698113208,4738.1972797352055,1055
11934.0,1856,0,1,0,6.34133577006969,1190.9515086206898,4736.376469215653,1057
11935.0,1857,0,1,0,6.324125580566338,1190.5815831987077,4734.558906172322,1070
11936.0,1855,0,0,2,6.256325340796467,1192.2291105121294,4737.176420534804,1079
11937.0,1855,0,1,1,6.175950010597192,1192.46576819407,4734.972487598732,1084
11938.0,1856,0,1,0,6.120800052176856,1192.1880387931035,4733.167319682113,1099
11939.0,1856,0,0,0,6.0745423100505125,1192.4886853448277,4733.916475852443,1108
11940.0,1858,0,2,0,6.020590224140811,1191.504305705059,4729.573876163985,1117
11941.0,1858,0,0,0,5.9766239685599905,1191.840150699677,4730.330294741449,1132
11942.0,1858,0,1,1,5.939667670029697,1192.235199138859,4727.9030109022715,1144
11943.0,1858,0,1,1,5.895925557075666,1192.6878363832077,4725.907998072925,1150
11944.0,1859,0,1,0,5.867809743681367,1192.3679397525552,4724.130695063351,1155
11945.0,1860,0,1,0,5.8325859782318386,1192.1887096774194,4722.357711231049,1172
11946.0,1862,0,2,0,5.780940455261203,1191.3152524167563,4718.055426274315,1187
11947.0,1863,0,1,0,5.745741431658039,1191.0150295222759,4716.295305493477,1190
11948.0,1865,0,2,0,5.730019091168065,1190.1072386058981,4712.011478344163,1192
11949.0,1865,0,0,0,5.71095962842707,1190.428418230563,4712.786745025322,1200
11950.0,1866,0,1,0,5.692482801972639,1190.1634512325832,4711.036988927229,1206
11951.0,1864,0,0,2,5.666232168400114,1191.8454935622317,4713.476910668791,1206
11952.0,1865,0,1,0,5.653223329409709,1191.6932975871314,4711.729287989979,1215
11953.0,1866,0,2,1,5.632270492974315,1191.5396570203643,4709.383534721427,1226
11954.0,1866,0,0,0,5.604711565170154,1192.045551982851,4710.16776833711,1223
11955.0,1866,0,0,0,5.592386496340542,1192.5637727759915,4710.954126331791,1228
11956.0,1865,0,0,1,5.575179255539314,1193.6981233243969,4711.755450727371,1235
11957.0,1865,0,0,0,5.578853976775375,1194.1372654155496,4712.543937091289,1239
11958.0,1862,0,0,3,5.559595463355005,1196.5563909774437,4710.146170159763,1240
11959.0,1863,0,1,0,5.564430310818044,1196.4836285560923,4708.407050981496,1253
11960.0,1862,0,1,2,5.529925825758282,1197.5698174006445,4704.334740734844,1252
11961.0,1861,0,0,1,5.511632341615395,1198.7469102632992,4705.441649341056,1262
11962.0,1861,0,0,0,5.507434440564608,1199.2971520687802,4706.23471330131,1271
11963.0,1858,0,0,3,5.472175099468263,1201.805166846071,4704.957999641752,1272
11964.0,1858,0,0,0,5.46287357667352,1202.4219590958019,4705.752718868665,1277
11965.0,1858,0,0,0,5.4691648932699115,1202.9913885898816,4706.547606844681,1278
11966.0,1857,0,0,1,5.457045281383632,1204.193322563274,4709.310860612231,1283
11967.0,1857,0,0,0,5.464487457529597,1204.7479806138933,4710.104595798186,1284
11968.0,1857,0,0,0,5.442983160019291,1205.3419493807216,4710.899186667369,1288
11969.0,1857,0,1,1,5.419932104872907,1205.891760904685,4706.839747033624,1290
11970.0,1856,0,0,1,5.39184944343004,1207.1449353448277,4709.612268309897,1294
11971.0,1855,0,0,1,5.450143201584911,1206.7827493261454,4708.001959970839,1236
11972.0,1854,0,0,1,5.546504000566595,1206.779935275081,4707.874189926738,1194
11973.0,1851,0,0,3,5.644680253553056,1208.184224743382,4710.696695077749,1159
11974.0,1850,0,0,1,5.781083515469499,1208.5805405405406,4713.444980148636,1130
11975.0,1850,0,0,0,5.927901261210957,1208.5572972972973,4714.202270218237,1107
11976.0,1850,0,0,0,6.081634101994503,1208.532972972973,4714.948916326224,1093
11977.0,1850,0,0,0,6.211216077450754,1208.5508108108108,4715.686699858374,1070
11978.0,1850,0,0,0,6.306554745532026,1208.4691891891891,4716.419033405446,1057
11979.0,1850,0,0,0,6.382192575820601,1208.4464864864865,4717.145970885463,1051
11980.0,1850,0,0,0,6.454006788392984,1208.402162162162,4717.869139523701,1035
11981.0,1849,0,0,1,6.477314992333629,1209.1914548404543,4718.348860356218,1039
11982.0,1849,0,0,0,6.509816139214008,1209.2725797728501,4719.067009329343,1044
11983.0,1848,0,0,1,6.528524646897127,1210.0584415584415,4718.976878076837,1048
11984.0,1848,0,1,1,6.521638193477946,1210.025974025974,4716.081742162576,1049
11985.0,1848,0,0,0,6.534026763825075,1209.9880952380952,4716.796308855494,1053
11986.0,1848,0,0,0,6.552734885105113,1209.9545454545455,4717.509370711765,1048
11987.0,1848,0,0,0,6.570667723787111,1209.8658008658008,4718.219900838832,1040
11988.0,1848,0,0,0,6.601168986214883,1209.9372294372295,4718.9287913148955,1043
11989.0,1847,0,0,1,6.602247881359411,1210.5722793719544,4716.840967294855,1035
11990.0,1847,0,0,0,6.589387110826037,1210.5809420682187,4717.550119820821,1030
11991.0,1847,0,0,0,6.582435472266743,1210.691932864104,4718.260366133802,1033
11992.0,1847,0,0,0,6.582067337335075,1210.7487818083378,4718.970353921976,1031
11993.0,1847,0,0,0,6.560735225873409,1210.8657282079048,4719.682310368273,1031
11994.0,1847,0,0,0,6.567583054044514,1210.8803465078506,4720.3929148878815,1029
11995.0,1846,0,0,1,6.5450103432083795,1211.5622968580715,4719.291901940751,1023
11996.0,1846,0,0,0,6.542540911146097,1211.602383531961,4720.004646354066,1020
11997.0,1847,0,1,0,6.551387291998063,1211.0335679480238,4718.160069246775,1019
11998.0,1847,0,0,0,6.5387513744701655,1211.0546832701677,4718.87289937817,1019
11999.0,1847,0,0,0,6.539295169415829,1211.2284786139685,4719.585410642913,1024
12000.0,1847,0,0,0,6.530545518002634,1211.4466702761235,4720.298895256758,1020
