time_s,running_vehicle_count,loaded_vehicle_count,departed_vehicle_count,arrived_vehicle_count,mean_speed_mps,mean_waiting_time_s,mean_time_loss_s,halting_vehicle_count
1.0,0,0,0,0,0,0,0,0
2.0,5,834,5,0,21.086606600000003,0.0,0.0,0
3.0,10,0,5,0,21.25031477137026,0.0,0.016072561472486948,0
4.0,14,0,4,0,20.805072030678254,0.0,0.050366892791200886,0
5.0,18,0,4,0,22.562524857364977,0.0,0.08294723364950235,0
6.0,23,0,5,0,21.220720790198303,0.0,0.10750494636397337,0
7.0,25,0,2,0,20.72315637574036,0.0,0.1405478767338739,0
8.0,31,0,6,0,20.450700959423692,0.0,0.15547268224128366,0
9.0,35,0,4,0,19.364451746867974,0.0,0.17929236620636457,0
10.0,40,0,5,0,19.26666296689327,0.0,0.22986296470676543,0
11.0,48,0,8,0,20.11339459594912,0.0,0.270150015000521,0
12.0,51,0,3,0,20.018160012312304,0.0,0.32833341825498724,0
13.0,57,0,6,0,20.56911925282988,0.0,0.37328487984926745,0
14.0,62,0,5,0,20.64800166285086,0.0,0.4068143605848054,0
15.0,66,0,4,0,20.155306909429935,0.0,0.44837629279448893,0
16.0,71,0,5,0,20.247623889082462,0.0,0.4889112424052771,0
17.0,76,0,5,0,19.747791923486485,0.0,0.532638085012441,0
18.0,79,0,3,0,20.178665739511196,0.0,0.5928375563425272,0
19.0,81,0,2,0,20.224948568724095,0.0,0.6592637836850552,0
20.0,87,0,6,0,20.44281424391831,0.0,0.6890089272259696,0
21.0,88,0,1,0,20.31914621480505,0.0,0.771318506834379,0
22.0,91,0,3,0,20.130634970214658,0.01098901098901099,0.8362892234257631,1
23.0,92,0,1,0,19.895796110328916,0.021739130434782608,0.9354431436669077,1
24.0,94,0,2,0,19.647059693354326,0.05319148936170213,1.0299158810220312,3
25.0,94,0,0,0,19.685189338872245,0.0425531914893617,1.1527058147047897,2
26.0,98,0,4,0,19.767969806800085,0.04081632653061224,1.234253635472327,2
27.0,101,0,3,0,19.89724415797957,0.04950495049504951,1.3194730567063429,2
28.0,104,0,3,0,19.958674993175478,0.0673076923076923,1.4038177476666418,3
29.0,108,0,4,0,20.063680795864247,0.10185185185185185,1.4761764721843553,4
30.0,115,0,7,0,20.172268257109476,0.06956521739130435,1.5122316788944024,3
31.0,120,0,5,0,19.958421416849195,0.03333333333333333,1.573895705896978,2
32.0,125,0,5,0,19.867368329109787,0.056,1.6441842329842045,3
33.0,127,0,2,0,19.632794353078527,0.07086614173228346,1.756760214825445,3
34.0,130,0,3,0,19.468427750451475,0.1,1.8586600359621492,4
35.0,132,0,2,0,19.44205094552574,0.09848484848484848,1.969712271709596,4
36.0,135,0,3,0,19.600389732733092,0.11851851851851852,2.0721610340841496,4
37.0,139,0,4,0,19.43577504849492,0.15827338129496402,2.1551523111155446,6
38.0,142,0,3,0,19.53970545414893,0.18309859154929578,2.25578299932915,6
39.0,149,0,7,0,19.80579184294135,0.2080536912751678,2.2870400951691026,6
40.0,151,0,2,0,19.84881917863205,0.23841059602649006,2.401471701533562,6
41.0,153,0,2,0,19.891494311539276,0.2679738562091503,2.5118981578882233,6
42.0,157,0,4,0,19.766005428879556,0.3057324840764331,2.5886274821721647,7
43.0,164,0,7,0,19.576502205738464,0.2926829268292683,2.6151053272158795,6
44.0,167,0,3,0,19.437001562198173,0.32335329341317365,2.710288905405155,6
45.0,175,0,8,0,19.284905895522122,0.3657142857142857,2.7345750315083226,10
46.0,181,0,6,0,19.198510263709125,0.4088397790055249,2.796286255342279,11
47.0,187,0,6,0,19.171740287958038,0.47058823529411764,2.861737710896717,14
48.0,192,0,5,0,19.189759786898968,0.5364583333333334,2.9451325324644926,15
49.0,198,0,6,0,19.312275850079526,0.5505050505050505,3.0103822791045296,14
50.0,201,0,3,0,19.410163892663686,0.5970149253731343,3.121384788803874,14
51.0,207,0,6,0,19.329802292742198,0.6376811594202898,3.1851425947727354,15
52.0,212,0,5,0,19.42274297775233,0.6839622641509434,3.26364850769317,14
53.0,216,0,4,0,19.506467408036883,0.7407407407407407,3.3611718132697668,15
54.0,220,0,4,0,19.482289299582757,0.8,3.461858380413958,16
55.0,225,0,5,0,19.56046835524743,0.8577777777777778,3.5461395812014556,17
56.0,227,0,2,0,19.46393519081876,0.9251101321585903,3.685448853295852,17
57.0,231,0,4,0,19.259340401859756,0.9913419913419913,3.7970365046049124,19
58.0,237,0,6,0,19.180683079535132,1.0506329113924051,3.883341208473307,20
59.0,240,0,3,0,19.10978388033053,1.1333333333333333,4.020824092191541,23
60.0,244,0,4,0,18.985240996184714,1.2131147540983607,4.1394014898399725,24
61.0,248,0,4,0,18.878654742358616,1.2862903225806452,4.264016534791406,25
62.0,253,0,5,0,18.919707681358467,1.3675889328063242,4.37517093115237,27
63.0,258,0,5,0,18.82333603200085,1.445736434108527,4.4924501676760284,28
64.0,260,0,2,0,18.57644607574963,1.5538461538461539,4.673565595795318,31
65.0,263,0,3,0,18.495913007556137,1.6539923954372624,4.842702394184526,33
66.0,267,0,4,0,18.384755655567794,1.7752808988764044,5.005958602730947,39
67.0,270,0,3,0,18.172431417110587,1.8925925925925926,5.196872619782559,39
68.0,274,0,4,0,18.181652711049917,2.0145985401459856,5.372804040449964,42
69.0,282,0,8,0,18.078756409469264,2.1134751773049647,5.473779606233625,45
70.0,285,0,3,0,17.91453926547868,2.2350877192982455,5.674105561884921,45
71.0,290,0,5,0,17.848432877169053,2.3620689655172415,5.841741289742407,49
72.0,297,0,7,0,17.766110920966916,2.474747474747475,5.967104474585068,52
73.0,299,0,2,0,17.739938564743838,2.6153846153846154,6.1992462808192155,50
74.0,305,0,6,0,17.795758526294634,2.7442622950819673,6.349748960658433,55
75.0,312,0,7,0,17.740507338013096,2.8685897435897436,6.482842274725596,59
76.0,315,0,3,0,17.565269754416622,3.0253968253968253,6.703049681722904,61
77.0,321,0,6,0,17.554812841152977,3.177570093457944,6.861146802912871,67
78.0,327,0,6,0,17.568754389896494,3.311926605504587,7.01595255083002,65
79.0,330,0,3,0,17.429845922131587,3.4909090909090907,7.242224865115334,69
80.0,334,0,4,0,17.5704844510371,3.655688622754491,7.445352078381406,70
81.0,338,0,4,0,17.54246731362738,3.828402366863905,7.6507879049675775,73
82.0,344,0,6,0,17.502946200351406,3.9767441860465116,7.8154771229855955,74
83.0,348,0,4,0,17.527924199735985,4.117816091954023,8.022676448808182,74
84.0,358,0,10,0,17.554487792949445,4.217877094972067,8.09019737054572,77
85.0,363,0,5,0,17.477472342440528,4.380165289256198,8.274488023847825,80
86.0,369,0,6,0,17.360837597073694,4.533875338753387,8.435203664618898,83
87.0,374,0,5,0,17.3411896636415,4.7032085561497325,8.616016767895058,86
88.0,375,0,1,0,17.227117948070134,4.925333333333334,8.892418366189803,88
89.0,379,0,4,0,17.273659213816323,5.108179419525066,9.101865955730627,89
90.0,380,0,1,0,17.18372601835167,5.336842105263158,9.388191078344915,92
91.0,387,0,7,0,17.16587483578618,4.348837209302325,9.520418801135614,80
92.0,390,0,3,0,17.317687008664354,3.5589743589743588,9.744775805386322,69
93.0,393,0,3,0,17.370580481583477,2.9974554707379135,9.962209534044241,60
94.0,396,0,3,0,17.556986748427715,2.6161616161616164,10.167352094974186,52
95.0,401,0,5,0,17.692611655091213,2.3840399002493764,10.308181340103886,47
96.0,404,0,3,0,18.002129099788924,2.2797029702970297,10.485410138167234,44
97.0,408,0,4,0,18.229027044545823,2.176470588235294,10.623133935366198,42
98.0,413,0,5,0,18.326901538123536,2.128329297820823,10.727299123205508,40
99.0,416,0,3,0,18.437895682160097,2.081730769230769,10.880587131289609,36
100.0,419,0,3,0,18.464481197809526,2.1026252983293556,11.028793622753527,34
101.0,422,0,3,0,18.525181764827344,2.1516587677725116,11.171697293027794,34
102.0,426,0,4,0,18.64248783264782,2.204225352112676,11.280590974459939,35
103.0,429,0,3,0,18.793505945205986,2.268065268065268,11.410626911962527,36
104.0,431,0,2,0,18.85040741742086,2.3457076566125292,11.562470176782412,38
105.0,434,0,3,0,18.87555191275197,2.4193548387096775,11.684202185724507,39
106.0,437,0,3,0,18.921898328018482,2.494279176201373,11.805121692410069,40
107.0,443,0,6,0,19.001666626283242,2.55079006772009,11.841081791435766,40
108.0,446,0,3,0,19.095419917172933,2.625560538116592,11.951148607742642,41
109.0,450,0,4,0,19.055697216249104,2.6977777777777776,12.03304781527859,43
110.0,452,0,2,0,19.045970842860307,2.7831858407079646,12.169668123844453,44
111.0,457,0,5,0,18.975591368532072,2.849015317286652,12.230849467924607,44
112.0,460,0,3,0,18.98588945482507,2.9260869565217393,12.345431314557276,44
113.0,462,0,2,0,18.93476034877691,2.9891774891774894,12.491361938770858,46
114.0,465,0,3,0,18.873012369189603,3.0516129032258066,12.616606770918615,48
115.0,470,0,5,0,18.742058391329977,2.953191489361702,12.694993598498208,49
116.0,474,0,4,0,18.726768836490095,2.871308016877637,12.801738491680677,50
117.0,479,0,5,0,18.72783274432184,2.6784968684759916,12.882915503646672,49
118.0,483,0,4,0,18.651945076768072,2.606625258799172,12.992477184748221,51
119.0,488,0,5,0,18.545957893431144,2.5368852459016393,13.079073964041143,51
120.0,490,0,2,0,18.434899880038458,2.4857142857142858,13.253591211653854,52
121.0,493,0,3,0,18.345222941107206,2.3265720081135903,13.40466548654382,52
122.0,498,0,5,0,18.27051202400661,2.285140562248996,13.50624053224875,56
123.0,503,0,5,0,18.25427117164042,2.2365805168986084,13.609370517750204,58
124.0,505,0,2,0,18.119257345419825,2.3306930693069305,13.80074198639513,59
125.0,509,0,4,0,17.956226392825844,2.1964636542239684,13.943734745577839,58
126.0,511,0,2,0,17.825053113186407,2.101761252446184,14.14929440026078,62
127.0,514,0,3,0,17.71777394828964,2.009727626459144,14.334024590948346,64
128.0,515,0,1,0,17.59160793621461,2.0485436893203883,14.57623976973231,72
129.0,519,0,4,0,17.558364430997038,2.0751445086705202,14.74136902315681,74
130.0,522,0,3,0,17.444453737157048,2.1264367816091956,14.941317139330966,79
131.0,525,0,3,0,17.38487520102223,2.1619047619047618,15.140638300598901,78
132.0,527,0,2,0,17.26873830545986,2.176470588235294,15.375273763709716,78
133.0,534,0,7,0,17.252012826378447,2.1797752808988764,15.464635934395798,82
134.0,535,0,1,0,17.15726076998943,2.149532710280374,15.732351430950846,86
135.0,540,0,5,0,17.079586600545756,2.2074074074074073,15.883853214534847,89
136.0,545,0,5,0,17.05271112117597,2.256880733944954,16.037386513260543,91
137.0,549,0,4,0,16.990587205999812,2.2240437158469946,16.22294061172601,95
138.0,550,0,1,0,16.949387555646197,2.2163636363636363,16.498298716763557,98
139.0,554,0,4,0,16.936747730347687,2.312274368231047,16.686416407206654,101
140.0,559,0,5,0,16.943582588879174,2.370304114490161,16.846948016130884,102
141.0,564,0,5,0,16.92054007189065,2.4539007092198584,17.009352134403382,105
142.0,567,0,3,0,16.909796396608993,2.566137566137566,17.23143398432399,109
143.0,569,0,2,0,16.882039715850198,2.75219683655536,17.487124838956,112
144.0,570,0,1,0,16.87548549948878,2.8719298245614033,17.775096564337087,120
145.0,572,0,2,0,16.825914076841183,3.012237762237762,18.03648296397136,125
146.0,578,0,6,0,16.879841737369848,3.1280276816608996,18.169294571704917,127
147.0,580,0,2,0,16.864266369165417,3.282758620689655,18.429463951057656,130
148.0,584,0,4,0,16.845680899794544,3.4297945205479454,18.6261963051643,133
149.0,592,0,8,0,16.912026238753253,3.5557432432432434,18.699898489902527,135
150.0,594,0,2,0,16.903858238186068,3.727272727272727,18.961712330245067,140
151.0,597,0,3,0,16.92832809798763,3.9179229480737017,19.193389934699866,141
152.0,601,0,4,0,16.941561488545425,4.058236272878536,19.390693476225717,145
153.0,604,0,3,0,16.8733709129315,4.22682119205298,19.6234789168618,146
154.0,614,0,10,0,16.966145363998773,4.346905537459284,19.629517554230347,147
155.0,619,0,5,0,16.923897290307682,4.5040387722132476,19.800436642558083,149
156.0,622,0,3,0,16.851229034869995,4.668810289389068,20.040376680830615,149
157.0,624,0,2,0,16.783148676953772,4.847756410256411,20.315853349228913,150
158.0,626,0,2,0,16.801323199061045,5.001597444089457,20.590527785646728,153
159.0,628,0,2,0,16.784417998886575,5.162420382165605,20.866166970211655,152
160.0,630,0,2,0,16.796880088356726,5.328571428571428,21.14114220561224,156
161.0,631,0,1,0,16.790847270472383,5.508716323296355,21.44901024868676,159
162.0,638,0,7,0,16.804503036438266,5.664576802507837,21.55268745575416,162
163.0,642,0,4,0,16.783968500738865,5.82398753894081,21.758963231979443,162
164.0,649,0,7,0,16.786760909575214,5.9583975346687215,21.871593095242734,164
165.0,655,0,6,0,16.790380546829592,6.10381679389313,22.020503413284782,165
166.0,658,0,3,0,16.76263880115096,6.279635258358662,22.27539992131336,168
167.0,661,0,3,0,16.655505224550957,6.449319213313162,22.532475664308997,172
168.0,664,0,3,0,16.58648107609669,6.6370481927710845,22.79457834333064,174
169.0,669,0,5,0,16.63145641253043,6.808669656203288,22.987693335444124,177
170.0,676,0,7,0,16.557254262735576,7.005917159763314,23.11529673046926,181
171.0,676,0,0,0,16.53678143526955,7.244082840236686,23.482863088553646,185
172.0,680,0,4,0,16.53078338819193,7.479411764705882,23.71314126920191,189
173.0,686,0,6,0,16.520926801616987,7.696793002915452,23.87195421719455,195
174.0,688,0,2,0,16.50718390958404,7.960755813953488,24.17299859927384,197
175.0,691,0,3,0,16.498538091757432,8.218523878437047,24.438755761061596,202
176.0,694,0,3,0,16.5444321823035,8.479827089337176,24.705288441093643,206
177.0,695,0,1,0,16.48456020240292,8.76115107913669,25.04583084917919,210
178.0,697,0,2,0,16.521467331764985,9.041606886657101,25.35095740863526,213
179.0,706,0,9,0,16.486795104771478,9.23229461756374,25.40347957668396,216
180.0,709,0,3,0,16.44126488808336,9.503526093088858,25.674829515439107,220
181.0,716,0,7,0,16.568273170351983,8.057262569832401,25.79493995583449,195
182.0,721,0,5,0,16.705282679661966,6.837725381414701,25.978073814926113,175
183.0,726,0,5,0,16.852553561659338,5.852617079889807,26.153149330399955,158
184.0,729,0,3,0,17.094678964245873,5.031550068587106,26.385300902930293,140
185.0,736,0,7,0,17.237053044518188,4.444293478260869,26.458158354330877,125
186.0,739,0,3,0,17.412331907600116,4.055480378890392,26.665199724173583,115
187.0,745,0,6,0,17.597208292034676,3.6966442953020135,26.750914813986153,107
188.0,748,0,3,0,17.79212120643106,3.370320855614973,26.93054572712124,100
189.0,750,0,2,0,17.99765680316501,3.2426666666666666,27.13352381656788,93
190.0,754,0,4,0,18.158076407718035,3.0212201591511936,27.25454266060846,90
191.0,757,0,3,0,18.309818337756404,2.8494055482166445,27.402177113622237,86
192.0,758,0,1,0,18.378603588084474,2.7097625329815305,27.61380402159342,83
193.0,766,0,8,0,18.53289851185316,2.633159268929504,27.569054321792642,82
194.0,773,0,7,0,18.57553573650615,2.5666235446313066,27.559502840577753,81
195.0,776,0,3,0,18.591882352139976,2.6597938144329896,27.695074211941847,82
196.0,779,0,3,0,18.67229190571179,2.7086007702182284,27.827253896078084,84
197.0,784,0,5,0,18.68625172546067,2.748724489795918,27.888761105101462,83
198.0,791,0,7,0,18.695342311248623,2.786346396965866,27.880289628627462,86
199.0,795,0,4,0,18.725732579796254,2.8364779874213837,27.977669562446966,87
200.0,799,0,4,0,18.726915132396517,2.886107634543179,28.07629692789879,87
201.0,801,0,2,0,18.710303116768745,2.9425717852684143,28.246614659966443,86
202.0,803,891,2,0,18.66114065666768,3.00373599003736,28.41728281637911,90
203.0,805,0,2,0,18.61636176740049,3.027329192546584,28.58983025431778,92
204.0,811,0,6,0,18.6208602777227,2.996300863131936,28.621362164718008,95
205.0,819,0,8,0,18.604175660980392,2.8815628815628815,28.584512144274143,95
206.0,822,0,3,0,18.510283589946447,2.7907542579075426,28.725616298189404,97
207.0,827,0,5,0,18.516959599662243,2.6517533252720678,28.79722111020293,98
208.0,831,0,4,0,18.52622599968583,2.6209386281588447,28.903582689272753,100
209.0,836,0,5,0,18.545952626734746,2.6279904306220097,28.976256546880446,101
210.0,842,0,6,0,18.50997165202449,2.5997624703087885,29.017882505235022,105
211.0,845,0,3,0,18.39041635169096,2.5940828402366862,29.169854884649894,104
212.0,848,0,3,0,18.275257016303737,2.577830188679245,29.327167017452556,107
213.0,851,0,3,0,18.12574995028422,2.5640423031727377,29.489030968371104,108
214.0,859,0,8,0,18.07184919080117,2.549476135040745,29.483323427838666,110
215.0,865,0,6,0,18.04546864119741,2.5491329479768785,29.551221236136783,115
216.0,868,0,3,0,17.933859241221402,2.5679723502304146,29.72492199837455,119
217.0,875,0,7,0,17.83365250612194,2.5645714285714285,29.76389072509823,124
218.0,880,0,5,0,17.749723109039934,2.6011363636363636,29.87855089129054,129
219.0,888,0,8,0,17.678169183375466,2.6171171171171173,29.89706474930847,135
220.0,891,0,3,0,17.589546845457424,2.714927048260382,30.090612606320402,139
221.0,895,0,4,0,17.48330146090761,2.7564245810055867,30.255099407227505,145
222.0,901,0,6,0,17.363594656964455,2.8879023307436182,30.357595846036677,152
223.0,905,0,4,0,17.26946759094188,2.9591160220994475,30.529446866991286,154
224.0,908,0,3,0,17.196401080479053,3.050660792951542,30.742677611247657,160
225.0,913,0,5,0,17.11004240417816,3.12157721796276,30.890120881792594,164
226.0,915,0,2,0,17.023493808475532,3.1846994535519126,31.144368240476705,168
227.0,919,0,4,0,17.009278910896636,3.1849836779107727,31.329861259687572,171
228.0,921,0,2,0,16.945263800635797,3.263843648208469,31.58633845915276,184
229.0,925,0,4,0,16.926364722769815,3.291891891891892,31.776353834691164,189
230.0,932,0,7,0,16.906907305561916,3.36587982832618,31.865325214150538,194
231.0,934,0,2,0,16.88733931246044,3.4197002141327624,32.126799020168846,195
232.0,941,0,7,0,16.88838124945896,3.5196599362380447,32.21328151733531,204
233.0,945,0,4,0,16.84634727496624,3.6783068783068784,32.404600934734496,205
234.0,951,0,6,0,16.88179979866034,3.8454258675078865,32.528621113353196,210
235.0,957,0,6,0,16.82747438076329,3.9571577847439916,32.65471276156674,214
236.0,961,0,4,0,16.787422325609256,4.062434963579604,32.85113857136172,217
237.0,962,0,1,0,16.724818520437513,4.197505197505198,33.15336618355676,220
238.0,967,0,5,0,16.688042107344288,4.313340227507756,33.31806224476555,225
239.0,974,0,7,0,16.62748563368504,4.421971252566735,33.420090040431354,227
240.0,982,0,8,0,16.54449495201042,4.545824847250509,33.490872930587095,233
241.0,983,0,1,0,16.44910869622003,4.664292980671414,33.80667173673854,234
242.0,985,0,2,0,16.366023086020515,4.788832487309644,34.09219358369621,236
243.0,992,0,7,0,16.355447086630328,4.893145161290323,34.2063533305187,238
244.0,998,0,6,0,16.308852573712358,5.00501002004008,34.35903224374403,240
245.0,999,0,1,0,16.252150326324454,5.225225225225225,34.68642451919654,247
246.0,1004,0,5,0,16.209580808090955,5.351593625498008,34.878200559609375,249
247.0,1007,0,3,0,16.157285482156325,5.464746772591857,35.141297908049,248
248.0,1012,0,5,0,16.1619755649755,5.589920948616601,35.33653619269856,251
249.0,1015,0,3,0,16.150597280642547,5.72807881773399,35.60229491132375,254
250.0,1020,0,5,0,16.098351644326694,5.9,35.801597069142076,258
251.0,1024,0,4,0,16.10731142790444,6.0478515625,36.03761649293851,262
252.0,1027,0,3,0,16.104849730822018,6.197663096397274,36.30804329282482,263
253.0,1031,0,4,0,16.06853518179617,6.3617846750727445,36.54507469920212,269
254.0,1033,0,2,0,16.060650236563134,6.54404646660213,36.854487447382816,272
255.0,1036,0,3,0,16.0253828712129,6.70945945945946,37.13210236040142,270
256.0,1041,0,5,0,16.015987916018226,6.937560038424592,37.338469971587735,279
257.0,1047,0,6,0,16.02958400476074,7.09360076408787,37.50905974919939,286
258.0,1050,0,3,0,15.98774352136013,7.284761904761905,37.790127210349425,289
259.0,1056,0,6,0,16.020639575620713,7.463068181818182,37.964443229948046,298
260.0,1057,0,1,0,16.001413816791743,7.667928098391674,38.31861316615407,302
261.0,1062,0,5,0,15.982496939516793,7.853107344632768,38.527670029268094,305
262.0,1064,0,2,0,15.994180728382586,8.040413533834586,38.84648378033475,305
263.0,1068,0,4,0,16.009324317453988,8.21629213483146,39.091054371177464,306
264.0,1073,0,5,0,15.99372118722371,8.397017707362535,39.30086417746962,305
265.0,1074,0,1,0,15.932580895077605,8.611731843575418,39.66003487310992,309
266.0,1080,0,6,0,15.90649317512982,8.785185185185185,39.835147881395486,314
267.0,1084,0,4,0,15.88092535299567,9.042435424354244,40.08733484933969,323
268.0,1089,0,5,0,15.856493248147492,9.280073461891643,40.30222759764646,324
269.0,1093,0,4,0,15.847128273925613,9.441903019213175,40.55741010477175,330
270.0,1099,0,6,0,15.871384559022896,9.639672429481347,40.737682319324065,333
271.0,1103,0,4,0,15.934267258574431,8.27198549410698,40.98791728708413,294
272.0,1106,0,3,0,16.000670020939232,7.343580470162749,41.27055384620702,267
273.0,1108,0,2,0,16.085999751037427,6.578519855595668,41.5841763956325,242
274.0,1111,0,3,0,16.22309248918059,6.0927092709270925,41.85005267174073,230
275.0,1113,0,2,0,16.34714867742968,5.709793351302785,42.140095906339205,219
276.0,1121,0,8,0,16.555284788125217,5.342551293487957,42.192731893526535,208
277.0,1125,0,4,0,16.748776756595372,5.022222222222222,42.383508851902214,197
278.0,1128,0,3,0,16.943393892099937,4.75177304964539,42.600467087702434,190
279.0,1133,0,5,0,17.098160409357877,4.5375110326566634,42.733027167564636,186
280.0,1139,0,6,0,17.20259003647703,4.507462686567164,42.819724935515225,181
281.0,1144,0,5,0,17.345358107100616,4.373251748251748,42.93722040543738,178
282.0,1148,0,4,0,17.495540793223128,4.279616724738676,43.08346021069076,174
283.0,1149,0,1,0,17.537361977354987,4.154046997389034,43.338175531220266,170
284.0,1151,0,2,0,17.6387206967869,3.899218071242398,43.55109887715516,164
285.0,1155,0,4,0,17.702601058959658,3.637229437229437,43.6842852556868,158
286.0,1156,0,1,0,17.699656186012408,3.4333910034602075,43.930629953861676,151
287.0,1159,0,3,0,17.72792296694225,3.3485763589301123,44.096854574551735,148
288.0,1166,0,7,0,17.779309631512653,3.224699828473413,44.109576858058425,146
289.0,1166,0,0,0,17.763387623551882,3.1132075471698113,44.387438121448916,149
290.0,1173,0,7,0,17.861670370011876,3.010230179028133,44.396233203187414,146
291.0,1175,0,2,0,17.897802574174076,2.981276595744681,44.59388293433205,144
292.0,1175,0,0,0,17.892605398419178,2.9080851063829787,44.867474817297506,146
293.0,1180,0,5,0,17.9286387487006,2.766101694915254,44.94897408371641,145
294.0,1187,0,7,0,17.918726782483844,2.6630160067396798,44.956248417245895,145
295.0,1193,0,6,0,17.927395710240532,2.592623637887678,45.00234133640837,146
296.0,1196,0,3,0,17.969775399619174,2.5301003344481607,45.16075315019105,143
297.0,1201,0,5,0,17.963004189901067,2.436303080766028,45.244111466483794,143
298.0,1202,0,1,0,17.967175527882315,2.4242928452579036,45.47773822708628,147
299.0,1205,0,3,0,17.963581745290476,2.4672199170124482,45.63620907485199,147
300.0,1206,0,1,0,17.939386241615725,2.466832504145937,45.871970926715996,149
301.0,1209,0,3,0,17.80986701762814,2.4177005789909014,46.036920057983366,146
302.0,1211,0,2,0,17.681855962073445,2.429397192402973,46.24588179584406,159
303.0,1216,0,5,0,17.566895553185244,2.4309210526315788,46.34434475015112,161
304.0,1220,0,5,1,17.509192732124923,2.4360655737704917,46.44975638821899,160
305.0,1222,0,2,0,17.458980114775272,2.5180032733224222,46.66922878692514,166
306.0,1227,0,5,0,17.414505508002396,2.5378973105134475,46.77549526545677,169
307.0,1230,0,3,0,17.36033273604176,2.504878048780488,46.96174226076253,170
308.0,1231,0,1,0,17.334660041984073,2.579203899268887,47.22628866441018,173
309.0,1234,0,3,0,17.29965782015371,2.572933549432739,47.41554921943385,180
310.0,1238,0,4,0,17.276230002916463,2.587237479806139,47.56753540203426,186
311.0,1240,0,2,0,17.23762241410292,2.5991935483870967,47.797306830667026,187
312.0,1243,0,3,0,17.19764889438885,2.6202735317779564,47.99138691657404,197
313.0,1244,0,1,0,17.192388296868874,2.680064308681672,48.26378204601087,201
314.0,1245,0,1,0,17.13337564755477,2.718875502008032,48.54022872687219,206
315.0,1246,0,1,0,17.05198931226261,2.792937399678973,48.82290115143727,210
316.0,1248,0,2,0,16.99493332396509,2.878205128205128,49.07221886619989,220
317.0,1251,0,3,0,16.93464856398729,2.920863309352518,49.285065728737656,227
318.0,1257,0,6,0,16.879469738036104,2.933969769291965,49.38138539828906,232
319.0,1259,0,2,0,16.800441625163987,2.9690230341540906,49.641135765099335,239
320.0,1264,0,5,0,16.750579021892435,3.064873417721519,49.786615412583146,248
321.0,1267,0,3,0,16.679203232057773,3.138121546961326,50.01544258424428,254
322.0,1271,0,4,0,16.600801744085704,3.2580645161290325,50.20843086783969,264
323.0,1278,0,7,0,16.550668107221558,3.430359937402191,50.2848798327699,280
324.0,1283,0,5,0,16.503343378429097,3.604053000779423,50.44560575909373,286
325.0,1289,0,6,0,16.453573498861513,3.7362296353762607,50.57036916146573,296
326.0,1294,0,5,0,16.373369172278785,3.8778979907264297,50.73505110310663,305
327.0,1298,0,4,0,16.292438773445753,4.030816640986132,50.944579588574896,315
328.0,1307,0,9,0,16.317189970846496,4.1928079571537875,50.95693334665475,319
329.0,1313,0,6,0,16.302991191364384,4.347296268088347,51.088798358720425,328
330.0,1316,0,3,0,16.26508128601425,4.512917933130699,51.33960035391665,333
331.0,1318,0,2,0,16.223071713306027,4.632018209408194,51.631351487706745,336
332.0,1323,0,5,0,16.181979998575766,4.746031746031746,51.807055762232146,341
333.0,1328,0,5,0,16.166045076456403,4.890813253012048,51.98523221199048,345
334.0,1335,0,7,0,16.177531309032872,5.014232209737828,52.08667843450195,351
335.0,1341,0,6,0,16.153964451360444,5.164802386278897,52.2294396929399,354
336.0,1345,0,4,0,16.131989799937767,5.290706319702602,52.45317159670423,360
337.0,1351,0,6,0,16.122565415437183,5.438193930421909,52.5996845302111,363
338.0,1354,0,3,0,16.088414264461733,5.621861152141802,52.86642599446468,363
339.0,1359,0,5,0,16.040672396894497,5.829286239882267,53.05672094018849,370
340.0,1364,0,5,0,16.003725324927373,6.0014662756598245,53.25145656933227,374
341.0,1369,0,5,0,16.035743767011827,6.1891891891891895,53.446704967459475,376
342.0,1372,0,3,0,16.037048015536563,6.364431486880466,53.72172250423196,382
343.0,1374,0,2,0,16.05050485545029,6.551673944687045,54.03808351473369,390
344.0,1380,0,6,0,16.023568619069405,6.728985507246377,54.19962888164152,398
345.0,1384,0,4,0,16.005238826982456,6.95592485549133,54.44330540839521,403
346.0,1386,0,2,0,15.9924372495245,7.137806637806638,54.76415347810034,403
347.0,1391,0,5,0,15.974990794600133,7.3580158159597415,54.96770402849818,412
348.0,1397,0,6,0,16.013658023574425,7.525411596277738,55.13000287717948,413
349.0,1400,0,3,0,16.003078522963094,7.724285714285714,55.410812953846744,417
350.0,1403,0,3,0,15.95740048486001,8.000712758374911,55.69362457745284,424
351.0,1409,0,6,0,15.944406406005289,8.203690560681334,55.85817099704885,429
352.0,1411,0,2,0,15.925799772740369,8.428773919206236,56.18374158594377,430
353.0,1413,0,2,0,15.938324679648707,8.660297239915074,56.510330533495534,434
354.0,1415,0,2,0,15.906098283029507,8.898233215547704,56.83985203009562,438
355.0,1417,0,2,0,15.92985204245949,9.162314749470713,57.16826605885857,441
356.0,1417,0,0,0,15.91956340131577,9.399435426958362,57.57925334796958,442
357.0,1420,0,3,0,15.949416284003219,9.622535211267605,57.86746792157873,447
358.0,1423,0,3,0,15.95849301865775,9.827125790583274,58.15342300755203,446
359.0,1432,0,9,0,15.996409127203034,10.013966480446927,58.19591017236644,450
360.0,1439,0,7,0,16.020413887490474,10.215427380125087,58.32004343963633,453
361.0,1443,0,4,0,16.05639660583768,9.047124047124047,58.56348955658699,401
362.0,1444,0,1,0,16.101727945963688,8.182825484764543,58.923812241120025,367
363.0,1448,0,4,0,16.218466775328633,7.55524861878453,59.15269372697793,344
364.0,1450,0,2,0,16.35887323951256,7.072413793103448,59.45327325715222,325
365.0,1455,0,5,0,16.52806857802988,6.740893470790378,59.6214880081354,309
366.0,1459,0,4,0,16.651636484496947,6.481836874571624,59.82127880768911,292
367.0,1460,0,1,0,16.83436817597577,6.261643835616439,60.13255881394357,281
368.0,1467,0,7,0,17.002701065465686,6.051806407634628,60.1873292663955,275
369.0,1469,0,2,0,17.14048221887361,5.863852961198094,60.4374435771293,267
370.0,1473,0,4,0,17.252298642664524,5.806517311608961,60.59716954923878,265
371.0,1475,0,2,0,17.33992666278009,5.711864406779661,60.832879184069306,264
372.0,1480,0,5,0,17.399180697146473,5.549324324324324,60.94244989872356,259
373.0,1484,0,4,0,17.451718518806242,5.46900269541779,61.09003242601479,257
374.0,1492,0,8,0,17.522845836918655,5.306300268096515,61.07043980017964,260
375.0,1496,0,4,0,17.553901502199555,5.143716577540107,61.21167224473715,257
376.0,1498,0,2,0,17.596848010000873,4.973297730307076,61.43384355147722,256
377.0,1500,0,2,0,17.625514330540717,4.770666666666667,61.653721749747554,249
378.0,1503,0,3,0,17.688183043938018,4.61144377910845,61.82833337124977,244
379.0,1505,0,2,0,17.6762282833711,4.578737541528239,62.04358458910303,243
380.0,1510,0,5,0,17.698458084642258,4.5119205298013245,62.134428371593295,242
381.0,1517,0,7,0,17.717995125899716,4.390903098220171,62.143719878416,236
382.0,1520,0,3,0,17.691897342490094,4.332236842105263,62.3184568229226,233
383.0,1522,0,2,0,17.66754645308284,4.221419185282523,62.534707918062345,231
384.0,1524,0,2,0,17.637209903522074,4.069553805774278,62.751445340573255,229
385.0,1525,0,1,0,17.596937344508373,3.9285245901639345,63.01146538412685,228
386.0,1527,0,2,0,17.590265856451968,3.767518009168304,63.23001789994891,225
387.0,1528,0,1,0,17.53789159329821,3.6858638743455496,63.48986608237411,229
388.0,1530,0,2,0,17.481602410473265,3.5248366013071895,63.71203034663451,232
389.0,1531,0,1,0,17.45876295766352,3.3964728935336383,63.976872385597524,232
390.0,1535,0,4,0,17.427519651575203,3.198697068403909,64.11872929257777,229
391.0,1539,0,4,0,17.406817810830056,3.1897335932423654,64.26176980359415,236
392.0,1540,0,1,0,17.37121980413212,3.17987012987013,64.5305384271299,239
393.0,1542,0,2,0,17.344570173745733,3.0687418936446176,64.75795244074543,241
394.0,1547,0,5,0,17.351601513258863,3.007110536522301,64.86037622942865,247
395.0,1552,0,6,1,17.332821538973153,2.9877577319587627,64.9150522460674,248
396.0,1557,0,5,0,17.329742970146476,3.0224791265253694,65.02147311123719,243
397.0,1558,0,1,0,17.319833286278726,2.993581514762516,65.29554806168271,252
398.0,1564,0,6,0,17.330152122619346,3.0191815856777495,65.36121570805332,254
399.0,1567,0,3,0,17.303141182863758,3.0051052967453735,65.5541888931263,256
400.0,1571,0,4,0,17.294391974776307,2.9840865690642904,65.70432723846531,256
401.0,1576,0,5,0,17.246529509718968,2.9663705583756346,65.81645125468636,261
402.0,1579,831,3,0,17.213241886767626,2.9639012032932235,66.01505231320853,261
403.0,1582,0,3,0,17.169818555407964,3.004424778761062,66.21663244161009,271
404.0,1583,0,1,0,17.11797295148618,3.0631711939355655,66.50516426756741,272
405.0,1586,0,3,0,17.058640192317032,3.099621689785624,66.71142534639503,282
406.0,1590,0,4,0,16.987756329433086,3.020125786163522,66.87950198540932,276
407.0,1592,0,2,0,16.965784911900364,2.977386934673367,67.13254914893473,278
408.0,1598,0,6,0,16.97166905440702,2.9217772215269084,67.21883696507753,286
409.0,1600,0,2,0,16.934812109905877,2.90875,67.47421734557778,287
410.0,1604,0,4,0,16.910157979332205,2.9258104738154613,67.645710602793,291
411.0,1607,0,3,0,16.881123258091026,2.942128189172371,67.8618243250611,293
412.0,1610,0,3,0,16.87282241666093,3.0211180124223604,68.07632793717572,301
413.0,1615,0,5,0,16.790302624701695,3.1442724458204334,68.2097590212569,307
414.0,1619,0,4,0,16.75966816220987,3.273625694873379,68.38759222264261,311
415.0,1619,0,0,0,16.752739766765227,3.3872760963557753,68.73619525575006,318
416.0,1621,0,2,0,16.725140076821774,3.5089450956199877,69.00281039485799,327
417.0,1624,0,3,0,16.708474437970658,3.6366995073891624,69.22823137429823,336
418.0,1630,0,6,0,16.730328187450333,3.760122699386503,69.32608623289461,341
419.0,1636,0,6,0,16.725678301930667,3.8942542787286065,69.42648033832556,347
420.0,1638,0,2,0,16.70234118207779,4.043956043956044,69.69880628638437,355
421.0,1641,0,3,0,16.67450163345418,4.160877513711152,69.9317499449984,366
422.0,1645,0,4,0,16.61724202852606,4.299696048632219,70.12587101068593,376
423.0,1650,0,5,0,16.565958405131333,4.428484848484849,70.27908864319163,391
424.0,1652,0,2,0,16.519007425646116,4.606537530266344,70.56516308298693,396
425.0,1654,0,2,0,16.456548759115133,4.748488512696493,70.85330474472332,401
426.0,1659,0,5,0,16.43755812151562,4.887884267631103,71.01694986953514,412
427.0,1662,0,3,0,16.413219350652586,5.037906137184115,71.26817604039124,418
428.0,1667,0,5,0,16.378800066819878,5.17996400719856,71.43576311040573,427
429.0,1669,0,2,0,16.39236463800494,5.3373277411623725,71.73185525249022,435
430.0,1673,0,4,0,16.383403768492858,5.506276150627615,71.9431076923384,444
431.0,1676,0,3,0,16.32147878230194,5.670047732696897,72.1991497565788,451
432.0,1678,0,2,0,16.276734050872232,5.910607866507747,72.50115334134426,460
433.0,1681,0,3,0,16.25984837913307,6.088637715645449,72.76147010818676,465
434.0,1685,0,4,0,16.22287236870623,6.2795252225519285,72.98032743148993,466
435.0,1688,0,3,0,16.22089512782224,6.462677725118484,73.24518556113979,472
436.0,1690,0,2,0,16.193250054487866,6.658579881656805,73.55556491102558,480
437.0,1692,0,2,0,16.178634856129705,6.865839243498818,73.86686438709764,488
438.0,1695,0,3,0,16.168758969918358,7.064896755162242,74.13529032056663,498
439.0,1698,0,3,0,16.133598403954192,7.340989399293286,74.40518638621083,508
440.0,1702,0,4,0,16.113328916236053,7.545828437132785,74.63351949733656,513
441.0,1710,0,8,0,16.10185464433047,7.74327485380117,74.69019479832784,519
442.0,1712,0,2,0,16.100859067273028,7.958528037383178,75.00823640840062,520
443.0,1716,0,5,1,16.077302103666014,8.175407925407926,75.22292746460828,531
444.0,1718,0,2,0,16.080642348683757,8.443538998835855,75.54210264845453,533
445.0,1723,0,5,0,16.0599557387099,8.67382472431805,75.73122768328535,542
446.0,1725,0,2,0,16.039454655994323,8.935072463768115,76.0519898629922,548
447.0,1730,0,5,0,16.022076214725594,9.176878612716763,76.2424342734663,548
448.0,1731,0,1,0,15.983227425652668,9.434430964760255,76.60960167492031,553
449.0,1735,0,4,0,15.93630828884261,9.710086455331412,76.84652525941156,558
450.0,1740,0,5,0,15.91570868911527,9.963218390804597,77.04133267884706,568
451.0,1744,0,4,0,15.965637149605934,8.839449541284404,77.27778827396449,511
452.0,1746,0,2,0,16.03723328405559,7.991408934707904,77.59657387798737,461
453.0,1746,0,0,0,16.123515404281115,7.315005727376861,77.99723564755456,423
454.0,1749,0,3,0,16.26116565579253,6.834762721555174,78.25441132869639,396
455.0,1751,0,2,0,16.41047186647972,6.516276413478012,78.54544418723067,375
456.0,1754,0,3,0,16.586661339954286,6.204675028506271,78.78040692759735,352
457.0,1758,0,4,0,16.768074249308256,5.948805460750854,78.9572396078913,337
458.0,1761,0,3,0,16.973660769361768,5.822827938671209,79.16738229655765,332
459.0,1763,0,2,0,17.123870301734062,5.7192285876347135,79.41305433274172,325
460.0,1766,0,3,0,17.25382800875867,5.765005662514156,79.60580252055848,321
461.0,1769,0,3,0,17.379954150765,5.695308083663086,79.79067423405512,317
462.0,1772,0,3,0,17.47650609026333,5.700338600451468,79.96930499007296,318
463.0,1775,0,3,0,17.548042790236565,5.686760563380282,80.14229162643235,321
464.0,1776,0,1,0,17.59599906364793,5.625,80.4019091367211,319
465.0,1781,0,5,0,17.671221495715628,5.487928130263897,80.47693161905599,315
466.0,1782,0,1,0,17.701670090507058,5.3552188552188555,80.72962259930203,308
467.0,1784,0,2,0,17.746353290573357,5.220291479820628,80.9336032528821,304
468.0,1786,0,2,0,17.791137350574765,5.136618141097425,81.13452073749481,295
469.0,1789,0,3,0,17.80856426500672,5.085522638345444,81.28927834001519,293
470.0,1794,0,5,0,17.83253011845265,5.093088071348941,81.35169726103425,295
471.0,1796,0,2,0,17.843189980780522,5.0244988864142535,81.5495961371827,292
472.0,1799,0,3,0,17.849229166812286,5.026681489716509,81.70185778427286,291
473.0,1801,0,2,0,17.83989940864632,4.920599666851749,81.90023056959834,289
474.0,1803,0,2,0,17.86397985421932,4.787576261785913,82.09870085889918,288
475.0,1807,0,4,0,17.873254592889815,4.667404537908135,82.20700882086588,283
476.0,1812,0,5,0,17.900322530312383,4.5739514348785875,82.26899327900517,284
477.0,1816,0,4,0,17.87831834114916,4.455947136563877,82.37840685598316,284
478.0,1820,0,4,0,17.878610165298003,4.420879120879121,82.48843687471758,286
479.0,1825,0,5,0,17.87564024109253,4.3024657534246575,82.55352578586033,285
480.0,1826,0,1,0,17.847038502485397,4.224534501642935,82.80111877217736,286
481.0,1826,0,0,0,17.767238952384297,4.171412924424972,83.09863461383051,292
482.0,1828,0,2,0,17.735114808758507,4.12582056892779,83.30734439915604,291
483.0,1833,0,5,0,17.69583650088464,4.097108565193672,83.38062183306914,297
484.0,1834,0,1,0,17.63061504713249,4.064340239912759,83.63926951132488,300
485.0,1838,0,4,0,17.617730174928976,3.998367791077258,83.762245690823,301
486.0,1841,0,4,1,17.612018555936398,3.9261271048343294,83.85293879146917,303
487.0,1846,0,5,0,17.59411324785966,3.8613217768147345,83.93268415564695,312
488.0,1850,0,4,0,17.566662000374922,3.8335135135135134,84.05865621924069,311
489.0,1852,0,2,0,17.544938750323503,3.776997840172786,84.27740735075761,313
490.0,1854,0,2,0,17.474781112870513,3.736245954692557,84.49906226109849,317
491.0,1857,0,3,0,17.450534803807464,3.6930533117932147,84.67562086263774,320
492.0,1859,0,2,0,17.436323072793996,3.6745562130177514,84.90043235814301,330
493.0,1861,0,2,0,17.38586301572633,3.632455668995164,85.12616354968495,329
494.0,1866,0,5,0,17.371765162833892,3.598070739549839,85.2176043253632,332
495.0,1868,0,2,0,17.304744731534335,3.6525695931477515,85.4488829403623,337
496.0,1871,0,3,0,17.293146426832898,3.5505077498663815,85.6361824948807,338
497.0,1873,0,2,0,17.248334199124205,3.5269620928990926,85.87139949179223,340
498.0,1877,0,4,0,17.23134589915207,3.5151838039424614,86.01648421103668,344
499.0,1885,0,8,0,17.22291784719697,3.503978779840849,85.98116445694664,352
500.0,1889,0,4,0,17.18968010263144,3.528851244044468,86.13066207376288,359
501.0,1890,0,1,0,17.151900759702414,3.5566137566137566,86.41947823914737,366
502.0,1896,0,6,0,17.153974949072406,3.6587552742616034,86.48037973539084,377
503.0,1900,0,4,0,17.1336608019189,3.8063157894736843,86.63462436509369,385
504.0,1905,0,5,0,17.134294199875693,3.973228346456693,86.74670543245668,395
505.0,1910,0,5,0,17.107748387611622,4.0947643979057595,86.8608338379482,395
506.0,1913,0,3,0,17.057234546037343,4.2273915316257185,87.0695094961119,411
507.0,1916,0,3,0,16.99889595578529,4.360125260960334,87.28066861112475,419
508.0,1920,0,4,0,16.94976439987641,4.508333333333334,87.44914315650105,430
509.0,1922,0,2,0,16.881274444994922,4.678459937565036,87.71161554923061,444
510.0,1925,0,3,0,16.800905451812984,4.852467532467532,87.93142053876294,455
511.0,1928,0,3,0,16.74216949223645,4.962655601659751,88.15486302243833,463
512.0,1929,0,1,0,16.667453966071598,5.132192846034215,88.47375709121624,470
513.0,1934,0,5,0,16.599956170139176,5.28593588417787,88.61254311899371,475
514.0,1940,0,6,0,16.546236823730407,5.421134020618557,88.71033313611103,491
515.0,1941,0,2,1,16.494434010911238,5.595569294178259,88.97576781181287,495
516.0,1945,0,4,0,16.44812292048741,5.720308483290489,89.16976328283799,497
517.0,1948,0,4,1,16.352129167049387,5.868583162217659,89.352687155315,506
518.0,1952,0,4,0,16.343458963912145,6.028176229508197,89.55361399833201,520
519.0,1954,0,2,0,16.278730166139937,6.202149437052201,89.84912402784263,530
520.0,1959,0,5,0,16.23313733363522,6.394078611536498,90.0097532901022,536
521.0,1963,0,4,0,16.227525614785435,6.577177789098319,90.21975013017408,545
522.0,1970,0,7,0,16.176060321344515,6.77258883248731,90.29462290130574,556
523.0,1976,0,6,0,16.11218503415347,6.946356275303644,90.41912008929259,562
524.0,1977,0,1,0,16.086065546788063,7.143146181082448,90.7758703391503,569
525.0,1982,0,5,0,16.079445167394084,7.329465186680121,90.94972560936287,572
526.0,1988,0,6,0,16.098566496921954,7.527162977867203,91.07713486965447,584
527.0,1992,0,4,0,16.076993608339073,7.752510040160643,91.29800634600578,591
528.0,1995,0,4,1,16.066569917751714,7.95889724310777,91.53771135670847,597
529.0,2001,0,6,0,16.04466918115963,8.203898050974512,91.66924186976091,612
530.0,2005,0,4,0,16.042686325443718,8.415461346633416,91.89291093033208,618
531.0,2007,0,2,0,16.026675301298443,8.639760837070254,92.20822337299323,621
532.0,2009,0,2,0,16.01580855040439,8.859631657541065,92.5239721879118,630
533.0,2012,0,3,0,16.02185084793296,9.118787276341948,92.79363554098714,636
534.0,2015,0,3,0,16.027272248865053,9.378163771712158,93.06342473044577,645
535.0,2015,0,0,0,16.003345211125005,9.62531017369727,93.47357277065684,646
536.0,2015,0,1,1,16.003489935253693,9.923076923076923,93.87257857059863,653
537.0,2017,0,2,0,16.00556917806159,10.162121963311849,94.190173533711,655
538.0,2019,0,3,1,15.99083416450143,10.432887568103022,94.5007227611198,664
539.0,2022,0,3,0,16.00331435824791,10.686449060336301,94.77198299627076,667
540.0,2027,0,5,0,15.983057735190359,10.905278737049827,94.95128246489374,667
541.0,2028,0,1,0,16.00959108163956,9.494082840236686,95.31498410029647,588
542.0,2034,0,6,0,16.153594442516344,8.469026548672566,95.43598269291518,527
543.0,2039,0,5,0,16.300062987147108,7.745953898970083,95.59401521273207,481
544.0,2046,0,7,0,16.48269917325454,7.158357771260997,95.64662638248971,444
545.0,2048,0,2,0,16.666086306526754,6.8154296875,95.92070237652706,421
546.0,2051,0,3,0,16.8513351364372,6.581179912237933,96.13561979904948,403
547.0,2057,0,6,0,17.054673549979462,6.390860476421974,96.19811952528978,386
548.0,2064,0,7,0,17.250815653146777,6.232558139534884,96.20410199258161,381
549.0,2068,0,4,0,17.407587935720645,6.075435203094777,96.34051931718349,370
550.0,2073,0,5,0,17.55274778411155,5.978774722624216,96.42270522361304,364
551.0,2076,0,3,0,17.639769199072077,5.84393063583815,96.5928299202594,358
552.0,2078,0,2,0,17.71936025616716,5.762752646775746,96.80470583600994,351
553.0,2082,0,4,0,17.777636261696742,5.647934678194044,96.9196639280852,343
554.0,2084,0,2,0,17.826381763240345,5.502399232245681,97.12545314942814,342
555.0,2086,0,3,1,17.866329265895853,5.401725790987536,97.32047469634617,339
556.0,2089,0,3,0,17.899136556767935,5.206318812829105,97.47400628359364,330
557.0,2090,0,1,0,17.944779726995282,5.1488038277511965,97.71719679787721,326
558.0,2092,0,2,0,17.969406088929166,5.013862332695985,97.91126972805803,322
559.0,2094,0,2,0,17.991156330454203,4.883476599808978,98.10410035816598,318
560.0,2095,0,1,0,18.00758948508611,4.7861575178997615,98.34152972606883,319
561.0,2094,0,0,1,17.998534240276086,4.711079274116523,98.66795953845818,319
562.0,2096,0,3,1,17.989556532153628,4.630248091603053,98.85280248387399,318
563.0,2099,0,3,0,17.99947459054631,4.506431634111482,98.99800770702532,313
564.0,2100,0,1,0,17.99450648424945,4.368571428571428,99.23806169894075,310
565.0,2104,0,4,0,17.975216107641682,4.199619771863118,99.33694515049393,311
566.0,2107,0,3,0,17.995409771234275,4.074988134788799,99.48212152806194,314
567.0,2113,0,6,0,17.99993419485246,3.9943208707998106,99.48685319468395,313
568.0,2120,0,8,1,18.011628474571197,3.8943396226415095,99.43940685520694,315
569.0,2122,0,2,0,17.969696079519647,3.836475023562677,99.63465712472089,317
570.0,2123,0,1,0,17.948786869653862,3.716439001413095,99.87805948946509,319
571.0,2127,0,4,0,17.951180697118847,3.6426892336624355,99.98004602151613,315
572.0,2130,0,3,0,17.905500265078718,3.5220657276995304,100.13138200727728,311
573.0,2132,0,2,0,17.87487552677603,3.4681050656660415,100.33170185361611,308
574.0,2134,0,2,0,17.857867731642486,3.402061855670103,100.5329218813538,314
575.0,2137,0,3,0,17.839526860475107,3.339260645765091,100.68887753763322,315
576.0,2140,0,3,0,17.792240159945372,3.2663551401869158,100.84837736313513,313
577.0,2144,0,4,0,17.774062290380837,3.240205223880597,100.96290040651898,312
578.0,2149,0,6,1,17.696469860284573,3.170311772917636,101.02775566873824,316
579.0,2155,0,6,0,17.655281005181823,3.140139211136891,101.05485327820794,327
580.0,2157,0,2,0,17.603844178948172,3.1186833565136762,101.27323015428429,336
581.0,2160,0,3,0,17.546158041625795,3.1125,101.44663861793028,345
582.0,2164,0,4,0,17.503866203392402,3.097042513863216,101.5761165623255,354
583.0,2170,0,6,0,17.463799642349436,3.083410138248848,101.61511745118106,357
584.0,2171,0,1,0,17.38946457180449,3.1082450483648087,101.89177797512143,362
585.0,2175,0,5,1,17.30826678400653,3.1177011494252875,102.02501093677617,367
586.0,2179,0,4,0,17.241352214600994,3.1124368976594767,102.1686489057604,374
587.0,2185,0,6,0,17.18682275503781,3.117162471395881,102.22037711756099,382
588.0,2188,0,3,0,17.158765958329948,3.130255941499086,102.41563458097585,393
589.0,2190,0,2,0,17.116669524173677,3.173972602739726,102.66051578761312,408
590.0,2194,0,4,0,17.06964478244138,3.208295350957156,102.81616273692046,421
591.0,2198,0,4,0,17.008202191708413,3.31073703366697,102.97323377308427,441
592.0,2201,0,3,0,16.972423200675184,3.4266242616992275,103.1797018661493,452
593.0,2203,0,2,0,16.944152759296,3.5882886972310484,103.43350277895395,463
594.0,2208,0,5,0,16.874719554605168,3.757699275362319,103.54967490933988,480
595.0,2212,0,4,0,16.84664892121578,3.901898734177215,103.71626381512077,488
596.0,2214,0,4,2,16.823143407698026,4.058265582655826,103.95944575990262,497
597.0,2219,0,5,0,16.78925685369543,4.210004506534475,104.08393098133978,506
598.0,2222,0,5,2,16.754721325127765,4.3937893789378935,104.27601466723559,520
599.0,2228,0,6,0,16.74895358071178,4.567324955116697,104.35815623285603,533
600.0,2229,0,2,1,16.67972248808562,4.752803947958726,104.67024461804726,539
601.0,2233,0,4,0,16.6450096458691,4.890729959695477,104.85433350187647,546
602.0,2236,861,3,0,16.58384456870176,5.033094812164579,105.08893559620326,557
603.0,2237,0,2,1,16.54325047558506,5.1890925346446135,105.40316357197523,567
604.0,2242,0,6,1,16.526946423195096,5.332292595896521,105.49831809876541,577
605.0,2248,0,6,0,16.495848421872836,5.480871886120997,105.59993792743457,584
606.0,2250,0,2,0,16.44984153979255,5.651555555555555,105.89112173921664,594
607.0,2254,0,5,1,16.447038657576645,5.853149955634428,106.08192759741638,609
608.0,2256,0,3,1,16.438482244022655,6.049202127659575,106.34942979583371,619
609.0,2258,0,2,0,16.418673216741972,6.252435783879539,106.64455534411752,627
610.0,2264,0,6,0,16.43740381267753,6.448321554770318,106.75131141674703,636
611.0,2269,0,6,1,16.452639715241634,6.633318642573821,106.89942743034572,641
612.0,2272,0,3,0,16.42657458365502,6.804577464788732,107.15115323921194,646
613.0,2274,0,3,1,16.402622161885283,7.029463500439753,107.44445685883157,658
614.0,2278,0,4,0,16.37322199860418,7.2664618086040385,107.6524546824657,663
615.0,2281,0,3,0,16.349847105861265,7.481367821131083,107.90918531300859,665
616.0,2287,0,6,0,16.3515757559749,7.695671184958461,108.02446717383465,675
617.0,2292,0,5,0,16.338174885382912,7.921902268760907,108.18789688130195,684
618.0,2296,0,4,0,16.316983937101462,8.172038327526133,108.40015333106099,692
619.0,2301,0,5,0,16.337111246401907,8.377661886136462,108.56494516541723,697
620.0,2305,0,4,0,16.284215599679815,8.632537960954448,108.77917744590002,709
621.0,2310,0,6,1,16.29214283790575,8.867099567099567,108.93321047160673,719
622.0,2310,0,1,1,16.288968063430165,9.121212121212121,109.33154318081526,725
623.0,2314,0,4,0,16.27376991483538,9.36171132238548,109.54933954506096,732
624.0,2315,0,1,0,16.289127685538094,9.627645788336933,109.90849384817467,738
625.0,2316,0,1,0,16.268503546214895,9.89594127806563,110.26917327556546,744
626.0,2319,0,3,0,16.233146744847268,10.129797326433808,110.53616941606441,750
627.0,2323,0,4,0,16.20257516613249,10.405510116229014,110.75688596129744,756
628.0,2328,0,5,0,16.191689450980423,10.67225085910653,110.93084029969755,761
629.0,2333,0,5,0,16.16537043326369,10.919845692241749,111.10596600712059,764
630.0,2334,0,1,0,16.12303342790924,11.212082262210798,111.47323780151889,775
631.0,2336,0,3,1,16.231887606083447,9.946917808219178,111.77964401799807,690
632.0,2337,0,2,1,16.347993428094817,8.9867351305092,112.12424186371823,624
633.0,2339,0,3,1,16.475041304938017,8.209491235570757,112.41221586088723,572
634.0,2339,0,1,1,16.602754379168363,7.591705857203933,112.78418924788912,527
635.0,2343,0,4,0,16.76630399732911,7.124199743918054,112.9636089955067,493
636.0,2345,0,2,0,16.929542804669026,6.794029850746269,113.22774267927502,468
637.0,2348,0,3,0,17.06088718798697,6.600936967632027,113.43329973489348,458
638.0,2353,0,5,0,17.22909853095004,6.402889927751806,113.5313305543748,446
639.0,2357,0,4,0,17.365754013354167,6.245226983453542,113.66818382795637,435
640.0,2362,0,5,0,17.501777858282786,6.166807790008467,113.74926679895597,427
641.0,2366,0,4,0,17.578265734717625,6.044378698224852,113.87279998896175,425
642.0,2368,0,2,0,17.668493802885983,5.922297297297297,114.08699630766083,416
643.0,2368,0,0,0,17.721396492122313,5.858108108108108,114.3936903379733,409
644.0,2372,0,4,0,17.782503526778225,5.736087689713322,114.50351279630222,404
645.0,2375,0,3,0,17.844140274348746,5.571789473684211,114.6596487734644,396
646.0,2380,0,5,0,17.871805976999898,5.432773109243698,114.71670548819273,392
647.0,2382,0,2,0,17.88532590154916,5.291771620486986,114.91799437400587,388
648.0,2386,0,4,0,17.93477152650026,5.1827326068734285,115.02046807078554,384
649.0,2388,0,4,2,17.93358457141932,5.040619765494137,115.20567719509899,380
650.0,2389,0,1,0,17.944513074179532,4.934700711594809,115.45192596503774,377
651.0,2388,0,0,1,17.930142180045497,4.892797319932998,115.77769650291916,375
652.0,2391,0,3,0,17.92529186024691,4.786281890422417,115.92680580184008,371
653.0,2397,0,6,0,17.958193146723534,4.697538589904047,115.93176215667415,370
654.0,2399,0,2,0,17.969318135129534,4.561900791996665,116.129645413332,368
655.0,2401,0,2,0,17.958612441035957,4.446480633069554,116.32832346625185,363
656.0,2404,0,4,1,17.938726183960778,4.314891846921797,116.47404544735721,359
657.0,2408,0,4,0,17.92562194822564,4.251661129568106,116.57886136702884,367
658.0,2410,0,2,0,17.904891265487404,4.144398340248963,116.78200556239318,369
659.0,2412,0,2,0,17.912383149371138,4.082504145936982,116.98462895992903,374
660.0,2416,0,4,0,17.882717385085876,3.9850993377483444,117.09194023981108,372
661.0,2422,0,6,0,17.84714837683439,3.852188274153592,117.10512608359878,370
662.0,2424,0,2,0,17.814324700206615,3.83003300330033,117.31383727333184,379
663.0,2427,0,3,0,17.793764274549122,3.8104655953852493,117.47640897215295,377
664.0,2428,0,1,0,17.7507132922055,3.75,117.73674669454351,378
665.0,2430,0,2,0,17.737511210333285,3.7037037037037037,117.95091159480731,379
666.0,2435,0,5,0,17.68394533322271,3.6969199178644763,118.02128442486293,389
667.0,2438,0,3,0,17.644914969088475,3.640689089417555,118.19240591523328,386
668.0,2441,0,3,0,17.626156814276307,3.5743547726341665,118.36460770347072,391
669.0,2445,0,5,1,17.562279048684893,3.5885480572597137,118.4845729784459,397
670.0,2449,0,4,0,17.538961048993507,3.552062066149449,118.61436963888904,404
671.0,2450,0,2,1,17.507027506679048,3.586938775510204,118.87314414115397,415
672.0,2452,0,2,0,17.478534391541242,3.5958401305057097,119.10378037071592,425
673.0,2460,0,8,0,17.447153546435132,3.653658536585366,119.04628466312126,440
674.0,2463,0,3,0,17.39662205015744,3.6792529435647583,119.23370349129335,448
675.0,2462,0,0,1,17.337046543209713,3.7339561332250204,119.61169386720375,453
676.0,2463,0,1,0,17.27228198684051,3.687779131140885,119.90433959825836,457
677.0,2463,0,1,1,17.212828573716934,3.6378400324807147,120.24284689939624,463
678.0,2465,0,2,0,17.16987240377729,3.6608519269776876,120.49263761821784,473
679.0,2470,0,5,0,17.157389527111327,3.6437246963562755,120.59675141626833,481
680.0,2475,0,5,0,17.14846370326526,3.694949494949495,120.70138881531972,497
681.0,2478,0,3,0,17.10534042075939,3.7429378531073447,120.90443125010437,499
682.0,2483,0,5,0,17.05108841666357,3.8320579943616595,121.01169775528207,509
683.0,2486,0,3,0,17.012862040837398,3.9537409493161704,121.2195957347943,527
684.0,2492,0,7,1,17.025052334231695,4.059791332263242,121.27606809422659,542
685.0,2496,0,4,0,17.00302905142433,4.1975160256410255,121.43708123557462,553
686.0,2501,0,5,0,16.9832821753526,4.343462614954018,121.55135922143505,563
687.0,2507,0,6,0,16.960429476413154,4.454726765057838,121.61976097073307,577
688.0,2510,0,3,0,16.932450659717528,4.580478087649403,121.8357327381612,590
689.0,2512,0,2,0,16.87491552277094,4.710191082802548,122.10284757808124,594
690.0,2514,0,2,0,16.829498104382075,4.853221957040573,122.37289703928592,605
691.0,2517,0,3,0,16.803021000763103,4.9566944775526425,122.59483718052346,614
692.0,2523,0,6,0,16.784859291109214,5.113753468093539,122.67355610256583,617
693.0,2529,0,6,0,16.770863574638266,5.275998418347172,122.75476074753874,633
694.0,2535,0,6,0,16.74584580609672,5.421696252465483,122.83704723998352,639
695.0,2541,0,6,0,16.714923034498902,5.593467138921684,122.92116795292837,645
696.0,2545,0,4,0,16.66353259524819,5.766994106090373,123.10573637111683,653
697.0,2546,0,1,0,16.624201826028873,5.93872741555381,123.43707209808922,657
698.0,2546,0,0,0,16.59710607993396,6.115082482325216,123.81900256093603,665
699.0,2549,0,4,1,16.57273909150955,6.296979207532366,124.02437566742807,683
700.0,2553,0,5,1,16.561061473915704,6.503721112416764,124.20666009480449,687
701.0,2558,0,5,0,16.542342403479612,6.666536356528538,124.34985743199357,697
702.0,2562,0,4,0,16.494763022377573,6.882123341139734,124.5448665454829,708
703.0,2566,0,4,0,16.493106474864447,7.075993764614186,124.74028310050988,716
704.0,2569,0,3,0,16.46942363187409,7.264305177111717,124.98584146249202,725
705.0,2572,0,3,0,16.465476017450978,7.484836702954899,125.23311950322532,734
706.0,2576,0,4,0,16.459129998537485,7.687888198757764,125.43296214864033,732
707.0,2579,0,3,0,16.419375007297205,7.920124079100426,125.68276541416269,743
708.0,2578,0,0,1,16.4024064660197,8.175717610550814,126.12369998622253,751
709.0,2580,0,3,1,16.35435667580107,8.404263565891473,126.41918775672708,757
710.0,2578,0,1,3,16.28561480908186,8.66757176105508,126.87413415416152,763
711.0,2582,0,4,0,16.262652336184434,8.892331525948876,127.08162227693796,768
712.0,2588,0,6,0,16.24287321313806,9.1016228748068,127.19174513774736,775
713.0,2594,0,6,0,16.22766165846771,9.343099460292985,127.30320813390732,784
714.0,2597,0,3,0,16.194397993891325,9.574123989218329,127.56289981499054,790
715.0,2598,0,1,0,16.17351486534828,9.836412625096228,127.92193649452717,799
716.0,2601,0,3,0,16.168061462677873,10.074586697424067,128.18486622007353,813
717.0,2602,0,1,0,16.152449978093046,10.33858570330515,128.54690152116478,811
718.0,2604,0,2,0,16.123726820571452,10.566436251920123,128.8611355727328,820
719.0,2607,0,3,0,16.08209268167929,10.827387802071346,129.12752457408118,826
720.0,2609,0,2,0,16.058167801642412,11.081640475277885,129.44477282112481,836
721.0,2611,0,2,0,16.126304568728273,9.67828418230563,129.75701895468538,732
722.0,2613,0,3,1,16.221723120690015,8.741676234213548,130.05339576999918,660
723.0,2620,0,7,0,16.391613978920685,8.025190839694657,130.10061072006863,613
724.0,2622,0,2,0,16.544286633181137,7.495423340961098,130.38655102876405,574
725.0,2623,0,1,0,16.682616418266743,7.150590926420129,130.7121144438166,552
726.0,2627,0,4,0,16.84653222088062,6.915112295393985,130.87696162204307,532
727.0,2628,0,1,0,17.0025997212085,6.705098934550989,131.1800890468581,516
728.0,2630,0,4,2,17.154338684780626,6.528136882129278,131.40410413374164,515
729.0,2634,0,4,0,17.262255371235927,6.351556567957479,131.54231689626963,504
730.0,2637,0,4,1,17.34005363795733,6.261660978384528,131.71622096150048,496
731.0,2640,0,3,0,17.385194865111924,6.155681818181818,131.89611282194542,486
732.0,2640,0,1,1,17.42635796208355,6.028030303030303,132.21554550327238,483
733.0,2640,0,1,1,17.466516958208764,5.904545454545454,132.53245709323946,477
734.0,2642,0,2,0,17.502102406894206,5.733535200605602,132.75367229428502,473
735.0,2649,0,7,0,17.543054601052024,5.5790864477161195,132.72191497759752,469
736.0,2653,0,5,1,17.553815151926116,5.4485488126649075,132.83112766084255,465
737.0,2657,0,4,0,17.575193233327106,5.368837034249153,132.94673056737793,457
738.0,2659,0,2,0,17.59400645634201,5.2711545693869875,133.15984637948378,450
739.0,2661,0,2,0,17.602647101727854,5.160090191657272,133.3717997465139,443
740.0,2661,0,0,0,17.60887454799351,5.093949642991356,133.6828490445956,449
741.0,2661,0,2,2,17.583723932323878,5.063134160090192,133.98056719158592,451
742.0,2664,0,3,0,17.571236704425157,4.966216216216216,134.14147090935518,447
743.0,2668,0,4,0,17.556720589748796,4.831334332833583,134.25225465624288,442
744.0,2671,0,4,1,17.560547166242014,4.816922500935979,134.2791816634004,444
745.0,2675,0,4,0,17.53917902723498,4.658691588785047,134.39100681697383,440
746.0,2678,0,3,0,17.54531263169023,4.534353995519044,134.551875755697,434
747.0,2683,0,5,0,17.552734841431022,4.418934029071934,134.61194020701663,439
748.0,2688,0,5,0,17.55353322022496,4.3273809523809526,134.67300598315467,435
749.0,2689,0,1,0,17.538743259358025,4.219784306433619,134.9350381537787,443
750.0,2697,0,8,0,17.538023211666292,4.1053021876158695,134.8474853991749,442
751.0,2699,0,2,0,17.507512708961855,4.068914412745461,135.06146658945778,446
752.0,2701,0,2,0,17.49220122858105,3.9503887449092927,135.2773099283095,445
753.0,2706,0,5,0,17.451847241889013,3.8780487804878048,135.3449695842145,443
754.0,2708,0,2,0,17.418674437857963,3.7991137370753325,135.56548387360124,442
755.0,2709,0,1,0,17.387291359311536,3.725359911406423,135.83834293487087,440
756.0,2713,0,4,0,17.373958504792927,3.715075562108367,135.96217352005166,447
757.0,2714,0,2,1,17.321028816447082,3.6153279292557112,136.17814214053917,447
758.0,2716,0,4,2,17.291467294188827,3.5250368188512518,136.39269974519925,446
759.0,2719,0,4,1,17.276715954477087,3.5321809488782643,136.56430302058212,457
760.0,2719,0,0,0,17.20705826391544,3.449062155204119,136.89829287216327,468
761.0,2720,0,2,1,17.15409879821668,3.458455882352941,137.13059774490443,475
762.0,2722,0,2,0,17.117031993617207,3.505143277002204,137.3695206829178,488
763.0,2725,0,3,0,17.067946352805826,3.4656880733944955,137.5600584036065,486
764.0,2731,0,6,0,17.034705260125335,3.447088978396192,137.60016940432814,503
765.0,2733,0,2,0,16.989743232158574,3.4701792901573363,137.84608267867287,516
766.0,2735,0,2,0,16.974733647964968,3.415356489945155,138.09235935653928,520
767.0,2738,0,3,0,16.927562629194654,3.439737034331629,138.29114465890808,525
768.0,2740,0,2,0,16.88590410233179,3.4678832116788323,138.54179551966675,535
769.0,2744,0,4,0,16.859849796820917,3.486880466472303,138.694125580045,537
770.0,2750,0,6,0,16.81787544403845,3.593818181818182,138.74727542293928,551
771.0,2754,0,4,0,16.778245174784878,3.654320987654321,138.90490811977162,564
772.0,2755,0,1,0,16.74867393411416,3.706715063520871,139.21472863203846,576
773.0,2759,0,4,0,16.69612921955738,3.8303733236679958,139.37468119939908,592
774.0,2760,0,2,1,16.633508563742403,3.996376811594203,139.68237275943557,608
775.0,2762,0,2,0,16.592458178529075,4.132874728457639,139.94720367512954,616
776.0,2767,0,5,0,16.559108175655613,4.279002529815685,140.0617588512345,629
777.0,2770,0,3,0,16.543874348281573,4.422382671480144,140.27930375813463,651
778.0,2773,0,3,0,16.51837526685087,4.566173818968626,140.49796575470288,656
779.0,2780,0,7,0,16.493839998533307,4.693884892086331,140.51500557752394,663
780.0,2783,0,3,0,16.423610896210842,4.862738052461372,140.73793301126824,670
781.0,2785,0,2,0,16.405986476276258,4.952603231597846,141.01189617795126,681
782.0,2788,0,3,0,16.37281152455908,5.07532281205165,141.23822088780452,690
783.0,2794,0,6,0,16.372500317980247,5.188976377952756,141.3147274246524,704
784.0,2798,0,5,1,16.37511109323052,5.296283059328092,141.48717220845887,712
785.0,2801,0,3,0,16.354534816041895,5.434487682970368,141.71808262155986,715
786.0,2806,0,5,0,16.342994867475507,5.552387740555951,141.8486627947877,721
787.0,2809,0,3,0,16.339123905162108,5.725525097899609,142.0824888109033,733
788.0,2811,0,3,1,16.33241490088712,5.8776236214870154,142.36164761557723,737
789.0,2816,0,5,0,16.322837687205066,6.046875,142.4946369425891,749
790.0,2822,0,6,0,16.324590232828797,6.228915662650603,142.57881902418276,761
791.0,2828,0,6,0,16.31109098457534,6.355374823196605,142.66357804108844,758
792.0,2831,0,3,0,16.29036713520375,6.506181561285765,142.90114531027484,759
793.0,2835,0,4,0,16.28882449644896,6.707936507936508,143.0886956440239,771
794.0,2838,0,3,0,16.267120945102036,6.908386187455955,143.3280429184091,777
795.0,2838,0,1,1,16.236903832762685,7.127906976744186,143.71518062218638,784
796.0,2838,0,0,0,16.193346540565884,7.323467230443975,144.11023211155077,789
797.0,2842,0,4,0,16.147802586562246,7.5021111893033074,144.30431948562344,798
798.0,2847,0,5,0,16.102061851385695,7.709167544783983,144.44919727000777,808
799.0,2848,0,1,0,16.083902901493982,7.923455056179775,144.798353560884,815
800.0,2851,0,3,0,16.05810703894686,8.146965976850227,145.04827432776935,822
801.0,2856,0,6,1,16.030332080934322,8.353641456582633,145.15900038614535,826
802.0,2857,0,2,1,16.02408744352538,8.557927896394819,145.50942780806432,833
803.0,2858,863,1,0,15.996886770396415,8.763470958712386,145.86497867941014,837
804.0,2861,0,3,0,15.96867602859381,9.006641034603286,146.12029314619082,853
805.0,2866,0,5,0,15.961799621943191,9.228890439637125,146.27481163911062,862
806.0,2867,0,1,0,15.933534048306743,9.451342867108476,146.63534682799323,867
807.0,2867,0,0,0,15.905028897402016,9.690268573421696,147.0487193842817,878
808.0,2870,0,3,0,15.89116820166057,9.92752613240418,147.31035843638506,890
809.0,2874,0,4,0,15.886589671507245,10.164578983994433,147.52047598049364,896
810.0,2882,0,8,0,15.875958548704038,10.39590562109646,147.52684201332707,895
811.0,2885,0,4,1,15.93906892490758,9.01733102253033,147.77864118974364,782
812.0,2889,0,4,0,16.03657974097033,8.281758393907927,147.9772646966911,717
813.0,2889,0,0,0,16.170927475942033,7.798200069228106,148.37190146035735,665
814.0,2890,0,1,0,16.30176419186377,7.412456747404844,148.70587711326235,636
815.0,2893,0,3,0,16.460449279858924,7.095057034220532,148.92598040387742,608
816.0,2896,0,3,0,16.608750211612417,6.86982044198895,149.1368347424784,574
817.0,2898,0,3,1,16.74247954819696,6.686335403726708,149.38447253021008,559
818.0,2900,0,2,0,16.85131795117547,6.568965517241379,149.62979376383853,554
819.0,2902,0,2,0,16.931731035884656,6.482081323225362,149.86938243881957,551
820.0,2906,0,4,0,17.0142573959468,6.386441844459738,150.00062619329384,543
821.0,2911,0,5,0,17.071806009313796,6.316729646169701,150.07786916572266,540
822.0,2915,0,4,0,17.11776691266553,6.187650085763293,150.20365189830977,541
823.0,2917,0,2,0,17.14798691372715,6.141926636955777,150.43032322834117,545
824.0,2922,0,5,0,17.174524086008738,6.046543463381246,150.5011545421333,540
825.0,2924,0,2,0,17.187278197007434,5.954172366621067,150.72500372937176,538
826.0,2927,0,3,0,17.181599344758425,5.8172189955585925,150.89717011435224,531
827.0,2929,0,2,0,17.195886544983566,5.693752133834073,151.11924947676013,527
828.0,2930,0,1,0,17.203215826814546,5.61160409556314,151.39294831435325,525
829.0,2932,0,3,1,17.195943504206515,5.485675306957708,151.6099009988904,522
830.0,2933,0,1,0,17.188957596025247,5.413910671667235,151.88424398323932,520
831.0,2938,0,5,0,17.22063275730157,5.356364874063989,151.9510510972256,515
832.0,2940,0,2,0,17.227125975523172,5.320408163265306,152.1724170988467,518
833.0,2941,0,1,0,17.220084746055345,5.199591975518531,152.4452344766422,522
834.0,2943,0,2,0,17.213979170500345,5.115188583078491,152.6659303674732,516
835.0,2946,0,3,0,17.19719113090151,4.990835030549898,152.83589692837157,518
836.0,2951,0,5,0,17.188289106081736,4.861402914266351,152.90267031035003,511
837.0,2953,0,2,0,17.179261935163616,4.792414493735184,153.12662145335636,513
838.0,2958,0,5,0,17.159400934934368,4.633874239350913,153.19633435115716,511
839.0,2960,0,2,0,17.130090112517397,4.524324324324325,153.4233549241026,506
840.0,2960,0,0,0,17.108386061983587,4.422972972972973,153.75547910765025,503
841.0,2963,0,4,1,17.079979578365176,4.305771177860277,153.92736993712032,499
842.0,2965,0,2,0,17.059443350690866,4.2704890387858345,154.15834085429051,502
843.0,2967,0,2,0,17.038563949387107,4.185709470845972,154.38964017714596,503
844.0,2969,0,2,0,17.02447096975248,4.033344560458067,154.62272292997133,496
845.0,2967,0,0,2,16.99489836580408,3.982810920121335,155.05548923697563,505
846.0,2970,0,3,0,16.991227846670462,3.95016835016835,155.23754899000988,502
847.0,2975,0,5,0,17.002859372825448,3.8884033613445377,155.31554823895786,508
848.0,2978,0,3,0,16.982533251884448,3.8589657488247147,155.49942191642765,523
849.0,2982,0,4,0,16.967972773029924,3.846747149564051,155.6326667931706,520
850.0,2985,0,3,0,16.9554409244638,3.8629815745393636,155.81877189275735,526
851.0,2987,0,2,0,16.91944007059986,3.8188818212253097,156.05963188058814,537
852.0,2989,0,2,0,16.910673291060867,3.8678487788558047,156.3005976116709,542
853.0,2995,0,6,0,16.901886182796165,3.8263772954924873,156.3336472420905,547
854.0,2999,0,4,0,16.8836863530037,3.8272757585861954,156.47320226023933,564
855.0,3001,0,2,0,16.859145677707467,3.8433855381539486,156.7182486461698,570
856.0,3004,0,3,0,16.827272130539406,3.7916111850865515,156.91240345738797,566
857.0,3008,0,4,0,16.775561741655558,3.845744680851064,157.05618704614977,581
858.0,3011,0,3,0,16.735409622818644,3.8226502822982398,157.25461199641663,585
859.0,3018,0,7,0,16.739254698518163,3.813452617627568,157.2451718859263,596
860.0,3022,0,4,0,16.720414603911028,3.827597617471873,157.393098079802,605
861.0,3025,0,3,0,16.70477736332099,3.874710743801653,157.59400996004445,623
862.0,3030,0,5,0,16.688507163371728,3.943894389438944,157.6927501618872,638
863.0,3034,0,4,0,16.66759476159094,3.9746209624258406,157.844767020099,640
864.0,3039,0,5,0,16.645163856468056,4.120105297795328,157.947101216351,650
865.0,3040,0,1,0,16.60793436302297,4.270394736842105,158.25886250375572,664
866.0,3043,0,3,0,16.585190006512534,4.348340453499835,158.46714826661716,675
867.0,3045,0,3,1,16.51051594608271,4.443021346469623,158.72543222780632,694
868.0,3048,0,3,0,16.453770636492425,4.566272965879265,158.9402637224264,705
869.0,3050,0,2,0,16.37617941905343,4.701639344262295,159.21118988425968,713
870.0,3051,0,2,1,16.308235433912646,4.857751556866601,159.53393835324178,733
871.0,3053,0,2,0,16.26845383243024,4.988863413036357,159.81108305694934,744
872.0,3057,0,4,0,16.19600461182616,5.11023879620543,159.98773882771223,756
873.0,3061,0,4,0,16.157185697582793,5.250898399215942,160.1663807278127,769
874.0,3061,0,1,1,16.07552209397326,5.3988892518784715,160.55386869759187,783
875.0,3064,0,3,0,16.033512539380478,5.555809399477806,160.79041381966766,798
876.0,3069,0,5,0,15.984107156049875,5.685565330726621,160.92398536026306,811
877.0,3074,0,5,0,15.959580240305867,5.824333116460638,161.0584003594639,822
878.0,3077,0,3,0,15.93084117907062,6.005524861878453,161.29964526587386,833
879.0,3083,0,6,0,15.904990975979542,6.196237431073629,161.3853338609697,853
880.0,3088,0,5,0,15.856240368599735,6.361722797927461,161.5257311815521,859
881.0,3092,0,4,0,15.807830858509798,6.533958602846054,161.7217770356251,871
882.0,3093,0,1,0,15.76030768785313,6.7442612350468805,162.07763727122736,884
883.0,3099,0,7,1,15.726675582236485,6.948047757341078,162.16626434891302,902
884.0,3104,0,5,0,15.704317987889238,7.137564432989691,162.31561401321792,910
885.0,3114,0,10,0,15.695932812561107,7.303147077713552,162.20535750130455,921
886.0,3119,0,5,0,15.670476077847216,7.4745110612375765,162.35732420557366,927
887.0,3121,0,2,0,15.657966958265172,7.6898429990387696,162.66649231936518,940
888.0,3124,0,3,0,15.647799420098401,7.876120358514725,162.92400248232826,945
889.0,3129,0,5,0,15.634848855742076,8.059443911792904,163.07883063687356,955
890.0,3132,0,3,0,15.629164488755503,8.294380587484035,163.3385090628012,970
891.0,3136,0,4,0,15.612895176766296,8.497448979591837,163.54649848794406,978
892.0,3138,0,3,1,15.594207487359132,8.68769917144678,163.8559521430167,981
893.0,3142,0,5,1,15.56301603604362,8.915340547422025,164.05991159680306,997
894.0,3143,0,1,0,15.50360444285919,9.158447343302576,164.43116298624122,1001
895.0,3146,0,3,0,15.48068173258848,9.381436745073108,164.6985837628006,1005
896.0,3149,0,4,1,15.456190683623367,9.593839314067958,164.9609681747356,1007
897.0,3155,0,7,1,15.439275951993066,9.793977812995246,165.06798554562403,1012
898.0,3156,0,2,1,15.410034627344444,10.017110266159696,165.43913763475345,1016
899.0,3160,0,4,0,15.384609418351186,10.26487341772152,165.658545122126,1023
900.0,3166,0,6,0,15.366320400138813,10.487997473152243,165.77468429065576,1030
901.0,3173,0,7,0,15.460675582530017,9.08635360857233,165.83279799461684,911
902.0,3179,0,6,0,15.57566751237671,8.335954702736709,165.93640294694407,843
903.0,3181,0,2,0,15.692218789103503,7.85570575290789,166.23972453231443,793
904.0,3181,0,0,0,15.814981504858249,7.491669286387928,166.63920683764417,752
905.0,3184,0,3,0,15.982425182928353,7.215138190954774,166.8704017675884,725
906.0,3186,0,2,0,16.132958784511686,6.946955430006278,167.14423182659533,684
907.0,3188,0,2,0,16.279759565126337,6.739335006273525,167.40906623489076,661
908.0,3192,0,4,0,16.408451130189267,6.56234335839599,167.56120479716807,642
909.0,3193,0,1,0,16.518321198187202,6.444409646100846,167.8643862103946,635
910.0,3197,0,4,0,16.61509557822802,6.296527994995308,168.0030852540108,615
911.0,3199,0,2,0,16.646822189187407,6.192872772741482,168.24367639361742,610
912.0,3202,0,3,0,16.694138498269776,6.0911930043722675,168.42955416706377,607
913.0,3203,0,1,0,16.72179845917329,5.971901342491415,168.71803427929635,603
914.0,3206,0,3,0,16.757352766565962,5.80817217716781,168.8998069441567,596
915.0,3209,0,3,0,16.785302213473287,5.660953568089748,169.07941500902004,592
916.0,3211,0,2,0,16.81834320861572,5.53939582684522,169.31039937800358,592
917.0,3213,0,3,1,16.832396500564766,5.413320883909119,169.53742307524067,590
918.0,3214,0,1,0,16.843817166208197,5.316116988176727,169.82040934956024,590
919.0,3217,0,3,0,16.84272097699247,5.246813801678583,169.99809199569003,587
920.0,3219,0,2,0,16.84075957471242,5.1528424976700835,170.22803803659363,588
921.0,3223,0,4,0,16.853382701907623,5.089357741234874,170.35119324097533,586
922.0,3228,0,5,0,16.863625908430468,4.987608426270136,170.4215167502973,585
923.0,3229,0,1,0,16.856193903939918,4.894704242799628,170.70304731405614,587
924.0,3232,0,3,0,16.829331115888174,4.849628712871287,170.8796951976691,592
925.0,3234,0,2,0,16.820928557357863,4.765924551638838,171.11018096979777,588
926.0,3237,0,3,0,16.814546096186,4.666357738646895,171.28785349392484,592
927.0,3238,0,1,0,16.827964768149,4.545707226683137,171.57151525772827,587
928.0,3240,0,2,0,16.831406021492747,4.459876543209877,171.80131359663247,595
929.0,3242,0,2,0,16.832268545453115,4.349167180752622,172.03146809698038,598
930.0,3244,0,2,0,16.80277933530805,4.247225647348952,172.26267662969855,589
931.0,3245,0,1,0,16.807004188363177,4.091217257318952,172.54719714299802,580
932.0,3246,0,1,0,16.799356085732576,3.9728897104128156,172.83282547580708,576
933.0,3248,0,2,0,16.785069706087164,3.9128694581280787,173.0664530967991,570
934.0,3249,0,1,0,16.772454617459342,3.881809787626962,173.3543754607403,568
935.0,3252,0,3,0,16.765572394784115,3.825338253382534,173.53677799430696,568
936.0,3255,0,3,0,16.788156711188332,3.7655913978494624,173.71907690184412,578
937.0,3260,0,5,0,16.80545523011095,3.7901840490797545,173.79513266679524,586
938.0,3263,0,3,0,16.80287443361693,3.8011032791909285,173.97804492592604,592
939.0,3267,0,4,0,16.79407671328565,3.810529537802265,174.10863653324037,600
940.0,3270,0,4,1,16.788114381820446,3.809480122324159,174.28910607910876,600
941.0,3273,0,3,0,16.75150085962557,3.8545676749159794,174.47663199594245,605
942.0,3274,0,1,0,16.743179237435108,3.883017715332926,174.77175751377015,609
943.0,3280,0,7,1,16.733675458865566,3.915548780487805,174.7838359422508,609
944.0,3282,0,3,1,16.720318859054355,3.9600853138330288,175.02379709453987,614
945.0,3285,0,3,0,16.689428234545254,3.9987823439878234,175.21694720598097,625
946.0,3289,0,4,0,16.677461539205346,3.9556096077835208,175.35809518790157,621
947.0,3295,0,6,0,16.675586193938575,3.9505311077389984,175.39408595239806,621
948.0,3297,0,2,0,16.64780858395998,3.9790718835304824,175.64510485225918,644
949.0,3299,0,2,0,16.609340949289816,4.0309184601394366,175.89887540519663,653
950.0,3304,0,5,0,16.575468319636038,4.0541767554479415,175.99503500211753,659
951.0,3308,0,4,0,16.545348810071413,4.094316807738815,176.14748983781067,683
952.0,3313,0,5,0,16.507280301125007,4.143374584968306,176.2486591178889,689
953.0,3315,0,2,0,16.48592641192132,4.209954751131222,176.51165558034762,700
954.0,3317,0,3,1,16.444197804504018,4.279770877298764,176.77156473355961,720
955.0,3318,0,2,1,16.406641437848876,4.383664858348403,177.08772938937045,734
956.0,3319,0,3,2,16.362448497951192,4.496535100934016,177.39690553244728,746
957.0,3320,0,2,1,16.321871951937887,4.601807228915662,177.6660447603633,767
958.0,3321,0,1,0,16.277270399925506,4.735621800662451,177.9924780926882,780
959.0,3323,0,2,0,16.251608204446562,4.879626843213964,178.26630150905243,791
960.0,3325,0,2,0,16.20780707503735,5.048421052631579,178.5410991264462,809
961.0,3328,0,3,0,16.190136260323,5.146634615384615,178.76397154313872,823
962.0,3330,0,2,0,16.13911884627107,5.281981981981982,179.04362329219325,833
963.0,3333,0,3,0,16.127422445284473,5.402640264026402,179.26994215159857,847
964.0,3338,0,5,0,16.10744315941597,5.5434391851408025,179.39023151300822,853
965.0,3339,0,1,0,16.083095345039844,5.674752920035939,179.7271009729874,858
966.0,3343,0,5,1,16.049648504657515,5.8321866586898,179.90062806346953,872
967.0,3347,0,4,0,16.017149576583343,5.981475948610696,180.08012886170002,883
968.0,3350,0,3,0,15.979010559992503,6.142686567164179,180.3171728852618,894
969.0,3355,0,5,0,15.95491823790603,6.311177347242921,180.44895367485904,902
970.0,3359,0,4,0,15.93462347218493,6.4968740696635905,180.63671317166595,913
971.0,3363,0,5,1,15.913505785935914,6.684805233422539,180.80256536589087,930
972.0,3369,0,7,1,15.92651649776585,6.904719501335708,180.88172892383827,952
973.0,3372,0,4,1,15.896251694266955,7.125741399762752,181.12297991579078,964
974.0,3373,0,2,1,15.851015862792973,7.33412392528906,181.47174095065876,983
975.0,3375,0,3,1,15.824854517041002,7.540148148148148,181.70314082471185,994
976.0,3378,0,3,0,15.820754652008137,7.778863232682061,181.9518323264383,1008
977.0,3380,0,2,0,15.821768398218438,7.974852071005917,182.25444039576072,1009
978.0,3382,0,3,1,15.810853367320215,8.167652276759314,182.5346102654476,1016
979.0,3385,0,3,0,15.80237337425045,8.352141802067948,182.78507295717296,1017
980.0,3389,0,4,0,15.814114342802274,8.539097078784302,182.9813134916224,1029
981.0,3390,0,2,1,15.80030342486341,8.692035398230088,183.31821986451817,1030
982.0,3392,0,2,0,15.775825360918537,8.899174528301886,183.62410979523386,1044
983.0,3393,0,1,0,15.751415179427458,9.110226937813145,183.98585981994228,1049
984.0,3394,0,2,1,15.7189000142574,9.336476134354744,184.34518057007992,1062
985.0,3400,0,6,0,15.70104441307315,9.568235294117647,184.43831850746474,1068
986.0,3403,0,3,0,15.667640864273558,9.786658830443725,184.6959514555424,1073
987.0,3404,0,1,0,15.646928242035886,10.035546415981198,185.06306053963493,1082
988.0,3411,0,7,0,15.636958669877487,10.252418645558487,185.10553432672532,1084
989.0,3414,0,3,0,15.62337853331984,10.49062683069713,185.36600547363886,1090
990.0,3416,0,3,1,15.609463089378488,10.718384074941453,185.6590437839323,1096
991.0,3416,0,0,0,15.691829338446722,9.289812646370024,186.0787689276826,953
992.0,3419,0,4,1,15.81875712097753,8.339865457736181,186.30089709005037,858
993.0,3424,0,5,0,15.979424910510142,7.7517523364485985,186.42951236524596,797
994.0,3430,0,6,0,16.136608670391055,7.3434402332361515,186.49290509521506,753
995.0,3437,0,7,0,16.331093552793014,7.052662205411696,186.491206580452,728
996.0,3442,0,5,0,16.48977021294291,6.780941313190006,186.58754519872312,702
997.0,3442,0,0,0,16.641347987303032,6.586287042417199,186.94527141182522,670
998.0,3445,0,3,0,16.75757213921514,6.438316400580551,187.13174305854614,657
999.0,3444,0,1,2,16.83398291730207,6.30458768873403,187.52176938229462,649
1000.0,3450,0,7,1,16.912272774914676,6.120289855072464,187.51866985858402,633
1001.0,3452,0,2,0,16.950504408553556,6.024913093858633,187.7462278205823,631
1002.0,3451,0,0,1,16.9929403785491,5.932483338162851,188.1157712998159,623
1003.0,3453,881,2,0,17.031025480084384,5.828265276571098,188.3383152339357,625
1004.0,3456,0,3,0,17.078589195435086,5.735243055555555,188.50369633152891,613
1005.0,3457,0,1,0,17.116876673165592,5.583453861729824,188.7758871299032,604
1006.0,3457,0,1,1,17.132398470117227,5.463696846977148,189.09379455452319,605
1007.0,3461,0,4,0,17.147800739360356,5.297023981508235,189.19989732887728,596
1008.0,3462,0,2,1,17.167281322101392,5.194396302715194,189.42471518866256,590
1009.0,3464,0,3,1,17.19770092125055,5.133949191685912,189.62856927867222,592
1010.0,3468,0,6,2,17.20179892833546,5.05161476355248,189.67404735736682,586
1011.0,3469,0,1,0,17.215112673758842,4.993081579705967,189.9400018513059,592
1012.0,3470,0,3,2,17.22080138089921,4.912680115273775,190.1963621232723,584
1013.0,3472,0,2,0,17.234788851253704,4.8058755760368665,190.4050630486659,579
1014.0,3477,0,5,0,17.24054496369315,4.690537819959736,190.44940859851462,574
1015.0,3481,0,5,1,17.248456113261646,4.54409652398736,190.54519934520692,569
1016.0,3483,0,3,1,17.250160094630893,4.398219925351708,190.74944432289487,559
1017.0,3488,0,5,0,17.278737114988058,4.315366972477064,190.79283735254532,558
1018.0,3491,0,3,0,17.248072820124356,4.16642795760527,190.94766744629175,544
1019.0,3494,0,3,0,17.232508768821557,4.03491700057241,191.10279176728724,546
1020.0,3498,0,5,1,17.243531871736188,3.9556889651229272,191.15513642437998,550
1021.0,3500,0,2,0,17.213824754060578,3.8594285714285714,191.3660992800976,544
1022.0,3499,0,0,1,17.208819776855236,3.7830808802515006,191.737293650123,549
1023.0,3499,0,0,0,17.20418125163064,3.7242069162617892,192.058116300667,543
1024.0,3502,0,4,1,17.205167805327033,3.7238720731010853,192.17234958542156,550
1025.0,3506,0,4,0,17.17651766869509,3.6802624073017682,192.27621639365697,540
1026.0,3508,0,3,1,17.14359460108572,3.650228050171038,192.43812222141463,551
1027.0,3511,0,3,0,17.12652843629896,3.618057533466249,192.60025624925987,546
1028.0,3513,0,5,3,17.08826509911918,3.627384002277256,192.76395493352115,560
1029.0,3514,0,2,1,17.0715265557685,3.6340352874217414,193.03272703169097,565
1030.0,3514,0,2,2,17.027720273339845,3.643995446784291,193.26771321485208,568
1031.0,3519,0,6,1,16.98392078687386,3.6254617789144645,193.2945163212184,576
1032.0,3521,0,3,1,16.926777385743637,3.6128940641863108,193.4737421245357,592
1033.0,3525,0,4,0,16.835697784547037,3.626950354609929,193.59437640375992,607
1034.0,3527,0,3,1,16.773561555693462,3.7227105188545506,193.7162975081359,633
1035.0,3532,0,5,0,16.72964451559804,3.7525481313703284,193.78867121665854,639
1036.0,3533,0,1,0,16.65479200997004,3.6767619586753466,194.0844612742922,639
1037.0,3537,0,4,0,16.59161706882414,3.680802940344925,194.21890308354,652
1038.0,3544,0,8,1,16.53979979590186,3.68510158013544,194.187419051339,671
1039.0,3546,0,2,0,16.514201309490254,3.676818950930626,194.43546180987178,689
1040.0,3549,0,4,1,16.485096760176265,3.707241476472246,194.59973427228658,701
1041.0,3552,0,4,1,16.45117443724291,3.754222972972973,194.79419608269507,725
1042.0,3553,0,2,1,16.426179824263127,3.8530819026175065,195.05727499230173,745
1043.0,3556,0,3,0,16.3853705014936,4.008998875140607,195.25789540163169,765
1044.0,3562,0,6,0,16.327555141143456,4.138405390230208,195.2974775276621,785
1045.0,3563,0,3,2,16.305075818342157,4.29497614369913,195.60593857572678,808
1046.0,3567,0,4,0,16.25875179848178,4.453602467059153,195.76028315320366,833
1047.0,3570,0,3,0,16.215145220485834,4.643977591036415,195.9713220008675,851
1048.0,3573,0,3,0,16.178716940684517,4.804086202071089,196.18600325362493,866
1049.0,3576,0,3,0,16.13249118250166,4.9812639821029085,196.40278310804607,884
1050.0,3579,0,4,1,16.080325685474445,5.158982956132998,196.61520231872305,905
1051.0,3579,0,0,0,16.0503459991075,5.31265716680637,197.0021746455963,924
1052.0,3582,0,3,0,16.02664118921388,5.489949748743719,197.22474992679247,946
1053.0,3584,0,2,0,16.003864915419456,5.657087053571429,197.50471196118792,954
1054.0,3586,0,3,1,15.993962555471507,5.804517568321249,197.7791276128868,973
1055.0,3587,0,2,1,15.94824008941473,5.944800669082799,197.99910814860274,977
1056.0,3592,0,5,0,15.92165778937348,6.099387527839643,198.1184379302391,987
1057.0,3591,0,1,2,15.89808541511305,6.259816207184628,198.35152975597836,999
1058.0,3593,0,4,2,15.877902196806165,6.349011967715001,198.60649495005012,1001
1059.0,3594,0,1,0,15.84347892307039,6.485531441291041,198.95362493287794,1011
1060.0,3599,0,5,0,15.820148068279792,6.71158655181995,199.08176613742384,1036
1061.0,3604,0,5,0,15.807125162578432,6.892341842397336,199.21055005688427,1037
1062.0,3607,0,3,0,15.75657715141409,7.085389520377045,199.45248269495843,1050
1063.0,3610,0,4,1,15.733538255915535,7.2903047091412745,199.58189224442225,1068
1064.0,3614,0,4,0,15.713969643517222,7.488931931377975,199.77153954344223,1075
1065.0,3618,0,4,0,15.698038634662469,7.689054726368159,199.9631752138158,1087
1066.0,3621,0,3,0,15.671325903875644,7.9411764705882355,200.21154326654974,1104
1067.0,3623,0,2,0,15.652360607799407,8.127794645321556,200.51651387772475,1111
1068.0,3624,0,2,1,15.628960091652939,8.33774834437086,200.87372599142637,1124
1069.0,3626,0,2,0,15.59656693618161,8.542746828461114,201.18163441545892,1133
1070.0,3631,0,5,0,15.580587717201633,8.73175433764803,201.32411873396805,1142
1071.0,3630,0,1,2,15.530932925828928,8.951515151515151,201.7571687589473,1143
1072.0,3630,0,0,0,15.477869861872097,9.171625344352616,202.1809065399109,1148
1073.0,3632,0,3,1,15.446580580059365,9.413546255506608,202.48730914133588,1162
1074.0,3633,0,2,1,15.400714106575899,9.609964216900632,202.84952825330646,1167
1075.0,3635,0,2,0,15.367702083960037,9.859972489683631,203.16780800942334,1180
1076.0,3637,0,2,0,15.339400347795165,10.100082485565027,203.48644297794826,1184
1077.0,3637,0,1,1,15.310534871416207,10.396205664008798,203.87650545570332,1200
1078.0,3644,0,9,2,15.285947518975112,10.60510428100988,203.88060857070633,1207
1079.0,3646,0,2,0,15.246763660464465,10.82309380142622,204.20302409369748,1212
1080.0,3645,0,2,3,15.205207369234925,11.07681755829904,204.58112470881136,1214
1081.0,3649,0,4,0,15.256530850370325,9.623184434091533,204.78794839787648,1067
1082.0,3651,0,2,0,15.356290021218406,8.65762804711038,205.09992957287866,968
1083.0,3653,0,3,1,15.488389476038824,7.994525047905831,205.3972224551867,892
1084.0,3659,0,7,1,15.654093822990292,7.365400382618201,205.4442400586662,825
1085.0,3660,0,1,0,15.832480980354374,6.960928961748634,205.77879665903072,777
1086.0,3659,0,0,1,16.00193315607869,6.653730527466521,206.19936486310223,745
1087.0,3662,0,4,1,16.16842020354701,6.413708356089568,206.37781950225335,717
1088.0,3664,0,2,0,16.31113044923236,6.201419213973799,206.62451273431623,694
1089.0,3669,0,5,0,16.418474879188636,6.048242027800491,206.69358169701488,680
1090.0,3673,0,4,0,16.507956267912427,5.947454396950722,206.8134695844225,676
1091.0,3678,0,5,0,16.563521819766578,5.875203915171289,206.87411074356137,672
1092.0,3681,0,4,1,16.61133082732437,5.859005704971475,207.0385397038331,673
1093.0,3685,0,6,2,16.67733523739382,5.830936227951153,207.134708629084,672
1094.0,3687,0,3,1,16.705286122864745,5.724708435042039,207.34892466728832,665
1095.0,3686,0,1,2,16.74194333457163,5.592240911557243,207.6943664114374,654
1096.0,3686,0,2,2,16.79113232226698,5.511665762344005,207.99493909879345,648
1097.0,3688,0,3,1,16.8196195683642,5.415943600867679,208.20070182944727,635
1098.0,3692,0,4,0,16.855341196342607,5.316359696641387,208.29635614257404,631
1099.0,3696,0,5,1,16.875124094382,5.189935064935065,208.38642123011502,618
1100.0,3700,0,4,0,16.873424686062318,5.115675675675676,208.48043734321953,618
1101.0,3702,0,2,0,16.884252107900075,5.061048082117774,208.68641180851307,612
1102.0,3705,0,3,0,16.903457290894107,4.965182186234818,208.83550003722763,605
1103.0,3709,0,4,0,16.920639425378155,4.896198436236182,208.9281993433817,602
1104.0,3715,0,6,0,16.95723739618355,4.868371467025572,208.90720574203493,608
1105.0,3716,0,2,1,16.950436587497,4.810279870828849,209.1605823702858,605
1106.0,3720,0,4,0,16.9469878659068,4.723924731182795,209.25311096778398,611
1107.0,3721,0,1,0,16.92194042519569,4.650094060736361,209.51592895044487,615
1108.0,3727,0,7,1,16.92012220351853,4.529648510866648,209.48963239264836,614
1109.0,3731,0,5,1,16.90290527536076,4.448941302599839,209.57917802796243,613
1110.0,3734,0,4,1,16.87931101638457,4.352972683449384,209.62330395056705,614
1111.0,3737,0,3,0,16.852827378575885,4.327267861921327,209.77950965329603,611
1112.0,3739,0,2,0,16.824650581705185,4.316394757956673,209.99318298570478,624
1113.0,3744,0,5,0,16.807456892949943,4.266826923076923,210.03980848739252,628
1114.0,3747,0,3,0,16.780894469635008,4.260208166533227,210.20010617040415,633
1115.0,3751,0,5,1,16.735571358787407,4.237003465742469,210.27823529502558,624
1116.0,3750,0,2,3,16.711220779721874,4.238666666666667,210.58465770735413,634
1117.0,3753,0,4,1,16.687560108966956,4.26378896882494,210.7429094506065,642
1118.0,3754,0,2,1,16.65782320290108,4.270378263185935,211.0158743947521,657
1119.0,3759,0,5,0,16.636592670422786,4.2947592444799145,211.07317412817824,667
1120.0,3759,0,1,1,16.59937829513766,4.330673051343442,211.40169579208617,671
1121.0,3763,0,5,1,16.569054671234657,4.352378421472229,211.42976629659975,682
1122.0,3765,0,2,0,16.50424528151937,4.425498007968128,211.66302877485157,692
1123.0,3767,0,2,0,16.46730130950242,4.447836474648261,211.89771869782572,698
1124.0,3770,0,3,0,16.407341642423983,4.503978779840849,212.08063040930193,712
1125.0,3769,0,0,1,16.348877297992647,4.5895462987529845,212.33062579368547,729
1126.0,3770,0,1,0,16.300607708904487,4.614588859416446,212.63271687886768,747
1127.0,3775,0,7,2,16.26033650911757,4.656953642384106,212.668826345824,752
1128.0,3776,0,1,0,16.214997576087594,4.740995762711864,212.97690124589488,766
1129.0,3778,0,4,2,16.15798024665735,4.82503970354685,213.14094340018772,783
1130.0,3784,0,6,0,16.118966880724507,4.892970401691332,213.17255941156273,793
1131.0,3792,0,8,0,16.069065865914958,5.00870253164557,213.09497053917934,814
1132.0,3791,0,0,1,16.009922137224837,5.064890530203113,213.48888187725356,830
1133.0,3790,0,1,2,15.944260681440635,5.214511873350924,213.90758488812256,854
1134.0,3793,0,5,2,15.886863629985026,5.359346163986291,213.99123816242127,869
1135.0,3797,0,5,1,15.827821287916183,5.495391098235449,214.1351258541765,889
1136.0,3801,0,5,1,15.784480951389734,5.643777953170218,214.25573395142598,909
1137.0,3803,0,2,0,15.760127153698662,5.8090980804627925,214.5335675422815,935
1138.0,3807,0,4,0,15.700802678007465,5.994483845547675,214.70116861246404,960
1139.0,3809,0,2,0,15.665976956125702,6.180624835914938,214.98419951826816,987
1140.0,3810,0,2,1,15.631825344079228,6.384514435695538,215.32079217536563,1011
1141.0,3817,0,7,0,15.608046238400117,6.533665182080168,215.32540414800516,1024
1142.0,3820,0,3,0,15.579075555742047,6.715968586387435,215.55736482417456,1044
1143.0,3822,0,2,0,15.571761111176075,6.895866038723182,215.84686640775533,1070
1144.0,3828,0,6,0,15.533898120738627,7.036311389759666,215.91236339402897,1074
1145.0,3827,0,0,1,15.485887624766479,7.202508492291612,216.3699246663312,1082
1146.0,3832,0,6,1,15.447514960587288,7.355167014613778,216.37159081494744,1086
1147.0,3835,0,3,0,15.402640025233374,7.5374185136897,216.6136193340161,1104
1148.0,3838,0,4,1,15.376943664426314,7.742053152683689,216.84941784259095,1120
1149.0,3840,0,3,1,15.35113347401303,7.9703125,217.1478699913082,1137
1150.0,3843,0,3,0,15.317311255539522,8.160291438979964,217.39568056210015,1146
1151.0,3845,0,5,3,15.298336286691304,8.353185955786737,217.54316504530632,1152
1152.0,3850,0,5,0,15.283426814745804,8.524415584415584,217.68065833654123,1166
1153.0,3852,0,4,2,15.273263318149375,8.701973001038422,217.9803526948343,1174
1154.0,3856,0,4,0,15.267486793372088,8.867219917012449,218.1760187487535,1185
1155.0,3860,0,4,0,15.24798779891097,9.091968911917098,218.3728054713371,1195
1156.0,3863,0,3,0,15.219849699145094,9.283717318146518,218.62736564594135,1208
1157.0,3866,0,4,1,15.191431152587601,9.523021210553544,218.87110411620168,1215
1158.0,3871,0,5,0,15.163475763094889,9.707827434771376,219.01636375894213,1216
1159.0,3872,0,3,2,15.124236800151229,9.949380165289256,219.33382342894717,1221
1160.0,3878,0,7,1,15.080291892090585,10.146209386281589,219.3690368826333,1228
1161.0,3878,0,2,2,15.024773808782214,10.396854048478597,219.74585189868174,1241
1162.0,3882,0,5,1,14.980682845979544,10.638588356517259,219.90299069514836,1251
1163.0,3885,0,4,1,14.964096681103667,10.87927927927928,220.16461352730752,1266
1164.0,3889,0,5,1,14.924556668711602,11.134739007456929,220.37122879911254,1286
1165.0,3889,0,1,1,14.897560105664464,11.396245821547955,220.7589908892381,1293
1166.0,3891,0,2,0,14.881283834336706,11.675404780262143,221.0879571212616,1310
1167.0,3893,0,3,1,14.860148884413,11.951965065502183,221.40925160015067,1325
1168.0,3898,0,5,0,14.84590883554555,12.224730631092868,221.57078368424504,1336
1169.0,3899,0,3,2,14.827784389702035,12.519107463452167,221.94001787882476,1344
1170.0,3901,0,4,2,14.823358689699155,12.798513201743143,222.2073870701735,1352
1171.0,3903,0,3,1,14.914602189071738,11.30053804765565,222.48400465929615,1204
1172.0,3906,0,4,1,15.050474996158904,10.260112647209422,222.70352880412491,1090
1173.0,3906,0,1,1,15.218830890211855,9.502304147465438,223.07277069628952,1010
1174.0,3906,0,2,2,15.380361474538786,8.938812083973374,223.4547894515012,944
1175.0,3910,0,4,0,15.562973407619435,8.536317135549872,223.62438206451978,899
1176.0,3909,0,2,3,15.713125650773284,8.273727295983628,224.02745724119566,857
1177.0,3909,0,1,1,15.885745369407772,8.024047070862114,224.39633709806387,820
1178.0,3918,0,9,0,16.057487161837763,7.871107708014293,224.2464552675918,795
1179.0,3921,0,3,0,16.179030362018167,7.7401173170109665,224.43279965290637,778
1180.0,3924,0,4,1,16.275031850861886,7.598623853211009,224.60120484199342,766
1181.0,3925,0,4,3,16.356360683805065,7.471592356687898,224.85768914500161,755
1182.0,3926,0,3,2,16.432220197391644,7.313295975547631,225.11280846916748,751
1183.0,3927,0,4,3,16.480962072189737,7.092691622103387,225.3367730903206,729
1184.0,3929,0,4,2,16.5164931884799,6.999236446933062,225.4692069171135,727
1185.0,3931,0,3,1,16.569869484696987,6.86797252607479,225.64493717159112,720
1186.0,3934,0,5,2,16.58228294748337,6.799694966954753,225.73201951392736,716
1187.0,3934,0,3,3,16.588056400912492,6.66395526182003,226.02214500139488,713
1188.0,3939,0,6,1,16.609346078707134,6.550901243970551,226.01200270027638,705
1189.0,3940,0,3,2,16.607430385868813,6.469035532994924,226.18537969073725,704
1190.0,3943,0,4,1,16.62993800742163,6.390565559218869,226.29944833638152,711
1191.0,3946,0,3,0,16.648772593765067,6.3446528129751645,226.45468450667144,709
1192.0,3951,0,5,0,16.670136441731024,6.229309035687168,226.49427650852377,702
1193.0,3956,0,6,1,16.679128863117118,6.1066734074823055,226.5294432432742,692
1194.0,3960,0,5,1,16.684736335948635,5.991161616161616,226.62319271043097,687
1195.0,3961,0,1,0,16.684531398012286,5.881595556677607,226.8911902015334,675
1196.0,3967,0,6,0,16.68205366099347,5.7375850768842955,226.8742568809299,667
1197.0,3970,0,3,0,16.69335566523472,5.668513853904282,227.02881666736982,671
1198.0,3972,0,2,0,16.69168542993888,5.576787512588117,227.2404551955019,670
1199.0,3976,0,4,0,16.68867546304379,5.520623742454728,227.3384433315583,666
1200.0,3975,0,0,1,16.67365350854088,5.4596226415094335,227.55098196838142,667
1201.0,3976,0,3,2,16.649699674416333,5.382042253521127,227.77817940323314,670
1202.0,3977,0,2,1,16.548612698491883,5.324113653507669,228.0421098825954,679
1203.0,3981,881,6,2,16.499842470410904,5.257221803566943,228.13890507760001,673
1204.0,3982,0,2,1,16.46107790470938,5.236815670517328,228.41418028798878,666
1205.0,3985,0,3,0,16.423080821623824,5.225846925972396,228.58092054381294,672
1206.0,3985,0,1,1,16.396139258628082,5.169887076537014,228.9182807659074,683
1207.0,3985,0,2,2,16.359754692687428,5.119949811794228,229.24797975390499,690
1208.0,3987,0,2,0,16.29944262977176,5.105843992977176,229.47827101684584,696
1209.0,3990,0,3,0,16.23727563802803,5.065914786967419,229.6531205266613,702
1210.0,3995,0,5,0,16.198198520080627,5.047809762202753,229.71533747101458,711
1211.0,3995,0,0,0,16.130449498440473,5.078097622027534,230.06784973653438,719
1212.0,3999,0,4,0,16.070245987418918,5.126531632908227,230.1927529259242,731
1213.0,4002,0,3,0,15.992109525674568,5.182408795602199,230.3788453317716,749
1214.0,4004,0,5,3,15.921430394472795,5.202547452547453,230.49695274290374,759
1215.0,4004,0,1,1,15.829688454396893,5.256993006993007,230.81271283652626,767
1216.0,4003,0,1,2,15.736678905013768,5.268298775918061,231.22996672210323,776
1217.0,4004,0,2,1,15.670392073870966,5.348651348651349,231.50714192566383,782
1218.0,4003,0,0,1,15.602139799769665,5.408443667249563,231.86262281989374,813
1219.0,4002,0,1,2,15.521993740952722,5.492503748125937,232.27069410621988,838
1220.0,4006,0,4,0,15.453166986070721,5.561657513729406,232.42460188154593,856
1221.0,4008,0,4,2,15.37750512293305,5.6187624750499,232.67827231290204,880
1222.0,4016,0,9,1,15.335903148986965,5.724601593625498,232.57731548154007,899
1223.0,4020,0,6,2,15.28393877417451,5.88134328358209,232.7283313276077,922
1224.0,4025,0,5,0,15.225366116360444,5.999751552795031,232.83704515477908,952
1225.0,4025,0,1,1,15.16014281575718,6.133664596273292,233.20282094716788,976
1226.0,4026,0,2,1,15.089104370838758,6.248882265275708,233.52887487610678,989
1227.0,4025,0,3,4,15.017819395825397,6.405962732919255,233.93169043077833,1013
1228.0,4028,0,4,1,14.946532007953333,6.589374379344588,234.1337153856898,1035
1229.0,4033,0,5,0,14.88767726269797,6.779816513761468,234.261097909371,1056
1230.0,4035,0,3,1,14.81554097810456,6.948946716232961,234.5628297579702,1087
1231.0,4035,0,0,0,14.736121186260068,7.1048327137546465,234.98893742271846,1114
1232.0,4034,0,0,1,14.663191807280349,7.30466038671294,235.3761954928383,1131
1233.0,4038,0,4,0,14.59020561156767,7.487617632491332,235.5784229090106,1152
1234.0,4044,0,6,0,14.579575281410728,7.667655786350148,235.6654208783225,1167
1235.0,4047,0,4,1,14.520116345503517,7.850259451445515,235.92471571226883,1185
1236.0,4049,0,4,2,14.47744899147936,8.030130896517658,236.2185377480494,1204
1237.0,4052,0,4,1,14.436220903796755,8.22482724580454,236.44712205739933,1222
1238.0,4054,0,3,1,14.392115403670802,8.435125801677355,236.7675648146134,1245
1239.0,4054,0,1,1,14.351213648730633,8.672915638875185,237.18397070694752,1264
1240.0,4055,0,2,1,14.312768301031275,8.88976572133169,237.53509296124687,1282
1241.0,4055,0,3,3,14.279067784223017,9.10727496917386,237.96719463037869,1295
1242.0,4058,0,4,1,14.25307427824631,9.305569245933958,238.20571327147306,1308
1243.0,4057,0,1,2,14.22564810291729,9.555582943061376,238.69901986215322,1326
1244.0,4061,0,6,2,14.187810487203626,9.777640975129279,238.88727609003797,1335
1245.0,4061,0,2,2,14.148513295038374,10.02437823196257,239.33392000072206,1346
1246.0,4061,0,0,0,14.102459695682706,10.263728145776902,239.79635417314324,1370
1247.0,4065,0,5,1,14.088069119365638,10.514145141451415,240.00602875625722,1384
1248.0,4066,0,3,2,14.0554627759975,10.77816035415642,240.39413765499933,1396
1249.0,4066,0,3,3,14.010221366716967,11.041318248893262,240.76267700147636,1402
1250.0,4071,0,5,0,13.978360350104047,11.318840579710145,240.93449705864106,1419
1251.0,4070,0,2,3,13.928995476851306,11.611302211302212,241.3584929242312,1430
1252.0,4069,0,1,2,13.878074042259424,11.895797493241583,241.78930033167956,1445
1253.0,4074,0,6,1,13.888041894302974,12.169121256750122,241.96246294121346,1459
1254.0,4076,0,3,1,13.840822968158644,12.486261040235526,242.31559436344108,1478
1255.0,4080,0,6,2,13.783016155798686,12.782107843137254,242.5421659295904,1494
1256.0,4089,0,9,0,13.742755209879352,13.058938615798484,242.4878843165816,1504
1257.0,4098,0,9,0,13.717316509405842,13.340653977550025,242.43621288857295,1522
1258.0,4098,0,3,3,13.653984563462673,13.6800878477306,242.83638627855416,1543
1259.0,4100,0,2,0,13.61176901799753,13.994878048780487,243.20443795941608,1563
1260.0,4104,0,4,0,13.574659465778689,14.317982456140351,243.45553878743246,1572
1261.0,4107,0,3,0,13.64259264997102,12.848551253956659,243.7607537767391,1399
1262.0,4110,0,3,0,13.747487077310248,11.81970802919708,244.05724123605108,1282
1263.0,4114,0,5,1,13.897027348815918,11.178172095284395,244.27275048937273,1199
1264.0,4118,0,4,0,14.064440307036868,10.637688198154445,244.48877788495858,1141
1265.0,4120,0,2,0,14.212546605466,10.292718446601942,244.81258436736266,1092
1266.0,4120,0,0,0,14.377214116243676,9.908495145631068,245.24315609291088,1045
1267.0,4127,0,7,0,14.563706199649669,9.564332444875213,245.24519684634674,1009
1268.0,4129,0,2,0,14.723576125547853,9.299346088641318,245.53362697933682,987
1269.0,4131,0,2,0,14.837103537492716,9.13047688211087,245.8155598059694,961
1270.0,4137,0,6,0,14.951428000992482,8.978245105148659,245.85241025696845,941
1271.0,4142,0,5,0,15.053264078019103,8.849589570255915,245.94275918239725,934
1272.0,4141,0,2,3,15.127183358236936,8.734363680270466,246.33870651424226,927
1273.0,4147,0,6,0,15.20528242391206,8.67301663853388,246.36108917027153,921
1274.0,4152,0,7,2,15.262228997019486,8.52456647398844,246.35334140067755,916
1275.0,4159,0,8,1,15.299373931008216,8.364029814859341,246.30775405919812,908
1276.0,4161,0,4,2,15.318917080064853,8.213410237923576,246.5395381331153,890
1277.0,4165,0,4,0,15.340044749395558,8.100360144057623,246.6743309426021,878
1278.0,4166,0,1,0,15.33593340933441,7.973355736917907,246.98623559133284,870
1279.0,4167,0,1,0,15.346061235317228,7.839212862970962,247.29772425012322,872
1280.0,4168,0,1,0,15.359101579392174,7.702735124760077,247.60831390999326,856
1281.0,4168,0,0,0,15.369129269679485,7.554702495201536,247.9785637249037,858
1282.0,4171,0,3,0,15.37732815829987,7.45025173819228,248.17050652774267,864
1283.0,4175,0,5,1,15.370989691998806,7.356167664670659,248.29420928670083,862
1284.0,4176,0,2,1,15.37477974725002,7.329022988505747,248.60225400802216,865
1285.0,4180,0,4,0,15.366845874747762,7.2631578947368425,248.73489118423893,866
1286.0,4181,0,1,0,15.375459795851405,7.066252092800766,249.04539483682032,852
1287.0,4181,0,2,2,15.390419774245695,6.954317149007415,249.36572154436072,856
1288.0,4184,0,3,0,15.39585546331264,6.82887189292543,249.55690889847705,850
1289.0,4188,0,4,0,15.384423297515893,6.683619866284623,249.68947398225168,849
1290.0,4192,0,5,1,15.36891772500206,6.521708015267175,249.81650055541414,840
1291.0,4194,0,3,1,15.338444381747758,6.3879351454458755,249.95627880966944,839
1292.0,4197,0,3,0,15.307747264008633,6.354062425542054,250.15127072817126,838
1293.0,4202,0,5,0,15.272593131864243,6.2434554973821985,250.2295878971324,833
1294.0,4204,0,2,0,15.243351561272338,6.226688867745005,250.48825946319596,841
1295.0,4206,0,4,2,15.206129136960135,6.179505468378507,250.6310857585966,845
1296.0,4211,0,6,1,15.188290777215943,6.127523153645215,250.67113455161655,845
1297.0,4212,0,3,2,15.179124407700892,6.061490978157645,250.97181494969053,853
1298.0,4215,0,4,1,15.149292393639218,5.982918149466192,251.17009064978666,866
1299.0,4217,0,2,0,15.106586983803265,5.915105525254921,251.4382142827418,870
1300.0,4221,0,4,0,15.059225744394572,5.837953091684435,251.59030570877172,873
1301.0,4221,0,3,3,14.99808043273745,5.795072257758825,251.87606331469377,887
1302.0,4223,0,3,1,14.931041032597607,5.781434998816008,252.12902496973334,901
1303.0,4226,0,3,0,14.875543903042633,5.753194510175106,252.34981296580742,915
1304.0,4225,0,1,2,14.804609273433131,5.779171597633136,252.75847253535142,927
1305.0,4230,0,6,1,14.731695941788283,5.811820330969267,252.86421897768778,951
1306.0,4235,0,5,0,14.686135294787391,5.778984651711925,252.97609520170985,962
1307.0,4239,0,4,0,14.64993449185405,5.759849020995518,253.15032787477,980
1308.0,4238,0,0,1,14.608812761177719,5.8445021236432275,253.6218203280283,993
1309.0,4242,0,4,0,14.576197101504803,5.876001885902876,253.799779715326,1019
1310.0,4245,0,3,0,14.524645575659061,5.92791519434629,254.04092687303097,1036
1311.0,4249,0,4,0,14.490489732166115,6.004000941397976,254.22347002965134,1065
1312.0,4251,0,3,1,14.46974319846237,6.076217360621031,254.52387762272758,1077
1313.0,4254,0,4,1,14.447485570117793,6.269628584861307,254.7478559830507,1098
1314.0,4257,0,3,0,14.417854599286848,6.369978858350952,254.99620827239514,1125
1315.0,4259,0,3,1,14.406558593437252,6.540032871566095,255.29993315606933,1152
1316.0,4261,0,2,0,14.373442161709644,6.684581084252523,255.61176327251326,1172
1317.0,4260,0,1,2,14.360487832617764,6.887089201877934,256.0908841954722,1197
1318.0,4265,0,5,0,14.330784322443868,7.064947245017585,256.2268554800436,1220
1319.0,4267,0,2,0,14.303806063619648,7.26927583782517,256.54529927300416,1250
1320.0,4273,0,7,1,14.272333926365661,7.513690615492628,256.61629688360574,1280
1321.0,4274,0,2,1,14.238789148217561,7.712447356106692,256.9855242207439,1298
1322.0,4276,0,4,2,14.208248656314906,7.9073900841908324,257.28638978356827,1317
1323.0,4277,0,3,2,14.15811449376103,8.119710077156885,257.56983166918945,1337
1324.0,4280,0,3,0,14.132173900236898,8.28551401869159,257.8421679077521,1351
1325.0,4280,0,3,3,14.084130761206788,8.48411214953271,258.25030034594784,1357
1326.0,4287,0,8,1,14.030853675694987,8.6876603685561,258.2486068368842,1373
1327.0,4292,0,6,1,13.988678753602434,8.894920782851818,258.40298991347396,1390
1328.0,4296,0,4,0,13.948481516336182,9.118947858472998,258.624624002501,1401
1329.0,4297,0,4,3,13.888647475193727,9.352338841051896,258.75047706024225,1423
1330.0,4300,0,4,1,13.842226743523549,9.586046511627908,258.9178352638035,1435
1331.0,4303,0,4,1,13.798658576870446,9.822449453869394,259.20064495945775,1446
1332.0,4309,0,6,0,13.760098360276505,10.049199350197261,259.3113365290981,1454
1333.0,4310,0,2,1,13.709451891029847,10.335034802784223,259.617141786366,1467
1334.0,4314,0,4,0,13.672967899137854,10.585999072786278,259.85239927863523,1485
1335.0,4317,0,3,0,13.643237805734538,10.84503127171647,260.14887965564174,1496
1336.0,4318,0,2,1,13.620412897136877,11.131310792033348,260.56379332160407,1517
1337.0,4318,0,4,4,13.588105703647452,11.442102825382122,261.02295209449005,1528
1338.0,4321,0,5,2,13.544659069526894,11.737560749826429,261.22071097195595,1549
1339.0,4323,0,3,1,13.513669451084947,12.030071709461023,261.56620673711615,1557
1340.0,4322,0,1,2,13.482742579773527,12.334335955576123,262.0535995228821,1572
1341.0,4323,0,2,1,13.462263566761868,12.654175341198242,262.46572805864236,1588
1342.0,4323,0,4,4,13.428536906931079,12.973629424011103,262.6902734813653,1605
1343.0,4321,0,0,2,13.411467466037964,13.299699143716733,263.2514877181579,1616
1344.0,4321,0,3,3,13.396709310886614,13.61004397130294,263.6778635830758,1623
1345.0,4321,0,2,2,13.368497898389126,13.938671603795418,264.0566384012646,1636
1346.0,4323,0,3,1,13.330500754274677,14.264631043256998,264.3484630101807,1657
1347.0,4325,0,2,0,13.29349681335898,14.590982658959538,264.7224723407556,1659
1348.0,4328,0,4,1,13.24719612399929,14.935073937153419,265.01430400835847,1676
1349.0,4330,0,2,0,13.20777121476093,15.276674364896074,265.3935622005712,1687
1350.0,4333,0,3,0,13.163243848204484,15.621970920840065,265.7140212038267,1702
1351.0,4336,0,3,0,13.222566879466173,14.232241697416974,266.0299739820133,1539
1352.0,4336,0,1,1,13.32775689918896,13.38261070110701,266.4947694336203,1421
1353.0,4336,0,2,2,13.447833667476589,12.699492619926199,266.96113015004073,1324
1354.0,4339,0,4,1,13.629287955093925,12.190596911730813,267.2086328307073,1264
1355.0,4340,0,3,2,13.79506706849072,11.826267281105991,267.4518978224521,1205
1356.0,4347,0,7,0,13.98979015462535,11.53715205889119,267.4675546353503,1158
1357.0,4349,0,4,2,14.163220018018839,11.326971717636239,267.7245754415668,1130
1358.0,4351,0,2,0,14.330729655417521,11.116065272351184,268.0248887905327,1094
1359.0,4353,0,2,0,14.451854915875002,10.955662761314036,268.31651514325154,1075
1360.0,4357,0,5,1,14.546515558713615,10.819600642644021,268.473986238551,1047
1361.0,4357,0,0,0,14.628130742249617,10.811108560936423,268.87587293512007,1043
1362.0,4359,0,2,0,14.68792111935669,10.751777930718054,269.14958980109776,1021
1363.0,4363,0,5,1,14.760603708550919,10.729085491634196,269.2915185812337,1016
1364.0,4366,0,4,1,14.81305975394922,10.66903344021988,269.4919357461842,1015
1365.0,4364,0,1,3,14.837343498652547,10.643904674610448,269.84541637600773,1002
1366.0,4366,0,2,0,14.883348078754729,10.49358680714613,270.10548751791845,992
1367.0,4366,0,1,1,14.92037010192449,10.488089784699953,270.39535004063373,977
1368.0,4369,0,3,0,14.969114980216327,10.477454795147631,270.5889800027455,982
1369.0,4374,0,5,0,14.989523726688933,10.491998171010517,270.65801095497113,980
1370.0,4374,0,1,1,14.979731618509469,10.429126657521719,271.02773092212345,966
1371.0,4376,0,2,0,14.969726265229676,10.36928702010969,271.2829733568215,970
1372.0,4377,0,3,2,14.949859079316697,10.355723098012337,271.5759081302593,963
1373.0,4380,0,3,0,14.932339425868928,10.32123287671233,271.7706853223974,972
1374.0,4383,0,4,1,14.917011558948271,10.284964636094,271.831913512389,966
1375.0,4381,0,0,2,14.87788553422697,10.292627254051586,272.1294779383852,966
1376.0,4384,0,4,1,14.84967244552652,10.22536496350365,272.3173510302985,963
1377.0,4388,0,4,0,14.820698254940883,10.19211485870556,272.4559414039424,969
1378.0,4390,0,3,1,14.807420032789224,10.119589977220956,272.69284589444317,966
1379.0,4390,0,0,0,14.78062564818326,10.081548974943052,273.0810947365113,968
1380.0,4394,0,6,2,14.760879709689732,10.04688211197087,273.0818921458632,967
1381.0,4397,0,4,1,14.740981694993948,10.059358653627474,273.1623580856252,976
1382.0,4398,0,4,3,14.721660092404912,10.078672123692588,273.4072514278441,977
1383.0,4401,0,5,2,14.695821113325955,10.099522835719155,273.58518248602985,984
1384.0,4404,0,4,1,14.669194514060903,10.096276112624887,273.7900481617704,974
1385.0,4402,0,0,2,14.644478246853245,10.132439800090868,274.26031808248257,973
1386.0,4403,0,2,1,14.615829263474563,10.178060413354531,274.56418636446296,976
1387.0,4406,0,3,0,14.595492097824732,10.215615070358602,274.77595078196697,981
1388.0,4408,0,2,0,14.560884676492478,10.246370235934664,275.05212223526263,992
1389.0,4410,0,5,3,14.51088389092788,10.326757369614512,275.20449718908844,1017
1390.0,4410,0,2,2,14.461761086959827,10.395238095238096,275.5755640731937,1034
1391.0,4410,0,0,0,14.428917289904808,10.479138321995466,275.98270822734247,1053
1392.0,4414,0,6,2,14.377765417051934,10.592659719075668,276.1023623206237,1064
1393.0,4414,0,1,1,14.334269163966809,10.732442229270504,276.4558855071142,1079
1394.0,4417,0,4,1,14.274712876535762,10.833597464342313,276.67898923265875,1091
1395.0,4417,0,1,1,14.206601614181134,10.934570975775413,277.0669909875287,1098
1396.0,4419,0,2,0,14.176921489303552,10.940936863543788,277.36537428185284,1101
1397.0,4422,0,3,0,14.163512114034418,10.965174129353233,277.60168923777456,1104
1398.0,4425,0,3,0,14.141807869989757,11.100790960451977,277.8405548687862,1141
1399.0,4427,0,2,0,14.108416223490098,11.227919584368648,278.1436061261636,1160
1400.0,4429,0,3,1,14.077336178458857,11.327387672160759,278.4064288861933,1171
1401.0,4429,0,2,2,14.011381180707845,11.450891849175886,278.82557352837864,1184
1402.0,4430,0,2,1,13.974164797837071,11.57313769751693,279.19192290022977,1201
1403.0,4433,849,3,0,13.933384731820587,11.68147981051207,279.4421593546173,1222
1404.0,4435,0,3,1,13.876945656340228,11.791657271702368,279.7547854555845,1255
1405.0,4436,0,2,1,13.829832928947853,11.930568079350767,280.08757595533797,1278
1406.0,4439,0,5,2,13.771561233461371,12.100022527596305,280.31832164194805,1298
1407.0,4442,0,3,0,13.712119352655195,12.289734353894643,280.5811091235755,1327
1408.0,4444,0,5,3,13.670275027680315,12.490099009900991,280.7979916225119,1356
1409.0,4444,0,1,1,13.616668831552696,12.674392439243924,281.2032067314136,1381
1410.0,4447,0,5,2,13.575892635929964,12.871373959973015,281.44977371402007,1388
1411.0,4446,0,1,2,13.516004473133771,13.00629779577148,281.9626198182573,1400
1412.0,4446,0,3,3,13.465685599363118,13.143499775078723,282.3960147596566,1416
1413.0,4450,0,4,0,13.428082457098222,13.361573033707865,282.6099338811958,1437
1414.0,4451,0,2,1,13.379575354126963,13.506178386879354,283.00158857265586,1445
1415.0,4455,0,4,0,13.328894308684944,13.665768799102132,283.2203711098913,1466
1416.0,4454,0,2,3,13.261846874115054,13.82622361921868,283.63009142434333,1483
1417.0,4454,0,1,1,13.221371042108856,14.018859452177818,284.1016542127909,1508
1418.0,4456,0,3,1,13.18857137060706,14.176391382405745,284.4366330389027,1522
1419.0,4457,0,3,2,13.149795508110952,14.383890509311195,284.8011757934017,1536
1420.0,4458,0,3,2,13.115282027802778,14.57895917451772,285.203992389604,1551
1421.0,4460,0,2,0,13.104138563689736,14.780941704035875,285.56425845350213,1559
1422.0,4464,0,5,1,13.07121234242271,14.963933691756273,285.7884434792319,1570
1423.0,4462,0,0,2,13.017249739722484,15.195203944419543,286.2868766320934,1584
1424.0,4463,0,3,2,12.992432031585409,15.41429531705131,286.6967481696012,1600
1425.0,4466,0,4,1,12.973023003079879,15.6307657859382,286.99473558311735,1624
1426.0,4469,0,4,1,12.960055804502435,15.881405236070709,287.2648318999536,1633
1427.0,4467,0,0,2,12.92086749644188,16.148645623460936,287.8821792696934,1651
1428.0,4467,0,3,3,12.88824245208941,16.411237967315873,288.3612954127999,1651
1429.0,4467,0,3,3,12.854087693203562,16.65099619431386,288.7427414206283,1662
1430.0,4468,0,2,1,12.816626472555189,16.942927484333033,289.1474478804271,1673
1431.0,4467,0,2,3,12.779259376073247,17.20192522946049,289.5658427226798,1676
1432.0,4468,0,2,1,12.748382755223869,17.45993733213966,289.9561872270718,1688
1433.0,4468,0,1,1,12.7132021392902,17.739704565801254,290.39048681065583,1700
1434.0,4470,0,3,1,12.682709785139998,18.01096196868009,290.67920702017244,1708
1435.0,4473,0,3,0,12.654124991547725,18.3040465012296,290.99709987017275,1730
1436.0,4476,0,3,0,12.626749322511067,18.56769436997319,291.31629062402584,1735
1437.0,4476,0,1,1,12.589717421859504,18.845397676496873,291.80070926176165,1743
1438.0,4476,0,2,2,12.567036688649871,19.122207327971402,292.3076473516185,1754
1439.0,4475,0,1,2,12.534497084661401,19.43486033519553,292.88360724959364,1767
1440.0,4477,0,2,0,12.50060973630063,19.732186732186733,293.27492020664,1781
1441.0,4483,0,8,2,12.5621052168087,18.26745482935534,293.36219659331243,1598
1442.0,4486,0,5,2,12.663982419684142,17.341061078912173,293.5845535274636,1477
1443.0,4485,0,0,1,12.8039989847708,16.712820512820514,294.1096873156126,1391
1444.0,4488,0,4,1,12.988328348055374,16.176470588235293,294.2701155377753,1316
1445.0,4488,0,0,0,13.164406711804423,15.776960784313726,294.7460315307405,1261
1446.0,4491,0,3,0,13.369855821377197,15.419505678022713,295.0125317676367,1223
1447.0,4490,0,0,1,13.540547368796533,15.149443207126948,295.5198135632359,1186
1448.0,4493,0,3,0,13.68840305876932,14.946361006009347,295.76419461834996,1158
1449.0,4492,0,1,2,13.801539928316142,14.77760463045414,296.17603893000853,1149
1450.0,4495,0,3,0,13.9134819339895,14.637597330367074,296.40664455338276,1128
1451.0,4497,0,3,1,14.003804637950395,14.516788970424727,296.664466008008,1126
1452.0,4501,0,4,0,14.092772696361095,14.370584314596757,296.817527424209,1108
1453.0,4505,0,4,0,14.174488858928974,14.265704772475027,296.9650311748311,1101
1454.0,4508,0,5,2,14.205056573282853,14.11401952085182,297.033801635236,1085
1455.0,4514,0,8,2,14.235744125014715,13.970093043863535,296.99704742834524,1089
1456.0,4517,0,3,0,14.260114935534274,13.886871817578038,297.206040845717,1084
1457.0,4523,0,6,0,14.281180917445768,13.757904045987177,297.2174994389566,1077
1458.0,4523,0,1,1,14.283793511853807,13.69489277028521,297.6187610905636,1075
1459.0,4527,0,4,0,14.306519170711608,13.647227744643251,297.75999253907503,1069
1460.0,4531,0,5,1,14.331403271507472,13.551092474067534,297.8617931093107,1056
1461.0,4536,0,6,1,14.355619435597614,13.459435626102293,297.92755094248673,1046
1462.0,4538,0,4,2,14.344774932521224,13.411194358748347,298.10784760482557,1043
1463.0,4538,0,0,0,14.356500583735585,13.336491846628471,298.50915146665596,1033
1464.0,4540,0,3,1,14.343546161585728,13.248898678414097,298.773759286022,1026
1465.0,4542,0,2,0,14.361405958267795,13.189123734037869,299.04360315168566,1028
1466.0,4545,0,5,2,14.372941280679454,13.075247524752475,299.0391711059352,1027
1467.0,4545,0,2,2,14.355742788274593,13.019361936193619,299.42824020507373,1029
1468.0,4546,0,2,1,14.351478235614119,13.040035195776507,299.7421313171605,1041
1469.0,4549,0,4,1,14.355087074459052,13.029676852055397,299.90372588524747,1049
1470.0,4549,0,2,2,14.35238446662244,12.911848757968784,300.2926132629619,1059
1471.0,4551,0,3,1,14.32676056492264,12.862228081740277,300.55095410216626,1053
1472.0,4553,0,3,1,14.299424405520394,12.789369646386998,300.78704554497267,1054
1473.0,4553,0,3,3,14.25831766720153,12.761036679112673,300.96681017631795,1052
1474.0,4549,0,1,5,14.224226568234384,12.728072103759068,301.4047424788318,1048
1475.0,4551,0,3,1,14.196883769759902,12.632388486047022,301.6767343784976,1038
1476.0,4555,0,4,0,14.179525158074542,12.596706915477498,301.8230915293563,1048
1477.0,4555,0,0,0,14.147254082373621,12.596926454445665,302.23742367690375,1054
1478.0,4560,0,5,0,14.129945893659603,12.535964912280702,302.32140161052604,1069
1479.0,4561,0,2,1,14.094741512980068,12.510414382810787,302.66565813385836,1079
1480.0,4562,0,3,2,14.042152210275729,12.509425690486628,302.9959318762629,1086
1481.0,4565,0,3,0,13.97441433737491,12.52420591456736,303.2221726677543,1106
1482.0,4568,0,3,0,13.90614560652295,12.541155866900175,303.45250171235745,1127
1483.0,4570,0,3,1,13.841055920045555,12.609190371991247,303.724276836305,1145
1484.0,4573,0,5,2,13.773674710861178,12.700196807347474,303.88676336360595,1179
1485.0,4574,0,2,1,13.707417258631155,12.794271972015741,304.14322872441176,1192
1486.0,4573,0,1,2,13.611482659583139,12.82178001312049,304.6214831211164,1211
1487.0,4575,0,2,0,13.550872527659065,12.853989071038251,304.9371397330291,1239
1488.0,4575,0,2,2,13.483460221029723,12.985136612021858,305.37352580581,1260
1489.0,4578,0,4,1,13.43715953005396,13.021406727828746,305.55963614361656,1272
1490.0,4582,0,4,0,13.397094658825614,13.078786556089044,305.74970259773556,1295
1491.0,4584,0,3,1,13.352523484663163,13.171247818499127,306.06544878904276,1322
1492.0,4587,0,5,2,13.322217452120624,13.325703073904513,306.2943273709522,1342
1493.0,4589,0,4,2,13.29690593584189,13.508389627369798,306.5147072401589,1366
1494.0,4591,0,4,2,13.256791372968829,13.714659115661076,306.82467132476063,1389
1495.0,4596,0,5,0,13.200505767415141,13.889033942558747,306.9578925650932,1412
1496.0,4595,0,1,2,13.140629761589025,14.100108813928182,307.3991445727631,1428
1497.0,4600,0,5,0,13.098847042514272,14.302173913043479,307.5394981173398,1451
1498.0,4602,0,3,1,13.046972463646789,14.528248587570621,307.83745668662345,1478
1499.0,4606,0,4,0,13.008466017521169,14.737950499348676,308.0496173820295,1501
1500.0,4608,0,4,2,12.954785373139272,14.99240451388889,308.33749318786045,1533
1501.0,4609,0,2,1,12.911673093023563,15.15860273378173,308.7527425781268,1551
1502.0,4609,0,2,2,12.898444288726242,15.336732479930571,309.22499082439197,1564
1503.0,4611,0,4,2,12.878720634748806,15.53220559531555,309.5231361105915,1577
1504.0,4613,0,4,2,12.854741576018274,15.697376978105355,309.82574215698907,1597
1505.0,4614,0,3,2,12.835085489553341,15.86150845253576,310.1497593241389,1609
1506.0,4616,0,4,2,12.816560174005367,16.023180242634314,310.4730198037923,1605
1507.0,4621,0,5,0,12.800419731331536,16.227872754814975,310.6328086156689,1623
1508.0,4619,0,1,3,12.770340313225418,16.45919030093094,311.2201132418654,1647
1509.0,4620,0,2,1,12.751103790298929,16.671645021645023,311.60024789823433,1658
1510.0,4622,0,3,1,12.737747955244844,16.87927304197317,311.9230909596411,1676
1511.0,4625,0,5,2,12.727566682812165,17.06854054054054,312.02528714498214,1689
1512.0,4630,0,6,1,12.737371768527503,17.280561555075593,312.0869617023863,1700
1513.0,4630,0,3,3,12.71760781742142,17.481641468682504,312.5241811748403,1716
1514.0,4626,0,1,5,12.680017956413963,17.700605274535235,313.11320061311227,1716
1515.0,4628,0,2,0,12.651784703588623,17.901253241140882,313.48398941305095,1728
1516.0,4630,0,2,0,12.639530745453138,18.12937365010799,313.8551858408697,1742
1517.0,4631,0,2,1,12.61089578947081,18.326495357374217,314.24467184142975,1747
1518.0,4633,0,3,1,12.581544293498641,18.55730628102741,314.61641028356837,1757
1519.0,4635,0,3,1,12.555958018489523,18.74584681769148,314.9507890941292,1758
1520.0,4635,0,1,1,12.536756118174837,19.00755124056095,315.3601898821043,1765
1521.0,4637,0,2,0,12.524199236435312,19.246711235712745,315.7377424836712,1775
1522.0,4640,0,4,1,12.511240480992129,19.501293103448276,315.94521010130995,1790
1523.0,4642,0,3,1,12.484950337500395,19.79276174062904,316.1815296703969,1801
1524.0,4638,0,0,4,12.430922492017949,20.0620957309185,316.7774276294631,1805
1525.0,4636,0,0,2,12.37945845413718,20.372735116479724,317.4313504549873,1822
1526.0,4639,0,6,3,12.354750584874068,20.684414744557017,317.58357393813486,1843
1527.0,4643,0,4,0,12.34583476077889,20.998492354081414,317.83562368152957,1858
1528.0,4646,0,6,3,12.331312484499485,21.304993542832545,317.9338651868012,1869
1529.0,4648,0,2,0,12.312965779386172,21.643072289156628,318.3250062519689,1887
1530.0,4651,0,3,0,12.276640821461724,21.953773382068373,318.64952189249266,1897
1531.0,4656,0,5,0,12.335464930892801,20.537585910652922,318.8327842416889,1714
1532.0,4657,0,1,0,12.423447689002217,19.745114880824566,319.28288835927407,1600
1533.0,4658,0,2,1,12.568337128336712,19.154358093602404,319.70238548654646,1508
1534.0,4657,0,0,1,12.722795076522747,18.716770453081384,320.2263476954817,1433
1535.0,4663,0,6,0,12.908071296625362,18.360711987990562,320.3003742190823,1370
1536.0,4665,0,4,2,13.081907935750454,18.07545551982851,320.5645995006872,1320
1537.0,4668,0,3,0,13.243571681681628,17.877677806341044,320.82158474225946,1296
1538.0,4669,0,3,2,13.393433489481962,17.720068537159992,320.9882453808288,1268
1539.0,4671,0,2,0,13.474425744188181,17.614001284521517,321.29771256406724,1253
1540.0,4674,0,5,2,13.55278154511097,17.553273427471115,321.3976314764611,1240
1541.0,4675,0,1,0,13.624730352731683,17.501604278074865,321.7657368403587,1231
1542.0,4675,0,1,1,13.665063936615287,17.522139037433156,322.190649087948,1228
1543.0,4678,0,6,3,13.724998676846132,17.549166310389055,322.28532507076744,1233
1544.0,4682,0,5,1,13.770493972883928,17.56877402819308,322.4121487697112,1235
1545.0,4681,0,3,4,13.780718980776774,17.476393932920317,322.80771038282114,1216
1546.0,4678,0,2,5,13.792555181977335,17.443138093202222,323.33279610869357,1205
1547.0,4678,0,3,3,13.81698459161098,17.394613082513896,323.6862372721157,1195
1548.0,4676,0,2,4,13.821390529184388,17.363130881094953,324.0227607623614,1185
1549.0,4680,0,4,0,13.835500157016906,17.29700854700855,324.1684036933355,1168
1550.0,4682,0,5,3,13.83038160912096,17.316104228961983,324.3867496918043,1167
1551.0,4684,0,2,0,13.81413513723799,17.305508112724166,324.67106531286385,1161
1552.0,4685,0,1,0,13.8084965248442,17.295197438633938,325.0251239169661,1156
1553.0,4689,0,4,0,13.784948572831027,17.28684154403924,325.1719140331161,1155
1554.0,4692,0,4,1,13.762931495386574,17.266624040920718,325.37503342581994,1170
1555.0,4695,0,3,0,13.72561793671238,17.233439829605963,325.5934422843394,1185
1556.0,4697,0,4,2,13.68893345847478,17.21162444113264,325.83860740204017,1182
1557.0,4702,0,5,0,13.663512745444304,17.2239472564866,325.9218738564832,1192
1558.0,4704,0,4,2,13.631363599727505,17.235756802721088,326.0726093643835,1204
1559.0,4706,0,3,1,13.610067318084505,17.295367615809603,326.3226958652805,1217
1560.0,4707,0,1,0,13.568868125406151,17.32950924155513,326.6888046186948,1209
1561.0,4709,0,2,0,13.548255978665383,17.370991717986833,326.9880327727269,1205
1562.0,4711,0,3,1,13.501073552179925,17.399278284865208,327.224768777776,1214
1563.0,4712,0,3,2,13.470688671026506,17.462224108658745,327.49441967119463,1224
1564.0,4711,0,1,2,13.431300784869384,17.540649543621313,327.99051159499516,1240
1565.0,4712,0,2,1,13.38948042310822,17.643251273344653,328.3466668266645,1254
1566.0,4711,0,2,3,13.342715734557702,17.73275313097007,328.8058781508828,1266
1567.0,4712,0,4,3,13.303552213494122,17.826825127334466,329.1050340022845,1281
1568.0,4715,0,4,1,13.274386594540005,17.90646871686108,329.2958755091419,1280
1569.0,4713,0,0,2,13.21289540269549,17.99639295565457,329.7775336425003,1287
1570.0,4713,0,2,2,13.173258514086855,18.06089539571398,330.14260103543614,1301
1571.0,4715,0,7,5,13.096240556760264,18.13510074231177,330.13310739205144,1319
1572.0,4716,0,2,1,13.033817296219928,18.191687871077185,330.487748690462,1320
1573.0,4714,0,0,2,12.958205358244285,18.281289775137886,330.9643749185215,1334
1574.0,4715,0,4,3,12.901746971836584,18.378366914103925,331.0688973556679,1345
1575.0,4717,0,2,0,12.841026592715929,18.43247827008692,331.40412810996145,1358
1576.0,4717,0,2,2,12.782264161469678,18.429086283654865,331.6834447805757,1359
1577.0,4717,0,1,1,12.72060514291557,18.530421878312488,332.16244523516116,1368
1578.0,4718,0,3,2,12.673681161753166,18.614243323442135,332.5264642820818,1393
1579.0,4720,0,3,1,12.632944355454011,18.71228813559322,332.8192419291733,1413
1580.0,4725,0,5,0,12.599368421298593,18.803597883597885,332.9544433668145,1438
1581.0,4726,0,2,1,12.566346996966319,18.965721540414727,333.2990390116355,1459
1582.0,4727,0,2,1,12.541729092792705,19.14575840913899,333.6841012473836,1485
1583.0,4730,0,3,0,12.518509850332823,19.366384778012684,333.96494471845796,1511
1584.0,4736,0,8,2,12.481878872231642,19.54560810810811,333.9349831984966,1538
1585.0,4738,0,5,3,12.445503896780021,19.74757281553398,334.1955663117232,1558
1586.0,4741,0,5,2,12.400465356019323,19.938831470153975,334.39528619799694,1584
1587.0,4741,0,2,2,12.361994048289292,20.184982071292975,334.7977955282946,1610
1588.0,4744,0,5,2,12.314088396301326,20.429595278246207,334.95823293166404,1631
1589.0,4745,0,3,2,12.274540670713439,20.653951527924132,335.22889173191817,1641
1590.0,4749,0,4,0,12.221336306977772,20.90376921457149,335.4540410737625,1660
1591.0,4749,0,2,2,12.16991242382048,21.117919562013057,335.91736869179556,1672
1592.0,4754,0,6,1,12.138707366200517,21.295330248212032,336.0605716961838,1692
1593.0,4756,0,3,1,12.091229430738013,21.519133725820016,336.37493501516474,1710
1594.0,4758,0,2,0,12.057836255058785,21.709962168978564,336.75320039631544,1718
1595.0,4761,0,4,1,12.01310782562145,21.900651123713505,337.04649833223846,1738
1596.0,4763,0,2,0,11.973249159527265,22.12870039890825,337.42905542841083,1745
1597.0,4763,0,1,1,11.939694970687032,22.342431240814612,337.7694444709706,1766
1598.0,4766,0,4,1,11.912336754164162,22.52706672261855,338.04864939872175,1778
1599.0,4768,0,5,3,11.88812799202778,22.723154362416107,338.28910292898235,1797
1600.0,4772,0,5,1,11.851536837158656,22.987217099748534,338.5352816619229,1822
1601.0,4774,0,5,3,11.829234985265671,23.2255969836615,338.6161693837075,1845
1602.0,4775,0,2,1,11.795857476531674,23.48020942408377,339.06117750944213,1861
1603.0,4776,865,2,1,11.77865746542377,23.67546063651591,339.39217341728306,1875
1604.0,4779,0,4,1,11.748963452087706,23.918602218037247,339.7155940876014,1894
1605.0,4779,0,1,1,11.71706067193673,24.175141242937855,340.21124748182245,1901
1606.0,4784,0,6,1,11.685111538331789,24.39527591973244,340.34960632924674,1924
1607.0,4787,0,5,2,11.657421480307711,24.683935659076667,340.62407043371866,1944
1608.0,4789,0,3,1,11.632370429582567,24.9663812904573,341.01058562899823,1964
1609.0,4792,0,4,1,11.596745598786404,25.218280467445744,341.3295455659576,1977
1610.0,4791,0,0,1,11.570936619639703,25.569609684825714,341.92507832967635,2003
1611.0,4793,0,2,0,11.540580882595476,25.877321093261006,342.33712382678624,2033
1612.0,4793,0,2,2,11.510810595599839,26.130398497809306,342.7525502985931,2037
1613.0,4794,0,3,2,11.470027354206408,26.447017104714227,343.17695609395867,2062
1614.0,4798,0,4,0,11.439780431132164,26.7334305960817,343.4509287459091,2076
1615.0,4796,0,1,3,11.406733069529716,27.067139282735614,344.0477068983925,2088
1616.0,4798,0,4,2,11.379084772777539,27.373697373905795,344.41902620043726,2095
1617.0,4800,0,3,1,11.3777404825179,27.698958333333334,344.76540967858034,2097
1618.0,4798,0,2,4,11.346174992181984,28.061067111296374,345.3097094125768,2114
1619.0,4799,0,2,1,11.3233396185133,28.370910606376327,345.68910514595535,2127
1620.0,4798,0,2,3,11.302615617883685,28.697582325969154,346.28296408788464,2124
1621.0,4800,0,3,1,11.397766653686194,27.318958333333335,346.6912220651016,1928
1622.0,4805,0,5,0,11.523069886693431,26.503225806451614,346.8818795197019,1801
1623.0,4807,0,3,1,11.667252831186588,25.891824422716873,347.26395576315474,1713
1624.0,4811,0,5,1,11.847514409093437,25.41176470588235,347.4522386200158,1637
1625.0,4813,0,3,1,12.035376427936388,25.080199459796386,347.8202075903234,1579
1626.0,4817,0,4,0,12.225210523728146,24.805480589578575,348.03683821089396,1530
1627.0,4820,0,3,0,12.384621771699281,24.66991701244813,348.3156762075699,1498
1628.0,4820,0,1,1,12.503930382489008,24.5149377593361,348.69676912903947,1460
1629.0,4822,0,2,0,12.616116109373486,24.420364993778517,349.03221614629064,1445
1630.0,4822,0,2,2,12.678913198986303,24.329946080464538,349.4842728516063,1418
1631.0,4823,0,3,2,12.743661252550602,24.239270163798466,349.7272192571299,1408
1632.0,4824,0,2,1,12.778853481071849,24.186567164179106,350.0808686653337,1409
1633.0,4824,0,0,0,12.806291115887541,24.158789386401327,350.54664614051546,1392
1634.0,4828,0,6,2,12.825394711095408,24.075186412593208,350.5414600561224,1383
1635.0,4828,0,2,2,12.835861269804967,24.06835128417564,350.9759874937398,1383
1636.0,4829,0,1,0,12.846574251287594,24.04928556636985,351.36562697222865,1375
1637.0,4830,0,3,2,12.862569883955205,24.07784679089027,351.72536054757904,1374
1638.0,4832,0,5,3,12.87364568848098,24.055049668874172,352.00118778154734,1381
1639.0,4834,0,3,1,12.875773261025488,24.086470831609432,352.19337591165345,1375
1640.0,4832,0,2,4,12.866097275910093,24.00951986754967,352.5981364236702,1369
1641.0,4834,0,3,1,12.876220251014518,23.96462556888705,352.907942408073,1353
1642.0,4835,0,2,1,12.863558483846656,24.004136504653566,353.2525635175037,1351
1643.0,4837,0,3,1,12.852181810782623,24.01798635517883,353.53130133460604,1356
1644.0,4838,0,1,0,12.829650839252796,24.072550640760646,353.9193700994971,1356
1645.0,4839,0,2,1,12.816467162015087,24.036991113866502,354.288168150527,1348
1646.0,4840,0,2,1,12.82104360798073,24.03181818181818,354.65744118774,1360
1647.0,4843,0,3,0,12.836999064340072,24.07103035308693,354.8978081635241,1364
1648.0,4847,0,5,1,12.843917307450997,24.115329069527544,354.9537614493357,1377
1649.0,4849,0,3,1,12.854588905073442,24.19302949061662,355.22777401332286,1377
1650.0,4848,0,1,2,12.83901876110038,24.17017326732673,355.64288146649227,1371
1651.0,4852,0,5,1,12.822662616781953,24.213520197856553,355.78174045550566,1374
1652.0,4854,0,2,0,12.787221385380507,24.274824886691388,356.0987327345976,1372
1653.0,4857,0,3,0,12.763650549454104,24.318715256331068,356.343628808446,1378
1654.0,4855,0,2,4,12.722518249189365,24.379814624098866,356.7440970446985,1372
1655.0,4855,0,2,2,12.709879571874032,24.443254376930998,357.09777700861594,1378
1656.0,4855,0,1,1,12.670096933221751,24.507106076210093,357.5352960797877,1391
1657.0,4857,0,3,1,12.657158042820656,24.606341362981265,357.8121621465501,1411
1658.0,4860,0,4,1,12.630259526661993,24.69238683127572,357.96495712388014,1417
1659.0,4860,0,2,2,12.60689709746938,24.85946502057613,358.3904985442042,1425
1660.0,4861,0,3,2,12.558385001502556,24.96667352396626,358.67063715738584,1424
1661.0,4863,0,2,0,12.500282836406136,25.0715607649599,359.00070377630124,1443
1662.0,4863,0,6,6,12.459327798636533,25.183425868805266,359.2970080318393,1451
1663.0,4863,0,1,1,12.40228216129394,25.339502364795393,359.75252884671664,1462
1664.0,4865,0,3,1,12.335459600246526,25.527852004110997,360.06547982676824,1484
1665.0,4869,0,6,2,12.257681501249959,25.673444239063464,360.2455046419908,1515
1666.0,4872,0,4,1,12.220071845454283,25.81568144499179,360.3348175656304,1537
1667.0,4875,0,5,2,12.173254272828403,25.957538461538462,360.4764961244451,1553
1668.0,4877,0,5,3,12.13646169895863,26.06684437153988,360.58991218820336,1579
1669.0,4878,0,1,0,12.093891118058943,26.148831488314883,361.0184910673488,1599
1670.0,4879,0,1,0,12.032854300590312,26.30477556876409,361.44952505381406,1622
1671.0,4883,0,4,0,12.006742147680999,26.468154822854803,361.6601084934604,1643
1672.0,4883,0,2,2,11.952258983602903,26.606184722506654,362.12931444804445,1664
1673.0,4885,0,2,0,11.907033188197502,26.79795291709314,362.4924117726634,1692
1674.0,4885,0,3,3,11.857624680321912,27.001023541453428,362.9355434421214,1707
1675.0,4887,0,2,0,11.82410307392843,27.19950890116636,363.3025182973549,1714
1676.0,4892,0,6,1,11.777161141347133,27.419460343417825,363.35308300054714,1737
1677.0,4896,0,5,1,11.738545777408863,27.552900326797385,363.5129056244403,1738
1678.0,4901,0,5,0,11.708979920764648,27.764537849418485,363.66371198564593,1757
1679.0,4904,0,4,1,11.671998076868155,27.99367862969005,363.9057797191681,1784
1680.0,4907,0,3,0,11.626716777532117,28.242510699001425,364.2099451168463,1797
1681.0,4910,0,5,2,11.603019968561226,28.416904276985743,364.35043647289683,1819
1682.0,4912,0,4,2,11.563622764066437,28.65187296416938,364.6704580908172,1832
1683.0,4914,0,3,1,11.536616621973813,28.89194139194139,365.04719133159875,1852
1684.0,4916,0,2,0,11.512953276847904,29.041090317331165,365.4326282889246,1858
1685.0,4918,0,3,1,11.48475711766886,29.23627490849939,365.81276314453936,1862
1686.0,4918,0,1,1,11.44095560950447,29.45485969906466,366.3062133488388,1877
1687.0,4925,0,7,0,11.42383590865177,29.639796954314722,366.3238386933846,1897
1688.0,4930,0,6,1,11.390501394027861,29.841176470588234,366.4682674658232,1904
1689.0,4932,0,4,2,11.376630978881346,30.025750202757504,366.75753999989166,1922
1690.0,4937,0,6,1,11.368615392390597,30.200931739923032,366.92439895124545,1929
1691.0,4938,0,2,1,11.335997733714384,30.412312677197246,367.25917601118823,1955
1692.0,4942,0,4,0,11.307849919008467,30.541683528935653,367.50905202950315,1953
1693.0,4942,0,1,1,11.274658483466153,30.710238769728853,367.944311541622,1967
1694.0,4941,0,2,3,11.229446560254509,30.89819874519328,368.417165275167,1964
1695.0,4946,0,6,1,11.213673934125923,31.046906591184797,368.5847598245607,1980
1696.0,4950,0,5,1,11.186652585727643,31.22161616161616,368.82815837541233,1993
1697.0,4948,0,1,3,11.154552947892796,31.453718674211803,369.48978633753785,2011
1698.0,4952,0,4,0,11.137311082198526,31.651050080775445,369.7506693406497,2017
1699.0,4955,0,6,3,11.095629103575744,31.827043390514632,370.0399114798019,2029
1700.0,4958,0,3,0,11.053485054430466,32.00685760387253,370.3796478790571,2036
1701.0,4959,0,2,1,11.027990210104049,32.1978221415608,370.8461209149,2043
1702.0,4959,0,3,3,10.99230676154003,32.43859649122807,371.3941028734995,2059
1703.0,4961,0,4,2,10.950565049958335,32.712961096553116,371.78283832147457,2085
1704.0,4963,0,3,1,10.928780909101127,32.9198065686077,372.20000492507273,2099
1705.0,4965,0,3,1,10.897009664620269,33.24853977844914,372.60616229143665,2117
1706.0,4966,0,2,1,10.858110241020384,33.49738219895288,373.0801413720842,2139
1707.0,4968,0,3,1,10.826908530944042,33.77194041867955,373.4640259115086,2152
1708.0,4972,0,5,1,10.801279163887743,34.07683024939662,373.6832366005802,2168
1709.0,4973,0,4,3,10.776747048151288,34.34908505932033,374.10449094305324,2185
1710.0,4972,0,2,3,10.724880191753504,34.668744971842315,374.6632859298876,2200
1711.0,4972,0,3,3,10.769027095291131,33.32823813354787,375.1096430066692,2012
1712.0,4975,0,4,1,10.864278021925804,32.55195979899497,375.40654562816115,1889
1713.0,4978,0,4,1,10.997873707005434,31.96424266773805,375.62080577667984,1791
1714.0,4979,0,4,3,11.142902252695032,31.525406708174334,376.0375842294406,1718
1715.0,4982,0,3,0,11.318214946494628,31.173022882376557,376.3504817550822,1660
1716.0,4984,0,3,1,11.482118899485009,30.93599518459069,376.7135816446616,1602
1717.0,4983,0,3,4,11.61674956164777,30.724864539434076,377.2522734238615,1565
1718.0,4981,0,1,3,11.740166386821583,30.56113230275045,377.83092142325364,1525
1719.0,4980,0,1,2,11.843763848403293,30.467871485943775,378.32560636524573,1519
1720.0,4980,0,3,3,11.924754810289576,30.30160642570281,378.7159947727317,1492
1721.0,4978,0,1,3,11.983954161192056,30.23704298915227,379.2495299757605,1471
1722.0,4980,0,2,0,12.03895780093643,30.23975903614458,379.5859905212052,1465
1723.0,4980,0,3,3,12.059565453003517,30.24397590361446,379.9044530150122,1463
1724.0,4978,0,2,4,12.080411546269122,30.223182000803536,380.25698779805805,1460
1725.0,4981,0,3,0,12.124475266074962,30.153784380646456,380.509259996849,1454
1726.0,4985,0,6,2,12.15115054251788,30.1432296890672,380.47222632893397,1459
1727.0,4986,0,3,2,12.155570938381546,30.176293622141998,380.69401754594287,1453
1728.0,4988,0,2,0,12.165955463610445,30.21271050521251,381.0189324828741,1445
1729.0,4989,0,3,2,12.158708487110026,30.257366205652435,381.37468969973844,1464
1730.0,4990,0,1,0,12.137121178119227,30.286372745490983,381.7760863846134,1454
1731.0,4989,0,1,2,12.128323376252808,30.352174784525957,382.19194335441915,1457
1732.0,4986,0,1,4,12.096251273086784,30.42960288808664,382.75336752269243,1465
1733.0,4991,0,5,0,12.104647865230186,30.421959527148868,382.8490620707399,1476
1734.0,4993,0,2,0,12.088556376052454,30.4650510715001,383.1754409338729,1486
1735.0,4994,0,3,2,12.073766839374175,30.551061273528234,383.56683541027627,1491
1736.0,4995,0,4,3,12.050939445883946,30.546146146146146,383.6783602827971,1480
1737.0,4995,0,2,2,12.030388174832256,30.560960960960962,384.1291510646323,1483
1738.0,4998,0,4,1,12.017388479160072,30.625050020008004,384.34419215631317,1495
1739.0,5002,0,7,3,11.994206235398009,30.720711715313875,384.31170152289496,1504
1740.0,5004,0,3,1,11.963534719717206,30.75779376498801,384.63552786767,1499
1741.0,5001,0,2,5,11.933514982186564,30.86482703459308,385.08651054301606,1517
1742.0,5000,0,5,6,11.892805359958382,30.9364,385.17955676848396,1513
1743.0,5000,0,1,1,11.875867806478787,31.0624,385.66449995421516,1529
1744.0,5006,0,6,0,11.871965074414627,31.154614462644826,385.69258351068703,1523
1745.0,5006,0,3,3,11.856552816134574,31.252097483020375,386.0534354126902,1529
1746.0,5007,0,1,0,11.83792097586877,31.37447573397244,386.4685814240951,1537
1747.0,5010,0,5,2,11.822258912994272,31.464471057884232,386.61195571918984,1545
1748.0,5013,0,4,1,11.822468908123223,31.549571115100736,386.85027366660137,1558
1749.0,5013,0,3,3,11.77184632311132,31.615798922800717,387.2153762248991,1558
1750.0,5015,0,4,2,11.743639974733895,31.682552342971086,387.51944288911926,1553
1751.0,5015,0,1,1,11.67895800036698,31.824526420737786,387.9061683317927,1574
1752.0,5016,0,3,2,11.616551272617516,31.966307814992025,388.24555199946815,1598
1753.0,5019,0,5,2,11.58199222703787,32.10619645347679,388.372774006039,1615
1754.0,5019,0,3,3,11.538288072876552,32.28153018529588,388.4766383388571,1626
1755.0,5023,0,5,1,11.484240856297948,32.43320724666534,388.6333397157142,1647
1756.0,5023,0,3,3,11.433632104527613,32.54429623730838,388.93806553975276,1665
1757.0,5022,0,1,2,11.393853786804232,32.691557148546394,389.4425141130606,1677
1758.0,5022,0,4,4,11.36328649670989,32.89267224213461,389.70818420935467,1704
1759.0,5025,0,5,2,11.335693872136076,33.077014925373135,389.93828094579413,1739
1760.0,5024,0,0,1,11.305594933006653,33.31031050955414,390.53446779789255,1772
1761.0,5021,0,2,5,11.27306957441983,33.54650468034256,390.820767414649,1793
1762.0,5024,0,5,2,11.26159323714018,33.72551751592356,391.0154855408928,1812
1763.0,5028,0,5,1,11.219123831139576,33.91447891805887,391.20188765144445,1835
1764.0,5029,0,3,2,11.187506053384997,34.13939152913104,391.58533993283237,1864
1765.0,5031,0,2,0,11.1521734582656,34.37189425561519,391.9644435323677,1891
1766.0,5031,0,1,1,11.105216672521124,34.609024050884514,392.38446326410974,1920
1767.0,5034,0,4,1,11.04840883229125,34.842669845053635,392.64262843964354,1953
1768.0,5039,0,7,2,11.001719555537104,35.073625719388765,392.781470193905,1975
1769.0,5043,0,6,2,10.945471412500789,35.301011302795956,392.9733619548374,1996
1770.0,5045,0,3,1,10.906548482685185,35.566105054509414,393.35888569299595,2014
1771.0,5048,0,6,3,10.870875874991277,35.799920760697304,393.5672441276306,2039
1772.0,5051,0,6,3,10.829184654732451,36.0560285092061,393.76731537071913,2049
1773.0,5055,0,6,2,10.807327036946118,36.30346191889219,393.91325979456803,2064
1774.0,5052,0,1,4,10.759020372053998,36.56413301662708,394.34949673224713,2078
1775.0,5055,0,4,1,10.74896239964945,36.826706231454004,394.6381589967387,2089
1776.0,5054,0,2,3,10.715923739085465,37.06351404827859,395.078795910044,2091
1777.0,5055,0,3,2,10.67512677940427,37.329574678536105,395.48566329235535,2111
1778.0,5054,0,3,4,10.652858310457054,37.59398496240601,396.0194417958251,2122
1779.0,5053,0,4,5,10.631920454025696,37.90540273105086,396.3855626019142,2131
1780.0,5057,0,5,1,10.609952967155918,38.16966580976864,396.5991756972849,2152
1781.0,5059,0,5,3,10.600472021320567,38.4595769915003,396.79674951661354,2164
1782.0,5062,0,3,0,10.583473700869268,38.73271434215725,397.13193312706295,2175
1783.0,5065,0,5,2,10.559148214533165,39.03573543928924,397.38124756632214,2193
1784.0,5070,0,6,1,10.536926829804647,39.30611439842209,397.5174886066315,2195
1785.0,5072,0,5,3,10.517311012866964,39.59365141955836,397.8107483318863,2212
1786.0,5070,0,0,2,10.48362899785817,39.917357001972384,398.4702112267815,2226
1787.0,5072,0,4,2,10.458867373554217,40.22259463722398,398.82867478091873,2234
1788.0,5075,0,7,4,10.432779587380322,40.524729064039406,398.9394324520511,2252
1789.0,5075,0,2,2,10.395952698847717,40.856354679802955,399.4139638173177,2259
1790.0,5076,0,3,2,10.359627813644103,41.17769897557132,399.7926546873631,2278
1791.0,5079,0,4,1,10.351828267861983,41.49281354597362,400.09364144644326,2296
1792.0,5080,0,2,1,10.325399065694349,41.82263779527559,400.50196429654187,2301
1793.0,5084,0,4,0,10.313671312685672,42.117623918174665,400.77426949143927,2306
1794.0,5086,0,3,1,10.275727144817374,42.44986236728273,401.1283903369201,2319
1795.0,5086,0,1,1,10.229828135212157,42.80338183248132,401.6905351529995,2343
1796.0,5087,0,2,1,10.178021458110885,43.14881069392569,402.14754524111964,2355
1797.0,5091,0,5,1,10.160195146033418,43.4788843056374,402.3668348947489,2371
1798.0,5092,0,2,1,10.120036279048076,43.81382560879811,402.88236259655133,2383
1799.0,5091,0,0,1,10.085140678094534,44.19760361422117,403.5579355232825,2404
1800.0,5094,0,3,0,10.076870103283321,44.533568904593636,403.92384004787306,2418
1801.0,5096,0,4,2,10.139396675105182,43.26923076923077,404.1876946417554,2221
1802.0,5097,0,1,0,10.247491903364347,42.51736315479694,404.70022020765555,2087
1803.0,5100,1207,3,0,10.379877905064747,41.93607843137255,405.04547786366965,1993
1804.0,5104,0,5,1,10.537983180492201,41.47159090909091,405.29794144813104,1931
1805.0,5108,0,5,1,10.721121459642987,41.13645262333594,405.50086052786446,1870
1806.0,5111,0,4,1,10.911913478419674,40.83701819604774,405.76487395537,1820
1807.0,5112,0,2,1,11.089364220885528,40.57100938967136,406.1958550125511,1771
1808.0,5117,0,5,0,11.226333621361896,40.35763142466289,406.32466079158445,1745
1809.0,5121,0,6,2,11.354810049104186,40.247412614723686,406.39071640683716,1717
1810.0,5123,0,4,2,11.454711586158778,40.176263907866485,406.5952132503569,1707
1811.0,5125,0,2,0,11.529780268233727,40.18848780487805,406.94182525427055,1702
1812.0,5125,0,2,2,11.589354113707694,40.24156097560976,407.20648642797755,1693
1813.0,5127,0,3,1,11.6481308539345,40.22566803198752,407.5233587217288,1691
1814.0,5127,0,2,2,11.67915008828841,40.2319094987322,407.85760696533924,1688
1815.0,5129,0,2,0,11.697227236601767,40.09456034314681,408.19097365638135,1666
1816.0,5130,0,2,1,11.709850370382487,40.08635477582846,408.59590013508677,1651
1817.0,5130,0,2,2,11.719494796665606,40.08888888888889,409.0575485342243,1642
1818.0,5129,0,1,2,11.699329232901569,40.11951647494638,409.4856043695437,1643
1819.0,5131,0,2,0,11.686464972778515,40.152017150652895,409.81631954839867,1638
1820.0,5133,0,4,2,11.674232627436604,40.2076758231054,410.03898831158585,1641
1821.0,5133,0,2,2,11.661989653052137,40.19657120592246,410.48423806992804,1632
1822.0,5137,0,6,2,11.659025718441123,40.153396924274865,410.5617197357466,1622
1823.0,5140,0,6,3,11.657154841150517,40.188715953307394,410.69184645174147,1614
1824.0,5140,0,1,1,11.659675134303436,40.132684824902725,411.02921243758226,1610
1825.0,5142,0,5,3,11.657135494903034,40.120381174640215,411.1498542227294,1608
1826.0,5141,0,1,2,11.644742659361867,40.12935226609609,411.56401096160346,1608
1827.0,5147,0,6,0,11.64511635678539,40.10646978822615,411.57270005944633,1618
1828.0,5148,0,3,2,11.61586118618593,40.121212121212125,411.9220629496509,1617
1829.0,5146,0,0,2,11.587723872755067,40.25340069957248,412.4136981986116,1633
1830.0,5148,0,3,1,11.573287562719502,40.27078477078477,412.74146695074785,1634
1831.0,5149,0,4,3,11.553998112447497,40.382404350359295,412.9841722195969,1639
1832.0,5150,0,3,2,11.500555853683858,40.52990291262136,413.33902788828925,1658
1833.0,5152,0,3,1,11.461767179082164,40.64770962732919,413.6711276072316,1655
1834.0,5155,0,5,2,11.421688438319862,40.710960232783705,413.5501979553177,1674
1835.0,5157,0,5,3,11.382461981489218,40.79813845258872,413.8448654420132,1683
1836.0,5162,0,6,1,11.341899649890614,40.83804726850058,413.8995375075812,1679
1837.0,5160,0,4,6,11.283146393382617,40.96550387596899,414.2344444870559,1694
1838.0,5160,0,2,2,11.225006469470086,41.07635658914729,414.687108971539,1708
1839.0,5160,0,3,3,11.182243662719504,41.216279069767445,414.9757531554095,1719
1840.0,5164,0,8,4,11.140225105629392,41.35089078233927,414.82405592956366,1739
1841.0,5165,0,5,4,11.07878527133145,41.462342691190706,415.1160816231361,1749
1842.0,5165,0,2,2,11.027498127761099,41.65440464666021,415.43673352064195,1770
1843.0,5169,0,7,3,10.983402041958238,41.8125362739408,415.41339498712136,1790
1844.0,5172,0,4,1,10.934349885418259,41.99303944315545,415.6858681893007,1813
1845.0,5173,0,4,3,10.878755602077835,42.16064179393002,415.90081914347627,1820
1846.0,5173,0,2,2,10.82024915335177,42.23506669244152,416.2634827327421,1833
1847.0,5173,0,1,1,10.757151770879409,42.39126232360333,416.77359451084055,1842
1848.0,5175,0,2,0,10.719080183986316,42.5712077294686,417.15738165130614,1880
1849.0,5175,0,1,1,10.69830704880751,42.754009661835745,417.6114187660403,1909
1850.0,5178,0,4,1,10.673623656188795,42.90517574353032,417.8236920144094,1939
1851.0,5179,0,2,1,10.655076398141022,43.12492759219926,418.175321381892,1963
1852.0,5183,0,5,1,10.65342474607213,43.309859154929576,418.33542019181897,1974
1853.0,5184,0,3,2,10.624697787895082,43.55979938271605,418.6026485045507,2017
1854.0,5189,0,5,0,10.616937142374134,43.7616111004047,418.75278085026184,2022
1855.0,5192,0,5,2,10.598678572065557,43.95107858243451,418.9627783597026,2037
1856.0,5193,0,3,2,10.574962944616374,44.147506258424805,419.420402312776,2056
1857.0,5196,0,5,2,10.54097020086752,44.31139337952271,419.5997810075433,2067
1858.0,5199,0,4,1,10.519721104554673,44.52010001923447,419.902094164362,2091
1859.0,5202,0,4,1,10.483800774433762,44.751633986928105,420.21918714019756,2109
1860.0,5203,0,2,1,10.438351816806737,45.013453776667305,420.6816320065113,2132
1861.0,5206,0,4,1,10.4199962907702,45.187091817134075,420.9274108216787,2145
1862.0,5208,0,2,0,10.398815901474654,45.39612135176651,421.33555392970874,2168
1863.0,5208,0,1,1,10.376970833482945,45.58294930875576,421.89547785405597,2175
1864.0,5210,0,3,1,10.350874239297905,45.79558541266795,422.303456895101,2194
1865.0,5212,0,3,1,10.326305544567422,46.008058326937835,422.67972222500384,2202
1866.0,5214,0,4,2,10.306350882610834,46.08093594169544,423.08714445549583,2217
1867.0,5214,0,2,2,10.302304137600347,46.295550441120064,423.4346241468338,2221
1868.0,5216,0,3,1,10.289930842052714,46.45916411042945,423.83459350158444,2233
1869.0,5219,0,3,0,10.271025464536237,46.64360988695152,424.16927264642703,2239
1870.0,5222,0,4,1,10.25561083746242,46.869973190348524,424.4827035531543,2255
1871.0,5223,0,4,3,10.23385091315594,47.115450890292934,424.8034657496067,2272
1872.0,5219,0,0,4,10.199882163240403,47.39432841540525,425.4975607699512,2283
1873.0,5221,0,2,0,10.168420019569583,47.6395326565792,425.9190383971158,2291
1874.0,5223,0,2,0,10.135206916066908,47.896611143021254,426.34203022902955,2302
1875.0,5227,0,4,0,10.10926826477725,48.12454562846757,426.6040140760573,2322
1876.0,5231,0,4,0,10.094637856399949,48.313706748231695,426.86702249414384,2335
1877.0,5235,0,5,1,10.071218717010519,48.59579751671442,427.0344341622718,2355
1878.0,5237,0,3,1,10.047793048694686,48.876837884284896,427.4344834999667,2370
1879.0,5244,0,7,0,10.030695921613145,49.13119755911518,427.4576641498816,2391
1880.0,5248,0,4,0,10.01412755769817,49.40015243902439,427.726968646412,2410
1881.0,5248,0,2,2,9.995543001475133,49.768483231707314,428.303352477549,2428
1882.0,5253,0,6,1,9.974242849154832,50.075575861412524,428.4626862539371,2442
1883.0,5255,0,4,2,9.93721054649401,50.39219790675547,428.7509834138232,2459
1884.0,5257,0,3,1,9.90868836979123,50.74053642762031,429.1484891199323,2480
1885.0,5262,0,6,1,9.885176710461375,51.025275560623335,429.31217873343644,2489
1886.0,5268,0,6,0,9.860411335478416,51.30827638572513,429.42930156561255,2500
1887.0,5268,0,0,0,9.81907500182424,51.64028094153379,430.037663991116,2510
1888.0,5273,0,5,0,9.786994319058548,51.93760667551678,430.2406289217369,2524
1889.0,5278,0,7,2,9.761369296723835,52.265251989389924,430.28412322111615,2538
1890.0,5279,0,4,3,9.734097709433696,52.60484940329608,430.5876068434282,2550
1891.0,5280,0,3,2,9.776402611420513,51.18901515151515,430.9681611212071,2335
1892.0,5280,0,0,0,9.90514507239666,50.337310606060605,431.5693336591724,2192
1893.0,5282,0,3,1,10.047336941556923,49.675312381673606,431.9853364233627,2083
1894.0,5286,0,5,1,10.222613166029909,49.09723798713583,432.21365543406506,1992
1895.0,5290,0,5,1,10.40977036551269,48.67126654064272,432.31188458966886,1932
1896.0,5293,0,4,1,10.608251796929128,48.38088040808615,432.6173037937373,1864
1897.0,5294,0,1,0,10.786260435813858,48.18190404231205,433.07728046532884,1835
1898.0,5298,0,4,0,10.939662895180717,47.96621366553416,433.2822117877864,1800
1899.0,5299,0,2,1,11.05610141823582,47.83223249669749,433.6750571091324,1774
1900.0,5302,0,4,1,11.142733805906634,47.771029800075446,433.92538322831126,1747
1901.0,5304,0,3,1,11.218301151796664,47.713046757164406,434.2226841228057,1742
1902.0,5305,0,5,4,11.278826330590633,47.65485391140434,434.54940490605026,1736
1903.0,5306,0,3,2,11.329263772666414,47.61986430456088,434.89506029940696,1731
1904.0,5310,0,5,1,11.381704533901447,47.533145009416195,435.06330707240585,1715
1905.0,5310,0,2,2,11.420063694627618,47.50263653483992,435.5582124050788,1714
1906.0,5311,0,2,1,11.44444324405877,47.49312747128601,435.9710062050103,1717
1907.0,5310,0,2,3,11.461819751974529,47.34726930320151,436.3951720427743,1685
1908.0,5309,0,0,1,11.466592317146668,47.31361838387644,436.91284043598745,1678
1909.0,5309,0,1,1,11.467452248298478,47.367489169335094,437.3887108006455,1692
1910.0,5313,0,5,1,11.473253448556143,47.37097684923772,437.48424062890643,1690
1911.0,5314,0,3,2,11.481217842756209,47.42811441475348,437.7157258396558,1702
1912.0,5315,0,4,3,11.459157376793685,47.474694261523986,437.83756318506755,1706
1913.0,5316,0,2,1,11.453323260860515,47.480060195635815,438.2185344069972,1699
1914.0,5318,0,3,1,11.450390562639017,47.45487025197443,438.5076182111278,1703
1915.0,5319,0,2,1,11.424873350354291,47.466065049821395,438.8328839335519,1705
1916.0,5320,0,3,2,11.393379041261143,47.47857142857143,439.1888667200796,1699
1917.0,5323,0,4,1,11.375529346665783,47.532594401653206,439.41039062427524,1704
1918.0,5326,0,4,1,11.351870365117295,47.529665790461884,439.6465458775536,1708
1919.0,5329,0,3,0,11.340079941496256,47.58284856445862,439.90146540704376,1726
1920.0,5331,0,5,3,11.313831609521479,47.60739073344588,439.99100405892256,1728
1921.0,5329,0,1,3,11.272886767929583,47.647025708388064,440.44586181049453,1738
1922.0,5329,0,4,4,11.239560749905921,47.718896603490336,440.6416483509696,1733
1923.0,5331,0,5,3,11.225725969019697,47.77021196773588,440.74401862854074,1743
1924.0,5331,0,3,3,11.199705272921548,47.84018007878447,440.9630196761144,1748
1925.0,5336,0,6,1,11.192171081229532,47.833958020989506,440.9195735859274,1742
1926.0,5339,0,5,2,11.17872588749997,47.93875257538865,440.9455865890454,1763
1927.0,5340,0,1,0,11.14598421083376,48.07621722846442,441.37799615335183,1774
1928.0,5345,0,6,1,11.125349338446181,48.13657623947615,441.45554172893543,1780
1929.0,5347,0,2,0,11.09759759394537,48.28109220123434,441.8082910479235,1794
1930.0,5348,0,2,1,11.048836802575057,48.39341810022438,442.168076777595,1794
1931.0,5352,0,4,0,11.00277872448936,48.494207772795214,442.3609100480607,1805
1932.0,5354,0,2,0,10.956565991831553,48.614680612626074,442.7214817818187,1822
1933.0,5354,0,1,1,10.883511029084945,48.7457975345536,443.10278146006607,1827
1934.0,5359,0,5,0,10.822969044134062,48.852957641351,443.222951225167,1846
1935.0,5362,0,4,1,10.765577913562066,48.98097724729578,443.4052310834254,1854
1936.0,5364,0,3,1,10.718349425047013,49.10682326621924,443.7754109305405,1861
1937.0,5371,0,7,0,10.679041011465811,49.21150623719978,443.73908299322574,1889
1938.0,5370,0,2,3,10.620189892310606,49.37132216014898,444.095642415461,1913
1939.0,5373,0,3,0,10.580098352422635,49.54587753582729,444.39530590390825,1934
1940.0,5372,0,1,2,10.55372814610834,49.78723008190618,444.8031900444841,1963
1941.0,5373,0,2,1,10.521576614903791,50.000558347292014,445.2456912986907,1992
1942.0,5373,0,3,3,10.477094547335941,50.240647682858736,445.6663709741206,2016
1943.0,5376,0,4,1,10.460696105039531,50.45610119047619,445.92560098275715,2040
1944.0,5377,0,4,3,10.42426859170878,50.686442254045005,446.1765158893827,2066
1945.0,5379,0,4,2,10.397622002109586,50.92136084774121,446.4604711222528,2083
1946.0,5378,0,3,4,10.353894673416647,51.199888434362215,446.91676002891614,2113
1947.0,5382,0,4,0,10.326501443760755,51.450390189520625,447.14558825890276,2133
1948.0,5384,0,3,1,10.294011723617338,51.716196136701335,447.5191115606619,2157
1949.0,5387,0,4,1,10.250252247963326,51.96584369779098,447.7974211091826,2186
1950.0,5391,0,4,0,10.223780564026216,52.2047857540345,448.03243685391,2198
1951.0,5392,0,2,1,10.17633122732665,52.44640207715133,448.5051101568304,2211
1952.0,5396,0,5,1,10.144072090315106,52.64918458117124,448.6511089234946,2234
1953.0,5399,0,5,2,10.121149159291381,52.88034821263197,448.7293481039343,2263
1954.0,5401,0,4,2,10.095064997145583,53.0897981855212,449.0496618697151,2275
1955.0,5404,0,6,3,10.074070774789158,53.3160621761658,449.0888537475482,2293
1956.0,5406,0,4,2,10.05237529525968,53.56603773584906,449.2794472079695,2307
1957.0,5409,0,3,0,10.044782849499402,53.84137548530227,449.6094299951088,2330
1958.0,5411,0,5,3,10.013528935898727,54.13213823692478,449.91096200273716,2342
1959.0,5415,0,5,1,9.9818133831489,54.422899353647274,450.13406285328284,2370
1960.0,5417,0,3,1,9.949605793867821,54.71940188296105,450.51461887208677,2396
1961.0,5423,0,8,2,9.935847377920098,54.96496404204315,450.32005345659064,2412
1962.0,5423,0,4,4,9.90507082268465,55.25041489950212,450.65138492843505,2432
1963.0,5424,0,2,1,9.889594675179932,55.56876843657817,451.1003274552637,2444
1964.0,5426,0,4,2,9.862055985548858,55.87836343531146,451.4207098942339,2469
1965.0,5425,0,2,3,9.825535799265761,56.209769585253454,451.9530534600153,2478
1966.0,5429,0,6,2,9.826244716817994,56.469515564560695,452.17072598726736,2497
1967.0,5427,0,1,3,9.797706350167816,56.82623917449788,452.57917676006474,2514
1968.0,5431,0,6,2,9.7971675610016,57.11029276376358,452.62010983843817,2529
1969.0,5440,0,10,1,9.805866666778394,57.31948529411765,452.4605392021195,2533
1970.0,5442,0,2,0,9.79779053274492,57.63744946710768,452.89451597862234,2551
1971.0,5445,0,4,1,9.786511693473946,57.9603305785124,453.2153669119069,2567
1972.0,5445,0,3,3,9.760312586386695,58.33994490358127,453.56304923283915,2585
1973.0,5445,0,1,1,9.742475090228428,58.705601469237834,454.051686104099,2613
1974.0,5447,0,3,1,9.733326135293177,59.050302919038,454.3748251204157,2640
1975.0,5452,0,5,0,9.724294730549115,59.32813646368305,454.56592498886664,2649
1976.0,5450,0,1,3,9.688972881081062,59.71963302752294,455.03918262087143,2654
1977.0,5452,0,2,0,9.67816633017875,60.09115920763023,455.48454211495044,2678
1978.0,5453,0,3,2,9.66317029135626,60.45644599303136,455.8973626400036,2682
1979.0,5454,0,3,2,9.6399046742813,60.818115144847816,456.2715397931198,2690
1980.0,5455,0,1,0,9.625958690065126,61.20458295142072,456.803893323277,2696
1981.0,5454,0,3,4,9.70036764309673,59.95672900623396,457.2800623601275,2487
1982.0,5458,0,6,2,9.811905110881424,59.13100036643459,457.44596686460017,2338
1983.0,5460,0,2,0,9.935106410941783,58.66043956043956,457.87325765807515,2238
1984.0,5465,0,5,0,10.09533955256576,58.27868252516011,458.0381358925213,2154
1985.0,5466,0,2,1,10.256422847244213,58.031650201244055,458.5216795209247,2100
1986.0,5468,0,4,2,10.411739425328868,57.83997805413314,458.8411185784339,2052
1987.0,5468,0,2,2,10.55533368585479,57.66733723482078,459.2453295565612,2021
1988.0,5470,0,5,3,10.698001996479176,57.45904936014625,459.46020721137893,1979
1989.0,5468,0,0,2,10.793959986123806,57.39850036576445,460.0954294661568,1953
1990.0,5469,0,2,1,10.858500500194825,57.359846407021394,460.53834334771784,1943
1991.0,5471,0,2,0,10.917828690693822,57.29756900018278,460.89524192548146,1910
1992.0,5476,0,5,0,10.971764207773145,57.195945945945944,460.99591400329535,1896
1993.0,5480,0,6,2,11.005173658789689,57.11934306569343,461.1380673617659,1897
1994.0,5483,0,3,0,11.044426697599201,57.053985044683564,461.40140199223185,1869
1995.0,5482,0,1,2,11.079566130116525,57.041408245166,461.7354805892464,1850
1996.0,5485,0,5,2,11.101135883976252,57.04029170464904,461.91296633173715,1838
1997.0,5489,0,5,1,11.116214109699216,57.08708325742394,462.07360530249076,1835
1998.0,5488,0,1,2,11.108967939768887,57.14887026239067,462.55484609403317,1814
1999.0,5489,0,2,1,11.108679573611747,57.18673711058481,462.8483122472215,1817
2000.0,5493,0,5,1,11.112570315355654,57.1403604587657,462.9165402922657,1819
2001.0,5496,0,4,1,11.118165306474618,57.19650655021834,463.16988996617556,1813
2002.0,5497,0,3,2,11.108551878833797,57.2837911588139,463.47030527920055,1820
2003.0,5498,1179,4,3,11.087509815386865,57.36449618042925,463.8476571048521,1825
2004.0,5499,0,2,1,11.076694162450679,57.46208401527551,464.2602000560432,1830
2005.0,5494,0,0,5,11.046386428200442,57.584819803421915,464.89332068326706,1837
2006.0,5496,0,3,1,11.035954685490756,57.628639010189225,465.1018895612666,1842
2007.0,5496,0,2,2,11.001067539747623,57.727438136826784,465.42680508057924,1837
2008.0,5498,0,3,1,10.96961590058136,57.81884321571481,465.7700930935896,1835
2009.0,5496,0,1,3,10.943856963641204,57.920487627365354,466.2833584823857,1841
2010.0,5496,0,3,3,10.913264616565582,57.994723435225616,466.53545048105883,1858
2011.0,5500,0,5,1,10.90360577677712,57.99909090909091,466.65764884194476,1853
2012.0,5504,0,5,1,10.882330966509867,58.01180959302326,466.6911031593327,1865
2013.0,5507,0,5,2,10.857229180414263,58.081351007808244,466.8260581257382,1865
2014.0,5510,0,4,1,10.820464823320824,58.137023593466424,467.04481038869545,1876
2015.0,5511,0,1,0,10.803482186451346,58.17564870259481,467.4828096267141,1875
2016.0,5510,0,0,1,10.775009488628523,58.24845735027223,468.0089363810743,1869
2017.0,5513,0,4,1,10.75973989919988,58.27244694358788,468.18691398667454,1870
2018.0,5513,0,2,2,10.73014929604588,58.42245601306004,468.5484342755785,1884
2019.0,5515,0,3,1,10.706029455563325,58.46999093381687,468.8258995572253,1892
2020.0,5516,0,3,2,10.65377561590129,58.58430021754895,469.1447086391801,1909
2021.0,5518,0,4,2,10.614797747397228,58.689923885465745,469.33622536031976,1916
2022.0,5519,0,2,1,10.564427959255747,58.79217249501721,469.70072617549613,1930
2023.0,5521,0,3,1,10.506093659025185,58.94077159934795,470.06104104114314,1942
2024.0,5523,0,3,1,10.452004387622196,59.0966865833786,470.35086953638967,1960
2025.0,5525,0,4,2,10.378867087699508,59.26968325791855,470.6898190617299,1976
2026.0,5527,0,4,2,10.351295062947125,59.343586032205536,470.8742999134947,1973
2027.0,5534,0,7,0,10.313607952828868,59.407842428623056,470.83079040933734,1985
2028.0,5534,0,3,3,10.273031163209353,59.655402963498375,471.22818915157467,2031
2029.0,5534,0,2,2,10.230482280141018,59.79743404409108,471.5314355741702,2060
2030.0,5534,0,1,1,10.181875275050487,59.980845681243224,471.97599654632694,2086
2031.0,5538,0,7,3,10.150014300800024,60.1242325749368,471.90552540419003,2111
2032.0,5541,0,5,2,10.135071741799214,60.29651687421043,472.119617224249,2139
2033.0,5545,0,4,0,10.108098761504342,60.47177637511271,472.3449341628191,2174
2034.0,5549,0,5,1,10.092346997237183,60.62065236979636,472.56822525788994,2206
2035.0,5552,0,5,2,10.05794365148623,60.810698847262245,472.6774894228575,2230
2036.0,5559,0,9,2,10.023282548620992,60.96312286382443,472.50762199633516,2247
2037.0,5561,0,5,3,9.988353696923204,61.2219025355152,472.8115192189216,2272
2038.0,5560,0,3,4,9.935960364085666,61.49730215827338,473.2988880931641,2307
2039.0,5566,0,7,1,9.894794865268501,61.69080129356809,473.295182840151,2332
2040.0,5565,0,2,3,9.816802761189054,61.97017070979335,473.74207453861146,2354
2041.0,5568,0,3,0,9.778885460828528,62.16271551724138,474.07047820407945,2382
2042.0,5573,0,6,1,9.733261799218837,62.3911717207967,474.2282331227232,2414
2043.0,5578,0,5,0,9.70460456193076,62.63051272857655,474.3903535258217,2431
2044.0,5580,0,2,0,9.67601704991287,62.83189964157706,474.809024112315,2437
2045.0,5584,0,5,1,9.63630688420746,63.070021489971346,475.0417977582322,2461
2046.0,5588,0,4,0,9.602675943085554,63.27129563350036,475.2941077207299,2472
2047.0,5593,0,5,0,9.575238898453744,63.52833899517254,475.4639468075659,2497
2048.0,5596,0,3,0,9.537781558635295,63.81736954967834,475.8069458340187,2513
2049.0,5601,0,6,1,9.505851844841937,64.07052312087127,475.9742601042689,2537
2050.0,5606,0,7,2,9.474003294880843,64.30538708526579,476.12738624462105,2550
2051.0,5612,0,8,2,9.452074507284502,64.5488239486814,476.07332830923883,2570
2052.0,5614,0,3,1,9.426451790349159,64.85714285714286,476.50641638276016,2605
2053.0,5616,0,5,3,9.395935293826275,65.1664886039886,476.6050809860723,2617
2054.0,5618,0,4,2,9.348188572612523,65.47899608401566,476.84149580464003,2628
2055.0,5620,0,2,0,9.309874742102723,65.81459074733097,477.2830992605761,2654
2056.0,5623,0,4,1,9.286259039243362,66.12217677396407,477.43379838785916,2667
2057.0,5627,0,4,0,9.24447222808256,66.39505953438777,477.7101312869359,2675
2058.0,5631,0,6,2,9.21445110188567,66.68016338128218,477.8333066107683,2692
2059.0,5636,0,6,1,9.187771288784822,66.99556422995032,478.021335644155,2723
2060.0,5642,0,6,0,9.160829808787339,67.27578872740163,478.13295965612593,2736
2061.0,5645,0,6,3,9.124681696409821,67.63702391496899,478.4694025534219,2775
2062.0,5646,0,2,1,9.097025937677529,67.97130712008502,478.8051482540581,2793
2063.0,5646,0,0,0,9.058955583672521,68.3894792773645,479.4315137935538,2812
2064.0,5648,0,4,2,9.028547254933729,68.76593484419263,479.64021912549805,2833
2065.0,5651,0,5,2,8.977351683943809,69.1144930100867,479.9821669931985,2854
2066.0,5653,0,2,0,8.95588550287303,69.5071643375199,480.4451182751105,2868
2067.0,5657,0,4,0,8.92455638896484,69.83295032702846,480.7401190303145,2874
2068.0,5655,0,0,2,8.891519031073495,70.22564102564102,481.40196966970797,2896
2069.0,5658,0,4,1,8.874214057146771,70.54718981972428,481.7829038971128,2922
2070.0,5659,0,2,1,8.854080026380817,70.94097897154974,482.2495537535986,2943
2071.0,5662,0,3,0,8.919148065252267,69.69286471211586,482.63018236480053,2735
2072.0,5666,0,4,0,9.038248582070713,68.96858453935756,482.9171831036399,2605
2073.0,5664,0,0,2,9.16807428960598,68.54290254237289,483.53193708028107,2500
2074.0,5663,0,2,3,9.323453401162954,68.13879569132969,484.1777121598516,2401
2075.0,5664,0,2,1,9.494199395568694,67.78301553672317,484.65339491765246,2311
2076.0,5664,0,1,1,9.672551931425033,67.53531073446328,485.1841491799069,2255
2077.0,5667,0,3,0,9.847910948408547,67.31604023292748,485.5001963659868,2199
2078.0,5672,0,5,0,10.002161220868336,67.10736953455572,485.6350943401096,2143
2079.0,5676,0,5,1,10.118434262407085,66.96405919661734,485.7696177227242,2119
2080.0,5681,0,5,0,10.218318729776657,66.8709734201725,485.89094836013163,2113
2081.0,5681,0,1,1,10.295023948087449,66.93997535645133,486.257344088292,2112
2082.0,5685,0,4,0,10.37202773532825,66.90466138962181,486.4545184266664,2101
2083.0,5687,0,3,1,10.420061470275078,66.89994724810973,486.81652990472736,2090
2084.0,5692,0,5,0,10.472423911022124,66.81763879128602,486.922143073689,2082
2085.0,5697,0,5,0,10.516542328316527,66.72090573986308,487.02582815688965,2073
2086.0,5701,0,4,0,10.556023579986002,66.65128924750044,487.21381075692375,2062
2087.0,5704,0,3,0,10.596141585033413,66.53103085553997,487.48495758986076,2029
2088.0,5705,0,3,2,10.614943915340584,66.51323400525854,487.7970661158525,2015
2089.0,5709,0,4,0,10.636675376054912,66.52881415309162,487.9801244162621,2013
2090.0,5712,0,3,0,10.639552250813242,66.58946078431373,488.24928590970626,2018
2091.0,5716,0,5,1,10.646897368403273,66.57015395381386,488.42563352533796,2001
2092.0,5716,0,2,2,10.634740077619904,66.64030790762772,488.9318292513558,1999
2093.0,5716,0,4,4,10.619324240091306,66.703988803359,489.09255070630815,2003
2094.0,5717,0,1,0,10.592357696729048,66.77068392513556,489.5349111079521,2009
2095.0,5719,0,2,0,10.576935341482077,66.74890715159994,489.89332544902226,1995
2096.0,5719,0,1,1,10.5539089982952,66.81325406539605,490.40567644926983,1992
2097.0,5720,0,3,2,10.540133342868874,66.87692307692308,490.60662343611824,1998
2098.0,5724,0,4,0,10.533167826221549,66.86460517120895,490.7946936395714,2002
2099.0,5729,0,5,0,10.532679584014737,66.90539361145052,490.89692034866977,2014
2100.0,5731,0,4,2,10.512422607736923,66.95341127202931,491.11720244100877,2007
2101.0,5731,0,3,3,10.50457129583828,67.02564997382656,491.2793129047353,2016
2102.0,5733,0,3,1,10.498631845283812,67.07587650444793,491.4885721519572,2018
2103.0,5736,0,5,2,10.48597964661782,67.15777545327755,491.6682800890501,2019
2104.0,5741,0,6,1,10.479274959243108,67.23584741334263,491.7413494938786,2032
2105.0,5744,0,3,0,10.475807529020937,67.39362813370474,492.02108893655065,2055
2106.0,5742,0,2,4,10.44450869852469,67.58551027516545,492.4310108959055,2068
2107.0,5744,0,4,2,10.422233402035463,67.66469359331477,492.6116085025713,2060
2108.0,5745,0,1,0,10.4057972297507,67.7899042645779,493.0677528647265,2069
2109.0,5746,0,2,1,10.377608511295714,67.9415245388096,493.406183460283,2077
2110.0,5746,0,1,1,10.340250334029008,68.1240863209189,493.94988848894997,2090
2111.0,5751,0,5,0,10.307770278099598,68.26099808728917,494.06909541476654,2119
2112.0,5757,0,6,0,10.266273460264857,68.37415320479417,494.1059377545894,2131
2113.0,5757,0,2,2,10.22131779358166,68.52093104047246,494.5536101597798,2141
2114.0,5760,0,5,2,10.166321873490986,68.68159722222222,494.8231589457659,2159
2115.0,5759,0,4,5,10.101456648967952,68.85309949644035,495.1822373816438,2183
2116.0,5760,0,1,0,10.053642415954876,68.99947916666666,495.6593326651325,2196
2117.0,5758,0,0,2,10.0113429566469,69.13042723167767,496.32228326282103,2211
2118.0,5760,0,3,1,9.964721872031493,69.2796875,496.6022667730477,2222
2119.0,5760,0,1,1,9.910079215805,69.41892361111111,497.0434732062769,2228
2120.0,5762,0,3,1,9.85363522365564,69.59597362027074,497.3251628329918,2261
2121.0,5767,0,6,1,9.819795936474259,69.73365701404543,497.44313544116244,2288
2122.0,5766,0,3,4,9.791778961067859,69.96670135275754,497.8539721773028,2314
2123.0,5768,0,2,0,9.76403136475798,70.16036754507628,498.259648017233,2323
2124.0,5768,0,3,3,9.733126276477924,70.40308599167822,498.7740586785609,2344
2125.0,5770,0,4,2,9.705929156724888,70.63968804159445,499.06059425616724,2368
2126.0,5773,0,3,0,9.67652997813169,70.91183093712108,499.3858598573372,2411
2127.0,5773,0,4,4,9.65520048642932,71.20284081067037,499.8296806734306,2426
2128.0,5774,0,2,1,9.622452194292435,71.48804987876689,500.2894350425096,2459
2129.0,5776,0,2,0,9.606466015276625,71.74774930747922,500.70586997765616,2470
2130.0,5778,0,5,3,9.593324644806195,72.01973001038422,501.00332834537306,2487
2131.0,5779,0,3,2,9.568577174213074,72.28170963834573,501.3224076699642,2510
2132.0,5782,0,4,1,9.551159325680223,72.47993773780699,501.653235157853,2519
2133.0,5787,0,6,1,9.539954817830813,72.69327803697944,501.81176158215,2529
2134.0,5789,0,4,2,9.529836444510023,72.91863879771981,502.0979415530942,2542
2135.0,5790,0,3,2,9.507840099259624,73.19706390328152,502.2773244185596,2581
2136.0,5794,0,4,0,9.493484844399108,73.42457714877459,502.5291949100451,2602
2137.0,5800,0,6,0,9.48135919940522,73.62913793103448,502.6091031355267,2620
2138.0,5801,0,1,0,9.45483139918747,73.88398551973798,503.12364257651393,2627
2139.0,5806,0,6,1,9.421548039644692,74.1031691353772,503.28890290150844,2641
2140.0,5810,0,4,0,9.396133412359976,74.35955249569707,503.54795510266166,2662
2141.0,5816,0,7,1,9.372439365508523,74.6038514442916,503.6110092629643,2687
2142.0,5820,0,4,0,9.34627948352398,74.83797250859106,503.873810978976,2704
2143.0,5823,0,5,2,9.339642165089984,75.08243173621844,504.08504637508304,2726
2144.0,5824,0,3,2,9.304499617098497,75.37276785714286,504.52553859401297,2736
2145.0,5823,0,0,1,9.266543380888391,75.70565000858664,505.1784848328648,2752
2146.0,5827,0,5,1,9.250819226892586,75.98026428694011,505.4431151186772,2769
2147.0,5828,0,3,2,9.239753447990372,76.31829100892244,505.94160157524306,2779
2148.0,5828,0,4,4,9.228183968007867,76.66695264241592,506.1729270138689,2801
2149.0,5832,0,6,2,9.217048534372754,76.96210562414267,506.21301992099956,2816
2150.0,5829,0,2,5,9.18485414971124,77.36489963973237,506.87793073350656,2836
2151.0,5829,0,2,2,9.154443244893907,77.73323039972551,507.48564863112784,2852
2152.0,5831,0,3,1,9.121487311821348,78.0830046304236,507.9109704872918,2870
2153.0,5831,0,1,1,9.094018578361323,78.47213170982678,508.40330180463474,2892
2154.0,5835,0,6,2,9.082109734506133,78.80274207369322,508.51552592678945,2910
2155.0,5840,0,5,0,9.068306890192131,79.1027397260274,508.70654724187716,2919
2156.0,5839,0,1,2,9.035048088163625,79.53399554718274,509.1426754198488,2941
2157.0,5844,0,6,1,9.020244127499737,79.87166324435319,509.32571889496495,2965
2158.0,5847,0,4,1,9.003221797921062,80.23636052676586,509.6860088633258,2972
2159.0,5848,0,2,1,8.987682474627533,80.58977428180575,510.2041915175364,2986
2160.0,5846,0,0,2,8.975572133320018,81.00085528566541,510.9827519588465,3000
2161.0,5850,0,4,0,9.04007396520406,79.79863247863248,511.2606424496926,2790
2162.0,5852,0,2,0,9.127250486009455,79.04084073820916,511.70706205780465,2634
2163.0,5855,0,3,0,9.263434054521262,78.50059777967549,512.0570004622558,2519
2164.0,5857,0,3,1,9.391448281736778,78.11200273177394,512.4814100592237,2444
2165.0,5863,0,6,0,9.54269666398009,77.83813747228382,512.5493300815212,2382
2166.0,5866,0,3,0,9.688202941447521,77.6800204568701,512.8695276828942,2338
2167.0,5873,0,7,0,9.848052310011674,77.48884726715478,512.8304923991705,2295
2168.0,5877,0,5,1,9.987630864872099,77.35256083035563,512.9339556379177,2245
2169.0,5879,0,3,1,10.080997210448494,77.2362646708624,513.2622010249638,2214
2170.0,5878,0,2,3,10.164920310726355,77.20091867982308,513.828883053274,2191
2171.0,5880,0,4,2,10.217684910231597,77.14574829931973,514.0409762185001,2176
2172.0,5881,0,6,5,10.268617368717555,77.12310831491243,514.2124550904451,2157
2173.0,5882,0,4,3,10.300571517943105,77.17069024141449,514.420874485279,2164
2174.0,5882,0,1,1,10.341519660539161,77.21591295477728,514.8133024427673,2156
2175.0,5886,0,4,0,10.370436670039869,77.18280665987088,514.9992307595047,2156
2176.0,5888,0,3,1,10.392896597264013,77.24694293478261,515.219217081755,2153
2177.0,5893,0,6,1,10.424480142195074,77.28610215509927,515.1823038380554,2149
2178.0,5895,0,2,0,10.428344874611225,77.19660729431722,515.5396648693034,2127
2179.0,5900,0,5,0,10.445815776310173,77.21101694915254,515.6335221779584,2121
2180.0,5900,0,0,0,10.454391396003734,77.29322033898305,516.16384864562,2116
2181.0,5903,0,3,0,10.459778748695857,77.33542266644079,516.4308370074566,2112
2182.0,5907,0,4,0,10.458449599063561,77.26426273912307,516.6101551448794,2088
2183.0,5909,0,4,2,10.46728807861234,77.29158910137079,516.9395741459307,2087
2184.0,5910,0,2,1,10.457665214826136,77.33604060913706,517.2646433694041,2089
2185.0,5914,0,5,1,10.45203535336413,77.37013865404126,517.4196139113358,2093
2186.0,5917,0,3,0,10.454918598507156,77.35693763731621,517.6877259202518,2089
2187.0,5921,0,5,1,10.463299068791434,77.3794967066374,517.7638646488155,2088
2188.0,5924,0,4,1,10.47071828453607,77.41374071573262,518.0178356128642,2091
2189.0,5925,0,2,1,10.454672070018106,77.48860759493671,518.4453192030368,2103
2190.0,5925,0,2,2,10.422387780352208,77.55189873417721,518.7077124611914,2102
2191.0,5928,0,4,1,10.396471637328455,77.5529689608637,518.880077060099,2102
2192.0,5936,0,9,1,10.392549417628155,77.60562668463612,518.7035856401625,2101
2193.0,5940,0,5,1,10.362485266370545,77.6520202020202,518.7293098916722,2102
2194.0,5940,0,2,2,10.319865049858407,77.78367003367003,519.0614521768084,2117
2195.0,5945,0,7,2,10.29123782770637,77.85012615643397,518.9914253465322,2126
2196.0,5948,0,4,1,10.257185803887191,77.91711499663752,519.2594716711249,2142
2197.0,5946,0,0,2,10.223990935609114,78.11436259670367,519.8510816527202,2161
2198.0,5950,0,4,0,10.190129239719461,78.2129411764706,520.047422221474,2166
2199.0,5949,0,2,3,10.16102983953952,78.36190956463271,520.3965602583181,2186
2200.0,5954,0,6,1,10.128452461277671,78.45784346657709,520.4862786747079,2190
2201.0,5957,0,4,1,10.094893541717878,78.56219573610878,520.680024356578,2204
2202.0,5959,0,2,0,10.060081110400247,78.708675952341,521.0594215984843,2217
2203.0,5963,0,6,2,10.041174248074679,78.8551064900218,521.2585078781424,2243
2204.0,5967,1190,5,1,10.010341357303203,79.03988603988604,521.462323609772,2268
2205.0,5969,0,4,2,9.980126912972112,79.17808678170547,521.6665429242046,2267
2206.0,5970,0,3,2,9.926303628575853,79.3035175879397,521.938401392521,2272
2207.0,5971,0,3,2,9.891684919935622,79.42237481158935,522.3190119106191,2274
2208.0,5973,0,2,0,9.858822454954057,79.58931860036833,522.7114514510714,2301
2209.0,5975,0,4,2,9.847448765588062,79.77205020920502,523.093708129976,2328
2210.0,5973,0,1,3,9.80981000029045,80.01305876443998,523.5780215493143,2341
2211.0,5976,0,5,2,9.797626101989035,80.16181392235609,523.8016436860787,2351
2212.0,5978,0,5,3,9.78278852051011,80.33857477417196,523.8802399470113,2383
2213.0,5983,0,7,2,9.781568371425807,80.5203075380244,523.948552714984,2402
2214.0,5985,0,3,1,9.774625915988599,80.69791144527987,524.2465325262573,2414
2215.0,5986,0,6,5,9.754361302354773,80.92966922819913,524.4172255563165,2427
2216.0,5985,0,3,4,9.73278547604694,81.21620718462823,524.9798150077927,2449
2217.0,5988,0,5,2,9.705923815303281,81.45440881763527,525.1937338264607,2468
2218.0,5986,0,2,4,9.663121644377211,81.73538255930505,525.7008652887636,2493
2219.0,5988,0,4,2,9.636729130616068,81.98046092184369,525.9071418944478,2516
2220.0,5990,0,6,4,9.600485395556232,82.240734557596,526.0785253935821,2540
2221.0,5993,0,5,2,9.569374956173341,82.43917904221591,526.2009206234312,2541
2222.0,5994,0,2,1,9.525938450993237,82.68234901568235,526.6552702810746,2559
2223.0,5995,0,2,1,9.483343535969189,82.94745621351126,527.1284507490699,2576
2224.0,5997,0,3,1,9.449005188829007,83.16708354177088,527.4542919011556,2600
2225.0,5999,0,4,2,9.406073205062446,83.42507084514085,527.7765191910642,2612
2226.0,6006,0,7,0,9.390311360030225,83.5989010989011,527.7592699150139,2635
2227.0,6012,0,6,0,9.36357065866833,83.76896207584831,527.8321657708359,2642
2228.0,6013,0,3,2,9.326215818686586,84.05055712622651,528.161033571711,2653
2229.0,6014,0,5,4,9.291976204970984,84.31875623545062,528.5576798374659,2666
2230.0,6015,0,4,3,9.252484720553918,84.5930174563591,528.9303385089586,2683
2231.0,6016,0,1,0,9.218843167646915,84.84657579787235,529.4505934373908,2701
2232.0,6018,0,6,4,9.189811130775748,85.12578929877036,529.6256236453185,2729
2233.0,6020,0,4,2,9.146919734957564,85.41661129568107,530.0542799336123,2745
2234.0,6024,0,4,0,9.128706366894827,85.67081673306772,530.3167438852996,2764
2235.0,6028,0,4,0,9.10875468692131,85.92733908427338,530.5798440189614,2799
2236.0,6029,0,2,1,9.075191364284276,86.27550174158235,530.993901519308,2814
2237.0,6033,0,5,1,9.059243801758335,86.56505884303,531.2400306933248,2837
2238.0,6035,0,2,0,9.041269568129218,86.88185584092793,531.6846673725889,2861
2239.0,6039,0,5,1,9.02466459272739,87.19374068554396,531.9426895985697,2878
2240.0,6042,0,4,1,9.020633897508146,87.47434624296591,532.2814225155352,2889
2241.0,6048,0,6,0,9.010915555284878,87.74718915343915,532.3777996302474,2902
2242.0,6051,0,4,1,8.983100589900488,88.03139976863328,532.7362019138326,2919
2243.0,6054,0,5,2,8.960488265815982,88.34126197555335,533.0707688936475,2934
2244.0,6057,0,4,1,8.930728129474536,88.65626547795938,533.3327449849119,2950
2245.0,6061,0,5,1,8.89504197761762,88.97475664081834,533.5056876910569,2970
2246.0,6063,0,2,0,8.85751507024845,89.34158007587003,533.9646753333132,3005
2247.0,6067,0,4,0,8.838252726597162,89.62370199439592,534.2483927901574,3003
2248.0,6070,0,5,2,8.820026649968158,89.96128500823723,534.4885585110197,3024
2249.0,6071,0,4,3,8.794768120587865,90.33536484928348,534.614381121024,3037
2250.0,6073,0,4,2,8.778583614221512,90.68187057467479,534.9172097302607,3054
2251.0,6075,0,3,1,8.829324558004151,89.64987654320987,535.1664867042609,2844
2252.0,6077,0,4,2,8.920518632197194,89.00625308540398,535.4118358790683,2703
2253.0,6077,0,2,2,9.027378301441228,88.55636004607537,535.6584731466994,2588
2254.0,6080,0,3,0,9.170442753827027,88.16907894736842,536.0073352978451,2487
2255.0,6081,0,2,1,9.321278741582763,87.98256865647097,536.5196532999199,2421
2256.0,6086,0,6,1,9.484289410676224,87.75928360170884,536.6631552455624,2358
2257.0,6088,0,3,1,9.650653874613736,87.60611038107753,536.8697841592801,2309
2258.0,6088,0,1,1,9.78450527425209,87.48127463863338,537.4309651131246,2268
2259.0,6090,0,5,3,9.897122089717945,87.3855500821018,537.6738582432746,2229
2260.0,6093,0,5,2,10.002899834682447,87.2983751846381,537.9516152178343,2208
2261.0,6096,0,4,1,10.097534643066211,87.24114173228347,538.1972980805506,2185
2262.0,6097,0,4,3,10.173773207842496,87.26783664097097,538.5847274958495,2169
2263.0,6099,0,4,2,10.227843679169021,87.30742744712248,538.6781929196394,2156
2264.0,6101,0,4,2,10.277111288057071,87.32470086871005,538.9437378789756,2156
2265.0,6102,0,5,4,10.321433253348653,87.33366109472304,539.1354041155057,2141
2266.0,6106,0,6,2,10.38290285700927,87.28136259416966,539.2124088860301,2118
2267.0,6106,0,4,4,10.409171153349241,87.36423190304619,539.4967943764452,2101
2268.0,6104,0,1,3,10.410787799781792,87.48263433813892,540.1026594794358,2093
2269.0,6109,0,7,2,10.424781440672293,87.49418890162056,540.0216206538418,2093
2270.0,6107,0,3,5,10.418298405445512,87.62944162436548,540.305182565163,2090
2271.0,6105,0,3,5,10.41589674336417,87.75626535626536,540.6937245291577,2077
2272.0,6107,0,4,2,10.426712723966228,87.83396102832815,540.966081733036,2077
2273.0,6107,0,5,5,10.416074277620575,87.95202226952678,541.1553027332238,2083
2274.0,6109,0,4,2,10.412956625874205,88.06400392862989,541.3830957527409,2073
2275.0,6111,0,3,1,10.41371858759201,88.08231058746523,541.7159331888936,2057
2276.0,6116,0,6,1,10.441516604892787,88.07930019620667,541.6823425025127,2053
2277.0,6119,0,5,2,10.443444012908769,88.13744075829383,541.7518132275418,2061
2278.0,6121,0,3,1,10.425150373978534,88.19343244567881,542.0357663100579,2042
2279.0,6123,0,4,2,10.417018862603829,88.25265392781316,542.3499105773404,2045
2280.0,6124,0,2,1,10.408353676133391,88.3476485956891,542.694150836152,2042
2281.0,6126,0,4,2,10.394887856913181,88.46931113287627,542.7548550093992,2061
2282.0,6123,0,1,4,10.364633665354503,88.66193042626163,543.4277228809638,2071
2283.0,6123,0,3,3,10.33850547924352,88.75240894986118,543.8095192163019,2056
2284.0,6124,0,3,2,10.318756899262139,88.87165251469628,544.1892148019031,2078
2285.0,6123,0,1,2,10.291818603610311,89.0331536828352,544.7007605282498,2091
2286.0,6123,0,4,4,10.264081098392403,89.15956230605912,544.9931177441659,2100
2287.0,6128,0,6,1,10.236606563011316,89.21409921671018,545.0616938614787,2102
2288.0,6128,0,1,1,10.205058578272657,89.36210835509138,545.5718144954506,2119
2289.0,6130,0,4,2,10.17993813411654,89.5068515497553,545.9121658009285,2140
2290.0,6132,0,4,2,10.124559669476424,89.61562296151337,546.2326477782337,2135
2291.0,6134,0,3,1,10.087879771991656,89.73443104010434,546.5007140701256,2133
2292.0,6135,0,3,2,10.033222223090064,89.8963325183374,546.7092824132545,2142
2293.0,6135,0,2,2,9.981189102487761,90.1002444987775,547.15448633054,2162
2294.0,6134,0,2,3,9.927718875277552,90.3219758721878,547.5677610161408,2183
2295.0,6133,0,0,1,9.877346127661806,90.55095385618783,548.1475591068224,2198
2296.0,6132,0,2,3,9.817119000836533,90.7420091324201,548.5098668056926,2207
2297.0,6129,0,0,3,9.761010911459708,91.00130527002774,549.0182724682844,2245
2298.0,6127,0,2,4,9.702166599114042,91.24547086665578,549.4583266153111,2263
2299.0,6130,0,4,1,9.658610992619817,91.43768352365416,549.7595404766346,2307
2300.0,6128,0,1,3,9.597386715444012,91.73107049608355,550.1176718175992,2331
2301.0,6129,0,3,2,9.532079129058445,91.97405775819873,550.4533267518235,2361
2302.0,6128,0,2,3,9.482180964502357,92.26142297650131,550.777972133728,2393
2303.0,6130,0,3,1,9.434535741760802,92.50978792822185,551.1626298684649,2434
2304.0,6129,0,1,2,9.372106859317098,92.80665687714146,551.725736365583,2465
2305.0,6134,0,5,0,9.340807933047987,93.0404303880013,551.868304211282,2495
2306.0,6138,0,5,1,9.304505555873567,93.2921146953405,552.1012575670685,2524
2307.0,6142,0,5,1,9.256859058683414,93.5166069684142,552.3280114785356,2554
2308.0,6148,0,6,0,9.2288357778007,93.74902407286923,552.3895200345833,2588
2309.0,6150,0,3,1,9.192132161137453,94.05138211382113,552.679308465324,2616
2310.0,6152,0,4,2,9.153469170791302,94.35744473342002,553.0454068116211,2655
2311.0,6151,0,0,1,9.114569411957271,94.67777597138677,553.7059462651927,2680
2312.0,6153,0,4,2,9.090440209709927,94.95124329595319,554.0876997937418,2707
2313.0,6154,0,3,2,9.05785057731469,95.22814429639259,554.3403947394787,2713
2314.0,6151,0,0,3,9.030474229085419,95.57697935295074,554.8816237203342,2736
2315.0,6157,0,6,0,9.017760019398949,95.7557251908397,554.9557508251914,2748
2316.0,6159,0,3,1,9.00249413840506,96.02760188342263,555.291689809884,2758
2317.0,6159,0,1,1,8.980059596157476,96.31498619905828,555.8834017031072,2769
2318.0,6161,0,2,0,8.952882396828958,96.59032624573933,556.3219806326327,2783
2319.0,6163,0,2,0,8.926715045575937,96.88090215803992,556.7624533415503,2797
2320.0,6166,0,3,0,8.913312839941826,97.14498864742134,557.1139972632567,2800
2321.0,6167,0,3,2,8.890454671735476,97.45711042646343,557.4083997725908,2821
2322.0,6169,0,2,0,8.871401982548667,97.7343167450154,557.8525741751563,2830
2323.0,6168,0,2,3,8.850050855601554,98.0943579766537,558.3134061108016,2861
2324.0,6173,0,5,0,8.842079396393078,98.34343107079216,558.4887449431591,2881
2325.0,6172,0,3,4,8.801230769340512,98.70366169799092,558.9063178134535,2900
2326.0,6173,0,2,1,8.775632391550925,99.04843674064475,559.370330565744,2929
2327.0,6172,0,2,3,8.745941347102073,99.44134802333117,559.890450024788,2943
2328.0,6172,0,4,4,8.715146924847248,99.81804925469864,560.3624728434382,2958
2329.0,6173,0,3,2,8.693832039999322,100.18678114369027,560.8180752561784,2973
2330.0,6172,0,2,3,8.674054546453212,100.56367465975373,561.4064019232732,2981
2331.0,6175,0,6,3,8.653095722451084,100.88453441295546,561.4917954098869,3007
2332.0,6175,0,2,2,8.630381858340188,101.2825910931174,561.9235328336584,3015
2333.0,6175,0,2,2,8.597501311994753,101.6651012145749,562.444898230556,3021
2334.0,6178,0,3,0,8.571726277982776,102.01133052767887,562.8166120996733,3046
2335.0,6181,0,4,1,8.544365855302607,102.39314026856496,563.1046926823619,3076
2336.0,6185,0,4,0,8.531764272524809,102.72983023443815,563.389051181335,3094
2337.0,6186,0,3,2,8.507249357352014,103.12560620756547,563.7872577757545,3108
2338.0,6186,0,4,4,8.484389663849042,103.54704170708051,564.2876418185432,3124
2339.0,6188,0,2,0,8.469292013978542,103.89915966386555,564.7579022909902,3146
2340.0,6190,0,4,2,8.442961791142467,104.29095315024233,565.1222271246867,3163
2341.0,6191,0,2,1,8.484617917655745,103.24713293490551,565.6700010621615,2956
2342.0,6194,0,4,1,8.580600017225827,102.5439134646432,565.9631413831626,2815
2343.0,6197,0,4,1,8.711314668316668,102.0563175730192,566.2306060095902,2704
2344.0,6202,0,6,1,8.867791736628739,101.64285714285714,566.3126482045897,2617
2345.0,6203,0,3,2,9.034359354958877,101.35740770594873,566.6335873962439,2539
2346.0,6206,0,4,1,9.204883785920153,101.11521108604576,566.9580248751743,2474
2347.0,6210,0,6,2,9.365797325969952,100.89178743961352,567.098045101852,2432
2348.0,6214,0,4,0,9.511309662323901,100.74348245896363,567.3160587429865,2389
2349.0,6219,0,5,0,9.632458436990225,100.61279948544782,567.4352577379138,2357
2350.0,6221,0,3,1,9.72800056163162,100.60070728178749,567.7630395130093,2330
2351.0,6222,0,3,2,9.813434419741098,100.60012857602057,568.0069775618891,2323
2352.0,6221,0,2,3,9.867549568799753,100.60665487863687,568.4545918417755,2308
2353.0,6220,0,2,3,9.919657628726434,100.55755627009647,568.6055376364028,2270
2354.0,6221,0,2,1,9.969987955742786,100.56180678347532,569.0589821144987,2266
2355.0,6222,0,2,1,10.024947801941606,100.525393764063,569.4429872723395,2254
2356.0,6222,0,2,2,10.059555597366053,100.58534233365478,569.9812593108076,2254
2357.0,6222,0,2,2,10.096758549004768,100.52234008357442,570.3417196090261,2221
2358.0,6226,0,4,0,10.131779330577299,100.48586572438163,570.5185184676718,2213
2359.0,6228,0,3,1,10.163327160075927,100.48474630700065,570.7723234241789,2210
2360.0,6232,0,5,1,10.177041246700378,100.42698973042361,570.9076173841923,2204
2361.0,6235,0,5,2,10.206456393072125,100.27345629510826,571.0602846601356,2168
2362.0,6238,0,4,1,10.221032601530442,100.26306508496313,571.3159106622726,2167
2363.0,6238,0,1,1,10.21764155054578,100.26963770439244,571.7439535324162,2160
2364.0,6239,0,4,3,10.227275923710065,100.36624459047924,571.8993912708944,2156
2365.0,6240,0,1,0,10.219622575224626,100.39711538461539,572.3474431778071,2165
2366.0,6244,0,4,0,10.22817423546545,100.3611467008328,572.5200686757564,2144
2367.0,6244,0,0,0,10.224568000773957,100.44875080076874,573.0587733703521,2151
2368.0,6245,0,1,0,10.217981713788525,100.51753402722177,573.5057840505258,2145
2369.0,6246,0,1,0,10.202549705551144,100.59382004482869,573.9539326924162,2146
2370.0,6249,0,4,1,10.187325185421807,100.60585693710993,574.10244612124,2144
2371.0,6253,0,5,1,10.17481752655897,100.62641931872702,574.1613101816822,2144
2372.0,6256,0,3,0,10.167897773277843,100.65632992327366,574.4270010528236,2138
2373.0,6256,0,1,1,10.14724685924161,100.75527493606138,574.8817224898025,2143
2374.0,6258,0,3,1,10.139419008588153,100.80888462767658,575.2146048219828,2158
2375.0,6260,0,4,2,10.121261126414021,100.86789137380191,575.4701353237973,2157
2376.0,6263,0,4,1,10.112254065860691,100.91697269679068,575.734980323773,2174
2377.0,6268,0,6,1,10.1007169457651,100.84572431397575,575.725197333003,2176
2378.0,6268,0,4,4,10.063226419426567,100.91991065730696,575.8805913098253,2176
2379.0,6271,0,3,0,10.03585787821868,100.9618880561314,576.1550100462928,2201
2380.0,6272,0,3,2,9.976618300427665,101.10028698979592,576.4880990158832,2223
2381.0,6274,0,3,1,9.933322308958608,101.20449474019765,576.8294702052744,2243
2382.0,6275,0,2,1,9.895864222523377,101.38565737051793,577.22558180852,2265
2383.0,6278,0,5,2,9.854722358344697,101.48677922905384,577.2502069808044,2276
2384.0,6280,0,4,2,9.811791799530589,101.65859872611465,577.4180302626157,2293
2385.0,6285,0,6,1,9.762507854789767,101.7587907716786,577.4199386578429,2329
2386.0,6287,0,5,3,9.721981848870568,101.8600286305074,577.6609632486158,2342
2387.0,6290,0,4,1,9.673638589614706,101.96804451510334,577.9359516360087,2359
2388.0,6289,0,4,5,9.624683851502281,102.14024487199873,578.1796885986971,2382
2389.0,6290,0,2,1,9.583313340815593,102.34451510333864,578.6585662423266,2422
2390.0,6295,0,5,0,9.56765683588875,102.47752184273233,578.7782866646435,2441
2391.0,6300,0,7,2,9.531648356699616,102.6463492063492,578.8826798457903,2474
2392.0,6300,0,2,2,9.487288116388292,102.89158730158731,579.3548619480523,2506
2393.0,6301,0,3,2,9.437986460467364,103.11410887160768,579.8191910243877,2531
2394.0,6300,0,2,3,9.401646631229612,103.37428571428572,580.3001989691672,2560
2395.0,6300,0,4,4,9.35773647627915,103.6563492063492,580.5841601856132,2584
2396.0,6302,0,4,2,9.335329097802756,103.90352269120913,580.6565432464472,2597
2397.0,6305,0,5,2,9.323972099622349,104.13719270420302,580.6966326842593,2623
2398.0,6306,0,3,2,9.312204090623093,104.39169045353631,581.1868411910942,2652
2399.0,6310,0,5,1,9.2901874025692,104.62345483359746,581.3139079203806,2680
2400.0,6311,0,3,2,9.261423786712738,104.9334495325622,581.6946896409439,2699
2401.0,6312,0,2,1,9.235450724516376,105.18567807351077,582.1769633613515,2720
2402.0,6311,0,1,2,9.204442580641338,105.49025511012518,582.6649003922249,2732
2403.0,6314,0,4,1,9.185034701909158,105.7093759898638,582.9480810041567,2747
2404.0,6313,1199,1,2,9.150221022638314,105.98257563757326,583.5389136335335,2753
2405.0,6315,0,4,2,9.127454527780246,106.23689627870151,583.9239920095017,2769
2406.0,6317,0,3,1,9.11000706571486,106.52334969130916,584.3474312868798,2782
2407.0,6322,0,6,1,9.107565427428145,106.71591268585891,584.4650743085728,2798
2408.0,6322,0,2,2,9.091767688447193,106.99398924391015,585.0701173367197,2818
2409.0,6322,0,2,2,9.058935355064529,107.25308446694085,585.5487258719204,2833
2410.0,6326,0,5,1,9.023067326322634,107.49083148909263,585.7870253043351,2851
2411.0,6326,0,3,3,8.988002729742439,107.78280113815997,586.3485586825929,2861
2412.0,6326,0,2,2,8.952131039655248,108.1000632311097,586.7876138860303,2870
2413.0,6325,0,2,3,8.924706725802025,108.43747035573122,587.3506140177767,2887
2414.0,6329,0,5,1,8.901499264673413,108.67024806446516,587.566018526357,2901
2415.0,6336,0,7,0,8.894281844401089,108.85479797979798,587.543150165025,2923
2416.0,6340,0,4,0,8.879812167324607,109.11198738170347,587.7993188736118,2943
2417.0,6345,0,5,0,8.873677466561439,109.37289204097715,587.9636194748992,2963
2418.0,6347,0,2,0,8.844616971608714,109.72743028202301,588.4075264944869,2976
2419.0,6350,0,3,0,8.82663264212948,110.01102362204725,588.7596519148387,2996
2420.0,6351,0,2,1,8.805759309642662,110.34089119823649,589.2627249171046,3021
2421.0,6352,0,3,2,8.76573080916641,110.66750629722922,589.5856432918846,3034
2422.0,6353,0,2,1,8.736553636382085,111.02786085314025,590.0817113594367,3050
2423.0,6358,0,6,1,8.724254454781008,111.28955646429695,590.2348105127236,3068
2424.0,6360,0,2,0,8.703355253756996,111.63223270440251,590.6858911169682,3082
2425.0,6364,0,4,0,8.688748228126968,111.8914204902577,590.9528065200053,3091
2426.0,6367,0,3,0,8.651967277048294,112.18784356839956,591.313803254438,3104
2427.0,6371,0,7,3,8.624961605701431,112.50981007691101,591.4505897143816,3120
2428.0,6375,0,5,1,8.59526610355111,112.8003137254902,591.5654502642316,3130
2429.0,6380,0,7,2,8.556826544840824,113.09278996865204,591.4607696413939,3149
2430.0,6385,0,6,1,8.530263305397137,113.37024275646046,591.493128432467,3173
2431.0,6384,0,3,4,8.574913753049453,112.406328320802,591.9671461349508,2972
2432.0,6383,0,3,4,8.659920508689504,111.75215415948614,592.5259814099184,2828
2433.0,6385,0,3,1,8.778107259133336,111.21331245105716,592.8180417996222,2716
2434.0,6384,0,1,2,8.915136414166705,110.8671679197995,593.4591872094719,2633
2435.0,6384,0,2,2,9.052501920433778,110.58302005012531,593.9786068292025,2567
2436.0,6386,0,3,1,9.20149545566735,110.30363294707172,594.1399947117903,2503
2437.0,6389,0,5,2,9.327942235684624,110.02347785255908,594.3545252582692,2456
2438.0,6392,0,4,1,9.459198090356676,109.81476846057572,594.5837287647269,2409
2439.0,6391,0,1,2,9.540594040165924,109.7604443749022,595.0595599786978,2390
2440.0,6392,0,4,3,9.619112892158581,109.65894868585733,595.2813008332812,2360
2441.0,6392,0,3,3,9.681006646865635,109.62249687108886,595.5969929855767,2343
2442.0,6393,0,2,1,9.752328883014904,109.51321758173002,596.0150758032038,2314
2443.0,6396,0,3,0,9.81652750860556,109.44574734208881,596.2933154833237,2297
2444.0,6395,0,3,4,9.861859910947762,109.40969507427678,596.548534122186,2279
2445.0,6395,0,1,1,9.90379241691121,109.43236903831118,597.0987083328647,2278
2446.0,6396,0,3,2,9.942915573116748,109.45403377110694,597.3241062652341,2278
2447.0,6399,0,5,2,9.979721438165297,109.38240350054696,597.4947971575534,2265
2448.0,6400,0,2,1,10.008093272050864,109.3959375,597.77761197116,2262
2449.0,6401,0,3,2,10.018417638369957,109.40384314950789,598.1142756057925,2246
2450.0,6402,0,2,1,10.04212068041781,109.40799750078101,598.3961956147348,2227
2451.0,6406,0,6,2,10.062628062114033,109.41195753980644,598.2987931168427,2237
2452.0,6410,0,5,1,10.095068738181377,109.41263650546021,598.3394237295605,2228
2453.0,6411,0,5,4,10.120087509135882,109.43082202464514,598.5793376027921,2232
2454.0,6410,0,1,2,10.125892120025126,109.48798751950078,598.9286835216916,2240
2455.0,6412,0,4,2,10.146199495754058,109.47099189020587,599.187920767363,2239
2456.0,6411,0,0,1,10.153107962325462,109.53408204648261,599.5965323151947,2236
2457.0,6414,0,6,3,10.162799857710223,109.55675085749922,599.6569944963303,2235
2458.0,6416,0,3,1,10.157817230437757,109.589463840399,599.8759506475002,2240
2459.0,6422,0,7,1,10.161953287225462,109.5518530052943,599.775611784717,2245
2460.0,6423,0,3,2,10.1403625855658,109.55783901603613,600.0291665298626,2236
2461.0,6424,0,1,0,10.120307483434335,109.63511830635119,600.4805432097208,2257
2462.0,6428,0,5,1,10.108211894754554,109.62850031113877,600.572110961248,2252
2463.0,6428,0,1,1,10.080143921384783,109.71313005600499,601.0256949215093,2259
2464.0,6430,0,5,3,10.05360518771603,109.78024883359254,601.1303543720745,2278
2465.0,6433,0,4,1,10.043697727754079,109.83724545313228,601.3633402484392,2287
2466.0,6436,0,5,2,10.03394408280486,109.90366687383468,601.5657482666278,2292
2467.0,6441,0,5,0,10.035338157376499,109.93153237074988,601.6506737125791,2289
2468.0,6439,0,2,4,10.019452702450401,110.10296629911477,601.9776718743024,2290
2469.0,6444,0,5,0,9.986821568191871,110.06657355679702,602.0659576309896,2305
2470.0,6445,0,2,1,9.935562420752586,110.20930954228083,602.4751550261118,2319
2471.0,6446,0,3,2,9.890044864018476,110.30282345640707,602.6898627401883,2309
2472.0,6449,0,4,1,9.856482557364007,110.38393549387501,602.940604780474,2320
2473.0,6451,0,2,0,9.815177791809433,110.45496822198109,603.3193563977038,2341
2474.0,6453,0,4,2,9.774526733984827,110.54362312102897,603.4946197127878,2351
2475.0,6458,0,5,0,9.74082909366369,110.60839269123568,603.597590311468,2380
2476.0,6459,0,3,2,9.692654620491139,110.69886979408577,603.8771646827628,2369
2477.0,6460,0,2,1,9.660784379613858,110.79613003095976,604.3560098194587,2381
2478.0,6463,0,4,1,9.634106252695064,110.8540925266904,604.5554245270066,2408
2479.0,6466,0,4,1,9.610161199205894,110.96566656356326,604.6147978054345,2423
2480.0,6467,0,1,0,9.577254780520645,111.15339415494047,605.1014146315341,2451
2481.0,6475,0,8,0,9.560038403891319,111.1803861003861,604.935035928699,2461
2482.0,6478,0,3,0,9.523712431641547,111.34732942266132,605.2384042998697,2476
2483.0,6481,0,4,1,9.49213495317034,111.53649128220954,605.3574853242702,2511
2484.0,6483,0,6,4,9.456506590591498,111.7448712016042,605.6329038360882,2531
2485.0,6486,0,3,0,9.436118648992547,111.95405488744989,605.9417860283995,2560
2486.0,6491,0,6,1,9.410683197856494,112.16083808350024,606.0603967591807,2592
2487.0,6495,0,4,0,9.394995084648667,112.3738260200154,606.2794628800984,2627
2488.0,6499,0,4,0,9.371371558356563,112.58993691337129,606.4993427926671,2653
2489.0,6500,0,2,1,9.34036967337823,112.84030769230769,606.8422748634405,2674
2490.0,6504,0,5,1,9.319758261591268,113.0928659286593,607.025481660117,2699
2491.0,6508,0,6,2,9.285360604597836,113.27366318377382,607.0811603482274,2715
2492.0,6508,0,3,3,9.252620756076247,113.51674861708666,607.4347370865482,2742
2493.0,6508,0,2,2,9.228723871745391,113.78134603564843,607.9939426724053,2750
2494.0,6511,0,4,1,9.20256420819563,113.98479496237137,608.2095401544572,2759
2495.0,6515,0,5,1,9.196233723982196,114.18388334612433,608.2875078084022,2776
2496.0,6521,0,7,1,9.17087774259989,114.36022082502684,608.1837355849153,2792
2497.0,6523,0,2,0,9.134202226313562,114.58393377280393,608.6070131292837,2800
2498.0,6525,0,4,2,9.117368598422544,114.81532567049808,608.8535169716529,2829
2499.0,6525,0,1,1,9.080617124263165,115.12091954022989,609.4398991998024,2854
2500.0,6528,0,5,2,9.060151616616174,115.40058210784314,609.5511321185073,2868
2501.0,6532,0,5,1,9.042059338493926,115.62538273116962,609.7659664083702,2900
2502.0,6531,0,2,3,9.003256426184693,115.97932935231971,610.2615387499815,2936
2503.0,6532,0,3,2,8.977416100116617,116.2917942437232,610.6671885341693,2958
2504.0,6534,0,4,2,8.950548184083432,116.59213345576983,611.03678073651,2988
2505.0,6537,0,3,0,8.944885615869445,116.86369894446995,611.3802048250786,3013
2506.0,6539,0,3,1,8.93531731640821,117.1839730845695,611.7606916533596,3036
2507.0,6541,0,3,1,8.922148554465265,117.50634459562758,612.1629771665059,3065
2508.0,6543,0,3,1,8.908567655809755,117.8246981506954,612.474325537,3077
2509.0,6545,0,2,0,8.869370705165895,118.15783040488922,612.9174403238356,3092
2510.0,6548,0,4,1,8.844418249605683,118.47052535125229,613.1577575687157,3107
2511.0,6550,0,3,1,8.821565992817373,118.79893129770993,613.5923427101825,3132
2512.0,6553,0,4,1,8.788972500284075,119.15168625057225,613.8570387223505,3159
2513.0,6557,0,6,2,8.775422049501804,119.4378526765289,614.0796907199506,3175
2514.0,6560,0,4,1,8.740841843827553,119.78399390243902,614.4256101140826,3197
2515.0,6563,0,4,1,8.722524854797435,120.12555233886943,614.6487180268872,3215
2516.0,6568,0,5,0,8.715039332153134,120.43239951278927,614.821575379532,3238
2517.0,6573,0,5,0,8.709862037952432,120.75688422333789,614.9953640610825,3259
2518.0,6579,0,6,0,8.709278748757203,121.0749354005168,615.0774481610644,3268
2519.0,6578,0,1,2,8.69150508921959,121.54819093949529,615.648915158608,3279
2520.0,6581,0,4,1,8.66228383020392,121.9179456009725,615.9926664537043,3312
2521.0,6583,0,2,0,8.704782146628174,120.98769557952302,616.4492657303961,3104
2522.0,6585,0,2,0,8.788751811175905,120.43432042520881,616.8990075604177,2969
2523.0,6585,0,1,1,8.900087717573829,120.03507972665147,617.4988101764934,2860
2524.0,6589,0,5,1,9.038804261988416,119.66565487934436,617.717351245434,2769
2525.0,6589,0,1,1,9.160057799696336,119.4493853392017,618.1962875616038,2701
2526.0,6594,0,5,0,9.308945400685372,119.18046709129511,618.3280458794457,2633
2527.0,6595,0,2,1,9.455906748073378,119.02880970432146,618.717745907764,2578
2528.0,6596,0,2,1,9.574808516069343,118.87477258944816,619.037128065444,2524
2529.0,6594,0,0,2,9.66432706221739,118.83530482256597,619.7951372582515,2502
2530.0,6594,0,1,1,9.732157819008169,118.78601759175008,620.3625244263054,2485
2531.0,6597,0,4,1,9.80732982363475,118.7902076701531,620.5438687954131,2465
2532.0,6595,0,0,2,9.86036831777594,118.78241091736163,621.2431267312595,2445
2533.0,6597,0,2,0,9.925016211611126,118.80218281036835,621.6124036395556,2439
2534.0,6597,0,3,3,9.971923964193472,118.79293618311354,621.9344138672993,2418
2535.0,6600,0,4,1,10.017479777929077,118.7830303030303,622.1360857700633,2412
2536.0,6603,0,3,0,10.059205556334765,118.7664697864607,622.4015924389009,2395
2537.0,6604,0,3,2,10.069141175267292,118.82889158086009,622.5594855634869,2373
2538.0,6607,0,3,0,10.080238285376304,118.84592099288633,622.8233011778957,2366
2539.0,6606,0,2,3,10.106667537696525,118.96654556463821,623.2216277774544,2357
2540.0,6609,0,3,0,10.113676992948871,119.03661673475564,623.4832307236007,2349
2541.0,6609,0,4,4,10.129521469413763,119.1239219246482,623.9001747457042,2351
2542.0,6609,0,1,1,10.150588643567138,119.2333182024512,624.3224274172401,2358
2543.0,6612,0,5,2,10.166922494047975,119.18088324258923,624.393781540925,2324
2544.0,6609,0,1,4,10.176456502869575,119.33772128915116,625.0087603812568,2313
2545.0,6612,0,5,2,10.195846918817379,119.40214761040532,625.1536957850586,2308
2546.0,6613,0,2,1,10.1984494114601,119.47784666565855,625.5673266366246,2312
2547.0,6615,0,4,2,10.203262671163886,119.53817082388511,625.9074002589335,2296
2548.0,6617,0,2,0,10.18698505780971,119.59301798398066,626.2594704909526,2295
2549.0,6619,0,3,1,10.171722774996464,119.70660220577126,626.4460642828348,2304
2550.0,6622,0,4,1,10.154391310712114,119.76472364844457,626.5895348850079,2312
2551.0,6621,0,1,2,10.140124717209547,119.943059960731,627.1040217857023,2322
2552.0,6624,0,4,1,10.12196769462377,119.99547101449275,627.1924398471383,2326
2553.0,6626,0,4,2,10.096693305180906,120.0777241171144,627.5334201338418,2340
2554.0,6628,0,3,1,10.081318417789541,120.1246228123114,627.7891133491885,2318
2555.0,6629,0,4,3,10.07179034053951,120.19987931814754,628.0916513631807,2332
2556.0,6626,0,1,4,10.02901436519104,120.41940839118624,628.7539358881805,2336
2557.0,6626,0,3,3,9.997483928487984,120.54286145487474,629.017704555598,2350
2558.0,6629,0,4,1,9.970066150478495,120.61110273042691,629.1795338948978,2372
2559.0,6629,0,1,1,9.928983868216577,120.78413033640066,629.647590657212,2393
2560.0,6630,0,1,0,9.884761818301273,120.9209653092006,630.1121109412497,2399
2561.0,6632,0,5,3,9.847312433801697,121.00150784077202,630.027608458368,2418
2562.0,6634,0,4,2,9.800975839232654,121.16340066324993,630.2168367455901,2439
2563.0,6639,0,5,0,9.750690072910832,121.24898328061455,630.3102343345523,2447
2564.0,6642,0,6,3,9.685710447397023,121.37895212285456,630.36334930111,2479
2565.0,6640,0,1,3,9.627385210116524,121.62710843373495,630.9193915397026,2492
2566.0,6644,0,4,0,9.586612310504403,121.7260686333534,631.1160406256254,2508
2567.0,6646,0,4,2,9.560310350500357,121.8680409268733,631.2336191240177,2534
2568.0,6649,0,4,1,9.52572645948569,122.03850203038051,631.4332298569747,2557
2569.0,6651,0,5,3,9.495242311061522,122.21470455570591,631.6733914816203,2600
2570.0,6656,0,7,2,9.465837040165141,122.37184495192308,631.6788898304047,2619
2571.0,6659,0,5,2,9.438304059389408,122.53025979876858,631.7374213066406,2649
2572.0,6660,0,3,2,9.403868336328594,122.76261261261261,631.8872719250189,2686
2573.0,6662,0,3,1,9.35303611687177,122.96712698889222,632.1787484430976,2717
2574.0,6666,0,5,1,9.31761944502211,123.15271527152716,632.3347223016322,2757
2575.0,6671,0,6,1,9.303367456596835,123.32468895218108,632.4343234199936,2776
2576.0,6673,0,4,2,9.279439680047759,123.57590289225236,632.6164046027236,2804
2577.0,6676,0,4,1,9.23649674418102,123.81800479328939,632.9242788536919,2833
2578.0,6678,0,2,0,9.194237250501322,124.05166217430369,633.3371110833478,2859
2579.0,6679,0,3,2,9.15343341412612,124.35214852522833,633.7222851457963,2899
2580.0,6680,0,1,0,9.121457413252816,124.63293413173653,634.2346206255264,2915
2581.0,6684,0,4,0,9.086670224009534,124.79652902453621,634.4641410263536,2924
2582.0,6689,0,5,0,9.059447915677136,124.99402003288982,634.600643818038,2965
2583.0,6692,0,5,2,9.016513852336718,125.22564255827854,634.8379093358858,2984
2584.0,6697,0,6,1,8.99590887672406,125.44930565925041,634.8848566744587,3020
2585.0,6700,0,4,1,8.970995300416474,125.68059701492537,635.1272144777389,3040
2586.0,6705,0,5,0,8.94573798798261,125.8565249813572,635.272061336382,3054
2587.0,6708,0,3,0,8.927813974725622,126.10062611806798,635.6076052488489,3065
2588.0,6710,0,3,1,8.901671391483186,126.36363636363636,635.922782656332,3085
2589.0,6714,0,5,1,8.872459315941372,126.6039618707179,636.1490958988778,3106
2590.0,6718,0,6,2,8.83112050706621,126.84415004465615,636.2018979169866,3138
2591.0,6719,0,2,1,8.804904709995213,127.14585503795207,636.7200635620169,3160
2592.0,6721,0,3,1,8.777858105524391,127.42106829340872,637.0321669843468,3186
2593.0,6721,0,3,3,8.74135892766399,127.78396072013093,637.1592619788108,3213
2594.0,6725,0,4,0,8.711527999801145,128.06408921933087,637.4151064422052,3230
2595.0,6727,0,4,2,8.689797294316401,128.35840642188197,637.5825952881579,3250
2596.0,6730,0,3,0,8.67288357933206,128.6702823179792,637.9358055949201,3273
2597.0,6729,0,1,2,8.650613788374303,129.04740674691632,638.6397514841584,3294
2598.0,6732,0,4,1,8.63388227633118,129.34031491384434,638.7669397059483,3294
2599.0,6735,0,3,0,8.621247234194929,129.65939123979214,639.1234378504266,3315
2600.0,6737,0,4,2,8.597596656509461,129.94062639156894,639.4448527960551,3319
2601.0,6735,0,1,3,8.579164068575333,130.354565701559,640.2002409595378,3341
2602.0,6739,0,5,1,8.575758716326074,130.64890933372905,640.4626610875116,3367
2603.0,6743,0,5,1,8.566794613013188,130.96262791042562,640.5655875338228,3387
2604.0,6745,1132,4,2,8.549609529518884,131.3401037805782,640.8626165549994,3409
2605.0,6746,0,3,2,8.525032368526142,131.7321375630003,641.1181535694185,3428
2606.0,6747,0,2,1,8.503094291541256,132.12153549725804,641.5153688641439,3446
2607.0,6749,0,3,1,8.48817242089198,132.5055563787228,641.8415052682853,3463
2608.0,6754,0,5,0,8.47401327852014,132.82617708024875,642.0194395720072,3472
2609.0,6757,0,3,0,8.449461337182335,133.14577475210893,642.3890694683362,3493
2610.0,6760,0,3,0,8.429022586511595,133.50650887573966,642.7599992945122,3513
2611.0,6762,0,4,2,8.480998114533822,132.57349896480332,643.205473503484,3304
2612.0,6763,0,1,0,8.571277772837854,132.0164128345409,643.7561308928341,3151
2613.0,6761,0,2,4,8.691680722323708,131.63304244934181,644.2044568148468,3039
2614.0,6761,0,1,1,8.831044890759513,131.35749149534092,644.7266835697968,2947
2615.0,6760,0,3,4,8.968616851773728,131.1819526627219,645.279919421889,2857
2616.0,6759,0,1,2,9.11902954096227,131.10652463382158,645.9222412301698,2796
2617.0,6761,0,3,1,9.267984403145327,130.9939358083124,646.3206240975167,2749
2618.0,6762,0,2,1,9.401217084479383,130.99940845903578,646.6656210945647,2721
2619.0,6764,0,3,1,9.521359547432088,130.95150798344176,647.0099317456358,2678
2620.0,6766,0,3,1,9.616463107409757,130.93881170558674,647.3855670509503,2651
2621.0,6769,0,4,1,9.683903914947045,130.9002806913872,647.6291578033048,2631
2622.0,6772,0,4,1,9.764685864458608,130.90283520378028,647.800082149837,2608
2623.0,6772,0,2,2,9.807839178610065,131.0076786769049,648.2209194576762,2608
2624.0,6778,0,6,0,9.861192045128849,130.90985541457658,648.208448149879,2593
2625.0,6781,0,4,1,9.896851820657975,130.87523964017106,648.4711800628095,2579
2626.0,6783,0,3,1,9.931345045318341,130.8984225269055,648.8073235978526,2568
2627.0,6788,0,6,1,9.958731751425285,130.81290512669418,648.874464477914,2542
2628.0,6787,0,2,3,9.978732556717985,130.85545896566967,649.1832226277231,2534
2629.0,6787,0,2,2,10.008182768422659,130.83468395461912,649.532028054592,2508
2630.0,6787,0,2,2,10.015037637144868,130.81729777515838,649.9112925262143,2490
2631.0,6788,0,3,2,10.027966061550682,130.8641720683559,650.0836849294236,2482
2632.0,6788,0,2,2,10.027704078873175,130.93547436652918,650.4872668512825,2464
2633.0,6792,0,4,0,10.035361744821675,130.8800058892815,650.655220259649,2451
2634.0,6794,0,3,1,10.02227112635521,130.84721813364735,650.9861473692644,2431
2635.0,6795,0,3,2,10.006813666137143,130.82678440029434,651.4081560880788,2421
2636.0,6795,0,2,2,9.986225889422814,130.87373068432672,651.8283529562348,2428
2637.0,6792,0,1,4,9.962383673311535,130.962308598351,652.3592707938689,2425
2638.0,6792,0,2,2,9.948671677332353,131.02650176678446,652.6400523851725,2420
2639.0,6790,0,1,3,9.928517075996481,131.17849779086893,653.074012486827,2422
2640.0,6789,0,2,3,9.910012197106298,131.28192664604506,653.48351315531,2437
2641.0,6790,0,2,1,9.885053944851473,131.3502209131075,653.9213125690111,2446
2642.0,6787,0,2,5,9.876714937114878,131.5111242080448,654.4004163897297,2446
2643.0,6789,0,3,1,9.861062364257924,131.55044925614965,654.7419705236355,2454
2644.0,6791,0,4,2,9.852172866461546,131.64158445000737,654.9375634601226,2458
2645.0,6794,0,3,0,9.864904731285577,131.7204886664704,655.2083397767381,2476
2646.0,6796,0,2,0,9.853867072599098,131.83946439081814,655.5765024952477,2492
2647.0,6798,0,4,2,9.840204737043091,131.912915563401,655.699284065545,2497
2648.0,6801,0,4,1,9.823793111389818,131.9673577415086,655.9512944488755,2513
2649.0,6806,0,5,0,9.80107201693658,131.99221275345283,656.0344507640675,2511
2650.0,6805,0,1,2,9.75552943158461,132.1845701689934,656.6501109601483,2537
2651.0,6808,0,3,0,9.722891319742168,132.269535840188,656.9307887276325,2557
2652.0,6813,0,6,1,9.69792772146863,132.2948774401879,656.9229738317572,2567
2653.0,6816,0,4,1,9.653051196078978,132.375146713615,657.1038303733884,2576
2654.0,6819,0,4,1,9.612300885168798,132.46502419709634,657.2661126921216,2597
2655.0,6821,0,3,1,9.549478252718387,132.56208767042955,657.5182256784294,2607
2656.0,6822,0,3,2,9.496981034802298,132.6505423629434,657.8826344853568,2628
2657.0,6823,0,2,1,9.437723244307083,132.76374029019493,658.1390104124589,2649
2658.0,6827,0,4,0,9.404584505760734,132.78877984473414,658.3433574181894,2673
2659.0,6827,0,3,3,9.367756681418571,132.9438992236707,658.5438088238704,2689
2660.0,6829,0,3,1,9.312638026138938,133.1313515888124,658.9445419185109,2734
2661.0,6833,0,4,0,9.271939292024193,133.2449875603688,659.1581383397681,2760
2662.0,6837,0,4,0,9.237000313605865,133.3769197016235,659.373792732503,2796
2663.0,6841,0,5,1,9.194392249322764,133.51936851337524,659.4866521555782,2831
2664.0,6843,0,3,1,9.161355933902202,133.67368113400556,659.898288396516,2857
2665.0,6845,0,4,2,9.123378050319316,133.83038714390065,660.1080808170092,2873
2666.0,6847,0,4,2,9.098358358509678,133.95370235139478,660.399638412359,2899
2667.0,6848,0,2,1,9.075059234770189,134.14252336448598,660.790178450352,2927
2668.0,6852,0,4,0,9.052897074967973,134.27203736135434,661.0192200298491,2953
2669.0,6852,0,3,3,9.032002406374215,134.49854057209575,661.5825183833088,2979
2670.0,6855,0,3,0,9.008631999375927,134.6043763676149,661.9114491152912,2990
2671.0,6857,0,4,2,8.977271698731128,134.74945311360653,662.095639048834,3003
2672.0,6859,0,2,0,8.950519978814839,134.88861350051027,662.5253127853023,3017
2673.0,6861,0,3,1,8.935342652492116,135.05567701501238,662.9341760648896,3049
2674.0,6864,0,4,1,8.919288289084522,135.26325757575756,663.2600632155393,3083
2675.0,6864,0,0,0,8.900064244491963,135.5036421911422,663.8849270900988,3084
2676.0,6868,0,6,2,8.877993548905478,135.65361094933021,664.0445028208702,3104
2677.0,6869,0,3,2,8.869708986958637,135.82981511136992,664.5614486744947,3111
2678.0,6871,0,3,1,8.840915547657218,136.07480716052976,664.959055974184,3128
2679.0,6871,0,3,3,8.795376482799977,136.36035511570367,665.412686963883,3159
2680.0,6872,0,3,2,8.759308408052828,136.64144353899883,665.9186668191583,3180
2681.0,6874,0,3,1,8.733123901352442,136.90529531568228,666.3412401582457,3191
2682.0,6876,0,4,2,8.709058448110255,137.17961023851078,666.6135851068924,3209
2683.0,6879,0,4,1,8.680989315462337,137.41939235353976,666.7408332738803,3234
2684.0,6882,0,3,0,8.656293396484815,137.67785527462948,667.0906010057903,3252
2685.0,6886,0,6,2,8.643612906223302,137.87452802788266,667.1308648407041,3267
2686.0,6888,0,2,0,8.634827612994862,138.15142276422765,667.5797971903112,3288
2687.0,6891,0,3,0,8.633883938336547,138.43230300391815,667.9323287458574,3307
2688.0,6894,0,4,1,8.609227658215653,138.71496953872932,668.1321884513213,3316
2689.0,6897,0,4,1,8.587948668510524,139.00884442511236,668.4523896942649,3329
2690.0,6899,0,3,1,8.567904410305136,139.28120017393826,668.8920842898839,3336
2691.0,6903,0,5,1,8.556707922620573,139.54729827611183,669.1462346928604,3351
2692.0,6908,0,6,1,8.541750659171267,139.77591198610307,669.1757990494333,3368
2693.0,6911,0,4,1,8.521038362903116,140.0642454058747,669.5332929806292,3376
2694.0,6912,0,4,3,8.50081242187014,140.40089699074073,669.8419749601583,3414
2695.0,6916,0,4,0,8.47496914124376,140.68392134181607,670.107688677624,3428
2696.0,6916,0,1,1,8.454990455701843,141.04988432620013,670.7489399003244,3439
2697.0,6917,0,3,2,8.435086438603584,141.42157004481712,671.284205640798,3458
2698.0,6916,0,2,3,8.410876838892657,141.8170908039329,671.8607044721756,3459
2699.0,6917,0,3,2,8.394747070341962,142.19517131704495,672.4179262618238,3479
2700.0,6919,0,2,0,8.38831078375025,142.5515247868189,672.8817067940001,3495
2701.0,6924,0,5,0,8.44533063545818,141.64052570768342,673.0509118207451,3306
2702.0,6927,0,4,1,8.512790907013644,141.08632885809152,673.3936966326719,3157
2703.0,6929,0,3,1,8.603782081436686,140.66142300476258,673.8177993791555,3034
2704.0,6927,0,1,3,8.707990596201958,140.45214378518838,674.5924440340755,2976
2705.0,6931,0,4,0,8.828079922100626,140.20054826143414,674.8298835286105,2908
2706.0,6935,0,4,0,8.957630687847749,139.95414563806779,675.0587830828842,2847
2707.0,6942,0,7,0,9.109382034102842,139.69951022760011,674.9873043685986,2778
2708.0,6945,0,4,1,9.230861509676942,139.57696184305254,675.1465996556358,2730
2709.0,6949,0,4,0,9.3325989097068,139.5002158583969,675.352418764154,2694
2710.0,6953,0,5,1,9.422887610065105,139.39321156335396,675.5497506849865,2685
2711.0,6955,0,3,1,9.502269545954157,139.31991373112868,675.9294936388859,2653
2712.0,6957,0,2,0,9.561105603201938,139.27856834842603,676.3139530754645,2625
2713.0,6960,0,3,0,9.60145900623554,139.26364942528735,676.5976046231106,2602
2714.0,6959,0,0,1,9.630239401475453,139.24687455094121,677.2433628688104,2581
2715.0,6962,0,3,0,9.66872185580419,139.2207698937087,677.5221797150375,2574
2716.0,6966,0,4,0,9.695345566379238,139.20456503014643,677.702216249215,2570
2717.0,6967,0,2,1,9.724390666631038,139.29151715228937,678.0689568142288,2563
2718.0,6969,0,2,0,9.73976277933092,139.26632228440235,678.4405699635417,2549
2719.0,6970,0,1,0,9.747208028661337,139.32496413199425,678.9091064450795,2539
2720.0,6973,0,3,0,9.753978798120984,139.357808690664,679.1823071005684,2536
2721.0,6977,0,4,0,9.772513720692183,139.31288519420954,679.3573963053261,2510
2722.0,6979,0,3,1,9.764917188099233,139.36710130391174,679.561330458921,2516
2723.0,6984,0,5,0,9.762435543923207,139.3314719358534,679.6398658343082,2518
2724.0,6984,0,1,1,9.757117112873754,139.4359965635739,680.095961078565,2520
2725.0,6986,0,4,2,9.74308922742442,139.49198396793588,680.4499585663197,2520
2726.0,6987,0,2,1,9.73346338093542,139.56934306569343,680.9168471221756,2521
2727.0,6989,0,2,0,9.736575068708994,139.59364715982258,681.2888008203398,2531
2728.0,6993,0,5,1,9.75201357324408,139.6093236093236,681.4538034530516,2519
2729.0,6993,0,0,0,9.753663717319204,139.73502073502073,682.0201872669265,2523
2730.0,6995,0,3,1,9.75215320206467,139.76411722659043,682.3799914896299,2527
2731.0,6995,0,3,3,9.751827040807541,139.88477483917083,682.7976027500306,2521
2732.0,6997,0,3,1,9.749360232437926,139.95040731742176,683.0549211918994,2544
2733.0,6999,0,2,0,9.73423627103829,140.03200457208172,683.429387233427,2551
2734.0,6999,0,1,1,9.714772273546874,140.15459351335906,683.9786547556603,2561
2735.0,7002,0,3,0,9.702099701399234,140.2357897743502,684.2576842654146,2552
2736.0,7005,0,4,1,9.677590722153406,140.2950749464668,684.5036564611737,2570
2737.0,7006,0,4,3,9.641443750299807,140.37867542106767,684.6099631866225,2588
2738.0,7007,0,2,1,9.598752260400756,140.48223205366062,684.9965325343492,2603
2739.0,7007,0,3,3,9.546099809464664,140.6336520622235,685.4361766014812,2624
2740.0,7009,0,2,0,9.497687276112877,140.7538878584677,685.8252566641036,2653
2741.0,7010,0,4,3,9.453831784542027,140.90813124108416,686.1667028337864,2679
2742.0,7008,0,0,2,9.408554815541589,141.0652111872146,686.6736223894087,2684
2743.0,7008,0,1,1,9.356340698871962,141.2001997716895,687.1207640272916,2696
2744.0,7008,0,2,2,9.302724849802354,141.37842465753425,687.6709164754259,2721
2745.0,7013,0,6,1,9.251244974131778,141.43775844859547,687.665087248277,2742
2746.0,7013,0,2,2,9.190310638736126,141.55710822757734,688.1171067134239,2747
2747.0,7014,0,3,2,9.14056860715666,141.69204448246364,688.3914116420407,2759
2748.0,7019,0,7,2,9.111679481335765,141.7314432255307,688.1686442362409,2795
2749.0,7019,0,1,1,9.056481354277503,141.89143752671322,688.6752637934889,2829
2750.0,7021,0,3,1,9.01982552777586,141.99287850733515,688.9910120406162,2854
2751.0,7025,0,5,1,8.993894709075668,142.0885409252669,689.1759976470756,2879
2752.0,7026,0,4,3,8.961264696212647,142.29461998292058,689.5249463177132,2908
2753.0,7028,0,4,2,8.943271813590707,142.446499715424,689.5918652153831,2936
2754.0,7034,0,6,0,8.925836744931672,142.48748933750355,689.6200775913314,2949
2755.0,7034,0,2,2,8.89793098166051,142.6792721069093,690.0821064023435,2973
2756.0,7036,0,4,2,8.876416920466358,142.84636156907334,690.4253685200672,2993
2757.0,7042,0,6,0,8.861191337516244,142.94376597557513,690.45910056594,3026
2758.0,7043,0,2,1,8.83132218015536,143.16626437597614,690.8699492522825,3062
2759.0,7046,0,4,1,8.834890080473023,143.33352256599488,691.037625422424,3083
2760.0,7050,0,6,2,8.82635318476237,143.50921985815603,691.1750329510635,3107
2761.0,7049,0,1,2,8.81757734079129,143.68066392396085,691.7275664224188,3118
2762.0,7056,0,7,0,8.82487217327623,143.7393707482993,691.6678836112727,3134
2763.0,7056,0,1,1,8.809902857447604,143.96981292517006,692.2665982653735,3159
2764.0,7055,0,0,1,8.791014408009342,144.18114812189935,692.9911658607339,3163
2765.0,7057,0,3,1,8.781800042638316,144.3218081337679,693.4203678366172,3169
2766.0,7061,0,4,0,8.758978873978318,144.45064438464806,693.6592203915129,3181
2767.0,7059,0,0,2,8.748683329179077,144.6870661566794,694.1465558633694,3185
2768.0,7062,0,4,1,8.747661893240052,144.88855848201644,694.4561790667302,3220
2769.0,7068,0,7,1,8.75139629144281,145.0195246179966,694.2367508066428,3234
2770.0,7068,0,0,0,8.739531741600263,145.26061120543292,694.8720553836428,3258
2771.0,7070,0,3,1,8.725548764451881,145.46110325318247,695.201187512342,3277
2772.0,7076,0,6,0,8.705925527975603,145.59030525720746,695.2492384964827,3295
2773.0,7081,0,6,1,8.694375476266487,145.8226239231747,695.3869810698411,3315
2774.0,7084,0,3,0,8.665350950452108,146.0231507622812,695.7338828164011,3327
2775.0,7087,0,5,2,8.64055372979927,146.20107238605897,695.9909213219966,3344
2776.0,7088,0,4,3,8.610763655144142,146.45062076749434,696.3406971260648,3366
2777.0,7091,0,3,0,8.59061578020144,146.64983782259202,696.6927459672688,3386
2778.0,7094,0,4,1,8.571692377899819,146.84888638285875,696.8975442611702,3398
2779.0,7096,0,3,1,8.55553431433416,147.1131623449831,697.2945045656188,3400
2780.0,7097,0,2,1,8.550035617372105,147.3863604339862,697.8246345689107,3424
2781.0,7098,0,4,3,8.53726502346903,147.70315581854044,698.3390935253502,3444
2782.0,7099,0,2,1,8.534318346134048,147.98549091421327,698.7716239192946,3448
2783.0,7101,0,2,0,8.515503350898541,148.22123644557104,699.2280842523667,3453
2784.0,7101,0,2,2,8.498783707723383,148.57625686523025,699.7120101651198,3484
2785.0,7102,0,2,1,8.476521516713385,148.86172909039706,700.1313812600644,3485
2786.0,7106,0,4,0,8.47221643933953,149.06881508584294,700.3939128828446,3503
2787.0,7107,0,2,1,8.44356642805931,149.3665400309554,700.8020764744282,3531
2788.0,7109,0,2,0,8.426777769962753,149.67126178084118,701.2649753185974,3559
2789.0,7114,0,6,1,8.40565166681599,149.90778746134382,701.4285859287113,3591
2790.0,7117,0,3,0,8.390957547586657,150.2633131937614,701.7950925981875,3617
2791.0,7119,0,2,0,8.42943871659979,149.3718218850962,702.2563521803244,3427
2792.0,7125,0,6,0,8.520319212879954,148.68435087719297,702.3168691898579,3289
2793.0,7127,0,3,1,8.62330692786394,148.2087834993686,702.761166610565,3169
2794.0,7129,0,3,1,8.726578455134712,147.9044746808809,703.1762947220255,3094
2795.0,7129,0,1,1,8.84178963057643,147.74288118950764,703.7942227897614,3033
2796.0,7133,0,4,0,8.979413414611056,147.49404177765317,704.0190698635995,2972
2797.0,7135,0,2,0,9.110301694845715,147.33875262789067,704.4316492315669,2925
2798.0,7136,0,3,2,9.228660850338695,147.24775784753362,704.7866341325603,2891
2799.0,7139,0,4,1,9.330460155600214,147.18195825745903,705.0562816018017,2870
2800.0,7139,0,2,2,9.398636129578527,147.12858943829667,705.6210632612875,2829
2801.0,7141,0,4,2,9.454586441612445,147.15375997759418,705.8607148866603,2828
2802.0,7142,0,1,0,9.494582465008673,147.15919910389246,706.3455068669689,2804
2803.0,7142,0,1,1,9.531150065323965,147.17460095211425,706.9171467996928,2787
2804.0,7144,1235,2,0,9.570555668063468,147.10344344904814,707.296913853712,2760
2805.0,7147,0,3,0,9.617789297007993,147.03735833216734,707.5748680751647,2738
2806.0,7150,0,3,0,9.651775340234579,146.993006993007,707.8508568557826,2710
2807.0,7149,0,2,3,9.671383816073403,147.08113022800393,708.2091097545416,2693
2808.0,7153,0,5,1,9.679780739390583,147.01523836152663,708.3769028471032,2682
2809.0,7153,0,4,4,9.695682197341794,147.02152942821195,708.5390185855341,2658
2810.0,7158,0,5,0,9.707418665987769,146.96535345068455,708.6123147098019,2656
2811.0,7157,0,2,3,9.698976048007166,147.019561268688,709.228525624275,2640
2812.0,7158,0,3,2,9.689030229818805,147.03255099189718,709.4576081128317,2644
2813.0,7156,0,1,3,9.682168684781503,147.0736444941308,710.0880512877169,2627
2814.0,7156,0,2,2,9.6883853476279,147.11263275572946,710.4136623730918,2619
2815.0,7160,0,4,0,9.690580147084871,147.05013966480448,710.586805803367,2635
2816.0,7163,0,3,0,9.693510451621508,147.0372748848248,710.8592063179254,2631
2817.0,7164,0,3,2,9.68328948584939,146.97738693467338,711.3232192150784,2625
2818.0,7171,0,7,0,9.694664370002084,146.87588899735044,711.1994118883554,2635
2819.0,7174,0,4,1,9.68890082809263,146.92444940061333,711.471534401691,2635
2820.0,7173,0,0,1,9.684608252261379,147.02300292764534,712.1407630404791,2622
2821.0,7175,0,2,0,9.670378526986212,147.02299651567944,712.5150383066132,2627
2822.0,7175,0,1,1,9.660520460039773,147.13393728222997,713.0327038886886,2636
2823.0,7182,0,7,0,9.650800648879986,147.04901141743247,712.9125416840848,2648
2824.0,7185,0,4,1,9.625348455714768,147.04787752261657,713.0578191729848,2664
2825.0,7189,0,5,1,9.612521627125986,147.00389483933787,713.0972523082532,2668
2826.0,7190,0,3,2,9.587043283420421,146.9972183588317,713.2988294642774,2664
2827.0,7193,0,4,1,9.580477273665801,147.00236340886974,713.4682736957003,2683
2828.0,7196,0,4,1,9.567009149002093,147.04002223457476,713.5918591772449,2679
2829.0,7199,0,5,2,9.535822054667868,147.06556466175857,713.6352240517714,2689
2830.0,7202,0,4,1,9.504344799204622,147.10663704526522,713.8094346935683,2695
2831.0,7203,0,2,1,9.467970655379574,147.19075385256144,714.0768403478202,2700
2832.0,7204,0,2,1,9.424725353971715,147.22917823431428,714.4378026092467,2719
2833.0,7203,0,2,3,9.382304668693799,147.38942107455227,714.7953312969453,2743
2834.0,7206,0,4,1,9.33500075812313,147.4880655009714,715.0566146342313,2766
2835.0,7209,0,6,3,9.275743011234491,147.55500069357748,715.0852930788526,2792
2836.0,7211,0,4,2,9.235550546676347,147.5913188184718,715.1484393533325,2795
2837.0,7209,0,1,3,9.19590508298108,147.79095574975725,715.4472225458877,2829
2838.0,7212,0,3,0,9.154402967348883,147.8283416528009,715.7537387972625,2855
2839.0,7214,0,4,2,9.113233505241498,147.85209315220405,715.710835634082,2869
2840.0,7216,0,3,1,9.077432667618355,147.94221175166297,716.1030670696618,2893
2841.0,7216,0,2,2,9.042901210738234,148.10878603104211,716.5127308926764,2930
2842.0,7219,0,5,2,9.011398504753833,148.21540379553954,716.6730487791335,2964
2843.0,7223,0,4,0,8.980092382068566,148.29904471826111,716.8891520600985,2981
2844.0,7224,0,2,1,8.954752008979035,148.46331672203766,717.4012675331289,2992
2845.0,7230,0,8,2,8.945930791475936,148.52475795297372,717.3425058688858,3014
2846.0,7233,0,4,1,8.926083570247258,148.70454859670951,717.543645846955,3034
2847.0,7233,0,2,2,8.879783263156675,148.88040923544864,717.9982335010948,3052
2848.0,7231,0,1,3,8.830301400015138,149.15419720647213,718.6643845479847,3085
2849.0,7230,0,2,3,8.785995776311976,149.3625172890733,719.3697693409403,3108
2850.0,7232,0,4,2,8.7637499252574,149.54397123893804,719.5418952295398,3119
2851.0,7234,0,6,4,8.744678056822456,149.66049212054187,719.7149977255856,3140
2852.0,7237,0,4,1,8.728004096063644,149.8001934503247,719.9644689944034,3149
2853.0,7238,0,4,3,8.705029959155736,150.03799392097264,720.2248599947641,3171
2854.0,7238,0,2,2,8.694886091678905,150.20295661785025,720.7407721647522,3183
2855.0,7240,0,2,0,8.695899552971543,150.28508287292817,721.1726480727293,3202
2856.0,7245,0,6,1,8.694525056225885,150.42608695652174,721.2415466369479,3218
2857.0,7247,0,2,0,8.687115198658761,150.57306471643437,721.6749790276275,3219
2858.0,7249,0,2,0,8.68024951847995,150.7446544350945,722.1093579596926,3226
2859.0,7252,0,4,1,8.676722809509082,150.919194704909,722.3188083832076,3242
2860.0,7256,0,5,1,8.6854978954043,151.07359426681367,722.3348091438309,3267
2861.0,7258,0,4,2,8.666992798548181,151.29181592725269,722.6782781008823,3275
2862.0,7258,0,2,2,8.652323932761927,151.51970239735465,723.2795153603578,3285
2863.0,7259,0,3,2,8.640520819993753,151.8185700509712,723.6235340748696,3298
2864.0,7263,0,4,0,8.636665104775041,151.94533939143605,723.8628673841849,3317
2865.0,7264,0,1,0,8.613404328192606,152.19562224669605,724.4026395657573,3333
2866.0,7267,0,3,0,8.606555254049567,152.36191000412825,724.7444196356231,3357
2867.0,7273,0,6,0,8.590120255748948,152.5750034373711,724.7880867169503,3369
2868.0,7277,0,5,1,8.573631110672276,152.78012917411021,725.0043273284442,3400
2869.0,7278,0,2,1,8.553151189991238,153.06485298158836,725.5310535398697,3429
2870.0,7282,0,4,0,8.539984282598757,153.28288931612195,725.7780626061925,3451
2871.0,7286,0,5,1,8.51870592752393,153.52045017842437,725.8408967870236,3487
2872.0,7290,0,4,0,8.49545036856232,153.7485596707819,726.0909694231474,3495
2873.0,7290,0,2,2,8.480654447151652,154.04924554183813,726.6524486933581,3525
2874.0,7291,0,2,1,8.458752732406271,154.30530791386641,727.1997568625555,3543
2875.0,7292,0,3,2,8.44471484339033,154.56363137685133,727.7267048816053,3553
2876.0,7294,0,2,0,8.428696459112187,154.83726350425007,728.1796950695899,3575
2877.0,7298,0,5,1,8.421383126882807,155.10002740476844,728.4139822432271,3599
2878.0,7300,0,2,0,8.408695874246067,155.43287671232878,728.8694842477223,3607
2879.0,7304,0,4,0,8.400879085000536,155.70345016429354,729.1266004261981,3623
2880.0,7307,0,3,0,8.393406019703221,155.94826878335843,729.4837623883892,3639
2881.0,7308,0,2,1,8.443758746811131,155.0344827586207,729.9090976147238,3450
2882.0,7311,0,3,0,8.532184355767793,154.38407878539186,730.2576542413585,3289
2883.0,7316,0,5,0,8.64549127778578,153.8582558775287,730.3987841391054,3163
2884.0,7319,0,3,0,8.768529615213751,153.47602131438722,730.7314825022572,3079
2885.0,7322,0,3,0,8.881849419105835,153.1694892105982,731.0560683274387,3029
2886.0,7325,0,3,0,8.994864638573759,152.96996587030716,731.3723575847779,2959
2887.0,7326,0,3,2,9.113149326910044,152.86336336336336,731.7493553983852,2909
2888.0,7327,0,3,2,9.218991602508394,152.7200764296438,732.2398360277081,2869
2889.0,7329,0,5,3,9.307786132298395,152.6079956337836,732.3280628611104,2839
2890.0,7331,0,2,0,9.374840342269128,152.62556267903423,732.7177471577952,2824
2891.0,7332,0,2,1,9.451613222736004,152.58769776322967,733.0995390809143,2785
2892.0,7335,0,4,1,9.50404324397505,152.50538513974098,733.3410533278584,2777
2893.0,7337,0,3,1,9.542201477245769,152.47717050565626,733.639283714279,2768
2894.0,7340,0,4,1,9.570952836595948,152.38092643051772,733.8732859666429,2759
2895.0,7343,0,6,3,9.605430742231155,152.31621952880295,733.8788467010505,2751
2896.0,7345,0,3,1,9.631537251962918,152.31926480599046,734.1514498370082,2752
2897.0,7346,0,2,1,9.62133224287231,152.35597604138306,734.6151837212184,2736
2898.0,7345,0,0,1,9.616295828485763,152.46916269571136,735.20582711968,2732
2899.0,7348,0,3,0,9.617518468249795,152.47945019052804,735.4747009939399,2716
2900.0,7348,0,3,3,9.62665593110581,152.51878062057702,735.931196892982,2719
2901.0,7347,0,1,2,9.632205012080547,152.57234245270178,736.467038691582,2694
2902.0,7346,0,3,4,9.635340236705467,152.71794173699973,737.0257725028807,2699
2903.0,7348,0,2,0,9.643082907531916,152.7229178007621,737.3929994736068,2683
2904.0,7349,0,3,2,9.644807897642185,152.8216083820928,737.6467946273837,2688
2905.0,7352,0,4,1,9.632497080781352,152.8097116430903,737.822351565535,2693
2906.0,7351,0,1,2,9.614411363008543,152.902462250034,738.3486283644546,2690
2907.0,7349,0,0,2,9.595899266245906,152.99891141651926,739.0033017111308,2694
2908.0,7352,0,3,0,9.586610773085807,153.06079978237216,739.273911125441,2701
2909.0,7354,0,3,1,9.566676526283276,153.1554256187109,739.5093545498398,2731
2910.0,7354,0,2,2,9.548797936815843,153.25849877617622,739.864204394105,2732
2911.0,7353,0,1,2,9.533326305288421,153.38025295797632,740.4264990963394,2715
2912.0,7354,0,3,2,9.507737024292387,153.50135980418818,740.6282202274951,2723
2913.0,7354,0,3,3,9.491432665931722,153.5592874626054,740.9843709161548,2721
2914.0,7354,0,2,2,9.466709204894567,153.6691596410117,741.4319494140547,2725
2915.0,7356,0,4,2,9.442109523411698,153.74429037520392,741.6081535212172,2719
2916.0,7362,0,6,0,9.431662017563324,153.70850312415104,741.5861176307744,2738
2917.0,7363,0,2,1,9.423818591849521,153.7566209425506,741.9489450358001,2738
2918.0,7363,0,3,3,9.397600889397454,153.96197202227353,742.4155106512399,2768
2919.0,7364,0,1,0,9.378554298507133,154.06586094513852,742.900873489643,2792
2920.0,7367,0,5,2,9.35787600916278,154.1328899144835,743.12089812881,2795
2921.0,7369,0,3,1,9.325799625609246,154.24616637264214,743.325315874234,2822
2922.0,7370,0,4,3,9.289096812480667,154.3742198100407,743.6606636745641,2835
2923.0,7371,0,2,1,9.263115483869607,154.51173517840184,744.0421124788448,2852
2924.0,7373,0,5,3,9.234378640605637,154.62796690627968,744.2870765053233,2879
2925.0,7376,0,3,0,9.200935309561636,154.757863340564,744.5835308463528,2907
2926.0,7378,0,2,0,9.175158523711401,154.83193277310923,744.9830480731209,2913
2927.0,7377,0,2,3,9.136467390675175,155.02426460620848,745.4112135666744,2939
2928.0,7377,0,1,1,9.114390661702444,155.15954995255524,746.0138445215414,2960
2929.0,7378,0,3,2,9.090076648859684,155.31214421252372,746.3276645322,2992
2930.0,7379,0,3,2,9.064168466288054,155.45493969372544,746.7166606699851,3015
2931.0,7379,0,3,3,9.036563439249948,155.63030220897141,746.7759848119464,3048
2932.0,7382,0,3,0,9.022967199308066,155.80046057978868,747.0837106225091,3084
2933.0,7385,0,5,2,9.00951932441197,155.9439404197698,747.1353583976609,3119
2934.0,7391,0,7,1,9.001104007348076,156.0353132187796,747.0295133126086,3135
2935.0,7392,0,2,1,8.970868407259475,156.24080086580088,747.4320360315652,3160
2936.0,7392,0,2,2,8.9480502214876,156.48728354978354,747.672126137196,3181
2937.0,7395,0,3,0,8.912231062917064,156.6288032454361,747.9868934585959,3204
2938.0,7401,0,6,0,8.88998886515735,156.71274152141604,748.000491320974,3222
2939.0,7402,0,2,1,8.86770136218097,156.90205349905432,748.4493073217596,3231
2940.0,7403,0,4,3,8.842949940693828,157.1249493448602,748.7530247577012,3254
2941.0,7404,0,3,2,8.82541224249599,157.2675580767153,748.9482582871702,3271
2942.0,7404,0,3,3,8.81183834504843,157.49378714208535,749.3173964102136,3283
2943.0,7407,0,5,2,8.800990800347973,157.6460105305792,749.6342833911373,3289
2944.0,7408,0,4,3,8.790077290538282,157.778752699784,750.0289929820251,3289
2945.0,7413,0,5,0,8.784292374332898,157.85120733845946,750.1512588049657,3294
2946.0,7420,0,9,2,8.768953281665214,157.94407008086253,749.9394178225616,3301
2947.0,7424,0,4,0,8.75944670553852,158.0902478448276,750.1657612988,3320
2948.0,7426,0,6,4,8.74767236489668,158.27592243468894,749.9767396962267,3339
2949.0,7432,0,7,1,8.733364628202644,158.42411194833153,749.8996233258656,3351
2950.0,7430,0,1,3,8.709881734413353,158.73176312247645,750.5633956152412,3369
2951.0,7432,0,3,1,8.701176275238536,158.94281485468247,750.8814352157178,3394
2952.0,7437,0,7,2,8.694404685500324,159.0919725695845,750.9749959288922,3409
2953.0,7439,0,4,2,8.692818291002261,159.32275843527356,751.1053458201944,3432
2954.0,7437,0,2,4,8.686873546632171,159.64595939222804,751.591612894149,3440
2955.0,7437,0,0,0,8.672988826516306,159.9339787548743,752.2295240140012,3464
2956.0,7443,0,8,2,8.671545033387666,160.11191723767297,752.0339948278526,3492
2957.0,7443,0,3,3,8.660281388771473,160.37659545882036,752.3913357223222,3506
2958.0,7444,0,3,2,8.659246223813769,160.67289091886082,752.8323460521414,3525
2959.0,7450,0,8,2,8.659510423920821,160.86805369127518,752.7747277670827,3541
2960.0,7453,0,5,2,8.65564546729602,161.11606064671943,752.9128788868195,3559
2961.0,7459,0,7,1,8.642126181967459,161.26545113285962,752.7958535291331,3574
2962.0,7460,0,5,4,8.618655981067137,161.5407506702413,752.9597519778055,3571
2963.0,7463,0,4,1,8.59889472080734,161.80115235160125,753.1574896245005,3602
2964.0,7463,0,4,4,8.567565998950235,162.11121532895618,753.2885848028709,3611
2965.0,7465,0,4,2,8.547962075895429,162.4109845947756,753.697977266494,3643
2966.0,7463,0,1,3,8.52794094884875,162.77502344901515,754.2432128364255,3651
2967.0,7462,0,2,3,8.513465142008414,163.09327258107746,754.8401150699249,3670
2968.0,7462,0,1,1,8.491673535092653,163.40753149289733,755.3717681751128,3682
2969.0,7467,0,6,1,8.489833208940029,163.64858711664658,755.474354732352,3704
2970.0,7470,0,4,1,8.464430067969703,163.92985274431058,755.818993404434,3722
2971.0,7474,0,5,1,8.488085183983008,163.03826598876103,756.0242056577263,3532
2972.0,7475,0,2,1,8.557337414576974,162.48655518394648,756.5448429776167,3370
2973.0,7472,0,0,3,8.637871643443656,162.19405781584584,757.2734650718538,3245
2974.0,7475,0,3,0,8.739686989618141,161.78060200668895,757.6036458209145,3141
2975.0,7474,0,2,3,8.849904316301114,161.6085094995986,758.314339010547,3085
2976.0,7475,0,2,1,8.959723326884966,161.4723745819398,758.7712820127566,3023
2977.0,7477,0,3,1,9.08825545757015,161.3698007222148,759.0619749311091,2973
2978.0,7475,0,0,2,9.181759303586784,161.3257525083612,759.8485463267026,2928
2979.0,7477,0,3,1,9.264014186742239,161.26962685569077,760.103105747641,2895
2980.0,7478,0,2,1,9.330630705271117,161.27574217705268,760.5931317076003,2891
2981.0,7478,0,2,2,9.383653663288431,161.29513238833914,760.8994282130656,2883
2982.0,7477,0,0,1,9.422379701003878,161.3772903570951,761.5873276422378,2870
2983.0,7480,0,3,0,9.453603420314181,161.3610962566845,761.8677277267421,2857
2984.0,7482,0,4,2,9.501971815127485,161.33119486768243,762.2416115649712,2840
2985.0,7487,0,5,0,9.539308640169034,161.24201950046748,762.3130393375936,2834
2986.0,7486,0,1,2,9.568012896947346,161.29348116484104,762.6542578267852,2820
2987.0,7487,0,2,1,9.58303235670049,161.31387738747162,763.0880620377387,2814
2988.0,7489,0,2,0,9.59872083755648,161.33542529042595,763.4610513799098,2811
2989.0,7489,0,2,2,9.612573110251148,161.41113633328882,763.7270681076732,2819
2990.0,7488,0,2,3,9.605240267188776,161.5060096153846,764.1283126126116,2816
2991.0,7488,0,1,1,9.609258248488294,161.56076388888889,764.5469394113521,2814
2992.0,7489,0,3,2,9.607491457331468,161.6066230471358,764.6642286831002,2796
2993.0,7492,0,3,0,9.610921485041478,161.6281366791244,764.9331403074972,2805
2994.0,7492,0,1,1,9.601694833768228,161.6022423918847,765.3107030480107,2795
2995.0,7493,0,1,0,9.595706688843318,161.60723341785666,765.7839214378691,2783
2996.0,7491,0,1,3,9.591364942639336,161.6790815645441,766.3019687304842,2788
2997.0,7492,0,4,3,9.571442622113794,161.67258408969568,766.272111571288,2790
2998.0,7499,0,7,0,9.561531411887595,161.57340978797174,766.1340653490879,2803
2999.0,7499,0,1,1,9.540562826831536,161.6314175223363,766.6644160033891,2808
3000.0,7504,0,6,1,9.524800568763931,161.5519722814499,766.7305687463565,2803
3001.0,7505,0,4,3,9.501750862314413,161.53177881412392,766.9690500580521,2812
3002.0,7507,0,3,1,9.47576901330883,161.5437591581191,767.344813820484,2816
3003.0,7508,0,4,3,9.454237284174173,161.53409696323922,767.5238848412694,2821
3004.0,7514,1177,6,0,9.428269451248012,161.52781474580783,767.4952498520322,2844
3005.0,7516,0,2,0,9.395582240883781,161.55973922299094,767.8768977538541,2853
3006.0,7518,0,3,1,9.36907013117334,161.61612130885874,768.1424298518277,2862
3007.0,7517,0,1,2,9.34475750938588,161.71557802314754,768.5963893595953,2857
3008.0,7517,0,1,1,9.320550252027555,161.82426499933484,769.1839868107064,2866
3009.0,7514,0,1,4,9.28190953443052,162.04418418951292,769.7555504554363,2886
3010.0,7515,0,1,0,9.262926436323534,162.1620758483034,770.246074631548,2910
3011.0,7517,0,5,3,9.22015799178196,162.25329253691632,770.3690708211902,2926
3012.0,7519,0,2,0,9.191910793583814,162.30283282351377,770.7617602334186,2938
3013.0,7520,0,2,1,9.140982223358023,162.43856382978723,771.2492241846245,2951
3014.0,7521,0,2,1,9.102084457939524,162.61534370429465,771.6335155845845,2981
3015.0,7523,0,4,2,9.047707927007766,162.71381097966236,771.9243554428419,3009
3016.0,7526,0,4,1,9.021498153425165,162.73624767472762,772.1058676007011,3004
3017.0,7525,0,2,3,8.995947469693101,162.85116279069769,772.2620719718294,3002
3018.0,7523,0,1,3,8.973166062314553,163.01887544862421,772.7501122511089,3028
3019.0,7523,0,1,1,8.959661705517505,163.17745580220657,773.2070405048895,3047
3020.0,7525,0,4,2,8.934955547049945,163.30352159468438,773.2867483305446,3065
3021.0,7526,0,2,1,8.926013988675669,163.4210736114802,773.6250028572148,3100
3022.0,7523,0,0,3,8.912081152492362,163.63604944835836,774.2974624281804,3121
3023.0,7525,0,5,3,8.914608934356151,163.79694352159467,774.2563986590162,3152
3024.0,7525,0,3,3,8.89670371864727,163.9569435215947,774.7008892915927,3160
3025.0,7532,0,8,1,8.887499454043024,163.9988050982475,774.4593272410888,3156
3026.0,7537,0,6,1,8.879369861301972,164.08398567069125,774.4256264239846,3190
3027.0,7538,0,3,2,8.855948419565607,164.2734146988591,774.7684922968403,3205
3028.0,7540,0,3,1,8.83304560995604,164.41976127320956,775.0726090648818,3217
3029.0,7541,0,2,1,8.812495477136647,164.58321177562658,775.4306975034963,3231
3030.0,7543,0,4,2,8.78267585319665,164.74439878032612,775.6548677648292,3248
3031.0,7547,0,4,0,8.758690075708104,164.89943023718033,775.8729134347324,3288
3032.0,7549,0,4,2,8.734708141415442,165.05537157239368,776.0268345995623,3303
3033.0,7553,0,5,1,8.714665684885595,165.20389249304912,776.1791818992134,3325
3034.0,7555,0,3,1,8.702420881782015,165.38213103904698,776.5181657026445,3328
3035.0,7561,0,7,1,8.689482097048282,165.49001454834016,776.4701098487311,3359
3036.0,7565,0,4,0,8.674120754868344,165.639656311963,776.6940424348224,3368
3037.0,7567,0,3,1,8.65461074468975,165.87273688383772,777.1223970595411,3382
3038.0,7567,0,2,2,8.621203220796074,166.1310955464517,777.4539125266042,3407
3039.0,7568,0,3,2,8.590815733858257,166.36178646934462,777.7075063776241,3416
3040.0,7573,0,6,1,8.56821748070168,166.52594744486993,777.8144607661718,3429
3041.0,7575,0,4,2,8.552713238376912,166.76145214521452,778.1155261998514,3448
3042.0,7576,0,3,2,8.532142054057278,167.0026399155227,778.544835678511,3467
3043.0,7579,0,5,2,8.505508175562234,167.20292914632537,778.6684198005004,3488
3044.0,7584,0,5,0,8.484456415461684,167.36207805907173,778.7998409723068,3518
3045.0,7584,0,0,0,8.447995423236394,167.63554852320675,779.4466165536239,3548
3046.0,7586,0,5,3,8.41288336373992,167.86844186659636,779.738280570177,3563
3047.0,7587,0,2,1,8.385728931400259,168.15421115065243,780.1596163913406,3586
3048.0,7589,0,4,2,8.357626415198819,168.42891026485702,780.4057040138975,3600
3049.0,7590,0,3,2,8.342927853435517,168.6562582345191,780.7302997072957,3596
3050.0,7591,0,2,1,8.309459482656996,168.96653932288237,781.0869508230128,3629
3051.0,7592,0,1,0,8.294112194194497,169.2272128556375,781.6392407623475,3634
3052.0,7592,0,4,4,8.269105436719865,169.51066912539514,781.9570178405189,3660
3053.0,7593,0,2,1,8.245565839162245,169.79138680363494,782.4720237589916,3682
3054.0,7595,0,4,2,8.218432212395518,170.05358788676762,782.6356726217743,3693
3055.0,7593,0,2,4,8.193941964969362,170.44040563677072,783.2901906001777,3703
3056.0,7594,0,2,1,8.172138565457526,170.75046089017644,783.8472312147247,3720
3057.0,7597,0,3,0,8.152712860057516,171.0077662235093,784.2009188815041,3735
3058.0,7598,0,2,1,8.12767415382574,171.3236377994209,784.7310013757453,3771
3059.0,7600,0,4,2,8.11392780506423,171.57263157894738,785.01874791718,3765
3060.0,7601,0,3,2,8.09464887738481,171.86396526772793,785.4598340750077,3788
3061.0,7604,0,5,2,8.130295800161203,170.9693582325092,785.649683854184,3576
3062.0,7608,0,4,0,8.19967888341834,170.34608307045215,785.8962359337967,3430
3063.0,7609,0,2,1,8.306305893890409,169.93021422000263,786.2771841308752,3303
3064.0,7612,0,4,1,8.42507788816564,169.57606410930111,786.4063317481568,3209
3065.0,7614,0,2,0,8.543877688650628,169.3438402941949,786.836003973237,3163
3066.0,7614,0,2,2,8.658896399040179,169.19372209088522,787.0331158368164,3107
3067.0,7615,0,2,1,8.782797168008225,169.02495075508864,787.5464611905784,3048
3068.0,7614,0,1,2,8.88439745079042,168.96572104018912,788.0586771857626,3016
3069.0,7617,0,3,0,8.979487172867149,168.862544308783,788.3550630330058,2990
3070.0,7615,0,1,3,9.03836365167283,168.89822718319107,789.0994544685811,2973
3071.0,7615,0,1,1,9.094110405616002,168.91319763624426,789.693722131341,2968
3072.0,7615,0,1,1,9.12984197818275,168.93315824031518,790.2487161110502,2963
3073.0,7620,0,6,1,9.171974129193412,168.81574803149607,790.3205398831851,2948
3074.0,7622,0,3,1,9.195595093836868,168.81212280241405,790.6880428113805,2946
3075.0,7624,0,4,2,9.1930509189427,168.84404512067155,790.8322559141149,2933
3076.0,7627,0,3,0,9.189555465997612,168.80293693457455,791.1110330311292,2929
3077.0,7629,0,4,2,9.184407756236967,168.83143269104733,791.2488982074121,2934
3078.0,7628,0,2,3,9.182632402807847,168.8986628211851,791.7826648780936,2931
3079.0,7631,0,3,0,9.184265017327746,168.91088979163936,792.0603824387691,2903
3080.0,7634,0,4,1,9.177883009800047,168.93044275609117,792.2043941449136,2907
3081.0,7638,0,5,1,9.194073494947403,168.9183032207384,792.3757742599818,2912
3082.0,7641,0,4,1,9.194280713412052,168.9435937704489,792.4538917440915,2903
3083.0,7643,0,2,0,9.196027627601826,168.9262069867853,792.8343466443363,2886
3084.0,7644,0,3,2,9.1949268201787,169.0022239665097,793.0137770005522,2901
3085.0,7645,0,2,1,9.195793191261744,169.0661870503597,793.4737172041214,2904
3086.0,7647,0,2,0,9.192277460686533,169.1161239701844,793.853886567932,2908
3087.0,7644,0,0,3,9.185118392235463,169.3040293040293,794.4733030225141,2923
3088.0,7646,0,2,0,9.183480162042516,169.3511640073241,794.8533779984044,2922
3089.0,7650,0,4,0,9.190423260734507,169.34666666666666,795.0250975542166,2924
3090.0,7647,0,0,3,9.19126479561617,169.50686543742646,795.6219189548636,2928
3091.0,7649,0,2,0,9.17159642957267,169.59079618250752,796.0029771469098,2933
3092.0,7651,0,2,0,9.155986000935185,169.6793883152529,796.3852846843577,2954
3093.0,7656,0,6,1,9.152917471875998,169.69083072100312,796.4541715455747,2959
3094.0,7659,0,3,0,9.128630958879617,169.72790181485834,796.7354613284964,2984
3095.0,7660,0,2,1,9.109982946083056,169.83446475195822,797.1198581186109,2998
3096.0,7659,0,5,6,9.078675126059528,170.00757279018148,797.2987546962274,3009
3097.0,7658,0,2,3,9.045682072184274,170.10825280752155,797.5990136722138,3018
3098.0,7656,0,1,3,8.995243186255804,170.2523510971787,798.3273378634645,3033
3099.0,7660,0,4,0,8.97570872751964,170.26018276762403,798.5128246908744,3035
3100.0,7664,0,4,0,8.960052648180406,170.33076722338205,798.6988640724518,3032
3101.0,7666,0,2,0,8.927941285276916,170.3887294547352,799.0955809301523,3050
3102.0,7669,0,3,0,8.914704212978998,170.44295214499934,799.3892325614867,3073
3103.0,7672,0,4,1,8.898254508996207,170.50182481751824,799.5505388084669,3090
3104.0,7674,0,3,1,8.866230802404166,170.66731821735732,799.7956589275542,3129
3105.0,7675,0,1,0,8.8355986341113,170.81628664495113,800.303107955716,3142
3106.0,7678,0,3,0,8.803683731049258,170.838890336025,800.6042307818988,3133
3107.0,7681,0,3,0,8.782276545429005,170.88139565160787,800.9063479392878,3148
3108.0,7681,0,1,1,8.76467783104589,171.04621794037234,801.323183345173,3155
3109.0,7681,0,0,0,8.741431843140147,171.2176799895847,801.9409899513699,3169
3110.0,7684,0,4,1,8.72698424279223,171.32001561686621,801.9792300909172,3180
3111.0,7686,0,5,3,8.721527239883802,171.4249284413219,801.9632554946661,3202
3112.0,7690,0,5,1,8.733466724379435,171.48283485045513,802.0886694646874,3213
3113.0,7693,0,5,2,8.723592989214103,171.5658390744833,802.3186517333488,3229
3114.0,7693,0,3,3,8.711801127023216,171.7417132458079,802.7333919540333,3244
3115.0,7697,0,4,0,8.7123199707961,171.8587761465506,802.9396713317147,3264
3116.0,7698,0,3,2,8.685205994444345,172.07508443751624,803.2383796138898,3293
3117.0,7704,0,8,2,8.663431669553987,172.15822949117342,803.1717150415589,3313
3118.0,7707,0,5,2,8.651654917570713,172.30608537693007,803.3943394009622,3335
3119.0,7711,0,4,0,8.629045588712675,172.44196602256517,803.6074439772284,3366
3120.0,7708,0,0,3,8.611763547951544,172.75207576543852,804.1492083316708,3388
3121.0,7709,0,2,1,8.597268226453142,172.92748735244518,804.6750728040641,3403
3122.0,7711,0,3,1,8.575894628545385,173.0750875372844,805.0625972802005,3433
3123.0,7712,0,2,1,8.558048352232339,173.2343101659751,805.4269810504604,3444
3124.0,7717,0,6,1,8.54690305227006,173.3121679409097,805.5126423922768,3449
3125.0,7718,0,2,1,8.528326009670593,173.48250842187096,806.0446462331913,3462
3126.0,7720,0,3,1,8.516505337093728,173.67577720207254,806.4399519918978,3485
3127.0,7725,0,6,1,8.500594209857397,173.79961165048545,806.5555374560832,3503
3128.0,7727,0,4,2,8.478570498235795,173.98032871748416,806.6219334402883,3517
3129.0,7728,0,2,1,8.454221350402273,174.21079192546583,807.1193628341588,3536
3130.0,7728,0,1,1,8.442137885697962,174.49081262939958,807.5856837758898,3562
3131.0,7728,0,1,1,8.423348301606403,174.7342132505176,808.1958692497832,3567
3132.0,7731,0,6,3,8.408020001860045,174.9310567843746,808.2636520735907,3558
3133.0,7734,0,7,4,8.399601199805474,175.0934833204034,808.1604349553277,3568
3134.0,7737,0,5,2,8.376641153562542,175.31265348326224,808.2620896036052,3586
3135.0,7737,0,2,2,8.358014183940385,175.56507690319245,808.7827894586359,3607
3136.0,7739,0,3,1,8.343218715155864,175.8216823879054,809.2055611173516,3642
3137.0,7740,0,3,2,8.317709016226543,176.10219638242893,809.4694192995199,3662
3138.0,7740,0,2,2,8.29519247842087,176.3715762273902,809.9122174255724,3676
3139.0,7742,0,2,0,8.280762173413235,176.63394471712735,810.358906111626,3710
3140.0,7742,0,1,1,8.268376736136503,176.93283389305088,810.8926377548303,3722
3141.0,7743,0,2,1,8.261142334965125,177.19746868138964,811.3465115823197,3740
3142.0,7746,0,6,3,8.258280106230941,177.43415956622772,811.4642479592356,3754
3143.0,7749,0,4,1,8.236572195690114,177.70060652987482,811.6015375102824,3773
3144.0,7750,0,2,1,8.218744017683278,178.03354838709677,812.1358071300698,3806
3145.0,7756,0,6,0,8.21325066862067,178.20139247034555,812.1694892008151,3819
3146.0,7760,0,5,1,8.200462033259772,178.46043814432988,812.4024399717607,3840
3147.0,7761,0,2,1,8.176895233242165,178.77451359360907,812.9597882530978,3868
3148.0,7762,0,2,1,8.162105672150947,179.06299922700336,813.3331178398313,3874
3149.0,7768,0,6,0,8.153295327668573,179.23081874356333,813.3710977453296,3889
3150.0,7770,0,3,1,8.144005675692895,179.50913770913772,813.8268304382016,3911
3151.0,7772,0,3,1,8.181761923551253,178.72066392177047,814.252018265406,3713
3152.0,7774,0,2,0,8.25079422613014,178.0966040648315,814.7017189211573,3571
3153.0,7777,0,4,1,8.347887852689048,177.64292143500063,814.8523710305952,3446
3154.0,7777,0,3,3,8.46854611226831,177.33599074193134,815.1695379411866,3350
3155.0,7778,0,1,0,8.59403454222515,177.0257135510414,815.7001743497774,3264
3156.0,7779,0,2,1,8.716177492362645,176.82375626687235,816.0488238997916,3189
3157.0,7780,0,2,1,8.833552153081904,176.72313624678662,816.4745828597395,3147
3158.0,7784,0,4,0,8.947815514111277,176.56628982528264,816.6655485366547,3096
3159.0,7784,0,1,1,9.01838107178609,176.50244090441933,817.2448262653755,3071
3160.0,7787,0,4,1,9.08943100044204,176.46680364710414,817.4982695025499,3050
3161.0,7786,0,1,2,9.129123732593417,176.5157975854097,818.0279357341464,3047
3162.0,7789,0,3,0,9.176431465280764,176.501091282578,818.3063971190752,3052
3163.0,7791,0,3,1,9.213844605598219,176.5239378770376,818.650794091697,3052
3164.0,7796,0,5,0,9.257632400681333,176.49987172909184,818.7145933425003,3036
3165.0,7797,0,1,0,9.292226416772023,176.56072848531485,819.196282517808,3046
3166.0,7799,0,3,1,9.307034422192364,176.5582767021413,819.3803886963171,3003
3167.0,7803,0,4,0,9.331742780675686,176.54030501089323,819.5438859822185,3007
3168.0,7813,0,10,0,9.353749743849018,176.39344681940355,819.0777872908237,2996
3169.0,7817,0,4,0,9.363092398961575,176.38147626966867,819.2409775014752,3001
3170.0,7817,0,3,3,9.353670402003461,176.43558910067802,819.6221000218675,2988
3171.0,7819,0,2,0,9.357522103779072,176.4588822100013,819.994753660651,2977
3172.0,7820,0,2,1,9.347314160879712,176.5143222506394,820.3158944126458,2981
3173.0,7820,0,2,2,9.319306943843218,176.58913043478262,820.8438308388478,2977
3174.0,7823,0,4,1,9.302322758343985,176.60168733222548,820.9949323488253,2981
3175.0,7825,0,2,0,9.280912759156347,176.6944408945687,821.3707897885614,2986
3176.0,7828,0,4,1,9.2679289882208,176.7333929483904,821.6401214176686,2996
3177.0,7830,0,2,0,9.24807191517663,176.81149425287356,822.0171548196621,3010
3178.0,7831,0,2,1,9.238975358517454,176.91086706678584,822.3028860753955,3019
3179.0,7831,0,1,1,9.220630452888061,177.04967437108925,822.8886308885933,3039
3180.0,7832,0,2,1,9.20213709389301,177.14542900919307,823.365698227528,3047
3181.0,7832,0,0,0,9.195623906227281,177.26902451481104,823.9560753994762,3062
3182.0,7832,0,2,2,9.187771722107014,177.37551072522982,824.3387073737407,3059
3183.0,7836,0,6,2,9.17456359462261,177.4104134762634,824.2141616720045,3074
3184.0,7836,0,2,2,9.150015363217479,177.54441041347627,824.5468292013732,3075
3185.0,7835,0,0,1,9.126567812043254,177.69278876834716,825.1153565842036,3081
3186.0,7835,0,1,1,9.102395318795711,177.8431397574984,825.5663904204738,3073
3187.0,7838,0,3,0,9.084535024603387,177.8773921918857,825.8471805463961,3075
3188.0,7838,0,3,3,9.04717537819721,178.035595815259,826.2293622984942,3089
3189.0,7842,0,5,1,9.018291774456559,178.04616169344555,826.2732837471245,3089
3190.0,7841,0,1,2,8.975233103715324,178.20354546613953,826.8070325121662,3103
3191.0,7842,0,1,0,8.940010485339373,178.3233868910992,827.3071210395398,3128
3192.0,7842,0,2,2,8.889986596971674,178.48469778117828,827.7410164778635,3118
3193.0,7844,0,2,0,8.8456452392177,178.62531871494136,828.1407457616151,3152
3194.0,7845,0,1,0,8.808184824718001,178.7733588272785,828.6483542683776,3169
3195.0,7848,0,4,1,8.77890660052119,178.8783129459735,828.9435563918618,3186
3196.0,7850,0,3,1,8.741928870918345,178.93426751592358,829.2042090860009,3193
3197.0,7852,0,3,1,8.698127424900703,178.96370351502802,829.5895420721675,3203
3198.0,7853,0,5,4,8.662267517680743,179.09410416401374,829.8570151657983,3205
3199.0,7855,0,4,2,8.637980281014658,179.1875238701464,830.1655679884718,3240
3200.0,7854,0,1,2,8.604574781426637,179.38629997453526,830.649843575114,3269
3201.0,7853,0,1,2,8.5784392042804,179.55723927161594,831.0400943046275,3291
3202.0,7853,0,2,2,8.551067646500604,179.71794218769898,831.33129211754,3306
3203.0,7855,0,3,1,8.533358059830865,179.8542329726289,831.7481062018162,3334
3204.0,7858,1226,7,4,8.50778076532249,179.9692033596335,831.4473154207275,3362
3205.0,7863,0,6,1,8.489540236206821,180.11039043622029,831.5379517519941,3384
3206.0,7861,0,1,3,8.46180888447714,180.3566976211678,832.1146354442109,3402
3207.0,7862,0,2,1,8.438314174712435,180.47697786822692,832.6417349553356,3414
3208.0,7868,0,7,1,8.423877904152844,180.543721403152,832.500421539855,3433
3209.0,7869,0,2,1,8.402688106272059,180.72664887533358,832.9875615909625,3447
3210.0,7873,0,4,0,8.371829323035046,180.87018925441382,833.2035981250555,3470
3211.0,7874,0,5,4,8.340428527083988,181.06819913639828,833.6309915640581,3485
3212.0,7879,0,5,0,8.31629559777747,181.1695646655667,833.7440306344787,3498
3213.0,7885,0,7,1,8.293078961294636,181.24679771718453,833.6307229326558,3521
3214.0,7884,0,0,1,8.25790726607141,181.4772957889396,834.3437779546952,3535
3215.0,7888,0,5,1,8.239031192320704,181.57416328600405,834.3972837498693,3549
3216.0,7889,0,3,2,8.212568244502497,181.73735581188998,834.5988083285553,3564
3217.0,7892,0,5,2,8.192103224543565,181.8615053218449,834.7822181362094,3551
3218.0,7893,0,2,1,8.174733403555859,182.0453566451286,835.0852890638522,3565
3219.0,7896,0,5,2,8.160340669538224,182.21555217831815,835.3031722116738,3586
3220.0,7900,0,5,1,8.13015875811103,182.3478481012658,835.5142402410158,3607
3221.0,7903,0,4,1,8.108072404552063,182.473744147792,835.6911060414412,3611
3222.0,7904,0,3,2,8.100129406461482,182.69648279352228,835.8355560726432,3636
3223.0,7910,0,7,1,8.091253830904366,182.76194690265487,835.8558403998619,3653
3224.0,7913,0,5,2,8.075516347453437,182.91444458486035,836.1845662484608,3664
3225.0,7915,0,3,1,8.066951103576681,183.11535060012633,836.5080442238527,3661
3226.0,7916,0,3,2,8.055501559840332,183.2857503789793,837.020377698766,3686
3227.0,7920,0,4,0,8.043419625169037,183.46818181818182,837.257159650137,3711
3228.0,7922,0,2,0,8.035439524219628,183.70436758394345,837.7068826144684,3742
3229.0,7927,0,6,1,8.036638572980879,183.90715276901727,837.6501778468443,3763
3230.0,7930,0,3,0,8.027729518335253,184.1372005044136,837.9942184487242,3775
3231.0,7936,0,6,0,8.02315170005774,184.29863911290323,838.0226391105588,3783
3232.0,7937,0,4,3,8.004374121053939,184.60892024694468,838.084410568397,3814
3233.0,7938,0,4,3,7.9910326626474735,184.8735197782817,838.5606839501309,3832
3234.0,7940,0,4,2,7.976002703267081,185.13790931989925,838.980491807302,3852
3235.0,7939,0,2,3,7.963815241765631,185.47285552336567,839.6678173921721,3877
3236.0,7939,0,2,2,7.938207039602941,185.75362136289206,840.1633900336338,3890
3237.0,7942,0,5,2,7.939142079641889,185.99848904558047,840.3744215171789,3907
3238.0,7946,0,4,0,7.916853558454225,186.2198590485779,840.6215985318,3922
3239.0,7945,0,0,1,7.880463284048035,186.57935808684707,841.2298127334041,3954
3240.0,7948,0,4,1,7.857486679398698,186.83668847508807,841.3275575345679,3982
3241.0,7952,0,4,0,7.894652968509143,185.99849094567404,841.5749671319146,3775
3242.0,7952,0,2,2,7.94473885498463,185.53848088531188,842.0555674549016,3643
3243.0,7955,0,3,0,8.02864979545556,185.14054054054054,842.397497828764,3529
3244.0,7959,0,6,2,8.134798426353331,184.79520040206057,842.2961401960742,3449
3245.0,7963,0,4,0,8.2499435778573,184.46728619866883,842.5169714449756,3377
3246.0,7968,0,5,0,8.36763320109761,184.25263554216866,842.623510575596,3324
3247.0,7970,0,2,0,8.47916695401525,184.09021329987453,843.04026530602,3266
3248.0,7973,0,3,0,8.587893745326648,183.87018688072243,843.3435728992894,3217
3249.0,7975,0,2,0,8.67442620584672,183.80188087774295,843.747007714447,3202
3250.0,7977,0,3,1,8.747569395743563,183.74764949229032,844.1416970992424,3184
3251.0,7977,0,1,1,8.806082521663845,183.7690861226025,844.7226402753186,3155
3252.0,7980,0,3,0,8.862688633294555,183.71466165413534,845.0075768265107,3143
3253.0,7983,0,3,0,8.907810527286355,183.66228234999375,845.2900728209748,3125
3254.0,7985,0,3,1,8.937790947759519,183.65147150907953,845.6503060811501,3124
3255.0,7986,0,2,1,8.965344176033856,183.66378662659653,845.974049095455,3104
3256.0,7989,0,3,0,8.986511359182892,183.6585304794092,846.251038658186,3103
3257.0,7995,0,7,1,9.017692097375646,183.44365228267668,846.1707759097909,3083
3258.0,7997,0,3,1,9.039648986433065,183.46930098787044,846.5286114128278,3057
3259.0,7997,0,2,2,9.047847134499904,183.548330623984,847.0975128994172,3065
3260.0,8001,0,5,1,9.067969312848188,183.5081864766904,847.2473399572042,3052
3261.0,8001,0,2,2,9.064341581322289,183.5559305086864,847.7025566406267,3055
3262.0,8005,0,5,1,9.063102899845164,183.52929419113053,847.8305268263427,3052
3263.0,8004,0,1,2,9.05917799694677,183.6016991504248,848.2532719540444,3049
3264.0,8009,0,5,0,9.06685953838054,183.5974528655263,848.3132873152207,3068
3265.0,8008,0,2,3,9.045107390944251,183.73326673326673,848.6912025652523,3068
3266.0,8007,0,0,1,9.035864808022161,183.87261146496814,849.3733094593123,3090
3267.0,8008,0,2,1,9.01450391355795,183.92532467532467,849.6807176094178,3096
3268.0,8011,0,4,1,9.002455014874446,183.93384096866808,849.9184593072558,3095
3269.0,8010,0,1,2,8.983038521934702,184.02521847690386,850.2987902358132,3092
3270.0,8011,0,2,1,8.96412746860797,184.08138809137435,850.7553213035736,3095
3271.0,8009,0,1,3,8.952106210985157,184.21650643026595,851.2242500172957,3099
3272.0,8010,0,3,2,8.946462912845975,184.3247191011236,851.4768136473732,3099
3273.0,8012,0,5,3,8.93471737356102,184.35384423364954,851.5654194423647,3098
3274.0,8013,0,2,1,8.908719463448023,184.43591663546738,851.9919554633835,3114
3275.0,8014,0,1,0,8.872178199765969,184.51447466932868,852.4879613725363,3139
3276.0,8013,0,3,4,8.848012471251462,184.65705728191688,852.6597363125974,3150
3277.0,8016,0,4,1,8.821617166890762,184.69011976047904,852.9044972320557,3168
3278.0,8015,0,2,3,8.789094972131316,184.84728633811602,853.4207215959133,3186
3279.0,8016,0,2,1,8.769688663922373,184.91679141716565,853.7833235772813,3201
3280.0,8018,0,2,0,8.746896470204655,185.01421800947867,854.1798061088303,3226
3281.0,8018,0,2,2,8.713251240929244,185.1610127213769,854.7511229480697,3225
3282.0,8021,0,5,2,8.693357724596016,185.2188006482982,855.0001841143301,3233
3283.0,8022,0,3,2,8.67097575830684,185.31849912739966,855.4083139802593,3252
3284.0,8022,0,2,2,8.65012141418317,185.45686861131887,855.8814421196784,3253
3285.0,8022,0,2,2,8.613894108293314,185.5883819496385,856.4072310476851,3286
3286.0,8022,0,2,2,8.587193214271766,185.7165295437547,856.7891955990349,3296
3287.0,8027,0,5,0,8.567454951358572,185.74797558240937,856.8783686899508,3324
3288.0,8027,0,1,1,8.550484374581297,185.87928242182633,857.3467302249012,3365
3289.0,8029,0,3,1,8.548164081729167,185.9681155810188,857.7570124648332,3379
3290.0,8027,0,0,2,8.53205166246749,186.18350566836926,858.3429848306182,3413
3291.0,8028,0,1,0,8.518198646468184,186.27889885401098,858.8644407028415,3403
3292.0,8032,0,5,1,8.518229670800508,186.27427788844622,858.9140525280277,3411
3293.0,8034,0,2,0,8.493589760483463,186.40316156335575,859.3304210705923,3439
3294.0,8037,0,4,1,8.481880550259273,186.52121438347643,859.5108688098276,3468
3295.0,8038,0,3,2,8.46311865754814,186.7180890768848,859.8457811606978,3499
3296.0,8042,0,5,1,8.446367004804216,186.85115642874908,860.015891404556,3512
3297.0,8043,0,4,3,8.412556452205791,187.03717518338928,860.348239526489,3539
3298.0,8045,0,4,2,8.400926356491974,187.2560596643878,860.5281815813304,3575
3299.0,8051,0,6,0,8.380921181372882,187.35399329275867,860.5246882406702,3618
3300.0,8054,0,4,1,8.364517777667453,187.5327787434815,860.8080978429209,3658
3301.0,8060,0,6,0,8.358892308785952,187.59143920595534,860.8075283865857,3665
3302.0,8061,0,1,0,8.331557589323141,187.80138940578092,861.3434309281324,3687
3303.0,8063,0,3,1,8.296355290106293,188.00719335235024,861.7638051779751,3677
3304.0,8064,0,3,2,8.27439367207639,188.1888640873016,862.1614571629292,3688
3305.0,8062,0,2,4,8.250287408305121,188.45745472587447,862.7174301736113,3710
3306.0,8070,0,9,1,8.249142674084538,188.45068153655515,862.4980665230772,3708
3307.0,8073,0,4,1,8.242306135756404,188.60634212808125,862.7980617232339,3730
3308.0,8072,0,0,1,8.227760502326884,188.85951437066402,863.5098341456633,3746
3309.0,8072,0,3,3,8.220326789825203,189.09402874132806,863.9696804253001,3755
3310.0,8072,0,3,3,8.190521727342544,189.36112487611496,864.5409604733155,3771
3311.0,8077,0,8,3,8.17793631319999,189.4954809954191,864.3194038583433,3781
3312.0,8076,0,2,3,8.150724762711521,189.77798415056958,864.695648108515,3811
3313.0,8081,0,7,2,8.137128918205041,189.93466155178814,864.6664252692009,3853
3314.0,8082,0,2,1,8.114551425606319,190.19227913882702,865.0323348261621,3868
3315.0,8083,0,2,1,8.089551533913678,190.41828529011505,865.5331140352924,3878
3316.0,8087,0,4,0,8.082452697422132,190.5994806479535,865.7660865281659,3866
3317.0,8090,0,5,2,8.053805136169986,190.82583436341162,865.9191234639478,3899
3318.0,8093,0,4,1,8.031216694391524,191.04621277647348,866.186705117787,3923
3319.0,8098,0,5,0,8.021167315022142,191.25710051864658,866.3146372209898,3943
3320.0,8099,0,5,4,8.003556641834612,191.53710334609212,866.5031877329778,3967
3321.0,8101,0,3,1,7.977350489455833,191.84298234785828,866.9142453225626,3993
3322.0,8102,0,3,2,7.939732441874335,192.13984201431745,867.2702114096036,4025
3323.0,8107,0,7,2,7.917588496959506,192.3220673492044,867.0742891087287,4026
3324.0,8107,0,3,3,7.896855359835649,192.6352534846429,867.4566664981227,4039
3325.0,8109,0,3,1,7.8809016051545315,192.9389567147614,867.876399364991,4060
3326.0,8111,0,4,2,7.857954329818921,193.20589323141414,868.1712984559391,4063
3327.0,8113,0,5,3,7.836568934979237,193.48748921484037,868.2395374125747,4081
3328.0,8113,0,1,1,7.818655325594424,193.7920621225194,868.6973008103025,4083
3329.0,8113,0,2,2,7.796990649353363,194.11697275976826,869.3207315952734,4104
3330.0,8115,0,2,0,7.7908125866284195,194.33530499075786,869.7829194502153,4089
3331.0,8117,0,5,3,7.821989272313097,193.41838117531108,870.224390427507,3881
3332.0,8117,0,0,0,7.871315087429704,192.8685474929161,870.8928510995413,3734
3333.0,8119,0,2,0,7.95769642624585,192.4606478630373,871.3406304162143,3603
3334.0,8121,0,2,0,8.06075566537475,192.1006033739687,871.7808193248228,3481
3335.0,8120,0,1,2,8.170492143829616,191.93940886699508,872.3052569346557,3427
3336.0,8125,0,6,1,8.29724039210536,191.7483076923077,872.2822698486048,3359
3337.0,8128,0,4,1,8.407359476614976,191.5990403543307,872.5698926293961,3301
3338.0,8132,0,4,0,8.505772922080538,191.37911952779143,872.7648491503322,3253
3339.0,8134,0,2,0,8.588653394212612,191.22412097369067,873.1683757778375,3220
3340.0,8139,0,5,0,8.660325367263063,190.99348814350657,873.2453899025273,3177
3341.0,8141,0,3,1,8.726723364013276,190.89669573762438,873.4897674815794,3162
3342.0,8142,0,2,1,8.781495841728821,190.84303610906412,873.9853282126724,3155
3343.0,8141,0,3,4,8.831445999329597,190.80997420464317,874.2651765649888,3125
3344.0,8144,0,4,1,8.865265838497711,190.73428290766208,874.5410031514484,3120
3345.0,8143,0,0,1,8.900466206917228,190.73203978877564,875.1012075974726,3113
3346.0,8142,0,1,2,8.931590407371283,190.77523949889462,875.6163960047453,3123
3347.0,8142,0,2,2,8.953583872929775,190.7683615819209,876.0018706410244,3101
3348.0,8140,0,1,3,8.962940037880188,190.79692874692876,876.3567735477786,3098
3349.0,8140,0,3,3,8.95917035922753,190.8517199017199,876.5990250076452,3097
3350.0,8140,0,0,0,8.95565439556719,190.85159705159705,877.1937711951381,3088
3351.0,8144,0,5,1,8.963156999002726,190.7878192534381,877.3303695317989,3109
3352.0,8141,0,2,5,8.94694119504838,190.89706424272202,877.7275554623312,3103
3353.0,8143,0,4,2,8.945520305378606,190.884931843301,877.7480813004189,3112
3354.0,8148,0,5,0,8.959194491147775,190.82596956308296,877.8041571508768,3112
3355.0,8148,0,1,1,8.952342065305231,190.85444280805106,878.2273735006785,3118
3356.0,8150,0,3,1,8.960380290943606,190.83018404907975,878.3547481170182,3117
3357.0,8152,0,3,1,8.968930101462664,190.82507360157015,878.5906496589183,3109
3358.0,8154,0,3,1,8.98031067726074,190.7926171204317,878.8112577860181,3093
3359.0,8154,0,0,0,8.978930442466194,190.79838116261956,879.4064231013853,3085
3360.0,8156,0,3,1,8.982486720962067,190.78126532614027,879.7835238197504,3083
3361.0,8157,0,2,1,8.978049540019855,190.82800049037635,880.1005138886306,3072
3362.0,8158,0,3,2,8.963169974118353,190.85216964942387,880.3287252568038,3075
3363.0,8159,0,1,0,8.95157854083219,190.88221595783796,880.8195329010387,3077
3364.0,8159,0,2,2,8.940359653478202,190.93761490378722,881.2531687195305,3086
3365.0,8158,0,1,2,8.924440404444338,191.04351556754105,881.7553726996249,3109
3366.0,8156,0,1,3,8.90883135742077,191.1607405590976,882.3221515030824,3113
3367.0,8157,0,2,1,8.898921362411258,191.2372195660169,882.7961342207655,3141
3368.0,8159,0,2,0,8.878830544556525,191.26951832332395,883.1835263332952,3144
3369.0,8158,0,3,4,8.854585982412777,191.38661436626623,883.57224270454,3155
3370.0,8159,0,4,3,8.826941101667646,191.47236180904522,883.8845335003766,3147
3371.0,8160,0,3,2,8.798214289447817,191.540931372549,884.1851438818798,3145
3372.0,8159,0,3,4,8.762018231882404,191.66282632675572,884.5684741647175,3152
3373.0,8161,0,4,2,8.716175978452924,191.77049381203284,884.8110754255046,3169
3374.0,8165,0,4,0,8.67489724342056,191.856338028169,884.9943912720323,3197
3375.0,8166,0,1,0,8.627104486438258,191.9980406563801,885.5057492733222,3220
3376.0,8172,0,6,0,8.590278761709913,191.9679393049437,885.476915072226,3240
3377.0,8173,0,4,3,8.561375413287125,192.0873608222195,885.6823319838803,3277
3378.0,8176,0,3,0,8.524885164731682,192.18224070450097,885.9831644683588,3300
3379.0,8178,0,3,1,8.497718365878997,192.30092932257276,886.3030594816828,3322
3380.0,8181,0,5,2,8.471643342921501,192.40202909179806,886.519527194471,3343
3381.0,8184,0,4,1,8.450469442287828,192.46639784946237,886.5519056140427,3349
3382.0,8188,0,4,0,8.442469091641257,192.54592085979482,886.7502204921656,3374
3383.0,8191,0,4,1,8.441004967735395,192.65376632889758,887.0561817857694,3394
3384.0,8191,0,2,2,8.421572228366841,192.78354291295324,887.5366668386717,3405
3385.0,8193,0,4,2,8.41505349784158,192.89002807274503,887.723746903891,3433
3386.0,8193,0,3,3,8.403349272187139,193.05333821554987,887.9668859187731,3455
3387.0,8195,0,4,2,8.385900656410264,193.15131177547286,888.3437155419151,3465
3388.0,8200,0,5,0,8.374009483647466,193.19658536585365,888.4396439121464,3499
3389.0,8201,0,2,1,8.35362646429126,193.35861480307278,888.9352764555993,3513
3390.0,8201,0,1,1,8.33141406710374,193.5749298865992,889.4445605811303,3549
3391.0,8206,0,6,1,8.310352050256279,193.63709480867658,889.3675790729626,3564
3392.0,8206,0,1,1,8.284920500249726,193.81732878381672,889.9773258045634,3583
3393.0,8209,0,4,1,8.277596356312344,193.9816055548788,890.1691021598098,3602
3394.0,8214,0,6,1,8.268779760410268,194.03603603603602,890.2699395702989,3627
3395.0,8219,0,5,0,8.26029520166436,194.15111327412095,890.3742103811271,3646
3396.0,8221,0,2,0,8.246516386940048,194.28232575112517,890.803800549715,3672
3397.0,8225,0,4,0,8.23872398899176,194.37908814589665,891.0174749286294,3682
3398.0,8229,0,5,1,8.208387295970917,194.5137926844088,891.2000114072979,3718
3399.0,8230,0,3,2,8.189293255360639,194.7419198055893,891.5823793283461,3736
3400.0,8232,0,4,2,8.159172732026356,194.92225461613216,891.8718923362982,3746
3401.0,8237,0,6,1,8.135097272052597,195.02100279227875,891.9662037157863,3762
3402.0,8242,0,5,0,8.106618984350492,195.1157486047076,892.08049257726,3782
3403.0,8242,0,2,2,8.069581793524945,195.33584081533607,892.4565621403354,3799
3404.0,8246,1160,6,2,8.03564750065943,195.45282561241814,892.6684991717356,3828
3405.0,8250,0,4,0,8.01180834426496,195.5310303030303,892.8964330086416,3846
3406.0,8252,0,3,1,7.990508287533187,195.68783325254483,893.3026085722311,3869
3407.0,8258,0,7,1,7.9575223980372645,195.8016468878663,893.1985071058987,3907
3408.0,8259,0,2,1,7.9367494836783266,196.0692577793922,893.7184338075248,3916
3409.0,8261,0,4,2,7.910556782332859,196.304805713594,893.9880682712129,3939
3410.0,8260,0,0,1,7.88179549140308,196.61622276029055,894.6128306681572,3968
3411.0,8266,0,7,1,7.876220449558919,196.7550205661747,894.5230875553256,3989
3412.0,8265,0,1,2,7.859288765967014,197.0496067755596,895.0358392799075,4005
3413.0,8264,0,0,1,7.842647538510637,197.34002904162634,895.575820193858,4022
3414.0,8264,0,1,1,7.828577509471041,197.63262342691192,896.1202506948258,4046
3415.0,8265,0,4,3,7.8127514913006175,197.94954627949184,896.3452089549089,4065
3416.0,8266,0,2,1,7.803386900179364,198.27050568594242,896.8897645915097,4098
3417.0,8266,0,3,3,7.787087525884,198.60198403097024,897.3624958948949,4122
3418.0,8267,0,2,1,7.778791921420509,198.87794846981976,897.7636052412264,4143
3419.0,8267,0,1,1,7.758730486259459,199.18567799685496,898.4166616020987,4152
3420.0,8270,0,3,0,7.746903995100151,199.4397823458283,898.7661766254652,4174
3421.0,8273,0,3,0,7.781100816501167,198.57790402514203,899.1135362957754,3948
3422.0,8270,0,2,5,7.8405728043281036,198.1142684401451,899.5539298030754,3795
3423.0,8271,0,4,3,7.9231472113105585,197.70366340224882,899.8682234862008,3677
3424.0,8274,0,4,1,8.02939626712324,197.34203529127387,900.0529241403043,3602
3425.0,8276,0,4,2,8.151252505599247,197.057636539391,900.1239740856456,3530
3426.0,8277,0,2,1,8.261194094986413,196.88317023075993,900.4378854777075,3441
3427.0,8278,0,3,2,8.354891105569589,196.7565837158734,900.7678810776499,3395
3428.0,8278,0,1,1,8.444530779708199,196.69908190384152,901.2221083845448,3350
3429.0,8280,0,3,1,8.522205242196456,196.6141304347826,901.6243987805939,3307
3430.0,8279,0,1,2,8.582931141482986,196.6488706365503,902.2073846316116,3290
3431.0,8281,0,3,1,8.633616016032633,196.5810892404299,902.4821050093487,3257
3432.0,8279,0,1,3,8.682123930038887,196.57253291460322,903.1128161054678,3195
3433.0,8281,0,3,1,8.730688430472826,196.53834078009902,903.27312171304,3187
3434.0,8284,0,4,1,8.771280395825086,196.5035007242878,903.50480811,3174
3435.0,8286,0,4,2,8.80317341032645,196.53403330919625,903.7300586136189,3160
3436.0,8285,0,2,3,8.827562259319302,196.5874471937236,904.415238748195,3133
3437.0,8285,0,1,1,8.844308173316522,196.6318648159324,904.9739655875825,3122
3438.0,8285,0,2,2,8.856438385454084,196.68062764031382,905.503212243866,3134
3439.0,8286,0,3,2,8.872077518605055,196.71168235578082,905.9284264302099,3126
3440.0,8290,0,4,0,8.89289851249772,196.65102533172498,906.0876344258413,3113
3441.0,8290,0,4,4,8.904354409217314,196.68130277442702,906.4834322133134,3077
3442.0,8292,0,3,1,8.911512171616227,196.61456825856246,906.6941325576872,3055
3443.0,8295,0,4,1,8.927505331680392,196.55406871609404,906.9372960191398,3044
3444.0,8297,0,2,0,8.924744809286295,196.5820175967217,907.3114479836723,3029
3445.0,8299,0,4,2,8.922330780791512,196.57284010121703,907.6365860535907,3029
3446.0,8299,0,2,2,8.923615890981992,196.61814676467046,908.1190654128962,3028
3447.0,8298,0,0,1,8.913533331838401,196.67016148469511,908.715066612658,3027
3448.0,8298,0,2,2,8.909217215720565,196.72089660159074,909.2486045404798,3032
3449.0,8299,0,2,1,8.898266156538797,196.7594890950717,909.5283199553281,3048
3450.0,8298,0,1,2,8.869644362891991,196.81923355025307,909.9757647383675,3058
3451.0,8299,0,2,1,8.850963556430687,196.82491866489937,910.3933399936742,3041
3452.0,8299,0,1,1,8.830136294516647,196.893722135197,910.8595480459888,3055
3453.0,8303,0,5,1,8.8178382867926,196.85607611706612,910.9021544990765,3063
3454.0,8302,0,4,5,8.803166948923108,196.93519633823175,911.041627933208,3082
3455.0,8304,0,4,2,8.794206514621276,197.0038535645472,911.3716689958553,3091
3456.0,8302,0,1,3,8.785764546393496,197.12189833774994,911.7796698166602,3098
3457.0,8299,0,2,5,8.764865255797194,197.27087600915772,912.4405231589783,3107
3458.0,8300,0,4,3,8.750726216257396,197.37192771084338,912.5646587273452,3115
3459.0,8300,0,2,2,8.749320830802862,197.47012048192772,912.7481177751985,3125
3460.0,8302,0,5,3,8.733186005407898,197.5055408335341,912.8426630893708,3112
3461.0,8304,0,5,3,8.719461030004792,197.54600192678228,912.961740498123,3115
3462.0,8311,0,7,0,8.708717898466608,197.4934424257009,912.8020902638563,3123
3463.0,8311,0,2,2,8.685819191930051,197.63698712549632,913.3482223231118,3114
3464.0,8309,0,1,3,8.645246894706359,197.81718618365628,913.6460714740043,3122
3465.0,8309,0,1,1,8.615029793896463,197.98399326032015,914.2377634253271,3157
3466.0,8310,0,2,1,8.59378265141979,198.06847172081828,914.7111958697418,3157
3467.0,8311,0,2,1,8.574669660197184,198.17290338106125,915.0408168207763,3188
3468.0,8311,0,2,2,8.566818286264338,198.27987005173867,915.4060695053207,3202
3469.0,8315,0,5,1,8.554617361813778,198.36957306073361,915.5154615630014,3221
3470.0,8317,0,3,1,8.5367133714963,198.51821570277744,915.841795186942,3246
3471.0,8318,0,2,1,8.519940723110295,198.65941332050974,916.2876915860928,3259
3472.0,8320,0,4,2,8.503704732551647,198.8126201923077,916.5392054500012,3280
3473.0,8323,0,3,0,8.491667439001622,198.94112699747686,916.8326248023336,3309
3474.0,8324,0,2,1,8.455384107722331,199.07340221047573,917.304360317193,3317
3475.0,8325,0,5,4,8.419559466857947,199.2548948948949,917.5123752459998,3334
3476.0,8330,0,6,1,8.405165731431744,199.3153661464586,917.4772163115606,3362
3477.0,8329,0,1,2,8.381995929582,199.57798054988595,918.0365282683706,3405
3478.0,8331,0,3,1,8.356353509542242,199.73784659704717,918.4465226839588,3431
3479.0,8334,0,5,2,8.335602785201944,199.89692824574033,918.520688965985,3477
3480.0,8336,0,3,1,8.32051638229249,200.0693378119002,918.8627789980505,3501
3481.0,8336,0,3,3,8.29493497268093,200.2717130518234,919.0539026770814,3532
3482.0,8335,0,2,3,8.274027412990064,200.5245350929814,919.442489212359,3554
3483.0,8337,0,4,2,8.278349769931015,200.70948782535683,919.6887646383664,3561
3484.0,8338,0,4,3,8.266380469501462,200.9451906932118,919.9172135820753,3592
3485.0,8336,0,3,5,8.256300617256139,201.22636756238003,920.5169408189413,3612
3486.0,8338,0,3,1,8.254993177875496,201.4244423123051,920.9073727992437,3644
3487.0,8339,0,2,1,8.24510790391158,201.64755965943158,921.2273445055014,3665
3488.0,8338,0,0,1,8.225855505705574,201.94219237227153,921.9584949811052,3700
3489.0,8337,0,1,2,8.204928760780614,202.26412378553437,922.685035947315,3719
3490.0,8339,0,2,0,8.203964462618224,202.43698285166087,923.1104740144582,3739
3491.0,8342,0,4,1,8.193857979207793,202.5736034524095,923.423901473424,3734
3492.0,8342,0,3,3,8.17573826960001,202.8607048669384,923.8164334668287,3753
3493.0,8342,0,2,2,8.161627114361192,203.08463198273796,924.2316493874057,3765
3494.0,8345,0,5,2,8.14858471915993,203.22720191731577,924.2890457441648,3781
3495.0,8345,0,1,1,8.124309897662986,203.46207309766328,924.7662578455559,3784
3496.0,8348,0,4,1,8.123232169215983,203.67249640632488,925.0483645290466,3790
3497.0,8348,0,1,1,8.12161489425559,203.96945376137998,925.5521914301733,3812
3498.0,8352,0,5,1,8.113592098322247,204.16678639846742,925.7370199796653,3822
3499.0,8355,0,4,1,8.090660631114226,204.38874925194494,925.8509587501565,3861
3500.0,8357,0,2,0,8.072451390795344,204.65035299748715,926.288309880835,3887
3501.0,8358,0,3,2,8.035459059666845,204.98600143575018,926.7543819704435,3915
3502.0,8358,0,2,2,8.001403611066285,205.3096434553721,927.1895930258756,3933
3503.0,8360,0,4,2,7.9866182374537065,205.59258373205742,927.5966314310956,3962
3504.0,8360,0,2,2,7.960788964561428,205.91590909090908,928.2063436108934,3990
3505.0,8361,0,2,1,7.940803994309933,206.22377706016027,928.7173300473362,4010
3506.0,8361,0,1,1,7.913436430992099,206.53629948570745,929.2339821587242,4029
3507.0,8361,0,1,1,7.8903380634974765,206.85540007176175,929.8934646088725,4045
3508.0,8362,0,1,0,7.866196795102652,207.17137048552976,930.454450949637,4058
3509.0,8364,0,2,0,7.847806575620789,207.4487087517934,930.9050030526465,4068
3510.0,8365,0,2,1,7.832787184699927,207.72384937238493,931.2939924327162,4084
3511.0,8367,0,2,0,7.872712575838711,206.96892554081512,931.7422537813819,3872
3512.0,8369,0,3,1,7.940878488058484,206.45357868323575,932.1657915111911,3730
3513.0,8371,0,4,2,8.028524790869275,206.0566240592522,932.4466284170314,3616
3514.0,8372,0,2,1,8.114140758585123,205.76552795031057,932.8609559988589,3523
3515.0,8373,0,2,1,8.231668337415826,205.50400095545206,933.3933648178712,3434
3516.0,8376,0,4,1,8.352155648999615,205.30587392550143,933.6946096432565,3378
3517.0,8375,0,1,2,8.456584369522945,205.2277014925373,934.0125690375078,3329
3518.0,8378,0,5,2,8.559601655905507,205.06529004535687,934.1210629287884,3280
3519.0,8380,0,3,1,8.63993252393641,204.93699284009546,934.4752227973414,3260
3520.0,8382,0,3,1,8.710838664294258,204.79348604151753,934.6574650656873,3213
3521.0,8384,0,3,1,8.774068681616011,204.75011927480915,934.9833035766814,3196
3522.0,8386,0,2,0,8.820082303948865,204.6888862389697,935.3668390587801,3185
3523.0,8385,0,1,2,8.865684042934893,204.72498509242695,936.012661591857,3165
3524.0,8385,0,3,3,8.892000578126067,204.7422778771616,936.5450355468893,3157
3525.0,8388,0,3,0,8.920782714916394,204.63197424892704,936.8101780897031,3127
3526.0,8392,0,4,0,8.950773362353534,204.55719733079124,936.9618386649195,3128
3527.0,8393,0,3,2,8.979168765395315,204.58012629572264,937.2723240968562,3106
3528.0,8394,0,2,1,8.993842202802156,204.63140338336908,937.7209667365639,3103
3529.0,8399,0,7,2,9.01479250444532,204.56697225860222,937.3698445299945,3104
3530.0,8401,0,3,1,9.019005505316592,204.62647303892393,937.7106241141661,3100
3531.0,8400,0,1,2,9.019448920595421,204.7484523809524,938.1383700103872,3098
3532.0,8405,0,7,2,9.014462493412418,204.7289708506841,938.1433992206652,3102
3533.0,8406,0,2,1,9.017322319471193,204.7400666190816,938.4462851383569,3100
3534.0,8406,0,2,2,9.011061655950575,204.80466333571258,938.9751399255906,3098
3535.0,8407,0,5,4,9.005519316964502,204.81515403830142,939.1281306210919,3116
3536.0,8410,0,5,2,9.003422868513708,204.78906064209275,939.0886708026253,3111
3537.0,8411,0,3,2,8.993395788181525,204.83521578884793,939.3563483817655,3117
3538.0,8409,0,1,3,8.975039742417565,204.97728624093233,940.1233068340533,3135
3539.0,8411,0,3,1,8.968481466828791,205.01937938413982,940.491815641332,3133
3540.0,8414,0,3,0,8.961334214184086,205.02662229617306,940.7536792728531,3152
3541.0,8418,0,5,1,8.972835060959413,205.0048705155619,940.8816778926016,3166
3542.0,8419,0,2,1,8.967002009028993,205.03812804371066,941.332884949857,3164
3543.0,8420,0,3,2,8.953948954127632,205.1313539192399,941.4891691541637,3184
3544.0,8420,0,1,1,8.921923912863228,205.18206650831354,941.918793970182,3179
3545.0,8423,0,5,2,8.905876392186604,205.2231983853734,942.1034247041954,3208
3546.0,8422,0,2,3,8.889930250786433,205.35561624317265,942.6324539771421,3202
3547.0,8422,0,3,3,8.85766026389752,205.49002612206127,943.1209114550007,3228
3548.0,8421,0,3,4,8.835636348820433,205.65206032537702,943.18937863171,3227
3549.0,8423,0,3,1,8.804294479160253,205.70070046301794,943.5422910291677,3269
3550.0,8422,0,0,1,8.77141638342424,205.88601282355734,944.1194384197463,3273
3551.0,8422,0,2,2,8.73475976919617,206.05461885537878,944.6653282286641,3300
3552.0,8420,0,1,3,8.690225524597098,206.2086698337292,945.4051819466912,3307
3553.0,8421,0,1,0,8.655270216614708,206.33772711079445,945.9080757587282,3340
3554.0,8423,0,2,0,8.619097664820439,206.47667101982665,946.3013228859803,3379
3555.0,8426,0,4,1,8.593127230786603,206.5341799192974,946.4418896569763,3387
3556.0,8430,0,6,2,8.562794126337401,206.51637010676157,946.3534173891182,3368
3557.0,8433,0,3,0,8.53319435497401,206.5700225305348,946.6405015698884,3370
3558.0,8433,0,1,1,8.506910257818673,206.70556148464365,947.2288774954582,3379
3559.0,8433,0,1,1,8.474579583496142,206.83540851417052,947.5983995929228,3398
3560.0,8438,0,5,0,8.444047915681665,206.87224460772694,947.6663651825065,3419
3561.0,8440,0,4,2,8.41557241294375,206.93649289099525,947.8762506246096,3446
3562.0,8440,0,2,2,8.38894902695326,207.08708530805688,948.3501144159258,3482
3563.0,8441,0,1,0,8.36318880898731,207.24487619950244,948.8727702106858,3511
3564.0,8446,0,5,0,8.347231776646877,207.24615202462704,948.9471999539103,3544
3565.0,8448,0,4,2,8.325225481487015,207.35641571969697,949.0345000249904,3571
3566.0,8451,0,3,0,8.309647839628134,207.46953023310851,949.3365082101878,3589
3567.0,8453,0,4,2,8.29095136562679,207.58417130013012,949.5359181449992,3601
3568.0,8457,0,6,2,8.27280952637148,207.6615821213196,949.6980643631348,3625
3569.0,8457,0,2,2,8.245522789571012,207.87123093295494,949.9930687194176,3641
3570.0,8463,0,7,1,8.230629843789856,207.93666548505257,949.944270844147,3668
3571.0,8463,0,2,2,8.21156969580391,208.1173342786246,950.34811780539,3687
3572.0,8465,0,3,1,8.178992372121733,208.29805079740106,950.7682665273212,3725
3573.0,8468,0,4,1,8.160701387881897,208.46516296646197,950.9371595806908,3740
3574.0,8471,0,4,1,8.135699347549815,208.585527092433,951.1188092831899,3767
3575.0,8475,0,5,1,8.12577859275453,208.7130383480826,951.2896358669929,3792
3576.0,8476,0,5,4,8.108834418967305,208.8677442189712,951.4811669917093,3810
3577.0,8479,0,4,1,8.09225581375131,208.9918622479066,951.6643648467127,3843
3578.0,8479,0,2,2,8.076685243527969,209.25557259110744,952.2574587874235,3871
3579.0,8481,0,4,2,8.050968847428765,209.45324843768424,952.3304529770068,3902
3580.0,8483,0,3,1,8.025702403936009,209.69067546858423,952.6688649346928,3933
3581.0,8484,0,3,2,8.005849490169796,209.95968882602546,953.0277469453545,3965
3582.0,8487,0,4,1,7.9864553396615605,210.16495817132085,953.3335474078792,3988
3583.0,8486,0,1,2,7.96041315697498,210.47230732971954,953.8700793696878,4016
3584.0,8489,0,5,2,7.944157876684947,210.68936270467665,954.0601475496832,4026
3585.0,8492,0,4,1,7.925836064184512,210.90190767781442,954.2583845435997,4038
3586.0,8496,0,4,0,7.905164331770549,211.10040018832393,954.47583739349,4053
3587.0,8500,0,5,1,7.888263785109504,211.29717647058823,954.6826163485896,4075
3588.0,8503,0,5,2,7.8693253739158315,211.51793484652475,954.5808672834771,4090
3589.0,8504,0,4,3,7.846472017019948,211.77398871119473,954.9611259681709,4110
3590.0,8506,0,3,1,7.830576828980422,212.0157535857042,955.2821982423868,4127
3591.0,8503,0,2,5,7.8101929208852345,212.38080677407973,955.8873634041872,4162
3592.0,8505,0,3,1,7.795759106780876,212.62845385067607,956.2891182929894,4181
3593.0,8506,0,3,2,7.786568633977188,212.92640489066542,956.7759336012042,4212
3594.0,8510,0,4,0,7.773794214670907,213.14418331374853,957.0024302464849,4238
3595.0,8511,0,1,0,7.757429846535766,213.4283867935613,957.5679020067971,4260
3596.0,8512,0,1,0,7.744848315449508,213.75740131578948,958.1342148011855,4294
3597.0,8513,0,1,0,7.721481831445446,214.07999530130388,958.7016573401432,4319
3598.0,8516,0,3,0,7.710089834779823,214.3363081258807,959.0454148969503,4336
3599.0,8517,0,2,1,7.701536114285558,214.67054127040038,959.5975278145828,4359
3600.0,8520,0,4,1,7.699999656035305,214.93262910798123,959.9312129776563,4378
3601.0,8522,0,3,1,7.737567992794375,214.19561135883595,960.2503511837951,4170
3602.0,8521,0,0,1,7.813067352254756,213.73805891327308,960.9874045287884,4030
3603.0,8520,0,1,2,7.9005872924200355,213.46830985915494,961.5366708873765,3917
3604.0,8519,0,0,1,7.992273882093724,213.26446766052354,962.1763490847377,3827
3605.0,8517,0,0,2,8.09393325579331,213.13338029822708,963.0144617694591,3748
3606.0,8517,0,1,1,8.197278345922784,213.04355993894563,963.529796042023,3704
3607.0,8518,0,1,0,8.298204120732477,212.98943413946935,964.057885482723,3659
3608.0,8517,0,0,1,8.386888047990205,213.01103675002935,964.6764346908061,3636
3609.0,8517,0,1,1,8.45227217617903,212.95644006105437,965.2500541275366,3594
3610.0,8515,0,0,2,8.495153718715203,213.01738109219025,965.9579364121469,3565
3611.0,8512,0,0,3,8.546979238933824,213.1813909774436,966.7747086741306,3556
3612.0,8511,0,0,1,8.5870106587189,213.23710492304076,967.4147912875097,3547
3613.0,8508,0,1,4,8.621258283747647,213.33568406205924,967.9635566964787,3521
3614.0,8508,0,0,0,8.653371733759817,213.3689468735308,968.5795084706702,3522
3615.0,8506,0,1,3,8.682201832160711,213.48354102986127,968.980577149474,3506
3616.0,8505,0,0,1,8.70101505299061,213.59329805996472,969.6807764725037,3483
3617.0,8504,0,0,1,8.712314095086635,213.726599247413,970.205607044034,3495
3618.0,8503,0,0,1,8.72894718170604,213.79383746912853,970.8079331499055,3474
3619.0,8504,0,1,0,8.735483691692387,213.8620649106303,971.3025729947966,3464
3620.0,8503,0,0,1,8.732913981708936,214.01752322709632,972.0230957005274,3470
3621.0,8504,0,1,0,8.736147293465349,214.1011288805268,972.5165079501859,3474
3622.0,8503,0,0,1,8.731211906035487,214.23356462425028,973.2288959713185,3474
3623.0,8503,0,0,0,8.721114387752873,214.36951664118547,973.8368405421935,3462
3624.0,8503,0,0,0,8.705355464515126,214.4620722098083,974.4452281024198,3440
3625.0,8501,0,0,2,8.683518188897986,214.646276908599,974.9784554259252,3438
3626.0,8501,0,0,0,8.672010357324746,214.76520409363604,975.5884959255184,3432
3627.0,8500,0,0,1,8.649950782356884,214.9204705882353,976.2655288226393,3432
3628.0,8500,0,2,2,8.640173461373948,215.08741176470588,976.5907322298565,3456
3629.0,8498,0,0,2,8.623110596457769,215.333372558249,977.261741600663,3468
3630.0,8497,0,0,1,8.603940965506462,215.4793456514064,977.9883939412491,3458
3631.0,8494,0,0,3,8.57523069408518,215.67800800565104,978.5490055675048,3458
3632.0,8494,0,1,1,8.539885072162138,215.83317635978338,979.1638276387688,3465
3633.0,8494,0,1,1,8.495936515718578,216.00094184129975,979.7430445132696,3493
3634.0,8494,0,0,0,8.446425366362456,216.16788321167883,980.3646571975763,3486
3635.0,8494,0,0,0,8.412319235894836,216.30704026371558,980.9881976278375,3494
3636.0,8492,0,0,2,8.37793769516335,216.4944653791804,981.5730797071923,3515
3637.0,8489,0,0,3,8.338721390512244,216.75544822711745,982.1404787642753,3531
3638.0,8488,0,0,1,8.294049565219263,216.93449575871819,982.7313716429696,3561
3639.0,8486,0,0,2,8.248266572073106,217.17723308979495,983.2267526959342,3582
3640.0,8486,0,0,0,8.203680067318142,217.32477020975725,983.8617625684026,3593
3641.0,8486,0,0,0,8.165441112744414,217.51260900306386,984.4992424585004,3620
3642.0,8485,0,0,1,8.134740563540861,217.7476723629935,985.0676942321197,3641
3643.0,8483,0,0,2,8.096722946325862,218.01096310267593,985.6776032374364,3666
3644.0,8482,0,0,1,8.05790117931513,218.25100212214102,986.2573891512493,3684
3645.0,8480,0,0,2,8.01402023091519,218.5505896226415,986.8139866390374,3716
3646.0,8478,0,1,3,7.967477935861195,218.77364944562396,987.0694275767343,3725
3647.0,8477,0,0,1,7.943511462473821,218.995635248319,987.5846223754371,3739
3648.0,8476,0,0,1,7.91407909537806,219.25377536573856,988.2177601552784,3753
3649.0,8474,0,0,2,7.896231812763811,219.52985603021006,988.6641051302852,3798
3650.0,8473,0,0,1,7.882096239630651,219.73433258586098,989.3192247139383,3794
3651.0,8473,0,1,1,7.865835135380226,219.9086510090877,989.8319084188439,3803
3652.0,8470,0,0,3,7.850400341096368,220.2207792207792,990.4766198228141,3826
3653.0,8471,0,1,0,7.831542744248302,220.4268681383544,991.0167982194238,3866
3654.0,8468,0,0,3,7.792260871539324,220.73488427019367,991.733588688894,3885
3655.0,8464,0,0,4,7.754733307679925,221.0843572778828,992.4239503778018,3918
3656.0,8463,0,1,2,7.717579395588963,221.34101382488478,993.1197119469418,3930
3657.0,8462,0,0,1,7.6759215347625664,221.60564878279368,993.9005612654755,3949
3658.0,8461,0,0,1,7.651997471168641,221.8412717172911,994.6663480631676,3956
3659.0,8461,0,0,0,7.627485798193127,222.05164874128354,995.3340039153351,3985
3660.0,8461,0,1,1,7.603568707253464,222.26178938659734,995.9609947142769,4000
3661.0,8461,0,1,1,7.565668974497915,222.4537288736556,996.5972110283243,4009
3662.0,8460,0,0,1,7.550530886537368,222.62848699763595,997.1770150120916,4002
3663.0,8459,0,0,1,7.534587778752325,222.83532332427,997.8199753339901,4017
3664.0,8459,0,0,0,7.522313280911743,223.04586830594633,998.49426914447,4045
3665.0,8458,0,0,1,7.511894566021175,223.3167415464649,999.072713836335,4060
3666.0,8455,0,0,3,7.473787387227275,223.67072738024837,1000.0281791487428,4089
3667.0,8454,0,0,1,7.455813792557982,223.95351312987935,1000.7911353080748,4115
3668.0,8450,0,0,4,7.428725980376202,224.3301775147929,1001.3378955619788,4139
3669.0,8449,0,0,1,7.41272945121307,224.6227955971121,1002.135644039592,4152
3670.0,8449,0,0,0,7.390066817623551,224.85749792874896,1002.8175721137275,4177
3671.0,8449,0,0,0,7.360396579314479,225.0924369747899,1003.5016032985085,4195
3672.0,8447,0,0,2,7.336056972096588,225.40310169290873,1004.0345064036879,4220
3673.0,8445,0,0,2,7.312339069946205,225.67317939609237,1004.8715119965983,4228
3674.0,8442,0,0,3,7.2802979646973345,226.0101871594409,1005.8694953973877,4257
3675.0,8442,0,1,1,7.259222796871325,226.2614309405354,1006.5337706075801,4271
3676.0,8442,0,1,1,7.240596703769641,226.54868514570006,1007.1883807583994,4290
3677.0,8441,0,1,2,7.219251931546574,226.84764838289303,1007.9050704089824,4308
3678.0,8440,0,0,1,7.199809290642557,227.11765402843602,1008.5773579906198,4311
3679.0,8437,0,0,3,7.179321558984651,227.497214649757,1009.390616836102,4346
3680.0,8435,0,0,2,7.162269845554442,227.83971547125074,1010.1075381409784,4359
3681.0,8435,0,0,0,7.13905249715,228.08642560758744,1010.8045671295067,4375
3682.0,8434,0,0,1,7.117759911023549,228.36352857481623,1011.4862484371132,4385
3683.0,8432,0,0,2,7.0939806120773525,228.7147770398482,1012.3473790854146,4410
3684.0,8430,0,0,2,7.068909724288975,229.05658362989323,1013.0824418611277,4431
3685.0,8428,0,0,2,7.035293299156028,229.37873754152824,1013.7747322767847,4448
3686.0,8427,0,1,2,7.007175398117122,229.7127091491634,1014.3347927768706,4475
3687.0,8426,0,0,1,6.984058787289775,230.0282459055305,1015.1302006106882,4480
3688.0,8424,0,0,2,6.966665645312306,230.42960588793923,1015.9920819570652,4509
3689.0,8423,0,0,1,6.949989533089758,230.74189718627568,1016.7784535773613,4504
3690.0,8420,0,0,3,6.936151182605983,231.16092636579572,1017.4834217125256,4505
3691.0,8420,0,0,0,6.974735695560259,230.46330166270783,1018.1866449097589,4305
3692.0,8420,0,0,0,7.046100545673483,229.97755344418053,1018.8852861922245,4172
3693.0,8419,0,0,1,7.13226707658244,229.58011640337332,1019.6560427540278,4049
3694.0,8418,0,0,1,7.2402566274228635,229.26514611546685,1020.4322879293716,3938
3695.0,8418,0,0,0,7.359485451384725,229.0294606794963,1021.1084281283861,3863
3696.0,8416,0,0,2,7.476361114605454,228.81261882129277,1021.6072782181,3780
3697.0,8415,0,0,1,7.574935992545857,228.718954248366,1022.3710026321913,3735
3698.0,8415,0,0,0,7.6718251076381065,228.64337492572787,1023.0258646684466,3714
3699.0,8414,0,0,1,7.756189093385483,228.56691228904208,1023.760806024412,3664
3700.0,8412,0,0,2,7.825155051565382,228.60924869234427,1024.6208582958043,3656
3701.0,8409,0,0,3,7.886774515877557,228.60304435723629,1025.2277316396758,3632
3702.0,8407,0,0,2,7.943966608503446,228.67883906268585,1025.885563366558,3617
3703.0,8405,0,0,2,7.984587086344228,228.80928019036287,1026.7139195277987,3602
3704.0,8402,0,0,3,8.023391159122907,228.8615805760533,1027.4975845788022,3587
3705.0,8402,0,0,0,8.060626696074761,228.89728636039038,1028.1288455024262,3594
3706.0,8398,0,0,4,8.086879762472234,228.97380328649677,1028.59709260203,3561
3707.0,8397,0,0,1,8.11248861518882,229.00940812194833,1029.1857339862147,3541
3708.0,8397,0,0,0,8.144588987687289,229.03096343932356,1029.8125727493036,3538
3709.0,8395,0,0,2,8.157106367933727,229.11721262656343,1030.5802671617937,3511
3710.0,8393,0,0,2,8.14682730867372,229.23388538067437,1031.2612992710883,3516
3711.0,8393,0,0,0,8.136395957089338,229.31430954366735,1031.8878414060703,3522
3712.0,8393,0,0,0,8.122972948187698,229.40355057786252,1032.5150172180963,3519
3713.0,8391,0,0,2,8.106300358100093,229.53593135502325,1033.0512414677905,3540
3714.0,8389,0,0,2,8.096666899761132,229.62188580283706,1033.5793826303734,3529
3715.0,8387,0,0,2,8.0732104172796,229.73184690592583,1034.1985782610502,3532
3716.0,8386,0,0,1,8.043878445829375,229.79167660386358,1034.9506944470027,3545
3717.0,8386,0,0,0,8.03219828323848,229.73837347960887,1035.5812782113424,3538
3718.0,8386,0,0,0,8.016216445730189,229.79298831385643,1036.2129585426574,3561
3719.0,8384,0,0,2,8.002982475401934,229.840768129771,1036.9293922457673,3567
3720.0,8382,0,0,2,7.96827640046016,229.90073968026724,1037.6043693922547,3574
3721.0,8381,0,0,1,7.933307275590449,229.94952869585967,1038.2420517906917,3581
3722.0,8381,0,0,0,7.903195491788347,230.06956210476076,1038.8795917464704,3613
3723.0,8379,0,0,2,7.874651408011994,230.1345029239766,1039.591192632675,3633
3724.0,8375,0,1,5,7.839155022150477,230.28071641791044,1040.3819204528315,3648
3725.0,8372,0,0,3,7.805998511130648,230.4467271858576,1040.865668878485,3668
3726.0,8370,0,0,2,7.7843381492103765,230.60011947431303,1041.6571770991084,3675
3727.0,8370,0,0,0,7.760110944499923,230.6695340501792,1042.3036485211937,3690
3728.0,8367,0,0,3,7.7262372788844065,230.78546671447353,1043.0183370699046,3710
3729.0,8364,0,0,3,7.701946742270884,230.95050215208033,1043.7414912329627,3717
3730.0,8362,0,0,2,7.668082645422457,231.11934943793352,1044.464398266707,3740
3731.0,8362,0,0,0,7.648295040129112,231.21466156421909,1045.1189495729348,3734
3732.0,8360,0,0,2,7.627369828286394,231.32691387559808,1045.8755474670047,3733
3733.0,8358,0,0,2,7.593572654086352,231.50394831299354,1046.3582534609573,3754
3734.0,8358,0,1,1,7.556416515826958,231.66714525005983,1046.9660976118241,3781
3735.0,8358,0,0,0,7.520743610229701,231.84721225173487,1047.6287885801241,3803
3736.0,8357,0,0,1,7.484655555218635,231.96039248534163,1048.3584698509578,3834
3737.0,8354,0,0,3,7.458519580212695,232.11910462054107,1048.9592465983515,3836
3738.0,8352,0,0,2,7.439508021839502,232.27466475095787,1049.7160210901081,3847
3739.0,8349,0,0,3,7.426306887137252,232.48892082884177,1050.5214995525378,3860
3740.0,8348,0,0,1,7.410392599101409,232.65297077144226,1051.2395126087977,3873
3741.0,8346,0,1,3,7.389148371769364,232.86700215672178,1051.9841064754035,3880
3742.0,8346,0,1,1,7.366089282381121,233.06613946800863,1052.5382940060288,3906
3743.0,8344,0,0,2,7.349123296532125,233.30237296260785,1053.1205069586526,3923
3744.0,8340,0,1,5,7.3180595942320945,233.56558752997603,1053.8080725802156,3936
3745.0,8340,0,1,1,7.301931151797079,233.73968824940047,1054.2948033610385,3959
3746.0,8338,0,0,2,7.2867744394925085,233.95154713360517,1054.8106424735001,3972
3747.0,8338,0,1,1,7.264858728015251,234.16754617414247,1055.4020911668101,3982
3748.0,8335,0,0,3,7.242323664825798,234.47714457108577,1055.9253281281726,4013
3749.0,8335,0,2,2,7.222933931484503,234.70713857228554,1056.331867170887,4029
3750.0,8335,0,2,2,7.202105256143494,234.93485302939413,1056.9095112318435,4043
3751.0,8332,0,0,3,7.177627154469326,235.23331733077293,1057.7365558054582,4060
3752.0,8330,0,1,3,7.152871035034323,235.4747899159664,1058.4115912156383,4076
3753.0,8328,0,1,3,7.13485525873886,235.73727185398656,1059.133893077747,4088
3754.0,8326,0,0,2,7.111962471811665,236.01885659380255,1059.734727643784,4112
3755.0,8326,0,1,1,7.107561383789366,236.19541196252703,1060.3050236964223,4127
3756.0,8327,0,1,0,7.093119893523491,236.40770985949322,1060.8658889039878,4150
3757.0,8326,0,0,1,7.072253328992622,236.72651933701658,1061.6365470748633,4169
3758.0,8325,0,1,2,7.049051311119577,237.01525525525525,1062.35420015823,4193
3759.0,8323,0,2,4,7.02335784422013,237.3533581641235,1062.626830209195,4218
3760.0,8323,0,1,1,7.017580199611561,237.66406343866393,1063.3176821880736,4246
3761.0,8319,0,0,4,6.996237189346083,238.07729294386345,1064.006692006098,4252
3762.0,8315,0,1,5,6.971771518508844,238.45532170775707,1064.6773482242938,4254
3763.0,8311,0,0,4,6.953331230037351,238.86608109734087,1065.5194391622197,4264
3764.0,8308,0,0,3,6.931284970222015,239.20377948964853,1066.3183445268273,4288
3765.0,8308,0,2,2,6.908444875554398,239.4921762156957,1066.836002800467,4318
3766.0,8308,0,1,1,6.893461143883956,239.82450649975928,1067.4103949463909,4358
3767.0,8305,0,0,3,6.877236428893893,240.19638771824202,1067.9435227067233,4368
3768.0,8303,0,1,3,6.853542253870011,240.5207756232687,1068.6526361262115,4380
3769.0,8301,0,0,2,6.838046234932085,240.8374894591013,1069.5653637668847,4369
3770.0,8300,0,0,1,6.809617193427055,241.16433734939758,1070.3451377722508,4398
3771.0,8301,0,1,0,6.795319542803011,241.42693651367304,1070.9243781268453,4409
3772.0,8301,0,0,0,6.776205805997228,241.72051560053006,1071.6338739877901,4425
3773.0,8302,0,1,0,6.7536308621257914,241.97205492652373,1072.2154940603466,4449
3774.0,8302,0,0,0,6.7353273191594765,242.2754757889665,1072.9269413942143,4462
3775.0,8304,0,2,0,6.7139487679079535,242.54166666666666,1073.381460226803,4495
3776.0,8303,0,0,1,6.694282969945464,242.86571118872698,1074.2196218651236,4492
3777.0,8302,0,0,1,6.676650223657345,243.1950132498193,1074.8647646945728,4511
3778.0,8300,0,0,2,6.665597910947695,243.53734939759036,1075.4107982765531,4528
3779.0,8300,0,0,0,6.645112412220851,243.89084337349396,1076.1288751378097,4536
3780.0,8298,0,0,2,6.629118005844116,244.26958303205592,1076.8549351338238,4568
3781.0,8300,0,2,0,6.665586094735267,243.58361445783132,1077.3121162901784,4387
3782.0,8299,0,0,1,6.736600464775119,243.2167731051934,1077.9799668755622,4263
3783.0,8298,0,0,1,6.816829299814893,242.89985538684022,1078.6127631444217,4146
3784.0,8298,0,0,0,6.908228794441256,242.65955651964327,1079.3126963893371,4069
3785.0,8297,0,0,1,7.006630292669951,242.5756297456912,1080.1027117835015,4004
3786.0,8295,0,0,2,7.116814305780963,242.52151898734178,1080.8903797580092,3942
3787.0,8294,0,0,1,7.214095334262581,242.51736194839643,1081.686441686138,3899
3788.0,8292,0,0,2,7.302182610667015,242.54968644476605,1082.3729728407807,3859
3789.0,8291,0,0,1,7.376366544964185,242.607526233265,1083.0294169773751,3844
3790.0,8290,0,1,2,7.431239678329152,242.64981905910736,1083.6052754034508,3830
3791.0,8289,0,0,1,7.474430103338349,242.74472192061768,1084.2674030792193,3819
3792.0,8288,0,0,1,7.517422600814286,242.83180501930502,1085.0209307195948,3812
3793.0,8287,0,0,1,7.542906562161601,242.84035235911668,1085.7552009050007,3808
3794.0,8286,0,0,1,7.560446132007523,242.97803524016413,1086.4781684064,3801
3795.0,8285,0,0,1,7.580549248031445,242.96487628243815,1087.112490248198,3774
3796.0,8283,0,0,2,7.59101155144362,243.18193891102257,1087.8408605635436,3774
3797.0,8282,0,0,1,7.602045879018785,243.2912340014489,1088.3656076883788,3762
3798.0,8280,0,0,2,7.606883772574648,243.36171497584542,1089.0656373148056,3746
3799.0,8278,0,0,2,7.613470342032464,243.43005556897802,1089.8230627504777,3736
3800.0,8275,0,0,3,7.617874937622644,243.56918429003022,1090.7742902300893,3737
3801.0,8274,0,0,1,7.636158601278894,243.57445008460238,1091.3569791177522,3692
3802.0,8273,0,0,1,7.648161711626794,243.66892300253838,1092.0920026697409,3691
3803.0,8270,0,0,3,7.649476264524565,243.8273276904474,1092.6377270520677,3677
3804.0,8269,0,0,1,7.652236039963328,243.9020437779659,1093.1724413074307,3664
3805.0,8267,0,0,2,7.649511547287674,244.01233821216886,1094.021940684575,3659
3806.0,8264,0,0,3,7.648760872312209,244.16311713455954,1094.4961497653085,3664
3807.0,8261,0,0,3,7.638498341275952,244.32828955332283,1095.4093024432354,3656
3808.0,8260,0,0,1,7.6334325241516225,244.47481840193706,1096.000417194366,3675
3809.0,8260,0,0,0,7.619606203857207,244.60774818401936,1096.6481624317876,3667
3810.0,8259,0,0,1,7.5960300541117345,244.70989223876984,1097.3182749318169,3695
3811.0,8259,0,0,0,7.575935377523089,244.73689308633007,1097.968427639866,3691
3812.0,8259,0,0,0,7.55376342343421,244.81498970819712,1098.6207778389992,3686
3813.0,8259,0,0,0,7.540554598843983,244.87783024579247,1099.2737736489507,3695
3814.0,8257,0,0,2,7.5222012107995875,245.00617657744942,1099.8760286669424,3707
3815.0,8254,0,0,3,7.494393751640363,245.118245699055,1100.5811695050065,3701
3816.0,8252,0,0,2,7.469964818176077,245.26587493940863,1101.1878156286848,3717
3817.0,8248,0,0,4,7.449302418658301,245.41888942774005,1101.9098785374727,3736
3818.0,8248,0,0,0,7.431673536674005,245.52752182347237,1102.5706716319717,3772
3819.0,8245,0,0,3,7.4053383532043355,245.72274105518497,1103.4421628221846,3794
3820.0,8243,0,0,2,7.390996188098358,245.8887540943831,1104.234774024097,3808
3821.0,8242,0,0,1,7.366577344500411,246.0729191943703,1104.9903976451637,3837
3822.0,8240,0,0,2,7.335588072777514,246.28179611650486,1105.6978074312638,3844
3823.0,8239,0,0,1,7.293700763887384,246.43330501274426,1106.4655199997221,3869
3824.0,8238,0,0,1,7.248097756680942,246.5559601845108,1107.2502311281253,3877
3825.0,8235,0,0,3,7.204025870105826,246.77571341833638,1108.14883097581,3901
3826.0,8234,0,0,1,7.169933155473015,246.89749817828516,1108.9125879722305,3907
3827.0,8231,0,0,3,7.147474303278954,247.0601385007897,1109.836345331377,3920
3828.0,8230,0,0,1,7.125545247941995,247.17314702308627,1110.5992181185911,3933
3829.0,8228,0,0,2,7.102236684951033,247.32134175984444,1111.4673051774669,3938
3830.0,8226,0,1,3,7.0675731933657975,247.52881108679796,1112.0430190414797,3980
3831.0,8221,0,0,5,7.050826980088503,247.78250821067996,1112.7868423984492,3983
3832.0,8221,0,1,1,7.034464485017202,247.89393017881036,1113.3968384664388,3980
3833.0,8217,0,0,4,7.017429323728293,248.15613971035657,1114.14241032504,4011
3834.0,8216,0,0,1,7.0040910111681445,248.32960077896786,1114.7818517220965,4024
3835.0,8212,0,0,4,6.971837217443935,248.60277642474426,1115.7747353002667,4046
3836.0,8211,0,0,1,6.942766244049967,248.78455730118134,1116.570091963628,4059
3837.0,8211,0,2,2,6.914407127199435,248.94422116672757,1117.0262218506994,4095
3838.0,8209,0,0,2,6.87813611957993,249.14130832013643,1117.8993582518078,4099
3839.0,8207,0,0,2,6.835599722696019,249.31278177165834,1118.593223906665,4094
3840.0,8207,0,2,2,6.796932307158488,249.4418179602778,1119.2453370024914,4107
3841.0,8205,0,0,2,6.780330563752158,249.65971968312004,1120.02076632938,4132
3842.0,8200,0,0,5,6.747238169951613,249.9878048780488,1120.8055399068496,4156
3843.0,8201,0,1,0,6.725851219122972,250.11498597731983,1121.3718712233263,4175
3844.0,8198,0,0,3,6.703964161220659,250.35069529153452,1122.2023480770677,4193
3845.0,8198,0,0,0,6.681356291659792,250.4743839960966,1122.9084443231222,4199
3846.0,8197,0,0,1,6.666458333678651,250.68342076369404,1123.721858638772,4217
3847.0,8198,0,2,1,6.657964632257516,250.8158087338375,1124.2533512988502,4210
3848.0,8196,0,0,2,6.643292217495172,251.07613469985358,1125.2308809992592,4220
3849.0,8195,0,1,2,6.632541123901818,251.2913971934106,1125.7902733005708,4234
3850.0,8195,0,1,1,6.6116567059704066,251.54386821232458,1126.3250330020942,4257
3851.0,8194,0,1,2,6.589395726999512,251.7556748840615,1127.062188819971,4269
3852.0,8195,0,2,1,6.568196292207224,251.96375838926176,1127.4273124245346,4286
3853.0,8196,0,1,0,6.548690526989043,252.11408003904344,1128.0060611629435,4304
3854.0,8195,0,0,1,6.5297173277863925,252.40951799877973,1128.6835319367597,4324
3855.0,8194,0,0,1,6.515800773039051,252.67232121064194,1129.4462171622276,4355
3856.0,8194,0,0,0,6.512729410143397,252.93336587747132,1130.1649185363476,4364
3857.0,8194,0,0,0,6.49739720368953,253.19672931413228,1130.8849050292067,4385
3858.0,8191,0,0,3,6.4901195303685215,253.55683066780614,1131.9145919058953,4399
3859.0,8192,0,1,0,6.480429122956958,253.7698974609375,1132.497389522871,4394
3860.0,8192,0,1,1,6.4739409073570275,254.0555419921875,1133.1723001469438,4419
3861.0,8191,0,0,1,6.462081588525397,254.40214869979246,1133.8226362227579,4425
3862.0,8190,0,0,0,6.4444224605845,254.67240537240536,1134.6096899095985,4430
3863.0,8189,0,0,1,6.429723092575362,254.95555012822078,1135.4710250929065,4469
3864.0,8189,0,0,0,6.405815658634352,255.26535596531934,1136.1967833534284,4477
3865.0,8190,0,1,0,6.3918994048977575,255.52283272283273,1136.785020390522,4491
3866.0,8190,0,0,0,6.370909390871267,255.79365079365078,1137.5134104816054,4503
3867.0,8189,0,0,1,6.3593847302604845,256.15679570155083,1138.3799309326291,4531
3868.0,8187,0,0,2,6.340543204237326,256.5218028581898,1139.19266985358,4530
3869.0,8188,0,1,0,6.329038961119445,256.7797997068881,1139.7849494333427,4522
3870.0,8186,0,1,3,6.310172328838926,257.1660151478133,1140.5870872946102,4537
3871.0,8183,0,0,3,6.341586319135641,256.5942808261029,1141.3974790857494,4348
3872.0,8180,0,0,3,6.401583660022071,256.2656479217604,1141.918844006725,4219
3873.0,8180,0,1,1,6.482450937540166,255.9444987775061,1142.5731041488486,4107
3874.0,8177,0,0,3,6.568268022602161,255.79197749785985,1143.301085393329,4010
3875.0,8175,0,0,2,6.6610797838869,255.67070336391438,1143.957323475919,3950
3876.0,8175,0,0,0,6.766536143104273,255.59669724770643,1144.6565989470416,3888
3877.0,8174,0,0,1,6.857866149558124,255.56679716173232,1145.294516821607,3857
3878.0,8174,0,1,1,6.94536483123787,255.4847076094935,1145.9310160824077,3797
3879.0,8174,0,0,0,7.019126139540939,255.4242720822119,1146.6116512471729,3759
3880.0,8173,0,1,2,7.085313545620399,255.44512418940414,1147.3687001267317,3746
3881.0,8172,0,0,1,7.134482210280316,255.4295154185022,1148.1373996054233,3700
3882.0,8173,0,0,0,7.184132182746082,255.4507524776704,1148.7406681641758,3687
3883.0,8172,0,0,1,7.2257036145957505,255.51272638277044,1149.354822093743,3673
3884.0,8171,0,0,1,7.263293123636578,255.6119202056052,1149.9983081778112,3660
3885.0,8170,0,0,1,7.282885989490068,255.703182374541,1150.6362204970526,3654
3886.0,8170,0,1,1,7.301055181710946,255.65850673194615,1151.1129159156803,3625
3887.0,8168,0,0,2,7.305431756718083,255.80166503428012,1152.0314333398783,3622
3888.0,8165,0,0,3,7.310121109838073,255.96252296387019,1152.4502919193692,3605
3889.0,8161,0,0,4,7.301857081936938,256.01200833231223,1153.4023805108138,3582
3890.0,8160,0,0,1,7.306492225196598,256.10833333333335,1154.1991060501368,3583
3891.0,8157,0,0,3,7.313208207923027,256.2828245678558,1154.8433167033158,3557
3892.0,8154,0,0,3,7.316192586573327,256.39318126073096,1155.6449902353513,3539
3893.0,8152,0,1,3,7.320330792413937,256.474116781158,1156.329966523156,3527
3894.0,8150,0,0,2,7.310609480913476,256.578527607362,1157.0232159838686,3519
3895.0,8150,0,0,0,7.306285219991365,256.6487116564417,1157.6799824600919,3525
3896.0,8149,0,0,1,7.291489190457618,256.6868327402135,1158.478039031899,3528
3897.0,8148,0,0,1,7.272754584221226,256.79835542464406,1159.2678350210256,3510
3898.0,8146,0,0,2,7.2402973176322,256.9310090842131,1160.0415720963722,3520
3899.0,8145,0,0,1,7.212318988483231,257.0838551258441,1160.6771340844155,3527
3900.0,8144,0,0,1,7.17962706969449,257.18086935166997,1161.327590447879,3518
3901.0,8144,0,1,1,7.156925337302171,257.28131139489193,1161.9917429478846,3515
3902.0,8142,0,0,2,7.132059742685894,257.45308278064357,1162.8275935694871,3544
3903.0,8141,0,0,1,7.113189305237303,257.546124554723,1163.4831621031321,3556
3904.0,8137,0,0,4,7.080864300775992,257.6825611404695,1164.3361583921908,3560
3905.0,8132,0,0,5,7.042912267108241,257.9531480570585,1165.250377890443,3582
3906.0,8130,0,0,2,7.00692332973402,258.1778597785978,1165.8863247443721,3602
3907.0,8126,0,1,5,6.956209010560172,258.4506522274182,1166.7355065758131,3621
3908.0,8124,0,1,3,6.914929990945369,258.6484490398818,1167.080935021062,3641
3909.0,8123,0,0,1,6.875743502540853,258.7909639295827,1167.5584345168543,3641
3910.0,8121,0,0,2,6.838819880899112,259.00874276566924,1168.1220322030217,3687
3911.0,8120,0,0,1,6.803447982990075,259.1966748768473,1168.7694689216194,3704
3912.0,8118,0,0,2,6.7695965048432925,259.4313870411431,1169.7259112992556,3712
3913.0,8114,0,0,4,6.728649040144243,259.73440966231203,1170.8506369975535,3753
3914.0,8111,0,0,3,6.695316195288675,260.03846628036,1171.9468679505244,3763
3915.0,8103,0,0,8,6.655955541699522,260.5026533382698,1173.1152796795702,3767
3916.0,8102,0,0,1,6.626908586421249,260.69143421377436,1173.9576085130168,3780
3917.0,8102,0,1,1,6.607228545785821,260.9052085904715,1174.4901488380424,3795
3918.0,8099,0,0,3,6.5906582644864535,261.17347820718606,1175.0941567646241,3828
3919.0,8097,0,0,2,6.577701332366784,261.3764357169322,1175.838301205395,3831
3920.0,8094,0,0,3,6.558951393758608,261.6665431183593,1176.5066843319448,3844
3921.0,8091,0,0,3,6.551273610075198,261.9712025707576,1177.4209678166562,3867
3922.0,8091,0,1,1,6.549903181203997,262.2107279693487,1178.1235379151017,3880
3923.0,8088,0,0,3,6.53825646675178,262.49530168150346,1178.82590841708,3894
3924.0,8088,0,1,1,6.523553138695106,262.74146884272994,1179.211752464132,3932
3925.0,8088,0,1,1,6.512032822257474,262.98887240356083,1179.9180457789332,3954
3926.0,8085,0,0,3,6.5037798180902655,263.31156462585034,1180.498484171084,3980
3927.0,8085,0,1,1,6.496180618944228,263.5051329622758,1181.0941401675193,3986
3928.0,8084,0,1,2,6.483227133047453,263.7993567540821,1181.7378487128065,4031
3929.0,8082,0,0,2,6.455484077154343,264.1643157634249,1182.500700744168,4057
3930.0,8080,0,1,3,6.428237682032688,264.50792079207923,1182.9818177030083,4078
3931.0,8079,0,1,2,6.408359327362294,264.79749969055575,1183.6929189359691,4107
3932.0,8078,0,1,2,6.3857986088458505,265.093958900718,1184.4101059400787,4115
3933.0,8079,0,1,0,6.373817269884275,265.328877336304,1184.9816278221226,4113
3934.0,8078,0,1,2,6.355878009513446,265.5899975241396,1185.5541825216121,4143
3935.0,8075,0,1,4,6.33434932859108,265.96891640866875,1186.2747753626006,4150
3936.0,8072,0,1,4,6.321523912993505,266.3157829534192,1187.2432432261485,4175
3937.0,8072,0,1,1,6.30797015535269,266.542864222002,1187.9485507335212,4188
3938.0,8071,0,0,1,6.314803109772077,266.8753562136043,1188.7556543043884,4206
3939.0,8069,0,0,2,6.302421509254325,267.2197298302144,1189.7089154625994,4229
3940.0,8070,0,1,0,6.288988138310418,267.47794299876085,1190.2862229978416,4238
3941.0,8069,0,1,2,6.274535992949611,267.8167059115132,1190.91691924968,4250
3942.0,8067,0,1,3,6.271771229816714,268.14528325275813,1191.6162996661612,4257
3943.0,8065,0,0,2,6.265504356761278,268.4828270303782,1192.5733853556553,4264
3944.0,8066,0,2,1,6.24519921663107,268.7391519960327,1193.1245504778772,4296
3945.0,8065,0,0,1,6.230422944509655,269.0262864228146,1193.9997294556651,4297
3946.0,8061,0,0,4,6.210524796590382,269.35901252946286,1195.0899741233836,4294
3947.0,8063,0,2,0,6.199871931830723,269.5517797345901,1195.5245255541483,4326
3948.0,8063,0,1,1,6.176500080389335,269.83827359543596,1196.2066927216383,4331
3949.0,8063,0,0,0,6.165896490642485,270.0956219769317,1196.9396603903538,4348
3950.0,8061,0,0,2,6.1339342316583885,270.45044039201093,1197.765898178485,4370
3951.0,8059,0,0,2,6.108979574847851,270.8218141208587,1198.4722499852721,4385
3952.0,8058,0,1,2,6.0782598393710074,271.2035244477538,1199.1308217721435,4404
3953.0,8057,0,0,1,6.052282005733602,271.52860866327416,1199.8358205305178,4404
3954.0,8055,0,0,2,6.026771276026318,271.883426443203,1200.541263326268,4421
3955.0,8054,0,0,1,5.997472185663994,272.22932704246335,1201.1421626470178,4436
3956.0,8051,0,0,3,5.982767067181261,272.61594832940006,1202.036586204362,4446
3957.0,8050,0,0,1,5.969350240530954,272.9448447204969,1202.9258649515345,4463
3958.0,8049,0,0,1,5.945238991502379,273.30749161386507,1203.6091168249843,4481
3959.0,8047,0,1,3,5.921838183775454,273.6624829128868,1204.419088843446,4496
3960.0,8045,0,0,2,5.901192333245507,274.00459912989436,1205.1866121759165,4494
3961.0,8045,0,0,0,5.93582494867131,273.29981354878805,1205.9289888941234,4318
3962.0,8043,0,0,2,5.991811190842697,272.76675369886857,1206.5167224329207,4160
3963.0,8043,0,0,0,6.081246160688636,272.2934228521696,1207.2481185755337,4030
3964.0,8042,0,0,1,6.170809280310022,272.0392937080328,1208.0703212040794,3929
3965.0,8040,0,0,2,6.277266902344472,271.97363184079603,1208.8317712925054,3886
3966.0,8039,0,0,1,6.3791937300431485,271.89762408259736,1209.398216668718,3850
3967.0,8039,0,1,1,6.471612039008268,271.7964921010076,1209.9297498667354,3795
3968.0,8037,0,0,2,6.548467001146988,271.81697150678116,1210.7719237668866,3763
3969.0,8035,0,0,2,6.60604796505473,271.84953329184816,1211.2784004811947,3730
3970.0,8035,0,0,0,6.653568929295064,271.8545115121344,1211.9691042294023,3723
3971.0,8035,0,0,0,6.69606576211023,271.873304293715,1212.6566281858672,3736
3972.0,8033,0,0,2,6.7341808284828035,271.9261795095232,1213.4518622136384,3724
3973.0,8032,0,0,1,6.75748285159483,271.96277390438246,1214.1913687893523,3716
3974.0,8030,0,0,2,6.787476394841512,272.0432129514321,1214.988643749589,3700
3975.0,8030,0,0,0,6.80256009410804,272.05205479452053,1215.6680300719559,3674
3976.0,8028,0,0,2,6.820174006924859,272.0224215246637,1216.591250014211,3651
3977.0,8028,0,0,0,6.840739797233963,272.0102142501246,1217.2674636798613,3639
3978.0,8026,0,0,2,6.846509470691855,272.0517069524047,1217.9514984762068,3630
3979.0,8025,0,0,1,6.852501816722909,272.12760124610594,1218.4973690018226,3616
3980.0,8025,0,0,0,6.85927939852109,272.14168224299067,1219.1720359273327,3631
3981.0,8024,0,0,1,6.859974471994003,272.194666001994,1219.7269624698727,3603
3982.0,8022,0,0,2,6.858299184589149,272.2496883570182,1220.4639958332712,3610
3983.0,8021,0,0,1,6.857794324176249,272.29697045256205,1221.0916233158287,3585
3984.0,8019,0,0,2,6.838151473903504,272.430228208006,1221.747963662672,3568
3985.0,8018,0,0,1,6.830558601600915,272.5678473434772,1222.3948348836748,3576
3986.0,8017,0,0,1,6.812115111863066,272.69764250966693,1223.030855917636,3584
3987.0,8016,0,0,1,6.798860728531174,272.7569860279441,1223.589201062833,3584
3988.0,8016,0,0,0,6.781113565156701,272.90331836327346,1224.2679964368847,3595
3989.0,8015,0,0,1,6.7579854939326065,273.05427323767935,1225.0845180366125,3617
3990.0,8012,0,0,3,6.734091173002463,273.21193210184725,1225.916057371215,3616
3991.0,8011,0,1,2,6.7161893033691085,273.2481587816752,1226.7375069414738,3619
3992.0,8009,0,0,2,6.69757687223784,273.41815457610187,1227.4968975334477,3643
3993.0,8007,0,0,2,6.687795710352424,273.6371924566005,1228.251120225252,3647
3994.0,8006,0,1,2,6.661979786057853,273.7374469148139,1228.8408804082228,3668
3995.0,8004,0,0,2,6.648820389632965,273.7677411294353,1229.5902529171299,3671
3996.0,8002,0,0,2,6.637403898564328,273.93539115221193,1230.371796705676,3694
3997.0,8000,0,1,3,6.596932818951323,274.067,1231.238950689329,3710
3998.0,7998,0,0,2,6.578068503885247,274.22130532633156,1231.9694941741975,3708
3999.0,7997,0,0,1,6.544714895073425,274.29823683881455,1232.8070336098826,3739
4000.0,7995,0,0,2,6.5101788384054124,274.4886804252658,1233.494285662675,3750
4001.0,7993,0,0,2,6.479137639449714,274.73802076817213,1234.3806373295176,3778
4002.0,7994,0,1,0,6.4457255103512505,274.8093570177633,1234.9281582405772,3791
4003.0,7993,0,0,1,6.410130129870565,275.03315400975856,1235.5865281070903,3815
4004.0,7992,0,0,1,6.3807210721696555,275.2147147147147,1236.2462522334706,3854
4005.0,7990,0,0,2,6.360956681383739,275.4743429286608,1236.9296565760735,3883
4006.0,7988,0,0,2,6.3349300646261835,275.63357536304454,1237.7372945369625,3867
4007.0,7986,0,1,3,6.319569400235318,275.7862509391435,1238.4146338143598,3866
4008.0,7984,0,0,2,6.308053404884586,275.9703156312625,1239.266738617538,3889
4009.0,7981,0,0,3,6.29263230905794,276.19270768074176,1240.028557739916,3890
4010.0,7980,0,2,3,6.2825999849985905,276.3344611528822,1240.6249727412326,3896
4011.0,7975,0,0,5,6.266898808104048,276.67197492163007,1241.438128808433,3902
4012.0,7975,0,1,1,6.255817727893465,276.8137931034483,1242.1498855186712,3923
4013.0,7973,0,0,2,6.250081495122203,277.0526777875329,1243.1172571551015,3937
4014.0,7970,0,0,3,6.231076105715027,277.39385194479297,1243.9610859498785,3968
4015.0,7969,0,1,2,6.22589445927799,277.6931860961225,1244.5412792917386,3989
4016.0,7965,0,0,4,6.2112382797805665,278.0612680477087,1245.5782315216375,3998
4017.0,7965,0,1,1,6.196668472816606,278.3235404896422,1246.1083144736172,4034
4018.0,7962,0,0,3,6.162810743944635,278.66076362722936,1247.137997518731,4063
4019.0,7962,0,0,0,6.14853510910498,278.8521728208993,1247.8576476465907,4069
4020.0,7962,0,0,0,6.133767424756393,279.08251695553884,1248.5785803008303,4076
4021.0,7963,0,1,0,6.109697181199133,279.263594122818,1249.1438598544653,4098
4022.0,7961,0,0,2,6.0850547619113176,279.54025876146216,1250.0632798267313,4099
4023.0,7960,0,0,1,6.066976026717827,279.7928391959799,1250.942873249484,4115
4024.0,7960,0,1,1,6.046113657111867,280.09384422110554,1251.5740690058378,4152
4025.0,7958,0,0,2,6.042021307477302,280.37936667504397,1252.3208223964393,4175
4026.0,7957,0,1,2,6.030917944526794,280.7495287168531,1253.1238298238877,4188
4027.0,7957,0,0,0,6.016238023378724,280.99057433706173,1253.8517471230505,4185
4028.0,7956,0,0,1,6.008984984855903,281.2264957264957,1254.6911016847157,4186
4029.0,7955,0,0,1,6.005161466135347,281.45141420490256,1255.5641668556405,4192
4030.0,7956,0,1,0,5.9986863065971665,281.62254901960785,1256.1353603178948,4179
4031.0,7955,0,0,1,5.989107652790372,281.9720930232558,1256.7596484201806,4203
4032.0,7955,0,1,1,5.967210718017913,282.2480201131364,1257.4199563489367,4192
4033.0,7953,0,0,2,5.949220389486002,282.63447755563936,1258.1988568766096,4219
4034.0,7953,0,0,0,5.932047927649706,282.9818936250472,1258.9323078439859,4239
4035.0,7952,0,0,1,5.9219996603310925,283.32821931589535,1259.70305694097,4257
4036.0,7953,0,1,0,5.910534336985196,283.61838300012573,1260.2800549050048,4289
4037.0,7952,0,0,1,5.900444891467064,283.9484406438632,1261.0923502532926,4304
4038.0,7949,0,0,3,5.878824394287997,284.38268964649643,1262.1344502040072,4323
4039.0,7949,0,0,0,5.873702906234582,284.6968172097119,1262.8728836701016,4346
4040.0,7949,0,0,0,5.8533354849645525,285.0713297270097,1263.6133184771415,4378
4041.0,7948,0,0,1,5.835441026759048,285.4066431806744,1264.2955592242095,4385
4042.0,7947,0,1,2,5.801063963529906,285.73990184975463,1264.930886416938,4403
4043.0,7946,0,0,1,5.777063631773446,286.117669267556,1265.664313314533,4407
4044.0,7945,0,0,1,5.763337913897099,286.498804279421,1266.2750750829493,4430
4045.0,7944,0,0,1,5.743850175488986,286.8761329305136,1266.9507435413468,4448
4046.0,7943,0,0,1,5.729075977891784,287.2395820219061,1267.814141684499,4470
4047.0,7943,0,0,0,5.710431369460175,287.5749716731713,1268.563288691398,4496
4048.0,7942,0,0,1,5.691761497702132,287.96826995718965,1269.197152220762,4508
4049.0,7942,0,1,1,5.672551840831205,288.3910853689247,1269.911830483399,4534
4050.0,7940,0,0,2,5.650140409823524,288.8010075566751,1270.7059349337444,4546
4051.0,7938,0,0,2,5.683815866371962,288.14852607709753,1271.3500020070628,4375
4052.0,7937,0,0,1,5.744693137712843,287.63159884087185,1271.9715956267582,4219
4053.0,7936,0,0,1,5.830283156935534,287.2641129032258,1272.8694644309815,4111
4054.0,7936,0,0,0,5.920520513414679,286.922127016129,1273.6026513385716,4025
4055.0,7936,0,0,0,6.027110223212406,286.67867943548384,1274.3279359363853,3942
4056.0,7935,0,1,2,6.131734447971506,286.53736609955894,1275.0935589530852,3888
4057.0,7933,0,0,2,6.2329333479625815,286.45140552124036,1276.120694158643,3843
4058.0,7931,0,0,2,6.316125624356411,286.38860168957257,1277.0389838734168,3815
4059.0,7928,0,0,3,6.393962677032685,286.372351160444,1277.8475538047298,3792
4060.0,7928,0,0,0,6.467912525445124,286.40199293642786,1278.5432400048473,3773
4061.0,7926,0,0,2,6.528882733961929,286.3835478173101,1279.1573563475677,3757
4062.0,7926,0,0,0,6.568370821611203,286.39629068887206,1279.8466095671604,3743
4063.0,7925,0,0,1,6.597502129267916,286.4750788643533,1280.6168613673624,3725
4064.0,7925,0,0,0,6.621262738618714,286.4376025236593,1281.3027032473676,3714
4065.0,7927,0,2,0,6.6504032471565795,286.34426643118456,1281.6632190632888,3692
4066.0,7926,0,0,1,6.682538677314849,286.39629068887206,1282.491502475429,3702
4067.0,7925,0,1,2,6.708224070357733,286.4946372239748,1282.9442982163137,3678
4068.0,7923,0,0,2,6.7281111967702465,286.57011233118766,1283.8941252280472,3673
4069.0,7922,0,0,1,6.737001296590024,286.6054026760919,1284.5390791288562,3660
4070.0,7921,0,0,1,6.750733089804408,286.6740310566848,1285.0589247177181,3666
4071.0,7921,0,0,0,6.760509667967519,286.71064259563184,1285.7362645338283,3656
4072.0,7919,0,1,3,6.769453713218928,286.8598307867155,1286.1929658239474,3650
4073.0,7917,0,0,2,6.766511024540093,286.99861058481747,1286.9477074131514,3648
4074.0,7915,0,0,2,6.767236037999943,287.0884396715098,1287.8463868637746,3650
4075.0,7913,0,0,2,6.759563590561913,287.1329457854164,1288.6158237843165,3634
4076.0,7912,0,0,1,6.749689948602251,287.24949443882707,1289.412482940418,3643
4077.0,7910,0,0,2,6.740167393215742,287.3297092288243,1290.2396594071236,3644
4078.0,7910,0,0,0,6.72767909792414,287.45398230088495,1290.9197707301605,3643
4079.0,7909,0,0,1,6.7077429464952365,287.5071437602731,1291.7175678384613,3649
4080.0,7910,0,1,0,6.696378025443108,287.4572692793932,1292.2367502205368,3660
4081.0,7908,0,0,2,6.675753416556624,287.5226353060192,1292.9682600222945,3661
4082.0,7906,0,1,3,6.655685089119627,287.634960789274,1293.677013845962,3677
4083.0,7904,0,1,3,6.627664500380414,287.7279858299595,1294.332303740875,3669
4084.0,7903,0,1,2,6.602794137899147,287.8348728331014,1294.8889314707587,3684
4085.0,7901,0,0,2,6.574313058997206,287.92089608910265,1295.7061796628668,3681
4086.0,7899,0,1,3,6.545155433921403,288.1193822002785,1296.357173277492,3711
4087.0,7896,0,0,3,6.506393244847959,288.2948328267477,1297.0301789572077,3723
4088.0,7892,0,0,4,6.472741593838509,288.51938672072987,1298.0100630112222,3751
4089.0,7890,0,0,2,6.435223557651116,288.6433460076046,1298.8665892681386,3774
4090.0,7888,0,0,2,6.400477660708612,288.7398580121704,1299.681843706248,3789
4091.0,7888,0,1,1,6.375451474412142,288.80679513184583,1300.362291952169,3809
4092.0,7886,0,0,2,6.335109845004581,288.97311691605375,1300.9707157670555,3817
4093.0,7886,0,0,0,6.30230020025319,289.05008876489984,1301.6782854610856,3825
4094.0,7883,0,0,3,6.27140618543961,289.3430166180388,1302.5212461186914,3854
4095.0,7880,0,0,3,6.237426383363138,289.48197969543145,1303.2425885112843,3888
4096.0,7878,0,1,3,6.206056434021138,289.6322670728611,1303.9741198839183,3891
4097.0,7874,0,0,4,6.1776057158100635,289.82943865887734,1304.6204473660011,3890
4098.0,7874,0,1,1,6.156071215080997,289.8662687325375,1305.2901644978297,3910
4099.0,7872,0,1,3,6.136700177736789,290.108993902439,1305.9089750007565,3920
4100.0,7872,0,2,2,6.1132413090791795,290.2291666666667,1306.542115439618,3942
4101.0,7871,0,1,2,6.105704490646322,290.4150679710329,1307.1837802447853,3966
4102.0,7871,0,0,0,6.11947286979043,290.5461821877779,1307.9027963484673,3975
4103.0,7871,0,0,0,6.124895045291742,290.780078770169,1308.6220622550227,4019
4104.0,7868,0,1,4,6.1080676992752565,291.0419420437214,1309.3469615625972,4019
4105.0,7865,0,1,4,6.097157481721871,291.3022250476796,1309.8632685656694,4037
4106.0,7865,0,2,2,6.090245591906512,291.5346471710108,1310.5199733666211,4062
4107.0,7864,0,1,2,6.059486812252432,291.7931078331638,1311.1597498038009,4083
4108.0,7864,0,0,0,6.0346417234927,291.99631230925735,1311.88422977165,4110
4109.0,7866,0,3,1,6.015695592231852,292.1014492753623,1312.0918430339857,4101
4110.0,7864,0,0,2,5.992255250841123,292.4379450661241,1313.0533886793914,4111
4111.0,7866,0,3,1,5.974093796963636,292.5723366386982,1313.4284321107357,4141
4112.0,7863,0,0,3,5.959173620308808,292.86468269108485,1314.5229897974061,4163
4113.0,7864,0,2,1,5.948788476414286,293.0817650050865,1315.0836731377958,4203
4114.0,7862,0,0,2,5.936868322678072,293.40880183159504,1315.834983833373,4233
4115.0,7858,0,1,5,5.915984239783796,293.7589717485365,1316.7693530857393,4242
4116.0,7854,0,0,4,5.903233555093893,294.1740514387573,1317.314654764651,4282
4117.0,7853,0,2,3,5.885811168482445,294.49624347383167,1317.9089308004334,4287
4118.0,7853,0,0,0,5.867843060985715,294.7458296192538,1318.6446824821774,4306
4119.0,7854,0,2,1,5.855897914533045,294.9816653934301,1319.0725793321758,4322
4120.0,7853,0,0,1,5.833647468384369,295.260664714122,1319.8303864410416,4341
4121.0,7853,0,2,2,5.809304086790889,295.5316439577232,1320.143422108196,4351
4122.0,7852,0,0,1,5.796203031575419,295.8922567498727,1320.8686113402364,4375
4123.0,7848,0,0,4,5.761387975997963,296.2636340468909,1321.3999550467497,4393
4124.0,7849,0,2,1,5.746505610505004,296.47471015415977,1321.7622991453702,4407
4125.0,7845,0,0,4,5.711481199699282,296.93295092415553,1322.6693564171287,4422
4126.0,7846,0,1,0,5.689763499983466,297.20214121845527,1323.2472407378475,4466
4127.0,7847,0,2,1,5.667754311478079,297.5442844399133,1323.8122366588063,4507
4128.0,7847,0,1,1,5.648263803861213,297.8609659742577,1324.3752121945004,4501
4129.0,7848,0,1,0,5.623466660947836,298.2218399592253,1324.9572975632802,4532
4130.0,7848,0,0,0,5.601667712379834,298.6457696228338,1325.7096353817788,4558
4131.0,7847,0,0,1,5.564309047343266,299.0309672486301,1326.432828272643,4557
4132.0,7846,0,1,2,5.530959165769153,299.4300280397655,1327.0297023930975,4576
4133.0,7846,0,1,1,5.504992497809405,299.78269181748664,1327.73429658237,4580
4134.0,7845,0,0,1,5.49090069611514,300.12224346717653,1328.6018387843906,4598
4135.0,7845,0,1,1,5.472213958187477,300.4591459528362,1329.3041155510027,4614
4136.0,7844,0,0,1,5.459773296667456,300.89112697603264,1330.1909670978432,4635
4137.0,7844,0,1,1,5.438195573536377,301.2426058133605,1330.8930587342202,4649
4138.0,7842,0,0,2,5.4127562323786655,301.6680693700587,1331.9379542472454,4660
4139.0,7841,0,0,1,5.401256959150185,302.11503634740467,1332.8070440347594,4684
4140.0,7839,0,0,2,5.381770664482823,302.5604031126419,1333.6651521349672,4693
4141.0,7838,0,1,2,5.42199964484793,301.93033937228887,1334.3427473819252,4512
4142.0,7836,0,0,2,5.490902851824239,301.5879275140378,1335.272877129969,4365
4143.0,7834,0,1,3,5.570639514263925,301.3514169006893,1335.6887745284623,4262
4144.0,7830,0,0,4,5.663156213910843,301.27982120051087,1336.6849731352404,4168
4145.0,7829,0,0,1,5.765795513697454,301.10818750798313,1337.5620012050608,4093
4146.0,7829,0,0,0,5.880417514253072,300.8966662408992,1338.2942897085575,4013
4147.0,7830,0,1,0,5.994794631420433,300.60996168582375,1338.8481213371103,3940
4148.0,7829,0,0,1,6.104110275181774,300.56418444245753,1339.5397169118783,3911
4149.0,7827,0,0,2,6.197104895070496,300.61875558962566,1340.245748004423,3880
4150.0,7824,0,0,3,6.2815002224641425,300.7570296523517,1341.1102917236801,3860
4151.0,7824,0,1,1,6.346447006519072,300.7753067484663,1341.6374230179279,3846
4152.0,7822,0,0,2,6.395235463501358,300.8868575811813,1342.3852639775946,3831
4153.0,7820,0,0,2,6.449891789254971,300.96227621483376,1343.1687344672014,3796
4154.0,7820,0,1,1,6.49171422729938,300.88132992327365,1343.8395132639669,3765
4155.0,7818,0,0,2,6.5218468807741825,300.9011256075723,1344.6727981296106,3740
4156.0,7817,0,1,2,6.552377037469673,300.89151848535244,1345.4756658081235,3719
4157.0,7817,0,0,0,6.576663466689595,300.8272994755021,1346.1627652825455,3696
4158.0,7818,0,1,0,6.596669315242245,300.7559478127398,1346.676325151264,3682
4159.0,7817,0,0,1,6.609210170671881,300.82947422284764,1347.52188311033,3666
4160.0,7817,0,0,0,6.63250232780979,300.86490981194834,1348.2064866786322,3649
4161.0,7816,0,0,1,6.653606769493056,300.8803735926305,1349.0470071795914,3630
4162.0,7815,0,0,1,6.6615073480538625,300.919257837492,1349.8835354168318,3624
4163.0,7816,0,1,0,6.683291115724117,300.91223132036845,1350.3926929428565,3617
4164.0,7814,0,0,2,6.675039811102852,300.9896339902739,1351.2058853566616,3603
4165.0,7812,0,1,3,6.660256891245546,301.0436507936508,1351.8821969713981,3608
4166.0,7811,0,0,1,6.6471770991564565,301.10741262322364,1352.6685508939559,3618
4167.0,7809,0,0,2,6.626524395315511,301.2237162248687,1353.642571656242,3599
4168.0,7806,0,0,3,6.618020386185866,301.3269280040994,1354.1429814462517,3605
4169.0,7804,0,0,2,6.599640992810191,301.4876986160943,1354.8063476177394,3625
4170.0,7805,0,1,0,6.577329245304099,301.4634208840487,1355.3216813588394,3613
4171.0,7802,0,0,3,6.554493934885668,301.6207382722379,1355.9214082277424,3628
4172.0,7803,0,1,0,6.5330542929455895,301.6241189286172,1356.4393718643278,3641
4173.0,7801,0,0,2,6.505188095296502,301.8238687347776,1357.0493702426056,3648
4174.0,7798,0,0,3,6.464495446025896,302.09027955886125,1357.746209054507,3681
4175.0,7797,0,1,2,6.432695558139174,302.18417340002566,1358.3025871786485,3684
4176.0,7794,0,0,3,6.393634168801072,302.4571465229664,1359.2677157178878,3705
4177.0,7793,0,0,1,6.374161864875003,302.57295008340816,1360.1122784557501,3714
4178.0,7792,0,0,1,6.338070315022188,302.70071868583165,1360.7096657627117,3726
4179.0,7792,0,1,1,6.299510698093776,302.8742299794661,1361.338929258517,3756
4180.0,7790,0,1,3,6.2524380404681335,303.07214377406933,1361.973439091552,3778
4181.0,7788,0,1,3,6.209491600229861,303.3062403697997,1362.7057572015688,3791
4182.0,7786,0,0,2,6.166780937489478,303.5336501412792,1363.6685550133382,3808
4183.0,7785,0,0,1,6.129103483650282,303.68914579319204,1364.283260478132,3821
4184.0,7783,0,0,2,6.096695561341729,303.93524347937813,1364.918776376874,3830
4185.0,7783,0,1,1,6.059346950754568,304.0702813825003,1365.6022565581397,3849
4186.0,7782,0,0,1,6.031531690411744,304.2223078900026,1366.4287878614227,3848
4187.0,7782,0,0,0,6.00685247064876,304.38203546646105,1367.1521133600336,3864
4188.0,7780,0,1,3,5.978189735187188,304.6428020565553,1367.942746142336,3908
4189.0,7778,0,0,2,5.959267589151365,304.91771663666754,1368.505538802897,3913
4190.0,7776,0,1,3,5.936284534519295,305.16808127572017,1369.366292146155,3940
4191.0,7773,0,2,5,5.915579638676623,305.46610060465713,1369.5858258392036,3975
4192.0,7772,0,1,2,5.896562105683022,305.69608852290276,1370.161084495242,3991
4193.0,7772,0,0,0,5.890210306416478,305.8847143592383,1370.8911461526427,4022
4194.0,7772,0,0,0,5.884576351206009,306.0568708183222,1371.6219064275656,4038
4195.0,7774,0,2,0,5.876687645682195,306.1965526112683,1371.9997816661983,4056
4196.0,7774,0,1,1,5.862697178597513,306.42835091330073,1372.6341127918265,4089
4197.0,7772,0,1,3,5.8525556592614985,306.7305712815234,1373.0807308718477,4097
4198.0,7770,0,0,2,5.842726190536064,307.0908622908623,1373.8924485478865,4119
4199.0,7771,0,1,0,5.836993819298765,307.28786513962166,1374.4505050879034,4136
4200.0,7769,0,0,2,5.835106265363161,307.56982880679624,1375.2686691137758,4138
4201.0,7769,0,1,1,5.8410539933872645,307.8291929463251,1375.7250497693758,4153
4202.0,7770,0,1,0,5.823841454626904,308.009009009009,1376.283733773712,4164
4203.0,7771,0,1,0,5.804168830582063,308.25273452580103,1376.8440985573488,4181
4204.0,7770,0,1,2,5.781828833587133,308.56731016731015,1377.3878474887108,4214
4205.0,7769,0,0,1,5.769226535638933,308.9008881451924,1378.2330258077761,4241
4206.0,7770,0,2,1,5.750646289644057,309.129601029601,1378.5080367052512,4249
4207.0,7769,0,0,1,5.731457901251015,309.4875788389754,1379.1793009016678,4277
4208.0,7769,0,0,0,5.715768845015989,309.7889046209293,1379.9231693124098,4291
4209.0,7769,0,1,1,5.704414111770942,310.05882352941177,1380.57066491523,4284
4210.0,7768,0,1,2,5.691563319687987,310.36843460350156,1381.2554523728727,4295
4211.0,7766,0,0,2,5.677412442580655,310.7277877929436,1382.1639772102171,4310
4212.0,7764,0,1,3,5.651282859381803,311.1003348789284,1382.870813469448,4327
4213.0,7763,0,1,2,5.614843468660167,311.4185237665851,1383.4266499789603,4354
4214.0,7762,0,1,2,5.587670417272366,311.813321308941,1384.0439938810657,4379
4215.0,7760,0,1,3,5.565557665019895,312.2405927835052,1384.7830469411651,4391
4216.0,7759,0,0,1,5.549770743762534,312.6561412553164,1385.5355545212728,4425
4217.0,7758,0,1,2,5.530095239653678,313.0143078112916,1386.3264071862393,4436
4218.0,7757,0,0,1,5.523336820227974,313.39409565553694,1387.1898942769244,4450
4219.0,7757,0,0,0,5.517358086014823,313.6855743199691,1387.9462050287912,4459
4220.0,7754,0,0,3,5.491466162140306,314.14353881867424,1389.0946629820896,4462
4221.0,7754,0,1,1,5.479495086855485,314.4753675522311,1389.7712665330794,4490
4222.0,7754,0,1,1,5.456364041193378,314.86716533402114,1390.4628695287413,4511
4223.0,7753,0,0,1,5.437869279063765,315.27021798013675,1391.2684672662522,4525
4224.0,7752,0,0,1,5.41848624072767,315.6684726522188,1391.9184981292906,4529
4225.0,7749,0,0,3,5.389853317925559,316.11691831204024,1392.872958372845,4538
4226.0,7748,0,1,2,5.370688749037666,316.49341765616936,1393.7672008636273,4549
4227.0,7746,0,0,2,5.352129895373829,316.86664084688874,1394.6485376078938,4561
4228.0,7744,0,0,2,5.339428381124002,317.24044421487605,1395.3749707899458,4564
4229.0,7744,0,1,1,5.3249375651225614,317.61337809917353,1395.9704080253807,4588
4230.0,7742,0,0,2,5.295895938883379,318.0595453371222,1396.6840661769745,4596
4231.0,7743,0,1,0,5.323142775172479,317.22601059021054,1397.270476460036,4416
4232.0,7742,0,0,1,5.388025823794925,316.7737018858176,1398.0314412234252,4266
4233.0,7743,0,1,0,5.472709508911379,316.3966162985923,1398.607299009744,4176
4234.0,7741,0,0,2,5.575226343715345,316.2220643327735,1399.452895924003,4087
4235.0,7738,0,1,4,5.666588870657164,316.1554665288188,1400.5093228918277,4010
4236.0,7738,0,0,0,5.769181284998016,316.0828379426208,1401.2448400653293,3973
4237.0,7733,0,0,5,5.8646701090981646,316.1505237294711,1401.8859758250837,3932
4238.0,7730,0,0,3,5.947481251592235,316.20892626131956,1402.857657860577,3890
4239.0,7728,0,0,2,6.021015050084991,316.3299689440994,1403.883532013222,3889
4240.0,7726,0,0,2,6.081601023801007,316.40758477866945,1404.5296065088642,3846
4241.0,7722,0,0,4,6.124696683691764,316.6178451178451,1405.5173919586516,3831
4242.0,7720,0,1,3,6.1761890796875445,316.70375647668396,1406.3891874191363,3797
4243.0,7719,0,0,1,6.219571487904321,316.76059075009715,1407.1876453170212,3777
4244.0,7718,0,0,1,6.251613111884808,316.7904897641876,1407.770307554571,3759
4245.0,7713,0,1,6,6.275195075108265,316.9353040321535,1408.1158973970275,3735
4246.0,7710,0,0,3,6.2959771709230035,317.04721141374836,1409.0267563263103,3719
4247.0,7708,0,0,2,6.308113708507044,317.1161131292164,1409.908676120778,3716
4248.0,7707,0,0,1,6.30205176455965,317.1780199818347,1410.4838182872004,3712
4249.0,7706,0,1,2,6.303717316939379,317.20970672203475,1411.1270417102276,3708
4250.0,7704,0,0,2,6.30527035464817,317.3883696780893,1412.0978349887803,3703
4251.0,7700,0,0,4,6.293514446640904,317.6609090909091,1412.9902678195324,3699
4252.0,7699,0,1,2,6.28834100474859,317.8008832315885,1413.729096895104,3702
4253.0,7697,0,0,2,6.2783968297369865,317.93867740678184,1414.7165312433326,3697
4254.0,7696,0,0,1,6.2604010033785675,318.01637214137213,1415.543598547806,3673
4255.0,7692,0,0,4,6.238942616569155,318.2483099323973,1416.2610859159427,3665
4256.0,7690,0,0,2,6.215150348598277,318.4353706111834,1417.2433057745511,3665
4257.0,7686,0,0,4,6.196230431473603,318.6527452511059,1418.4128264874814,3668
4258.0,7686,0,2,2,6.172808692151433,318.7583918813427,1418.992140920602,3694
4259.0,7684,0,0,2,6.146776118662108,318.941957313899,1419.633717958191,3704
4260.0,7683,0,0,1,6.127538171059696,319.0330600026031,1420.456015760339,3701
4261.0,7683,0,1,1,6.116529085070008,319.1319796954315,1421.0689475213967,3706
4262.0,7682,0,0,1,6.096016666457497,319.2734964852903,1421.7376544173023,3718
4263.0,7682,0,0,0,6.088028151525148,319.3867482426451,1422.447883226009,3733
4264.0,7680,0,0,2,6.071584915828603,319.572265625,1423.3094608557751,3738
4265.0,7680,0,1,1,6.058504548034147,319.6354166666667,1423.9072456582376,3749
4266.0,7679,0,0,1,6.051023033230952,319.8368277119417,1424.7898084797307,3767
4267.0,7679,0,1,1,6.035032721549894,319.9307201458523,1425.239596187508,3773
4268.0,7677,0,0,2,6.021536141437772,320.17311449785075,1426.0800215141242,3796
4269.0,7676,0,1,2,5.988600204302247,320.4254820218864,1426.871881776998,3801
4270.0,7674,0,0,2,5.967775270128315,320.68751628876726,1427.622155353383,3822
4271.0,7673,0,1,2,5.941476374707464,320.917111950997,1428.3349644497011,3830
4272.0,7670,0,1,4,5.915445922764244,321.21577574967404,1429.2463685003706,3846
4273.0,7670,0,1,1,5.886747251836126,321.38422425032593,1429.8677082755182,3856
4274.0,7668,0,1,3,5.856887408685504,321.636280646844,1430.4004089486368,3839
4275.0,7665,0,0,3,5.820320248418116,321.9906066536204,1431.2908314525291,3885
4276.0,7664,0,0,1,5.796338828289484,322.1392223382046,1432.0561125869287,3884
4277.0,7663,0,1,2,5.772731427990445,322.32402453347254,1432.7434810735865,3881
4278.0,7662,0,0,1,5.7533809772329265,322.59958235447664,1433.5074466261121,3915
4279.0,7660,0,0,2,5.737851703023564,322.8678851174935,1434.2172972027654,3936
4280.0,7661,0,1,0,5.709778710462956,323.0493408171257,1434.7661845657333,3975
4281.0,7662,0,3,2,5.690966734324636,323.2028191072827,1435.1125690419533,3983
4282.0,7661,0,0,1,5.680853685140953,323.47004307531654,1435.7835816395595,4022
4283.0,7661,0,1,1,5.666173640847909,323.7016055345255,1436.4769743087927,4024
4284.0,7659,0,1,3,5.644669788131307,324.05287896592245,1437.2218460109862,4066
4285.0,7659,0,1,1,5.625834017809407,324.3074813944379,1437.5896808198402,4073
4286.0,7659,0,1,1,5.604092602527375,324.54001827914874,1438.2576956023913,4103
4287.0,7659,0,0,0,5.591256062406941,324.7986682334508,1439.0010083205548,4126
4288.0,7659,0,2,2,5.580599552233838,325.1104582843713,1439.386569153654,4160
4289.0,7658,0,2,3,5.548451293417277,325.4240010446592,1440.0184157234207,4175
4290.0,7658,0,1,1,5.521394158310257,325.69887699138155,1440.6850932727998,4193
4291.0,7660,0,3,1,5.492739796985654,325.8314621409922,1440.7070238863016,4208
4292.0,7660,0,1,1,5.475584459249778,326.09934725848564,1441.3882706131433,4227
4293.0,7660,0,1,1,5.456265472705772,326.39882506527414,1442.0003090753873,4247
4294.0,7660,0,1,1,5.447353524853294,326.66801566579636,1442.479784997527,4255
4295.0,7659,0,2,3,5.431651662632097,327.0075727901815,1443.1418898965137,4265
4296.0,7658,0,1,2,5.41911088515638,327.3254113345521,1443.814413257871,4289
4297.0,7656,0,0,2,5.416352115359869,327.6351880877743,1444.7160067002985,4283
4298.0,7655,0,0,1,5.40906256926817,327.89274983670805,1445.6015407870022,4271
4299.0,7654,0,2,3,5.401131707508103,328.19088058531486,1446.072764114088,4294
4300.0,7655,0,1,0,5.387519760022853,328.4249510124102,1446.6422296037713,4310
4301.0,7654,0,1,2,5.379764001755671,328.7253723543245,1447.314452119617,4325
4302.0,7652,0,1,3,5.35950683298482,329.0564558285416,1448.202224285548,4344
4303.0,7651,0,1,2,5.343211516200455,329.3829564762776,1448.7337949342404,4357
4304.0,7650,0,0,1,5.326769640664664,329.7147712418301,1449.6223136575616,4358
4305.0,7651,0,1,0,5.309281457025686,329.9865377074892,1450.1946392914974,4382
4306.0,7654,0,3,0,5.297240044724051,330.16880062712306,1450.388680218008,4406
4307.0,7653,0,0,1,5.279421567238835,330.499803998432,1451.2516732202862,4425
4308.0,7652,0,0,1,5.257525610754696,330.8992420282279,1452.130626855696,4435
4309.0,7653,0,1,0,5.240133443809663,331.1693453547628,1452.7064755562935,4442
4310.0,7651,0,0,2,5.209408661835711,331.6111619396157,1453.709395412067,4480
4311.0,7647,0,0,4,5.177916540671616,332.09690074539037,1454.6557029268295,4485
4312.0,7646,0,0,1,5.161606820924261,332.42806696311794,1455.3373283655196,4481
4313.0,7644,0,1,3,5.133913109905424,332.8504709576138,1456.0802141334884,4502
4314.0,7643,0,0,1,5.113510208771421,333.2079026560251,1456.7783559804407,4520
4315.0,7643,0,1,1,5.1027430073652456,333.4711500719613,1457.5085539661482,4525
4316.0,7643,0,0,0,5.086473649570021,333.7872563129661,1458.2830386603382,4528
4317.0,7641,0,0,2,5.077940279341868,334.22497055359247,1459.282926131809,4549
4318.0,7640,0,0,1,5.060672207557358,334.6303664921466,1460.1351966127954,4589
4319.0,7639,0,1,2,5.034541137584331,335.0086398743291,1461.0012431898638,4598
4320.0,7638,0,0,1,5.014057691009187,335.4281225451689,1461.8851778058909,4607
4321.0,7637,0,1,2,5.044915711667701,334.73379599319105,1462.5690460452433,4430
4322.0,7637,0,0,0,5.112964667889929,334.2672515385623,1463.341392506177,4315
4323.0,7636,0,1,2,5.201051843101224,333.89562598218964,1463.9811125017804,4191
4324.0,7635,0,0,1,5.301991075360595,333.5963326784545,1464.5909995530963,4102
4325.0,7633,0,0,2,5.404959921785563,333.4852613651251,1465.5913111198167,4043
4326.0,7632,0,0,1,5.507894320088498,333.41679769392033,1466.3196871699743,3982
4327.0,7631,0,0,1,5.621321951516562,333.4337570436378,1467.143397530304,3959
4328.0,7629,0,0,2,5.713882638656413,333.45812033031854,1468.0933598667066,3904
4329.0,7630,0,1,0,5.77580550896448,333.39043250327654,1468.628986491933,3879
4330.0,7629,0,0,1,5.829106520036922,333.4756848866169,1469.4603321842908,3868
4331.0,7628,0,1,2,5.8634545740895865,333.673833245936,1469.8163578336612,3882
4332.0,7627,0,0,1,5.897692049677443,333.77409204143174,1470.6360853659476,3871
4333.0,7627,0,0,0,5.926866045816872,333.8503998951095,1471.3531249018986,3857
4334.0,7624,0,0,3,5.954350221304238,334.02203567681005,1472.0921073184008,3838
4335.0,7623,0,0,1,5.979386631780043,334.129083038174,1472.9276145698173,3837
4336.0,7624,0,1,0,6.000122843445627,334.1816631689402,1473.4462032780475,3828
4337.0,7621,0,0,3,6.007494856851611,334.33276472903816,1473.9822159198707,3825
4338.0,7621,0,1,1,6.018106112027005,334.3855137121113,1474.6078683769442,3801
4339.0,7620,0,0,1,6.025874776763501,334.3975065616798,1475.230508895365,3776
4340.0,7618,0,0,2,6.037118409469215,334.5983197689682,1475.7713179409184,3797
4341.0,7617,0,0,1,6.038055542373853,334.68386503872915,1476.507605224192,3768
4342.0,7615,0,1,3,6.024674195097416,334.86263952724886,1477.3687832415876,3764
4343.0,7614,0,0,1,6.018783475538255,334.98765432098764,1478.1797854633237,3760
4344.0,7613,0,1,2,6.007090532223521,335.1339813476947,1478.8130422493393,3772
4345.0,7609,0,0,4,5.981916855593101,335.39098436062557,1479.9322876634667,3774
4346.0,7607,0,0,2,5.954339777798166,335.59340081503876,1480.7337794848165,3793
4347.0,7608,0,1,0,5.935843070981348,335.5603312302839,1481.2544648618039,3791
4348.0,7606,0,0,2,5.920924008051291,335.69681830134107,1482.0947033084838,3816
4349.0,7605,0,1,2,5.901363736114702,335.83208415516106,1482.6941972044442,3806
4350.0,7604,0,0,1,5.887045720597249,335.8982114676486,1483.5155353052328,3823
4351.0,7604,0,0,0,5.8671594674249175,335.9504208311415,1484.2349682319336,3818
4352.0,7602,0,1,3,5.8441465603344325,336.073664825046,1484.8197039455315,3818
4353.0,7603,0,1,0,5.816532606448856,336.21373142180715,1485.3467987850697,3852
4354.0,7601,0,0,2,5.793942381932002,336.4213919221155,1486.2104482044015,3847
4355.0,7599,0,0,2,5.767917892946008,336.66916699565735,1486.8531952676863,3864
4356.0,7600,0,1,0,5.7451313886216475,336.6873684210526,1487.3844979542362,3893
4357.0,7599,0,0,1,5.717910877429304,336.77273325437557,1488.1574149572457,3894
4358.0,7596,0,1,4,5.689762322364273,337.0036861506056,1489.1135458189826,3914
4359.0,7596,0,0,0,5.673353463440403,337.1419167983149,1489.8460212390778,3937
4360.0,7592,0,0,4,5.649095059538708,337.4095100105374,1490.75744468039,3942
4361.0,7589,0,1,4,5.623297015931128,337.6552905521149,1491.7456966431362,3950
4362.0,7587,0,0,2,5.599488538959926,337.8572558323448,1492.632594005936,3969
4363.0,7585,0,1,3,5.5737401025177045,338.02083058668427,1493.5652545636415,3968
4364.0,7583,0,0,2,5.540644406829319,338.22405380456286,1494.3866476643623,3958
4365.0,7580,0,0,3,5.513042998148395,338.4244063324538,1495.352458441441,3974
4366.0,7581,0,1,0,5.496819949512749,338.4483577364464,1495.8991026448182,3972
4367.0,7580,0,1,2,5.476858211248296,338.4575197889182,1496.4024953435396,3974
4368.0,7579,0,0,1,5.459975404016598,338.56867660641245,1497.0108402156054,4013
4369.0,7576,0,0,3,5.430626062075052,338.7624076029567,1497.856517868238,4030
4370.0,7575,0,0,1,5.412557747606028,338.9688448844885,1498.5848995325919,4042
4371.0,7577,0,3,1,5.402299266503197,339.02402006071003,1498.7116346783353,4054
4372.0,7575,0,0,2,5.386079366225658,339.26930693069306,1499.4321333546757,4087
4373.0,7574,0,0,1,5.368542873927289,339.44322682862423,1500.226393987574,4108
4374.0,7572,0,1,3,5.332041835737597,339.67115689381933,1500.9607230944632,4134
4375.0,7570,0,0,2,5.305230588733848,339.9573315719947,1501.7156999905221,4149
4376.0,7569,0,0,1,5.281982740226636,340.2327916501519,1502.5600845671036,4175
4377.0,7568,0,1,2,5.252172781798787,340.5178382663848,1503.3481797697596,4197
4378.0,7567,0,2,3,5.224100035842506,340.7548566142461,1504.048304924373,4207
4379.0,7563,0,0,4,5.202839026499421,341.11582705275686,1505.2679331227569,4234
4380.0,7564,0,1,0,5.188439989902744,341.26877313590694,1505.8292726102604,4239
4381.0,7562,0,0,2,5.166544463852304,341.57180640042316,1506.757036956574,4249
4382.0,7561,0,1,2,5.139898675064005,341.82846184367145,1507.4432631849409,4263
4383.0,7559,0,0,2,5.121329129528624,342.1837544648763,1508.2732615666837,4293
4384.0,7556,0,0,3,5.104690719038337,342.5342773954473,1509.0964419093887,4323
4385.0,7555,0,2,3,5.069229951210059,342.82978160158837,1509.518760802764,4338
4386.0,7552,0,0,3,5.035959106228332,343.2351694915254,1510.6834216730294,4368
4387.0,7551,0,0,1,5.023359640863003,343.55621771950734,1511.5502343136689,4409
4388.0,7548,0,0,3,5.0028704443961,343.96065182829886,1512.6819938052884,4421
4389.0,7549,0,2,1,4.981438604002998,344.2095641806862,1513.0197171322216,4436
4390.0,7545,0,0,4,4.973180087325999,344.7288270377734,1514.1605801330024,4460
4391.0,7542,0,1,4,4.952883603625443,345.1368337311058,1514.9013068063741,4464
4392.0,7542,0,1,1,4.944618341691321,345.3623707239459,1515.4427499341793,4456
4393.0,7537,0,0,5,4.924953987048452,345.817699349874,1516.1163843804766,4456
4394.0,7534,0,0,3,4.9095059674134935,346.21834350942396,1517.2043629131008,4457
4395.0,7533,0,1,2,4.894712748043248,346.57905217045004,1517.7528317790902,4466
4396.0,7532,0,0,1,4.8807525721885,346.9225969198088,1518.6341090552266,4492
4397.0,7530,0,0,2,4.864825710695755,347.32722443559095,1519.5535796355782,4524
4398.0,7528,0,0,2,4.858580625871007,347.7569075451647,1520.465040809464,4538
4399.0,7529,0,1,0,4.856318168568362,348.05033869039715,1521.0452190128321,4563
4400.0,7529,0,1,1,4.842775884363481,348.3991233895604,1521.6465549506054,4575
4401.0,7529,0,1,1,4.835682432911575,348.6772479744986,1522.2365653135905,4579
4402.0,7527,0,0,2,4.826485473292399,349.0399893715956,1522.9292296259605,4585
4403.0,7527,0,1,1,4.822809465599474,349.37651122625215,1523.6360179892351,4597
4404.0,7527,0,0,0,4.823395673392421,349.67742792613257,1524.421989383986,4609
4405.0,7527,0,1,1,4.825982577905204,349.9981400292281,1525.1116630238162,4617
4406.0,7526,0,0,1,4.818077962688197,350.37509965453097,1525.8528784026275,4642
4407.0,7525,0,1,2,4.807158258006845,350.7989368770764,1526.4451139690943,4654
4408.0,7524,0,0,1,4.792897218950051,351.19723551302496,1527.4013581137117,4683
4409.0,7524,0,0,0,4.780667831569346,351.526581605529,1528.191872364114,4683
4410.0,7522,0,1,3,4.769550580964514,351.8707790481255,1528.9921142790233,4670
4411.0,7522,0,0,0,4.814478204707813,351.1043605424089,1529.7805997080573,4496
4412.0,7521,0,0,1,4.873294456848185,350.57319505384925,1530.7294115951358,4379
4413.0,7522,0,1,0,4.955405630377012,350.19064078702473,1531.3041442502984,4277
4414.0,7521,0,0,1,5.053735449094255,349.881664672251,1532.2576627523536,4179
4415.0,7521,0,0,0,5.164719869739569,349.57904533971544,1533.0218161272592,4102
4416.0,7519,0,0,2,5.270198394636824,349.45152280888414,1533.8038999406913,4045
4417.0,7517,0,0,2,5.363226797981429,349.32393241984835,1534.5227193893572,3984
4418.0,7513,0,0,4,5.434295861765449,349.28058032743246,1535.4881777793055,3942
4419.0,7511,0,0,2,5.502282036892364,349.18146718146716,1536.3669902605182,3902
4420.0,7510,0,0,1,5.561568724714603,349.1774966711052,1537.0157441677059,3874
4421.0,7510,0,1,1,5.612470677284691,349.18948069241014,1537.5581465935695,3847
4422.0,7508,0,0,2,5.65266668753479,349.2452051145445,1538.0663231552105,3849
4423.0,7506,0,0,2,5.678163154785068,349.28603783639755,1538.7970760355643,3844
4424.0,7505,0,0,1,5.704333452811541,349.27461692205196,1539.511239883853,3836
4425.0,7503,0,0,2,5.72176259941762,349.28615220578433,1540.1950449038811,3799
4426.0,7502,0,0,1,5.7455494968910354,349.2735270594508,1541.1043164414207,3764
4427.0,7502,0,0,0,5.7695234397653685,349.21487603305786,1541.824763337782,3739
4428.0,7502,0,1,1,5.789540540379726,349.21607571314314,1542.4111256358467,3737
4429.0,7502,0,0,0,5.803672850001735,349.30218608371104,1543.1293883414246,3732
4430.0,7501,0,0,1,5.812596906002065,349.36208505532596,1543.720276704001,3734
4431.0,7499,0,0,2,5.821021899443765,349.4879317242299,1544.5898570959534,3714
4432.0,7499,0,0,0,5.834739106656121,349.5736764901987,1545.3060156488755,3698
4433.0,7497,0,0,2,5.825242687024224,349.67533680138723,1546.3878174548477,3688
4434.0,7496,0,0,1,5.828021251606958,349.7744130202775,1547.0642169266496,3683
4435.0,7496,0,0,0,5.82174160288341,349.73732657417287,1547.7806051307386,3687
4436.0,7494,0,0,2,5.809085907462503,349.9019215372298,1548.2720587634808,3687
4437.0,7492,0,0,2,5.812666632853264,350.0056059797117,1549.055005316677,3681
4438.0,7490,0,0,2,5.798028883346831,350.0989319092123,1549.9259802783822,3663
4439.0,7490,0,1,1,5.785027396768456,350.02162883845125,1550.3914092654484,3669
4440.0,7489,0,0,1,5.766185267599869,350.101482173855,1551.2664322765595,3680
4441.0,7487,0,0,2,5.7380617786722246,350.27474288767195,1551.991425972359,3691
4442.0,7487,0,0,0,5.72366438331008,350.3543475357286,1552.7137982882027,3695
4443.0,7486,0,0,1,5.70151304952595,350.54621960993853,1553.5221766006546,3723
4444.0,7486,0,0,0,5.680637209860441,350.68621426663105,1554.2473233877565,3737
4445.0,7486,0,0,0,5.6537733085393524,350.8706919583222,1554.9740712069436,3738
4446.0,7486,0,1,1,5.6344616793852,350.9979962596847,1555.6227664612832,3747
4447.0,7485,0,0,1,5.609272399870016,351.2295257181029,1556.3496337195393,3763
4448.0,7484,0,0,1,5.577207906043495,351.4229021913415,1556.9567203813674,3775
4449.0,7483,0,0,1,5.548699849119716,351.6549512227716,1557.6731616192426,3802
4450.0,7482,0,0,1,5.5109347655322205,351.8831863138198,1558.3485166754185,3814
4451.0,7481,0,0,1,5.484250134192714,352.13019649779443,1559.2014447294127,3844
4452.0,7479,0,0,2,5.460450439964305,352.4146276240139,1560.223757344937,3844
4453.0,7478,0,0,1,5.44210508994075,352.68547740037445,1561.085957751858,3881
4454.0,7476,0,0,2,5.41326984308405,353.05484216158374,1562.127243015667,3907
4455.0,7474,0,0,2,5.393655900092301,353.36820979395236,1563.1107055731306,3930
4456.0,7473,0,0,1,5.3638932920733495,353.5915964137562,1563.8347328420582,3953
4457.0,7471,0,0,2,5.344611667908388,353.8911792263419,1564.5985950610163,3967
4458.0,7470,0,0,1,5.328085600809564,354.0551539491299,1565.5360733569676,3951
4459.0,7469,0,0,1,5.315154697859342,354.23818449591647,1566.3522290478609,3955
4460.0,7466,0,0,3,5.308510658035613,354.5786230913474,1566.9880832645524,3982
4461.0,7465,0,0,1,5.31075572041176,354.8053583389149,1567.923794769357,4001
4462.0,7463,0,1,3,5.30388728221054,355.0750368484524,1568.667373360346,4002
4463.0,7462,0,0,1,5.2944721176976675,355.3044760117931,1569.5031470023837,4025
4464.0,7457,0,0,5,5.279431408975428,355.71382593536276,1570.6185548884907,4021
4465.0,7457,0,0,0,5.261817840602364,355.9074694917527,1571.3717448476782,4049
4466.0,7455,0,1,3,5.243444449529511,356.2686787391013,1572.202437902762,4058
4467.0,7452,0,0,3,5.217364792331631,356.6150026838433,1573.3467111477917,4072
4468.0,7452,0,0,0,5.204197273758069,356.8576221148685,1574.1040182443828,4110
4469.0,7447,0,1,6,5.175803438321052,357.3813616221297,1574.8080118496546,4111
4470.0,7445,0,1,3,5.152238725843721,357.7579583613163,1575.8896963538239,4138
4471.0,7443,0,0,2,5.141088569828425,358.1287115410453,1576.8481135845504,4156
4472.0,7440,0,1,4,5.1225159238897024,358.4447580645161,1577.8045234018646,4157
4473.0,7438,0,0,2,5.108722707324017,358.81957515461147,1578.8532377806944,4170
4474.0,7438,0,1,1,5.09852802908989,359.0436945415434,1579.3868837620564,4168
4475.0,7436,0,0,2,5.08577507140635,359.3366057019903,1580.3207937020247,4173
4476.0,7434,0,0,2,5.086326166705815,359.66572504708097,1581.0381295181771,4199
4477.0,7433,0,1,2,5.070974458967899,359.9453787165344,1581.733729755731,4195
4478.0,7432,0,1,2,5.060217827956578,360.2898277717976,1582.4161236596888,4234
4479.0,7431,0,0,1,5.047813812935294,360.6268335351904,1583.3890349682938,4252
4480.0,7429,0,0,2,5.038433791947149,361.0413245389689,1584.4614824355183,4278
4481.0,7429,0,1,1,5.0278513619154745,361.3034055727554,1585.196641730234,4284
4482.0,7428,0,1,2,5.012522019031168,361.71190091545503,1586.0209402497683,4315
4483.0,7426,0,1,3,4.993451199122649,362.1276595744681,1586.6966732585743,4329
4484.0,7425,0,0,1,4.976055016884459,362.48861952861955,1587.6477217388222,4340
4485.0,7423,0,1,3,4.954453254887531,362.9645695810319,1588.3438473091053,4352
4486.0,7421,0,0,2,4.948537679256624,363.44710955396846,1589.1441097047634,4386
4487.0,7419,0,0,2,4.941862761842631,363.7532012400593,1590.0320878295115,4383
4488.0,7418,0,1,2,4.9252307801632496,364.1362901051496,1590.5419537037567,4397
4489.0,7418,0,1,1,4.9113606367463065,364.44836883256943,1591.2656309325632,4403
4490.0,7416,0,1,3,4.8803617392279275,364.93446601941747,1592.2042673981298,4440
4491.0,7417,0,2,1,4.859585468971506,365.24362949979775,1592.7554134407092,4443
4492.0,7417,0,0,0,4.847117968221046,365.5665363354456,1593.539508918175,4450
4493.0,7416,0,1,2,4.83053552449678,365.99325782092774,1594.1651034171668,4481
4494.0,7417,0,1,0,4.824198756262206,366.34056896319265,1594.7359201413663,4492
4495.0,7417,0,0,0,4.822902137631344,366.6992045301335,1595.521623311072,4508
4496.0,7417,0,1,1,4.8262384702248,367.05177295402456,1596.2468297946039,4520
4497.0,7419,0,2,0,4.817046334656841,367.36109987868986,1596.60280948374,4533
4498.0,7417,0,0,2,4.809685215364403,367.8565457732237,1597.498749813549,4530
4499.0,7418,0,1,0,4.809077792016252,368.1949312483149,1598.071126355359,4541
4500.0,7416,0,0,2,4.8089452267038455,368.64050701186625,1599.1321660905237,4559
4501.0,7416,0,0,0,4.857062717611212,367.9377022653722,1599.91681518372,4373
4502.0,7415,0,1,2,4.934559868405834,367.478084962913,1600.491120097401,4211
4503.0,7414,0,0,1,5.039962059119139,367.1346101969247,1601.3445336505115,4086
4504.0,7414,0,1,1,5.163364843194141,366.7774480712166,1602.0307126945172,3987
4505.0,7414,0,1,1,5.287219974930345,366.4989209603453,1602.7452473757605,3937
4506.0,7413,0,0,1,5.416354345577772,366.41103466882504,1603.61032690354,3879
4507.0,7412,0,1,2,5.527019323050102,366.36548839719376,1604.2164507082646,3831
4508.0,7411,0,0,1,5.626073926119912,366.40925651059234,1604.7832087658828,3810
4509.0,7411,0,0,0,5.706391393318466,366.39184995277293,1605.5115138642786,3777
4510.0,7407,0,2,6,5.757894563141894,366.5496152288376,1606.1058643504232,3760
4511.0,7404,0,0,3,5.802776464566832,366.7067801188547,1606.8394867093875,3750
4512.0,7404,0,1,1,5.843106750088204,366.72244732576985,1607.3448785595754,3730
4513.0,7401,0,0,3,5.875983194154686,366.9425753276584,1608.2184930836418,3735
4514.0,7400,0,1,2,5.916083835916631,367.0389189189189,1608.640629249639,3719
4515.0,7401,0,1,0,5.959895735429083,367.0849885150655,1609.136494085989,3714
4516.0,7396,0,0,5,5.983823792687148,367.25662520281236,1609.7901062078743,3683
4517.0,7396,0,1,1,6.018298471199552,367.0903190914008,1610.2091378437945,3656
4518.0,7394,0,0,2,6.039550859787728,367.1963754395456,1611.2143997068436,3653
4519.0,7394,0,2,2,6.049883511884171,367.16932648093047,1611.5999722832087,3635
4520.0,7392,0,0,2,6.06466739274851,367.1548971861472,1612.2609699510115,3646
4521.0,7392,0,1,1,6.065954155330953,367.1193181818182,1612.9379712444572,3658
4522.0,7390,0,0,2,6.053976932126122,367.3085250338295,1613.7477629051953,3665
4523.0,7391,0,2,1,6.044229990777983,367.3899337031525,1613.9830565026116,3671
4524.0,7389,0,0,2,6.033688532669533,367.50466910272024,1614.8443290783164,3645
4525.0,7388,0,1,2,6.027620885261395,367.6039523551705,1615.2380189007763,3644
4526.0,7387,0,0,1,6.022387616369775,367.6503316637336,1615.940137464195,3651
4527.0,7388,0,1,0,6.026683781895397,367.5572550081213,1616.4320760041057,3653
4528.0,7385,0,0,3,6.017785748656904,367.66513202437375,1617.414663090002,3637
4529.0,7385,0,1,1,6.005437273312245,367.63953960731214,1618.022090579086,3624
4530.0,7385,0,1,1,5.989298948201592,367.62058226134053,1618.6953963225826,3636
4531.0,7385,0,1,1,5.9780570616927795,367.3282329045362,1619.3071953810886,3640
4532.0,7384,0,0,1,5.9559720877238576,367.39138678223185,1620.2188208447078,3641
4533.0,7384,0,1,1,5.936488671778723,367.32936078006503,1620.8719466077837,3653
4534.0,7384,0,0,0,5.924542198750853,367.3407367280607,1621.5891414952202,3653
4535.0,7384,0,1,1,5.907010760235609,367.35170639219933,1622.2224640232414,3656
4536.0,7383,0,0,1,5.896355605548837,367.44683732899904,1622.8815402264659,3673
4537.0,7384,0,1,0,5.880377752525075,367.30836944745397,1623.3818576757394,3678
4538.0,7383,0,0,1,5.848761605523375,367.41121495327104,1624.246772867359,3674
4539.0,7384,0,1,0,5.825091653532933,367.5171993499458,1624.751406888016,3678
4540.0,7384,0,0,0,5.810461059957905,367.58978873239437,1625.4772515328486,3701
4541.0,7384,0,1,1,5.799318939549644,367.71885157096426,1625.9548593294442,3699
4542.0,7383,0,0,1,5.779035669004621,367.9542191521062,1626.6065062085702,3703
4543.0,7382,0,1,2,5.749776696515595,368.12354375507994,1627.2343410324418,3729
4544.0,7383,0,1,0,5.732694264274849,368.2551808208045,1627.7463947792348,3743
4545.0,7382,0,0,1,5.712993736255646,368.4478461121647,1628.3174835571026,3778
4546.0,7382,0,0,0,5.694669038061197,368.61839609861823,1629.0528802507222,3777
4547.0,7381,0,1,2,5.678561654800411,368.7745562931852,1629.7395918602863,3779
4548.0,7379,0,0,2,5.667834987821837,368.97831684510095,1630.769704587716,3788
4549.0,7377,0,0,2,5.657097232221318,369.2246170530026,1631.7960114806328,3811
4550.0,7374,0,1,4,5.656484806426557,369.497694602658,1632.9132052585044,3835
4551.0,7373,0,1,2,5.646544678513969,369.69442560694426,1633.7168069791217,3856
4552.0,7371,0,0,2,5.649517429042843,369.8772215438882,1634.78788015684,3852
4553.0,7370,0,1,2,5.6449316876842,370.1662143826323,1635.4782737935277,3863
4554.0,7366,0,1,5,5.641616242185494,370.4945696443117,1636.549955427705,3891
4555.0,7367,0,1,0,5.638957643269489,370.6111035699742,1637.0680842663464,3901
4556.0,7365,0,0,2,5.639064503852449,370.8224032586558,1638.1141209626037,3893
4557.0,7363,0,0,2,5.633944705455801,371.1330979220426,1639.1612247736075,3905
4558.0,7362,0,0,1,5.61608581123949,371.3596848682423,1640.0871528906066,3917
4559.0,7361,0,1,2,5.601008341402016,371.6139111533759,1640.773452796467,3932
4560.0,7360,0,0,1,5.586979654495983,371.87989130434784,1641.6918421547443,3947
4561.0,7360,0,0,0,5.5751776262606185,372.08709239130434,1642.4383021481856,3946
4562.0,7360,0,1,1,5.564623921446037,372.3213315217391,1643.0796778332992,3957
4563.0,7359,0,0,1,5.5576592578200295,372.5894822666123,1643.9841763811394,3974
4564.0,7359,0,0,0,5.544387737571008,372.7810843864656,1644.7324633113587,3978
4565.0,7359,0,1,1,5.542900196664921,373.02092675635276,1645.186178830548,4000
4566.0,7358,0,0,1,5.537504499940689,373.30524599075835,1645.9732118044726,4004
4567.0,7356,0,0,2,5.533391052911123,373.5811582381729,1646.7607056655715,4017
4568.0,7355,0,1,2,5.5087127969960665,373.900203942896,1647.4322934521172,4030
4569.0,7354,0,0,1,5.500371207934272,374.20682621702474,1648.23897319224,4046
4570.0,7353,0,1,2,5.488900613144408,374.3836529307766,1648.8679049660416,4045
4571.0,7350,0,0,3,5.473886422015721,374.80394557823126,1649.8519692485675,4087
4572.0,7349,0,1,2,5.457358641876348,375.14192407130224,1650.5989739849315,4099
4573.0,7348,0,0,1,5.4332612422050195,375.49755035383777,1651.2680474246529,4110
4574.0,7346,0,0,2,5.407285849431795,375.8891913966785,1652.12561352748,4132
4575.0,7344,0,0,2,5.377651212928041,376.27886710239653,1652.8655575103026,4138
4576.0,7346,0,2,0,5.366445363515755,376.49428260277705,1653.1773960510357,4160
4577.0,7343,0,1,4,5.341358468153319,376.9061691406782,1654.381151779407,4171
4578.0,7340,0,0,3,5.325006454460888,377.34373297002725,1655.6244636887634,4180
4579.0,7337,0,0,3,5.308390326745219,377.7391304347826,1656.8418351809628,4196
4580.0,7335,0,0,2,5.291592515329962,378.1754601226994,1657.712315871264,4209
4581.0,7331,0,0,4,5.262769724830078,378.70304187696087,1658.6397471732591,4230
4582.0,7330,0,0,1,5.242005630721445,379.04979536152797,1659.587115840165,4233
4583.0,7328,0,0,2,5.21602114208544,379.4208515283843,1660.6478607703418,4235
4584.0,7327,0,0,1,5.201658108440256,379.7301760611437,1661.5180266011487,4247
4585.0,7327,0,0,0,5.1879702827421985,380.0349392657295,1662.2915211485263,4257
4586.0,7326,0,0,1,5.170797388160239,380.37755937755935,1663.1739277250892,4259
4587.0,7326,0,0,0,5.144706195345863,380.64332514332517,1663.9489962154294,4277
4588.0,7324,0,0,2,5.125790819213833,381.0481977061715,1665.058270852736,4286
4589.0,7323,0,1,2,5.100528821783642,381.42523555919706,1665.7475587057813,4291
4590.0,7320,0,0,3,5.080748357820861,381.9233606557377,1666.6419567687956,4315
4591.0,7320,0,0,0,5.121957595645339,381.04863387978145,1667.417529665653,4126
4592.0,7317,0,0,3,5.189679260758555,380.67213338800053,1668.7004708191623,4009
4593.0,7315,0,0,2,5.2884272557157725,380.41025290498976,1669.5221481623341,3906
4594.0,7315,0,0,0,5.405824414638778,380.0072453861928,1670.2791505551686,3815
4595.0,7313,0,0,2,5.5236458150012195,379.9336797483933,1671.3634663568141,3759
4596.0,7312,0,0,1,5.641554077177119,379.8339715536105,1672.288928810821,3716
4597.0,7310,0,0,2,5.745387081712578,379.79452804377564,1673.2906870449797,3680
4598.0,7310,0,2,2,5.836769438541166,379.6638850889193,1673.8010286422134,3645
4599.0,7311,0,1,0,5.927089429879319,379.642866912871,1674.293919466851,3607
4600.0,7308,0,0,3,5.992180097339068,379.78680897646416,1675.0364382632704,3569
4601.0,7305,0,0,3,6.048644351941401,379.92950034223134,1675.998905237008,3558
4602.0,7302,0,0,3,6.072584807750973,380.07874554916464,1676.7319495199624,3535
4603.0,7301,0,0,1,6.107132296386777,380.1740857416792,1677.4178445401362,3535
4604.0,7297,0,0,4,6.126152699181327,380.38700835959986,1678.606713602071,3551
4605.0,7296,0,1,2,6.1471849629757225,380.2859100877193,1679.3024003999146,3535
4606.0,7294,0,1,3,6.163177039178656,380.3523443926515,1680.327061797885,3512
4607.0,7292,0,0,2,6.174641907467618,380.3828853538124,1681.3473757859151,3496
4608.0,7291,0,0,1,6.170910610040448,380.331916060897,1682.2276979375417,3476
4609.0,7291,0,1,1,6.164465476416292,380.4155808531066,1682.8620835315262,3492
4610.0,7290,0,1,2,6.1536446756821706,380.52002743484223,1683.5065384150762,3478
4611.0,7289,0,1,2,6.166975080946366,380.5896556454932,1684.1099270836448,3461
4612.0,7285,0,0,4,6.1640110298316495,380.88538091969804,1684.7336482963653,3473
4613.0,7285,0,1,1,6.157405221946139,380.8823610157859,1685.1867023840027,3454
4614.0,7284,0,1,2,6.145490512324288,381.05285557386054,1685.7917189531456,3441
4615.0,7283,0,1,2,6.129972107389128,381.13552107647945,1686.3167595352477,3450
4616.0,7284,0,2,1,6.119033407081012,381.1628226249314,1686.5813919432449,3459
4617.0,7284,0,1,1,6.0980665480296485,381.1963207029105,1687.2547707633037,3455
4618.0,7284,0,1,1,6.093393400978741,381.1540362438221,1687.5528960962704,3432
4619.0,7283,0,1,2,6.077794717684158,381.18440203212964,1688.3720352825885,3443
4620.0,7283,0,1,1,6.052303554316156,381.1699848963339,1688.80904710603,3442
4621.0,7282,0,1,2,6.037675932039903,381.27011809942326,1689.5615641823754,3437
4622.0,7282,0,1,1,6.009754832170555,381.32243889041473,1689.9671330233266,3444
4623.0,7282,0,2,2,5.982706864329593,381.5119472672343,1690.4485983885797,3477
4624.0,7279,0,0,3,5.9453064114561025,381.7332051105921,1691.0029470994416,3469
4625.0,7280,0,2,1,5.917368253352699,381.7581043956044,1691.1851822677188,3507
4626.0,7279,0,1,2,5.894228272744427,381.9350185465036,1692.0241805989813,3525
4627.0,7278,0,0,1,5.8767568847937275,382.0853256389118,1692.5595616855185,3553
4628.0,7277,0,2,3,5.8359839840532235,382.26219595987357,1693.0691736282224,3567
4629.0,7274,0,0,3,5.805910528358025,382.6169920263954,1694.0472616149675,3580
4630.0,7273,0,0,1,5.77339069025045,382.83968101196206,1694.9782382485494,3619
4631.0,7271,0,2,4,5.738466628704053,383.0411222665383,1695.9435133727811,3616
4632.0,7271,0,1,1,5.712797631954634,383.2410947600055,1696.5503949844901,3638
4633.0,7272,0,1,0,5.679095399756941,383.3755500550055,1697.0467540721263,3652
4634.0,7270,0,1,3,5.637388208516473,383.76616231086655,1697.616236302128,3674
4635.0,7269,0,1,2,5.603420316215739,384.03535561975514,1698.1822152777681,3693
4636.0,7269,0,1,1,5.585214636562739,384.143210895584,1698.837590816178,3712
4637.0,7270,0,1,0,5.573379902832854,384.23741403026133,1699.341673696723,3724
4638.0,7267,0,1,4,5.557103261250271,384.50694922251273,1700.194624516157,3735
4639.0,7267,0,1,1,5.553194323244277,384.6539149580295,1700.8720038861134,3742
4640.0,7266,0,1,2,5.555601569066927,384.90916597853015,1701.6166862850866,3770
4641.0,7265,0,3,4,5.543060411991209,385.1234686854783,1701.893757034342,3772
4642.0,7261,0,1,5,5.526914830686061,385.53091860625256,1703.1380053301802,3792
4643.0,7260,0,1,2,5.53276781945882,385.7370523415978,1703.950142832805,3805
4644.0,7262,0,3,1,5.52505464269603,385.7464885706417,1704.1789669267755,3821
4645.0,7260,0,1,3,5.512918841151737,386.0665289256198,1704.9613280828435,3852
4646.0,7260,0,2,2,5.505104163465746,386.27865013774107,1705.0633901443025,3871
4647.0,7259,0,1,2,5.4867044052224445,386.51646232263397,1705.7123137168892,3900
4648.0,7258,0,1,2,5.467777356504662,386.7834114081014,1706.318741711815,3914
4649.0,7259,0,1,0,5.454044500880991,386.94916655186665,1706.8320389291355,3936
4650.0,7258,0,1,2,5.426886062924338,387.255166712593,1707.5056880051816,3971
4651.0,7255,0,1,4,5.390193901105882,387.67553411440383,1708.4801556549937,3979
4652.0,7254,0,1,2,5.376229652687484,387.93727598566306,1709.2653959942975,4008
4653.0,7252,0,1,3,5.353045757087421,388.2669608383894,1710.3556075796453,4015
4654.0,7250,0,0,2,5.338593485429294,388.5913103448276,1711.0973129167926,4032
4655.0,7251,0,1,0,5.324741350853933,388.7834781409461,1711.6178294465492,4046
4656.0,7252,0,2,1,5.2973153825704555,389.0239933811362,1711.815431944448,4049
4657.0,7251,0,1,2,5.275347242814909,389.3020273065784,1712.342039653834,4066
4658.0,7250,0,1,2,5.255134529955154,389.5768275862069,1713.032356945282,4083
4659.0,7249,0,0,1,5.235715060031234,389.9023313560491,1713.8625523044552,4094
4660.0,7250,0,2,1,5.222608769927643,390.13434482758623,1714.3162463552078,4104
4661.0,7250,0,2,2,5.19918463291371,390.43875862068967,1714.624915909501,4124
4662.0,7249,0,1,2,5.177828920523795,390.72713477721067,1715.2231628056306,4135
4663.0,7247,0,1,3,5.159633123862972,391.0649924106527,1716.2755256480991,4140
4664.0,7245,0,0,2,5.144175731131354,391.3689440993789,1717.075790158485,4134
4665.0,7243,0,0,2,5.127537296103742,391.7249758387409,1717.6955123084313,4133
4666.0,7245,0,3,1,5.112227501847617,391.93968253968256,1717.9388067492227,4158
4667.0,7243,0,1,3,5.085903704177595,392.3512356758249,1719.002611015609,4169
4668.0,7243,0,0,0,5.070361012245063,392.6998481292282,1719.7755376982936,4184
4669.0,7243,0,2,2,5.051919127608675,393.0267844815684,1720.110858886461,4194
4670.0,7241,0,0,2,5.024723106101485,393.53528518160476,1721.2968563124064,4215
4671.0,7242,0,2,1,5.014475545142394,393.8024026512013,1721.741993966269,4228
4672.0,7241,0,0,1,5.001294583305359,394.22994061593704,1722.4719655102735,4257
4673.0,7240,0,1,2,4.988452880927656,394.63591160220994,1723.2127118332428,4283
4674.0,7240,0,0,0,4.990324926645919,394.9200276243094,1723.9925476487101,4290
4675.0,7236,0,1,5,4.968434001201346,395.48037589828635,1725.174112999184,4291
4676.0,7233,0,0,3,4.959530495585674,395.99184294207106,1725.9443720832055,4301
4677.0,7233,0,0,0,4.949560076471257,396.3692796903083,1726.727007487606,4315
4678.0,7232,0,0,1,4.938992423906408,396.7638274336283,1727.6122326956324,4319
4679.0,7233,0,1,0,4.92429746344893,397.08544172542514,1728.1576508018513,4324
4680.0,7230,0,0,3,4.90482750135068,397.62724757952975,1728.9840652367293,4334
4681.0,7230,0,0,0,4.9601239114122215,396.8222683264177,1729.7652357521272,4134
4682.0,7230,0,0,0,5.026056335353846,396.34757952973723,1730.5413519723136,3997
4683.0,7226,0,0,4,5.109094275730069,396.1947135344589,1731.6612332566444,3906
4684.0,7226,0,0,0,5.209330928575263,395.8753113755881,1732.423691825495,3809
4685.0,7223,0,0,3,5.321291051229927,395.86902948913195,1733.1794881158858,3743
4686.0,7220,0,0,3,5.440054917462776,395.8286703601108,1734.2041072806762,3673
4687.0,7218,0,0,2,5.5501889245500715,395.75200886672206,1735.0235699580344,3607
4688.0,7215,0,0,3,5.6533075531824,395.84019404019404,1736.2485085235078,3557
4689.0,7216,0,1,0,5.729926286341338,395.7724501108647,1736.7346391992376,3523
4690.0,7216,0,0,0,5.796055997709474,395.75970066518846,1737.4584567284357,3492
4691.0,7216,0,0,0,5.855388371594338,395.85074833702885,1738.178162614053,3480
4692.0,7215,0,0,1,5.9114711824057435,395.95453915453913,1739.0988496178256,3459
4693.0,7214,0,1,2,5.952342125093857,396.0353479345717,1739.4604351341493,3454
4694.0,7213,0,0,1,5.995338275518802,396.01150700124776,1740.36245405413,3412
4695.0,7212,0,1,2,6.019917026092158,396.10191347753744,1741.212999039918,3385
4696.0,7212,0,0,0,6.043421395570666,396.19786466999443,1741.919713395916,3391
4697.0,7212,0,2,2,6.053211294974288,396.2459789240155,1742.28910095665,3382
4698.0,7210,0,0,2,6.059816184692253,396.40097087378643,1743.0364154357321,3368
4699.0,7210,0,0,0,6.067943979006705,396.4882108183079,1743.7407929517917,3374
4700.0,7208,0,0,2,6.074898620727096,396.6225027746948,1744.0002643238558,3353
4701.0,7209,0,1,0,6.078544052827429,396.63573311138856,1744.4612713271072,3371
4702.0,7207,0,0,2,6.073149679263428,396.8414041903705,1744.9831718064763,3373
4703.0,7206,0,0,1,6.06771839229899,397.00346933111297,1745.8695266925827,3383
4704.0,7203,0,1,4,6.040899274018986,397.25059003193115,1747.003664965989,3393
4705.0,7203,0,0,0,6.036282483493241,397.4062196307094,1747.7078783732918,3424
4706.0,7202,0,0,1,6.027641625153751,397.54873646209387,1748.6373560138843,3427
4707.0,7199,0,0,3,6.01399760132559,397.84456174468676,1749.5916503363187,3436
4708.0,7196,0,1,4,6.006712366777688,398.15161200667035,1750.740096879225,3455
4709.0,7196,0,0,0,6.000726307147538,398.2726514730406,1751.4468070920607,3442
4710.0,7195,0,0,1,5.994582391281068,398.5000694927033,1752.3348471894587,3446
4711.0,7194,0,1,2,5.969642518055588,398.66333055323884,1753.1668372944418,3440
4712.0,7190,0,1,5,5.944984373196263,399.0360222531294,1754.08080868773,3448
4713.0,7188,0,0,2,5.933498245037613,399.3011964385086,1755.0924692581893,3442
4714.0,7185,0,0,3,5.917595009798708,399.6257480862909,1756.0597872168173,3445
4715.0,7182,0,0,3,5.902600227237362,399.94973544973544,1757.0033486188988,3448
4716.0,7183,0,1,0,5.890774246425649,400.07378532646527,1757.4724332895669,3462
4717.0,7180,0,0,3,5.869526804931413,400.40041782729804,1758.465985988173,3478
4718.0,7178,0,1,3,5.832527255317763,400.60560044580666,1759.2664100387406,3492
4719.0,7178,0,0,0,5.8057319888981365,400.72109222624687,1759.9858051556562,3498
4720.0,7180,0,2,0,5.770372176795855,400.84958217270196,1760.217968722326,3520
4721.0,7180,0,1,1,5.7393322426949025,401.0739554317549,1760.8598216845587,3541
4722.0,7179,0,0,1,5.715475975254794,401.3416910433208,1761.789652097544,3539
4723.0,7179,0,1,1,5.69867399076973,401.5628917676557,1762.4525272537387,3538
4724.0,7179,0,0,0,5.676540513657942,401.756233458699,1763.1815095726888,3552
4725.0,7180,0,2,1,5.658767864493433,401.9107242339833,1763.3603959601387,3579
4726.0,7178,0,0,2,5.637159191867674,402.177208135971,1764.0535018821781,3589
4727.0,7179,0,2,1,5.620784477106834,402.31090681153364,1764.4821910617993,3599
4728.0,7177,0,0,2,5.600653038044109,402.6137661975756,1765.4760173547272,3620
4729.0,7176,0,1,2,5.578070414830116,402.836259754738,1766.0324988530324,3623
4730.0,7175,0,0,1,5.569210143289727,403.0510104529617,1766.9623934571623,3634
4731.0,7173,0,0,2,5.567141640144953,403.33207862818904,1767.6731134252689,3655
4732.0,7171,0,2,4,5.552459840804835,403.4652070840887,1768.0970821711255,3665
4733.0,7170,0,0,1,5.5436484160266986,403.66569037656905,1768.9677085163005,3676
4734.0,7168,0,1,3,5.535403181595029,403.91727120535717,1770.0329465241016,3685
4735.0,7168,0,2,2,5.5148412903052035,404.02999441964283,1770.521439576328,3687
4736.0,7167,0,1,2,5.493835551649552,404.2349658155435,1771.0404448711665,3705
4737.0,7168,0,1,0,5.464133660132181,404.3052455357143,1771.5373506854637,3710
4738.0,7167,0,0,1,5.440890094969512,404.50565089995814,1772.454511981915,3742
4739.0,7168,0,1,0,5.421236304273799,404.63071986607144,1772.9540940357315,3768
4740.0,7169,0,1,0,5.416570863549035,404.78407030269216,1773.4538472485885,3815
4741.0,7169,0,2,2,5.397233094210115,404.9305342446645,1773.9302302314586,3826
4742.0,7170,0,1,0,5.391994237016797,405.0854951185495,1774.4308555725665,3833
4743.0,7170,0,0,0,5.380519051572726,405.3178521617852,1775.1800553300027,3853
4744.0,7171,0,1,0,5.363310421969558,405.49728071398687,1775.6828038637777,3869
4745.0,7169,0,1,3,5.3350487048430075,405.8352629376482,1776.7250351160924,3886
4746.0,7169,0,0,0,5.310516615895823,406.10029292788397,1777.4783963940865,3908
4747.0,7167,0,0,2,5.28300540806794,406.4771871075764,1778.5082189966934,3920
4748.0,7169,0,3,1,5.259791111460626,406.5996652252755,1778.4392182773925,3933
4749.0,7168,0,1,2,5.223185996298253,406.93345424107144,1779.1098208141932,3948
4750.0,7169,0,1,0,5.190512191782876,407.1765936671781,1779.6217117622143,3962
4751.0,7170,0,1,0,5.166728876863753,407.4270571827057,1780.1347045917205,3990
4752.0,7171,0,2,1,5.147762715318905,407.68623622925674,1780.3181866313848,4011
4753.0,7169,0,1,3,5.125851393643927,408.14451108941273,1780.989702308205,4039
4754.0,7168,0,0,1,5.116595549882362,408.55650111607144,1781.930536577883,4056
4755.0,7169,0,2,1,5.112245233367081,408.8278699958153,1782.1484841743027,4077
4756.0,7170,0,1,0,5.1041000611075935,409.09693165969315,1782.6659523253663,4089
4757.0,7170,0,1,1,5.090983211600223,409.46331938633193,1783.4161544590393,4113
4758.0,7170,0,1,1,5.07606430410364,409.76778242677824,1784.102802964545,4124
4759.0,7171,0,1,0,5.066387467963835,410.01464230930134,1784.6228023663948,4141
4760.0,7170,0,1,2,5.0409309019228346,410.4298465829847,1785.032128490812,4155
4761.0,7169,0,1,2,5.009865674136412,410.85493095271306,1785.7667783773888,4178
4762.0,7168,0,0,1,4.997194466606919,411.2671595982143,1786.7383533787129,4181
4763.0,7166,0,1,3,4.968645601339783,411.8110521909015,1787.799558197104,4229
4764.0,7165,0,0,1,4.961084339766662,412.2580600139567,1788.7444746763526,4236
4765.0,7164,0,0,1,4.94829838093393,412.7077051926298,1789.4811701824244,4265
4766.0,7163,0,1,2,4.937071534818068,413.0745497696496,1789.9196751180395,4266
4767.0,7163,0,0,0,4.935952246660514,413.46977523384055,1790.6991253135377,4273
4768.0,7162,0,0,1,4.920425645366121,413.9086847249372,1791.2858667451962,4297
4769.0,7163,0,1,0,4.905706796284243,414.1845595420913,1791.8172233233918,4300
4770.0,7160,0,0,3,4.9062914996278515,414.7441340782123,1792.8236315087584,4314
4771.0,7159,0,0,1,4.944696037291596,414.00880011174746,1793.4382442538486,4144
4772.0,7156,0,0,3,5.01372306778072,413.53060368921183,1794.298143408702,3996
4773.0,7154,0,1,3,5.09122546764249,413.18688845401175,1795.339408171919,3887
4774.0,7154,0,0,0,5.197753390189711,412.8646910819122,1796.101235909698,3799
4775.0,7151,0,0,3,5.301539205024745,412.82394070759335,1796.8974609003487,3747
4776.0,7150,0,0,1,5.420231761701507,412.7081118881119,1797.6541469846104,3678
4777.0,7149,0,0,1,5.528726034722306,412.44243950202826,1798.3907697698273,3628
4778.0,7149,0,0,0,5.628474396778579,412.3431249125752,1799.124141595243,3581
4779.0,7149,0,1,1,5.696139727486886,412.3193453629878,1799.5974873280954,3566
4780.0,7147,0,0,2,5.765978034969264,412.40744368266405,1800.3380770437848,3540
4781.0,7145,0,0,2,5.82509355476878,412.4692792162351,1800.7744759610648,3507
4782.0,7144,0,0,1,5.889614293103586,412.56452967525195,1801.6355092764722,3495
4783.0,7142,0,0,2,5.952876861552572,412.65723886866425,1802.6171380885378,3470
4784.0,7140,0,0,2,6.007797300540064,412.7787114845938,1803.4436597187294,3456
4785.0,7139,0,1,2,6.056917710428603,412.86944950273147,1803.8983560900888,3459
4786.0,7138,0,0,1,6.088691166626823,412.98220790137293,1804.6551562125721,3427
4787.0,7137,0,0,1,6.119421324573607,413.0325066554575,1805.5028932580547,3407
4788.0,7136,0,0,1,6.141835941490415,413.1356502242152,1806.0100893556155,3393
4789.0,7134,0,0,2,6.163542452047761,413.3044575273339,1806.9618540547058,3400
4790.0,7134,0,1,1,6.184825473847603,413.41729744883656,1807.595813058618,3408
4791.0,7132,0,0,2,6.190769651151491,413.59366236679756,1808.6052432504991,3402
4792.0,7131,0,0,1,6.199623675346046,413.69246949936894,1809.4002412973125,3387
4793.0,7129,0,0,2,6.202228158288083,413.8723523635854,1810.400647307355,3369
4794.0,7128,0,0,0,6.206708355181625,414.010101010101,1811.2864550673596,3361
4795.0,7125,0,0,3,6.189823937768191,414.2304561403509,1812.1028303997412,3358
4796.0,7125,0,0,0,6.190328212018771,414.2437894736842,1812.8010548715392,3363
4797.0,7123,0,0,2,6.179056762962842,414.435771444616,1813.813642941414,3358
4798.0,7122,0,0,1,6.170203907867445,414.49634934007304,1814.6911488232577,3343
4799.0,7120,0,0,2,6.16520218096273,414.6429775280899,1815.3577900385176,3334
4800.0,7119,0,1,2,6.153907257480741,414.77370417193424,1815.8479285321655,3335
4801.0,7118,0,0,1,6.140317527293106,414.91247541444227,1816.7201014250702,3335
4802.0,7118,0,0,0,6.1267339954699,414.95686990727734,1817.4209978027754,3343
4803.0,7117,0,0,1,6.116281520640099,415.0854292538991,1818.2676297268963,3354
4804.0,7117,0,0,0,6.100400228188573,415.1929183644794,1818.9704254733483,3356
4805.0,7117,0,1,1,6.064582436127186,415.2367570605592,1819.5941612749168,3376
4806.0,7117,0,0,0,6.04299719276715,415.31979766755654,1820.299795933972,3385
4807.0,7114,0,0,3,5.999910928865729,415.58883890919316,1821.6310208193345,3396
4808.0,7114,0,0,0,5.973995412712929,415.68287883047515,1822.3409049827828,3405
4809.0,7110,0,0,4,5.925933906961632,415.99620253164557,1823.7857332907104,3403
4810.0,7109,0,0,1,5.885858400395153,416.2644535096357,1824.7064392649495,3426
4811.0,7108,0,0,1,5.844775135301886,416.475379853686,1825.3808132420113,3449
4812.0,7107,0,0,1,5.802671500635721,416.6131982552413,1826.085805327359,3463
4813.0,7107,0,1,1,5.773063720771539,416.7667088785704,1826.7246717129453,3511
4814.0,7106,0,0,1,5.735931133152441,417.02687869406134,1827.6325192655543,3524
4815.0,7105,0,0,1,5.6991308833580705,417.25109078114,1828.1546368410623,3554
4816.0,7106,0,1,0,5.6734805930739665,417.2929918378835,1828.6270101095226,3542
4817.0,7105,0,0,1,5.650661872750341,417.4361717100633,1829.5074395845404,3558
4818.0,7104,0,0,1,5.622234828627784,417.69298986486484,1830.3315846602736,3568
4819.0,7104,0,0,0,5.594981383655717,417.87260698198196,1831.0657262609407,3600
4820.0,7102,0,0,2,5.574231531556718,418.14798648268095,1831.8513936396862,3621
4821.0,7101,0,1,2,5.563170416325751,418.4145894944374,1832.5112751034112,3640
4822.0,7102,0,1,0,5.559241621845825,418.59898620107015,1832.989295824748,3655
4823.0,7099,0,0,3,5.535438306684613,419.00295816312155,1834.1318228532957,3661
4824.0,7097,0,1,3,5.515349170933882,419.3460617162181,1834.8280015719145,3670
4825.0,7095,0,0,2,5.489142006324716,419.73107822410145,1835.4258361167883,3718
4826.0,7094,0,0,1,5.467238940215482,420.0561037496476,1836.181825206228,3736
4827.0,7092,0,0,2,5.438801720441444,420.48448956570786,1837.2171074741466,3762
4828.0,7092,0,1,1,5.417355011311421,420.783135927806,1837.9320502190083,3804
4829.0,7092,0,0,0,5.4012249557537295,421.0627467569092,1838.679228656051,3837
4830.0,7091,0,0,1,5.386299315839123,421.39275137498237,1839.655656204174,3853
4831.0,7090,0,1,2,5.38136246954737,421.71100141043723,1840.4315988079604,3884
4832.0,7089,0,0,1,5.359634791675363,422.07095500070534,1841.17589619303,3908
4833.0,7089,0,1,1,5.3416176095717045,422.40809705177037,1841.7973571020566,3937
4834.0,7088,0,0,1,5.325156965571165,422.7859762979684,1842.5257987415655,3954
4835.0,7088,0,0,0,5.310427679799749,423.10016930022573,1843.2801723400119,3959
4836.0,7090,0,1,0,5.297110569966104,423.28067700987305,1843.5810863827053,3974
4837.0,7091,0,1,0,5.2820514476391764,423.5150190382175,1844.0763073555577,3987
4838.0,7090,0,0,1,5.252852224475328,423.8569816643159,1845.0482049409227,3990
4839.0,7088,0,1,3,5.209588813415771,424.2810383747178,1845.8703862364146,4017
4840.0,7087,0,0,1,5.179507603272804,424.718780866375,1846.4814324883282,4040
4841.0,7084,0,0,3,5.145944739884169,425.19367588932806,1847.844857177205,4057
4842.0,7082,0,2,4,5.106561617999527,425.65066365433495,1848.466973270729,4067
4843.0,7081,0,0,1,5.078955762014618,426.0028244598221,1849.1358210149708,4094
4844.0,7077,0,0,4,5.046989012149412,426.65550374452454,1850.508526629935,4140
4845.0,7076,0,0,1,5.0338301337240905,427.0367439231204,1851.4411375494224,4145
4846.0,7075,0,1,2,5.013918526166203,427.4971024734982,1852.2321029366567,4160
4847.0,7074,0,1,2,4.9949304957605865,427.9588634435963,1852.7187450364938,4192
4848.0,7073,0,1,2,4.974537451702791,428.4126961685282,1853.4528349451841,4211
4849.0,7073,0,1,1,4.95503515568014,428.7708186059663,1853.9405131298,4242
4850.0,7074,0,1,0,4.945770429889506,429.0458015267176,1854.455444804204,4247
4851.0,7072,0,0,2,4.928837592445652,429.54397624434387,1855.2891936673495,4255
4852.0,7070,0,0,2,4.910773094917413,430.0462517680339,1856.0800097583028,4266
4853.0,7070,0,1,1,4.901244728051692,430.4250353606789,1856.7935142717354,4287
4854.0,7070,0,0,0,4.883073097520129,430.81951909476663,1857.5756097744427,4299
4855.0,7069,0,0,1,4.874562754949693,431.2338378837176,1858.6054387239797,4302
4856.0,7068,0,0,1,4.861963307185409,431.64360498019244,1859.556932225547,4319
4857.0,7067,0,1,2,4.839301040335088,432.06707230791,1859.9968959186594,4327
4858.0,7063,0,0,4,4.805947890932831,432.66232479116525,1861.1185288019217,4326
4859.0,7062,0,0,1,4.790053476765544,433.04007363353156,1862.0424216537558,4322
4860.0,7061,0,0,1,4.775891774756444,433.4846339045461,1862.8228803940744,4343
4861.0,7060,0,0,1,4.817870753650956,432.78781869688385,1863.6286059967736,4169
4862.0,7056,0,0,4,4.879453773062109,432.5511621315193,1864.6631159618237,4030
4863.0,7056,0,1,1,4.9710437363996665,432.16340702947844,1865.4174060220848,3946
4864.0,7053,0,0,3,5.063706889476693,432.06536225719555,1866.507442688566,3858
4865.0,7052,0,0,1,5.182007961581524,431.9780204197391,1867.3407223413888,3797
4866.0,7050,0,0,2,5.293527660863233,431.9414184397163,1868.2734419856163,3729
4867.0,7048,0,0,2,5.399152061251614,431.8984108967083,1869.0015267122042,3668
4868.0,7047,0,0,1,5.504841892909172,431.8501489995743,1869.754329248029,3638
4869.0,7046,0,0,1,5.5887692253146515,431.910445642918,1870.3594437912807,3596
4870.0,7046,0,0,0,5.659734073134637,431.9232188475731,1871.0878233452156,3571
4871.0,7045,0,1,2,5.701731824784937,431.9190915542938,1871.7258483287055,3559
4872.0,7045,0,0,0,5.759734302261625,432.0041163946061,1872.447007765472,3536
4873.0,7044,0,1,2,5.798365029866896,431.965644520159,1872.9459546272915,3518
4874.0,7043,0,0,1,5.83102769565217,431.94732358370015,1873.6771110679629,3494
4875.0,7043,0,0,0,5.861973248666849,431.9537129064319,1874.3893862908974,3495
4876.0,7042,0,0,1,5.879045464132709,432.0451576256745,1875.1345637034963,3474
4877.0,7040,0,0,2,5.887342366355434,432.2193181818182,1876.2754994504774,3459
4878.0,7038,0,0,2,5.885800241403453,432.46547314578004,1876.8484415279354,3460
4879.0,7036,0,0,2,5.896927744515954,432.5730528709494,1877.8710945603812,3432
4880.0,7033,0,0,3,5.9066173803165585,432.7439215128679,1878.7585638206278,3412
4881.0,7031,0,1,3,5.914021683064625,432.9007253591239,1879.1275918563272,3401
4882.0,7030,0,0,1,5.918407520211313,433.1058321479374,1879.9814664968292,3429
4883.0,7028,0,0,2,5.9154483371911795,433.32768924302786,1880.5347504172673,3426
4884.0,7026,0,0,2,5.904971780767986,433.6172786791916,1881.3661652014243,3434
4885.0,7025,0,0,1,5.891588332339968,433.7614234875445,1882.289570049556,3438
4886.0,7022,0,0,3,5.885063219767686,433.9846197664483,1883.004386489432,3442
4887.0,7021,0,0,1,5.873212731655536,434.10710724967953,1883.5953251646592,3432
4888.0,7019,0,0,2,5.867978562366862,434.27525288502636,1884.5921084234872,3429
4889.0,7017,0,0,2,5.856229771172584,434.44833974633036,1885.2273274061467,3428
4890.0,7015,0,0,2,5.8552136339275584,434.66429080541695,1886.1375417583668,3429
4891.0,7012,0,0,3,5.86207163980506,434.98217341699944,1887.235205375212,3437
4892.0,7009,0,0,3,5.8524863453062315,435.26922528178056,1888.0005957646292,3445
4893.0,7007,0,0,2,5.848193593448194,435.44198658484373,1888.9655596586788,3445
4894.0,7006,0,0,1,5.837986510174531,435.52383671139023,1889.6601640612287,3442
4895.0,7005,0,0,1,5.820915392016288,435.6463954318344,1890.5185911665271,3446
4896.0,7004,0,0,1,5.809591774585845,435.7875499714449,1891.3379166676298,3458
4897.0,7003,0,0,1,5.797889704312373,435.95373411395116,1892.2774303310869,3457
4898.0,7002,0,0,1,5.774923713920782,436.11182519280203,1892.9132321807474,3470
4899.0,7002,0,0,0,5.762833221868906,436.17637817766354,1893.633860619071,3482
4900.0,6999,0,0,3,5.732611148893694,436.4939277039577,1894.4916912175584,3510
4901.0,6997,0,0,2,5.708321353432426,436.7757610404459,1895.6354777580652,3520
4902.0,6994,0,0,3,5.678636540335483,437.07291964541037,1896.7491325926783,3525
4903.0,6994,0,0,0,5.65773677247392,437.29882756648556,1897.4768935002612,3549
4904.0,6993,0,0,1,5.632093251275146,437.5190905190905,1898.4105649951948,3577
4905.0,6990,0,0,3,5.606010892064635,437.8763948497854,1899.3428519870884,3584
4906.0,6989,0,0,1,5.574131139920175,438.03333810273284,1900.100311937311,3575
4907.0,6989,0,1,1,5.555688135353085,438.09729575046504,1900.725048213967,3579
4908.0,6988,0,1,2,5.5281394178215875,438.3053806525472,1901.4281574940285,3589
4909.0,6988,0,0,0,5.512258585075613,438.45077275329135,1902.1659991028084,3612
4910.0,6988,0,0,0,5.504163745573663,438.5927303949628,1902.9051489100739,3623
4911.0,6988,0,1,1,5.492362085113914,438.74685174585005,1903.1523818198837,3629
4912.0,6987,0,0,1,5.483907195519537,438.91169314441106,1903.8009796932154,3650
4913.0,6983,0,0,4,5.467306352745356,439.331232994415,1904.1536425608704,3645
4914.0,6983,0,2,2,5.4526856002686745,439.45868537877703,1904.487565222568,3652
4915.0,6982,0,0,1,5.428273589562374,439.7340303637926,1905.2628184071737,3664
4916.0,6980,0,1,3,5.399768912804605,440.08151862464183,1906.0164684071624,3693
4917.0,6978,0,0,2,5.369645432521627,440.4528518200057,1907.0257904632488,3695
4918.0,6977,0,0,1,5.35440146578141,440.8122402178587,1907.9615019436376,3737
4919.0,6977,0,1,1,5.334226182858456,441.10219291959294,1908.5427066897305,3746
4920.0,6974,0,1,4,5.309310323737317,441.602523659306,1909.4299728592734,3781
4921.0,6974,0,0,0,5.298254278093936,441.85316891310583,1910.1837577843507,3807
4922.0,6973,0,1,2,5.281762446676424,442.1490032984368,1910.738330704182,3833
4923.0,6973,0,0,0,5.2594657263306726,442.330273913667,1911.4942043795616,3850
4924.0,6971,0,0,2,5.2310800417358445,442.6485439678669,1912.6018347673673,3864
4925.0,6971,0,0,0,5.219067966293755,442.86716396499787,1913.3608304410218,3860
4926.0,6971,0,1,1,5.197425523990931,443.1775928848085,1914.077907467429,3893
4927.0,6970,0,0,1,5.181880811566358,443.4090387374462,1915.0044883611467,3917
4928.0,6971,0,1,0,5.167772263697931,443.56720700043036,1915.4920570219745,3912
4929.0,6971,0,0,0,5.160024502986528,443.8156648974322,1916.255778788636,3929
4930.0,6971,0,0,0,5.146902050393068,444.06211447425045,1917.0200542414746,3939
4931.0,6971,0,0,0,5.130717115195474,444.322191938029,1917.7853977577759,3953
4932.0,6973,0,3,1,5.115261883355969,444.45661838520004,1917.8465890087775,3983
4933.0,6972,0,0,1,5.095297042464068,444.7979059093517,1918.8396250720248,4005
4934.0,6971,0,0,1,5.091668747472957,445.16296083775643,1919.7201128691056,4026
4935.0,6972,0,1,0,5.0897513933075444,445.4674411933448,1920.2140089889851,4042
4936.0,6972,0,1,1,5.080030709425629,445.80235226620766,1920.660302424351,4056
4937.0,6972,0,0,0,5.0776690898589925,446.13582903040736,1921.4307514956356,4061
4938.0,6972,0,1,1,5.072082650770199,446.3907056798623,1921.7308747523678,4065
4939.0,6970,0,0,2,5.0639514424342975,446.85767575322814,1922.525466704593,4076
4940.0,6969,0,1,2,5.0519654558463065,447.24408092983214,1923.1844907322654,4077
4941.0,6967,0,0,2,5.026872216127972,447.67547007320223,1924.2782220187844,4078
4942.0,6966,0,1,2,5.0037638643573015,448.06962388745336,1924.8468289234606,4096
4943.0,6965,0,1,2,4.9871314915526845,448.4363244795406,1925.3941295502843,4094
4944.0,6962,0,0,3,4.965822384223464,448.9550416546969,1926.2337668943978,4106
4945.0,6962,0,1,1,4.954025518364849,449.3047974719908,1926.775546974457,4118
4946.0,6960,0,0,2,4.94817656259368,449.7586206896552,1927.684183079095,4129
4947.0,6959,0,0,1,4.94075471147533,450.10518752694355,1928.4106590514725,4145
4948.0,6957,0,1,3,4.912657185224834,450.56647980451345,1928.857209569581,4153
4949.0,6958,0,1,0,4.892933177562283,450.8653348663409,1929.3629222174925,4174
4950.0,6955,0,0,3,4.861931417864264,451.4038820992092,1930.1180428800883,4208
4951.0,6952,0,0,3,4.890994271861823,450.65894706559266,1931.100606655712,4046
4952.0,6951,0,1,2,4.957355086767332,450.0199971227162,1931.6462848305096,3905
4953.0,6949,0,0,2,5.040454798912154,449.64728737947905,1932.379734787729,3805
4954.0,6948,0,1,2,5.138301017489874,449.3727691421992,1933.0097040775645,3744
4955.0,6946,0,0,2,5.245384191080992,449.2274690469335,1933.706641489282,3669
4956.0,6946,0,0,0,5.354157990271761,448.98329974085806,1934.4579121940908,3614
4957.0,6945,0,1,2,5.458425052225986,448.7930885529158,1935.1416455202898,3550
4958.0,6944,0,1,2,5.538613024452797,448.7537442396313,1935.68613054743,3524
4959.0,6942,0,0,2,5.6075827069683095,448.8481705560357,1936.6649953894998,3492
4960.0,6941,0,0,1,5.66956697314026,448.88459876098545,1937.408190149132,3476
4961.0,6942,0,1,0,5.711856735353426,448.83851915874385,1937.8562934449312,3462
4962.0,6942,0,0,0,5.758012247285441,448.7947277441659,1938.580375690328,3448
4963.0,6943,0,1,0,5.797565681263253,448.79446924960394,1939.022465106104,3438
4964.0,6943,0,1,1,5.8386032383192425,448.8270200201642,1939.5439694723054,3430
4965.0,6941,0,1,3,5.8747342697299505,448.91182826682035,1940.4941492201397,3418
4966.0,6941,0,0,0,5.906626961820783,448.9850165682178,1941.2085842265722,3409
4967.0,6940,0,0,1,5.9282445801918,449.0335734870317,1941.8899334346033,3397
4968.0,6940,0,1,1,5.950181850119627,449.0770893371758,1942.4688023948263,3389
4969.0,6940,0,0,0,5.964442752506552,449.08328530259365,1943.1798746536508,3381
4970.0,6938,0,0,2,5.972121617279495,449.2662150475641,1944.0360077925607,3365
4971.0,6938,0,0,0,5.9831823080537,449.32689535889307,1944.745701988205,3371
4972.0,6939,0,1,0,5.988280181549518,449.29442282749676,1945.1746504284579,3358
4973.0,6938,0,0,1,5.979155910026967,449.41395214759297,1945.9763898424997,3345
4974.0,6936,0,0,2,5.978728352826698,449.55608419838524,1946.8759709760789,3341
4975.0,6936,0,1,1,5.9768364123715205,449.57713379469436,1947.3593995708907,3351
4976.0,6934,0,0,2,5.966480464614376,449.772858379002,1947.9320501912252,3339
4977.0,6933,0,0,1,5.963585934884152,449.89124477138324,1948.5853232101704,3353
4978.0,6930,0,0,3,5.951734462331883,450.15714285714284,1949.5349158081665,3373
4979.0,6930,0,0,0,5.93974137660893,450.2603174603175,1950.2462451667875,3379
4980.0,6929,0,0,1,5.930971631420504,450.435416365998,1950.893093927568,3374
4981.0,6928,0,0,1,5.926742125619134,450.54575635103924,1951.6189643579305,3378
4982.0,6926,0,0,2,5.925008412585715,450.7411204158244,1952.1458503814217,3363
4983.0,6926,0,0,0,5.93659292914985,450.7916546347098,1952.8582184176657,3365
4984.0,6924,0,1,3,5.936582840225598,451.07928942807627,1953.4065713078066,3352
4985.0,6924,0,0,0,5.937231114610457,451.1935297515887,1954.1195347029902,3346
4986.0,6921,0,0,3,5.917707947154244,451.4763762462072,1955.0332588250199,3359
4987.0,6921,0,0,0,5.89707331079268,451.57376101719404,1955.7490097052405,3351
4988.0,6921,0,0,0,5.864186606695332,451.6962866637769,1956.4673894518846,3357
4989.0,6921,0,0,0,5.816700579269189,451.8065308481433,1957.1886732184162,3365
4990.0,6921,0,0,0,5.781847129443394,451.91200693541396,1957.9126320180817,3373
4991.0,6921,0,0,0,5.749013620300709,452.0235515098974,1958.638336526598,3385
4992.0,6921,0,1,1,5.722423553937919,452.19693685883544,1959.0363710513523,3397
4993.0,6921,0,0,0,5.703857718981235,452.3691663054472,1959.764445003474,3427
4994.0,6919,0,0,2,5.668495463037977,452.6736522618876,1960.6107919251415,3434
4995.0,6917,0,1,3,5.634410410352576,452.96530287696976,1961.2606117845519,3459
4996.0,6916,0,0,1,5.601887649453068,453.2676402544824,1962.1913750320114,3491
4997.0,6914,0,0,2,5.571708641099737,453.5125831645936,1962.9446432336429,3495
4998.0,6911,0,1,4,5.532744132969015,453.8346114889307,1963.956645127021,3492
4999.0,6909,0,0,2,5.502977319138526,454.1710811984368,1964.879100137106,3516
5000.0,6907,0,1,3,5.470492528232888,454.4646011292891,1965.4393146669297,3534
5001.0,6908,0,2,1,5.444284103520187,454.5884481760278,1965.7364063476966,3572
5002.0,6907,0,0,1,5.426876953886435,454.8639061821341,1966.4489230598008,3588
5003.0,6905,0,0,2,5.414994956662881,455.21462708182474,1967.0093063683194,3607
5004.0,6905,0,2,2,5.382885815261757,455.40811006517015,1967.4169131666697,3625
5005.0,6903,0,0,2,5.370451002607244,455.75807619875417,1968.1264987058325,3635
5006.0,6903,0,2,2,5.339826674047127,455.9494422714762,1968.3565343301366,3650
5007.0,6904,0,1,0,5.30973682264321,456.13340092699883,1968.824370032092,3678
5008.0,6905,0,1,0,5.280772259145818,456.3325126719768,1969.2936001013065,3703
5009.0,6907,0,2,0,5.253951314862039,456.46170551614307,1969.479919045366,3714
5010.0,6910,0,3,0,5.235324037415308,456.50361794500725,1969.3825629126247,3733
5011.0,6909,0,0,1,5.197293266950792,456.8354320451585,1970.325081594826,3750
5012.0,6909,0,2,2,5.16746148015765,457.08264582428717,1970.7617385690774,3752
5013.0,6908,0,0,1,5.139336005559973,457.37145338737696,1971.7039317310525,3771
5014.0,6908,0,1,1,5.121050835744391,457.56050955414014,1972.0569165800882,3780
5015.0,6910,0,2,0,5.111597953807041,457.64732272069466,1972.250929084239,3794
5016.0,6911,0,1,0,5.0943106075726705,457.8191289249023,1972.7312749843015,3819
5017.0,6912,0,1,0,5.087987319390561,458.0313946759259,1973.212475070308,3836
5018.0,6913,0,2,1,5.075892712306511,458.251265731231,1973.3451409147942,3848
5019.0,6913,0,1,1,5.066550569766642,458.5152611022711,1973.8503559642584,3844
5020.0,6913,0,1,1,5.057254479271523,458.72906118906405,1974.280944545927,3849
5021.0,6912,0,0,1,5.05457248325503,459.0001446759259,1975.2705037305839,3839
5022.0,6911,0,1,2,5.039494466518216,459.29735204746055,1975.9094976018882,3839
5023.0,6910,0,0,1,5.037821414253145,459.63473227206947,1976.5988066427474,3851
5024.0,6911,0,2,1,5.032760445699345,459.8783099406743,1976.9149560597214,3859
5025.0,6910,0,1,2,5.018580790296798,460.26613603473226,1977.8058977375588,3873
5026.0,6910,0,0,0,5.004414087496898,460.64052098408104,1978.5787370967478,3896
5027.0,6911,0,2,1,4.9803144474804935,460.9244682390392,1978.9650340156986,3912
5028.0,6910,0,0,1,4.958328633017112,461.3013024602026,1979.9506783176419,3932
5029.0,6910,0,0,0,4.9482238717813996,461.63617945007235,1980.7272023719306,3952
5030.0,6910,0,1,1,4.932120812139893,462.0176555716353,1981.2398734461467,3972
5031.0,6909,0,0,1,4.9171071296632745,462.4355188884064,1982.0265585098805,3981
5032.0,6909,0,1,1,4.893154728123325,462.7792734114923,1982.5415936276102,4010
5033.0,6909,0,0,0,4.8816417099321425,463.1483572152265,1983.3218329429508,4026
5034.0,6909,0,1,1,4.868823649751337,463.5330728035895,1984.0520548837296,4031
5035.0,6909,0,0,0,4.860101232003283,463.9111304096107,1984.8333332059167,4045
5036.0,6910,0,1,0,4.847834816864743,464.2176555716353,1985.327880217081,4066
5037.0,6910,0,0,0,4.8412601313266075,464.66584659913167,1986.1102994145442,4089
5038.0,6910,0,0,0,4.838141526546319,465.0756874095514,1986.8931625567477,4094
5039.0,6911,0,2,1,4.816582601696583,465.44566632904065,1986.8301185527066,4105
5040.0,6911,0,0,0,4.800535237180706,465.8731008537115,1987.6154911285435,4127
5041.0,6911,0,0,0,4.834618895863592,465.04659238894516,1988.3983574985998,3937
5042.0,6910,0,1,2,4.897952834540806,464.56222865412445,1988.917978417617,3794
5043.0,6910,0,0,0,4.991548850331339,464.20926193921855,1989.6897780316708,3710
5044.0,6910,0,1,1,5.096280610128941,463.93125904486254,1990.3407558770718,3623
5045.0,6910,0,0,0,5.210474742842414,463.7526772793054,1991.0981034816743,3568
5046.0,6908,0,0,2,5.32265490887022,463.7811233352635,1992.1984354379556,3511
5047.0,6907,0,1,2,5.428017214219509,463.7433038945997,1992.9299474546317,3456
5048.0,6907,0,0,0,5.52390002213814,463.7656001158245,1993.666764963969,3423
5049.0,6906,0,0,1,5.604880839162194,463.8282652765711,1994.5635761483632,3393
5050.0,6907,0,1,0,5.670870026882145,463.73953959750975,1995.0010985306783,3370
5051.0,6906,0,1,2,5.729672156299256,463.81870836953374,1995.8072170182206,3327
5052.0,6904,0,1,3,5.768280131925156,463.99159907300117,1996.7216514510742,3318
5053.0,6905,0,1,0,5.8104754716758675,463.93439536567706,1997.148827393825,3309
5054.0,6905,0,0,0,5.849713821009061,463.9417813178856,1997.8621755035745,3304
5055.0,6904,0,0,1,5.889644809945048,464.06503476245655,1998.6754144451731,3302
5056.0,6904,0,0,0,5.924011895964638,464.11254345307066,1999.3837128311852,3285
5057.0,6904,0,1,1,5.947322164452014,464.15831402085746,1999.726841641925,3279
5058.0,6903,0,0,1,5.976427677836909,464.3382587280892,2000.5669608389035,3266
5059.0,6903,0,0,0,6.003008644620189,464.4282196146603,2001.2711635707658,3268
5060.0,6901,0,0,2,6.031142043626392,464.6754093609622,2001.9774747104261,3275
5061.0,6900,0,0,1,6.051386580576298,464.8455072463768,2002.540287299136,3278
5062.0,6898,0,0,2,6.065274009867827,465.0949550594375,2003.0993415364537,3276
5063.0,6900,0,3,1,6.074674187653633,465.07478260869567,2003.149862815126,3270
5064.0,6899,0,0,1,6.082842254940507,465.2596028409914,2003.8351217633137,3265
5065.0,6896,0,0,3,6.076121034804732,465.60295823665894,2004.429986201896,3273
5066.0,6894,0,0,2,6.078593713292772,465.84667827096024,2005.1944956706925,3282
5067.0,6893,0,1,2,6.076599580071669,466.0301755404033,2005.6331830170604,3267
5068.0,6891,0,0,2,6.07700789476455,466.3147583804963,2006.3056875670977,3272
5069.0,6889,0,0,2,6.083668839376263,466.56379735810714,2006.95441322767,3261
5070.0,6889,0,0,0,6.083885052083073,466.71984322833504,2007.6557991907694,3267
5071.0,6890,0,2,1,6.081330217727169,466.77750362844705,2007.7219427770083,3261
5072.0,6890,0,0,0,6.074657838343228,466.89927431059505,2008.4245581209734,3265
5073.0,6889,0,0,1,6.058427682575059,467.12977210045,2009.0141078260042,3270
5074.0,6889,0,0,0,6.070530244492549,467.26883437363915,2009.717892862412,3281
5075.0,6890,0,1,0,6.066925743497234,467.3796806966618,2010.1302584165762,3296
5076.0,6891,0,1,0,6.063767074261034,467.47250036279206,2010.5428658761548,3292
5077.0,6891,0,0,0,6.045699755875586,467.6842258017704,2011.2487104618597,3304
5078.0,6893,0,2,0,6.016640391634749,467.7511968663862,2011.3724404532372,3326
5079.0,6893,0,0,0,5.994008218852052,467.88190918322937,2012.0819547254375,3327
5080.0,6892,0,0,1,5.9600773755463825,468.14204875217644,2012.8331747223206,3347
5081.0,6893,0,1,0,5.928953175415735,468.29305092122445,2013.2545750117354,3363
5082.0,6893,0,0,0,5.8941112864102605,468.5151603075584,2013.9706320366279,3382
5083.0,6892,0,0,1,5.857774124659487,468.8145676146257,2014.7004684553883,3394
5084.0,6892,0,0,0,5.820025654214024,469.0828496807893,2015.4216818231714,3420
5085.0,6889,0,1,4,5.766537999360795,469.46479895485555,2016.182777860087,3431
5086.0,6887,0,0,2,5.7375667090185996,469.8205314360389,2017.0098790340717,3424
5087.0,6887,0,1,1,5.698751398299417,470.01873094235515,2017.438864312887,3446
5088.0,6886,0,0,1,5.655406217485701,470.3244263723497,2018.0212798475577,3469
5089.0,6887,0,1,0,5.6273739718217035,470.51067228110935,2018.4613169422134,3493
5090.0,6885,0,0,2,5.5987492152022496,470.8517066085694,2019.0163665682821,3516
5091.0,6888,0,3,0,5.571017162602802,470.79036004645764,2018.8733665872824,3528
5092.0,6887,0,0,1,5.574522058314773,470.96442572963554,2019.52773711089,3527
5093.0,6884,0,0,3,5.562462124716168,471.32074375363163,2020.4333827276146,3536
5094.0,6883,0,1,2,5.5474599811265906,471.55687926776113,2021.3016315501725,3546
5095.0,6884,0,2,1,5.5200836609066535,471.7295177222545,2021.388052793553,3581
5096.0,6883,0,1,2,5.486614587032455,472.04576492808366,2022.222650921405,3615
5097.0,6881,0,1,3,5.460477420370127,472.4290074117134,2022.757335678149,3637
5098.0,6881,0,2,2,5.428718375827901,472.7096352274379,2023.037337527652,3671
5099.0,6879,0,0,2,5.395846552542656,473.082860880942,2023.9937162081171,3689
5100.0,6879,0,0,0,5.367971785450776,473.32402965547317,2024.7451010010286,3702
5101.0,6878,0,1,2,5.336257547626607,473.6727246292527,2025.5826437893631,3713
5102.0,6877,0,1,2,5.308075483035429,473.9861858368475,2026.2352119420261,3727
5103.0,6876,0,0,1,5.277761603024421,474.33813263525303,2026.8096496429555,3743
5104.0,6876,0,2,2,5.251592766631793,474.6211460151251,2027.1701403606041,3759
5105.0,6877,0,2,1,5.235809233331547,474.8666569725171,2027.1676062295728,3762
5106.0,6876,0,0,1,5.229262127022584,475.21175101803374,2028.1768338800453,3783
5107.0,6874,0,1,3,5.194071630455398,475.6024148967123,2029.1179101183025,3788
5108.0,6873,0,0,1,5.177218033397636,475.9660992288666,2030.0744606126211,3800
5109.0,6873,0,1,1,5.161483527426338,476.2546195256802,2030.7685774197887,3812
5110.0,6873,0,3,3,5.133096674903343,476.5757311217809,2030.3157358770748,3821
5111.0,6872,0,0,1,5.104330028454128,476.89551804423746,2031.2584053215755,3842
5112.0,6872,0,0,0,5.090437627570617,477.11641443538997,2032.0256032485095,3854
5113.0,6869,0,0,3,5.060926324216116,477.5730091716407,2033.2512812777297,3862
5114.0,6870,0,1,0,5.034223947407862,477.763173216885,2033.7259022292867,3875
5115.0,6867,0,0,3,5.008660320075816,478.2682394058541,2034.6931259217504,3891
5116.0,6865,0,0,2,4.987134012430252,478.7181354697742,2035.625653028028,3898
5117.0,6866,0,2,1,4.980612036480733,478.9544130498107,2036.0297852160638,3906
5118.0,6863,0,0,3,4.968683127704604,479.5126038175725,2036.9098224548084,3933
5119.0,6861,0,0,2,4.957386881679638,479.9654569304766,2037.716470549272,3946
5120.0,6860,0,1,2,4.945299975741698,480.3524781341108,2038.0148711818013,3950
5121.0,6858,0,0,2,4.949508223024293,480.808982210557,2039.0365273646482,3968
5122.0,6858,0,1,1,4.940196975282222,481.1303587051619,2039.549744122955,3974
5123.0,6857,0,0,1,4.927936614338652,481.5446988478927,2040.4832976554749,3988
5124.0,6856,0,1,2,4.914579900010765,481.90694282380394,2041.1817366266419,3978
5125.0,6856,0,0,0,4.892901642887484,482.28252625437574,2041.9611137950167,3996
5126.0,6855,0,0,1,4.875388734447771,482.74339897884755,2042.7875174005576,4010
5127.0,6854,0,0,1,4.857489692406916,483.20936679311353,2043.5046187272217,4023
5128.0,6852,0,0,2,4.835363764895819,483.75627553998834,2044.4548611852192,4038
5129.0,6853,0,1,0,4.832989657182751,484.0589522836714,2044.9388605240142,4039
5130.0,6853,0,0,0,4.817509456184412,484.4247774697213,2045.722382453839,4051
5131.0,6852,0,0,1,4.8421132636550555,483.75467016929366,2046.4892153427675,3888
5132.0,6852,0,0,0,4.903022986322892,483.1169001751313,2047.265719414552,3762
5133.0,6852,0,0,0,4.989213172963708,482.67221249270284,2048.0363885610795,3664
5134.0,6852,0,0,0,5.078916400004397,482.2885288966725,2048.800319476662,3572
5135.0,6851,0,0,1,5.171149831854161,482.0845132097504,2049.6249486273537,3509
5136.0,6852,0,1,0,5.282087340527154,481.8388791593695,2050.075579681574,3450
5137.0,6852,0,0,0,5.3981014275202055,481.67002335084646,2050.8176831276774,3408
5138.0,6852,0,0,0,5.50727909321087,481.5077349678926,2051.552374388904,3366
5139.0,6852,0,0,0,5.594884174101239,481.39433741973147,2052.28180012383,3332
5140.0,6850,0,0,2,5.6670585617574485,481.38773722627735,2053.1933219073817,3293
5141.0,6851,0,1,0,5.73061756320015,481.2514961319515,2053.614582579636,3265
5142.0,6850,0,0,1,5.783221206416785,481.3078832116788,2054.3491619749684,3264
5143.0,6849,0,0,1,5.828709478685934,481.3724631333041,2055.185879011994,3255
5144.0,6849,0,0,0,5.874277498558782,481.3737771937509,2055.8985229388763,3253
5145.0,6849,0,1,1,5.909232328446721,481.349248065411,2056.4440574108075,3237
5146.0,6848,0,0,1,5.9426004429771515,481.41442757009344,2057.041084638739,3214
5147.0,6848,0,0,0,5.961198486344209,481.446261682243,2057.7473706277347,3213
5148.0,6847,0,0,1,5.982965808401024,481.5332262304659,2058.489016252283,3186
5149.0,6846,0,0,1,5.994645438075477,481.6725094945954,2059.0858044810807,3189
5150.0,6844,0,0,2,6.0030349224216515,481.8452659263589,2059.729973495296,3176
5151.0,6842,0,0,2,6.014597215258368,481.98173048816136,2060.3477663672525,3152
5152.0,6841,0,0,1,6.031492072961925,482.12980558397896,2061.0418468853213,3144
5153.0,6839,0,0,2,6.040565547131249,482.3591168299459,2061.590703484176,3145
5154.0,6838,0,0,1,6.0323261854182695,482.55937408599004,2062.2962117243296,3163
5155.0,6835,0,0,3,6.034340073353567,482.4773957571324,2063.1771454935315,3141
5156.0,6834,0,0,1,6.026641884727342,482.2281240854551,2063.9704452726796,3137
5157.0,6832,0,0,2,6.034763193993808,482.4170081967213,2064.3829414790985,3139
5158.0,6831,0,0,1,6.022778157471845,482.5335968379447,2064.999223585119,3147
5159.0,6829,0,0,2,6.012305499603267,482.7541367696588,2065.7702286132203,3154
5160.0,6829,0,1,1,6.0090516945712125,482.92004685898377,2066.2055519129653,3168
5161.0,6828,0,0,1,5.997090667890339,483.144258933802,2066.9021489256847,3167
5162.0,6828,0,1,1,5.987334644278236,483.27738722905684,2067.395180892568,3178
5163.0,6827,0,0,1,5.971043234413129,483.4873297202285,2067.9635409123393,3185
5164.0,6826,0,0,1,5.9568631203099445,483.67623791385876,2068.780728985982,3167
5165.0,6825,0,0,1,5.936639888431102,483.86930402930403,2069.547472785449,3175
5166.0,6824,0,0,1,5.922580424084275,484.125,2070.3707579821257,3180
5167.0,6823,0,0,1,5.899372493060678,484.3753480873516,2071.245371603003,3185
5168.0,6821,0,0,2,5.876046830638297,484.70326931534964,2071.649971706077,3194
5169.0,6817,0,0,4,5.849070868718971,485.1728032859029,2072.8043490105047,3218
5170.0,6817,0,0,0,5.822343821477718,485.3990024937656,2073.521363308199,3235
5171.0,6816,0,1,2,5.788931386274376,485.693808685446,2073.900608382354,3249
5172.0,6815,0,0,1,5.746318148862231,485.93822450476887,2074.5938173139234,3276
5173.0,6812,0,0,3,5.698810370264874,486.3775689958896,2075.6637603327185,3287
5174.0,6810,0,0,2,5.657707336187358,486.74508076358296,2076.505107518416,3295
5175.0,6810,0,1,1,5.622287757901653,486.9359765051395,2077.089798426986,3308
5176.0,6808,0,0,2,5.595423628753782,487.24353701527616,2078.125754311532,3317
5177.0,6805,0,1,4,5.563109049375069,487.6573108008817,2078.342538838639,3351
5178.0,6805,0,0,0,5.543460595625778,487.8379132990448,2079.0781201321793,3351
5179.0,6804,0,1,2,5.511014587190313,488.0852439741329,2079.769975915783,3369
5180.0,6802,0,0,2,5.474122135444785,488.38194648632754,2080.748584837032,3383
5181.0,6802,0,1,1,5.441682308962579,488.5543957659512,2081.288900878314,3412
5182.0,6800,0,1,3,5.411220994846128,488.9117647058824,2081.90102381986,3439
5183.0,6800,0,1,1,5.398666875323628,489.1475,2082.2737915836237,3471
5184.0,6798,0,1,3,5.371092335412495,489.44292438952635,2082.653041364213,3486
5185.0,6799,0,2,1,5.353673699440388,489.62950433887335,2082.8067772472555,3513
5186.0,6793,0,0,6,5.321381153558404,490.32945679375825,2084.00893401173,3544
5187.0,6795,0,2,0,5.309620038928315,490.45577630610745,2084.146421351163,3556
5188.0,6793,0,0,2,5.284433937660121,490.86265273075225,2084.8754517077978,3575
5189.0,6794,0,1,0,5.271480278285484,491.0738887253459,2085.3228036727346,3591
5190.0,6795,0,1,0,5.254413777313794,491.2253127299485,2085.7710921338294,3616
5191.0,6794,0,0,1,5.231599953547226,491.5394465705034,2086.6283755944373,3620
5192.0,6793,0,1,2,5.222988178412505,491.84896216693653,2087.287276594091,3651
5193.0,6791,0,0,2,5.1992504671235125,492.2136651450449,2088.254321531587,3646
5194.0,6791,0,1,1,5.178210293658722,492.45560300397585,2088.9296086771906,3661
5195.0,6792,0,1,0,5.159753266547685,492.70774440518255,2089.3845862913863,3682
5196.0,6795,0,3,0,5.145700039747039,492.7321559970567,2089.2250647226006,3697
5197.0,6794,0,0,1,5.127660421170634,493.0836031792758,2090.183089124392,3700
5198.0,6794,0,1,1,5.1132011038014005,493.3348542831911,2090.329683049888,3716
5199.0,6794,0,1,1,5.0881228325286365,493.60494554018254,2090.806243315529,3727
5200.0,6794,0,1,1,5.067258419762208,493.8576685310568,2091.5054347237146,3744
5201.0,6795,0,2,1,5.051209339685885,494.0757910228109,2091.599347473495,3751
5202.0,6795,0,2,2,5.02990008656866,494.40794701986755,2091.882357840084,3774
5203.0,6794,0,0,1,5.024534180878881,494.8255813953488,2092.56949553137,3787
5204.0,6795,0,1,0,5.017201511477024,495.0775570272259,2093.032406297239,3804
5205.0,6795,0,0,0,5.009142958920182,495.44827078734363,2093.8046846136817,3819
5206.0,6794,0,1,2,4.995274007728855,495.8335295849279,2094.234565196099,3837
5207.0,6793,0,0,1,4.986512807603103,496.2314146915943,2095.1185959689456,3848
5208.0,6793,0,2,2,4.97539169179588,496.6098925364346,2095.252264086111,3869
5209.0,6793,0,0,0,4.973547599064089,496.9396437509201,2096.0276984921657,3876
5210.0,6793,0,1,1,4.973972405033113,497.2763138524952,2096.5269814598287,3898
5211.0,6791,0,0,2,4.956758814492311,497.7747018112207,2097.2048576204324,3907
5212.0,6789,0,2,4,4.926935893838276,498.2982766239505,2097.575578553138,3923
5213.0,6787,0,0,2,4.918418954898184,498.7110652718432,2098.2838895506584,3934
5214.0,6785,0,0,2,4.910984239557852,499.1858511422255,2099.3591487613076,3936
5215.0,6785,0,1,1,4.905693853027625,499.5703758290346,2100.0625051981115,3937
5216.0,6785,0,0,0,4.902875722621582,499.9090641120118,2100.8418710389083,3953
5217.0,6785,0,0,0,4.895150844553651,500.23802505526896,2101.621662721853,3962
5218.0,6787,0,2,0,4.882612764782075,500.5311625165758,2101.7826810688966,3983
5219.0,6787,0,0,0,4.861056341909197,500.8701930160601,2102.5646368889898,4001
5220.0,6786,0,1,2,4.835496462627552,501.32670203359856,2102.941674753566,4013
5221.0,6785,0,0,1,4.878306643649432,500.43021370670596,2103.9703409881768,3834
5222.0,6783,0,0,2,4.962264172702078,499.8661359280554,2104.84405084211,3683
5223.0,6782,0,0,1,5.064749750994454,499.49601887348865,2105.5527304217444,3578
5224.0,6782,0,1,1,5.170320664262756,499.19315836036566,2105.900814502335,3498
5225.0,6782,0,0,0,5.28554898598631,498.99189029784725,2106.6534699952726,3435
5226.0,6782,0,0,0,5.410887458630641,498.75892067236805,2107.3977139774065,3366
5227.0,6783,0,2,1,5.538066561993911,498.4916703523515,2107.5995701593247,3323
5228.0,6782,0,0,1,5.634510657191257,498.3726039516367,2108.4047971627406,3281
5229.0,6782,0,0,0,5.695763021535792,498.2098201120613,2109.128919423386,3231
5230.0,6782,0,0,0,5.756333411892363,498.129460336184,2109.848948164047,3196
5231.0,6782,0,0,0,5.811091833796134,498.11456797404895,2110.5653544329484,3194
5232.0,6784,0,2,0,5.855316885102638,497.84640330188677,2110.655697505325,3180
5233.0,6782,0,0,2,5.906402704785101,497.89368917723385,2111.3544494115863,3162
5234.0,6782,0,0,0,5.947905334561488,497.7388675906812,2112.061969250152,3162
5235.0,6782,0,0,0,5.987600332078599,497.60247714538485,2112.7675580867367,3154
5236.0,6781,0,0,1,6.018966835082966,497.579265595045,2113.580740022323,3133
5237.0,6781,0,1,1,6.04110035063602,497.49387995870813,2113.9991638755932,3130
5238.0,6779,0,0,2,6.053381210238672,497.5199881988494,2114.844969049331,3135
5239.0,6777,0,0,2,6.0555178423873315,497.5452265014018,2115.5978792827145,3114
5240.0,6777,0,0,0,6.061122988416847,497.50332005312083,2116.2994759003373,3122
5241.0,6776,0,0,1,6.067549107155159,497.52302243211335,2116.9573026657713,3105
5242.0,6775,0,0,1,6.057363132891384,497.59867158671585,2117.7261293890447,3122
5243.0,6775,0,1,1,6.055777305304797,497.5691512915129,2118.06399356613,3131
5244.0,6774,0,1,2,6.048287483197714,497.6718334809566,2118.5189928222885,3110
5245.0,6773,0,0,1,6.042124568379875,497.71253506570207,2119.2256014992868,3094
5246.0,6773,0,0,0,6.026535397327577,497.65451055662186,2119.928728786569,3090
5247.0,6772,0,0,1,6.0129110855565076,497.6450088600118,2120.656994615585,3100
5248.0,6771,0,0,1,6.009203393314224,497.7111209570226,2121.3690396243637,3095
5249.0,6770,0,0,1,6.008866817504975,497.90649926144755,2122.26497841026,3101
5250.0,6769,0,0,1,5.993283427441143,498.0425469050081,2123.129234104547,3107
5251.0,6767,0,0,2,5.966434225095963,498.2631890054677,2124.0940973811635,3104
5252.0,6766,0,1,2,5.959209655574959,498.41043452556903,2124.649869445161,3119
5253.0,6764,0,1,3,5.9480735840396965,498.67933175635716,2125.2729489018284,3139
5254.0,6762,0,0,2,5.944407430642554,498.8774031351671,2125.8376842244375,3129
5255.0,6759,0,0,3,5.930600484672424,499.2352418996893,2126.8036000889,3152
5256.0,6758,0,0,1,5.919267209434779,499.4304527966854,2127.72480112578,3147
5257.0,6758,0,1,1,5.9074233012052035,499.5119857946138,2128.187108372241,3143
5258.0,6756,0,0,2,5.886944535485971,499.7938129070456,2129.01467199922,3134
5259.0,6756,0,0,0,5.87174952275438,500.0119893428064,2129.729062966368,3159
5260.0,6755,0,0,1,5.855622269865847,500.3283493708364,2130.3857293606875,3200
5261.0,6753,0,1,3,5.828185089336564,500.60165852213834,2131.064774602727,3213
5262.0,6752,0,0,1,5.80465405069633,500.80998222748815,2131.79010584401,3230
5263.0,6751,0,0,1,5.773031239105375,501.03169900755444,2132.577360499436,3245
5264.0,6749,0,1,3,5.733745859400842,501.36968439768856,2133.049742880077,3252
5265.0,6747,0,0,2,5.68894438950415,501.70090410552837,2133.3815785401844,3283
5266.0,6746,0,1,2,5.666090959886257,501.889267714201,2133.961855541265,3295
5267.0,6741,0,0,5,5.63501998937944,502.4014241210503,2134.929045784815,3310
5268.0,6740,0,0,1,5.618299796451394,502.67774480712166,2135.7340105030303,3344
5269.0,6740,0,1,1,5.60399436029081,502.9246290801187,2135.9627022218638,3372
5270.0,6737,0,0,3,5.5921352222275695,503.34644500519516,2136.5648630464243,3398
5271.0,6736,0,2,3,5.57994683812889,503.67770190023754,2136.629515356213,3426
5272.0,6734,0,0,2,5.571858269930396,504.05494505494505,2137.450343453834,3437
5273.0,6733,0,2,3,5.557620876712033,504.36016634486856,2137.216369769734,3436
5274.0,6733,0,0,0,5.5504250515939075,504.6229021238675,2137.954924302786,3473
5275.0,6731,0,1,3,5.530117348946559,505.001188530679,2138.6047883945525,3468
5276.0,6729,0,2,4,5.500642772842945,505.3881706048447,2138.8879310960497,3500
5277.0,6726,0,0,3,5.464113940468582,505.8275349390425,2139.9892960439197,3519
5278.0,6724,0,0,2,5.4394993126803275,506.22456870910173,2140.6531936990127,3544
5279.0,6720,0,0,4,5.408804754477303,506.81354166666665,2141.6704145165386,3569
5280.0,6718,0,2,4,5.364173408468132,507.23876153617147,2142.0929388635145,3605
5281.0,6717,0,1,2,5.333414459717796,507.61664433526875,2142.971343279496,3634
5282.0,6715,0,1,3,5.3003184570243675,508.0658227848101,2143.4829444972756,3632
5283.0,6711,0,0,4,5.278672736453629,508.65534197586055,2144.5020097175616,3640
5284.0,6711,0,1,1,5.264393830430311,508.95425420950676,2144.851397860517,3663
5285.0,6711,0,3,3,5.245472380685343,509.212039934436,2144.672356711859,3663
5286.0,6712,0,1,0,5.2313803729473785,509.4116507747318,2145.1101127329694,3687
5287.0,6711,0,1,2,5.227212069592702,509.7569661749367,2145.558769755647,3710
5288.0,6711,0,1,1,5.200148106105418,510.00670540902996,2146.1782048008968,3707
5289.0,6710,0,0,1,5.178399370925407,510.39254843517136,2146.8057723790644,3723
5290.0,6708,0,0,2,5.156302859772299,510.8328861061419,2147.70099805258,3735
5291.0,6707,0,2,3,5.1424058839899995,511.21917399731626,2147.7420023671148,3749
5292.0,6706,0,1,2,5.126163639715833,511.63495377274086,2148.56449520541,3765
5293.0,6705,0,1,2,5.107134378121584,511.9903057419836,2149.325904094754,3777
5294.0,6704,0,0,1,5.106433151097039,512.3169749403341,2150.245779056587,3786
5295.0,6705,0,1,0,5.10503985849744,512.5018642803877,2150.692099916099,3789
5296.0,6704,0,1,2,5.08578400689615,512.8207040572793,2151.3053286411823,3816
5297.0,6702,0,0,2,5.078139030822331,513.2290361086243,2152.474384046323,3821
5298.0,6701,0,0,1,5.062193113544452,513.5982689150873,2153.3712182239924,3840
5299.0,6702,0,2,1,5.049614398366418,513.7975231274246,2153.6127837144654,3852
5300.0,6700,0,0,2,5.029884055460346,514.2501492537314,2154.4490982794055,3870
5301.0,6700,0,1,1,5.009622695855748,514.573880597015,2155.0477105992227,3883
5302.0,6701,0,1,0,4.996254792866237,514.776152813013,2155.5007177409293,3893
5303.0,6699,0,0,2,4.9754631446908055,515.2504851470369,2156.5054448923893,3888
5304.0,6700,0,1,0,4.9423353485027475,515.4731343283582,2156.962553271543,3903
5305.0,6699,0,1,2,4.925862991027709,515.9786535303776,2157.700925104971,3931
5306.0,6697,0,0,2,4.910540277862652,516.5472599671494,2158.617981597971,3953
5307.0,6697,0,1,1,4.893516075205778,516.9538599372853,2159.318305325971,3971
5308.0,6696,0,0,1,4.874374372580336,517.4843189964158,2160.051520264011,4001
5309.0,6695,0,1,2,4.847376415315267,517.9961165048544,2160.684633186728,4024
5310.0,6694,0,0,1,4.829474656306142,518.4690767851807,2161.569624888478,4039
5311.0,6693,0,0,1,4.862405818504221,517.7906768265352,2162.292594722434,3866
5312.0,6694,0,1,0,4.935229821668914,517.1586495368987,2162.7493928585627,3726
5313.0,6692,0,0,2,5.027146571866955,516.849521817095,2163.6433501654888,3621
5314.0,6691,0,1,2,5.132657628100114,516.5449110745778,2164.133202648395,3524
5315.0,6692,0,1,0,5.239968405302226,516.1371787208607,2164.5677840265253,3455
5316.0,6690,0,0,2,5.35292685186209,516.0301943198804,2165.4520597392575,3406
5317.0,6689,0,1,2,5.460738717181848,515.9642696965167,2165.8409644422236,3372
5318.0,6689,0,0,0,5.553797007302736,515.9037225295261,2166.577277083445,3337
5319.0,6689,0,0,0,5.625113888655352,515.8904171027059,2167.308613070314,3319
5320.0,6691,0,2,0,5.676896595542534,515.6714990285458,2167.388168011634,3288
5321.0,6690,0,0,1,5.72136189860557,515.7026905829597,2168.1354106030253,3278
5322.0,6688,0,0,2,5.755633153474385,515.8770933014354,2168.897837768781,3273
5323.0,6688,0,1,1,5.776464599430283,515.9200059808612,2169.2637579031607,3266
5324.0,6687,0,0,1,5.801594298914829,515.9718857484672,2170.0319138574437,3247
5325.0,6687,0,1,1,5.816040116210753,515.9570809032451,2170.3226094984,3236
5326.0,6687,0,0,0,5.832101656583314,516.0252729176013,2171.0371648735118,3236
5327.0,6687,0,0,0,5.849253119032901,516.1063257065949,2171.7502474881558,3216
5328.0,6686,0,0,1,5.857259631250796,516.2375112174693,2172.530427086415,3213
5329.0,6683,0,0,3,5.853572946677368,516.5579829417926,2173.312786399677,3207
5330.0,6681,0,0,2,5.847889547504473,516.7214488848974,2174.168328193836,3199
5331.0,6680,0,1,2,5.843817331791666,516.8419161676646,2174.7861312367017,3193
5332.0,6679,0,0,1,5.839748514957691,516.9904177272047,2175.441266438748,3169
5333.0,6678,0,0,1,5.835227312259352,517.1500449236298,2176.1979526241835,3178
5334.0,6676,0,0,2,5.830080871292211,517.3845116836429,2177.1886198668453,3186
5335.0,6675,0,0,1,5.822852074286442,517.5354307116105,2177.8995440390468,3196
5336.0,6674,0,0,1,5.82998144514059,517.6415942463291,2178.654085389288,3189
5337.0,6674,0,1,1,5.816542107684186,517.754719808211,2178.9992282821254,3174
5338.0,6671,0,1,4,5.8167962229925925,518.0386748613402,2179.5531656587523,3171
5339.0,6671,0,0,0,5.803730031911547,518.1496027582072,2180.2671441686916,3174
5340.0,6671,0,0,0,5.790881677641012,518.2998051266677,2180.9818123463792,3174
5341.0,6670,0,0,1,5.779662738826593,518.4631184407796,2181.9304754855225,3192
5342.0,6670,0,1,1,5.775012840200629,518.5062968515742,2182.491310163075,3203
5343.0,6669,0,0,1,5.773529262292126,518.6540710751237,2183.3469657608803,3209
5344.0,6669,0,1,1,5.764845254743639,518.7368421052631,2183.755619248721,3202
5345.0,6671,0,2,0,5.754385869568501,518.7303252885624,2183.8174771451713,3224
5346.0,6670,0,0,1,5.736567395908619,518.8938530734632,2184.7226888398322,3215
5347.0,6668,0,0,2,5.728202088747259,519.1145770845831,2185.6007183599822,3222
5348.0,6667,0,0,1,5.709920608285887,519.226788660567,2186.4700433318894,3220
5349.0,6668,0,1,0,5.682924019604002,519.2948410317937,2186.8640979201027,3235
5350.0,6669,0,1,0,5.651121669720078,519.2675063727695,2187.2606002224697,3238
5351.0,6669,0,0,0,5.609854059070002,519.3781676413255,2187.9877288208354,3265
5352.0,6670,0,2,1,5.5676260994107825,519.3871064467766,2188.1090005182095,3287
5353.0,6669,0,0,1,5.523555083319007,519.6093867146499,2189.108151067876,3311
5354.0,6665,0,0,4,5.4802088957226625,520.08672168042,2190.4134033193864,3330
5355.0,6662,0,1,4,5.4280842174733674,520.5168117682377,2191.441837170301,3360
5356.0,6660,0,0,2,5.39736366825045,520.8142642642642,2192.3914587952727,3371
5357.0,6659,0,0,1,5.38230271859754,521.0105120889023,2193.2863566303618,3389
5358.0,6659,0,2,2,5.366825778335483,521.1666916954498,2193.700975881441,3408
5359.0,6658,0,1,2,5.350897809950801,521.37098227696,2194.442109853358,3420
5360.0,6656,0,1,3,5.335564720562942,521.7055288461538,2195.2167064259024,3441
5361.0,6655,0,0,1,5.331431201573222,521.8806912096169,2195.9283267433448,3443
5362.0,6654,0,2,3,5.309501228546624,522.1958220619176,2196.422658970163,3476
5363.0,6651,0,0,3,5.29673914597967,522.6777928131108,2197.6000640240086,3493
5364.0,6650,0,2,3,5.291273161977001,522.9783458646616,2197.8909355613955,3523
5365.0,6649,0,0,1,5.278613610492442,523.2574823281697,2198.662438368097,3538
5366.0,6650,0,1,0,5.274746942022222,523.4509774436091,2199.080856708084,3564
5367.0,6651,0,1,0,5.261532626153054,523.6429108404751,2199.5004718750756,3603
5368.0,6650,0,1,2,5.248530779264051,523.9818045112781,2199.7726794890905,3603
5369.0,6651,0,2,1,5.223423217596505,524.1476469703804,2199.8403975396623,3627
5370.0,6651,0,1,1,5.200417335216123,524.4456472710871,2200.2648702637985,3661
5371.0,6651,0,2,2,5.177673960645576,524.779732371072,2200.533294923264,3687
5372.0,6651,0,1,1,5.150471136842204,525.0858517516162,2201.1052027463843,3710
5373.0,6649,0,1,3,5.117507155076112,525.5158670476764,2201.8754049647882,3716
5374.0,6649,0,1,1,5.093085681637106,525.7231162580839,2202.2942504994785,3719
5375.0,6650,0,1,0,5.0836433736285915,525.8651127819548,2202.7253993765967,3725
5376.0,6651,0,1,0,5.071037203442454,526.0279657194407,2203.1570221562206,3726
5377.0,6652,0,1,0,5.052840884508951,526.1588995790739,2203.589156112109,3723
5378.0,6651,0,0,1,5.036225019282043,526.4990227033529,2204.4319998820433,3740
5379.0,6650,0,0,1,5.018727060659029,526.8248120300752,2205.2176791573156,3758
5380.0,6653,0,3,0,5.0222592738074,526.8857658199308,2204.9888193002275,3770
5381.0,6650,0,1,4,5.018627070432742,527.4039097744361,2205.5068085944404,3785
5382.0,6650,0,0,0,5.0129407510511115,527.7132330827068,2206.273210952157,3783
5383.0,6649,0,2,3,5.002458896045198,528.0961046773951,2206.068652591868,3790
5384.0,6648,0,0,1,4.987640185862918,528.5076714801444,2206.801491505294,3808
5385.0,6647,0,0,1,4.980043763517865,528.8748307507146,2207.5980817914665,3816
5386.0,6648,0,1,0,4.9693493898235115,529.1714801444043,2208.0364907134867,3840
5387.0,6649,0,1,0,4.956827914642271,529.416904797714,2208.475508365911,3859
5388.0,6649,0,0,0,4.93383373958099,529.8026770942998,2209.248223614368,3893
5389.0,6649,0,0,0,4.910166377154016,530.1651376146789,2210.0227698540307,3915
5390.0,6649,0,0,0,4.897388347441382,530.5515115054895,2210.7978704516995,3925
5391.0,6650,0,2,1,4.868294584209908,530.864962406015,2210.896199489786,3941
5392.0,6649,0,0,1,4.8534974393605195,531.3356895773801,2211.827762492991,3964
5393.0,6649,0,1,1,4.843613747720226,531.6796510753496,2212.3901617038327,3984
5394.0,6646,0,0,3,4.818894908978998,532.2917544387601,2213.3388595604843,4001
5395.0,6646,0,0,0,4.800352014564346,532.6922961179657,2214.1204134723007,4022
5396.0,6645,0,0,1,4.786963332994353,533.1876598946576,2215.018111552497,4040
5397.0,6645,0,0,0,4.769744560351299,533.5462753950338,2215.8018101678713,4047
5398.0,6645,0,1,1,4.756939915410435,533.9106094808127,2216.3568333475755,4049
5399.0,6645,0,0,0,4.750618995270635,534.2701279157261,2217.1427083029153,4052
5400.0,6645,0,0,0,4.733148996112072,534.7050413844996,2217.9295822884037,4084
5401.0,6643,0,0,2,4.766504134807392,534.0004516031913,2219.0755593497965,3919
5402.0,6643,0,0,0,4.834752726766222,533.4407647147373,2219.8552591468306,3791
5403.0,6641,0,0,2,4.908684595586215,533.2068965517242,2220.7977835397905,3696
5404.0,6641,0,0,0,5.00929525621021,532.8953470862822,2221.565453060005,3616
5405.0,6641,0,1,1,5.118998226714783,532.5304923957235,2221.9091347139433,3535
5406.0,6640,0,0,1,5.231667176127208,532.467921686747,2222.5490689184453,3487
5407.0,6638,0,0,2,5.330000248013162,532.4838806869539,2223.2884008676056,3438
5408.0,6637,0,0,1,5.415367570200507,532.4712972728643,2223.9797827237007,3406
5409.0,6636,0,1,2,5.492757361803035,532.5450572634116,2224.2277573492147,3375
5410.0,6635,0,0,1,5.560453222310093,532.5452901281085,2225.080740555457,3324
5411.0,6635,0,1,1,5.612478552588832,532.5532780708364,2225.259508692726,3311
5412.0,6633,0,0,2,5.650288734135076,532.6639529624604,2226.1389528397176,3290
5413.0,6631,0,0,2,5.67614520822887,532.8332076609863,2226.8682823286126,3274
5414.0,6631,0,0,0,5.702789229334569,532.8276278087769,2227.5876199760205,3265
5415.0,6630,0,0,1,5.7229628784113995,532.863197586727,2228.3250010353227,3252
5416.0,6630,0,0,0,5.747246665069932,532.9426847662141,2229.0409720394514,3259
5417.0,6628,0,1,3,5.766321120248285,533.0873566686784,2229.6267951206387,3233
5418.0,6626,0,0,2,5.76597725575779,533.3015393902807,2230.686664941202,3212
5419.0,6625,0,0,1,5.776471572373789,533.393358490566,2231.617945256369,3187
5420.0,6625,0,0,0,5.7812393476523765,533.4398490566037,2232.330225137421,3188
5421.0,6625,0,0,0,5.776409267357256,533.5341886792453,2233.042371239937,3175
5422.0,6622,0,0,3,5.766908045650747,533.8335850196315,2234.181877762495,3176
5423.0,6621,0,0,1,5.760620022095148,534.0428938226854,2235.0999127204327,3177
5424.0,6619,0,0,2,5.760906521890742,534.2807070554464,2235.901293203981,3178
5425.0,6617,0,0,2,5.765482184929654,534.4328245428442,2236.7827005277463,3152
5426.0,6616,0,0,1,5.774773144266635,534.5776904474002,2237.3791042627795,3143
5427.0,6616,0,1,1,5.783943737217696,534.6547762998791,2237.934990476472,3149
5428.0,6615,0,0,1,5.786278225951816,534.7868480725624,2238.800609626529,3132
5429.0,6614,0,0,1,5.7852436801421785,535.0432416087089,2239.713172563115,3149
5430.0,6613,0,0,1,5.788110742375667,535.2303039467715,2240.5916584850956,3156
5431.0,6613,0,0,0,5.782098488722128,535.3543021321639,2241.3048679547255,3157
5432.0,6612,0,0,1,5.782084963927543,535.530701754386,2242.2392870945664,3152
5433.0,6612,0,0,0,5.786467197337233,535.6193284936479,2242.9528610034295,3154
5434.0,6612,0,1,1,5.784794238029508,535.7277676950998,2243.3449093076038,3162
5435.0,6612,0,0,0,5.760173817388902,535.8761343012704,2244.059803453718,3170
5436.0,6610,0,0,2,5.7290226455969115,536.1609682299546,2244.7452937705384,3177
5437.0,6610,0,0,0,5.709551446860753,536.306656580938,2245.463438631568,3198
5438.0,6610,0,0,0,5.692534912665212,536.5226928895613,2246.1824363240753,3196
5439.0,6609,0,0,1,5.667508509988631,536.8117718262974,2247.1478526596825,3218
5440.0,6607,0,0,2,5.640215256298827,537.1386408354775,2247.8768229542634,3228
5441.0,6607,0,1,1,5.601467657591865,537.3175420009081,2248.2368214702883,3233
5442.0,6604,0,0,3,5.554152401205577,537.7145669291339,2248.8635523882217,3273
5443.0,6605,0,1,0,5.523739287632239,537.8181680545042,2249.252055849362,3274
5444.0,6602,0,0,3,5.483517364197297,538.1944865192366,2250.2861765111047,3290
5445.0,6600,0,0,2,5.447855454354245,538.5315151515151,2251.151081739125,3312
5446.0,6599,0,0,1,5.423236246599254,538.7057129868161,2252.0640397063057,3320
5447.0,6597,0,2,4,5.3803185146376755,539.027133545551,2252.4515923994054,3342
5448.0,6597,0,1,1,5.347961512670851,539.1776565105351,2252.752332619103,3351
5449.0,6597,0,0,0,5.314494160164144,539.3360618462938,2253.49529219928,3371
5450.0,6596,0,1,2,5.287179428247213,539.5959672528805,2254.3235482191517,3398
5451.0,6598,0,3,1,5.261420982621633,539.6183692027887,2254.2568468709933,3419
5452.0,6596,0,0,2,5.239450636165083,539.9827167980594,2255.1346533221863,3445
5453.0,6596,0,2,2,5.2194599345384045,540.1649484536083,2255.5532646336715,3458
5454.0,6596,0,0,0,5.200620468715949,540.3738629472407,2256.30276233611,3486
5455.0,6597,0,3,2,5.177255467120859,540.5178111262695,2256.327251204559,3513
5456.0,6596,0,0,1,5.1504410693192755,540.8386901152213,2257.304628791121,3543
5457.0,6597,0,3,2,5.1313760553260686,541.0303168106715,2257.090539998093,3575
5458.0,6597,0,0,0,5.107311289010848,541.325147794452,2257.8460090629883,3603
5459.0,6600,0,4,1,5.070720087070125,541.3698484848485,2257.4243980895717,3632
5460.0,6600,0,0,0,5.0452175971470385,541.6234848484848,2258.184357570408,3656
5461.0,6602,0,3,1,5.017042245374903,541.7367464404725,2257.9551268914056,3655
5462.0,6602,0,1,1,4.992707858728205,541.9878824598607,2258.522273648759,3673
5463.0,6605,0,3,0,4.974958195890634,541.9665404996215,2258.2603514343523,3694
5464.0,6607,0,2,0,4.95912628615679,542.1032238534888,2258.341637298705,3688
5465.0,6609,0,2,0,4.9335341910673725,542.2425480405508,2258.4250027717794,3710
5466.0,6610,0,2,1,4.9187105745611115,542.479273827534,2258.676045856769,3749
5467.0,6610,0,1,1,4.889787984823809,542.7556732223903,2259.3261009710586,3760
5468.0,6611,0,2,1,4.85318254193753,542.9807895931024,2259.442846360864,3783
5469.0,6611,0,1,1,4.81949191928208,543.2860384208138,2260.0071716810985,3789
5470.0,6611,0,1,1,4.797066540646828,543.6418091060353,2260.6104016743284,3828
5471.0,6610,0,1,2,4.768994104978187,544.0695915279879,2261.391696584285,3834
5472.0,6610,0,1,1,4.7565076272894,544.4350983358547,2261.8134684160505,3857
5473.0,6610,0,1,1,4.749303086236753,544.7689863842662,2262.084542614929,3849
5474.0,6610,0,1,1,4.7270738476543,545.1325264750378,2262.5469291746886,3863
5475.0,6612,0,3,1,4.702097668553119,545.2477313974591,2262.4523532926246,3857
5476.0,6612,0,0,0,4.685495284490033,545.5940713853599,2263.234683954189,3870
5477.0,6612,0,0,0,4.666628880119934,545.899274047187,2264.0189700013266,3880
5478.0,6613,0,1,0,4.655777838721469,546.2203236050204,2264.4615343895985,3888
5479.0,6615,0,2,0,4.642660551998847,546.4441421012849,2264.5633279595,3922
5480.0,6615,0,0,0,4.6213699378746735,546.8190476190476,2265.3510094817025,3931
5481.0,6614,0,0,1,4.600437265196432,547.2990625944965,2266.071231164209,3942
5482.0,6614,0,0,0,4.586056888223733,547.695645600242,2266.8613945317643,3969
5483.0,6613,0,1,2,4.5725466442957625,548.1498563435657,2267.5970708199957,3990
5484.0,6613,0,1,1,4.565382284041682,548.5171631634659,2268.1732303955505,4009
5485.0,6612,0,0,1,4.5550013453807905,549.0226860254083,2269.041005701871,4028
5486.0,6610,0,0,2,4.539351991683015,549.6030257186081,2269.7269749023135,4037
5487.0,6610,0,1,1,4.533166905834067,549.9806354009078,2270.3757427793294,4057
5488.0,6609,0,0,1,4.5294917391250795,550.4810107429263,2271.185630469818,4068
5489.0,6608,0,0,1,4.521499455351916,550.9901634382567,2271.89817879834,4081
5490.0,6608,0,0,0,4.508830827796693,551.403299031477,2272.695535624002,4104
5491.0,6608,0,1,1,4.558848475476532,550.5279963680388,2273.0596024379606,3919
5492.0,6608,0,0,0,4.637395828294668,549.9942493946731,2273.847100950726,3797
5493.0,6608,0,0,0,4.737221002293015,549.6001815980629,2274.627927688559,3701
5494.0,6608,0,0,0,4.843268809999515,549.2534806295399,2275.401438972029,3612
5495.0,6609,0,1,0,4.956116761491095,548.9765471326979,2275.822169366767,3557
5496.0,6609,0,0,0,5.069232919939128,548.8146466939022,2276.5798854885297,3493
5497.0,6609,0,0,0,5.1778173958110125,548.727492812831,2277.329848237445,3443
5498.0,6609,0,0,0,5.283974457507813,548.5665002269633,2278.0726731964774,3402
5499.0,6610,0,1,0,5.367680201162137,548.4556732223904,2278.4651625339575,3370
5500.0,6609,0,0,1,5.435579468384257,548.4870630957785,2279.4409300102084,3336
5501.0,6609,0,0,0,5.498658325187694,548.5005295808745,2280.169284042407,3316
5502.0,6609,0,0,0,5.547399066587841,548.5077924042972,2280.8939014974894,3293
5503.0,6609,0,0,0,5.592977070389612,548.5711908004237,2281.6161060846916,3272
5504.0,6607,0,0,2,5.632928456274563,548.7647949144846,2282.4648657753446,3264
5505.0,6606,0,0,1,5.6682079473704015,548.9038752649107,2283.2679822802725,3232
5506.0,6606,0,0,0,5.702691212652876,548.9633666363911,2283.9827748079583,3204
5507.0,6605,0,0,1,5.723707298191865,549.068433005299,2284.747757716755,3181
5508.0,6604,0,0,1,5.742345056420157,549.2035130224107,2285.614117939756,3168
5509.0,6603,0,0,1,5.766632666311564,549.3672573072846,2286.2528561107956,3141
5510.0,6603,0,0,0,5.784376432792399,549.4953808874753,2286.964327025045,3148
5511.0,6602,0,0,1,5.7997529862609145,549.6723720084823,2287.8727234060307,3146
5512.0,6601,0,0,1,5.801529932486825,549.9127404938646,2288.5735906022223,3163
5513.0,6598,0,0,3,5.7840705221335105,550.2900879054259,2289.665197119205,3156
5514.0,6597,0,0,1,5.783032944968449,550.4482340457783,2290.5878846532128,3167
5515.0,6595,0,0,2,5.775854004596258,550.6644427596664,2291.258092509414,3154
5516.0,6595,0,0,0,5.773460971907099,550.7206974981046,2291.971061691107,3145
5517.0,6594,0,1,2,5.767225557915649,550.8862602365787,2292.636636418029,3152
5518.0,6593,0,0,1,5.7566964603946955,551.0458061580464,2293.1577305835035,3162
5519.0,6593,0,0,0,5.760965209649328,551.1456089792204,2293.8710626145476,3178
5520.0,6590,0,0,3,5.752406636189381,551.4896813353566,2294.94771880477,3181
5521.0,6589,0,0,1,5.746701722886725,551.6431932007891,2295.5875527201097,3189
5522.0,6589,0,0,0,5.747369351526791,551.7486720291395,2296.30153419264,3170
5523.0,6587,0,0,2,5.735764233999816,552.0921512069227,2297.1396321424136,3184
5524.0,6587,0,1,1,5.717180453147743,552.188249582511,2297.6319837463825,3174
5525.0,6586,0,1,2,5.69925991705531,552.3624354691771,2298.130593439853,3167
5526.0,6585,0,0,1,5.674018254922184,552.6183750949127,2298.898633153515,3184
5527.0,6584,0,0,1,5.644224935953308,552.7879708383961,2299.8550801622823,3187
5528.0,6584,0,0,0,5.616513540569587,552.9694714459296,2300.5778463839874,3204
5529.0,6584,0,1,1,5.578100464149711,553.1518833535845,2301.1486091853826,3207
5530.0,6583,0,0,1,5.5316206813253,553.4373385994228,2301.915432164425,3243
5531.0,6583,0,1,1,5.490371620513838,553.6544128816649,2302.469960803276,3278
5532.0,6580,0,0,3,5.438644397448049,554.1062310030395,2302.8102927503455,3308
5533.0,6578,0,0,2,5.391021188112675,554.5653694131955,2303.705198033938,3314
5534.0,6578,0,0,0,5.349834184916267,554.8186378838553,2304.4449057618694,3339
5535.0,6579,0,2,1,5.298177427011436,554.9563763489892,2304.65337963508,3368
5536.0,6580,0,1,0,5.261541930828274,555.0177811550152,2305.048244152594,3372
5537.0,6579,0,0,1,5.231689243867817,555.2248062015503,2305.732206788016,3380
5538.0,6579,0,1,1,5.211933209784739,555.4088767289861,2306.248365170946,3413
5539.0,6579,0,1,1,5.1978083896745275,555.6143790849674,2306.636926639083,3432
5540.0,6579,0,0,0,5.193646034361391,555.8027055783554,2307.386633526718,3451
5541.0,6579,0,1,1,5.1900847658280975,556.0016719866242,2307.7945504520126,3479
5542.0,6577,0,0,2,5.1755088603622,556.3895393036339,2308.8384298831647,3493
5543.0,6578,0,2,1,5.170695109835094,556.56993006993,2308.9080495063254,3508
5544.0,6577,0,0,1,5.149068599450642,556.8861182910141,2309.7679745549212,3527
5545.0,6576,0,1,2,5.110129492358442,557.2556265206813,2310.489811025247,3555
5546.0,6576,0,1,1,5.072843573292545,557.5673661800487,2310.822782187767,3588
5547.0,6574,0,0,2,5.0444432019841905,558.0149072102221,2311.73693040165,3619
5548.0,6572,0,0,2,5.0122681857843645,558.4742848447961,2312.580867066343,3646
5549.0,6572,0,1,1,4.990240635098086,558.7189592209373,2313.09052702998,3639
5550.0,6571,0,0,1,4.952519383792404,559.0728960584386,2314.0423948763055,3673
5551.0,6571,0,1,1,4.914243096555527,559.290823314564,2314.339785090409,3679
5552.0,6572,0,2,1,4.880897304429553,559.4605903834449,2314.5524568270366,3702
5553.0,6571,0,0,1,4.8478227017477575,559.7985085983869,2315.26101565247,3714
5554.0,6571,0,1,1,4.823382157206245,560.0385025110334,2315.892790049153,3727
5555.0,6570,0,0,1,4.804402041893501,560.3937595129375,2316.6090411714094,3737
5556.0,6570,0,1,1,4.772786883356191,560.6575342465753,2316.9503932344114,3725
5557.0,6570,0,1,1,4.752227195819839,560.958295281583,2317.550707128694,3746
5558.0,6569,0,0,1,4.719004395512304,561.2823869690973,2318.538227156001,3771
5559.0,6569,0,1,1,4.68225712316596,561.5774090424723,2319.1653085561256,3794
5560.0,6569,0,0,0,4.65533083668477,561.8747145684274,2319.9480007046745,3796
5561.0,6571,0,2,0,4.645573313735043,562.0774615735809,2320.02520177357,3825
5562.0,6571,0,0,0,4.627783926360053,562.4314411809465,2320.8101515878343,3845
5563.0,6569,0,0,2,4.612662965811189,562.9593545440706,2321.475245094597,3862
5564.0,6569,0,0,0,4.599409725401188,563.2936520018268,2322.262482548122,3876
5565.0,6570,0,1,0,4.583505631815983,563.589802130898,2322.697099182804,3889
5566.0,6569,0,0,1,4.564989285371902,564.0319683361242,2323.3151450103887,3914
5567.0,6569,0,0,0,4.55755351918338,564.3989952808647,2324.1056927891154,3938
5568.0,6566,0,0,3,4.531728670560947,564.996801705757,2325.287752954939,3952
5569.0,6565,0,0,1,4.517651879102048,565.4653465346535,2326.179237161678,3988
5570.0,6563,0,1,3,4.5013282544332345,566.0086850525674,2327.0419825505255,4006
5571.0,6562,0,0,1,4.494283551589955,566.4733313014325,2327.9719978076573,4011
5572.0,6563,0,1,0,4.476560327063002,566.7647417339631,2328.4124949284906,4014
5573.0,6563,0,0,0,4.459245836392701,567.1365229315861,2329.208324388175,4019
5574.0,6562,0,0,1,4.430905450834136,567.5835111246571,2330.0784684772866,4030
5575.0,6562,0,0,0,4.414306568024836,567.9888753428833,2330.8773134529197,4038
5576.0,6562,0,0,0,4.396034445790985,568.3465406888143,2331.6775537054127,4049
5577.0,6561,0,0,1,4.381187841839153,568.7931717725957,2332.6432372253244,4065
5578.0,6561,0,0,0,4.35927066788963,569.1676573693035,2333.4454637059926,4078
5579.0,6561,0,0,0,4.341709571906705,569.5901539399482,2334.2495028562716,4091
5580.0,6561,0,0,0,4.331598973570198,570.0324645633287,2335.053922336806,4105
5581.0,6560,0,0,1,4.369508308065839,569.2158536585366,2335.9237477961915,3922
5582.0,6560,0,0,0,4.447972566563511,568.6211890243902,2336.7193234709916,3785
5583.0,6560,0,0,0,4.547609869463742,568.1754573170732,2337.5081313810997,3682
5584.0,6561,0,1,0,4.659251515456206,567.7306812985826,2337.932144348007,3588
5585.0,6561,0,0,0,4.7676990386976685,567.4352994970279,2338.7043870276443,3508
5586.0,6560,0,0,1,4.87999934974058,567.402743902439,2339.6180054495235,3457
5587.0,6559,0,0,1,4.993697361216559,567.4284189663058,2340.313750208878,3411
5588.0,6558,0,0,1,5.104100825082382,567.5132662397073,2341.2016891836647,3365
5589.0,6557,0,0,1,5.194659926468534,567.5060240963855,2342.0987323922673,3339
5590.0,6556,0,0,1,5.265314218218424,567.5338621110433,2342.9155133926092,3304
5591.0,6556,0,0,0,5.323029171537551,567.6191275167786,2343.6497355009897,3309
5592.0,6556,0,0,0,5.372673704963727,567.6232458816352,2344.3808695038074,3277
5593.0,6556,0,0,0,5.415299432634623,567.6632092739475,2345.109221265497,3275
5594.0,6556,0,0,0,5.4475614871649505,567.766168395363,2345.835098309387,3268
5595.0,6555,0,0,1,5.472044090490243,567.8825324180016,2346.558744742872,3245
5596.0,6553,0,0,2,5.481492413645224,568.1106363497635,2347.3444051471633,3238
5597.0,6553,0,0,0,5.493682634488604,568.1556538989776,2348.0677968434793,3243
5598.0,6552,0,0,1,5.503462588060376,568.3672161172161,2349.041580700722,3247
5599.0,6550,0,0,2,5.521688496007892,568.6796946564886,2350.1140496063954,3246
5600.0,6547,0,0,3,5.531699128617928,569.0998930808004,2351.234815373408,3259
5601.0,6547,0,0,0,5.5499767102968605,569.2142966244081,2351.9552896066434,3246
5602.0,6546,0,0,1,5.557655132828044,569.4644057439658,2352.866921766518,3233
5603.0,6544,0,0,2,5.569744248122266,569.778575794621,2353.7757459584273,3219
5604.0,6543,0,0,1,5.564808814125572,569.9862448418157,2354.4930103808906,3210
5605.0,6541,0,0,2,5.57540753549002,570.2849717168629,2355.608696867081,3211
5606.0,6540,0,1,2,5.571579637794498,570.5420489296636,2356.0875699779817,3213
5607.0,6539,0,0,1,5.57195939998699,570.7637253402661,2357.034221976594,3205
5608.0,6538,0,0,1,5.567288738616288,570.9819516671765,2357.550244027185,3210
5609.0,6537,0,0,1,5.563656274923972,571.193819795013,2358.472579726506,3210
5610.0,6535,0,0,2,5.5511879858231135,571.5363427697016,2359.5459452672476,3218
5611.0,6535,0,0,0,5.544463877679127,571.6843152257077,2360.266533906122,3212
5612.0,6535,0,0,0,5.53190875726456,571.824636572303,2360.9876332404033,3225
5613.0,6532,0,1,4,5.50579031402384,572.2578077158604,2362.0320108150777,3227
5614.0,6532,0,0,0,5.496402912278878,572.4318738518065,2362.7545642046284,3245
5615.0,6531,0,0,1,5.473398715585615,572.7444495483081,2363.665863792305,3242
5616.0,6530,0,0,1,5.450669828924041,573.0508422664625,2364.263610024277,3260
5617.0,6531,0,1,0,5.426745883265492,573.1889450313888,2364.6286798262636,3271
5618.0,6527,0,0,4,5.3923990398247446,573.7749348858588,2365.2788613403404,3289
5619.0,6527,0,0,0,5.366750720428076,573.9632296614064,2366.010721140257,3302
5620.0,6525,0,0,2,5.326211139423359,574.3029885057472,2366.544633979189,3304
5621.0,6525,0,0,0,5.293022001111319,574.512337164751,2367.281233819502,3334
5622.0,6524,0,0,1,5.266830894919037,574.8436541998774,2367.9855372086295,3348
5623.0,6524,0,0,0,5.230250068089646,575.0904353157572,2368.726644400537,3381
5624.0,6524,0,1,1,5.200495891739901,575.3482526057634,2369.175817750134,3395
5625.0,6522,0,0,2,5.175642234003727,575.7766022692425,2370.0997032838104,3418
5626.0,6522,0,0,0,5.149901059449756,575.9530818767249,2370.845992354244,3429
5627.0,6520,0,0,2,5.132790602676753,576.3207055214724,2371.6070764299266,3431
5628.0,6520,0,0,0,5.113748363725323,576.4831288343559,2372.3551672318945,3441
5629.0,6518,0,0,2,5.086812880874271,576.8000920527769,2373.4046431447973,3441
5630.0,6515,0,0,3,5.060241731845097,577.1811204911742,2374.5875377947737,3470
5631.0,6516,0,1,0,5.047717783579574,577.1922958870473,2374.975098734308,3483
5632.0,6515,0,2,3,5.023219246517902,577.3706830391404,2375.4049457909923,3495
5633.0,6512,0,0,3,5.007550123622517,577.7979115479116,2376.434585417945,3523
5634.0,6510,0,1,3,4.999605833665253,578.1238095238095,2376.980423357295,3549
5635.0,6510,0,1,1,4.978298319597675,578.3075268817204,2377.5461057168636,3550
5636.0,6511,0,1,0,4.9561767592892085,578.4404853325142,2377.939730942379,3587
5637.0,6511,0,0,0,4.9373362990986545,578.6381508216864,2378.7001353974115,3594
5638.0,6512,0,2,1,4.910720964432825,578.7702702702703,2378.921368757935,3616
5639.0,6512,0,0,0,4.887042102847014,578.9849508599509,2379.6851057201716,3638
5640.0,6512,0,1,1,4.8635709105672245,579.28578009828,2380.2755305377527,3656
5641.0,6512,0,1,1,4.841858807347189,579.5328624078624,2380.823043168087,3690
5642.0,6512,0,1,1,4.82502099817272,579.7931511056511,2381.4148596836144,3694
5643.0,6512,0,0,0,4.814160476834025,580.0219594594595,2382.18425878847,3708
5644.0,6512,0,0,0,4.8079020066320775,580.2553746928747,2382.9546268457234,3709
5645.0,6513,0,2,1,4.79957593975156,580.42760632581,2383.241679657587,3710
5646.0,6511,0,0,2,4.794036216326024,580.8901858393488,2384.266842262573,3722
5647.0,6510,0,1,2,4.785649340799796,581.2357910906298,2384.8657707093976,3731
5648.0,6508,0,0,2,4.771803558585424,581.6037185003073,2385.9819563978176,3728
5649.0,6506,0,0,2,4.746928961124178,582.035659391331,2386.680864313489,3731
5650.0,6505,0,2,3,4.731893269469316,582.4335126825519,2386.9070772990494,3762
5651.0,6505,0,1,1,4.722181346994008,582.7371252882398,2387.4815628909423,3770
5652.0,6505,0,1,1,4.715699582871135,583.0516525749423,2387.884765563872,3794
5653.0,6505,0,0,0,4.701582915297355,583.4144504227518,2388.6638927891654,3812
5654.0,6506,0,1,0,4.69053368953847,583.6746080541039,2389.0761119844847,3819
5655.0,6506,0,0,0,4.680350972662611,584.0063018751921,2389.8567239804206,3830
5656.0,6505,0,0,1,4.674039887956305,584.410760953113,2390.6549740364107,3844
5657.0,6505,0,1,1,4.657785284877138,584.7351268255188,2391.051084407844,3856
5658.0,6503,0,0,2,4.643997475482337,585.2488082423497,2391.5582259884272,3848
5659.0,6503,0,0,0,4.637946182619392,585.654467168999,2392.342051273703,3870
5660.0,6502,0,0,1,4.6212618460638675,586.1502614580129,2393.1620945844406,3884
5661.0,6502,0,0,0,4.61500623729753,586.5186096585666,2393.947882627017,3915
5662.0,6501,0,0,1,4.603370501326515,586.9901553607137,2394.5643707551303,3940
5663.0,6501,0,2,2,4.583062067345281,587.2865712967235,2394.240727474983,3944
5664.0,6501,0,0,0,4.570589797525728,587.6383633287187,2395.029937063956,3962
5665.0,6500,0,0,1,4.550993442257255,588.0601538461539,2395.6046914419885,3964
5666.0,6499,0,0,1,4.532321303243561,588.4962301892599,2396.3125035791004,3963
5667.0,6498,0,0,1,4.51746232844041,588.9883040935673,2397.0505010821526,3977
5668.0,6499,0,1,0,4.503007755389419,589.2657331897215,2397.474631224077,3990
5669.0,6499,0,0,0,4.4852384319746,589.7065702415756,2398.2695825190567,4021
5670.0,6498,0,0,1,4.463974324134901,590.1909818405663,2399.28819812329,4027
5671.0,6496,0,0,2,4.503147912457823,589.5335591133005,2400.5281810616952,3865
5672.0,6495,0,0,1,4.5751070614114155,589.0183217859892,2401.5536303939275,3731
5673.0,6494,0,0,1,4.663000164072679,588.5398829688944,2402.4548148486433,3625
5674.0,6494,0,0,0,4.77684973841281,588.1643055127811,2403.228223088597,3539
5675.0,6492,0,0,2,4.8869783203951584,588.0713185459026,2404.179632751194,3467
5676.0,6492,0,1,1,5.012778893768027,587.8644485520641,2404.7099838216427,3406
5677.0,6490,0,0,2,5.131138463198551,587.8966101694915,2405.5259203303635,3365
5678.0,6488,0,0,2,5.229461024464084,587.9297163995068,2406.4217596036024,3310
5679.0,6488,0,0,0,5.312159350433802,587.8457151664611,2407.1591725153057,3298
5680.0,6487,0,0,1,5.389174192725951,587.9116694928318,2407.8242479347855,3265
5681.0,6487,0,0,0,5.456360760920473,587.8518575612763,2408.5526056278172,3252
5682.0,6486,0,0,1,5.507836855778243,587.8706444650015,2409.209433426498,3235
5683.0,6487,0,1,0,5.558405008497889,587.7914290118699,2409.5589581578747,3216
5684.0,6486,0,0,1,5.5950930379616235,587.9242984890534,2410.1758624036397,3217
5685.0,6485,0,0,1,5.620247420519916,587.9551272166539,2410.876134875668,3198
5686.0,6484,0,0,1,5.652278704351841,588.0219000616903,2411.826939899701,3182
5687.0,6483,0,0,1,5.6745800739014305,588.0840660188185,2412.479089939577,3153
5688.0,6481,0,0,2,5.693721363400969,588.3096744329579,2413.2947303914325,3149
5689.0,6480,0,0,1,5.707570126794318,588.3743827160494,2414.1885876147667,3130
5690.0,6477,0,0,3,5.721041575627747,588.7403118727806,2415.0842600028545,3125
5691.0,6475,0,1,3,5.7249412278441,589.0211583011583,2416.036799354277,3115
5692.0,6474,0,0,1,5.733246857301056,589.2355576150757,2416.787828487469,3134
5693.0,6474,0,0,0,5.74783589565291,589.3171146122953,2417.4992203218717,3119
5694.0,6472,0,0,2,5.75315651631295,589.6072311495674,2417.984703111806,3098
5695.0,6470,0,0,2,5.744416299950233,589.8647604327666,2418.7742401807013,3106
5696.0,6471,0,1,0,5.750251011477655,589.8737443980838,2419.1117920593824,3111
5697.0,6469,0,0,2,5.742013687903943,590.1742154892564,2420.0178731868423,3122
5698.0,6469,0,0,0,5.740331520303214,590.2909259545524,2420.729369802384,3138
5699.0,6465,0,0,4,5.728567828018621,590.6744006187162,2421.74717305767,3122
5700.0,6463,0,0,2,5.707600227902556,591.0117592449327,2422.1889983483684,3140
5701.0,6462,0,0,1,5.683219606802149,591.2251624883937,2423.032807377505,3141
5702.0,6462,0,0,0,5.6580186545100215,591.3512844320644,2423.7479352020227,3149
5703.0,6461,0,1,2,5.609990099591714,591.5479028014239,2424.469680513182,3147
5704.0,6460,0,0,1,5.586674133392865,591.7346749226007,2425.409830063165,3156
5705.0,6459,0,0,1,5.566536042369045,591.9391546679052,2426.3152430509426,3169
5706.0,6458,0,0,1,5.546610610449361,592.1375038711675,2427.024360489537,3172
5707.0,6458,0,0,0,5.525266175716149,592.2386187674202,2427.746102392561,3175
5708.0,6457,0,0,1,5.499155892617548,592.434567136441,2428.2775367089557,3166
5709.0,6457,0,0,0,5.477809556028747,592.5440607093077,2429.0020776370957,3185
5710.0,6455,0,0,2,5.429389659806003,592.8853601859024,2430.1379344748884,3205
5711.0,6456,0,1,0,5.388205187548586,592.9574039653036,2430.4913795505345,3214
5712.0,6455,0,0,1,5.335590632437947,593.2136328427575,2431.3569680122873,3228
5713.0,6455,0,0,0,5.3018662404816395,593.3807900852053,2432.0921275064334,3232
5714.0,6454,0,0,1,5.266205017382293,593.7206383638054,2433.0660991317072,3263
5715.0,6454,0,0,0,5.237881378832618,593.9600247908274,2433.8055516967984,3283
5716.0,6454,0,0,0,5.199852159819802,594.1399132321042,2434.547035184038,3287
5717.0,6455,0,1,0,5.167322329682143,594.1903950426026,2434.9135842857745,3290
5718.0,6454,0,0,1,5.14826804970023,594.499225286644,2435.8463961794673,3315
5719.0,6453,0,0,1,5.127169126675177,594.803657213699,2436.47072806889,3335
5720.0,6453,0,0,0,5.108876517692778,595.0106927010693,2437.217708002357,3351
5721.0,6451,0,1,3,5.0806395459703495,595.4776003720353,2437.9748621303956,3381
5722.0,6450,0,0,1,5.067194373838497,595.8147286821705,2438.709606154516,3403
5723.0,6450,0,0,0,5.044145357981463,596.0866666666667,2439.4603835382395,3431
5724.0,6447,0,0,3,5.023709106566719,596.6212191717078,2440.4373443588192,3445
5725.0,6447,0,0,0,5.016745372371079,596.9275632076935,2441.189928113488,3463
5726.0,6445,0,0,2,4.993961891169856,597.4361520558573,2442.187971918283,3499
5727.0,6444,0,0,1,4.9674558194989125,597.8322470515208,2442.893263464413,3515
5728.0,6443,0,0,1,4.942697881449704,598.2681980443892,2443.8789037823794,3546
5729.0,6442,0,0,1,4.9182590436228,598.6901583359205,2444.8084397157,3574
5730.0,6442,0,1,1,4.890821368194802,599.0540204905309,2445.4465538272193,3601
5731.0,6442,0,0,0,4.868647420367015,599.392890406706,2446.209486874865,3633
5732.0,6442,0,1,1,4.841499922451409,599.7413846631481,2446.763332117816,3648
5733.0,6442,0,1,1,4.809938647138126,600.0620925178516,2447.195636633946,3663
5734.0,6442,0,0,0,4.789299080472788,600.374883576529,2447.9644697397625,3682
5735.0,6441,0,0,1,4.76495369254934,600.8265797236454,2448.8896038593734,3700
5736.0,6440,0,1,2,4.746073375102066,601.2392857142858,2449.162163837288,3711
5737.0,6439,0,1,2,4.720209549729559,601.687684423047,2449.697069340276,3724
5738.0,6439,0,0,0,4.706853414363005,602.0476782109023,2450.47128897773,3741
5739.0,6439,0,0,0,4.68666440591437,602.4179220375835,2451.2470808738867,3768
5740.0,6440,0,1,0,4.666389182227936,602.6566770186336,2451.643754931886,3758
5741.0,6439,0,0,1,4.652216106960421,603.0711290573071,2452.3828403693897,3777
5742.0,6440,0,1,0,4.630724835512111,603.3653726708075,2452.78192208056,3798
5743.0,6439,0,0,1,4.620252836434916,603.792048454729,2453.4250942016643,3806
5744.0,6439,0,0,0,4.601402722628871,604.1271936636124,2454.207565951514,3813
5745.0,6439,0,0,0,4.578578389619399,604.4814412175804,2454.9915829142133,3826
5746.0,6439,0,0,0,4.5630289848996375,604.8622456903246,2455.775901003961,3841
5747.0,6439,0,0,0,4.54157513208297,605.1885385929493,2456.561217451611,3845
5748.0,6439,0,0,0,4.526439107013811,605.6219909923901,2457.347548887042,3872
5749.0,6438,0,0,1,4.50707523040356,606.1491146318732,2458.036496610715,3873
5750.0,6437,0,1,2,4.48691913838947,606.6158148205686,2458.710669259625,3893
5751.0,6438,0,1,0,4.467363578227225,606.8976390183286,2459.1185766761173,3913
5752.0,6438,0,0,0,4.449845298913804,607.3404784094439,2459.909971109719,3918
5753.0,6437,0,0,1,4.435334571166602,607.8194811247475,2460.725430736806,3938
5754.0,6436,0,0,1,4.4172925466309385,608.314014916097,2461.4719682328064,3959
5755.0,6435,0,0,1,4.403021184530115,608.806993006993,2462.163129561962,3957
5756.0,6434,0,0,1,4.3920762296557365,609.3439539944047,2463.2432271711077,3974
5757.0,6432,0,0,2,4.361805424148866,609.9637748756219,2464.3650223292893,3986
5758.0,6430,0,0,2,4.329047375623562,610.5797822706065,2464.924264188083,4012
5759.0,6430,0,0,0,4.31001838057789,610.9987558320373,2465.7248159255096,4032
5760.0,6428,0,0,2,4.28007949821261,611.6387678904791,2466.6469298137436,4058
5761.0,6428,0,0,0,4.32156083993105,610.6885500933416,2467.4459585895693,3872
5762.0,6428,0,0,0,4.402036038946328,609.9985998755445,2468.2393532513684,3713
5763.0,6428,0,0,0,4.50311736574348,609.5116677037959,2469.025263133286,3614
5764.0,6428,0,0,0,4.620310980786153,609.1271001866833,2469.8023264819035,3524
5765.0,6428,0,0,0,4.747320413054024,608.8536092097075,2470.571095578716,3446
5766.0,6429,0,1,0,4.871611367390209,608.5066106703997,2470.946889581862,3374
5767.0,6428,0,0,1,4.989880096669536,608.4477286869944,2471.6611018941867,3329
5768.0,6427,0,0,1,5.094997609658238,608.403765364867,2472.534792320421,3295
5769.0,6427,0,0,0,5.1817429203088246,608.3889839738603,2473.2745020535704,3284
5770.0,6425,0,0,2,5.2381958960540125,608.5375875486382,2473.9423670154088,3249
5771.0,6425,0,0,0,5.298267082982105,608.5668482490272,2474.6746104237627,3239
5772.0,6425,0,0,0,5.349446230541008,608.6622568093385,2475.403352033312,3250
5773.0,6421,0,0,4,5.390573771126028,608.941286403987,2476.6127277722962,3217
5774.0,6419,0,0,2,5.43621350371991,609.1285246923197,2477.519672449529,3211
5775.0,6417,0,0,2,5.476129842799404,609.2829982858034,2478.39677961031,3199
5776.0,6415,0,0,2,5.498782992203593,609.5201870615745,2479.2127537767174,3190
5777.0,6415,0,0,0,5.542347387992338,609.5038191738114,2479.9292112124504,3167
5778.0,6415,0,0,0,5.572471027992108,609.4983632112237,2480.643637494431,3144
5779.0,6415,0,0,0,5.592232209157902,609.5769290724863,2481.3572320606027,3122
5780.0,6415,0,0,0,5.6016592108216745,609.5797349961028,2482.0704522876713,3127
5781.0,6414,0,0,1,5.618442850873015,609.4816027439975,2482.9230487974723,3092
5782.0,6412,0,0,2,5.6229002135582755,609.5887398627573,2483.5789645843442,3078
5783.0,6411,0,0,1,5.616923133747078,609.6114490719077,2484.193461274404,3079
5784.0,6411,0,0,0,5.6128794941618905,609.5116206520044,2484.905000086068,3077
5785.0,6411,0,1,1,5.5974634692819585,609.4620184058649,2485.375032219483,3069
5786.0,6410,0,0,1,5.590529243632483,609.4234009360374,2486.1859599796717,3052
5787.0,6409,0,1,2,5.595736607511967,609.4624746450304,2486.888195280411,3042
5788.0,6409,0,0,0,5.5972814489675295,609.3871118739273,2487.5996146918833,3042
5789.0,6407,0,0,2,5.5893994246299235,609.569533322928,2488.033180567307,3041
5790.0,6406,0,0,1,5.577208820244903,609.7168279737746,2488.5696352928903,3037
5791.0,6405,0,0,1,5.564668190950396,609.8785323965652,2489.30744524026,3043
5792.0,6404,0,0,1,5.5592460052901655,609.986414740787,2490.0768972364344,3046
5793.0,6403,0,0,1,5.555397623748888,610.1500858972357,2490.9797346137852,3046
5794.0,6404,0,1,0,5.555186440672194,610.068550905684,2491.305385310488,3049
5795.0,6403,0,1,2,5.543866272889341,610.1691394658753,2491.636032364681,3057
5796.0,6402,0,0,1,5.529756511131123,610.3650421743205,2492.6047964465633,3080
5797.0,6400,0,0,2,5.508603451573952,610.5240625,2493.433832709387,3091
5798.0,6398,0,0,2,5.485035439629117,610.7577367927478,2494.3949538473057,3110
5799.0,6398,0,1,1,5.468903304760985,610.7766489527977,2494.8628450783294,3115
5800.0,6395,0,0,3,5.435483437556531,611.1058639562158,2495.8606900629065,3130
5801.0,6395,0,0,0,5.4114409111452355,611.2680218921032,2496.5865389520714,3149
5802.0,6393,0,0,2,5.384804223356451,611.5465352729548,2497.7617477749,3164
5803.0,6392,0,0,1,5.363256138549284,611.825719649562,2498.630808426781,3180
5804.0,6391,0,0,1,5.328275556199509,612.0416210295729,2499.596416946301,3200
5805.0,6389,0,0,2,5.29455494467975,612.3357332915949,2500.4430484945538,3222
5806.0,6390,0,2,1,5.272885651371128,612.3981220657276,2500.34134778268,3238
5807.0,6389,0,0,1,5.2579868564589,612.6195022695257,2501.16542058571,3250
5808.0,6388,0,0,1,5.233055504287642,612.9217282404509,2502.106344868965,3276
5809.0,6387,0,0,1,5.207718344997512,613.1886644747143,2502.963817504503,3293
5810.0,6388,0,1,0,5.212658113581567,613.2736380713839,2503.3125032069197,3315
5811.0,6387,0,1,2,5.196139042735014,613.6095193361516,2503.7892997926356,3348
5812.0,6387,0,0,0,5.179950662479814,613.8658211993111,2504.5325644106715,3380
5813.0,6382,0,0,5,5.1458916750566335,614.6535568787214,2505.851868347219,3412
5814.0,6381,0,2,3,5.117127521329729,614.9650524996082,2505.602111730786,3429
5815.0,6381,0,1,1,5.080757840417104,615.2037298229118,2506.149494112746,3457
5816.0,6380,0,0,1,5.051180697857281,615.5622257053292,2507.051188365894,3472
5817.0,6378,0,1,3,5.014395310762711,615.9777359673878,2507.391108523236,3470
5818.0,6377,0,0,1,4.993935491505381,616.3358946212953,2508.286604786799,3509
5819.0,6377,0,0,0,4.969342582066431,616.7258899168888,2509.0421306828976,3555
5820.0,6378,0,1,0,4.944442480123035,616.9208215741612,2509.4061103632307,3585
5821.0,6378,0,1,1,4.916073096670426,617.2478833490122,2509.666900698699,3595
5822.0,6379,0,1,0,4.894956224610011,617.444740554946,2510.0342444762023,3613
5823.0,6378,0,0,1,4.871994890168713,617.8692380056444,2510.7518217518746,3627
5824.0,6378,0,1,1,4.844955260201546,618.1353088742552,2511.059316344322,3622
5825.0,6377,0,0,1,4.8185490231028885,618.5341069468402,2512.0233305145994,3636
5826.0,6375,0,0,2,4.772678400420833,619.0555294117647,2513.0618225668527,3667
5827.0,6376,0,1,0,4.743978682200971,619.3011292346299,2513.438840808068,3688
5828.0,6376,0,0,0,4.710312754702327,619.5486198243412,2514.2122866156983,3713
5829.0,6376,0,0,0,4.688175974680019,619.8351631116687,2514.9877775049863,3727
5830.0,6376,0,0,0,4.660702719855274,620.2250627352572,2515.764928381131,3749
5831.0,6376,0,0,0,4.643878418377492,620.5864178168131,2516.5436068534045,3764
5832.0,6376,0,0,0,4.6366824962873165,620.9146800501882,2517.3232682171038,3770
5833.0,6376,0,0,0,4.632762495699795,621.2986198243412,2518.103392304766,3783
5834.0,6376,0,0,0,4.62390671900247,621.7230238393978,2518.8835939616356,3794
5835.0,6374,0,0,2,4.615088298451801,622.3032632569815,2519.6006570620016,3799
5836.0,6373,0,0,1,4.610238968094683,622.8313196296878,2520.435952313492,3810
5837.0,6371,0,0,2,4.595003593331258,623.4522053052896,2521.214703298442,3817
5838.0,6370,0,0,1,4.5846278714924935,623.9524332810047,2521.9678947802468,3835
5839.0,6370,0,1,1,4.567283523685727,624.3025117739403,2522.3346860210677,3851
5840.0,6370,0,0,0,4.552842036741635,624.6937205651492,2523.1212662253256,3868
5841.0,6370,0,0,0,4.541593179315248,625.0616954474098,2523.9090834645717,3876
5842.0,6370,0,0,0,4.533957060277268,625.4769230769231,2524.6978275109586,3901
5843.0,6370,0,0,0,4.519802349534386,625.8664050235478,2525.486980118918,3909
5844.0,6368,0,0,2,4.516203539949506,626.4561871859296,2526.501981907647,3909
5845.0,6367,0,0,1,4.50670679051269,626.9315219098477,2527.522272019132,3927
5846.0,6367,0,0,0,4.495517116770311,627.3092508245642,2528.3143208053834,3951
5847.0,6366,0,0,1,4.483401180522426,627.8047439522463,2529.408965801617,3960
5848.0,6364,0,0,2,4.462251502550415,628.3804211187933,2530.2144452706593,3965
5849.0,6363,0,0,1,4.443949881628322,628.8848027659909,2531.046458155343,3977
5850.0,6362,0,0,1,4.4197219217518775,629.4486010688463,2531.679639860073,4002
5851.0,6361,0,0,1,4.480814865697271,628.5859141644396,2532.3697043710886,3804
5852.0,6360,0,0,1,4.55753735052683,628.0534591194969,2533.118124448955,3662
5853.0,6361,0,1,0,4.651402433451663,627.556987894985,2533.5011836706453,3561
5854.0,6361,0,0,0,4.767140203838972,627.1017135670492,2534.2748074373003,3468
5855.0,6360,0,0,1,4.890140646566707,626.8764150943397,2535.1546295252106,3384
5856.0,6360,0,0,0,5.0153006723200955,626.5682389937107,2535.911389739586,3318
5857.0,6360,0,0,0,5.12654702643681,626.3919811320754,2536.661084911565,3279
5858.0,6360,0,0,0,5.227164332785897,626.173427672956,2537.4029275948865,3228
5859.0,6358,0,0,2,5.317359467019768,626.1835482856244,2538.450087795991,3198
5860.0,6358,0,0,0,5.397324692546476,626.0915382195659,2539.180529645211,3174
5861.0,6358,0,0,0,5.469238838148384,626.096256684492,2539.90661760241,3168
5862.0,6357,0,0,1,5.535215064869533,626.1777568035237,2540.6835562018214,3168
5863.0,6356,0,0,1,5.596723879694265,626.3074260541221,2541.4379836432727,3144
5864.0,6356,0,0,0,5.652874292545914,626.297514159849,2542.1522952325854,3116
5865.0,6356,0,0,0,5.697876971992864,626.3236312146004,2542.8642573376424,3091
5866.0,6355,0,0,1,5.741779036809291,626.4807238394965,2543.373424037119,3068
5867.0,6354,0,0,1,5.7747433170165134,626.6677683349071,2544.0115141065044,3049
5868.0,6353,0,0,1,5.795625406940724,626.9310561939242,2544.6980259666734,3056
5869.0,6353,0,0,0,5.813609971276365,627.0374626160869,2545.4016436179913,3037
5870.0,6353,0,0,0,5.8292457560397235,627.1235636707067,2546.104521658864,3034
5871.0,6353,0,0,0,5.839620080143806,627.2416181331654,2546.806491930748,3029
5872.0,6352,0,0,1,5.852191507052707,627.3542191435769,2547.7449071219703,3034
5873.0,6351,0,0,1,5.862601228823544,627.5186584789797,2548.631880247253,3019
5874.0,6349,0,0,2,5.8651061547297445,627.8237517719326,2549.5373682822647,3016
5875.0,6347,0,0,2,5.872794497937242,628.0409642350717,2550.5671780988414,3010
5876.0,6346,0,0,1,5.878727113839268,628.199180586196,2551.2686376798492,3008
5877.0,6346,0,0,0,5.882366263345757,628.3235108729908,2551.9690561405946,3001
5878.0,6344,0,1,3,5.88051303806694,628.6357187894073,2552.5468958195415,3018
5879.0,6343,0,0,1,5.880850005176491,628.8514898313101,2553.4569064320913,3012
5880.0,6339,0,0,4,5.862135291299361,629.3609402113898,2554.8445443701744,3002
5881.0,6337,0,0,2,5.838205842519276,629.6523591604861,2555.5711738321506,2996
5882.0,6336,0,1,2,5.829016801685844,629.80413510101,2555.845199784361,2991
5883.0,6334,0,0,2,5.8094603014142185,630.1184085885697,2556.740910185279,3006
5884.0,6333,0,0,1,5.787753573499423,630.2643297015633,2557.661381361873,2999
5885.0,6332,0,0,1,5.755202662461079,630.4320909665192,2558.5197879994735,3018
5886.0,6332,0,0,0,5.727400317906701,630.5870183196463,2559.2313613164774,3038
5887.0,6332,0,0,0,5.694920191663875,630.7781111813014,2559.9449640815483,3085
5888.0,6332,0,0,0,5.674404674995461,630.9444093493368,2560.6602556431794,3085
5889.0,6330,0,0,2,5.625461680181473,631.3676145339653,2561.6683580149793,3120
5890.0,6329,0,0,1,5.58813395327699,631.6715120872176,2562.5721002430782,3139
5891.0,6328,0,0,1,5.548597032960087,632.012168141593,2563.316194554464,3160
5892.0,6328,0,0,0,5.521044911861425,632.1976927939318,2564.041918455622,3178
5893.0,6329,0,1,0,5.4770891683028715,632.2919892558066,2564.365469740595,3184
5894.0,6329,0,1,1,5.430853627284248,632.5384736925265,2564.8451475741954,3203
5895.0,6326,0,0,3,5.38738621760016,633.0607018653177,2565.858384535461,3225
5896.0,6324,0,0,2,5.345578139498796,633.4475015812777,2566.9816121217864,3231
5897.0,6323,0,0,1,5.286497464824269,633.7694132532026,2567.8105576126695,3252
5898.0,6321,0,0,2,5.251558774505897,634.2126245847176,2568.855168371747,3292
5899.0,6318,0,0,3,5.205564787711052,634.7701804368471,2570.3767710028324,3322
5900.0,6316,0,1,3,5.173789770923271,635.18397720076,2571.394550634031,3357
5901.0,6314,0,1,3,5.147096407081838,635.6482420019005,2571.888940082526,3398
5902.0,6313,0,0,1,5.113220271015757,636.0226516711548,2572.7737848985917,3416
5903.0,6311,0,0,2,5.085674804407704,636.5625099033434,2573.487670648049,3454
5904.0,6310,0,1,2,5.064290092747542,636.912678288431,2573.780759185642,3471
5905.0,6308,0,1,3,5.022994085192413,637.395846544071,2574.385917476522,3491
5906.0,6308,0,0,0,5.000363833873277,637.6712111604312,2575.143620115251,3508
5907.0,6310,0,2,0,4.974809508229438,637.7738510301109,2575.0863534747646,3516
5908.0,6309,0,0,1,4.953608827365029,638.1746711047709,2575.98857979023,3540
5909.0,6310,0,2,1,4.9255497700613695,638.3618066561014,2576.111288296106,3550
5910.0,6310,0,0,0,4.905504054721109,638.7125198098257,2576.875027425474,3570
5911.0,6311,0,2,1,4.877318778544168,638.9209317065441,2576.830014297057,3588
5912.0,6311,0,1,1,4.8467609846149635,639.2812549516717,2577.3275217313726,3609
5913.0,6311,0,0,0,4.827816173714658,639.6301695452385,2578.097031965265,3624
5914.0,6313,0,2,0,4.8022312690148805,639.7785521938856,2578.0506853051147,3630
5915.0,6313,0,0,0,4.788762749635271,640.0616188816728,2578.822811752259,3655
5916.0,6313,0,0,0,4.776564993754078,640.3663868208458,2579.5961628363575,3670
5917.0,6314,0,2,1,4.7432884413788186,640.5600253405131,2579.72061673713,3687
5918.0,6313,0,1,2,4.718470473996024,640.9786155552035,2580.5042246575877,3709
5919.0,6312,0,0,1,4.699751710394069,641.4100126742712,2581.519675365269,3723
5920.0,6313,0,1,0,4.686993330034018,641.6684619040076,2581.889833835519,3744
5921.0,6311,0,0,2,4.672617007837181,642.2018697512281,2583.0817297001504,3760
5922.0,6311,0,1,1,4.653559226818993,642.5523688797338,2583.6398627260387,3773
5923.0,6312,0,1,0,4.637860375369838,642.7438212927757,2584.0134577638987,3770
5924.0,6312,0,1,1,4.612670620359053,643.1497148288973,2584.5517149455654,3803
5925.0,6312,0,0,0,4.600614531824327,643.5144169835235,2585.3367013235375,3810
5926.0,6312,0,1,1,4.583606165288377,643.8700887198986,2585.801851855181,3829
5927.0,6311,0,1,2,4.556640512373215,644.3037553478055,2586.564714008408,3844
5928.0,6310,0,0,1,4.535326761745014,644.7213946117274,2587.4354632626337,3857
5929.0,6310,0,0,0,4.531830409226557,645.0992076069731,2588.225615754348,3874
5930.0,6310,0,0,0,4.520551299187743,645.4635499207607,2589.016819312989,3893
5931.0,6309,0,0,1,4.520662407534271,645.9546679346964,2589.823580051054,3910
5932.0,6308,0,0,1,4.500565117840281,646.4186746987951,2590.670516876878,3935
5933.0,6308,0,1,1,4.4858678113711,646.7479391249208,2591.0656823073186,3943
5934.0,6307,0,0,1,4.470343060711195,647.2467100047567,2591.9258184486794,3931
5935.0,6307,0,0,0,4.455676946418056,647.6407166640241,2592.7213212299434,3953
5936.0,6306,0,0,1,4.44033991030214,648.127339042182,2593.7565308175876,3955
5937.0,6306,0,0,0,4.421948371152539,648.5111005391691,2594.553737849732,3966
5938.0,6305,0,0,1,4.407590911214358,649.0269627279937,2595.5843852812327,3979
5939.0,6304,0,0,1,4.390887321870674,649.5702728426396,2596.4073422332185,3991
5940.0,6304,0,0,0,4.362631717499812,650.0214149746192,2597.2086815562684,4003
5941.0,6304,0,0,0,4.4260238699345535,649.0437817258884,2598.004916421835,3818
5942.0,6303,0,0,1,4.505700135907571,648.4074250356973,2598.9927977074944,3676
5943.0,6301,0,0,2,4.609774639659943,648.1182352007618,2600.013654864591,3571
5944.0,6301,0,0,0,4.725160831403692,647.8303443897794,2600.789288421763,3496
5945.0,6300,0,0,1,4.85991961071658,647.6866666666666,2601.7069347733855,3432
5946.0,6300,0,0,0,4.9919966935297495,647.5887301587302,2602.4647600161356,3383
5947.0,6300,0,0,0,5.10977841161381,647.4923809523809,2603.2145142923923,3327
5948.0,6300,0,0,0,5.211822332513963,647.4690476190476,2603.957535643956,3309
5949.0,6300,0,0,0,5.286581409670551,647.4687301587302,2604.6959377054873,3289
5950.0,6299,0,0,1,5.352563987723896,647.6261311319257,2605.6547059607633,3277
5951.0,6299,0,0,0,5.41099112870406,647.6980473090966,2606.38462209929,3272
5952.0,6297,0,0,2,5.459766302275493,647.8710497062093,2607.4687701866715,3246
5953.0,6297,0,0,0,5.515164023208386,647.8897887883119,2608.191948841407,3239
5954.0,6295,0,0,2,5.558870790618936,648.1100873709294,2609.0086157339842,3226
5955.0,6295,0,0,0,5.591272293810431,648.1264495631453,2609.726680098267,3213
5956.0,6294,0,0,1,5.610084527294838,648.2680330473466,2610.530738977972,3200
5957.0,6293,0,0,1,5.621219767582329,648.4180835849356,2611.383462683934,3207
5958.0,6293,0,0,0,5.647663654830472,648.5933576990307,2612.098260395399,3210
5959.0,6292,0,0,1,5.659776128070401,648.7493642720915,2612.9998459385683,3200
5960.0,6291,0,0,1,5.671636244876178,648.8791924972182,2613.9418109641606,3191
5961.0,6290,0,0,1,5.694545375863136,649.087440381558,2614.8754541215617,3184
5962.0,6289,0,0,1,5.707408893697954,649.2913022738114,2615.734535748759,3171
5963.0,6289,0,0,0,5.723187077581859,649.4415646366672,2616.4457380651124,3149
5964.0,6289,0,0,0,5.7271069533390175,649.5417395452378,2617.1567951108104,3141
5965.0,6288,0,0,1,5.737434633491872,649.7021310432569,2618.030182224212,3138
5966.0,6288,0,1,1,5.734123070394847,649.7945292620865,2618.238009101778,3138
5967.0,6287,0,0,1,5.737062867754473,650.013519961826,2618.982812422679,3144
5968.0,6286,0,0,1,5.7419197177934755,650.2529430480432,2619.773381735096,3145
5969.0,6284,0,0,2,5.743961370286853,650.5706556333546,2620.464476254263,3135
5970.0,6282,0,0,2,5.745230942699449,650.8992359121299,2621.0859493476523,3113
5971.0,6282,0,0,0,5.729372454409633,651.0057306590257,2621.7976022476646,3104
5972.0,6282,0,1,1,5.713570469333422,651.1044253422477,2622.216813381332,3109
5973.0,6283,0,1,0,5.6953138540591945,651.190673245265,2622.5130104889745,3129
5974.0,6283,0,0,0,5.682498168567108,651.3189559127806,2623.228430211567,3115
5975.0,6281,0,0,2,5.678897402699531,651.6576978188186,2624.326502716912,3119
5976.0,6280,0,0,1,5.658650142230659,651.9154458598726,2625.215922941641,3139
5977.0,6279,0,0,1,5.644573180950883,652.158623984711,2626.0481863655555,3135
5978.0,6279,0,1,1,5.62994079510687,652.2943143812709,2626.2371173155234,3133
5979.0,6278,0,0,1,5.602575578679064,652.5468302007008,2626.7074855029814,3151
5980.0,6278,0,0,0,5.579375067723094,652.6760114686206,2627.430847793286,3145
5981.0,6278,0,1,1,5.552130438379201,652.8518636508442,2627.862579685725,3154
5982.0,6277,0,0,1,5.527443604572886,653.0962243109766,2628.8101706813445,3161
5983.0,6277,0,0,0,5.505301776583056,653.2625458021348,2629.538900793066,3180
5984.0,6278,0,1,0,5.477156935065754,653.2712647339918,2629.850773681927,3182
5985.0,6275,0,0,3,5.441669643360966,653.7458167330677,2630.6339627913985,3211
5986.0,6274,0,0,1,5.412085792832552,653.9639783232387,2631.440010091645,3193
5987.0,6272,0,0,2,5.376620034367518,654.3448660714286,2632.3974482403355,3209
5988.0,6273,0,1,0,5.340571492806664,654.4069823051171,2632.717527148958,3219
5989.0,6270,0,0,3,5.310302447553481,654.9521531100479,2633.727189527156,3257
5990.0,6269,0,0,1,5.286995499072336,655.2734088371351,2634.5335321852413,3275
5991.0,6268,0,0,1,5.250946273232564,655.5756222080408,2635.4248222857746,3299
5992.0,6266,0,0,2,5.233613201364126,655.9818065751675,2636.57270536127,3306
5993.0,6264,0,2,4,5.193814242776109,656.4064495530013,2636.9006963331076,3330
5994.0,6262,0,0,2,5.175052049288884,656.894123283296,2637.928453273977,3357
5995.0,6260,0,0,2,5.151531441368476,657.2447284345047,2639.0283809042076,3355
5996.0,6258,0,0,2,5.124248661507071,657.6724193032918,2640.0935542743764,3375
5997.0,6257,0,1,2,5.098540707550727,658.0092696180278,2640.8872191470255,3397
5998.0,6254,0,0,3,5.079012838878037,658.5889031020147,2641.7260405386724,3420
5999.0,6253,0,0,1,5.054353535441355,658.9619382696305,2642.674042745789,3441
6000.0,6252,0,1,2,5.03106355152137,659.3646833013436,2643.2103795410935,3447
6001.0,6250,0,0,2,5.010843621388698,659.8552,2643.953812214712,3476
6002.0,6250,0,0,0,5.000858478676213,660.14944,2644.716022833861,3491
6003.0,6250,0,1,1,4.9870683449661275,660.47184,2645.2201245768974,3507
6004.0,6250,0,0,0,4.958182625610957,660.7136,2645.9851363628586,3517
6005.0,6250,0,0,0,4.936082614216443,660.99712,2646.7520414440564,3535
6006.0,6249,0,0,1,4.913167239149716,661.3999039846375,2647.458796482681,3557
6007.0,6249,0,2,2,4.89207252716119,661.7034725556089,2647.5442594975166,3566
6008.0,6247,0,0,2,4.878777899148484,662.2502000960461,2648.5310657672885,3584
6009.0,6248,0,1,0,4.876750027595823,662.5588988476312,2648.878325573488,3611
6010.0,6247,0,0,1,4.872289038846766,662.975508243957,2649.6436343637583,3612
6011.0,6248,0,1,0,4.867169632551332,663.2394366197183,2649.991950059988,3630
6012.0,6246,0,1,3,4.85753923407757,663.8270893371758,2650.7957331548273,3642
6013.0,6247,0,1,0,4.849714456353222,663.8821834480551,2651.145426749993,3664
6014.0,6247,0,1,1,4.827813232560851,664.1866495918041,2651.7370694961755,3660
6015.0,6247,0,0,0,4.8136577338875846,664.5348167120218,2652.513856851031,3675
6016.0,6249,0,2,0,4.786538992707593,664.7055528884622,2652.4434411065845,3695
6017.0,6248,0,0,1,4.768179386392149,665.2087067861715,2653.4683861793606,3714
6018.0,6248,0,0,0,4.751896228979797,665.6208386683738,2654.2497798393874,3733
6019.0,6249,0,1,0,4.7292114538362595,665.9083053288526,2654.607634676915,3729
6020.0,6249,0,0,0,4.7114793940523505,666.2720435269644,2655.3916681787387,3739
6021.0,6249,0,1,1,4.694755288075385,666.6521043366939,2655.9375692962353,3763
6022.0,6250,0,1,0,4.677735049255261,666.92016,2656.29907602889,3787
6023.0,6250,0,0,0,4.664570146827478,667.30832,2657.086131745311,3821
6024.0,6251,0,1,0,4.6474805813561755,667.6050231962886,2657.44943032785,3826
6025.0,6250,0,0,1,4.632645820841231,668.09424,2658.3179566988624,3841
6026.0,6249,0,0,1,4.616846313448426,668.4583133301328,2659.2554223067973,3864
6027.0,6247,0,0,2,4.5927802817355285,668.9740675524251,2660.192968398364,3857
6028.0,6246,0,1,2,4.566555836529075,669.3134806276016,2660.7552524046714,3866
6029.0,6246,0,0,0,4.553732391323599,669.5859750240154,2661.548568330278,3870
6030.0,6245,0,0,1,4.529631319157578,669.9237790232186,2662.4815956845973,3871
6031.0,6244,0,0,1,4.571302869400212,668.9027866752082,2663.2467214647995,3694
6032.0,6244,0,0,0,4.655651927169282,668.1467008327995,2664.031972000677,3549
6033.0,6244,0,0,0,4.769603679793294,667.6572709801409,2664.810502368494,3448
6034.0,6244,0,0,0,4.89482422571997,667.2405509288917,2665.580212409728,3353
6035.0,6244,0,0,0,5.023313913719482,666.9843049327354,2666.341054464427,3300
6036.0,6243,0,0,1,5.139361675290568,666.9303219605958,2667.318343177595,3262
6037.0,6243,0,0,0,5.270967651081156,666.6583373378184,2668.0635156659996,3195
6038.0,6243,0,0,0,5.378183997208399,666.5649527470767,2668.801699374336,3164
6039.0,6242,0,0,1,5.474510479696711,666.5422941364947,2669.7963741095227,3115
6040.0,6240,0,0,2,5.563701468024852,666.6947115384615,2670.5277900854394,3097
6041.0,6240,0,0,0,5.630413001023327,666.7253205128205,2671.24868819924,3088
6042.0,6239,0,0,1,5.679286160569205,666.8557461131592,2671.9548221848163,3069
6043.0,6239,0,0,0,5.722690538178566,666.8437249559224,2672.6695978172,3051
6044.0,6239,0,0,0,5.754033366368485,666.7832986055457,2673.383036525998,3030
6045.0,6239,0,0,0,5.794166610283703,666.6941817598974,2674.0940107418674,3020
6046.0,6239,0,0,0,5.8224624640884395,666.7082865843885,2674.802538012635,3014
6047.0,6239,0,0,0,5.851931318339612,666.7542875460811,2675.509899597109,2996
6048.0,6239,0,0,0,5.864092557401121,666.8626382433082,2676.2160273894474,3008
6049.0,6239,0,0,0,5.875054409422956,666.9395736496233,2676.9216431794466,2987
6050.0,6239,0,0,0,5.8902343963321275,667.0200352620612,2677.6264265911873,2987
6051.0,6239,0,0,0,5.896944612096888,667.1319121654111,2678.330378334138,3002
6052.0,6239,0,0,0,5.905927983136642,667.1830421541914,2679.034052886291,2995
6053.0,6239,0,0,0,5.913565826792961,667.2845007212694,2679.7369630528055,2981
6054.0,6238,0,0,1,5.916506039686784,667.5554664956717,2680.701786950296,2985
6055.0,6238,0,0,0,5.917026330945389,667.6728117986535,2681.4037051569408,2975
6056.0,6237,0,0,1,5.9222988742777085,667.9015552348885,2682.2285731131888,2967
6057.0,6236,0,0,1,5.914034346570204,668.1494547787044,2682.96987367727,2972
6058.0,6236,0,0,0,5.907175359219203,668.2960230917255,2683.67310809015,2963
6059.0,6235,0,1,2,5.892944244973808,668.4346431435445,2684.35878193729,2954
6060.0,6234,0,0,1,5.8882431506659065,668.6701957009946,2685.1713488975697,2963
6061.0,6233,0,0,1,5.8718577216429875,668.8310604845179,2685.892537686949,2975
6062.0,6231,0,0,2,5.856370778760478,669.1468464130958,2686.8464243996737,2964
6063.0,6230,0,0,1,5.842974685809593,669.3356340288924,2687.7005765472013,2975
6064.0,6229,0,0,1,5.832993773882155,669.5954406806871,2688.3809914297317,2990
6065.0,6228,0,0,1,5.818398446447307,669.9041425818882,2688.833342471703,3008
6066.0,6227,0,1,2,5.793828400896661,670.1756865264172,2689.4323861791886,3016
6067.0,6226,0,0,1,5.771055999364991,670.4399293286219,2690.084060470749,3020
6068.0,6226,0,0,0,5.745053629988222,670.6150016061677,2690.8002721199005,3032
6069.0,6225,0,0,1,5.713939325611583,670.885140562249,2691.438990756949,3041
6070.0,6224,0,1,2,5.68781471695442,671.1587403598971,2691.915874748266,3049
6071.0,6224,0,0,0,5.656317052083756,671.3088046272494,2692.6383160745977,3061
6072.0,6222,0,0,2,5.637400425201921,671.7214721954356,2693.686840764573,3058
6073.0,6221,0,0,1,5.610963433804879,672.0347211059316,2694.58947251827,3075
6074.0,6220,0,0,1,5.578489490967183,672.341961414791,2695.4960081629915,3086
6075.0,6218,0,0,2,5.533605154284583,672.7788678031521,2696.5943889744035,3108
6076.0,6218,0,0,0,5.494107720208844,672.875040205854,2697.3278953367403,3108
6077.0,6217,0,1,2,5.46356273207048,673.1483030400515,2697.4798302309323,3130
6078.0,6216,0,0,1,5.431255038615091,673.4761904761905,2698.0802390469194,3154
6079.0,6216,0,0,0,5.400752083206803,673.6657014157014,2698.819674511221,3177
6080.0,6217,0,1,0,5.39361690556978,673.7918610262184,2699.1259709884284,3199
6081.0,6217,0,0,0,5.3868490681795755,674.0617661251407,2699.8675571261037,3229
6082.0,6218,0,1,0,5.385780096554408,674.1741717594082,2700.1750872793386,3252
6083.0,6217,0,0,1,5.377781498606933,674.5356281164549,2700.9256281061676,3276
6084.0,6217,0,1,1,5.3614288511337564,674.807624256072,2701.1714116214025,3287
6085.0,6214,0,0,3,5.343492099602286,675.4029610556807,2701.8109043689483,3314
6086.0,6213,0,1,2,5.329017216142121,675.8211813938516,2702.5465011004717,3337
6087.0,6212,0,0,1,5.314221174351548,676.2356728911784,2703.289807090227,3352
6088.0,6211,0,0,1,5.291597327828705,676.6414426018355,2703.947792980984,3365
6089.0,6212,0,1,0,5.262637237008318,676.8533483580168,2704.2642573531975,3374
6090.0,6210,0,0,2,5.221237800344933,677.3760064412238,2705.0835626555318,3401
6091.0,6209,0,0,1,5.196314135593474,677.743598002899,2705.991652341932,3401
6092.0,6210,0,1,0,5.17600681903794,677.9074074074074,2706.3135736541453,3420
6093.0,6210,0,0,0,5.153721216336416,678.1962962962963,2707.073056041274,3436
6094.0,6210,0,0,0,5.129057363025636,678.4590982286635,2707.8346311498276,3446
6095.0,6209,0,1,2,5.110720611035848,678.8391045256885,2708.1099039947576,3471
6096.0,6209,0,0,0,5.091486518123856,679.1373812208085,2708.873747066855,3482
6097.0,6209,0,1,1,5.068718222162776,679.4449991947173,2709.1122271395184,3498
6098.0,6209,0,0,0,5.053124204071879,679.7598647125141,2709.878412305264,3513
6099.0,6209,0,0,0,5.0355699561504625,680.0996939925914,2710.6460371902363,3524
6100.0,6210,0,2,1,5.004869653717746,680.2727858293076,2710.5323875442446,3530
6101.0,6210,0,0,0,4.9792764646102885,680.612077294686,2711.3036641684007,3560
6102.0,6210,0,0,0,4.94907387194201,680.9492753623189,2712.0775764787663,3587
6103.0,6210,0,0,0,4.923741790512498,681.3331723027375,2712.852689341412,3591
6104.0,6210,0,1,1,4.9061973836763295,681.6921095008051,2713.511571166328,3605
6105.0,6210,0,0,0,4.88469114196436,682.0487922705314,2714.2898165021693,3633
6106.0,6210,0,1,1,4.855292531813059,682.4441223832528,2714.859765271008,3651
6107.0,6210,0,0,0,4.844411284048336,682.8460547504026,2715.641265644582,3667
6108.0,6210,0,0,0,4.829663623014481,683.2362318840579,2716.4238777367364,3678
6109.0,6207,0,0,3,4.805867774949837,684.0127275656516,2717.517416715812,3712
6110.0,6207,0,0,0,4.796644921645445,684.4327372321573,2718.3023908086107,3729
6111.0,6208,0,1,0,4.780709227460282,684.7350193298969,2718.6497339774787,3735
6112.0,6207,0,0,1,4.7664121402740225,685.2439181569196,2719.43968504327,3745
6113.0,6206,0,0,1,4.743266127100993,685.7112471801482,2720.2213138291822,3756
6114.0,6204,0,0,2,4.72140693027614,686.3500967117989,2721.3043019221923,3777
6115.0,6204,0,0,0,4.713480169417597,686.7666021921341,2722.093229806203,3788
6116.0,6204,0,0,0,4.692606829900812,687.2272727272727,2722.883283616851,3799
6117.0,6203,0,0,1,4.6751085954070595,687.7860712558439,2723.9080497742475,3826
6118.0,6202,0,0,1,4.651419569718628,688.347146081909,2724.8878588536336,3844
6119.0,6202,0,0,0,4.6224523782218165,688.7921638181232,2725.68179812708,3850
6120.0,6202,0,0,0,4.5935203076241775,689.2784585617543,2726.477259967356,3861
6121.0,6202,0,0,0,4.632190809830316,688.4608190906159,2727.2697705395053,3686
6122.0,6202,0,0,0,4.713408142212332,687.8302160593357,2728.055508732193,3562
6123.0,6201,0,0,1,4.8207918189028085,687.5666827930979,2728.931898868686,3465
6124.0,6201,0,1,1,4.922665924713122,687.2409288824383,2729.0014314796285,3375
6125.0,6201,0,0,0,5.04960556989052,686.986776326399,2729.764077339348,3309
6126.0,6200,0,0,1,5.174396957215105,686.9493548387097,2730.63359015129,3260
6127.0,6198,0,0,2,5.276847165192092,687.0571151984511,2731.7207837294277,3219
6128.0,6197,0,0,1,5.383650306372877,687.0781023075682,2732.5927013181727,3176
6129.0,6197,0,0,0,5.46061836131527,687.0835888333064,2733.3260143764987,3145
6130.0,6197,0,0,0,5.5398951146403315,687.1507180893981,2734.05334396465,3128
6131.0,6197,0,0,0,5.593269169228952,687.2609327093755,2734.777187747172,3117
6132.0,6197,0,0,0,5.648944140492275,687.410198483137,2735.4971233631327,3105
6133.0,6197,0,0,0,5.6946824819274635,687.4495723737292,2736.2138093840763,3086
6134.0,6197,0,0,0,5.737230982292383,687.5058899467484,2736.9270908927574,3062
6135.0,6195,0,0,2,5.767860287825915,687.7770782889427,2737.468881986151,3029
6136.0,6194,0,0,1,5.794117268057208,687.9928963513078,2738.160105142424,3029
6137.0,6193,0,0,1,5.809254540604489,688.1585661230422,2738.8564472738035,3009
6138.0,6192,0,0,1,5.815313494508485,688.3822674418604,2739.521031333956,3004
6139.0,6191,0,0,1,5.821042176679495,688.6086254240026,2740.3565629350146,3008
6140.0,6190,0,0,1,5.817504926927166,688.848142164782,2740.8801911334426,3017
6141.0,6190,0,0,0,5.831016708037705,688.9313408723748,2741.58793264418,3003
6142.0,6190,0,0,0,5.827220864204297,689.1282714054927,2742.296294990038,3013
6143.0,6189,0,0,1,5.818603491844036,689.4113750201972,2743.0125153792123,3019
6144.0,6188,0,0,1,5.81817600385181,689.6906916612799,2743.831485344451,3031
6145.0,6187,0,0,1,5.8113815280979635,689.979634717957,2744.633204130923,3030
6146.0,6184,0,0,3,5.798867753765753,690.498382923674,2745.52653375344,3048
6147.0,6181,0,0,3,5.780104553271316,690.9943374858437,2746.675754530253,3058
6148.0,6179,0,1,3,5.754732421531615,691.3484382586179,2747.0411643334733,3058
6149.0,6178,0,0,1,5.729635709663629,691.6388798964066,2747.922180520888,3062
6150.0,6177,0,0,1,5.707142207428917,691.8952565970536,2748.773179507553,3074
6151.0,6174,0,0,3,5.676977958757648,692.404114026563,2749.763904705265,3098
6152.0,6172,0,0,2,5.656009123282807,692.7982825664291,2750.4955840754096,3103
6153.0,6170,0,0,2,5.6285766469038565,693.2238249594814,2751.140178315173,3112
6154.0,6170,0,1,1,5.604466790491487,693.4398703403566,2751.45576876328,3106
6155.0,6167,0,0,3,5.576240434015489,693.9532998216313,2752.220142911568,3115
6156.0,6166,0,1,2,5.561158036922153,694.2127797599741,2752.516755642002,3128
6157.0,6165,0,0,1,5.533945392389553,694.5065693430657,2753.213251390164,3143
6158.0,6162,0,0,3,5.50443626945325,695.043005517689,2754.3638396992633,3156
6159.0,6162,0,0,0,5.482151722763347,695.2179487179487,2755.0945508392633,3164
6160.0,6162,0,1,1,5.439355764708245,695.4592664719247,2755.593086954538,3182
6161.0,6160,0,0,2,5.405442689646754,695.8998376623376,2756.536671639733,3174
6162.0,6158,0,0,2,5.368395746132053,696.3421565443326,2757.3935216498016,3187
6163.0,6159,0,1,0,5.328157559355121,696.4489365156682,2757.685836777789,3195
6164.0,6158,0,0,1,5.306413193399141,696.7979863592076,2758.537350193719,3214
6165.0,6157,0,0,1,5.281097042996834,697.1469871690758,2759.4113095713255,3242
6166.0,6157,0,0,0,5.272596020512855,697.3167126847491,2760.155336335726,3234
6167.0,6157,0,1,1,5.267983187401147,697.5177846353744,2760.223014181962,3242
6168.0,6155,0,0,2,5.252931744345238,697.9634443541836,2761.346996106279,3232
6169.0,6155,0,0,0,5.238422524533329,698.1689683184403,2762.093300115912,3240
6170.0,6153,0,0,2,5.222110254586669,698.6292865268974,2762.671796875887,3270
6171.0,6152,0,0,1,5.208449750095201,698.983745123537,2763.590974005076,3278
6172.0,6151,0,1,2,5.190161903065153,699.3487237847504,2764.2192696198263,3288
6173.0,6153,0,2,0,5.161865543301042,699.3334958556802,2764.0708061551454,3298
6174.0,6153,0,0,0,5.1491082858059976,699.5649276775557,2764.8220433778674,3306
6175.0,6152,0,1,2,5.13131802440168,699.9322171651495,2765.2012196508545,3326
6176.0,6152,0,0,0,5.107030970511082,700.1994473342003,2765.955642680028,3345
6177.0,6152,0,1,1,5.077664368361893,700.4907347204161,2766.211531630303,3361
6178.0,6153,0,2,1,5.050305676930589,700.6637412644238,2766.259404272439,3388
6179.0,6153,0,0,0,5.043908079057942,700.9827726312368,2767.018372167922,3411
6180.0,6153,0,1,1,5.020736837909728,701.3738013976922,2767.25363054885,3441
6181.0,6153,0,1,1,4.9978891927015106,701.5743539736714,2767.8291453387587,3447
6182.0,6152,0,0,1,4.96936207868838,701.9489596879064,2768.5541872005815,3460
6183.0,6153,0,2,1,4.946451847345839,702.06955956444,2768.46841685522,3478
6184.0,6152,0,0,1,4.931604096250374,702.4387191157347,2769.285496187621,3475
6185.0,6152,0,1,1,4.928951650761768,702.7347204161248,2769.888303461464,3500
6186.0,6151,0,0,1,4.909928127572044,703.1442041944399,2770.590431684029,3505
6187.0,6153,0,2,0,4.884751841497377,703.2410206403381,2770.460454176945,3534
6188.0,6153,0,0,0,4.8583726016506965,703.5685031691858,2771.2334685803758,3549
6189.0,6151,0,0,2,4.830635772819911,704.1216062428873,2771.672524705821,3566
6190.0,6151,0,1,1,4.807930366735988,704.5059339944725,2772.0131741702253,3587
6191.0,6149,0,0,2,4.788386617462047,705.107822410148,2772.714228900176,3605
6192.0,6148,0,1,2,4.7624517179403005,705.6182498373455,2772.776249041121,3633
6193.0,6149,0,2,1,4.737142770066648,705.8848593267198,2772.6140991011744,3652
6194.0,6148,0,0,1,4.72755388902054,706.2971698113207,2773.309259150004,3650
6195.0,6147,0,0,1,4.722091116807852,706.7699690906134,2774.106214966219,3678
6196.0,6148,0,1,0,4.714642559695885,707.0722186076773,2774.439093297499,3702
6197.0,6148,0,0,0,4.7114694217126845,707.5082953806116,2775.2245695985184,3718
6198.0,6150,0,2,0,4.707683921615751,707.7026016260163,2775.107899277892,3740
6199.0,6149,0,0,1,4.6911641372463775,708.2493088307042,2775.9805037437345,3744
6200.0,6148,0,0,1,4.672211320603646,708.7804163955758,2776.8922688966554,3764
6201.0,6148,0,1,1,4.659471299928539,709.2186076772934,2777.255912137814,3778
6202.0,6148,0,0,0,4.644007868555924,709.661678594665,2778.0477347305987,3794
6203.0,6147,0,1,2,4.630476667222735,710.1446233935253,2778.3582523099585,3806
6204.0,6147,0,1,1,4.608596184187679,710.575727997397,2778.5325143279683,3823
6205.0,6147,0,1,1,4.590280485002299,711.002440214739,2778.7654460405824,3833
6206.0,6145,0,0,2,4.573718070712246,711.6768104149716,2779.6256358555993,3855
6207.0,6144,0,0,1,4.5602639446622995,712.23974609375,2780.2855322868904,3872
6208.0,6144,0,0,0,4.55580454361438,712.6656901041666,2781.0831792123267,3883
6209.0,6144,0,0,0,4.538202164902174,713.07666015625,2781.8824971958134,3886
6210.0,6144,0,0,0,4.520218205778949,713.4817708333334,2782.6833221578395,3907
6211.0,6144,0,1,1,4.559989131582072,712.5538736979166,2783.063724426398,3736
6212.0,6142,0,0,2,4.613552826604911,712.0519374796484,2784.002438972267,3617
6213.0,6139,0,0,3,4.685870449287504,711.9152956507575,2784.878274892338,3528
6214.0,6138,0,0,1,4.793248645147092,711.5798305637015,2785.8108236645394,3441
6215.0,6136,0,0,2,4.906667670594574,711.4973924380704,2786.933315460702,3382
6216.0,6136,0,0,0,5.037817490784342,711.2317470664929,2787.696747112492,3325
6217.0,6135,0,0,1,5.153428980601318,711.0992665036675,2788.406527017434,3248
6218.0,6134,0,0,1,5.252605342369004,711.0780893381154,2789.3909596703234,3222
6219.0,6134,0,0,0,5.344909489360016,710.9792957287251,2790.1335710635126,3197
6220.0,6133,0,0,1,5.411669357819368,711.0376650904941,2790.9950120640183,3177
6221.0,6133,0,0,0,5.460996473376859,711.052502853416,2791.7293621668955,3159
6222.0,6132,0,0,1,5.496871353531002,711.0994781474234,2792.558508124604,3162
6223.0,6131,0,0,1,5.534100063012417,711.2381340727451,2793.5324958295973,3162
6224.0,6129,0,0,2,5.569525212770767,711.4697340512319,2794.2294178544425,3159
6225.0,6127,0,0,2,5.601943529995589,711.6105761384038,2795.273391006659,3115
6226.0,6127,0,0,0,5.630774538116213,711.5591643544965,2795.995378211317,3111
6227.0,6125,0,0,2,5.6575346131468836,711.8256326530612,2796.958575916679,3096
6228.0,6124,0,0,1,5.6771799247542365,711.9480731548008,2797.7458518698636,3076
6229.0,6121,0,0,3,5.674305682611858,712.3548439797419,2798.815941433708,3074
6230.0,6121,0,0,0,5.678633572674437,712.3808201274302,2799.5337438006445,3053
6231.0,6120,0,0,1,5.665018279544631,712.5160130718954,2800.3043049587327,3064
6232.0,6119,0,0,1,5.669725937525173,712.600751756823,2801.253825399205,3051
6233.0,6116,0,0,3,5.6633073968335355,712.9859385219097,2802.417874377757,3051
6234.0,6115,0,0,1,5.660144014647476,713.0165167620605,2803.366405007753,3047
6235.0,6113,0,0,2,5.656467196703945,713.1841976116473,2804.2358642330037,3045
6236.0,6113,0,0,0,5.655190582225604,713.141501717651,2804.9536556447797,3051
6237.0,6112,0,0,1,5.652519055664118,713.2072971204188,2805.7837478446195,3043
6238.0,6112,0,0,0,5.643667083104981,713.1896269633507,2806.502640208183,3049
6239.0,6111,0,0,1,5.628899432562461,713.303714612993,2807.470228896105,3050
6240.0,6108,0,0,3,5.59699584553774,713.696463654224,2808.3370809580847,3070
6241.0,6108,0,0,0,5.574926651569953,713.7878192534381,2809.059430123638,3053
6242.0,6106,0,0,2,5.561551759363289,714.1691778578447,2809.991507857192,3059
6243.0,6104,0,0,2,5.540107643741025,714.5570117955439,2810.5547990126092,3068
6244.0,6103,0,0,1,5.517559289974134,714.8055054891037,2811.4559490858055,3071
6245.0,6103,0,1,1,5.491959336551948,715.0013108307389,2811.8905435089223,3068
6246.0,6102,0,0,1,5.472790694596104,715.3261225827597,2812.700541054987,3090
6247.0,6100,0,0,2,5.440162481025403,715.6504918032787,2813.9104259676083,3091
6248.0,6100,0,0,0,5.420873154788025,715.7550819672131,2814.645271367593,3100
6249.0,6100,0,0,0,5.388137449921827,715.8931147540984,2815.3820592998964,3113
6250.0,6100,0,0,0,5.339649099516017,716.0483606557377,2816.1221890432894,3136
6251.0,6099,0,0,1,5.306176923371102,716.3572716838826,2816.835227552274,3149
6252.0,6098,0,0,1,5.267444089857147,716.6762873073138,2817.367552901683,3171
6253.0,6098,0,0,0,5.2370088293059,716.9335847818957,2818.113601022465,3171
6254.0,6096,0,0,2,5.214106612945878,717.3728674540682,2819.2767994541296,3179
6255.0,6094,0,1,3,5.183903528392824,717.7591073186741,2819.879476866528,3192
6256.0,6093,0,0,1,5.181916212948747,718.0219924503529,2820.8733394467313,3208
6257.0,6091,0,0,2,5.163255638755472,718.4885897225414,2821.8554833973208,3205
6258.0,6089,0,0,2,5.1600873050590215,718.95680735753,2822.9389368921707,3220
6259.0,6088,0,0,1,5.1589852894151855,719.2843298291722,2823.6882798129877,3216
6260.0,6087,0,0,1,5.138599852885032,719.6472810908493,2824.6618223695036,3236
6261.0,6088,0,1,0,5.1233933022301805,719.8316360052562,2824.9523673232998,3249
6262.0,6087,0,1,2,5.10795414230754,720.2152127484803,2825.3404992653705,3265
6263.0,6087,0,0,0,5.105024395173391,720.5283390832923,2826.096956791507,3299
6264.0,6086,0,0,1,5.102835477283292,720.9485704896483,2826.931649837172,3313
6265.0,6086,0,0,0,5.095175886184838,721.284587578048,2827.689187181371,3338
6266.0,6086,0,1,1,5.083336757258871,721.627341439369,2828.1609474735264,3375
6267.0,6085,0,0,1,5.065640321761264,722.066228430567,2828.90952589854,3379
6268.0,6085,0,0,0,5.052951376132499,722.4616269515201,2829.6711387597506,3402
6269.0,6084,0,0,1,5.035237154995754,722.9117357001973,2830.4613393891273,3421
6270.0,6085,0,1,0,5.015661588981499,723.1350862777322,2830.7601869371965,3440
6271.0,6084,0,0,1,5.010501906505317,723.5968113083497,2831.545090375285,3465
6272.0,6085,0,1,0,4.995151379936013,723.8660640920295,2831.8455582178485,3486
6273.0,6085,0,0,0,4.982500784646786,724.1730484798685,2832.6125551897862,3489
6274.0,6085,0,0,0,4.976571064841404,724.5158586688578,2833.380632717024,3495
6275.0,6084,0,0,1,4.954800396232862,724.8939842209073,2834.247577312001,3517
6276.0,6086,0,2,0,4.941272888650992,724.9817614196517,2834.085994800901,3535
6277.0,6085,0,0,1,4.915236462416347,725.4396055875103,2835.0596378688997,3552
6278.0,6085,0,0,0,4.885900204813282,725.7970419063271,2835.8335852060695,3591
6279.0,6085,0,0,0,4.865484745010269,726.2156121610518,2836.6085614231783,3607
6280.0,6085,0,1,1,4.836218810547623,726.6036154478226,2837.107953101811,3611
6281.0,6084,0,0,1,4.813718111734855,727.0821827744904,2838.148384145655,3608
6282.0,6083,0,0,1,4.787215039948402,727.6199243794181,2839.182007783923,3635
6283.0,6080,0,0,3,4.753311941562217,728.4169407894736,2840.743895627936,3644
6284.0,6078,0,0,2,4.721157511263251,729.1100691016782,2841.84164089033,3665
6285.0,6076,0,0,2,4.688046837832335,729.7526333113891,2842.8155544813585,3688
6286.0,6077,0,2,1,4.657552761277154,730.1086062201745,2842.5775641801083,3704
6287.0,6077,0,1,1,4.639557734305804,730.573967418134,2842.830118690965,3737
6288.0,6074,0,0,3,4.615245894703897,731.384096147514,2843.7980843896244,3753
6289.0,6074,0,1,1,4.591748779213932,731.8429371089892,2843.8415555704014,3778
6290.0,6073,0,0,1,4.560285038144749,732.3816894450848,2844.8360610106133,3775
6291.0,6073,0,0,0,4.542427033269998,732.8124485427301,2845.632277601279,3790
6292.0,6073,0,0,0,4.503090470539795,733.2725177013008,2846.431027065189,3816
6293.0,6072,0,0,1,4.477815933747226,733.8558959156785,2847.0934178456837,3842
6294.0,6071,0,0,1,4.460126282088213,734.4447372755724,2847.8391793297324,3860
6295.0,6071,0,1,1,4.435014468366244,734.917476527755,2848.3517140395925,3868
6296.0,6070,0,0,1,4.412794954798722,735.5271828665568,2849.275475875645,3884
6297.0,6068,0,0,2,4.384701417449275,736.220665787739,2850.170557627502,3882
6298.0,6067,0,0,1,4.369171794588724,736.8102851491676,2851.1706767768305,3891
6299.0,6066,0,0,1,4.347463429310152,737.4371909000989,2852.066379381726,3920
6300.0,6065,0,0,1,4.335402693508973,738.0539159109645,2852.8476330358153,3942
6301.0,6065,0,0,0,4.381365421292555,737.2588623248145,2853.655059926568,3775
6302.0,6063,0,0,2,4.470355639434528,736.7621639452416,2854.3976607765053,3618
6303.0,6063,0,0,0,4.5813829080155415,736.4438396833251,2855.1908345425413,3542
6304.0,6061,0,0,2,4.701804373521717,736.428642138261,2856.0468139360505,3455
6305.0,6061,0,0,0,4.83261848347761,736.3454875433097,2856.8228279384202,3426
6306.0,6061,0,0,0,4.961489659442688,736.2570532915361,2857.5904663905176,3373
6307.0,6060,0,0,1,5.070137932534836,736.3785478547854,2858.263840564866,3336
6308.0,6059,0,0,1,5.161194456163968,736.4797821422677,2859.3113354627208,3306
6309.0,6059,0,0,0,5.243473962599268,736.4439676514277,2860.0584199674104,3264
6310.0,6059,0,0,0,5.311892623037841,736.4276283215052,2860.8005655396537,3239
6311.0,6058,0,0,1,5.358537986072731,736.5236051502146,2861.473792436987,3214
6312.0,6058,0,0,0,5.398312889187014,736.580719709475,2862.2097095074582,3190
6313.0,6055,0,0,3,5.42673810730242,737.0478943022296,2862.9533813464677,3184
6314.0,6055,0,0,0,5.457610947396072,737.1672997522709,2863.6854646337947,3182
6315.0,6054,0,0,1,5.481922388530598,737.3642220019822,2864.4201598851027,3186
6316.0,6053,0,0,1,5.5060699329134115,737.6153973236412,2865.4302495163497,3173
6317.0,6053,0,0,0,5.531319833241608,737.6970097472328,2866.1574123323144,3144
6318.0,6051,0,0,2,5.541702850814237,738.005618905966,2867.2193367178984,3122
6319.0,6050,0,0,1,5.54882033886532,738.2340495867769,2867.9514043914724,3122
6320.0,6047,0,0,3,5.542591099216131,738.7067967587234,2868.755258764352,3103
6321.0,6045,0,0,2,5.526208859501311,739.0860215053764,2869.7753828605464,3105
6322.0,6044,0,0,1,5.524386257997016,739.3868299139642,2870.4629165430156,3121
6323.0,6042,0,0,2,5.506035810228388,739.7800397219464,2871.4200440607233,3123
6324.0,6041,0,0,1,5.505830955254235,740.0981625558683,2872.07791491109,3137
6325.0,6039,0,0,2,5.499752378300289,740.5139923828449,2872.694407127201,3135
6326.0,6037,0,0,2,5.482897660956337,740.8623488487659,2873.3770385118933,3131
6327.0,6035,0,0,2,5.458637716757439,741.2450704225353,2874.390733391194,3144
6328.0,6034,0,0,1,5.4420209766311105,741.5038117335101,2874.907512990666,3150
6329.0,6034,0,1,1,5.431326582631378,741.6760026516407,2875.3845873809555,3157
6330.0,6033,0,0,1,5.4151852406219145,741.9965191447042,2875.865325693348,3175
6331.0,6032,0,0,1,5.414672060636428,742.3474801061008,2876.607966024431,3170
6332.0,6032,0,0,0,5.406695237954446,742.5023209549072,2877.343997147726,3176
6333.0,6029,0,0,3,5.382906965492509,743.0771272184442,2878.320287108148,3178
6334.0,6030,0,1,0,5.366814229303082,743.2305140961857,2878.582382035465,3191
6335.0,6029,0,0,1,5.348241422753294,743.5554818377841,2879.424663235873,3212
6336.0,6028,0,0,1,5.335633698414893,743.8797279362973,2880.3711999236634,3210
6337.0,6028,0,0,0,5.31791090516089,744.0527538155276,2881.1142440550498,3234
6338.0,6026,0,0,2,5.2966819040528765,744.5341851974775,2882.130922432862,3255
6339.0,6024,0,0,2,5.277699170659673,745.003652058433,2883.21798087702,3261
6340.0,6019,0,0,5,5.244863454933517,745.9081242731351,2884.411697732032,3276
6341.0,6020,0,1,0,5.218684776166641,746.0222591362126,2884.681785073534,3285
6342.0,6018,0,0,2,5.19138685201018,746.5169491525423,2885.2552899027833,3288
6343.0,6018,0,1,1,5.163508505811849,746.7666999002992,2885.5952056601745,3299
6344.0,6016,0,0,2,5.127771940001137,747.2260638297872,2886.763315824251,3308
6345.0,6016,0,1,1,5.1028400143127675,747.5437167553191,2887.0486286057085,3316
6346.0,6015,0,1,2,5.074171382755665,747.8984206151289,2887.4383283746715,3308
6347.0,6012,0,0,3,5.047002329291587,748.5482368596141,2888.3399633363947,3337
6348.0,6011,0,0,1,5.024382935609549,748.9552487106971,2889.0901264917215,3358
6349.0,6012,0,1,0,5.012274463851428,749.1275781769793,2889.3719007401946,3361
6350.0,6009,0,0,3,4.9945252345412,749.7773339990015,2890.397962422412,3383
6351.0,6008,0,0,1,4.9832809430429075,750.1842543275633,2891.334453079663,3383
6352.0,6004,0,0,4,4.9578451278700735,750.909893404397,2892.1364910125144,3398
6353.0,6005,0,1,0,4.953710361395449,751.0461282264779,2892.420587406951,3414
6354.0,6004,0,1,2,4.9484576775381655,751.4851765489674,2892.8463748794684,3433
6355.0,6002,0,1,3,4.930778102728483,752.1022992335888,2893.1602242610415,3455
6356.0,6001,0,0,1,4.906422339768312,752.6083986002333,2893.9667879448466,3494
6357.0,6002,0,2,1,4.882152809834269,752.8517160946351,2894.0679889854387,3506
6358.0,6000,0,0,2,4.8560790527083455,753.5045,2895.1049831236487,3528
6359.0,5999,0,0,1,4.835571316064166,754.0420070011669,2896.076215431593,3557
6360.0,5999,0,2,2,4.80175633916792,754.4504084014002,2895.9652585184845,3579
6361.0,5999,0,0,0,4.777185902910594,754.8249708284715,2896.7422950663936,3587
6362.0,6001,0,2,0,4.759936143823145,754.9880019996667,2896.5542262626577,3599
6363.0,5998,0,0,3,4.733050339726244,755.7394131377125,2897.302199593161,3608
6364.0,5998,0,1,1,4.719231974811718,756.0815271757252,2897.5713269015587,3617
6365.0,5998,0,1,1,4.699144323456967,756.4543181060353,2897.8557369995037,3627
6366.0,5997,0,1,2,4.6698885903625795,756.9681507420377,2898.258381715369,3637
6367.0,5995,0,0,2,4.645700134463452,757.6248540450375,2899.1665817802104,3654
6368.0,5996,0,1,0,4.621382191481621,757.9406270847231,2899.469474671906,3678
6369.0,5997,0,2,1,4.593733067811936,758.2406203101551,2899.3592330595616,3703
6370.0,5997,0,0,0,4.569935164776716,758.6736701684175,2900.1494816262634,3721
6371.0,5997,0,0,0,4.545663899577677,759.0947140236785,2900.9414236295042,3740
6372.0,5998,0,1,0,4.52549299809034,759.405801933978,2901.250602348498,3750
6373.0,5997,0,1,2,4.492704557604978,759.9636484909121,2901.7791997479535,3764
6374.0,5998,0,1,0,4.471762498545482,760.2684228076025,2902.092505959546,3777
6375.0,5996,0,0,2,4.442256491096754,760.9679786524349,2902.696141840695,3789
6376.0,5995,0,0,1,4.413972703853757,761.6025020850709,2903.5681387163754,3822
6377.0,5994,0,0,1,4.387901400045762,762.2232232232233,2904.4512640418056,3847
6378.0,5993,0,0,1,4.365913364655727,762.8693475721675,2905.338108439905,3876
6379.0,5992,0,3,4,4.323766741247151,763.4974966622162,2905.4394125605204,3900
6380.0,5991,0,0,1,4.296273207742878,764.1345351360374,2906.3327117399426,3915
6381.0,5989,0,0,2,4.264570643499915,764.8761061946902,2907.1982467621165,3918
6382.0,5987,0,0,2,4.242282584535198,765.6144980791715,2908.320704164377,3930
6383.0,5987,0,0,0,4.228957416559043,766.0582929680976,2909.1324573937595,3936
6384.0,5984,0,0,3,4.198018574155743,766.9304812834224,2910.200443423108,3952
6385.0,5983,0,0,1,4.1813255167846295,767.4644827009861,2910.9565966200025,3961
6386.0,5983,0,0,0,4.165522605157305,767.9577135216447,2911.771969245331,3973
6387.0,5980,0,0,3,4.1398115127327095,768.8690635451505,2912.3548274897516,3984
6388.0,5980,0,0,0,4.127608545761278,769.4028428093645,2913.172380077341,4002
6389.0,5980,0,0,0,4.105700909752622,769.9503344481606,2913.9910821301833,4015
6390.0,5978,0,0,2,4.0710289454089486,770.7765138842423,2915.1815351407217,4024
6391.0,5977,0,0,1,4.113733190582249,770.21750041827,2916.081920536587,3881
6392.0,5975,0,0,2,4.178671801855579,769.874979079498,2917.1909808590235,3742
6393.0,5974,0,0,1,4.279662014260187,769.6682289923,2917.7255851662167,3643
6394.0,5973,0,0,1,4.389263257476746,769.5643730118868,2918.579738510753,3571
6395.0,5971,0,0,2,4.501803306489775,769.7049070507453,2919.607412288568,3508
6396.0,5970,0,0,1,4.626494787076647,769.7345058626465,2920.1601703763104,3447
6397.0,5969,0,0,1,4.745990316780474,769.6453342268387,2921.1467409542015,3388
6398.0,5968,0,0,1,4.85411630936506,769.6647117962466,2921.653905974996,3345
6399.0,5968,0,0,0,4.928806837623499,769.577245308311,2922.4127961084846,3313
6400.0,5968,0,0,0,5.0080105970706335,769.4951407506702,2923.16653368075,3279
6401.0,5966,0,0,2,5.076527902106619,769.7458933959101,2924.0543295207576,3263
6402.0,5964,0,0,2,5.144123013943808,770.0328638497652,2925.128603858385,3255
6403.0,5962,0,0,2,5.180868404236893,770.2437101643744,2926.065386648102,3246
6404.0,5960,0,0,2,5.2215097012235505,770.5105704697986,2926.884649239418,3236
6405.0,5958,0,0,2,5.255155150015019,770.547163477677,2927.5372522421026,3201
6406.0,5956,0,0,2,5.295874571557836,770.739758226998,2928.719153473036,3192
6407.0,5952,0,0,4,5.306053102111588,771.1122311827957,2930.038081904127,3156
6408.0,5952,0,0,0,5.316477246863384,770.9339717741935,2930.7708211312824,3144
6409.0,5949,0,0,3,5.313169449763104,771.1225416036309,2931.854938330652,3127
6410.0,5947,0,0,2,5.312281464257347,771.2764419034808,2932.617893987174,3104
6411.0,5943,0,0,4,5.311592163859274,771.7221941780246,2933.6644921337843,3099
6412.0,5940,0,0,3,5.289449180836924,772.0505050505051,2934.708154689913,3090
6413.0,5937,0,0,3,5.2799721089832845,772.3292908876537,2935.2777520268814,3092
6414.0,5936,0,0,1,5.27128584974628,772.4806266846361,2936.2423878219033,3088
6415.0,5936,0,0,0,5.2640818323220735,772.3254716981132,2936.977215325252,3097
6416.0,5934,0,0,2,5.253380018893491,772.5524098415908,2937.9469647858473,3072
6417.0,5933,0,0,1,5.249733219994212,772.5123883364234,2938.7170396554866,3075
6418.0,5932,0,0,1,5.256953355781881,772.3954821308159,2939.651581800304,3077
6419.0,5932,0,0,0,5.253025863404237,772.324173971679,2940.3873155363613,3085
6420.0,5930,0,0,2,5.245460622023917,772.4328836424958,2941.498726617217,3064
6421.0,5927,0,0,3,5.237721544838139,772.6644170744053,2942.4230023513637,3067
6422.0,5928,0,1,0,5.230944718716832,772.5177125506073,2942.6650245165756,3065
6423.0,5927,0,0,1,5.221535010907168,772.6952927281931,2943.6145993984474,3071
6424.0,5925,0,0,2,5.219693885417076,772.9363713080169,2944.3353132376765,3084
6425.0,5922,0,0,3,5.210148949651816,773.2462006079028,2945.5451182902234,3085
6426.0,5920,0,0,2,5.197075891835838,773.5706081081081,2946.437784164246,3094
6427.0,5921,0,1,0,5.185165815996434,773.5612227664246,2946.683721508709,3106
6428.0,5920,0,0,1,5.175706900181575,773.7189189189189,2947.594322681792,3120
6429.0,5919,0,0,1,5.161699301347532,773.8905220476432,2948.5658805812836,3118
6430.0,5917,0,0,2,5.150693488670769,774.1818489099205,2949.4891460012554,3138
6431.0,5916,0,0,1,5.121895685015763,774.3252197430696,2950.423754516216,3152
6432.0,5916,0,0,0,5.104795902527351,774.3416159567275,2951.175734131815,3172
6433.0,5915,0,0,1,5.081880795246912,774.4209636517329,2952.116605935082,3191
6434.0,5914,0,0,1,5.030239996679002,774.6763611768685,2953.0064877911773,3228
6435.0,5913,0,0,1,4.991636625189319,774.9240656181296,2954.007282704905,3252
6436.0,5910,0,0,3,4.960295019008897,775.3434856175973,2954.9259624196843,3251
6437.0,5910,0,0,0,4.949923473472948,775.3277495769881,2955.6911623665605,3269
6438.0,5908,0,0,2,4.935370083996897,775.7087000677049,2956.410401789946,3282
6439.0,5906,0,0,2,4.926453425362102,776.158482898747,2957.1806599577876,3314
6440.0,5905,0,0,1,4.912961694721666,776.3119390347164,2957.9448131558747,3337
6441.0,5904,0,1,2,4.903575489952882,776.4691734417344,2958.6166590458197,3356
6442.0,5905,0,1,0,4.892825352942107,776.3629127857747,2958.883908146299,3367
6443.0,5905,0,0,0,4.891449182163354,776.5600338696021,2959.6525624434526,3387
6444.0,5905,0,0,0,4.874855522595302,776.6357324301439,2960.4223189405416,3416
6445.0,5904,0,0,1,4.8536739209669895,776.8985433604336,2961.4790649786596,3440
6446.0,5904,0,0,0,4.826835491291676,777.0533536585366,2962.2522295143717,3456
6447.0,5902,0,1,3,4.791639473734281,777.5140630294816,2962.8837535588855,3470
6448.0,5901,0,0,1,4.776531494394099,777.8783257075072,2963.4849799499584,3499
6449.0,5901,0,0,0,4.751381064054944,778.1001525165226,2964.2630744683856,3519
6450.0,5901,0,1,1,4.728236932575732,778.3326554821217,2964.600713390372,3540
6451.0,5902,0,1,0,4.713573559149166,778.4007116231786,2964.8788909229147,3537
6452.0,5902,0,1,1,4.68353877927941,778.7592341579126,2965.3814928624083,3563
6453.0,5902,0,0,0,4.68050779071146,779.0484581497798,2966.1644431507707,3569
6454.0,5902,0,0,0,4.66723157923794,779.3386987461878,2966.9479646840873,3575
6455.0,5902,0,0,0,4.655570689298618,779.7021348695357,2967.7325091459356,3576
6456.0,5901,0,0,1,4.643482238890075,780.2357227588544,2968.659290602757,3598
6457.0,5897,0,0,4,4.622008696118698,781.0508733254197,2969.7962766394558,3606
6458.0,5896,0,0,1,4.615385706351628,781.5310379918589,2970.808644215231,3612
6459.0,5896,0,0,0,4.611525944979086,781.9157055630936,2971.596231718507,3635
6460.0,5895,0,0,1,4.597869669062272,782.50245971162,2972.619686576086,3658
6461.0,5895,0,1,1,4.5882299646735305,782.8916030534351,2973.073050900747,3671
6462.0,5895,0,0,0,4.585451960523153,783.2690415606446,2973.863455943932,3680
6463.0,5895,0,1,1,4.576607920554927,783.6444444444444,2974.409147170918,3695
6464.0,5894,0,0,1,4.578469117728315,784.152867322701,2975.196211918751,3697
6465.0,5893,0,1,2,4.56661140004546,784.6572204310198,2975.705237273078,3697
6466.0,5892,0,0,1,4.563867482945478,785.1189748811948,2976.4364695518625,3694
6467.0,5893,0,1,0,4.542435610869485,785.3682334973697,2976.7254129434823,3690
6468.0,5891,0,0,2,4.519685050516857,786.0135800373452,2977.683467517949,3716
6469.0,5890,0,0,1,4.496286409371341,786.504753820034,2978.535155304109,3732
6470.0,5890,0,0,0,4.479893836458638,786.8782682512733,2979.3331825006153,3737
6471.0,5889,0,0,1,4.458321232269005,787.4404822550518,2980.060417429433,3759
6472.0,5889,0,0,0,4.4437322072478205,787.8634742740703,2980.861022828791,3768
6473.0,5889,0,0,0,4.428500960330996,788.2861266768551,2981.6623853969877,3767
6474.0,5888,0,0,1,4.421881067971937,788.8294836956521,2982.49932503196,3775
6475.0,5886,0,0,2,4.417188164772055,789.5095141012572,2983.4226886950537,3777
6476.0,5885,0,0,1,4.398382526264011,790.092948173322,2984.3472379877526,3777
6477.0,5885,0,0,0,4.379913411837886,790.5118096856414,2985.1524933186456,3792
6478.0,5884,0,0,1,4.356733641145049,791.0982324949015,2985.966421254473,3807
6479.0,5880,0,0,4,4.329473790967106,792.1278911564626,2987.4356390797952,3820
6480.0,5879,0,0,1,4.326333730413737,792.7070930430345,2988.1790063309927,3826
6481.0,5878,0,0,1,4.3816868914075,791.9688669615515,2989.111684761899,3668
6482.0,5877,0,0,1,4.469240216243235,791.4735409222392,2989.8824428965777,3553
6483.0,5875,0,0,2,4.571148660984611,791.2348936170213,2990.9601294603804,3457
6484.0,5872,0,0,3,4.685958188020293,791.245742506812,2992.0186330358833,3390
6485.0,5871,0,0,1,4.799588512725893,790.925907000511,2992.5487334460136,3324
6486.0,5869,0,0,2,4.9249569105173565,790.9492247401602,2993.4523147723257,3264
6487.0,5867,0,0,2,5.03394653261922,791.0335776376343,2994.4386128728815,3238
6488.0,5866,0,0,1,5.12155766203992,791.0773951585408,2995.0654215050226,3205
6489.0,5865,0,0,1,5.193725006468054,791.0757033248082,2995.4871943396356,3173
6490.0,5865,0,0,0,5.257357195448627,791.0119352088661,2996.234565406916,3159
6491.0,5864,0,0,1,5.294456775909341,791.2070259208731,2997.147160115172,3146
6492.0,5863,0,0,1,5.331509521492659,791.3559611120587,2998.101216430008,3135
6493.0,5863,0,0,0,5.37478075102502,791.3590312126897,2998.8404490527832,3127
6494.0,5862,0,0,1,5.409511621653743,791.348174684408,2999.671701081583,3100
6495.0,5862,0,0,0,5.444762105832039,791.2961446605254,3000.4059919487618,3093
6496.0,5861,0,0,1,5.471551490817262,791.3366319740659,3001.294521612295,3079
6497.0,5860,0,0,1,5.48078254421196,791.5421501706485,3002.096742770197,3086
6498.0,5857,0,0,3,5.473806450523355,791.837630186102,3003.0892863328204,3071
6499.0,5856,0,0,1,5.481077658505849,791.8101092896175,3003.7214366467983,3067
6500.0,5856,0,0,0,5.490389604481559,791.6622267759562,3004.451378796672,3046
6501.0,5853,0,0,3,5.5143466301773145,792.1607722535452,3005.6314914228687,3048
6502.0,5853,0,0,0,5.51110645338342,792.2036562446608,3006.359818098849,3049
6503.0,5852,0,0,1,5.505979005970049,792.3952494873547,3007.298734931422,3067
6504.0,5851,0,0,1,5.487287975065171,792.6142539736798,3007.9577678372,3063
6505.0,5850,0,0,1,5.465714269328673,792.745641025641,3008.8129103938973,3068
6506.0,5849,0,0,1,5.4568038056641885,792.9630706103608,3009.6421017003568,3067
6507.0,5847,0,0,2,5.4422360127343135,793.2440567812554,3010.1228774027104,3070
6508.0,5846,0,0,1,5.420241727960417,793.419089976052,3010.8254198767067,3054
6509.0,5844,0,0,2,5.407957761728734,793.6752224503765,3011.5184963374572,3060
6510.0,5843,0,0,1,5.386430928553931,793.8748930344001,3012.387729194109,3061
6511.0,5843,0,0,0,5.362683359969256,793.9139140852302,3013.1232538215586,3072
6512.0,5842,0,0,1,5.344370379192193,794.0528928449161,3013.994106622521,3068
6513.0,5841,0,0,1,5.321854853631887,794.2230782400273,3014.9646817166704,3077
6514.0,5841,0,0,0,5.310456657969954,794.3550761855846,3015.703831052137,3083
6515.0,5841,0,0,0,5.294176188181169,794.4596815613764,3016.4438828449493,3088
6516.0,5838,0,0,3,5.270501940441212,794.9172661870504,3017.6760190442683,3092
6517.0,5837,0,0,1,5.249022451483614,795.1286619838959,3018.5694385626052,3119
6518.0,5834,0,1,4,5.21739472481126,795.7223174494344,3019.296699473528,3139
6519.0,5833,0,0,1,5.188873784254452,795.9082804731698,3020.1790755301245,3140
6520.0,5832,0,0,1,5.152102339666547,796.1529492455419,3021.1198663604773,3153
6521.0,5828,0,0,4,5.113810717612099,796.7318119423472,3022.3228924907103,3164
6522.0,5828,0,0,0,5.0837370918868094,796.8985929993137,3023.076291182619,3165
6523.0,5827,0,0,1,5.03524043044517,797.2014758881071,3024.0297218035184,3187
6524.0,5824,0,0,3,4.9773161979165925,797.7663118131868,3024.921988634816,3210
6525.0,5821,0,0,3,4.918817879095561,798.3717574299949,3025.9330979988913,3247
6526.0,5820,0,0,1,4.890663012844722,798.6417525773196,3026.8603503313852,3232
6527.0,5816,0,0,4,4.860467673047741,799.3820495185695,3027.9309663235854,3243
6528.0,5816,0,0,0,4.84494971717505,799.5894085281981,3028.6981998858664,3256
6529.0,5812,0,0,4,4.817812220946418,800.3201995870612,3029.8995413178204,3274
6530.0,5811,0,0,1,4.808822762362963,800.6728618138014,3030.8271381522454,3272
6531.0,5808,0,1,4,4.801990500105166,801.3300619834711,3031.390092777112,3271
6532.0,5807,0,0,1,4.799464506858712,801.721715171345,3031.928732817069,3299
6533.0,5808,0,1,0,4.798230328322118,801.8734504132232,3032.1768524289464,3324
6534.0,5806,0,1,3,4.765861221892937,802.4400620048226,3032.6284444917337,3328
6535.0,5804,0,0,2,4.736730056340574,803.0422122674017,3033.305498084434,3341
6536.0,5803,0,0,1,4.714889048221938,803.5238669653628,3033.865933000873,3368
6537.0,5803,0,1,1,4.692939952615445,803.9038428399103,3034.297663544657,3384
6538.0,5803,0,1,1,4.654742311350413,804.327761502671,3034.7715133455517,3420
6539.0,5803,0,1,1,4.619110767651451,804.69188350853,3035.2281078426704,3431
6540.0,5802,0,0,1,4.588020775274978,805.15856601172,3036.015391478084,3444
6541.0,5803,0,2,1,4.568050302386886,805.3675684990523,3035.756719464331,3468
6542.0,5804,0,1,0,4.5443682977710615,805.5599586492075,3036.017429897094,3486
6543.0,5803,0,0,1,4.52268762390102,806.0196450112011,3036.8121463641237,3491
6544.0,5804,0,1,0,4.497488683431623,806.2582701585113,3037.0760434879835,3514
6545.0,5805,0,1,0,4.469262053732135,806.4380706287683,3037.3414146846785,3518
6546.0,5807,0,2,0,4.4523969565632555,806.4930256586878,3037.084904018415,3523
6547.0,5807,0,1,1,4.4400874761080305,806.8782503874634,3037.3037210520297,3537
6548.0,5806,0,0,1,4.423658579481326,807.3083017568033,3038.29322854998,3539
6549.0,5807,0,1,0,4.420564522179939,807.3247804374031,3038.5618399635737,3527
6550.0,5807,0,1,1,4.40196428041625,807.6530049939728,3038.810178710822,3538
6551.0,5807,0,0,0,4.385467751981937,808.0020664714999,3039.6049713031443,3560
6552.0,5807,0,1,1,4.370898802316593,808.3507835371104,3039.9145448663135,3572
6553.0,5808,0,1,0,4.359056002815103,808.5900482093664,3040.187266344825,3597
6554.0,5807,0,0,1,4.338330545409544,809.1121060788703,3040.867058575969,3607
6555.0,5806,0,0,1,4.317038312177547,809.6141922149501,3041.7168642849756,3635
6556.0,5805,0,1,2,4.28906618933489,810.1255813953488,3042.1794316867686,3659
6557.0,5804,0,0,1,4.26623541192572,810.5987250172295,3042.9759153731097,3671
6558.0,5804,0,0,0,4.247570294022963,810.9421088904204,3043.7797740573383,3673
6559.0,5804,0,1,1,4.221933596463268,811.3349414197105,3044.0093155295626,3698
6560.0,5804,0,0,0,4.199293735618499,811.8013439007581,3044.8163745887387,3719
6561.0,5804,0,0,0,4.180004413217337,812.3180565127499,3045.625499737336,3742
6562.0,5802,0,0,2,4.151211703714054,812.9812133746984,3046.506311475812,3772
6563.0,5802,0,0,0,4.12473137899272,813.346949327818,3047.318634886165,3785
6564.0,5802,0,0,0,4.118790183963033,813.7904170975526,3048.131257503032,3806
6565.0,5803,0,1,0,4.095387309716006,814.0861623298294,3048.420382458494,3816
6566.0,5803,0,0,0,4.077835134445936,814.487851111494,3049.235637370701,3824
6567.0,5801,0,0,2,4.050518311494703,815.2471987588347,3050.2442272457424,3837
6568.0,5801,0,0,0,4.0287471567619555,815.7790036200655,3051.0626535243655,3853
6569.0,5801,0,0,0,4.007834518991462,816.2963282192726,3051.8823300330496,3871
6570.0,5800,0,0,1,3.98975181860572,816.9137931034483,3052.734309711026,3886
6571.0,5800,0,0,0,4.0335288856002265,816.0636206896552,3053.5518455206757,3730
6572.0,5796,0,1,5,4.09383706731098,816.0891994478951,3054.125683931132,3604
6573.0,5795,0,0,1,4.175165646410355,815.8176013805004,3054.8126752228372,3497
6574.0,5794,0,0,1,4.290092798608451,815.6244390749051,3055.7774976953256,3406
6575.0,5792,0,0,2,4.409215513885278,815.6419198895028,3056.844266729532,3342
6576.0,5791,0,0,1,4.546980019672666,815.6447936453117,3057.78092344112,3284
6577.0,5790,0,0,1,4.676252960065865,815.7193436960276,3058.730909284404,3229
6578.0,5788,0,0,2,4.7856514019018785,815.9210435383552,3059.8293319797594,3169
6579.0,5787,0,0,1,4.880966042418423,816.0796613098324,3060.7543932206245,3177
6580.0,5785,0,0,2,4.971278795691352,816.4971477960243,3061.7753262860656,3157
6581.0,5785,0,0,0,5.039356768959182,816.6734658599827,3062.5231070426903,3156
6582.0,5784,0,0,1,5.082715107988245,816.8665283540802,3063.467853216807,3129
6583.0,5785,0,1,0,5.136773484708736,816.7177182368193,3063.679496935325,3115
6584.0,5784,0,0,1,5.1767012839457935,816.908540802213,3064.621653597901,3081
6585.0,5781,0,0,3,5.2047508891428915,817.3888600588134,3065.4518353449375,3075
6586.0,5780,0,0,1,5.2380684542494995,817.5903114186851,3066.385197035539,3054
6587.0,5777,0,0,3,5.2568308127380705,818.0926086203912,3067.1861268136195,3043
6588.0,5775,0,0,2,5.270497268782197,818.4361904761905,3068.0076494582618,3053
6589.0,5773,0,0,2,5.285229743507773,818.8139615451239,3069.0262061655953,3035
6590.0,5772,0,0,1,5.300545592218506,819.0143797643798,3069.9218986716783,3024
6591.0,5770,0,0,2,5.317079561486928,819.2740034662045,3070.9374572584907,2996
6592.0,5768,0,0,2,5.32667969148973,819.6797850208044,3071.545055208317,3000
6593.0,5767,0,0,1,5.317464003563293,819.9391364661002,3072.3333945897407,3000
6594.0,5765,0,0,2,5.301802642999914,820.3826539462273,3073.2459710877874,2992
6595.0,5765,0,0,0,5.294314079682459,820.566869037294,3073.9743053975553,2995
6596.0,5764,0,0,1,5.280585206126526,820.824427480916,3074.6443481007796,2997
6597.0,5762,0,0,2,5.26701766586713,821.2622353349532,3075.750804033035,2996
6598.0,5762,0,0,0,5.2743975222401644,821.376084692815,3076.479167512012,2987
6599.0,5761,0,0,1,5.267667171594407,821.6531852109009,3077.387735762199,2983
6600.0,5761,0,1,1,5.243553684778474,821.7611525776775,3077.884311836624,2981
6601.0,5760,0,0,1,5.221289272151725,822.0118055555556,3078.827194671568,2979
6602.0,5758,0,1,3,5.208977205928207,822.294720389024,3079.64475113204,2963
6603.0,5757,0,0,1,5.2081448915164055,822.5249261768282,3080.5466445221136,2968
6604.0,5757,0,0,0,5.199774352376217,822.6319263505297,3081.2808734180016,2979
6605.0,5755,0,0,2,5.184368718371508,823.0490008688097,3082.3195688355263,2999
6606.0,5754,0,1,2,5.171011200287707,823.3395898505388,3082.9048598294453,2990
6607.0,5753,0,0,1,5.159544879532522,823.6389709716669,3083.6113340563734,2992
6608.0,5752,0,0,1,5.127762590992965,823.9003824756606,3084.2390619306902,3002
6609.0,5751,0,2,2,5.098749986336966,824.2616936185011,3083.890347697171,3009
6610.0,5751,0,0,0,5.071950703321397,824.4931316292818,3084.634555987975,3020
6611.0,5749,0,1,3,5.021243684307287,825.0443555400939,3085.043110396096,3030
6612.0,5748,0,0,1,4.980963911995291,825.401878914405,3085.9338281748105,3062
6613.0,5748,0,0,0,4.952194553057885,825.5690675017397,3086.685979546999,3085
6614.0,5747,0,0,1,4.901870276373731,825.9364886027493,3087.410643501164,3105
6615.0,5745,0,0,2,4.854629406101443,826.4476936466492,3088.211980781457,3129
6616.0,5747,0,1,0,4.8163551765740245,826.3671480772578,3088.511804171101,3146
6617.0,5745,0,0,2,4.7811660939069105,826.8132288946911,3089.220337807044,3157
6618.0,5744,0,0,1,4.751710297848664,827.2484331476323,3089.870145334327,3176
6619.0,5742,0,0,2,4.746130470425291,827.7955416231279,3090.6413145078154,3215
6620.0,5741,0,0,1,4.7341716182435185,828.1990942344539,3091.46365072465,3224
6621.0,5738,0,0,3,4.7232148945804475,828.9588706866504,3092.926172458364,3253
6622.0,5737,0,0,1,4.719537662121237,829.3770263203766,3093.6933437459293,3262
6623.0,5734,0,0,3,4.709860134615681,830.1192884548308,3094.946473849199,3273
6624.0,5731,0,0,3,4.702137564506404,830.7694992147967,3096.4978273381566,3282
6625.0,5730,0,0,1,4.688378217985258,831.0905759162304,3097.315887375212,3291
6626.0,5726,0,0,4,4.657278592102256,831.9741529863779,3098.5096544245926,3319
6627.0,5726,0,1,1,4.638034090289352,832.3194201886133,3098.8135157206416,3329
6628.0,5724,0,0,2,4.611584571381408,833.0139762403913,3099.942346904003,3369
6629.0,5720,0,0,4,4.575492732240949,833.9671328671328,3101.4629995082505,3379
6630.0,5718,0,0,2,4.549574782466544,834.5496677159846,3102.288323371356,3388
6631.0,5718,0,0,0,4.533816239282684,834.9059111577475,3103.0702136862806,3406
6632.0,5716,0,0,2,4.505793808324062,835.4536389083275,3104.0704443551676,3425
6633.0,5713,0,1,4,4.470222273723147,836.2401540346578,3104.769715460021,3450
6634.0,5713,0,1,1,4.440148522625965,836.6224400490111,3104.982071685836,3468
6635.0,5713,0,0,0,4.414496736384414,837.0022755119902,3105.7708724532176,3483
6636.0,5713,0,0,0,4.396825134422976,837.3856117626466,3106.5612383461125,3503
6637.0,5713,0,1,1,4.368548677418594,837.7127603710835,3106.7452287998935,3529
6638.0,5713,0,0,0,4.347753725995852,837.9982496061614,3107.538296659246,3526
6639.0,5712,0,1,2,4.323879378199212,838.4784663865546,3108.0244178119324,3543
6640.0,5712,0,0,0,4.309433052830505,838.8576680672269,3108.8202192445133,3563
6641.0,5711,0,0,1,4.292274286917879,839.3668359306602,3109.945770537915,3573
6642.0,5710,0,1,2,4.269907151727341,839.8527145359019,3110.6988997432754,3575
6643.0,5710,0,0,0,4.242151220347773,840.2478108581436,3111.499703572289,3600
6644.0,5709,0,0,1,4.221953554524548,840.7575757575758,3112.298742147138,3613
6645.0,5709,0,0,0,4.201835448641528,841.1049220528989,3113.102886199938,3614
6646.0,5708,0,0,1,4.182161902079853,841.6159775753329,3113.802651669926,3628
6647.0,5710,0,2,0,4.157779020051779,841.7880910683012,3113.5196260779435,3650
6648.0,5710,0,0,0,4.143084864307799,842.1063047285464,3114.329303499817,3665
6649.0,5709,0,0,1,4.118865606118204,842.6297074794185,3115.0706721194015,3664
6650.0,5709,0,0,0,4.093774814711617,843.081450341566,3115.884411144261,3696
6651.0,5709,0,0,0,4.073427078088912,843.5596426694692,3116.7003666634278,3719
6652.0,5707,0,0,2,4.052565403591196,844.3055896267741,3117.7691410792218,3728
6653.0,5706,0,0,1,4.036756203102053,844.906764808973,3118.5256896226974,3742
6654.0,5705,0,0,1,4.015690715279137,845.5132340052586,3119.2393574976445,3754
6655.0,5705,0,0,0,3.9987787083890165,846.012620508326,3120.0611700592467,3782
6656.0,5705,0,0,0,3.9782128268435697,846.3977212971078,3120.8839940453736,3793
6657.0,5702,0,0,3,3.95303797004623,847.372676253946,3121.9485399518658,3819
6658.0,5702,0,0,0,3.934133012742901,847.7700806734479,3122.775240651219,3822
6659.0,5701,0,0,1,3.908777021735829,848.4534292229433,3123.562653172345,3837
6660.0,5700,0,0,1,3.8788748881960546,849.0933333333334,3124.0863977558997,3865
6661.0,5699,0,0,1,3.9169052057550653,848.1054570977365,3124.9031551782446,3689
6662.0,5698,0,0,1,3.987001335582851,847.3732888732889,3125.7026435054354,3555
6663.0,5697,0,0,1,4.09174918740494,846.9770054414604,3126.632669189152,3472
6664.0,5698,0,1,0,4.214708010324605,846.3778518778519,3126.889643229703,3387
6665.0,5698,0,0,0,4.345463909929819,845.9310284310284,3127.6864276011174,3319
6666.0,5698,0,0,0,4.491725025827957,845.5496665496665,3128.4732740527807,3260
6667.0,5698,0,0,0,4.629675220214065,845.1633906633907,3129.2503407739455,3204
6668.0,5697,0,0,1,4.760941485561492,845.074776197999,3130.088333633796,3169
6669.0,5698,0,1,0,4.877544894852007,844.5952965952966,3130.3001165382802,3122
6670.0,5696,0,0,2,4.971983142104384,844.5168539325842,3131.6328057865076,3096
6671.0,5696,0,0,0,5.057942575522554,844.3414676966293,3132.3819034062,3085
6672.0,5696,0,1,1,5.135384033871133,844.261411516854,3132.846492714554,3076
6673.0,5695,0,0,1,5.204407062103868,844.3892888498683,3133.5470872237033,3054
6674.0,5695,0,1,1,5.240454757755998,844.2681299385425,3133.953711146058,3034
6675.0,5694,0,0,1,5.289257554473291,844.1794871794872,3134.900366686897,3015
6676.0,5695,0,1,0,5.317774570958592,843.937664618086,3135.082090425416,2998
6677.0,5694,0,0,1,5.340358501004162,844.1705303828592,3135.9923111947687,2990
6678.0,5693,0,0,1,5.351448122758656,844.4087475847532,3136.993374773896,2991
6679.0,5692,0,1,2,5.362012496259101,844.6466971187632,3137.386320046824,2976
6680.0,5692,0,0,0,5.394106105580352,844.790934645116,3138.1127749267134,2964
6681.0,5692,0,0,0,5.4126112815088065,844.8673576950106,3138.8376004202873,2960
6682.0,5692,0,1,1,5.426956272225403,845.0126493323963,3139.154310829385,2956
6683.0,5692,0,0,0,5.446266475754554,845.039880534083,3139.877262000227,2934
6684.0,5693,0,1,0,5.451230010042069,844.9987704198138,3140.0480912925377,2932
6685.0,5693,0,0,0,5.447639766201873,844.9508167925522,3140.77091104545,2918
6686.0,5691,0,0,2,5.445427397871163,845.2512739413108,3141.875196673867,2927
6687.0,5690,0,0,1,5.443329619780363,845.509841827768,3142.7058629058015,2929
6688.0,5690,0,0,0,5.4309043850146805,845.5537785588753,3143.4301940493306,2917
6689.0,5688,0,0,2,5.419369926019563,846.0300632911392,3144.754607537004,2911
6690.0,5687,0,1,2,5.391133028695254,846.2547916300334,3145.2353871777664,2925
6691.0,5686,0,1,2,5.3658130452753845,846.5135420330637,3145.6302763291465,2930
6692.0,5685,0,0,1,5.33718064806108,846.8103781882146,3146.6378745930124,2929
6693.0,5684,0,0,1,5.302956632046512,847.1562280084447,3147.3764524794055,2954
6694.0,5682,0,0,2,5.28041067492937,847.5512143611404,3148.5013193221503,2958
6695.0,5680,0,0,2,5.259610642429878,847.8883802816902,3149.4289836585954,2969
6696.0,5679,0,0,1,5.244607696815308,848.1421024828314,3150.3797455933363,2983
6697.0,5679,0,0,0,5.226673200123787,848.2692375418208,3151.118393513769,2981
6698.0,5676,0,0,3,5.197557977117289,848.9279422128259,3152.2942562022795,3004
6699.0,5674,0,1,3,5.163618854883328,849.4125837151921,3152.917353933293,3012
6700.0,5674,0,0,0,5.12728496279973,849.5119844906592,3153.6627175789135,3046
6701.0,5674,0,0,0,5.1035038467200575,849.6838209376101,3154.410327202615,3059
6702.0,5674,0,0,0,5.0745273837121205,849.7670074021854,3155.1598521220612,3057
6703.0,5670,0,0,4,5.0240489776092465,850.4603174603175,3156.3180213250325,3060
6704.0,5669,0,0,1,4.984289388138338,850.7946727817957,3157.432593590958,3084
6705.0,5668,0,0,1,4.938494447017703,851.1185603387438,3158.4115197448273,3094
6706.0,5667,0,0,1,4.8959519355662335,851.395623786836,3159.36335833421,3090
6707.0,5665,0,0,2,4.870092891842297,851.8201235657547,3160.434925792387,3091
6708.0,5663,0,1,3,4.836069480455342,852.2782977220554,3160.931704091264,3117
6709.0,5662,0,0,1,4.829792735346262,852.6301660190745,3161.9011967840215,3134
6710.0,5660,0,0,2,4.81133484962974,853.0075971731449,3162.817909415239,3157
6711.0,5658,0,1,3,4.8041829414220665,853.4607635206787,3163.4462215336507,3167
6712.0,5655,0,1,4,4.777839794940932,854.0127320954907,3164.1000865579053,3195
6713.0,5653,0,0,2,4.7596015756271575,854.4742614540952,3164.880616912612,3214
6714.0,5650,0,0,3,4.735147204401671,855.2313274336283,3166.207412639036,3259
6715.0,5651,0,2,1,4.706742071773607,855.4259423110954,3166.006478616882,3291
6716.0,5649,0,0,2,4.670441065950443,855.9838909541512,3167.1715231892726,3313
6717.0,5650,0,1,0,4.649763058548301,856.0690265486726,3167.3901550403575,3327
6718.0,5650,0,0,0,4.632380015568693,856.4035398230088,3168.170620730888,3348
6719.0,5651,0,2,1,4.598473008500971,856.5262785347726,3168.0806534979524,3384
6720.0,5652,0,1,0,4.57552419331806,856.7107218683652,3168.303946649777,3417
6721.0,5653,0,1,0,4.557713284506015,856.8883778524677,3168.5289642014086,3422
6722.0,5653,0,1,1,4.529568382641693,857.1666371837962,3168.995783549575,3427
6723.0,5654,0,1,0,4.52045133155001,857.3158825610187,3169.223949680409,3450
6724.0,5653,0,0,1,4.504811348664512,857.8538828940385,3170.1153607194824,3477
6725.0,5655,0,2,0,4.489685438700697,857.9036251105217,3169.7847293975287,3506
6726.0,5654,0,0,1,4.45913634724452,858.2384152812168,3170.5668179118766,3516
6727.0,5654,0,1,1,4.432013705830116,858.6651927838698,3170.960678018784,3544
6728.0,5652,0,0,2,4.408112164327863,859.19355980184,3171.821910165821,3561
6729.0,5653,0,1,0,4.386843298995084,859.3270829647975,3172.0598387569385,3577
6730.0,5653,0,1,1,4.364811060221029,859.6531045462586,3172.4218061632087,3582
6731.0,5654,0,1,0,4.339952646247409,859.9283692960736,3172.6630713028135,3615
6732.0,5653,0,1,2,4.313771317540814,860.4818680346718,3173.1849902455483,3610
6733.0,5653,0,0,0,4.29844371734795,860.8151424022643,3173.990495657196,3632
6734.0,5654,0,1,0,4.28500736151147,861.0739299610894,3174.235232980853,3650
6735.0,5653,0,0,1,4.258351099941827,861.5855298071821,3174.721662010453,3653
6736.0,5653,0,0,0,4.242471724383796,861.8979303024943,3175.5310189955508,3660
6737.0,5654,0,1,0,4.2263974958600325,862.0650866643084,3175.7798265482734,3667
6738.0,5653,0,0,1,4.201675227673048,862.641075535114,3176.80536106632,3676
6739.0,5654,0,1,0,4.174917021308616,862.9059073222497,3177.057188671695,3688
6740.0,5654,0,0,0,4.158296770210652,863.349310222851,3177.8716402745827,3708
6741.0,5653,0,0,1,4.132886302127618,863.903591013621,3178.6965752022625,3724
6742.0,5653,0,0,0,4.114409316978113,864.3334512648152,3179.513535887358,3740
6743.0,5654,0,1,0,4.095271707654697,864.560134418111,3179.7683960084146,3760
6744.0,5654,0,0,0,4.075377206286448,864.898302087018,3180.587228472679,3771
6745.0,5654,0,0,0,4.055138212729149,865.1694375663247,3181.4080482088416,3785
6746.0,5654,0,0,0,4.046900383738721,865.4837283339228,3182.2296335250767,3785
6747.0,5654,0,0,0,4.026742930608496,865.8333922886452,3183.052871633295,3804
6748.0,5654,0,0,0,4.007765969129425,866.3026176158472,3183.8764586848797,3803
6749.0,5653,0,0,1,3.9956005387300326,866.8367238634354,3184.801349925911,3814
6750.0,5654,0,1,0,3.984348367645439,867.0382030420941,3185.0639083649203,3820
6751.0,5654,0,0,0,4.035241349911227,865.9653342766184,3185.8851273793366,3663
6752.0,5654,0,0,0,4.111642583597789,865.1512203749558,3186.7008248848356,3552
6753.0,5653,0,0,1,4.225481144230348,864.6336458517601,3187.8015384954924,3441
6754.0,5653,0,0,0,4.356711143251705,864.0509464001415,3188.600992129646,3372
6755.0,5651,0,0,2,4.486833578523301,863.9929216067952,3189.84113720428,3320
6756.0,5650,0,0,1,4.621038008349865,863.8587610619469,3190.7070213014126,3264
6757.0,5648,0,1,3,4.751880658834975,863.9095254957507,3191.3850310924395,3221
6758.0,5647,0,0,1,4.866443514807025,863.8845404639632,3192.064195409401,3195
6759.0,5648,0,1,0,4.968230075735348,863.6703257790368,3192.2567187523805,3171
6760.0,5645,0,0,3,5.042627313848751,863.7433126660761,3193.587663833178,3124
6761.0,5644,0,0,1,5.108198440280513,863.8238837703756,3194.5885496314236,3119
6762.0,5641,0,1,4,5.168730101945802,864.267860308456,3195.508707461038,3105
6763.0,5641,0,0,0,5.222629754979653,864.2366601666371,3196.2502007583225,3093
6764.0,5639,0,0,2,5.2538302250892075,864.3787905657032,3197.1243990775456,3080
6765.0,5638,0,1,2,5.28986995493625,864.402625044342,3197.8047093155665,3058
6766.0,5638,0,0,0,5.322365039925168,864.3467541681447,3198.538398063483,3051
6767.0,5639,0,1,0,5.34842128563054,864.2316013477567,3198.7032649203743,3026
6768.0,5639,0,0,0,5.367308851012117,864.1986167760241,3199.4339420411925,3010
6769.0,5639,0,1,1,5.377108694332538,864.1917006561447,3199.62648463742,2992
6770.0,5638,0,0,1,5.384830701683887,864.3187300461157,3200.5576531652973,2994
6771.0,5639,0,1,0,5.390699860636747,864.0867175031034,3200.719561633492,2975
6772.0,5639,0,1,1,5.402789700376077,864.102500443341,3200.8915900520547,2971
6773.0,5638,0,0,1,5.421614246014214,864.2834338417879,3201.6467606622914,2962
6774.0,5637,0,1,2,5.416653302600102,864.5339719709065,3201.6868474476128,2968
6775.0,5636,0,0,1,5.4200495782099285,864.8239886444287,3202.1111771152664,2966
6776.0,5635,0,1,2,5.406933198256085,865.0287488908607,3202.1015826631565,2978
6777.0,5635,0,0,0,5.411824403708801,864.9563442768412,3202.828777142985,2955
6778.0,5636,0,1,0,5.417798544039788,864.8908800567779,3202.987086098175,2940
6779.0,5636,0,0,0,5.404023568638181,864.8907026259759,3203.7148615095466,2938
6780.0,5636,0,1,1,5.385858751773048,864.9602555003548,3204.0308151087706,2953
6781.0,5636,0,0,0,5.380526488766435,865.0230660042583,3204.760499698906,2962
6782.0,5634,0,1,3,5.369965072924645,865.3638622648207,3204.8362593081147,2965
6783.0,5633,0,0,1,5.355118298991642,865.6298597550151,3205.8629026965496,2979
6784.0,5632,0,1,2,5.3397524759157955,865.8668323863636,3206.474090155073,2982
6785.0,5630,0,0,2,5.312195266640623,866.3921847246892,3207.7123880563017,3013
6786.0,5630,0,1,1,5.293770456868407,866.5296625222024,3208.0798926747893,3012
6787.0,5630,0,0,0,5.275354017066392,866.6715808170516,3208.8165735709067,3019
6788.0,5629,0,0,1,5.235076486544344,866.9769053117783,3209.46028163673,3042
6789.0,5630,0,1,0,5.210295297027392,866.9666074600356,3209.6313748252355,3054
6790.0,5629,0,0,1,5.166375637065596,867.3855036418547,3210.3491365803775,3081
6791.0,5629,0,0,0,5.119196424287734,867.6532243737787,3211.096215598487,3100
6792.0,5628,0,0,1,5.062734273031649,867.9870291400142,3211.759655555795,3101
6793.0,5628,0,0,0,5.0082278482145215,868.2034470504619,3212.514251730717,3103
6794.0,5629,0,1,0,4.954727588701176,868.3023627642565,3212.7015715629614,3126
6795.0,5628,0,0,1,4.907070622382714,868.636460554371,3213.4238730749466,3144
6796.0,5627,0,0,1,4.856573377001087,868.9047449795628,3214.3031638387815,3157
6797.0,5625,0,0,2,4.807455506821523,869.3744,3215.3010489136254,3179
6798.0,5623,0,0,2,4.777709276582921,869.8378089987551,3216.394739615652,3202
6799.0,5623,0,0,0,4.768958233167091,869.959630090699,3217.165112525921,3206
6800.0,5622,0,0,1,4.738033099929042,870.3000711490573,3218.145689765097,3234
6801.0,5620,0,0,2,4.711710503626433,870.7418149466192,3219.2293830603567,3256
6802.0,5619,0,1,2,4.686892580269036,870.9814913685709,3219.6320822813464,3268
6803.0,5618,0,0,1,4.67905511537006,871.3323246707013,3220.5700678051153,3294
6804.0,5617,0,0,1,4.653273828651616,871.6815025814492,3221.4404354267817,3297
6805.0,5616,0,0,1,4.641170254833542,871.8826566951567,3222.5322222118352,3308
6806.0,5616,0,0,0,4.628677496448869,871.9738247863248,3223.3124236104827,3327
6807.0,5615,0,0,1,4.610413378295749,872.3348174532503,3224.401236137447,3355
6808.0,5614,0,0,1,4.589602102535206,872.6797292483078,3225.3980859840003,3360
6809.0,5613,0,0,1,4.558309237788092,873.1557099590237,3226.4897762326973,3373
6810.0,5610,0,0,3,4.524400497851576,873.9215686274509,3227.5179264565527,3396
6811.0,5609,0,0,1,4.493052671750884,874.3990016045641,3228.406941239089,3422
6812.0,5609,0,1,1,4.470341933140848,874.7238366910323,3228.780866237658,3452
6813.0,5609,0,0,0,4.451303367867737,875.0326261365663,3229.5749853136963,3462
6814.0,5607,0,0,2,4.424142152610545,875.6502586053148,3230.5042448315457,3471
6815.0,5605,0,0,2,4.394565495567525,876.3168599464764,3231.351170159755,3492
6816.0,5604,0,0,1,4.379082212041401,876.8001427551749,3232.2504474818675,3508
6817.0,5602,0,0,2,4.357573953769158,877.4052124241342,3233.085171275609,3520
6818.0,5601,0,0,1,4.336076338080496,877.8814497411176,3234.099607664885,3524
6819.0,5601,0,2,2,4.316542504012754,878.2697732547759,3234.1175053024394,3536
6820.0,5600,0,0,1,4.298996409685552,878.7423214285715,3235.1298628002032,3551
6821.0,5600,0,0,0,4.286788671536899,879.0194642857143,3235.9367230591843,3570
6822.0,5601,0,1,0,4.262134913883221,879.2396000714158,3236.1673209474325,3592
6823.0,5601,0,0,0,4.236884901251286,879.6570255311551,3236.9774481033596,3601
6824.0,5601,0,0,0,4.221444037733015,880.0337439742904,3237.7891095217137,3621
6825.0,5600,0,0,1,4.20548037789414,880.5783928571428,3238.4227916860827,3642
6826.0,5600,0,0,0,4.1999236652228875,880.9382142857143,3239.2366870830374,3656
6827.0,5602,0,2,0,4.195400215481294,881.018921813638,3238.8941060799616,3666
6828.0,5602,0,0,0,4.176405994547497,881.3871831488754,3239.7096801679736,3675
6829.0,5602,0,0,0,4.1740454455695915,881.7095680114245,3240.5259390138704,3677
6830.0,5602,0,0,0,4.16033298624282,882.032666904677,3241.3432250082274,3694
6831.0,5602,0,0,0,4.140888512178576,882.4550160656909,3242.161898645763,3692
6832.0,5602,0,0,0,4.120872318609027,882.8384505533738,3242.981674969779,3711
6833.0,5602,0,0,0,4.1013762058019845,883.2650838986076,3243.8025047191504,3731
6834.0,5602,0,0,0,4.079106889189932,883.7554444841128,3244.625079635076,3769
6835.0,5601,0,0,1,4.062928603449312,884.3618996607748,3245.5302508291247,3774
6836.0,5601,0,0,0,4.045497160966802,884.7052312087127,3246.3545460987752,3780
6837.0,5601,0,0,0,4.031466917943242,885.1505088377075,3247.179427098798,3797
6838.0,5601,0,0,0,4.011447225507162,885.5500803427959,3248.0056573669362,3792
6839.0,5601,0,0,0,3.9936133626794983,885.9464381360472,3248.8324381632992,3801
6840.0,5601,0,0,0,3.972263176446422,886.3295840028567,3249.660370901142,3800
6841.0,5601,0,0,0,4.003251523061541,885.3372612033565,3250.484474716924,3631
6842.0,5601,0,0,0,4.080330677720714,884.6895197286199,3251.3030486913385,3527
6843.0,5600,0,0,1,4.186279900022628,884.3680357142857,3252.1424440605315,3435
6844.0,5600,0,0,0,4.311031595525181,884.0339285714285,3252.9444605716412,3363
6845.0,5599,0,0,1,4.44456320815585,883.966601178782,3253.761139025435,3293
6846.0,5598,0,0,1,4.581496164215665,883.9399785637728,3254.5123571516983,3232
6847.0,5598,0,0,0,4.731811433534296,883.758663808503,3255.286276308815,3183
6848.0,5598,0,0,0,4.852908536754668,883.5741336191497,3256.0515914115945,3139
6849.0,5597,0,0,1,4.9398551174737575,883.5240307307486,3257.129376154984,3099
6850.0,5597,0,0,0,5.0185023435857605,883.4027157405753,3257.8836863461756,3069
6851.0,5597,0,0,0,5.10534168449902,883.2955154547079,3258.6317882379713,3053
6852.0,5596,0,0,1,5.189323853447702,883.4644388849179,3259.5822377616346,3049
6853.0,5594,0,0,2,5.247499286109552,883.8355380765106,3260.3595290057406,3035
6854.0,5593,0,0,1,5.305353961880694,883.7702485249418,3261.228590591228,2992
6855.0,5593,0,0,0,5.362454866516166,883.7271589486859,3261.9588906531876,2983
6856.0,5592,0,0,1,5.393364928410412,883.8971745350501,3262.653564953464,2966
6857.0,5591,0,0,1,5.414259636920145,883.9486675013414,3263.430606658968,2936
6858.0,5591,0,0,0,5.428220292666673,883.8810588445716,3264.156649359361,2928
6859.0,5591,0,0,0,5.4303769915044295,883.9415131461277,3264.8824085468577,2930
6860.0,5591,0,0,0,5.430163184329811,883.9840815596494,3265.6088031980275,2929
6861.0,5591,0,0,0,5.434603341671573,884.0152030048292,3266.333932735655,2927
6862.0,5591,0,0,0,5.433852390031299,884.0912180289752,3267.0596123108658,2916
6863.0,5590,0,0,1,5.414609542435139,884.2762075134168,3268.008489400352,2909
6864.0,5589,0,0,1,5.400123712803314,884.4006083378064,3268.849435981045,2900
6865.0,5589,0,0,0,5.378517181991386,884.3458579352299,3269.5785184612346,2897
6866.0,5589,0,0,0,5.365544715483812,884.2884236893899,3270.3075161148704,2879
6867.0,5588,0,0,1,5.362625186037858,884.4441660701503,3271.217568239443,2878
6868.0,5588,0,0,0,5.359480471331256,884.3324982104509,3271.9477108777996,2869
6869.0,5588,0,0,0,5.357363656206715,884.2995705082319,3272.6780798208943,2870
6870.0,5588,0,0,0,5.346377183994504,884.2668217609163,3273.409789933619,2877
6871.0,5586,0,0,2,5.3445189502342165,884.5402792696026,3274.0723744833786,2885
6872.0,5583,0,0,3,5.331912728864096,884.9149202937489,3275.0263491667447,2877
6873.0,5582,0,0,1,5.339275214841296,885.0870655678968,3275.9583607193654,2882
6874.0,5582,0,0,0,5.349895257127542,885.095485489072,3276.6906787607772,2882
6875.0,5582,0,1,1,5.342969365181279,885.1126836259406,3276.8336026955712,2883
6876.0,5582,0,0,0,5.343073845965894,885.1651737728413,3277.5671015787884,2885
6877.0,5582,0,0,0,5.340105201354377,885.2730204227876,3278.3009680000287,2891
6878.0,5582,0,0,0,5.317464408396339,885.3925116445719,3279.036278538811,2902
6879.0,5582,0,0,0,5.278734147809861,885.5447868147618,3279.7742094503283,2921
6880.0,5582,0,0,0,5.243278735629888,885.7619132927266,3280.5150814720964,2935
6881.0,5582,0,0,0,5.202583966212742,885.950376209244,3281.2591264999037,2962
6882.0,5581,0,0,1,5.178300019655234,886.2750403153557,3282.1174666954785,2985
6883.0,5580,0,0,1,5.146042788745407,886.6134408602151,3282.826050053007,2993
6884.0,5580,0,0,0,5.106091173057453,886.7213261648745,3283.5769401281977,3010
6885.0,5580,0,0,0,5.068394805877059,886.8765232974911,3284.330624208355,3029
6886.0,5580,0,0,0,5.040849900448407,887.0245519713262,3285.0864829622037,3046
6887.0,5579,0,0,1,5.006617850152333,887.3396666069189,3285.8492414844013,3054
6888.0,5579,0,0,0,4.9912995051952365,887.4267789926511,3286.6075826612764,3049
6889.0,5579,0,1,1,4.966240150905179,887.5450797633985,3286.935066207925,3079
6890.0,5580,0,1,0,4.937677781694789,887.5338709677419,3287.108141045918,3074
6891.0,5580,0,1,1,4.915730735474104,887.7544802867384,3287.3016032017695,3106
6892.0,5580,0,0,0,4.9001038912249655,887.9672043010753,3288.066785100267,3121
6893.0,5579,0,1,2,4.88297969606178,888.3991754794766,3288.8623084033084,3138
6894.0,5576,0,0,3,4.868569115827352,889.1630200860832,3289.713677170492,3164
6895.0,5573,0,0,3,4.835031871454206,890.0007177462767,3290.649960701204,3188
6896.0,5572,0,1,2,4.809296238234516,890.5680186647523,3291.0249744874304,3215
6897.0,5573,0,1,0,4.786576233153788,890.8273820204557,3291.2063708571595,3250
6898.0,5572,0,0,1,4.7554406150772355,891.3149676956209,3292.157727058488,3276
6899.0,5572,0,1,1,4.730621536511067,891.6200646087581,3292.6303944771303,3287
6900.0,5574,0,2,0,4.70305300900267,891.667922497309,3292.22609951516,3297
6901.0,5576,0,2,0,4.67919054315366,891.6673242467718,3291.823650403535,3290
6902.0,5576,0,0,0,4.648457317708876,892.0407101865136,3292.604959738899,3330
6903.0,5577,0,1,0,4.6214864943566765,892.2153487538103,3292.7981116194396,3350
6904.0,5577,0,0,0,4.604052543308683,892.5866953559262,3293.5830858828344,3372
6905.0,5574,0,0,3,4.560704950010969,893.4696806602082,3294.9265534216947,3399
6906.0,5574,0,1,1,4.528267238977731,893.8950484391819,3295.500960553165,3422
6907.0,5575,0,1,0,4.504785845027504,894.1255605381166,3295.700561245889,3432
6908.0,5575,0,1,1,4.483755055956631,894.5108520179372,3296.0557504600533,3447
6909.0,5575,0,0,0,4.463958223909144,894.8746188340807,3296.8492151155606,3445
6910.0,5575,0,0,0,4.437846330277768,895.2676233183856,3297.6441924233554,3463
6911.0,5575,0,0,0,4.416430729094899,895.6645739910314,3298.440618546423,3491
6912.0,5576,0,1,0,4.396080998950351,895.8613701578192,3298.646719899656,3492
6913.0,5576,0,0,0,4.37107366241515,896.2360114777618,3299.4467584640884,3513
6914.0,5576,0,0,0,4.352876481981008,896.6579985652797,3300.2477792327527,3534
6915.0,5575,0,0,1,4.335324598058134,897.2322869955157,3301.336159782836,3542
6916.0,5574,0,0,1,4.3232907744081315,897.7472192321493,3302.0229674525663,3555
6917.0,5574,0,1,1,4.306330790914953,898.1205597416576,3302.5079206127707,3573
6918.0,5573,0,0,1,4.290416382842179,898.6980082540822,3303.554377330667,3593
6919.0,5573,0,0,0,4.275058018493318,899.0999461690293,3304.3626182804037,3603
6920.0,5572,0,0,1,4.256250982159565,899.6922110552764,3305.3514676776613,3619
6921.0,5572,0,0,0,4.239738594222663,900.0908111988514,3306.1624190275265,3641
6922.0,5570,0,0,2,4.225159893122253,900.8213644524237,3307.2509382809094,3646
6923.0,5569,0,0,1,4.221698957768021,901.4384988328246,3308.2205001621082,3657
6924.0,5569,0,0,0,4.214864399599819,901.8874124618424,3309.0333339991416,3663
6925.0,5569,0,0,0,4.19749758968512,902.3763691865685,3309.8473276056216,3684
6926.0,5568,0,0,1,4.1851060183751745,902.9452227011494,3310.859725789624,3687
6927.0,5567,0,0,1,4.176023481111008,903.5712232800431,3311.851797947176,3691
6928.0,5563,0,0,4,4.162072265416838,904.7114866079454,3313.128007712787,3715
6929.0,5562,0,0,1,4.154580934376742,905.3579647608774,3314.198489895497,3728
6930.0,5561,0,0,1,4.1533530940621,905.9802193850027,3315.0837433630295,3737
6931.0,5560,0,0,1,4.198899726310132,905.2712230215827,3315.9731533223235,3549
6932.0,5561,0,1,0,4.292734177066301,904.4447041898939,3316.184435387137,3406
6933.0,5557,0,0,4,4.382018696808622,904.6865215044088,3316.642677869531,3323
6934.0,5555,0,0,2,4.504800034483873,904.7447344734474,3317.391002945695,3250
6935.0,5552,0,0,3,4.626396213734296,905.0761887608069,3318.6496394859546,3184
6936.0,5552,0,1,1,4.756274254690622,904.8665345821325,3319.0937306179435,3123
6937.0,5551,0,0,1,4.878607414873387,904.925959286615,3320.0741464354846,3096
6938.0,5550,0,0,1,4.977815540258228,905.0028828828829,3321.049843364891,3052
6939.0,5550,0,0,0,5.0645674983044096,904.9536936936937,3321.8030363552325,3026
6940.0,5551,0,1,0,5.1282160493139175,904.7811205188254,3321.953329732256,2997
6941.0,5551,0,0,0,5.181459000174674,904.8139074040713,3322.6986721063945,2994
6942.0,5551,0,0,0,5.230781458777588,904.876598811025,3323.440545505836,2979
6943.0,5551,0,1,1,5.289200541464849,904.958926319582,3323.7161231203017,2960
6944.0,5548,0,0,3,5.328451951368745,905.5194664744051,3324.821399333354,2937
6945.0,5547,0,0,1,5.3760156504275995,905.7470704885524,3325.793409374856,2922
6946.0,5546,0,0,1,5.413989235939683,906.0223584565452,3326.4887547745307,2913
6947.0,5547,0,1,0,5.443570681353908,906.0185685956372,3326.616228948298,2907
6948.0,5546,0,0,1,5.466406595607157,906.2488279841327,3327.1007488334853,2893
6949.0,5546,0,1,1,5.47534028985607,906.3571943743239,3327.323752366827,2895
6950.0,5544,0,0,2,5.488283561733949,906.7415223665224,3328.107578918611,2860
6951.0,5542,0,0,2,5.498220392167968,907.2112955611692,3329.0221968617557,2872
6952.0,5541,0,0,1,5.4924696209554,907.5251759610179,3329.7483442835437,2871
6953.0,5541,0,1,1,5.490404548982114,907.6713589604765,3329.966511895861,2865
6954.0,5539,0,0,2,5.476376622544393,908.1005596678101,3330.9678635011837,2860
6955.0,5537,0,0,2,5.467659623332452,908.5013545241105,3331.9748043284912,2856
6956.0,5536,0,0,1,5.458220230822667,908.8052745664739,3332.744925196229,2854
6957.0,5535,0,0,1,5.448631078519597,909.120867208672,3333.639534361925,2859
6958.0,5534,0,0,1,5.446069363129116,909.3785688471269,3334.258577353109,2847
6959.0,5532,0,1,3,5.418908358137548,909.8496023138106,3334.5980566773987,2860
6960.0,5531,0,0,1,5.3979180848313355,910.1562104501899,3335.338046791237,2881
6961.0,5530,0,0,1,5.375795262272242,910.3920433996383,3336.0972529788082,2874
6962.0,5528,0,0,2,5.350151820630483,910.8456946454414,3336.925279203777,2884
6963.0,5526,0,0,2,5.316153381459402,911.2790445168296,3337.8830637201886,2875
6964.0,5525,0,0,1,5.288384393333865,911.561628959276,3338.590332531644,2889
6965.0,5524,0,0,1,5.268490331209241,911.7948950036206,3339.3702629245636,2870
6966.0,5522,0,0,2,5.244330013043895,912.2566099239406,3340.46466902053,2890
6967.0,5520,0,0,2,5.222675137412525,912.7800724637681,3341.419352866914,2899
6968.0,5520,0,1,1,5.184086265092041,912.9353260869565,3341.5323364286414,2910
6969.0,5520,0,0,0,5.143586231843977,913.1469202898551,3342.275976200458,2931
6970.0,5520,0,0,0,5.115933145158782,913.3023550724638,3343.021676998117,2941
6971.0,5519,0,0,1,5.072530463953798,913.6955970284472,3343.5091066823484,2958
6972.0,5519,0,0,0,5.045248764563015,913.7952527631817,3344.259929538523,2968
6973.0,5517,0,0,2,5.0091619610424845,914.3335145912633,3345.130836518468,2969
6974.0,5516,0,0,1,4.973061871086578,914.697063089195,3346.1104218029845,2978
6975.0,5516,0,1,1,4.940920810894167,914.8808919506889,3346.5421579182607,2992
6976.0,5514,0,0,2,4.903049496862383,915.3594486760973,3347.479333529298,2999
6977.0,5513,0,0,1,4.8696071399445175,915.7150371848359,3348.001352242511,3014
6978.0,5512,0,0,1,4.8478410167570685,916.1242743105951,3349.0500335849083,3030
6979.0,5509,0,0,3,4.8280090246957945,916.8123071337811,3350.16631004101,3046
6980.0,5507,0,0,2,4.812852876368808,917.3555474850191,3351.2493648721743,3082
6981.0,5506,0,1,2,4.803548100393038,917.7927715219761,3351.116100106915,3120
6982.0,5503,0,0,3,4.789272497369335,918.5626022169726,3352.4095630521247,3150
6983.0,5503,0,1,1,4.781259699558794,918.8344539342177,3352.69994854471,3172
6984.0,5500,0,1,4,4.7558313154713225,919.5829090909091,3353.4993379535213,3190
6985.0,5500,0,1,1,4.748156402732835,919.8852727272728,3353.779851721118,3189
6986.0,5500,0,1,1,4.736889684827856,920.1756363636364,3354.145000356601,3211
6987.0,5498,0,1,3,4.709531525004551,920.7830120043652,3354.3235669816636,3224
6988.0,5497,0,1,2,4.69759267342498,921.3183554666182,3355.1159968727966,3255
6989.0,5494,0,0,3,4.686571690926729,922.1716417910447,3355.9642440189036,3270
6990.0,5494,0,2,2,4.662433080413039,922.5414998179832,3355.6902578816353,3295
6991.0,5493,0,1,2,4.638034544849241,923.0866557436738,3356.062097222712,3331
6992.0,5491,0,0,2,4.593904175265841,923.814059369878,3357.0196901572294,3353
6993.0,5494,0,3,0,4.571336246873703,923.6931197670185,3355.971167670407,3372
6994.0,5492,0,0,2,4.543274376266431,924.3820101966496,3356.735759728732,3383
6995.0,5488,0,0,4,4.510432722937423,925.4194606413994,3357.8042267759884,3403
6996.0,5490,0,2,0,4.487576012697819,925.4180327868852,3357.371407590844,3413
6997.0,5489,0,0,1,4.463280934639768,925.9801421023866,3358.26795862724,3424
6998.0,5487,0,0,2,4.431614588687529,926.7089484235465,3358.7408950092863,3440
6999.0,5486,0,1,2,4.402410901055978,927.2909223477944,3359.1242207422,3460
7000.0,5483,0,1,4,4.368905197874354,928.2044501185483,3359.190928183772,3465
7001.0,5481,0,0,2,4.34136770151856,928.9233716475096,3359.8738704024013,3474
7002.0,5480,0,0,1,4.332691981719268,929.4649635036496,3360.666339873349,3483
7003.0,5479,0,1,2,4.306675504253032,930.0301149844862,3360.5853158217506,3497
7004.0,5478,0,0,1,4.2734710864024406,930.6630156991603,3361.0982819827905,3511
7005.0,5476,0,0,2,4.248248605953933,931.4574506939372,3361.8212478921514,3528
7006.0,5477,0,2,1,4.234577313960445,931.7882052218367,3361.5925776746367,3544
7007.0,5476,0,0,1,4.217472149567124,932.4264061358656,3362.64085248635,3562
7008.0,5475,0,0,1,4.19577069746419,933.0423744292237,3363.6541306380786,3569
7009.0,5475,0,0,0,4.172886563574201,933.4989954337899,3364.4658974328468,3595
7010.0,5474,0,0,1,4.154992014739822,934.0719766167337,3365.2468883371607,3596
7011.0,5474,0,0,0,4.1418194472388965,934.4968944099379,3366.0607914971074,3617
7012.0,5472,0,0,2,4.125185305951396,935.2567616959064,3366.875361594384,3625
7013.0,5470,0,0,2,4.11632459743181,936.044058500914,3367.9448621278693,3628
7014.0,5469,0,0,1,4.10323086492452,936.6800146279028,3368.7350487608846,3648
7015.0,5467,0,0,2,4.085173565681042,937.4269251874886,3369.4331428107826,3658
7016.0,5466,0,0,1,4.074588566368645,938.0836077570435,3370.2964613594177,3682
7017.0,5465,0,0,1,4.07021452174469,938.7127172918573,3371.357059910407,3687
7018.0,5464,0,0,1,4.0597019861638355,939.3696925329428,3372.2602473215534,3700
7019.0,5462,0,0,2,4.043287297844452,940.1748443793482,3373.1290745908677,3713
7020.0,5462,0,0,0,4.036320760058574,940.6371292566826,3373.9481608111714,3719
7021.0,5460,0,0,2,4.0727918270629795,940.040293040293,3374.773610653736,3568
7022.0,5460,0,1,1,4.151726463589243,939.295054945055,3374.9743388656125,3455
7023.0,5460,0,0,0,4.253040247462525,938.8201465201465,3375.7785556258045,3348
7024.0,5459,0,0,1,4.365380461883213,938.5858215790438,3376.6098770021454,3280
7025.0,5458,0,0,1,4.491987455314538,938.4921216562843,3377.190483505969,3221
7026.0,5458,0,0,0,4.627113730650361,938.233418834738,3377.967760457717,3162
7027.0,5457,0,1,2,4.754631015492206,938.2046912222833,3378.318088420728,3124
7028.0,5454,0,0,3,4.857655888582382,938.5416208287495,3379.026084066248,3085
7029.0,5453,0,0,1,4.957972287362724,938.6589033559509,3379.8284417145737,3043
7030.0,5451,0,0,2,5.0375763463069525,939.0243991928087,3380.6466444591015,3003
7031.0,5451,0,1,1,5.104531569186838,939.1100715465052,3381.057657222322,2972
7032.0,5449,0,0,2,5.153239850657754,939.5472563773169,3381.6785721827287,2974
7033.0,5447,0,1,3,5.189613353707764,940.0111988250413,3381.8783546858363,2959
7034.0,5446,0,0,1,5.232778962372052,940.1628718325377,3382.4275493829377,2940
7035.0,5446,0,1,1,5.26239360064334,940.2236503856041,3382.8039999487446,2926
7036.0,5445,0,0,1,5.290297410017824,940.4159779614325,3383.2887984429317,2932
7037.0,5444,0,0,1,5.314252312479549,940.6649522409992,3384.0604950463726,2918
7038.0,5444,0,0,0,5.314605439940814,940.7883908890522,3384.7873475153106,2921
7039.0,5444,0,1,1,5.3081262266382625,940.8947465099192,3384.9401366385287,2922
7040.0,5442,0,0,2,5.302587274370944,941.4079382579934,3386.1727715795105,2917
7041.0,5442,0,0,0,5.291560975222094,941.6001470047777,3386.901136358941,2927
7042.0,5441,0,0,1,5.288591128319336,941.8605035839,3387.747394264115,2911
7043.0,5440,0,0,1,5.272165506712928,942.2402573529412,3388.520050154658,2914
7044.0,5440,0,0,0,5.270034739253059,942.4393382352941,3389.2496847651582,2927
7045.0,5439,0,1,2,5.2577558866131815,942.7966537966538,3389.4816085327507,2926
7046.0,5438,0,0,1,5.239853535219158,943.1438028687018,3390.3427847165385,2945
7047.0,5437,0,0,1,5.230249129928023,943.4989884127276,3391.1080670596452,2932
7048.0,5436,0,0,1,5.2325643668557955,943.7698675496689,3391.87919724182,2919
7049.0,5436,0,0,0,5.231654888262788,943.9551140544518,3392.6119637200068,2925
7050.0,5436,0,0,0,5.221450038605941,944.1140544518028,3393.3456568940674,2931
7051.0,5436,0,0,0,5.209193429202142,944.2014348785872,3394.0804512320315,2926
7052.0,5436,0,0,0,5.2128226189518205,944.3188005886682,3394.815515118945,2933
7053.0,5435,0,0,1,5.20247495348896,944.6625574977,3395.823055104127,2935
7054.0,5434,0,0,1,5.197993402484279,944.9569377990431,3396.7859744626635,2951
7055.0,5434,0,0,0,5.187295329774693,944.9913507545086,3397.523503624831,2939
7056.0,5434,0,1,1,5.175774044055118,945.1216415163783,3397.7479296463125,2957
7057.0,5434,0,0,0,5.164520207414,945.244939271255,3398.487781249673,2957
7058.0,5433,0,0,1,5.14328641416216,945.5930425179458,3399.2663964989547,2975
7059.0,5433,0,1,1,5.113723380710365,945.7614577581446,3399.26784662167,2981
7060.0,5431,0,0,2,5.074635987777039,946.3155956545755,3400.3819937300746,2986
7061.0,5430,0,0,1,5.037253935053047,946.6307550644567,3401.189007116003,3000
7062.0,5428,0,0,2,5.006296506710182,947.1949152542373,3402.5606234036036,3007
7063.0,5428,0,0,0,4.974814801264152,947.3758290346352,3403.314379751797,3019
7064.0,5428,0,1,1,4.940804524709441,947.5974576271186,3403.5232791498147,3045
7065.0,5426,0,0,2,4.896011330348947,948.2145226686325,3404.598920374737,3050
7066.0,5424,0,0,2,4.863837505787109,948.7861356932153,3405.350080630726,3059
7067.0,5422,0,0,2,4.8413308801309585,949.3727406860937,3406.494964914805,3076
7068.0,5421,0,0,1,4.8067341855006935,949.8448625714813,3407.517748863864,3074
7069.0,5418,0,0,3,4.783895280971506,950.6273532668881,3408.9523541390404,3106
7070.0,5416,0,0,2,4.76321628788021,951.2579394387002,3410.0402606533053,3121
7071.0,5416,0,0,0,4.746503100156362,951.4617799113737,3410.8107172299947,3127
7072.0,5416,0,1,1,4.7304775697041395,951.6368168389955,3411.0953535659623,3132
7073.0,5413,0,0,3,4.715224614659126,952.3742841307962,3412.35753454192,3149
7074.0,5413,0,0,0,4.691115105182565,952.6874191760577,3413.131471036623,3169
7075.0,5412,0,0,1,4.676102604328684,952.9660014781966,3414.1793055090197,3175
7076.0,5411,0,0,1,4.666794453432541,953.4136019220107,3415.012396635451,3192
7077.0,5410,0,1,2,4.652882372593007,953.8347504621072,3415.4376500431326,3192
7078.0,5408,0,0,2,4.635065313325386,954.4558062130177,3416.7321795121547,3207
7079.0,5408,0,0,0,4.61940704171877,954.7370562130177,3417.5127069743394,3223
7080.0,5407,0,1,2,4.606444984809141,955.1555391159608,3417.824173398431,3230
7081.0,5406,0,0,1,4.59552466242356,955.6117277099519,3418.6683480634415,3257
7082.0,5406,0,0,0,4.584461707710342,955.8947465778764,3419.4520733494683,3272
7083.0,5405,0,0,1,4.554992689814283,956.4447733580018,3420.191248723242,3287
7084.0,5405,0,1,1,4.536309739181326,956.7267345050878,3420.5535451505034,3307
7085.0,5405,0,0,0,4.521552189202316,957.1169287696578,3421.3416923799973,3334
7086.0,5406,0,1,0,4.51602454360362,957.3568257491676,3421.4970510756984,3356
7087.0,5406,0,0,0,4.495755765453165,957.7471328153903,3422.287208068041,3370
7088.0,5404,0,1,3,4.465312348414179,958.5077720207254,3422.7541986155234,3375
7089.0,5404,0,0,0,4.443079794451757,958.9146928201333,3423.548198398438,3389
7090.0,5404,0,0,0,4.421171460832175,959.3217986676536,3424.3433410790985,3405
7091.0,5405,0,1,0,4.397193702666953,959.5289546716003,3424.506568837725,3401
7092.0,5406,0,1,0,4.374970934843562,959.6707362190159,3424.6710860285075,3431
7093.0,5405,0,1,2,4.348956087531294,960.2793709528214,3424.761037120915,3450
7094.0,5405,0,0,0,4.330186689261304,960.7019426456984,3425.5627678176115,3451
7095.0,5406,0,1,0,4.320609116225621,960.9478357380688,3425.7310436686375,3481
7096.0,5407,0,1,0,4.287419086173874,961.1584982430184,3425.9012858464125,3488
7097.0,5407,0,1,1,4.268874039877703,961.625670427224,3426.109341970177,3517
7098.0,5408,0,1,0,4.2512616180369855,961.864275147929,3426.282698262201,3516
7099.0,5409,0,1,0,4.233243464953466,962.1517840635977,3426.4577601302994,3540
7100.0,5409,0,0,0,4.216996016076741,962.6004806803476,3427.267946855238,3559
7101.0,5409,0,0,0,4.19602275931011,963.0432612312812,3428.0790714055806,3566
7102.0,5408,0,0,1,4.158501976615326,963.6488535502958,3428.82138159193,3595
7103.0,5408,0,1,1,4.140529514040469,964.0456730769231,3429.0702104201555,3598
7104.0,5406,0,0,2,4.118873713989689,964.8140954495005,3429.933697872801,3603
7105.0,5405,0,0,1,4.104237299084514,965.4493987049028,3431.1268807426322,3609
7106.0,5404,0,0,1,4.0851772850564405,966.1423019985197,3432.24269161278,3628
7107.0,5402,0,0,2,4.054303450246727,966.9990744168826,3433.074042417549,3644
7108.0,5401,0,0,1,4.030397353538204,967.6917237548602,3434.2013800689347,3669
7109.0,5399,0,0,2,4.013455755630499,968.5469531394702,3435.3564419435024,3687
7110.0,5398,0,0,1,3.999264133494705,969.1715450166729,3436.2331344708623,3697
7111.0,5398,0,1,1,4.044954448333079,968.2085957762134,3436.4181709731997,3538
7112.0,5397,0,0,1,4.126681475821353,967.6462849731332,3437.4858578688277,3408
7113.0,5396,0,0,1,4.238549651242029,967.4229058561898,3438.418556707042,3323
7114.0,5395,0,0,1,4.36999025433209,967.2315106580166,3439.317268569085,3247
7115.0,5393,0,0,2,4.507825789817455,967.3723345076952,3440.1639438022385,3176
7116.0,5392,0,0,1,4.646090040595637,967.4669881305638,3440.986403821382,3122
7117.0,5391,0,1,2,4.764206000409002,967.5971062882583,3441.7217540102083,3093
7118.0,5390,0,0,1,4.877935384272223,967.7144712430427,3442.7281000389557,3061
7119.0,5389,0,0,1,4.982583016021406,967.9298571163481,3443.5237585615755,3018
7120.0,5388,0,1,2,5.074270371876838,968.0861172976986,3444.106183765335,2998
7121.0,5388,0,0,0,5.146947366533458,968.2520415738678,3444.8518057643364,2994
7122.0,5387,0,0,1,5.214175088505811,968.4314089474661,3445.9377066389934,2969
7123.0,5388,0,1,0,5.255322817181346,968.3791759465479,3446.0364485405103,2962
7124.0,5386,0,0,2,5.303664996035064,968.8191607872261,3447.1217865746257,2961
7125.0,5384,0,1,3,5.344253200526546,969.3101783060921,3447.5153478825014,2948
7126.0,5382,0,0,2,5.369507711802489,969.7995169082126,3448.6233833143947,2943
7127.0,5381,0,0,1,5.390686452578891,970.1085300130087,3449.7387859750766,2949
7128.0,5381,0,1,1,5.399587754880827,970.2092547853559,3449.8877845772367,2933
7129.0,5380,0,0,1,5.410476380741418,970.4877323420075,3450.494452236346,2923
7130.0,5378,0,0,2,5.412087464147263,970.8960580141317,3451.584897873687,2919
7131.0,5378,0,0,0,5.42056511750084,971.0163629602083,3452.3114293796893,2924
7132.0,5375,0,0,3,5.408792581744972,971.6986046511628,3453.237885181578,2915
7133.0,5373,0,0,2,5.3933723615346345,972.1367950865439,3454.2981293167513,2910
7134.0,5373,0,1,1,5.3851282324609935,972.2633538060674,3454.81799087097,2918
7135.0,5370,0,0,3,5.371248607887799,972.9033519553072,3456.2003348321464,2916
7136.0,5369,0,0,1,5.3629944534062535,973.1784317377537,3457.0519457455002,2896
7137.0,5367,0,0,2,5.342963520409615,973.6472889882616,3458.3021528125537,2907
7138.0,5366,0,0,1,5.325737462559567,973.9297428251957,3459.30342065694,2904
7139.0,5364,0,1,3,5.287920614625577,974.4248695003729,3459.6500694745637,2919
7140.0,5362,0,0,2,5.238684846513488,974.8364416262589,3460.4920209970865,2907
7141.0,5361,0,0,1,5.206820339413581,975.092520052229,3461.624818811556,2907
7142.0,5359,0,0,2,5.182407031197689,975.6417242022766,3462.8859436443827,2927
7143.0,5358,0,0,1,5.165163936798379,975.9367301231803,3463.815105452262,2931
7144.0,5357,0,1,2,5.138013918025358,976.2366996453238,3464.1678959065384,2941
7145.0,5355,0,0,2,5.104689831835363,976.7553688141924,3465.436785435225,2944
7146.0,5354,0,0,1,5.07581652376457,977.0739633918565,3466.2779870730265,2965
7147.0,5350,0,0,4,5.038182670690792,977.9463551401869,3467.4218961144093,2962
7148.0,5348,0,0,2,5.0160000751061045,978.4850411368736,3468.55218054121,2954
7149.0,5347,0,0,1,5.0042301579302215,978.9051804750327,3469.529870334151,2978
7150.0,5345,0,0,2,4.965182193829372,979.5809167446212,3470.6245716805465,2996
7151.0,5345,0,1,1,4.926813132522898,979.7782974742751,3470.7829037748966,2995
7152.0,5345,0,0,0,4.9001185199104444,980.0589335827876,3471.5428558869967,3021
7153.0,5345,0,0,0,4.858682443217699,980.309822263798,3472.305077762331,3035
7154.0,5345,0,0,0,4.827571406533948,980.5728718428438,3473.069681528548,3079
7155.0,5344,0,0,1,4.791446956645114,980.9975673652694,3474.0633769422907,3094
7156.0,5344,0,0,0,4.76782349698237,981.2327844311377,3474.8327035086772,3105
7157.0,5342,0,0,2,4.745991226588171,981.763571695994,3476.0292764049505,3108
7158.0,5342,0,0,0,4.726090967247041,981.948708348933,3476.8010845651297,3102
7159.0,5342,0,1,1,4.708035615249881,982.1851366529389,3477.025557211193,3114
7160.0,5341,0,1,2,4.696512805974415,982.605504587156,3477.4664250422757,3131
7161.0,5339,0,0,2,4.681373960853007,983.2084660048698,3478.1137088155288,3142
7162.0,5338,0,0,1,4.673627455586995,983.6264518546272,3479.0335578019717,3169
7163.0,5337,0,0,1,4.666390203070103,984.0970582724377,3480.08815627152,3180
7164.0,5335,0,0,2,4.639447935825187,984.7049671977506,3481.1824513310103,3204
7165.0,5335,0,0,0,4.627334253781028,985.1077788191191,3481.9613287144675,3213
7166.0,5337,0,2,0,4.609782774349957,985.0251077384298,3481.4364016869035,3241
7167.0,5336,0,0,1,4.587230912986707,985.5264242878561,3482.459826956256,3250
7168.0,5335,0,0,1,4.569731766527487,986.0792877225867,3483.460719505631,3271
7169.0,5335,0,0,0,4.546884243306101,986.4940955951265,3484.245736082003,3290
7170.0,5335,0,1,1,4.517819474470325,986.8755388940956,3484.5651501352136,3310
7171.0,5333,0,0,2,4.501368742441033,987.6652915807238,3485.2512211109265,3324
7172.0,5332,0,1,2,4.47832365633436,988.2141785446362,3485.785574454935,3329
7173.0,5331,0,0,1,4.451542344192772,988.7548302382293,3486.642263453433,3339
7174.0,5330,0,1,2,4.433769797991676,989.306191369606,3486.9009804511825,3358
7175.0,5329,0,1,2,4.418412760840771,989.8363670482266,3487.3089244605994,3374
7176.0,5329,0,0,0,4.40749340951451,990.2233064364797,3488.103233724873,3390
7177.0,5328,0,0,1,4.3927412978120595,990.854542042042,3489.015622864804,3421
7178.0,5330,0,2,0,4.369400547246739,990.9093808630394,3488.503635941689,3432
7179.0,5330,0,0,0,4.343854285649346,991.3714821763602,3489.303589761959,3450
7180.0,5330,0,0,0,4.328714697363308,991.7924953095685,3490.1047839108714,3468
7181.0,5330,0,0,0,4.317467184543849,992.2412757973733,3490.906487417097,3482
7182.0,5331,0,1,0,4.302694885668364,992.4612643031326,3491.054359662791,3498
7183.0,5331,0,0,0,4.293463954206852,992.817670230726,3491.8575790866494,3492
7184.0,5331,0,0,0,4.280615322742583,993.2014631401238,3492.662116318634,3502
7185.0,5329,0,0,2,4.251265634605424,993.9851754550573,3493.518766841692,3511
7186.0,5329,0,0,0,4.239319555288248,994.3505348095327,3494.3252662000586,3530
7187.0,5329,0,0,0,4.21895153139098,994.7633702383187,3495.132822241651,3550
7188.0,5330,0,1,0,4.191618443530453,994.9348968105065,3495.2865657677794,3575
7189.0,5330,0,0,0,4.170912538299181,995.3756097560976,3496.097484015773,3577
7190.0,5328,0,0,2,4.133589234613276,996.1146771771772,3497.007875385533,3586
7191.0,5328,0,0,0,4.114201234150421,996.5403528528528,3497.8218713446977,3605
7192.0,5327,0,1,2,4.087549064070694,997.1847193542332,3498.030321196314,3625
7193.0,5326,0,0,1,4.069338856191416,997.7746901990237,3499.0688060412053,3617
7194.0,5325,0,0,1,4.047694300820571,998.3718309859155,3499.7941971792625,3631
7195.0,5323,0,0,2,4.025113049753461,999.189930490325,3500.5386559225853,3645
7196.0,5321,0,0,2,3.9932885785592664,1000.0522458184552,3501.275648269458,3660
7197.0,5321,0,0,0,3.9600909721625093,1000.4613794399548,3502.098611349678,3669
7198.0,5320,0,0,1,3.9450706053539144,1001.0139097744361,3502.856927242761,3667
7199.0,5320,0,0,0,3.919490466242432,1001.4855263157895,3503.68219982573,3685
7200.0,5319,0,0,1,3.889482959023685,1002.1810490693739,3504.48191661484,3694
7201.0,5320,0,1,0,3.9372604752885008,1000.99492481203,3504.645860410351,3537
7202.0,5319,0,0,1,4.008675778424195,1000.6177852979883,3505.4218266193143,3435
7203.0,5319,0,0,0,4.114269270134464,1000.2182741116751,3506.231713786937,3350
7204.0,5320,0,1,0,4.241344284207629,999.6919172932331,3506.373529159282,3267
7205.0,5320,0,0,0,4.373636513139156,999.437030075188,3507.1646797801977,3207
7206.0,5320,0,0,0,4.500923151898538,999.2639097744361,3507.9471793925704,3167
7207.0,5318,0,0,2,4.61939661597804,999.55885671305,3509.0681129598815,3130
7208.0,5318,0,1,1,4.72206936970543,999.5003760812335,3509.1650047183566,3105
7209.0,5316,0,0,2,4.800049632196048,999.9095184349135,3509.9548714664506,3085
7210.0,5316,0,0,0,4.861386109124445,999.7673062452972,3510.711675427529,3058
7211.0,5316,0,1,1,4.91375608433917,999.7955229495861,3510.9514349779047,3034
7212.0,5316,0,0,0,4.96558822338557,999.8615500376222,3511.701359261831,3019
7213.0,5316,0,0,0,5.009503602885865,999.8433032355155,3512.448886360458,2999
7214.0,5317,0,1,0,5.049324252488743,999.6949407560654,3512.533040600525,2984
7215.0,5316,0,0,1,5.088326855299656,999.870015048909,3513.5621270897973,2971
7216.0,5317,0,1,0,5.129038174517603,999.640586797066,3513.6422498015527,2957
7217.0,5317,0,0,0,5.159872355419987,999.611435019748,3514.3809479196552,2938
7218.0,5317,0,0,0,5.173781956212553,999.6403987210833,3515.1199375749693,2936
7219.0,5317,0,0,0,5.181175867070666,999.7301109648298,3515.858845835285,2952
7220.0,5317,0,1,1,5.1890465488895785,999.7686665412826,3516.0091823330367,2943
7221.0,5318,0,1,0,5.211946548752056,999.5423091387739,3516.0853681098347,2926
7222.0,5316,0,0,2,5.20814972408614,999.9343491346877,3516.8797256617,2918
7223.0,5316,0,1,1,5.212538860907817,999.9505267118134,3517.107469339352,2911
7224.0,5316,0,0,0,5.205910872156551,999.9873965387509,3517.846670335308,2904
7225.0,5315,0,0,1,5.20523109499507,1000.1689557855127,3518.806664733648,2894
7226.0,5315,0,0,0,5.20788398158099,1000.1853245531514,3519.546122826745,2885
7227.0,5315,0,0,0,5.202083765538696,1000.2587017873942,3520.2855233443775,2882
7228.0,5316,0,1,0,5.1961329522072,1000.1433408577878,3520.363367218515,2897
7229.0,5316,0,0,0,5.1930024260044725,1000.20410082769,3521.104286621918,2904
7230.0,5316,0,0,0,5.192045169950329,1000.3978555304741,3521.845639922196,2913
7231.0,5315,0,0,1,5.1800679912633045,1000.6713076199436,3522.554824693985,2922
7232.0,5315,0,0,0,5.175328747001422,1000.8135465663217,3523.297655669208,2934
7233.0,5315,0,0,0,5.164005903739567,1000.9424270931327,3524.041545951211,2953
7234.0,5314,0,0,1,5.147238211775081,1001.2999623635679,3524.6659378626227,2963
7235.0,5313,0,0,1,5.1347768533733165,1001.5684170901562,3525.358600337841,2957
7236.0,5311,0,0,2,5.112467981146333,1002.1786857465637,3526.4140052331295,2982
7237.0,5308,0,1,4,5.075412978861294,1002.9321778447626,3526.686635425788,2984
7238.0,5308,0,0,0,5.057174720627777,1003.1038055764883,3527.438267115245,2994
7239.0,5308,0,0,0,5.028025583664207,1003.3189525244914,3528.192133786995,3001
7240.0,5308,0,0,0,4.998140579663317,1003.4807837226828,3528.948042005968,3007
7241.0,5308,0,0,0,4.971087596137654,1003.6648455162019,3529.705667551098,3004
7242.0,5307,0,0,1,4.925223925026589,1004.0286414169964,3530.734170274436,3018
7243.0,5306,0,1,2,4.87359516638454,1004.2776102525443,3531.2051296371424,3021
7244.0,5306,0,0,0,4.8361113091382295,1004.4736147757257,3531.97200981284,3039
7245.0,5305,0,0,1,4.799400381884684,1004.787370405278,3532.518558644037,3074
7246.0,5305,0,0,0,4.7758671841184634,1004.9089538171536,3533.2898790496088,3066
7247.0,5303,0,0,2,4.7504748940318615,1005.4225909862342,3534.3453584387316,3083
7248.0,5302,0,0,1,4.733403677752851,1005.8413806110901,3535.319813535388,3108
7249.0,5301,0,0,1,4.708658387900509,1006.2276928881344,3536.4193330457974,3129
7250.0,5300,0,1,2,4.704172247300259,1006.6520754716981,3536.5310268822186,3132
7251.0,5299,0,1,2,4.695151968680612,1007.045480279298,3536.793016465569,3147
7252.0,5298,0,0,1,4.686378369380356,1007.4346923367308,3537.7634491089416,3165
7253.0,5296,0,0,2,4.673947698681513,1008.0455060422961,3538.8496677240073,3170
7254.0,5296,0,1,1,4.659636251304485,1008.229418429003,3538.9730358869047,3173
7255.0,5295,0,0,1,4.635875237002109,1008.6914069877242,3539.857135278382,3195
7256.0,5295,0,2,2,4.607074326350869,1009.0030217186024,3539.6788376388367,3216
7257.0,5292,0,0,3,4.578700456618135,1009.9132653061224,3540.9610894850052,3241
7258.0,5292,0,0,0,4.554629002176512,1010.2683295540438,3541.7484985489577,3259
7259.0,5293,0,1,0,4.531355422375048,1010.3818250519554,3541.8684398368187,3273
7260.0,5293,0,0,0,4.508555439432257,1010.6865671641791,3542.659349335262,3289
7261.0,5295,0,2,0,4.484744476712514,1010.6534466477809,3542.113563956413,3290
7262.0,5294,0,0,1,4.462942138001874,1011.087268605969,3543.2164725032294,3303
7263.0,5293,0,0,1,4.446190645429704,1011.5658416776876,3544.216806957644,3314
7264.0,5293,0,1,1,4.427835655597261,1011.886264878141,3544.441642784325,3334
7265.0,5292,0,0,1,4.415750802157017,1012.3698034769463,3545.398619114315,3335
7266.0,5289,0,0,3,4.401344748060616,1013.3078086594819,3546.2694432694407,3344
7267.0,5289,0,1,1,4.3889083795632065,1013.6774437511817,3546.284470198965,3354
7268.0,5289,0,0,0,4.378559271733042,1014.0597466439781,3547.086957191533,3377
7269.0,5287,0,0,2,4.358726479540106,1014.8704369207491,3547.397333422289,3387
7270.0,5286,0,0,1,4.333039716994673,1015.3793038214151,3548.345265370416,3389
7271.0,5287,0,1,0,4.312711636376497,1015.5120105920182,3548.4816220595917,3391
7272.0,5287,0,0,0,4.29709716428358,1015.772082466427,3549.2899839792854,3402
7273.0,5285,0,0,2,4.273338817268063,1016.5708609271524,3550.0103711107363,3413
7274.0,5285,0,0,0,4.2606749596456375,1016.9878902554399,3550.8214419906744,3419
7275.0,5284,0,0,1,4.261436048288171,1017.5897047691143,3551.272304334119,3423
7276.0,5284,0,0,0,4.249676420055719,1017.9897804693414,3552.0847941739203,3438
7277.0,5285,0,1,0,4.229723885661298,1018.1678334910123,3552.2263374297117,3452
7278.0,5286,0,1,0,4.216230004008181,1018.3155505107832,3552.3690941177847,3470
7279.0,5286,0,0,0,4.204287554030627,1018.6293984108967,3553.184888437975,3467
7280.0,5287,0,1,0,4.199868249692059,1018.9124267070172,3553.3289490812767,3491
7281.0,5286,0,0,1,4.196046968521211,1019.5022701475596,3554.304214450435,3509
7282.0,5285,0,0,1,4.182884480210724,1020.1443708609271,3554.867517147942,3516
7283.0,5285,0,0,0,4.168305053801579,1020.6244087038789,3555.6859406833455,3540
7284.0,5286,0,1,0,4.151341823750063,1020.9141127506621,3555.8327482856207,3569
7285.0,5283,0,0,3,4.134136527596534,1021.9581677077418,3556.9375402342635,3592
7286.0,5283,0,1,1,4.121710371610687,1022.3568048457316,3556.94582294836,3598
7287.0,5282,0,0,1,4.100176168945356,1022.9589170768649,3557.722148788734,3607
7288.0,5282,0,1,1,4.084846224631014,1023.4401741764483,3558.0126931015234,3633
7289.0,5281,0,0,1,4.061424881187901,1024.099223631888,3558.573025581715,3636
7290.0,5281,0,0,0,4.046036293402182,1024.6491194849461,3559.3981610977353,3651
7291.0,5282,0,2,1,4.083186566647651,1023.6380159030671,3559.024438189934,3500
7292.0,5281,0,0,1,4.156653463880483,1023.3347850785836,3560.1654217831638,3388
7293.0,5278,0,0,3,4.2409093740379955,1023.5490716180371,3561.180397658065,3309
7294.0,5278,0,1,1,4.345680769686097,1023.2379689276241,3561.650469474001,3225
7295.0,5277,0,1,2,4.462079462210538,1023.3198787189691,3562.0433832945214,3185
7296.0,5276,0,0,1,4.592611017232146,1023.4476876421531,3563.1644452783244,3144
7297.0,5272,0,0,4,4.725637758854888,1024.1813353566008,3564.856278094435,3103
7298.0,5272,0,2,2,4.8338328370681705,1024.1972685887708,3564.287306993106,3065
7299.0,5271,0,0,1,4.928174575711605,1024.4854866249289,3565.29997828911,3048
7300.0,5272,0,1,0,5.008921921276189,1024.2099772382398,3565.3816611596435,3015
7301.0,5273,0,1,0,5.074644412603351,1024.0747202730893,3565.458957362299,2992
7302.0,5272,0,0,1,5.11845028426332,1024.3831562974203,3566.218220185381,2995
7303.0,5271,0,0,1,5.143452815497336,1024.6558527793588,3566.871933104124,2978
7304.0,5270,0,1,2,5.149638564509995,1024.992789373814,3567.137845637928,2983
7305.0,5269,0,0,1,5.171773802780545,1025.2531789713419,3568.1383437204922,2957
7306.0,5266,0,0,3,5.18587373378231,1025.9206228636535,3569.3851967559694,2951
7307.0,5265,0,0,1,5.18848035361402,1026.2809116809117,3570.3142857456705,2946
7308.0,5265,0,0,0,5.200954625071352,1026.408547008547,3571.056155783475,2938
7309.0,5265,0,0,0,5.197755142801462,1026.5688509021843,3571.797995866922,2947
7310.0,5263,0,0,2,5.197109885285973,1027.1269238077143,3572.630176306642,2947
7311.0,5262,0,0,1,5.18445089064796,1027.5117825921702,3573.4162393053857,2958
7312.0,5263,0,1,0,5.16841419439329,1027.5506365190956,3573.480029143175,2964
7313.0,5262,0,0,1,5.162752388828254,1027.801406309388,3574.165127269552,2957
7314.0,5261,0,0,1,5.156526577998784,1028.091617563201,3574.921199188484,2958
7315.0,5259,0,0,2,5.139409039503501,1028.4841224567408,3575.915930799647,2948
7316.0,5257,0,0,2,5.124433618066185,1028.9914399847821,3576.720297061161,2950
7317.0,5255,0,0,2,5.099970260857089,1029.463368220742,3577.551489319173,2943
7318.0,5254,0,0,1,5.079976469942196,1029.8877046060145,3577.9707239942345,2958
7319.0,5252,0,0,2,5.052847474622795,1030.4883853769993,3578.5995368774284,2967
7320.0,5252,0,0,0,5.040316775451183,1030.7151561309977,3579.34965304293,2972
7321.0,5252,0,0,0,5.031126712795995,1030.9415460776847,3580.100641777171,2979
7322.0,5252,0,0,0,5.02318617302185,1031.1443259710586,3580.852534268665,2990
7323.0,5251,0,0,1,5.012186091214368,1031.5187583317463,3581.896338152209,3006
7324.0,5251,0,0,0,5.014847207669061,1031.6288326033136,3582.6490478481364,3006
7325.0,5252,0,1,0,5.00767683200429,1031.5485529322164,3582.720325982628,3005
7326.0,5252,0,0,0,5.007598886155851,1031.7977913175932,3583.4744075801186,3031
7327.0,5251,0,0,1,4.991288694340026,1032.2401447343364,3584.2461199451077,3023
7328.0,5251,0,0,0,4.963396053584162,1032.5094267758523,3585.003217255107,3045
7329.0,5251,0,0,0,4.942183551714567,1032.7783279375358,3585.762392257953,3034
7330.0,5251,0,0,0,4.9194144753402105,1032.9731479718148,3586.5235482706253,3032
7331.0,5252,0,1,0,4.889610957756765,1032.9876237623762,3586.6039546746706,3041
7332.0,5252,0,0,0,4.8547118794378825,1033.1226199543032,3587.369465552742,3044
7333.0,5252,0,0,0,4.811094767837444,1033.2654226961158,3588.1388269171257,3063
7334.0,5251,0,0,1,4.778546558569664,1033.5941725385642,3589.2003528601376,3062
7335.0,5251,0,0,0,4.745312170111884,1033.7981336888213,3589.9751911882386,3090
7336.0,5251,0,0,0,4.725736346840177,1033.8979242049134,3590.75168698032,3093
7337.0,5250,0,0,1,4.69818367751321,1034.2685714285715,3591.792114441237,3096
7338.0,5250,0,0,0,4.681469241721665,1034.4813333333334,3592.5715317543404,3108
7339.0,5250,0,0,0,4.6801152627285845,1034.6855238095238,3593.3513622761966,3097
7340.0,5250,0,1,1,4.671368850939256,1034.84,3593.7753626079757,3088
7341.0,5250,0,0,0,4.678591704044199,1035.0965714285715,3594.5552692794,3114
7342.0,5250,0,0,0,4.670978750256765,1035.352,3595.3360171543386,3131
7343.0,5251,0,1,0,4.683726799503216,1035.4511521614932,3595.431678131564,3143
7344.0,5250,0,0,1,4.681705349657647,1035.9921904761904,3596.241870593535,3161
7345.0,5249,0,0,1,4.6743612516959105,1036.546008763574,3597.238451146553,3181
7346.0,5247,0,0,2,4.644546145523741,1037.2944539736993,3598.3267486503264,3194
7347.0,5247,0,0,0,4.6302576138051075,1037.6455117209834,3599.11187621795,3189
7348.0,5246,0,0,1,4.626231741059197,1038.1786122760197,3600.1488406461326,3201
7349.0,5244,0,0,2,4.610844956438381,1038.9403127383678,3600.9535065338323,3214
7350.0,5243,0,0,1,4.594901427039362,1039.5273698264352,3601.723471260803,3240
7351.0,5242,0,0,1,4.56844046334468,1040.0448302174743,3602.8713734316716,3259
7352.0,5239,0,0,3,4.528647362194808,1041.0162244703188,3603.8273842748613,3286
7353.0,5240,0,2,1,4.494308709921482,1041.2515267175572,3603.236711278202,3310
7354.0,5240,0,0,0,4.469497481980073,1041.6030534351146,3604.0333981184053,3315
7355.0,5239,0,0,1,4.440011523034149,1042.1996564229814,3604.7028889127764,3340
7356.0,5239,0,0,0,4.417675040758112,1042.5432334414966,3605.5025180355965,3342
7357.0,5239,0,0,0,4.407974632809781,1042.8753578927276,3606.303437958705,3341
7358.0,5239,0,0,0,4.395673088060794,1043.273907234205,3607.1059707773506,3351
7359.0,5239,0,0,0,4.380688139522885,1043.5048673410956,3607.9092951282437,3360
7360.0,5239,0,0,0,4.371470486707488,1043.8528345104028,3608.713894028696,3366
7361.0,5238,0,0,1,4.35488150190951,1044.479190530737,3609.921335184813,3376
7362.0,5237,0,0,1,4.342857212487898,1045.1376742409777,3610.9842985226883,3396
7363.0,5235,0,0,2,4.318998240675952,1046.010124164279,3611.8539145779346,3420
7364.0,5233,0,0,2,4.2987379588708095,1046.878081406459,3612.9237397094375,3432
7365.0,5232,0,0,1,4.2862874846334895,1047.5951834862385,3613.8749505324695,3457
7366.0,5231,0,0,1,4.271159879356818,1048.3058688587269,3614.934604631086,3475
7367.0,5231,0,0,0,4.253238417300341,1048.7925826801759,3615.748552608728,3494
7368.0,5230,0,0,1,4.233973696410687,1049.4862332695984,3616.7019399997416,3504
7369.0,5230,0,1,1,4.2151292009152215,1050.0282982791587,3616.946612392612,3521
7370.0,5228,0,0,2,4.197975220936812,1050.8934583014536,3617.921115086604,3530
7371.0,5227,0,0,1,4.178911474485524,1051.5255404629806,3619.0494795466584,3533
7372.0,5225,0,0,2,4.155032748926928,1052.3645933014354,3619.9068874741038,3537
7373.0,5224,0,0,1,4.132434200020469,1053.0870980091884,3620.7631948778712,3561
7374.0,5222,0,0,2,4.111873323122191,1053.96763692072,3621.928264642536,3574
7375.0,5220,0,0,2,4.085656797282333,1054.8701149425287,3623.1903171909025,3587
7376.0,5220,0,0,0,4.083098026032225,1055.346551724138,3624.0134872978538,3584
7377.0,5220,0,1,1,4.073604089520404,1055.8572796934866,3624.4466091347736,3605
7378.0,5220,0,0,0,4.052018264901645,1056.3105363984673,3625.271406618258,3596
7379.0,5219,0,0,1,4.034157031940794,1057.0224180877563,3626.132432215384,3614
7380.0,5218,0,0,1,4.024127217944481,1057.7769260252971,3627.237723583285,3630
7381.0,5218,0,0,0,4.079452842799799,1056.8060559601379,3628.0600878547752,3480
7382.0,5217,0,0,1,4.155010886692247,1056.4539007092199,3629.023792996008,3371
7383.0,5217,0,0,0,4.255061938053907,1056.0003833620856,3629.834327966279,3275
7384.0,5217,0,1,1,4.366407524439128,1055.659574468085,3629.886109898595,3218
7385.0,5217,0,0,0,4.488428004682087,1055.3979298447384,3630.680137089813,3179
7386.0,5216,0,0,1,4.617021193198413,1055.5072852760736,3631.464766408443,3143
7387.0,5216,0,0,0,4.7441669675875975,1055.526073619632,3632.2417327823464,3116
7388.0,5215,0,0,1,4.849259656934503,1055.7330776605945,3633.039894130986,3092
7389.0,5216,0,1,0,4.922854237766162,1055.658550613497,3633.1082071615383,3097
7390.0,5216,0,0,0,4.997821907305932,1055.6840490797547,3633.869195844242,3079
7391.0,5216,0,0,0,5.051333064803737,1055.8560199386502,3634.6270642655413,3051
7392.0,5216,0,0,0,5.110484812450285,1056.0546395705521,3635.3806615490503,3044
7393.0,5217,0,1,0,5.155581650560367,1055.8027602070156,3635.434509394675,3008
7394.0,5217,0,0,0,5.191039620213849,1055.8591144335826,3636.1830377906326,3006
7395.0,5216,0,0,1,5.22068873117948,1056.1817484662577,3637.1288399215728,2998
7396.0,5217,0,1,0,5.249065094996832,1056.11730879816,3637.176447417849,2989
7397.0,5217,0,0,0,5.258302471394619,1056.247076864098,3637.9198680870345,2987
7398.0,5217,0,1,1,5.253201974170343,1056.3760782058655,3638.240526533569,2976
7399.0,5216,0,0,1,5.261653796489586,1056.7427147239264,3638.642290389582,2987
7400.0,5216,0,0,0,5.270597783457609,1056.938458588957,3639.384911980008,2975
7401.0,5217,0,1,0,5.266081306034522,1056.9089515046962,3639.43033087252,2964
7402.0,5217,0,0,0,5.259853413733757,1057.1130918152194,3640.174176906634,2971
7403.0,5217,0,0,0,5.257883859791287,1057.3256660916236,3640.918039805511,2969
7404.0,5215,0,0,2,5.238292931104464,1057.8981783317354,3642.3256523933437,2976
7405.0,5214,0,0,1,5.228966835884517,1058.2253548139624,3643.32824545281,2972
7406.0,5212,0,0,2,5.2086851114903014,1058.735226400614,3644.8410370674023,2966
7407.0,5212,0,1,1,5.195651811210122,1058.886607828089,3644.871468459985,2959
7408.0,5211,0,0,1,5.179644363072308,1059.20571867204,3645.9059277101355,2958
7409.0,5209,0,0,2,5.15688990470863,1059.7836436936072,3646.733702333155,2964
7410.0,5209,0,0,0,5.152349869453248,1060.0005759262815,3647.4828203375005,2984
7411.0,5207,0,0,2,5.122437802077957,1060.5682734780103,3648.682285788965,2988
7412.0,5207,0,0,0,5.095464370010436,1060.753600921836,3649.434587864099,2983
7413.0,5206,0,0,1,5.052558089953985,1061.1067998463311,3650.414850309949,2999
7414.0,5205,0,0,1,5.013806371564416,1061.4887608069164,3651.1683141195285,3020
7415.0,5206,0,1,0,4.985808116025195,1061.5245870149827,3651.2264679392156,3037
7416.0,5205,0,0,1,4.942832406915115,1061.880307396734,3652.3380419670198,3048
7417.0,5205,0,0,0,4.908885554354856,1062.1058597502401,3653.102916789004,3052
7418.0,5204,0,0,1,4.8765615830158,1062.5634127594158,3654.1030567550924,3073
7419.0,5204,0,0,0,4.84306483755163,1062.8284012298232,3654.871371846299,3078
7420.0,5204,0,0,0,4.814715945658527,1063.0347809377402,3655.6422560255014,3091
7421.0,5204,0,0,0,4.79708009310939,1063.2922751729438,3656.414859366184,3093
7422.0,5203,0,0,1,4.780100041359661,1063.685950413223,3657.1820920767623,3102
7423.0,5203,0,1,1,4.760241310254257,1063.9465692869499,3657.5055298696516,3112
7424.0,5201,0,0,2,4.732951055412136,1064.6373774274177,3658.359675993299,3127
7425.0,5199,0,0,2,4.701152275259518,1065.356222350452,3659.6834785420133,3142
7426.0,5199,0,0,0,4.679598764672584,1065.5199076745528,3660.463487231288,3148
7427.0,5199,0,0,0,4.663705683005458,1065.7214849009424,3661.244027764359,3143
7428.0,5198,0,0,1,4.645343896241088,1066.1508272412466,3662.392770038293,3153
7429.0,5198,0,0,0,4.6320466402588,1066.47075798384,3663.1752381895767,3185
7430.0,5197,0,0,1,4.631348347426872,1066.9542043486626,3664.2166775651217,3199
7431.0,5198,0,1,0,4.630752912007231,1066.8212774143901,3664.2941084852814,3202
7432.0,5197,0,0,1,4.630571615924337,1067.1801039060997,3665.0676718730365,3215
7433.0,5197,0,0,0,4.627861444564097,1067.4110063498172,3665.8505299035673,3225
7434.0,5197,0,1,1,4.623679595931419,1067.6784683471233,3666.01137620211,3240
7435.0,5196,0,0,1,4.6202820714693535,1068.1601231716704,3666.7669070963975,3245
7436.0,5196,0,0,0,4.61904287885151,1068.4751732101618,3667.550894168719,3248
7437.0,5197,0,1,0,4.60780240719017,1068.6099672888204,3667.630074971633,3248
7438.0,5196,0,0,1,4.5808476921339985,1069.1943802925327,3668.571253064171,3270
7439.0,5195,0,0,1,4.545969857406564,1069.7624639076034,3669.817404871634,3296
7440.0,5196,0,1,0,4.52739224957272,1069.9726712856043,3669.901107532332,3318
7441.0,5197,0,1,0,4.514027043353214,1070.1520107754475,3669.9869073685304,3327
7442.0,5196,0,0,1,4.50350952107444,1070.7474980754425,3670.8902804927952,3329
7443.0,5196,0,0,0,4.486137325152613,1071.1764819091609,3671.6843105191974,3349
7444.0,5197,0,1,0,4.461205137279386,1071.282663074851,3671.773858610117,3339
7445.0,5196,0,0,1,4.450623751767147,1071.7965742879137,3672.8804104019846,3347
7446.0,5197,0,1,0,4.430835985534736,1071.956898210506,3672.9722954082545,3371
7447.0,5198,0,1,0,4.405280723058809,1072.179492112351,3673.0662383865356,3388
7448.0,5198,0,1,1,4.373444719987863,1072.6208156983455,3673.3375940244937,3402
7449.0,5198,0,0,0,4.351592670240773,1073.0621392843402,3674.1421738426952,3418
7450.0,5199,0,1,0,4.323551983732851,1073.3187151375264,3674.2417830246395,3442
7451.0,5198,0,0,1,4.311038650697571,1073.9842247018084,3674.852775113963,3455
7452.0,5198,0,0,0,4.292324037959975,1074.4322816467873,3675.662145037468,3471
7453.0,5199,0,1,0,4.270958988347478,1074.6657049432583,3675.7654190046173,3488
7454.0,5199,0,0,0,4.253703224204471,1075.1042508174648,3676.5773233667746,3503
7455.0,5197,0,0,2,4.235027996634514,1075.9753704060035,3677.613682746325,3516
7456.0,5198,0,1,0,4.225728752248616,1076.26644863409,3677.7203262213993,3549
7457.0,5198,0,1,1,4.19667492986094,1076.7525971527512,3678.059364885741,3558
7458.0,5198,0,0,0,4.180733198271448,1077.250288572528,3678.8766486611235,3585
7459.0,5197,0,0,1,4.160713600815655,1077.9486242062728,3679.3203977149847,3604
7460.0,5197,0,0,0,4.136607956775171,1078.410813931114,3680.1407730350097,3608
7461.0,5196,0,0,1,4.123811070652244,1079.0542725173211,3681.3024630845216,3624
7462.0,5194,0,0,2,4.095257731994125,1079.9484020023103,3681.829046319049,3634
7463.0,5194,0,0,0,4.077123614634581,1080.457065845206,3682.653118099421,3651
7464.0,5194,0,0,0,4.05109199955402,1080.8763958413554,3683.4793869446084,3662
7465.0,5193,0,0,1,4.025168066362978,1081.6210283073367,3683.9766854410677,3692
7466.0,5193,0,0,0,4.001966204412231,1082.1683034854611,3684.805830118404,3704
7467.0,5193,0,0,0,3.990697146392494,1082.6953591373,3685.6356239541174,3721
7468.0,5191,0,0,2,3.9682288944181683,1083.6411096127913,3686.5808409562483,3730
7469.0,5192,0,1,0,3.962063429910298,1083.9947996918336,3686.702085988469,3742
7470.0,5190,0,0,2,3.9384709694018554,1084.8290944123314,3687.6054835405475,3730
7471.0,5190,0,0,0,3.9996174386373293,1083.8423892100193,3688.4337099673344,3578
7472.0,5189,0,1,2,4.071522677616335,1083.3158604740797,3688.639580675416,3455
7473.0,5189,0,0,0,4.175639126088034,1082.727307766429,3689.4553225354957,3363
7474.0,5188,0,0,1,4.304706298491642,1082.408635312259,3690.1700734964506,3279
7475.0,5187,0,0,1,4.439447946174151,1082.2666281087334,3691.045905016644,3219
7476.0,5186,0,0,1,4.581996419150076,1082.1727728499807,3691.8229357355353,3159
7477.0,5184,0,0,2,4.717657415801295,1082.3225308641975,3692.2286532047,3114
7478.0,5185,0,1,0,4.846804765776601,1081.9093539054966,3692.2864549131345,3077
7479.0,5184,0,0,1,4.92531893744259,1081.9546682098764,3693.0997041137143,3045
7480.0,5184,0,0,0,4.996060277338909,1081.9168595679012,3693.859789428025,3021
7481.0,5185,0,1,0,5.048651896884269,1081.7575699132112,3693.9036897218807,3013
7482.0,5184,0,0,1,5.092303285091654,1082.0731095679012,3694.780877865556,3003
7483.0,5183,0,0,1,5.139120134995118,1082.3179625699402,3695.6892661178795,2995
7484.0,5184,0,1,0,5.179701805109338,1081.842399691358,3695.724489410455,2957
7485.0,5183,0,0,1,5.206802213013363,1082.0802623962957,3696.540932456738,2964
7486.0,5183,0,1,1,5.231422791160117,1082.0623191202008,3696.474455421469,2928
7487.0,5183,0,0,0,5.2488193718109635,1082.0902951958326,3697.2176153465048,2932
7488.0,5181,0,0,2,5.2563296019483206,1082.5906195715113,3698.0856274148614,2930
7489.0,5181,0,0,0,5.260676502731498,1082.6037444508781,3698.8277054455175,2912
7490.0,5180,0,0,1,5.2711822330844536,1082.819305019305,3699.7804383177468,2894
7491.0,5179,0,0,1,5.264974143742828,1083.1212589302954,3700.371423053086,2894
7492.0,5178,0,0,1,5.2598711390723585,1083.5106218617227,3701.037034894408,2900
7493.0,5178,0,0,0,5.252966024978185,1083.6382773271534,3701.779106818241,2896
7494.0,5177,0,0,1,5.237887020924254,1083.9629128839097,3702.6054181876802,2907
7495.0,5176,0,0,1,5.233056980337236,1084.3151081916537,3703.499394640397,2907
7496.0,5173,0,0,3,5.213561647607322,1085.088536632515,3704.513219894625,2890
7497.0,5173,0,0,0,5.19736021640449,1085.287260777112,3705.2580992113117,2897
7498.0,5170,0,0,3,5.174319103483713,1086.0659574468084,3706.5854955556442,2896
7499.0,5168,0,0,2,5.157997170377726,1086.623258513932,3707.679639191035,2906
7500.0,5166,0,0,2,5.130589241549216,1087.12950058072,3708.256365482863,2914
7501.0,5164,0,0,2,5.112620313713687,1087.7625871417506,3709.3140403058533,2933
7502.0,5164,0,0,0,5.092808604284362,1087.9972889233152,3710.0659727857324,2928
7503.0,5163,0,0,1,5.083581714395567,1088.3951191167926,3710.6022854938906,2934
7504.0,5161,0,0,2,5.056858773524831,1088.992443324937,3711.8776592403815,2948
7505.0,5161,0,0,0,5.0445025063169835,1089.2096492927726,3712.6334320179394,2953
7506.0,5161,0,0,0,5.038837685734317,1089.4840147258283,3713.389685075376,2956
7507.0,5161,0,0,0,5.040412714527977,1089.7378415035846,3714.1466611271317,2975
7508.0,5161,0,0,0,5.023507418515832,1090.0596783569076,3714.905159685961,2981
7509.0,5160,0,0,1,4.997714218485294,1090.5924418604652,3715.6372355333715,2985
7510.0,5159,0,0,1,4.970191429051875,1091.114944756736,3716.669444817281,2995
7511.0,5159,0,0,0,4.940348987515666,1091.4367125411902,3717.434640385063,3002
7512.0,5158,0,0,1,4.907631185210034,1091.921287320667,3718.4712514707726,3015
7513.0,5157,0,0,1,4.8761495262074455,1092.4188481675392,3719.397445662055,3012
7514.0,5155,0,0,2,4.83616147844104,1093.0327837051407,3720.459353638507,3022
7515.0,5155,0,0,0,4.807202484721333,1093.227546071775,3721.2341300795615,3022
7516.0,5155,0,0,0,4.793522045837354,1093.4166828322018,3722.009942582473,3023
7517.0,5154,0,0,1,4.787829789638127,1093.7920062087699,3722.8163245048736,3029
7518.0,5152,0,0,2,4.779799513385619,1094.475155279503,3723.7205683548473,3051
7519.0,5152,0,0,0,4.781816828270893,1094.7096273291925,3724.4974065588835,3048
7520.0,5149,0,0,3,4.759535978044181,1095.5686541075936,3725.6995065839797,3059
7521.0,5151,0,2,0,4.748061545677497,1095.4150650359154,3725.032212854635,3078
7522.0,5149,0,0,2,4.743503331424283,1096.0283550203924,3725.454287135067,3086
7523.0,5150,0,1,0,4.746509269553257,1096.0850485436893,3725.5107212780295,3099
7524.0,5149,0,0,1,4.736666682754113,1096.5764226063313,3726.1360824707526,3114
7525.0,5148,0,0,1,4.718069484729875,1097.1307303807305,3727.0226443387864,3116
7526.0,5148,0,1,1,4.702656793826918,1097.4110334110335,3727.2017262102304,3115
7527.0,5149,0,1,0,4.691551658292708,1097.5657409205671,3727.261143538463,3135
7528.0,5148,0,0,1,4.6729002653066445,1098.0984848484848,3728.27932552854,3147
7529.0,5149,0,1,0,4.649007541670565,1098.2400466109925,3728.3409280320293,3168
7530.0,5148,0,0,1,4.6183925281920875,1098.7744755244755,3729.1554887741936,3165
7531.0,5147,0,0,1,4.593652397533197,1099.2896833106663,3729.8667786570336,3184
7532.0,5148,0,1,0,4.562218363738543,1099.432400932401,3729.9342233154334,3205
7533.0,5149,0,1,0,4.538016631655636,1099.5428238492912,3730.0029403830986,3214
7534.0,5147,0,0,2,4.512237461212264,1100.328735185545,3731.1106811380278,3227
7535.0,5146,0,1,2,4.48382133182121,1100.9430625728721,3731.5209797399775,3246
7536.0,5146,0,0,0,4.472602072253736,1101.3291877186164,3732.318177918257,3273
7537.0,5146,0,1,1,4.449432900369277,1101.733773804897,3732.329739847885,3294
7538.0,5147,0,2,1,4.422576438048977,1101.9753254322907,3731.8710220895955,3314
7539.0,5145,0,0,2,4.3969719344860385,1102.7727891156462,3732.9281079680923,3330
7540.0,5145,0,0,0,4.383715090264656,1103.179980563654,3733.733022758612,3344
7541.0,5145,0,1,1,4.360312892170965,1103.5673469387755,3733.877304128451,3351
7542.0,5145,0,0,0,4.320364788400519,1103.956462585034,3734.686579971607,3367
7543.0,5145,0,0,0,4.303413734685285,1104.3630709426627,3735.4968704747803,3390
7544.0,5145,0,0,0,4.277306301740139,1104.820602526725,3736.3094963453623,3413
7545.0,5144,0,0,1,4.257952986880174,1105.5279937791602,3737.2925806440503,3447
7546.0,5141,0,0,3,4.2260000100871755,1106.640342345847,3737.89763896317,3462
7547.0,5141,0,0,0,4.191452519965624,1107.0972573429294,3738.7161463015673,3491
7548.0,5138,0,0,3,4.15878464844132,1108.2353055663682,3739.7897914405366,3523
7549.0,5139,0,2,1,4.1434489249205795,1108.464876435104,3739.3465636123715,3521
7550.0,5138,0,0,1,4.113064985207072,1109.1629038536396,3740.298914233783,3535
7551.0,5138,0,0,0,4.083759786821431,1109.5780459322693,3741.125027860852,3545
7552.0,5138,0,0,0,4.061113390226332,1110.0465161541456,3741.952632083394,3565
7553.0,5137,0,0,1,4.044110881800004,1110.7299980533385,3742.6787432857977,3594
7554.0,5136,0,0,1,4.027512764443038,1111.4129672897195,3743.5226208986714,3608
7555.0,5134,0,0,2,3.9996800849035967,1112.336969224776,3744.3778731770694,3622
7556.0,5133,0,0,1,3.979278958801723,1113.10520163647,3745.2043206465364,3638
7557.0,5133,0,1,1,3.9544262005060333,1113.63159945451,3745.5044485748463,3651
7558.0,5132,0,0,1,3.926606964980348,1114.4275136399065,3746.139610568902,3672
7559.0,5131,0,0,1,3.901084834224441,1115.2128240109141,3746.9077130945166,3701
7560.0,5131,0,1,1,3.8765547541131604,1115.8086143052037,3746.961181188956,3716
7561.0,5131,0,0,0,3.9251889422808164,1114.8600662638862,3747.7947528370796,3552
7562.0,5128,0,0,3,3.995388513436104,1114.808697347894,3748.7447571851853,3430
7563.0,5127,0,1,2,4.098116109124035,1114.5457382484883,3749.016861597892,3346
7564.0,5126,0,0,1,4.220448798374484,1114.5124853687084,3749.9955213153353,3273
7565.0,5126,0,1,1,4.341628991184692,1114.3341786968397,3750.0568300485297,3232
7566.0,5124,0,0,2,4.474954059677755,1114.682474629196,3751.1010567634958,3193
7567.0,5124,0,0,0,4.595821986996471,1114.77068696331,3751.8880615565654,3166
7568.0,5122,0,1,3,4.694412749955023,1115.1696602889497,3752.029961078813,3154
7569.0,5122,0,0,0,4.780207584418097,1115.03807106599,3752.804300401968,3131
7570.0,5121,0,0,1,4.863051113166022,1115.3130247998438,3753.438549612659,3104
7571.0,5121,0,1,1,4.923623957476874,1115.4512790470612,3753.4193486029426,3092
7572.0,5120,0,0,1,4.980414782605118,1115.746484375,3754.3653675642336,3091
7573.0,5120,0,0,0,5.026770959845782,1115.8955078125,3755.1229433292465,3059
7574.0,5119,0,0,1,5.06771611404378,1116.261769876929,3756.11624735652,3056
7575.0,5117,0,0,2,5.09093561724509,1116.860074262263,3756.9979300155496,3047
7576.0,5116,0,0,1,5.103675912084133,1117.1147380766224,3757.875110957906,3039
7577.0,5115,0,0,1,5.130853768253293,1117.3941348973608,3758.670667684162,3036
7578.0,5114,0,0,1,5.1545104873263785,1117.509972624169,3759.542282533101,3010
7579.0,5114,0,0,0,5.176584435161738,1117.5676574110284,3760.2890267699418,2996
7580.0,5113,0,0,1,5.187485042807381,1117.8597692157246,3761.048221021156,2986
7581.0,5111,0,0,2,5.190132237358571,1118.385638818235,3762.0608677944833,2974
7582.0,5111,0,0,0,5.191810318065571,1118.3568773234201,3762.8067206225355,2975
7583.0,5111,0,0,0,5.188226330983238,1118.4693797691255,3763.552471939265,2956
7584.0,5111,0,0,0,5.187479369447459,1118.591469379769,3764.2985890169784,2956
7585.0,5110,0,0,1,5.187158386797373,1118.9011741682975,3764.951315737843,2951
7586.0,5111,0,1,0,5.187676561215341,1118.781060457836,3764.9603350188395,2964
7587.0,5109,0,0,2,5.179124775879468,1119.3092581718536,3766.0029668837756,2958
7588.0,5108,0,0,1,5.18518254089377,1119.7503915426782,3766.7443069512506,2943
7589.0,5107,0,0,1,5.1806362576519955,1120.093792833366,3767.713490634384,2947
7590.0,5107,0,0,0,5.173633533389004,1120.2429998041903,3768.4599907990005,2945
7591.0,5106,0,0,1,5.174510648401835,1120.6032119075596,3769.2398576941982,2950
7592.0,5105,0,0,1,5.15835942379658,1120.703819784525,3769.8758199803583,2949
7593.0,5103,0,0,2,5.1385653252885986,1121.1534391534392,3770.623518231656,2952
7594.0,5102,0,1,2,5.128900107498992,1121.3651509212073,3770.9119778276704,2941
7595.0,5100,0,0,2,5.098753760176468,1121.8170588235294,3771.71403165492,2938
7596.0,5100,0,0,0,5.072825124240383,1121.8303921568627,3772.4660553112985,2934
7597.0,5098,0,0,2,5.036278214392191,1122.2565712043938,3773.3676221628025,2945
7598.0,5096,0,0,2,4.987994860248406,1122.8100470957613,3773.8814723504383,2954
7599.0,5095,0,0,1,4.934437759348437,1123.1358194308145,3774.5843331112765,2966
7600.0,5095,0,0,0,4.888418699926087,1123.1723258096172,3775.3470899945987,2981
7601.0,5095,0,0,0,4.850259216339995,1123.277723258096,3776.1128234963408,2998
7602.0,5095,0,0,0,4.823396804722422,1123.2969578017664,3776.8803266080176,3005
7603.0,5096,0,1,0,4.793453576276729,1123.1195054945056,3776.908253519792,3010
7604.0,5096,0,0,0,4.766995450101956,1123.14442700157,3777.679640809174,3014
7605.0,5095,0,0,1,4.733659933462133,1123.5307163886164,3778.7142812590946,3016
7606.0,5091,0,0,4,4.7017205652315335,1124.4427420938912,3779.5670488952082,3013
7607.0,5091,0,0,0,4.687867545574206,1124.5761147122373,3780.3417298980958,3022
7608.0,5089,0,0,2,4.651546629464178,1125.1581843191198,3781.6495979339497,3029
7609.0,5087,0,0,2,4.621612676258915,1125.7021820326322,3782.38084702532,3045
7610.0,5085,0,1,3,4.591371084515389,1126.270993117011,3782.3636907813147,3039
7611.0,5084,0,0,1,4.566305592969263,1126.5444531864673,3783.125264679465,3039
7612.0,5084,0,0,0,4.544287334805752,1126.7291502753737,3783.9096202026594,3043
7613.0,5084,0,1,1,4.522630212032495,1126.8597560975609,3784.2576901864613,3059
7614.0,5083,0,1,2,4.512641681938263,1127.2925437733622,3784.2406610227767,3077
7615.0,5082,0,0,1,4.508602850041643,1127.5425029515939,3785.323926900527,3086
7616.0,5081,0,0,1,4.496534101984637,1127.9651643377288,3785.936037943306,3116
7617.0,5081,0,0,0,4.480141489375984,1128.176540051171,3786.726477967018,3128
7618.0,5081,0,1,1,4.45749633700326,1128.3816177917734,3786.9817697126014,3149
7619.0,5080,0,0,1,4.425087559209274,1128.748031496063,3787.5294201499796,3156
7620.0,5081,0,1,0,4.403699489279036,1128.4361346191695,3787.580108169944,3183
7621.0,5080,0,0,1,4.373676763724642,1128.557283464567,3788.281313424547,3210
7622.0,5079,0,0,1,4.358121480776571,1128.6727702303604,3789.090183707503,3238
7623.0,5079,0,1,1,4.335027543814856,1128.47410907659,3789.2673882128443,3251
7624.0,5078,0,0,1,4.327045255723993,1128.6632532493109,3790.1455884977754,3266
7625.0,5078,0,0,0,4.324508259133813,1128.734935013785,3790.9495499719114,3278
7626.0,5077,0,0,1,4.317311528153794,1129.192436478235,3791.713045803516,3283
7627.0,5078,0,1,0,4.297689678252469,1129.2099251673887,3791.772656703984,3303
7628.0,5077,0,0,1,4.2730930475779685,1129.7092771321647,3792.5142018042447,3326
7629.0,5078,0,1,0,4.255518595910825,1129.9629775502167,3792.576840892368,3342
7630.0,5078,0,0,0,4.2346615703973525,1130.2294210319023,3793.3885701636564,3359
7631.0,5079,0,1,0,4.22578617026965,1130.343768458358,3793.454773231094,3379
7632.0,5078,0,0,1,4.219547778409354,1130.9592359196533,3793.9303986556497,3393
7633.0,5077,0,0,1,4.211579094643494,1131.4291904668112,3794.700502495939,3415
7634.0,5077,0,0,0,4.189018609967606,1131.8967894425841,3795.518464593003,3440
7635.0,5077,0,1,1,4.173330146615437,1132.2438447902305,3795.514923877696,3453
7636.0,5076,0,0,1,4.163193431890946,1132.8510638297873,3796.492176524274,3475
7637.0,5077,0,1,0,4.154359705226645,1133.141422099665,3796.5657222756818,3492
7638.0,5077,0,0,0,4.150315023642518,1133.4343116013395,3797.3878021964138,3500
7639.0,5077,0,1,1,4.147822044136533,1133.618672444357,3797.408433633622,3516
7640.0,5077,0,0,0,4.134653576653926,1133.9125467795943,3798.2319804290823,3525
7641.0,5077,0,1,1,4.1136627849372935,1134.1703762064212,3798.157318548071,3545
7642.0,5077,0,0,0,4.100756466448624,1134.5040378176088,3798.983163025583,3557
7643.0,5076,0,0,1,4.0784819969934425,1135.0988967691096,3800.1088704442886,3575
7644.0,5075,0,0,1,4.0524997609304725,1135.729064039409,3800.9291657031267,3568
7645.0,5074,0,0,1,4.027508415631258,1136.27729601892,3801.6788052857173,3571
7646.0,5073,0,0,1,4.009086778913848,1136.8704908338261,3802.632164442943,3601
7647.0,5073,0,0,0,4.0070744097483955,1137.0173467376305,3803.464509558407,3613
7648.0,5071,0,0,2,3.9934298642165995,1137.852297377243,3804.3487651229048,3629
7649.0,5069,0,0,2,3.971891311286976,1138.7683961333596,3805.4265244291514,3651
7650.0,5069,0,0,0,3.9589206401815966,1139.1874136910633,3806.262258268002,3653
7651.0,5069,0,0,0,4.0184338625817135,1137.9836259617282,3807.0937395717006,3475
7652.0,5068,0,0,1,4.106524406002724,1137.263812154696,3807.9157877092816,3347
7653.0,5068,0,0,0,4.233251628750765,1136.6102999210734,3808.732542556837,3218
7654.0,5067,0,0,1,4.381940117722104,1136.2313005723308,3809.652852944919,3139
7655.0,5067,0,0,0,4.528354507334788,1135.9303335306888,3810.4501772225485,3079
7656.0,5066,0,0,1,4.669549678761631,1135.804776944335,3811.4289475930013,3033
7657.0,5064,0,0,2,4.793664666582851,1135.9950631911533,3812.592197147705,2982
7658.0,5064,0,0,0,4.913251657280519,1135.9901263823065,3813.3638612042,2959
7659.0,5062,0,0,2,5.003727387640339,1136.2655077044647,3814.540280789521,2930
7660.0,5061,0,0,1,5.0752128167262445,1136.4038727524205,3815.2803107542672,2918
7661.0,5060,0,0,1,5.140727062070671,1136.5584980237154,3816.3245392017566,2899
7662.0,5059,0,0,1,5.190086111904934,1136.8574817157541,3817.4241810310577,2902
7663.0,5057,0,0,2,5.236437332211702,1137.451651176587,3818.044614251293,2900
7664.0,5056,0,0,1,5.287407057702151,1137.7426819620252,3819.1085509305344,2886
7665.0,5055,0,0,1,5.327650887265156,1138.0239366963403,3819.817930678771,2872
7666.0,5054,0,0,1,5.373226871853056,1138.3903838543729,3820.8552906244527,2865
7667.0,5054,0,0,0,5.414363309696692,1138.5132568262761,3821.594806997923,2849
7668.0,5052,0,0,2,5.448649928762856,1139.0801662707838,3822.551750456377,2840
7669.0,5051,0,0,1,5.479109124609763,1139.4767372797467,3823.387053980303,2844
7670.0,5050,0,0,1,5.501845049826368,1139.959405940594,3824.4270849359273,2837
7671.0,5049,0,0,1,5.509272265485914,1140.299861358685,3825.4812825724475,2839
7672.0,5049,0,0,0,5.509611149503619,1140.3485838779957,3826.2149946020627,2834
7673.0,5047,0,0,2,5.501214645229595,1140.9449177729343,3827.264018536919,2831
7674.0,5047,0,0,0,5.502514175157299,1141.106796116505,3827.997590793717,2831
7675.0,5046,0,0,1,5.503534374199711,1141.5065398335314,3829.0512495580447,2836
7676.0,5045,0,0,1,5.499055015010689,1141.9627353815658,3829.7869325992965,2848
7677.0,5044,0,0,1,5.496328055383967,1142.3973037272006,3830.7595234384753,2840
7678.0,5043,0,0,1,5.493568842958413,1142.8219313900456,3831.719272323078,2840
7679.0,5042,0,1,2,5.485868562753059,1143.1977389924632,3832.1874515781897,2852
7680.0,5040,0,0,2,5.4872154510967315,1143.8757936507936,3833.031225445067,2845
7681.0,5037,0,0,3,5.469580645422727,1144.6597180861625,3834.344560437235,2857
7682.0,5036,0,0,1,5.458717559141238,1145.0700953137411,3835.416989084907,2844
7683.0,5035,0,0,1,5.443651531298752,1145.5479642502482,3836.149847567584,2855
7684.0,5035,0,0,0,5.418951942877566,1145.7642502482622,3836.890377251468,2864
7685.0,5035,0,0,0,5.407009313235942,1146.0109235352531,3837.6318578758855,2866
7686.0,5033,0,0,2,5.383051992299296,1146.6860719252932,3838.4347301280895,2867
7687.0,5032,0,0,1,5.369718031969615,1147.156200317965,3839.1026375491647,2870
7688.0,5032,0,0,0,5.353970479795366,1147.3626788553258,3839.8485614388064,2865
7689.0,5032,0,0,0,5.328081998894622,1147.6152623211447,3840.596373301186,2878
7690.0,5031,0,0,1,5.300149864350725,1147.9210892466706,3841.2503253898167,2901
7691.0,5031,0,0,0,5.27824700860195,1148.0818922679389,3842.002286932805,2910
7692.0,5029,0,0,2,5.247289658078511,1148.776297474647,3842.962371017023,2923
7693.0,5029,0,0,0,5.222328112410062,1149.0737721216942,3843.7190305141166,2937
7694.0,5030,0,1,0,5.183673184200058,1149.0914512922466,3843.7132838027437,2958
7695.0,5030,0,0,0,5.14796338464122,1149.3612326043738,3844.47517882626,2960
7696.0,5029,0,0,1,5.113415394835616,1149.6307416981508,3844.8977681437236,2966
7697.0,5028,0,0,1,5.080071607749609,1149.9675815433573,3845.6518398974144,2983
7698.0,5027,0,0,1,5.040844737710327,1150.405609707579,3846.809906208084,2982
7699.0,5024,0,0,3,4.9934381148584395,1151.2314888535032,3847.5056196640085,3001
7700.0,5022,0,0,2,4.970344640503983,1151.8819195539625,3848.3802210094364,3013
7701.0,5021,0,0,1,4.9433853632240705,1152.4248157737502,3849.3550252845657,3024
7702.0,5022,0,2,1,4.91121059541107,1152.4655515730785,3848.4960518854264,3043
7703.0,5020,0,0,2,4.883430678586165,1153.1858565737052,3849.0605940921596,3065
7704.0,5016,0,0,4,4.856492370236656,1154.3847687400319,3850.008091650496,3081
7705.0,5014,0,0,2,4.824097023070131,1155.1721180694058,3851.392279120978,3101
7706.0,5015,0,2,1,4.786557678568452,1155.319441674975,3850.564646939761,3138
7707.0,5013,0,0,2,4.759213141427343,1156.021344504289,3851.476521527092,3151
7708.0,5014,0,1,0,4.7316131933287116,1156.0592341443958,3851.4959415164494,3167
7709.0,5013,0,1,2,4.690182672851907,1156.6092160383005,3851.5555048251376,3190
7710.0,5010,0,0,3,4.639515977716613,1157.6417165668663,3853.043819637357,3210
7711.0,5010,0,1,1,4.595044409630771,1157.9592814371258,3853.2282769693215,3224
7712.0,5008,0,1,3,4.551314308524411,1158.7991214057508,3853.632937318774,3241
7713.0,5008,0,1,1,4.530637820002987,1159.2398162939296,3853.352128088179,3257
7714.0,5008,0,0,0,4.520719569236081,1159.6659345047924,3854.1543640266395,3270
7715.0,5009,0,2,1,4.507948243320959,1159.875823517668,3853.2647636840816,3288
7716.0,5008,0,0,1,4.487066526302679,1160.5081869009584,3853.7922792913832,3306
7717.0,5006,0,0,2,4.469322131430207,1161.3713543747504,3854.8345526556363,3306
7718.0,5008,0,3,1,4.4502886907269925,1161.2571884984025,3853.241147995571,3318
7719.0,5007,0,0,1,4.424738220851786,1161.935490313561,3854.1844978105682,3322
7720.0,5007,0,0,0,4.4074476580969515,1162.3694827241861,3854.994196006295,3331
7721.0,5007,0,1,1,4.3981194129838,1162.8306371080487,3855.233803332157,3336
7722.0,5006,0,0,1,4.3739529734023535,1163.507590890931,3856.2887358542766,3352
7723.0,5006,0,1,1,4.356308900988456,1163.9394726328405,3856.661089613672,3354
7724.0,5007,0,2,1,4.335158612017484,1164.1985220691033,3856.1434208966257,3389
7725.0,5004,0,0,3,4.313760672059009,1165.343725019984,3857.369344409221,3405
7726.0,5005,0,1,0,4.300688084094439,1165.5402597402597,3857.415104811465,3413
7727.0,5003,0,0,2,4.281051591322304,1166.4111533080152,3858.779842009932,3410
7728.0,5003,0,0,0,4.282020955820626,1166.796522086748,3859.597658963525,3421
7729.0,5006,0,3,0,4.271897173851654,1166.5992808629644,3858.1034033376973,3435
7730.0,5005,0,0,1,4.253603827167541,1167.339060939061,3858.738375388289,3457
7731.0,5004,0,1,2,4.220297634691038,1168.0915267785772,3858.7780405577682,3462
7732.0,5002,0,0,2,4.203689078508204,1169.0361855257897,3860.1001432548824,3478
7733.0,5002,0,0,0,4.200580319030326,1169.5539784086366,3860.9246107405725,3486
7734.0,5002,0,0,0,4.210380974181853,1170.0513794482208,3861.7486058270474,3492
7735.0,5002,0,0,0,4.204080889795487,1170.5961615353858,3862.5733217748334,3505
7736.0,5002,0,0,0,4.19103299333286,1171.1361455417832,3863.3989954017316,3510
7737.0,5002,0,0,0,4.16915608154695,1171.7237105157938,3864.226278549741,3540
7738.0,5002,0,0,0,4.144302523644175,1172.2828868452618,3865.054773667442,3544
7739.0,5001,0,0,1,4.106986925902482,1173.0875824835034,3866.171766140516,3565
7740.0,5001,0,0,0,4.087241711949504,1173.6282743451309,3867.0036367945286,3585
7741.0,5001,0,0,0,4.131895201416695,1172.6886622675465,3867.8318086464524,3421
7742.0,5000,0,0,1,4.202529098446301,1172.3918,3868.917308323713,3312
7743.0,4999,0,0,1,4.312104465154533,1172.3298659731947,3869.758158040255,3227
7744.0,4997,0,0,2,4.430314281496307,1172.6439863918351,3870.920289688018,3176
7745.0,4997,0,0,0,4.56182662394973,1172.4366619971984,3871.718628751652,3106
7746.0,4997,0,0,0,4.709180192906609,1172.3203922353412,3872.507452162135,3071
7747.0,4997,0,0,0,4.843023475059436,1172.2161296778067,3873.2874765651513,3027
7748.0,4996,0,0,1,4.965159605804943,1172.1084867894315,3874.3323814555156,2979
7749.0,4996,0,1,1,5.058488283037597,1172.0124099279424,3874.3087164503886,2953
7750.0,4995,0,0,1,5.146204747556111,1172.2642642642643,3875.39199010726,2933
7751.0,4995,0,0,0,5.214399702592804,1172.27987987988,3876.146841950795,2909
7752.0,4995,0,0,0,5.271460089883275,1172.2712712712712,3876.897515846397,2891
7753.0,4995,0,0,0,5.323013863847298,1172.3207207207208,3877.645397644455,2865
7754.0,4995,0,0,0,5.374334881397884,1172.3803803803803,3878.38987011788,2845
7755.0,4995,0,0,0,5.421241803011684,1172.1945945945945,3879.131028909366,2810
7756.0,4995,0,0,0,5.467785878483938,1172.087887887888,3879.8688553888787,2778
7757.0,4994,0,0,1,5.490785015398787,1172.3866639967962,3880.638596300693,2761
7758.0,4993,0,0,1,5.518231322459121,1172.477468455838,3881.7189311258808,2749
7759.0,4991,0,0,2,5.5355686108357345,1172.8399118413145,3882.5812674479143,2746
7760.0,4991,0,0,0,5.558812079380246,1172.8469244640353,3883.3127975136235,2730
7761.0,4991,0,1,1,5.564024203834578,1172.9495091164094,3883.2785175637255,2726
7762.0,4991,0,0,0,5.566769556296331,1173.0112201963534,3884.0090791299995,2733
7763.0,4990,0,0,1,5.569766079049267,1173.2330661322646,3884.910782898985,2741
7764.0,4989,0,0,1,5.563100416382823,1173.5167368210061,3885.7704983969297,2738
7765.0,4989,0,0,0,5.556180994694945,1173.5233513730207,3886.5019595829353,2725
7766.0,4989,0,0,0,5.5589222301935415,1173.5520144317497,3887.2323104049797,2731
7767.0,4989,0,1,1,5.550933517534925,1173.644818600922,3886.9041169446264,2741
7768.0,4988,0,0,1,5.554964899596592,1173.9163993584602,3887.6690256676743,2752
7769.0,4988,0,0,0,5.561993244185386,1173.9188051323176,3888.3996775133173,2741
7770.0,4987,0,0,1,5.560560883463619,1174.2275917385202,3889.3622755622323,2750
7771.0,4986,0,0,1,5.532350249127392,1174.415363016446,3890.4363747843836,2741
7772.0,4985,0,0,1,5.5059034290943,1174.7729187562688,3890.8296721869415,2753
7773.0,4984,0,0,1,5.481434488512846,1175.1426565008026,3891.52316083554,2762
7774.0,4982,0,0,2,5.447396822143376,1175.701926936973,3892.7001262726153,2763
7775.0,4983,0,1,0,5.423077906844167,1175.4794300622116,3892.6565471913723,2752
7776.0,4983,0,0,0,5.401449254856504,1175.3704595625125,3893.3955598636444,2753
7777.0,4983,0,0,0,5.377354661617213,1175.425245835842,3894.1369148048993,2750
7778.0,4981,0,1,3,5.327566246991909,1175.8779361573982,3893.931066125789,2765
7779.0,4981,0,0,0,5.290688374069815,1175.8550491869103,3894.6775319978296,2769
7780.0,4979,0,0,2,5.246178880735697,1176.3739706768426,3895.3885686905223,2794
7781.0,4979,0,0,0,5.205439105986096,1176.5063265716008,3896.140376973912,2819
7782.0,4979,0,0,0,5.168160410754265,1176.6557541675036,3896.894972418283,2810
7783.0,4979,0,0,0,5.130541737755202,1176.928098011649,3897.6522042588526,2848
7784.0,4978,0,0,1,5.112538433149448,1177.417235837686,3898.4422731420123,2873
7785.0,4977,0,1,2,5.074253591198795,1177.8764315852923,3898.4978470588962,2892
7786.0,4976,0,0,1,5.024805531534736,1178.1981511254019,3899.510616153695,2885
7787.0,4974,0,0,2,4.982265622109607,1178.8057901085645,3900.685948094189,2887
7788.0,4974,0,0,0,4.947033110708475,1178.9921592279854,3901.4538757282094,2909
7789.0,4973,0,0,1,4.922584498177876,1179.3066559420872,3902.1964607743344,2892
7790.0,4972,0,0,1,4.8928818318091745,1179.6983105390184,3903.204605282349,2913
7791.0,4973,0,1,0,4.875603285285543,1179.6163281721294,3903.1922012388327,2934
7792.0,4972,0,0,1,4.853263127764723,1180.0287610619469,3904.1384795306667,2931
7793.0,4973,0,2,1,4.82247154624078,1180.0526844962799,3903.038243063243,2965
7794.0,4972,0,0,1,4.796196633186231,1180.5518905872889,3903.522901292623,2964
7795.0,4967,0,0,5,4.754150092500005,1182.0259714113147,3905.3331637133992,2981
7796.0,4965,0,0,2,4.7184225225492815,1182.8388721047331,3906.401598177457,3009
7797.0,4963,0,0,2,4.700499001629426,1183.6552488414266,3907.788907391763,3019
7798.0,4962,0,0,1,4.676272000362579,1184.2545344619105,3908.521979324242,3035
7799.0,4962,0,0,0,4.660679013750305,1184.6170898831117,3909.305982615649,3046
7800.0,4962,0,0,0,4.650831583105013,1184.9885126964934,3910.091538175133,3057
7801.0,4962,0,0,0,4.639216583573449,1185.3972188633616,3910.877671929595,3071
7802.0,4961,0,0,1,4.621731365247045,1186.026405966539,3911.617335076378,3095
7803.0,4962,0,1,0,4.610505193808137,1186.1537686416768,3911.6167668766075,3100
7804.0,4963,0,1,0,4.598165494482408,1186.2959903284304,3911.6171943960526,3105
7805.0,4962,0,0,1,4.587155065104319,1186.8550987505039,3912.7299101666385,3105
7806.0,4961,0,0,1,4.566078105069323,1187.4676476516831,3913.7371691556314,3114
7807.0,4960,0,0,1,4.548002219406455,1188.0913306451612,3914.5116004708957,3128
7808.0,4960,0,0,0,4.523336275366334,1188.467943548387,3915.305389724325,3135
7809.0,4959,0,0,1,4.503559250980281,1189.0693688243598,3916.1836942985283,3147
7810.0,4959,0,0,0,4.486579934463407,1189.4269005847952,3916.9805920657172,3162
7811.0,4958,0,0,1,4.474809357339191,1189.999193223074,3918.0364010616363,3180
7812.0,4958,0,1,1,4.462600858609087,1190.2946752722871,3918.147746775753,3197
7813.0,4957,0,0,1,4.443149584904311,1190.8827920112972,3918.5510853180276,3217
7814.0,4959,0,2,0,4.427843699467157,1190.759427303892,3917.7728917293634,3240
7815.0,4958,0,0,1,4.406390017800478,1191.2964905203712,3918.8523803507724,3252
7816.0,4957,0,0,1,4.37544836461986,1191.9124470445834,3919.258043137149,3274
7817.0,4955,0,0,2,4.346343005877652,1192.7737638748738,3920.154963853576,3302
7818.0,4954,0,0,1,4.323551565539714,1193.4953572870409,3921.222279738093,3317
7819.0,4952,0,0,2,4.303423974413752,1194.394789983845,3921.9306679510687,3319
7820.0,4952,0,0,0,4.287275063165492,1194.7758481421647,3922.7440692446635,3325
7821.0,4951,0,1,2,4.260990317643587,1195.3809331448192,3923.0031733179876,3343
7822.0,4950,0,0,1,4.235527668900578,1195.9751515151515,3923.3882704365683,3354
7823.0,4950,0,0,0,4.226671093412295,1196.3414141414141,3924.205563661301,3360
7824.0,4950,0,0,0,4.213600754651746,1196.6652525252525,3925.0232206432365,3360
7825.0,4947,0,0,3,4.19097943956443,1197.7905801495856,3925.438429137891,3376
7826.0,4946,0,0,1,4.177749015398634,1198.423574605742,3926.3483553245637,3377
7827.0,4945,0,0,1,4.159241199265381,1199.0374115267948,3927.0535848718637,3373
7828.0,4944,0,0,1,4.140483826449985,1199.6909385113267,3928.067976255709,3376
7829.0,4943,0,0,1,4.125766203696061,1200.3791219906939,3928.897574598236,3395
7830.0,4942,0,0,1,4.106376651604644,1201.136786726022,3929.8428856146543,3419
7831.0,4940,0,0,2,4.147483787937917,1200.206882591093,3931.0887673432,3283
7832.0,4940,0,0,0,4.2324802235183245,1199.1196356275304,3931.905603956728,3175
7833.0,4939,0,0,1,4.33462995923092,1198.5495039481677,3932.9653750391794,3091
7834.0,4939,0,0,0,4.459999306819591,1198.043936019437,3933.767017106283,3031
7835.0,4939,0,0,0,4.590110834687411,1197.837416481069,3934.5594327448066,2973
7836.0,4938,0,0,1,4.715591086469604,1197.845078979344,3935.617523174006,2922
7837.0,4938,0,0,0,4.829586113047927,1197.8061968408263,3936.394118453743,2907
7838.0,4938,0,0,0,4.952002879557055,1197.7223572296477,3937.1625602599133,2862
7839.0,4937,0,0,1,5.050530949261121,1198.052866113024,3938.1520904968615,2837
7840.0,4936,0,0,1,5.135143416746292,1198.3816855753646,3939.0100699375207,2823
7841.0,4936,0,0,0,5.207655094892195,1198.4791329011346,3939.7622313271095,2803
7842.0,4936,0,0,0,5.288505958701459,1198.618922204214,3940.509574482154,2782
7843.0,4935,0,0,1,5.342559442657243,1198.9929078014184,3941.587397816965,2766
7844.0,4935,0,0,0,5.410072504018552,1198.891995947315,3942.3267603954178,2742
7845.0,4935,0,0,0,5.452895522377095,1199.016210739615,3943.0637211596954,2725
7846.0,4935,0,0,0,5.498988814266011,1199.114690982776,3943.7976081587117,2707
7847.0,4935,0,0,0,5.53161414932585,1199.2218844984802,3944.5297640004796,2690
7848.0,4935,0,0,0,5.573352779088852,1199.3491388044579,3945.2595933934717,2676
7849.0,4933,0,0,2,5.619323079419615,1200.0174336103792,3945.7931262271745,2673
7850.0,4932,0,0,1,5.627426460352108,1200.4320762368206,3946.3504669208774,2655
7851.0,4932,0,0,0,5.6596950323130955,1200.5995539334956,3947.0746256338225,2652
7852.0,4932,0,0,0,5.675021968630948,1200.802108678021,3947.798214216302,2644
7853.0,4930,0,0,2,5.6744742610205465,1201.4503042596348,3948.5478031161438,2643
7854.0,4929,0,0,1,5.668185815967669,1201.880706025563,3948.9045713741743,2631
7855.0,4926,0,0,3,5.676530433732372,1202.7653268371905,3950.3409034991064,2630
7856.0,4923,0,0,3,5.672417707275128,1203.6402600040626,3951.488944597366,2620
7857.0,4924,0,1,0,5.678458895556288,1203.5507717303005,3951.4097029954983,2611
7858.0,4923,0,0,1,5.681575742903231,1203.9392646760105,3952.1671678474913,2616
7859.0,4920,0,0,3,5.678065830196039,1204.8670731707316,3953.4347562187986,2627
7860.0,4919,0,0,1,5.662187642047275,1205.3016873348242,3954.3169973009794,2615
7861.0,4919,0,0,0,5.653372656070147,1205.5031510469607,3955.0433665278183,2622
7862.0,4918,0,0,1,5.6380683708509,1205.9703131354208,3955.6500146025887,2633
7863.0,4918,0,0,0,5.628073343986132,1206.1941846278976,3956.3786641920547,2649
7864.0,4916,0,0,2,5.590683168664207,1206.9231082180634,3957.164218100808,2652
7865.0,4917,0,1,0,5.560814947031834,1206.8427903193003,3957.0931642225382,2664
7866.0,4915,0,0,2,5.544945636067247,1207.5102746693794,3957.6370798516937,2670
7867.0,4914,0,0,1,5.514932245152036,1207.9566544566544,3958.3676519992537,2697
7868.0,4913,0,0,1,5.490335056391381,1208.4156319967433,3958.699882642664,2703
7869.0,4913,0,0,0,5.463099954436967,1208.6360675758192,3959.440205624319,2697
7870.0,4911,0,0,2,5.4327281370887395,1209.3429036856037,3960.47866152699,2724
7871.0,4910,0,0,1,5.385405594502434,1209.787983706721,3961.5334342635115,2724
7872.0,4907,0,1,4,5.332731195984297,1210.7951905441207,3961.9288738043906,2738
7873.0,4907,0,0,0,5.293134450000357,1211.0603219889954,3962.6782216391343,2757
7874.0,4906,0,0,1,5.248887372855173,1211.6269873624133,3963.5541742001483,2774
7875.0,4906,0,0,0,5.212215337429562,1211.9802282918874,3964.3089092972136,2799
7876.0,4905,0,0,1,5.16753981331092,1212.4483180428135,3965.221535829245,2813
7877.0,4905,0,0,0,5.139169102090811,1212.7478083588176,3965.9807699232692,2830
7878.0,4904,0,0,1,5.09150983409949,1213.3429853181076,3967.017148772491,2849
7879.0,4903,0,0,1,5.055608274298738,1213.9224964307566,3967.7028993133076,2874
7880.0,4902,0,0,1,5.023072422036475,1214.4634842921257,3968.767544876449,2883
7881.0,4900,0,1,3,4.974930105296643,1215.2665306122449,3968.698483841408,2896
7882.0,4900,0,1,1,4.940229559389789,1215.5802040816327,3968.6734821769924,2920
7883.0,4900,0,0,0,4.915140016643023,1215.9418367346939,3969.444542372276,2946
7884.0,4901,0,1,0,4.887665868899831,1216.0373393185064,3969.406790527912,2966
7885.0,4901,0,0,0,4.849787737146067,1216.4415425423383,3970.1814186350725,2996
7886.0,4902,0,1,0,4.799015311678451,1216.5928192574459,3970.1495576655993,3018
7887.0,4903,0,1,0,4.764651720524539,1216.712420966755,3970.120063062098,3030
7888.0,4902,0,0,1,4.734114300335538,1217.37474500204,3970.9502504009893,3036
7889.0,4904,0,2,0,4.708679574677661,1217.2985318107667,3970.1146256349584,3062
7890.0,4903,0,0,1,4.664388411727675,1217.9659392208853,3970.8212082569894,3079
7891.0,4904,0,1,0,4.636389191124444,1218.127854812398,3970.800432454557,3100
7892.0,4902,0,1,3,4.596857606913215,1219.0966952264382,3970.89160856267,3132
7893.0,4902,0,0,0,4.566574130815879,1219.5454916360668,3971.684464608951,3151
7894.0,4905,0,3,0,4.545721785796844,1219.1969418960246,3970.0496936808972,3172
7895.0,4905,0,0,0,4.523141430960196,1219.60122324159,3970.8461731897087,3188
7896.0,4905,0,0,0,4.5144950961531585,1219.998369011213,3971.6435409172673,3201
7897.0,4906,0,1,0,4.508758770292696,1220.2128006522626,3971.6317241469687,3222
7898.0,4906,0,1,1,4.486654266445994,1220.6616388096209,3971.798069139192,3239
7899.0,4906,0,0,0,4.467121690614907,1221.1695882592744,3972.600009650375,3269
7900.0,4906,0,0,0,4.447717579024461,1221.6932327761924,3973.4032717118084,3283
7901.0,4905,0,2,3,4.420982578682191,1222.3843017329257,3972.74458128497,3288
7902.0,4904,0,0,1,4.407869380864766,1223.0852365415988,3973.18614620421,3295
7903.0,4905,0,1,0,4.384584080660943,1223.3190621814474,3973.1846101956803,3329
7904.0,4905,0,1,1,4.355792676076051,1223.746992864424,3973.420695578143,3332
7905.0,4905,0,0,0,4.341658852802487,1224.1926605504586,3974.2321431192213,3352
7906.0,4906,0,1,0,4.322457871025392,1224.4129637178964,3974.234858759456,3367
7907.0,4906,0,0,0,4.315553842242558,1224.9092947411334,3975.048403034951,3384
7908.0,4908,0,2,0,4.303785121841529,1224.8510594947024,3974.243006602555,3394
7909.0,4909,0,1,0,4.284796097319585,1225.1397433285802,3974.2492714872437,3415
7910.0,4910,0,1,0,4.280515011613948,1225.382484725051,3974.256048454788,3430
7911.0,4911,0,1,0,4.276173943821531,1225.6695174098961,3974.263711174819,3451
7912.0,4911,0,0,0,4.269919223180297,1226.1565872531053,3975.0819509228972,3465
7913.0,4909,0,0,2,4.25248032405743,1227.1212059482582,3975.092402453344,3462
7914.0,4908,0,0,1,4.2348842471791,1227.8757131214345,3975.9554821240563,3464
7915.0,4907,0,1,2,4.205689028345859,1228.6136132056247,3976.074209998808,3480
7916.0,4907,0,0,0,4.190909391076106,1229.1640513552068,3976.8975960911916,3506
7917.0,4906,0,0,1,4.179167918668594,1229.9838972686507,3977.4891800433656,3526
7918.0,4905,0,0,1,4.168444972923233,1230.7561671763506,3977.910927937738,3513
7919.0,4905,0,0,0,4.145175948884389,1231.3559633027523,3978.73759489357,3536
7920.0,4905,0,0,0,4.1263664772530175,1231.928236493374,3979.566234660723,3553
7921.0,4905,0,0,0,4.176796249289258,1231.0069317023444,3980.3905495399176,3406
7922.0,4905,0,0,0,4.266173642005724,1230.431396534149,3981.2082586064435,3290
7923.0,4905,0,0,0,4.372811416294017,1230.0316004077472,3982.0189715574893,3208
7924.0,4904,0,0,1,4.49771016115399,1230.0605628058727,3982.882374408118,3138
7925.0,4904,0,0,0,4.625262770793337,1229.7862969004893,3983.6765020969765,3078
7926.0,4902,0,0,2,4.7552261626644174,1230.2058343533251,3984.2491545320054,3038
7927.0,4900,0,0,2,4.873330315169999,1230.6669387755103,3985.276546024947,2997
7928.0,4899,0,0,1,4.986372826899272,1230.780363339457,3985.645703021138,2944
7929.0,4898,0,0,1,5.073984302256701,1231.0053082890977,3986.5709957696813,2918
7930.0,4898,0,0,0,5.157548556580464,1230.8662719477338,3987.331165221518,2896
7931.0,4897,0,0,1,5.229873664268448,1231.1825607514804,3988.0939399102876,2875
7932.0,4897,0,0,0,5.287763501826519,1231.2268735960793,3988.8453268061676,2839
7933.0,4895,0,0,2,5.330344175565403,1231.6406537282942,3989.562142126123,2811
7934.0,4894,0,0,1,5.36371851364569,1231.9376787903554,3989.915525015046,2798
7935.0,4893,0,0,1,5.390828904946041,1232.1833231146536,3990.6412743717765,2768
7936.0,4892,0,0,1,5.4100529048472685,1232.2516353229762,3991.628166076246,2743
7937.0,4892,0,0,0,5.457755322594052,1232.1101798855275,3992.3676367974304,2717
7938.0,4891,0,0,1,5.498588498350714,1232.2345123696587,3993.088932916329,2701
7939.0,4890,0,0,1,5.532346725792612,1232.4306748466258,3994.0398880634048,2697
7940.0,4889,0,0,1,5.562301345065963,1232.5829412967887,3994.6653362600437,2680
7941.0,4887,0,0,2,5.586165841345687,1233.072437077962,3995.47861049514,2677
7942.0,4887,0,0,0,5.600136989027552,1233.0327399222426,3996.2101149175896,2667
7943.0,4887,0,0,0,5.60997262313712,1232.9850624104768,3996.941028039818,2664
7944.0,4887,0,0,0,5.621576981961346,1232.9742173112338,3997.671902286259,2652
7945.0,4887,0,0,0,5.627359706508812,1233.0812359320646,3998.402469706462,2661
7946.0,4885,0,0,2,5.625275326423515,1233.3672466734902,3999.2371536800993,2641
7947.0,4886,0,1,0,5.637092234264419,1232.9754400327465,3999.148212762386,2645
7948.0,4885,0,0,1,5.63558932793869,1233.1574206755374,3999.903386184381,2638
7949.0,4885,0,0,0,5.636884257548264,1233.2522006141248,4000.633553519166,2635
7950.0,4884,0,0,1,5.639274726058459,1233.5100327600328,4001.2640776400303,2617
7951.0,4884,0,0,0,5.623078969818475,1233.4318181818182,4001.994942823017,2609
7952.0,4883,0,0,1,5.607831855348798,1233.6977268072906,4002.816701456086,2612
7953.0,4883,0,0,0,5.594875402036718,1233.6532869137825,4003.5500088776143,2615
7954.0,4883,0,0,0,5.582663862438306,1233.6184722506655,4004.2845385586984,2605
7955.0,4883,0,1,1,5.575579045802119,1233.6278926889208,4004.2408782244606,2617
7956.0,4883,0,0,0,5.564231325428421,1233.6895351218513,4004.9776965555084,2621
7957.0,4883,0,0,0,5.560189548843878,1233.8146631169363,4005.715113457542,2639
7958.0,4880,0,0,3,5.541451699800403,1234.6049180327868,4006.401215309084,2636
7959.0,4880,0,0,0,5.523566209574644,1234.8821721311476,4007.1412711477465,2659
7960.0,4881,0,1,0,5.482483181209567,1234.8061872567098,4007.063129002557,2676
7961.0,4881,0,0,0,5.44644467856267,1234.878918254456,4007.8080737198625,2691
7962.0,4880,0,0,1,5.396569663862434,1235.3012295081967,4008.487821203313,2701
7963.0,4880,0,0,0,5.35066041985776,1235.47131147541,4009.2389818126426,2710
7964.0,4879,0,0,1,5.2896601228007105,1235.8819430211108,4009.7727263073602,2740
7965.0,4879,0,1,1,5.220992880866265,1236.0444763271162,4009.9729015233142,2760
7966.0,4875,0,0,4,5.166132432296711,1237.2777435897435,4010.8286242333475,2790
7967.0,4871,0,0,4,5.115874277803239,1238.5579963046603,4011.8090796108654,2808
7968.0,4871,0,0,0,5.079227980352649,1238.7049887086841,4012.5752891092543,2821
7969.0,4868,0,0,3,5.036162705947279,1239.6575595727197,4013.7077491466453,2829
7970.0,4865,0,0,3,4.995157865581767,1240.6045220966084,4014.897622649873,2856
7971.0,4864,0,0,1,4.9512147612776785,1241.0191200657894,4015.924489325038,2886
7972.0,4862,0,0,2,4.896069662125173,1241.8621966269025,4016.729993355556,2915
7973.0,4862,0,2,2,4.8530539484360125,1242.1386260798026,4016.1405878682817,2936
7974.0,4861,0,1,2,4.799183602723162,1242.727422341082,4016.395660718192,2969
7975.0,4859,0,0,2,4.758614673808168,1243.5690471290388,4017.1140583233064,2982
7976.0,4857,0,0,2,4.72050214625864,1244.430512662137,4018.112165519127,3020
7977.0,4856,0,1,2,4.678979080561933,1245.0385090609554,4018.139406638094,3047
7978.0,4854,0,0,2,4.641041531935813,1245.9929954676556,4018.87829889028,3081
7979.0,4852,0,0,2,4.601800488504042,1246.9245671887882,4019.6287800443833,3108
7980.0,4849,0,0,3,4.548835634417418,1248.0981645700144,4020.371153917458,3133
7981.0,4849,0,1,1,4.5089867710931175,1248.518663641988,4019.9308201016856,3160
7982.0,4849,0,0,0,4.463522494568138,1248.9206021860177,4020.732091589867,3174
7983.0,4850,0,1,0,4.417291408003182,1249.1544329896908,4020.7072380834957,3200
7984.0,4849,0,0,1,4.3745585168774905,1249.77170550629,4021.082129511635,3224
7985.0,4848,0,0,1,4.352758950069529,1250.4482260726072,4021.6917976893988,3231
7986.0,4847,0,0,1,4.331226548559179,1251.1184237672787,4022.8440422614804,3241
7987.0,4848,0,1,0,4.31276239815574,1251.2877475247524,4022.8252926771875,3264
7988.0,4847,0,1,2,4.2802650396163395,1252.0033010109346,4022.4166234141917,3274
7989.0,4847,0,1,1,4.253045359100096,1252.4881369919538,4022.647410718925,3289
7990.0,4847,0,1,1,4.21944004869797,1252.9686403961214,4022.248084668396,3307
7991.0,4847,0,0,0,4.215004805569632,1253.4549205694243,4023.064572511567,3319
7992.0,4847,0,1,1,4.203890508829473,1253.9488343305138,4023.051119137827,3328
7993.0,4847,0,0,0,4.188386034813511,1254.5046420466267,4023.8698750992035,3341
7994.0,4847,0,1,1,4.175685799619704,1255.0127914173715,4023.7640724668586,3355
7995.0,4848,0,2,1,4.140192686880722,1255.2920792079208,4022.520064009418,3362
7996.0,4847,0,0,1,4.114940974208446,1256.005983082319,4023.271753295177,3366
7997.0,4846,0,0,1,4.09289449907002,1256.8132480396202,4024.2149835138016,3385
7998.0,4846,0,1,1,4.078567707405479,1257.34028064383,4024.3276646799727,3397
7999.0,4846,0,1,1,4.055491544630024,1257.8638052001652,4024.3463745051286,3409
8000.0,4846,0,1,1,4.031477394640496,1258.4323153115972,4024.598297313377,3428
8001.0,4846,0,1,1,4.016282077275238,1258.9539826661164,4024.635023471028,3440
8002.0,4845,0,1,2,4.00485530194046,1259.7267285861712,4024.745316605869,3440
8003.0,4844,0,0,1,3.9817539670257562,1260.4921552436003,4025.6101953153784,3444
8004.0,4845,0,1,0,3.9697720873797975,1260.7841073271413,4025.611142703514,3459
8005.0,4843,0,0,2,3.958852761916598,1261.8711542432377,4025.96825637517,3463
8006.0,4842,0,0,1,3.960291380239828,1262.6897976042958,4027.0729227735437,3476
8007.0,4842,0,0,0,3.9625081099727284,1263.2827344072698,4027.906650021172,3480
8008.0,4842,0,1,1,3.9510689029698685,1263.8308550185873,4027.867988318056,3475
8009.0,4841,0,0,1,3.9342618674618786,1264.6436686634993,4029.0192865353247,3483
8010.0,4840,0,0,1,3.9080434718867894,1265.426652892562,4029.8686305024016,3491
8011.0,4839,0,0,1,3.9489723188964665,1264.6513742508782,4030.4606029623983,3340
8012.0,4839,0,0,0,4.0205139008660495,1264.12130605497,4031.289436270107,3248
8013.0,4838,0,0,1,4.110124242169236,1264.095080611823,4032.2133988035084,3167
8014.0,4838,0,0,0,4.223985100744958,1263.7331541959488,4033.027806242043,3090
8015.0,4836,0,0,2,4.351291820734333,1264.0940860215053,4034.0124359921297,3038
8016.0,4836,0,0,0,4.4922788343849165,1263.8598014888337,4034.808813380401,2984
8017.0,4836,0,0,0,4.623302784149178,1263.7760545905708,4035.5959466259687,2944
8018.0,4836,0,0,0,4.748212197581887,1263.8041770057898,4036.3750243328195,2928
8019.0,4836,0,0,0,4.855404071696283,1263.8800661703888,4037.1469884798976,2897
8020.0,4836,0,0,0,4.940385724044927,1263.937965260546,4037.913884008847,2870
8021.0,4836,0,0,0,5.006446526563878,1264.0169561621174,4038.676309026135,2856
8022.0,4836,0,0,0,5.072010745618307,1263.839330024814,4039.4344851908554,2823
8023.0,4836,0,0,0,5.129138521001834,1263.9408602150538,4040.1887797622367,2811
8024.0,4836,0,0,0,5.17198891860134,1263.9501654259718,4040.940572532086,2779
8025.0,4836,0,0,0,5.211767155478448,1264.0113730355665,4041.6897018896825,2762
8026.0,4836,0,0,0,5.231863656787166,1264.0572787427627,4042.4373815727895,2739
8027.0,4835,0,0,1,5.253306226190105,1264.3944157187177,4043.3962652771415,2719
8028.0,4833,0,0,2,5.266244848842936,1264.9921373887855,4044.201709946952,2718
8029.0,4831,0,0,2,5.280703009323124,1265.6129165804182,4045.5129287001923,2713
8030.0,4831,0,0,0,5.290541985724084,1265.8087352515008,4046.2571386862255,2709
8031.0,4831,0,0,0,5.30064697601592,1265.9544607741668,4047.00055873619,2690
8032.0,4830,0,0,1,5.310158493377273,1266.393374741201,4047.7592281397115,2702
8033.0,4828,0,0,2,5.310613900155587,1267.1487158243579,4048.875239139253,2704
8034.0,4828,0,0,0,5.2982543029865585,1267.254763877382,4049.619152283877,2694
8035.0,4827,0,0,1,5.299764005219385,1267.6753677232236,4050.7029074103934,2692
8036.0,4825,0,0,2,5.2833214789140275,1268.3461139896374,4051.6326953536054,2685
8037.0,4822,0,0,3,5.267615301248329,1269.3334715885524,4053.4935909168425,2690
8038.0,4823,0,1,0,5.258112239402276,1269.2349160273689,4053.398888998889,2691
8039.0,4822,0,0,1,5.24362617008352,1269.723973454998,4054.0954986015904,2712
8040.0,4821,0,0,1,5.229461045561412,1270.140219871396,4054.613345627893,2712
8041.0,4821,0,0,0,5.210498543653071,1270.3113461937357,4055.362212819441,2714
8042.0,4820,0,0,1,5.202406002804558,1270.8172199170124,4055.8512180389707,2730
8043.0,4818,0,0,2,5.182174476472093,1271.5643420506435,4057.028959961182,2720
8044.0,4819,0,1,0,5.172303045228288,1271.5023863872173,4056.938748845746,2734
8045.0,4818,0,0,1,5.153022313946749,1271.9977168949772,4057.9166849003004,2734
8046.0,4818,0,0,0,5.130523595031751,1272.1959319219593,4058.672336034446,2747
8047.0,4816,0,1,3,5.105540658656984,1272.984219269103,4059.1851152859977,2772
8048.0,4814,0,0,2,5.079316595592089,1273.7825093477359,4059.7028821892873,2792
8049.0,4814,0,0,0,5.0574940662781565,1274.0843373493976,4060.4636827297936,2800
8050.0,4813,0,0,1,5.018722612381963,1274.6605028049034,4061.4112801395595,2820
8051.0,4812,0,0,1,4.982706534838436,1275.309642560266,4062.5057139199007,2851
8052.0,4811,0,0,1,4.933284222572312,1276.004364996882,4063.3273510635327,2878
8053.0,4810,0,0,1,4.880816414271697,1276.6172557172558,4064.469200073556,2885
8054.0,4809,0,0,1,4.840136639090802,1277.2480765231858,4065.384544724187,2910
8055.0,4810,0,1,0,4.8098427338040235,1277.4008316008317,4065.3181526090034,2945
8056.0,4810,0,0,0,4.804237108912083,1277.6908523908523,4066.098586342239,2945
8057.0,4808,0,0,2,4.796906699369268,1278.5062396006656,4067.1542011490524,2949
8058.0,4808,0,0,0,4.788564002187758,1278.8816555740432,4067.935693392179,2958
8059.0,4808,0,0,0,4.781778621538455,1279.2589434276206,4068.7185361218003,2983
8060.0,4807,0,0,1,4.771570185169408,1279.8828791345954,4069.856499609602,3003
8061.0,4805,0,0,2,4.750855508619249,1280.811030176899,4070.465072006198,3019
8062.0,4803,0,0,2,4.727584094284224,1281.716843639392,4071.4561905770906,3029
8063.0,4804,0,1,0,4.713867505691093,1281.8478351373856,4071.3973744949753,3050
8064.0,4804,0,0,0,4.702495610868212,1282.3122398001665,4072.1873968031705,3083
8065.0,4804,0,0,0,4.682849191354135,1282.7577019150708,4072.9791121830813,3106
8066.0,4803,0,0,1,4.662118329363848,1283.4676244014158,4073.6821943731065,3122
8067.0,4802,0,0,1,4.6293072033680795,1284.1384839650145,4074.7204666356697,3126
8068.0,4802,0,0,0,4.60690120905067,1284.585172844648,4075.51694059997,3147
8069.0,4801,0,0,1,4.586114335156613,1285.3045198916893,4076.1569267743103,3163
8070.0,4801,0,0,0,4.561552881210286,1285.7740054155383,4076.9567215901093,3177
8071.0,4800,0,0,1,4.5290840634199,1286.4760416666666,4077.8515068166803,3196
8072.0,4800,0,0,0,4.51719269541942,1286.9670833333332,4078.6540842613936,3210
8073.0,4800,0,0,0,4.5030024950217244,1287.4691666666668,4079.458030962704,3222
8074.0,4800,0,0,0,4.4841018363478415,1287.971875,4080.262830901825,3234
8075.0,4800,0,1,1,4.463912829957584,1288.4710416666667,4080.334330181031,3247
8076.0,4799,0,0,1,4.449313550842167,1289.2223379870807,4081.2488762083194,3252
8077.0,4799,0,0,0,4.43280385797533,1289.6553448635132,4082.0574525597267,3262
8078.0,4797,0,0,2,4.417323150997035,1290.6431102772567,4083.008110221428,3263
8079.0,4796,0,1,2,4.391737037217,1291.3761467889908,4083.027539324501,3266
8080.0,4796,0,0,0,4.367437498660919,1291.8327773144288,4083.8403328745117,3267
8081.0,4797,0,1,0,4.35079089437103,1292.0025015634772,4083.8025386548798,3287
8082.0,4798,0,1,0,4.325726738129752,1292.2480200083369,4083.766130715625,3306
8083.0,4798,0,1,1,4.289426602048297,1292.7478115881618,4083.8145632674004,3325
8084.0,4796,0,0,2,4.243892072329993,1293.7869057547957,4084.634577885055,3336
8085.0,4796,0,1,1,4.215860872656285,1294.2695996663886,4084.7011085799163,3350
8086.0,4796,0,0,0,4.191231482435525,1294.8021267723102,4085.5246624333613,3372
8087.0,4797,0,1,0,4.180558590028774,1294.9457994579946,4085.497698845089,3383
8088.0,4797,0,0,0,4.1553645857765655,1295.4060871377944,4086.324341252704,3400
8089.0,4798,0,1,0,4.128605513536648,1295.631721550646,4086.301211164948,3417
8090.0,4798,0,0,0,4.107809799424956,1296.0900375156316,4087.1304221888913,3427
8091.0,4799,0,1,0,4.087108804928376,1296.3175661596165,4087.109016014456,3452
8092.0,4799,0,0,0,4.074358852265257,1296.8353823713273,4087.94021642816,3455
8093.0,4799,0,0,0,4.0584006086608895,1297.3179829131068,4088.7723985706516,3470
8094.0,4799,0,0,0,4.04251980750756,1297.7882892269222,4089.60571140539,3481
8095.0,4800,0,1,0,4.026350985637896,1297.9833333333333,4089.587875706035,3495
8096.0,4800,0,0,0,4.011711473994282,1298.4870833333334,4090.4226173407183,3503
8097.0,4798,0,0,2,3.997699006396348,1299.488536890371,4091.308712415968,3515
8098.0,4798,0,0,0,3.9831530432486257,1300.0145894122552,4092.145390338938,3536
8099.0,4797,0,0,1,3.9687686918985543,1300.820929747759,4092.9307856751207,3544
8100.0,4796,0,0,1,3.9495423478333485,1301.5665137614678,4093.6341792010344,3550
8101.0,4795,0,0,1,3.995215246126854,1300.7447340980189,4094.6690322546333,3409
8102.0,4794,0,0,1,4.056203750409899,1300.2818105965791,4095.52186295467,3315
8103.0,4792,0,0,2,4.138346013609196,1300.2005425709515,4096.129252978431,3229
8104.0,4790,0,0,2,4.242229728818892,1300.2553235908142,4097.328273509779,3175
8105.0,4788,0,0,2,4.334181518912889,1300.4563492063492,4098.439314210807,3141
8106.0,4788,0,0,0,4.451140859666296,1300.3216374269007,4099.241596127261,3103
8107.0,4788,0,0,0,4.568036943431643,1300.078320802005,4100.035605630209,3063
8108.0,4787,0,0,1,4.669361400878031,1300.2235220388552,4101.127681099796,3030
8109.0,4786,0,0,1,4.759732343302533,1300.4201838696197,4102.108352840214,3008
8110.0,4786,0,0,0,4.840099477541569,1300.5217300459674,4102.88474662727,2994
8111.0,4782,0,0,4,4.915373670402968,1301.4293182768715,4103.971069231958,2965
8112.0,4781,0,0,1,4.971716017641522,1301.5722652164818,4104.806430488876,2943
8113.0,4779,0,0,2,5.017236426592169,1301.987235823394,4105.747239073042,2914
8114.0,4779,0,0,0,5.065064077561065,1301.8328102113412,4106.508360401997,2893
8115.0,4778,0,0,1,5.097181235118992,1302.1109250732525,4107.4813220519345,2884
8116.0,4777,0,0,1,5.126105598979509,1302.269415951434,4108.410830968406,2865
8117.0,4777,0,0,0,5.162484087908574,1302.1927988277162,4109.164862055539,2844
8118.0,4777,0,0,0,5.206879103001891,1302.1279045426,4109.915965738482,2809
8119.0,4774,0,0,3,5.249830202635902,1302.9289903644742,4110.796560699224,2785
8120.0,4771,0,0,3,5.286479508679971,1303.7390484175226,4111.174662134362,2775
8121.0,4769,0,0,2,5.331222237729732,1304.176976305305,4112.161260784872,2756
8122.0,4768,0,0,1,5.3688978099196225,1304.2783137583892,4112.730054976183,2733
8123.0,4768,0,0,0,5.3983328032414235,1304.0962667785234,4113.469579307341,2714
8124.0,4766,0,0,2,5.392057259613548,1304.5201426772976,4114.462117851233,2703
8125.0,4765,0,0,1,5.382157333031019,1304.7674711437567,4115.197289450869,2700
8126.0,4764,0,0,1,5.364895808313271,1304.9769101595298,4116.089925865495,2690
8127.0,4762,0,0,2,5.351752374028711,1305.4088618227636,4117.421297625197,2687
8128.0,4761,0,0,1,5.353623555287704,1305.6303297626548,4118.179171492123,2672
8129.0,4761,0,0,0,5.362079854115737,1305.570468388994,4118.920459225524,2664
8130.0,4760,0,1,2,5.345102245208982,1305.7668067226891,4118.951944133263,2669
8131.0,4758,0,0,2,5.331327502222767,1306.462589323245,4119.365325008518,2688
8132.0,4756,0,0,2,5.316333942376264,1307.0790580319597,4120.409300926655,2689
8133.0,4756,0,0,0,5.314768058484074,1307.1696804037006,4121.152541811885,2705
8134.0,4755,0,0,1,5.298753492702693,1307.5043112513144,4122.030022361284,2698
8135.0,4755,0,0,0,5.280200282455956,1307.6429022082018,4122.776819793363,2721
8136.0,4755,0,0,0,5.255388768203834,1307.632807570978,4123.524871527824,2726
8137.0,4753,0,0,2,5.230408402075512,1308.149168945929,4124.110171272214,2728
8138.0,4752,0,0,1,5.200285521704901,1308.4646464646464,4125.246128058967,2727
8139.0,4751,0,0,1,5.163662111579922,1308.761944853715,4125.941925383561,2736
8140.0,4751,0,0,0,5.131581890938069,1308.7392127973058,4126.699223685164,2746
8141.0,4748,0,0,3,5.092735980134941,1309.6413226621735,4128.064204955133,2770
8142.0,4746,0,0,2,5.063789615940426,1310.3040455120101,4129.203573486105,2774
8143.0,4746,0,0,0,5.037530484350318,1310.4641803624104,4129.967647935631,2781
8144.0,4745,0,0,1,4.99397742083769,1310.9964172813488,4130.893890493263,2790
8145.0,4744,0,0,1,4.9604575384044916,1311.3798482293423,4131.527778850722,2801
8146.0,4744,0,0,0,4.943746199354415,1311.412310286678,4132.298952069847,2805
8147.0,4742,0,0,2,4.9278314675386,1312.0063264445382,4133.084800790489,2803
8148.0,4742,0,0,0,4.926892267273904,1312.123576549979,4133.857979391633,2821
8149.0,4741,0,0,1,4.926376680789579,1312.582155663362,4134.934087779941,2847
8150.0,4740,0,0,1,4.930898593404507,1313.1537974683545,4135.577449163755,2857
8151.0,4739,0,0,1,4.931015959785178,1313.7704156995146,4136.66061643578,2871
8152.0,4737,0,0,2,4.9095154483510735,1314.6212792906904,4137.296877409382,2883
8153.0,4737,0,1,1,4.905015321344683,1314.9227359088031,4137.507396446489,2907
8154.0,4736,0,0,1,4.885681899449681,1315.4938766891892,4138.515798548983,2919
8155.0,4735,0,0,1,4.861813447475899,1316.1338965153116,4139.183556417317,2947
8156.0,4734,0,0,1,4.836254814127137,1316.7207435572454,4140.14733258401,2954
8157.0,4734,0,0,0,4.818047469391329,1317.072877059569,4140.929181242458,2985
8158.0,4733,0,0,1,4.782837071184813,1317.7010352841748,4142.005735112389,2984
8159.0,4733,0,0,0,4.7570808903296085,1318.004014367209,4142.791174416938,2994
8160.0,4732,0,0,1,4.721988559205991,1318.6538461538462,4143.639378091026,3001
8161.0,4733,0,1,0,4.696210028691999,1318.7327276568772,4143.553334812848,3017
8162.0,4733,0,0,0,4.672701736606032,1319.1107120219733,4144.344157914184,3038
8163.0,4732,0,0,1,4.635754526319999,1319.744294167371,4145.217205975676,3045
8164.0,4731,0,0,1,4.603245223753952,1320.429084760093,4146.304074912276,3068
8165.0,4730,0,0,1,4.5812751514927,1321.0251585623678,4147.195073563516,3083
8166.0,4730,0,1,1,4.573130603761681,1321.3646934460887,4147.069914849035,3091
8167.0,4728,0,1,3,4.5405079948757585,1322.2728426395938,4147.746358842392,3103
8168.0,4726,0,0,2,4.530380380259545,1323.1603893355903,4149.034812441176,3113
8169.0,4727,0,2,1,4.50994796068564,1323.2714195049714,4148.050925724787,3138
8170.0,4726,0,0,1,4.5037751145027425,1323.9170545916209,4149.02260300227,3131
8171.0,4725,0,0,1,4.502965079760708,1324.6038095238096,4149.432315127859,3155
8172.0,4725,0,1,1,4.494892180271353,1325.0215873015873,4149.478810541148,3157
8173.0,4724,0,0,1,4.483163023680666,1325.7631244707875,4150.279546637652,3179
8174.0,4722,0,0,2,4.476174248977105,1326.768530283778,4151.25523698731,3183
8175.0,4722,0,0,0,4.47360879041047,1327.174714104193,4152.062435717669,3194
8176.0,4723,0,1,0,4.47031461735587,1327.3040440398051,4151.991691263708,3202
8177.0,4723,0,1,1,4.464214349467343,1327.7421130637306,4152.22084965122,3216
8178.0,4723,0,0,0,4.455851810761969,1328.1376243912766,4153.0310314774,3232
8179.0,4723,0,1,1,4.439631547630485,1328.4594537370315,4153.208641462891,3243
8180.0,4722,0,0,1,4.4161999643032885,1329.1664548919948,4154.03227633174,3263
8181.0,4721,0,0,1,4.391249239619865,1329.8794746875662,4155.1172067011585,3276
8182.0,4719,0,0,2,4.355479878707645,1330.8870523415978,4156.386412222133,3309
8183.0,4717,0,0,2,4.326354145896501,1331.9652321390715,4157.681217709704,3324
8184.0,4717,0,0,0,4.306631455669777,1332.4617341530634,4158.50167353469,3343
8185.0,4716,0,0,1,4.2803505029699815,1333.2398218829517,4159.533970117006,3360
8186.0,4715,0,0,1,4.257019509362963,1334.0229056203605,4160.605997393492,3368
8187.0,4713,0,0,2,4.22580258100853,1335.1005728835137,4161.366072591321,3380
8188.0,4713,0,0,0,4.213922077641593,1335.6331423721622,4162.191421381579,3380
8189.0,4712,0,0,1,4.187454918016074,1336.4617996604413,4163.199836471574,3390
8190.0,4710,0,0,2,4.154399422238955,1337.623779193206,4163.656141902455,3401
8191.0,4710,0,0,0,4.203952779456095,1336.6577494692144,4164.480260662464,3263
8192.0,4708,0,0,2,4.2698400522922215,1336.6860662701783,4165.344498829213,3166
8193.0,4707,0,0,1,4.36882383624398,1336.55321861058,4166.126149098269,3089
8194.0,4705,0,0,2,4.479587438141502,1336.7815090329436,4167.246041664174,3022
8195.0,4704,0,0,1,4.596817438657896,1336.8847789115646,4168.2156444458005,2977
8196.0,4703,0,0,1,4.7148526447247505,1336.9761854135659,4169.165163558503,2922
8197.0,4701,0,0,2,4.831295787873895,1337.2624973409913,4170.670945601975,2885
8198.0,4701,0,0,0,4.9440152481610635,1337.037864284195,4171.442866453039,2848
8199.0,4699,0,0,2,5.029498000794726,1337.467120663971,4172.61982404866,2826
8200.0,4699,0,0,0,5.098160421998536,1337.2498403915727,4173.3824620532205,2786
8201.0,4698,0,0,1,5.138947881391603,1337.432098765432,4174.4732637033885,2783
8202.0,4697,0,0,1,5.182799915913693,1337.5333191398765,4175.224537294893,2770
8203.0,4694,0,0,3,5.2164393869727474,1338.3078397954837,4176.116937060347,2737
8204.0,4693,0,0,1,5.258540883918892,1338.2373748135522,4176.445692181376,2718
8205.0,4692,0,0,1,5.300225504126845,1338.3467604433079,4177.127902938439,2689
8206.0,4691,0,0,1,5.331959995557569,1338.4973353229589,4178.351091999612,2678
8207.0,4690,0,0,1,5.344807820744313,1338.9528784648187,4179.433004164924,2676
8208.0,4689,0,0,1,5.368262985379365,1339.1584559607593,4180.655837005042,2658
8209.0,4687,0,0,2,5.378667062667743,1339.557712822701,4181.501565574448,2629
8210.0,4686,0,0,1,5.3797349788087745,1339.771660264618,4182.519278029046,2598
8211.0,4685,0,0,1,5.375668797039662,1339.9863393810033,4183.179263869853,2604
8212.0,4683,0,0,2,5.369012686736031,1340.4667947896648,4184.240472541956,2599
8213.0,4681,0,0,2,5.3719145710817475,1340.9880367442854,4184.530364621757,2602
8214.0,4680,0,0,1,5.382963536556536,1341.1673076923078,4185.152360349277,2599
8215.0,4679,0,0,1,5.379271825012786,1341.351143406711,4186.195517825742,2598
8216.0,4677,0,0,2,5.364708945891859,1341.8535385931152,4187.066413343743,2576
8217.0,4675,0,0,2,5.353881440423984,1342.3473796791443,4188.432486348553,2582
8218.0,4673,0,0,2,5.33857028940813,1342.8758827305799,4188.7131360332605,2583
8219.0,4672,0,0,1,5.332074815397697,1343.12136130137,4189.677005655057,2568
8220.0,4673,0,1,0,5.3309488475713955,1343.033169270276,4189.522587548115,2586
8221.0,4673,0,0,0,5.335161456681,1343.032955274984,4190.265234069825,2593
8222.0,4673,0,0,0,5.326523367321126,1343.039375133747,4191.008356593323,2598
8223.0,4672,0,0,1,5.304988004745939,1343.3837756849316,4192.050684682512,2615
8224.0,4670,0,0,2,5.280273741268331,1344.117773019272,4193.511869502529,2618
8225.0,4670,0,0,0,5.279514156102916,1344.1443254817987,4194.258158914749,2624
8226.0,4669,0,0,1,5.2724770384478905,1344.5174555579354,4195.012862983294,2647
8227.0,4667,0,0,2,5.23583287161103,1345.1174201842725,4196.011613418996,2655
8228.0,4667,0,0,0,5.200810456560852,1345.1521319905721,4196.762664308244,2651
8229.0,4667,0,0,0,5.17462240862284,1345.2082708377973,4197.5163671928285,2656
8230.0,4667,0,0,0,5.143661065301811,1345.3244053996143,4198.272702599397,2676
8231.0,4667,0,0,0,5.105355483590272,1345.4658238697236,4199.031223226642,2687
8232.0,4667,0,0,0,5.071633895685962,1345.6254553246197,4199.791793981901,2692
8233.0,4665,0,0,2,5.028762962834272,1346.3363344051447,4200.484674235375,2690
8234.0,4663,0,0,2,4.983174062095919,1347.1078704696547,4201.242564708829,2692
8235.0,4663,0,0,0,4.964895400747491,1347.1962256058332,4202.009288132429,2697
8236.0,4661,0,0,2,4.9264864361169165,1347.763355503111,4202.67981292309,2688
8237.0,4661,0,0,0,4.900543498280062,1347.8339412143316,4203.448845948846,2687
8238.0,4661,0,0,0,4.886290380538219,1348.0115854966746,4204.218766653069,2707
8239.0,4660,0,0,1,4.876301558755875,1348.375965665236,4205.29157976226,2704
8240.0,4659,0,0,1,4.869747245364462,1348.8160549474137,4206.457678679914,2723
8241.0,4657,0,0,2,4.8539740045608175,1349.5250161047884,4207.582293878264,2725
8242.0,4657,0,1,1,4.848846169244339,1349.8340133132917,4207.4918604868,2743
8243.0,4657,0,1,1,4.846323049821525,1350.032424307494,4207.672223962081,2759
8244.0,4655,0,0,2,4.8383483496047495,1350.8356605800216,4208.6839564902975,2776
8245.0,4654,0,0,1,4.819670537554122,1351.367855608079,4209.477157940479,2794
8246.0,4653,0,0,1,4.793531036668295,1351.97657425317,4210.280887926788,2807
8247.0,4654,0,1,0,4.763844118855391,1352.0174043833263,4210.156538569462,2823
8248.0,4653,0,0,1,4.726827471676612,1352.714807650978,4210.922579582214,2861
8249.0,4653,0,0,0,4.691785349187981,1353.1482914248872,4211.708092885834,2888
8250.0,4654,0,1,0,4.664638935104586,1353.295229909755,4211.590076954443,2906
8251.0,4653,0,0,1,4.631633673131636,1354.0474962389856,4211.881374615535,2927
8252.0,4653,0,1,1,4.592964416303257,1354.475392220073,4212.046044408349,2943
8253.0,4653,0,0,0,4.564443998488705,1354.9151085321298,4212.83954186145,2948
8254.0,4652,0,0,1,4.522875078790007,1355.6287618228719,4213.928378749152,2952
8255.0,4652,0,0,0,4.4936570666681135,1356.0733018056749,4214.726631256424,2968
8256.0,4653,0,2,1,4.449263807224417,1356.2265205243928,4213.94541273473,2990
8257.0,4654,0,1,0,4.418012470278077,1356.3764503652772,4213.842345952405,3013
8258.0,4655,0,1,0,4.385453415006525,1356.4448979591837,4213.741284581608,3028
8259.0,4655,0,0,0,4.360947934713466,1356.8577873254565,4214.5473265206665,3045
8260.0,4654,0,0,1,4.336563275141164,1357.5620971207563,4215.49615250221,3051
8261.0,4651,0,0,3,4.315366833976142,1358.8974414104493,4216.403337182452,3064
8262.0,4652,0,2,1,4.296370476021498,1358.9402407566638,4215.660785451948,3084
8263.0,4652,0,0,0,4.274109294565344,1359.2813843508168,4216.474180673916,3095
8264.0,4652,0,1,1,4.25169996871973,1359.5595442820293,4216.239764977493,3103
8265.0,4652,0,0,0,4.246009194582612,1359.993981083405,4217.05581870065,3113
8266.0,4652,0,0,0,4.224730944887122,1360.4550730868443,4217.873563316077,3134
8267.0,4650,0,0,2,4.213682392776795,1361.5049462365591,4218.3708087066625,3157
8268.0,4649,0,0,1,4.209094657451435,1362.2761884276188,4219.695791598063,3167
8269.0,4649,0,1,1,4.200043991431427,1362.8180253818025,4219.958988288076,3201
8270.0,4648,0,1,2,4.1800974109349625,1363.618330464716,4220.284888615295,3206
8271.0,4647,0,0,1,4.162189610135656,1364.4011190015065,4221.170131246151,3212
8272.0,4646,0,0,1,4.136311826338565,1365.2565647869135,4221.9737482083765,3229
8273.0,4645,0,0,1,4.121440916411249,1366.0721205597417,4222.943708515891,3240
8274.0,4644,0,0,1,4.124332865550869,1366.8565891472867,4224.0796685550895,3251
8275.0,4643,0,0,1,4.110328332005617,1367.6151195347836,4224.920212787575,3243
8276.0,4643,0,0,0,4.095237662967163,1368.089166487185,4225.749509652275,3255
8277.0,4641,0,0,2,4.075927741557937,1369.2003878474466,4226.895006955851,3263
8278.0,4641,0,0,0,4.050675418689888,1369.7142857142858,4227.7273650758,3269
8279.0,4640,0,0,1,4.030345599213999,1370.5536637931034,4228.989421649247,3286
8280.0,4638,0,0,2,4.004295733369983,1371.7100043122036,4230.28929411232,3298
8281.0,4638,0,0,0,4.061309467106626,1370.689090125054,4231.120718660785,3150
8282.0,4636,0,0,2,4.150892431932583,1370.6947799827437,4232.0136760678815,3041
8283.0,4635,0,0,1,4.271205461288699,1370.5844660194175,4232.90404774284,2962
8284.0,4634,0,0,1,4.40895979875106,1370.4924471299094,4233.86079101356,2881
8285.0,4633,0,0,1,4.557940885779364,1370.4463630477012,4234.71054456533,2821
8286.0,4632,0,0,1,4.705445387038169,1370.5205094991366,4235.956831060483,2770
8287.0,4631,0,0,1,4.8424019912648415,1370.6713452817967,4236.821474305455,2737
8288.0,4631,0,0,0,4.960187399730859,1370.5728784279854,4237.593643516048,2708
8289.0,4629,0,0,2,5.036208723257872,1371.200259235256,4237.982769497919,2686
8290.0,4629,0,0,0,5.11021054000691,1371.0391013177791,4238.745611814125,2648
8291.0,4627,0,0,2,5.16482568464508,1371.6369137670197,4240.013135963712,2637
8292.0,4626,0,0,1,5.214084549687333,1371.9267185473411,4240.66042272218,2613
8293.0,4625,0,0,1,5.246762336517837,1372.1381621621622,4241.881743770482,2604
8294.0,4623,0,0,2,5.277797954913318,1372.7722258273848,4242.364689849002,2595
8295.0,4622,0,0,1,5.298814193864632,1373.0294244915622,4243.15688571976,2576
8296.0,4620,0,0,2,5.315700018721743,1373.5705627705627,4244.476950307244,2568
8297.0,4619,0,0,1,5.335291086041531,1373.8666378003898,4245.362203669901,2567
8298.0,4619,0,0,0,5.336458451339141,1374.0038969473912,4246.110203444369,2573
8299.0,4619,0,0,0,5.3320286117510545,1374.1242693223642,4246.858682046356,2586
8300.0,4619,0,0,0,5.345025847127911,1374.1881359601646,4247.606284551981,2581
8301.0,4617,0,0,2,5.355784588182132,1374.9222438813083,4248.147901898489,2566
8302.0,4616,0,0,1,5.343331417359264,1375.3910311958405,4248.7193505897285,2573
8303.0,4615,0,0,1,5.3378220359646,1375.807800650054,4249.50794124832,2574
8304.0,4613,0,0,2,5.327900820813368,1376.5800997181877,4250.437222417513,2588
8305.0,4611,0,0,2,5.311424295357633,1377.3092604641076,4251.568677864458,2585
8306.0,4609,0,0,2,5.288694821214284,1378.029724452159,4252.300157543868,2588
8307.0,4608,0,1,2,5.275251421396927,1378.447482638889,4252.650751744048,2600
8308.0,4606,0,0,2,5.261190237231914,1379.244463742944,4253.45282304662,2597
8309.0,4605,0,0,1,5.251795660546943,1379.7292073832791,4253.836225057021,2599
8310.0,4604,0,0,1,5.236592098930229,1379.9480886185925,4254.662055891491,2592
8311.0,4603,0,0,1,5.21375907660527,1380.3525961329567,4255.476786722739,2590
8312.0,4603,0,0,0,5.2134230941411985,1380.3412991527264,4256.2316114762125,2594
8313.0,4602,0,0,1,5.194045746845612,1380.6229900043459,4257.001903971552,2580
8314.0,4602,0,0,0,5.186752943509389,1380.7629291612343,4257.757959859661,2591
8315.0,4601,0,0,1,5.17635270068733,1381.1638774179526,4258.389440908315,2589
8316.0,4600,0,1,2,5.156300928132976,1381.7132608695651,4257.794386285036,2605
8317.0,4600,0,0,0,5.132360941072479,1381.8536956521739,4258.553326365078,2603
8318.0,4600,0,0,0,5.117292576683807,1381.915652173913,4259.3137632518565,2605
8319.0,4600,0,0,0,5.0916997807298126,1382.03,4260.075451246516,2600
8320.0,4599,0,0,1,5.05450210791384,1382.566210045662,4260.906579214143,2614
8321.0,4598,0,0,1,5.018008798667554,1382.8797303175293,4262.097956174425,2610
8322.0,4598,0,0,0,4.98647652718024,1383.1511526750762,4262.867622763531,2636
8323.0,4599,0,1,0,4.951981173356486,1383.158295281583,4262.712607175945,2641
8324.0,4599,0,0,0,4.915454399861128,1383.446401391607,4263.487510097869,2663
8325.0,4598,0,0,1,4.871464938607411,1383.970421922575,4264.537944513144,2669
8326.0,4598,0,0,0,4.8402511540513595,1384.170291431057,4265.317152117973,2679
8327.0,4597,0,0,1,4.8211538935542,1384.6019142919295,4266.495427525896,2687
8328.0,4597,0,0,0,4.819874605188237,1384.7628888405482,4267.276041603674,2686
8329.0,4595,0,0,2,4.814686016053598,1385.5233949945593,4268.37512074983,2677
8330.0,4595,0,0,0,4.804663324331999,1385.7647442872687,4269.156861235476,2695
8331.0,4596,0,2,1,4.798161927663877,1385.7445604873803,4268.0563667052775,2717
8332.0,4593,0,0,3,4.795710447975649,1386.9952101023296,4269.272098822166,2735
8333.0,4592,0,0,1,4.780253927854154,1387.5712108013938,4270.391256797899,2737
8334.0,4591,0,1,2,4.768420156769553,1388.2091047702027,4270.457669903484,2740
8335.0,4591,0,0,0,4.753024381070846,1388.5663254192987,4271.244757925448,2757
8336.0,4591,0,2,2,4.740803207145096,1388.8802003920714,4270.12137793778,2784
8337.0,4589,0,0,2,4.711731143786083,1389.85552407932,4270.925168539102,2794
8338.0,4588,0,1,2,4.673677420581798,1390.488012205754,4270.904885745447,2809
8339.0,4587,0,0,1,4.647366845505211,1391.1502071070418,4271.791641019378,2818
8340.0,4588,0,1,0,4.6225910022327135,1391.278116826504,4271.655806209329,2840
8341.0,4589,0,1,0,4.6002592913825,1391.346698627152,4271.521542683808,2860
8342.0,4589,0,0,0,4.5778421489045105,1391.7110481586403,4272.3192067807395,2860
8343.0,4588,0,0,1,4.555495772363569,1392.3166957279861,4273.395656816733,2864
8344.0,4589,0,2,1,4.538626673331885,1392.3170625408586,4272.488474049411,2881
8345.0,4589,0,0,0,4.524088820058955,1392.6419699280889,4273.289970505572,2899
8346.0,4590,0,1,0,4.489415609382498,1392.7472766884532,4273.16219803422,2925
8347.0,4591,0,1,0,4.4673452087530645,1392.9135264648226,4273.036323543527,2942
8348.0,4591,0,0,0,4.455773808637187,1393.3219342191244,4273.842432035035,2957
8349.0,4591,0,1,1,4.442007800740155,1393.749292093226,4273.625067948468,2972
8350.0,4591,0,0,0,4.434042692763079,1394.2149858418645,4274.43308095575,2984
8351.0,4590,0,0,1,4.427540986993024,1394.888888888889,4275.523781374711,2997
8352.0,4590,0,1,1,4.414902893549724,1395.3925925925926,4275.632011053105,3012
8353.0,4590,0,1,1,4.395093534839866,1395.8342047930282,4275.604135461938,3024
8354.0,4589,0,0,1,4.369199757859888,1396.651993898453,4276.545622030553,3046
8355.0,4589,0,0,0,4.358142774896037,1397.142514709087,4277.360818910289,3054
8356.0,4590,0,1,0,4.351304522512788,1397.3492374727668,4277.245160299534,3070
8357.0,4589,0,0,1,4.347299286533989,1398.1974286336892,4278.201697379521,3100
8358.0,4589,0,0,0,4.335879969917341,1398.7640008716496,4279.020158722948,3119
8359.0,4589,0,0,0,4.333946659634019,1399.2418827631293,4279.839488562672,3138
8360.0,4588,0,0,1,4.33259948064136,1400.0457715780296,4280.337062727641,3143
8361.0,4588,0,0,0,4.337641603826162,1400.5625544899738,4281.15681454807,3150
8362.0,4588,0,0,0,4.332596341827883,1401.1037489102005,4281.977432519671,3169
8363.0,4589,0,1,0,4.32154892050049,1401.3612987578992,4281.865571394903,3181
8364.0,4589,0,0,0,4.312660684738992,1401.889954238396,4282.687827837247,3196
8365.0,4589,0,0,0,4.301494259176466,1402.4238396164742,4283.511125055149,3210
8366.0,4588,0,0,1,4.288022758856494,1403.2737576285963,4284.35783909387,3225
8367.0,4586,0,0,2,4.264361254623054,1404.4101613606629,4285.6087949296725,3227
8368.0,4586,0,0,0,4.2400300625220515,1404.952682075883,4286.436242983228,3243
8369.0,4583,0,0,3,4.225283545227289,1406.423739908357,4288.021431727499,3258
8370.0,4582,0,0,1,4.203868200361415,1407.2664775207334,4288.383765302119,3266
8371.0,4580,0,0,2,4.246021245734692,1406.8159388646288,4289.786523899784,3122
8372.0,4580,0,0,0,4.333056454049819,1406.1973799126638,4290.607086903126,3034
8373.0,4580,0,0,0,4.44699080722068,1405.7065502183407,4291.419870023913,2944
8374.0,4579,0,0,1,4.565083970520781,1405.6735094998908,4292.366715742307,2892
8375.0,4579,0,0,0,4.694795218002556,1405.4214894081676,4293.162296445794,2849
8376.0,4578,0,0,1,4.827569449002005,1405.5080821319355,4293.623110008592,2802
8377.0,4578,0,0,0,4.948770684783836,1405.2555701179554,4294.400869818956,2757
8378.0,4578,0,0,0,5.0521493397362285,1405.0589777195282,4295.172019188028,2734
8379.0,4577,0,0,1,5.129793182173906,1405.24557570461,4295.9873560691285,2710
8380.0,4576,0,0,1,5.19861312952837,1405.42111013986,4296.90212774165,2686
8381.0,4576,0,0,0,5.261175528108637,1405.4084353146852,4297.6589014485435,2672
8382.0,4574,0,0,2,5.285894327552939,1406.0273283777874,4299.211862472968,2668
8383.0,4574,0,0,0,5.3235910770528,1406.0979449059903,4299.964288296751,2667
8384.0,4573,0,0,1,5.349657856940402,1406.458123769954,4301.0744724742435,2667
8385.0,4572,0,0,1,5.377094869890912,1406.8759842519685,4301.806352817251,2659
8386.0,4569,0,0,3,5.380844606070313,1407.8209673889253,4302.935005724689,2662
8387.0,4567,0,0,2,5.382016026606481,1408.4830304357347,4303.9523930994865,2669
8388.0,4565,0,0,2,5.381359538292928,1409.2124863088718,4304.783167515685,2662
8389.0,4563,0,0,2,5.388379973543031,1409.8145956607495,4305.332030948875,2651
8390.0,4562,0,0,1,5.3847773729154245,1410.2597544936432,4306.680086545735,2643
8391.0,4561,0,0,1,5.373335854242433,1410.6461302345976,4307.416678505154,2639
8392.0,4560,0,0,1,5.36305628069298,1411.1197368421053,4308.308744594395,2644
8393.0,4559,0,0,1,5.343190293944754,1411.661548585216,4309.654760777372,2648
8394.0,4558,0,0,1,5.317988475540824,1412.1669591926284,4309.9196101595735,2642
8395.0,4555,0,0,3,5.294437618188404,1413.238199780461,4310.82451566034,2638
8396.0,4555,0,0,0,5.268713367127821,1413.3872667398464,4311.576159094184,2646
8397.0,4553,0,0,2,5.2601447695962396,1414.1572589501427,4312.530608258795,2640
8398.0,4550,0,0,3,5.239747518501896,1415.3437362637362,4313.610423278089,2657
8399.0,4550,0,0,0,5.247482058567857,1415.6175824175825,4314.363248345238,2648
8400.0,4546,0,0,4,5.240668783891462,1416.9786625604927,4315.581702635273,2654
8401.0,4545,0,0,1,5.229182121324335,1417.4778877887788,4316.184228493361,2664
8402.0,4545,0,0,0,5.21667946596572,1417.6730473047305,4316.938921023171,2660
8403.0,4545,0,0,0,5.218199502111131,1417.8893289328932,4317.693410307918,2656
8404.0,4544,0,0,1,5.194319698919128,1418.430897887324,4318.254096997015,2661
8405.0,4543,0,0,1,5.173796265012043,1418.9520140876073,4319.140914747633,2666
8406.0,4542,0,0,1,5.147180079610729,1419.4762219286658,4319.8060534714205,2669
8407.0,4541,0,0,1,5.106469659264725,1419.975115613301,4320.537072362084,2670
8408.0,4541,0,0,0,5.084845490296939,1420.2395948029068,4321.299585870119,2691
8409.0,4540,0,0,1,5.069107082849904,1420.7918502202642,4322.4213695019425,2697
8410.0,4539,0,0,1,5.057580584286849,1421.4018506278917,4323.257556039554,2701
8411.0,4538,0,0,1,5.030182396954152,1421.9808285588365,4324.328515616127,2715
8412.0,4537,0,0,1,4.991969377469246,1422.5695393431783,4324.917724391637,2717
8413.0,4536,0,0,1,4.933232624714761,1423.171737213404,4325.949899738288,2729
8414.0,4535,0,0,1,4.886181702277666,1423.7545755237045,4326.981032870855,2739
8415.0,4534,0,0,1,4.841733193523424,1424.2951036612262,4327.426035233411,2745
8416.0,4533,0,0,1,4.805325942431886,1424.8566071034636,4327.983734388148,2749
8417.0,4530,0,0,3,4.768028488063203,1426.0395143487858,4328.4600985536335,2748
8418.0,4530,0,0,0,4.737005711335788,1426.273509933775,4329.243156389617,2756
8419.0,4528,0,0,2,4.7025605151419905,1427.172261484099,4330.27088484514,2769
8420.0,4527,0,0,1,4.672505524491274,1427.7826375082836,4331.296457371578,2791
8421.0,4526,0,1,2,4.655754875756031,1428.4524966858153,4331.62047304217,2807
8422.0,4524,0,1,3,4.631030430630305,1429.4310344827586,4331.878059543702,2810
8423.0,4523,0,1,2,4.6175036780823255,1430.1151890338272,4331.604125721195,2828
8424.0,4518,0,0,5,4.582422232264654,1432.0907481186366,4333.568180803503,2834
8425.0,4518,0,1,1,4.561477457928001,1432.3404161133244,4333.489308279665,2841
8426.0,4517,0,1,2,4.529034301694124,1432.8873145893292,4333.308363401735,2845
8427.0,4515,0,0,2,4.496569375669783,1433.9060908084164,4333.796999668486,2859
8428.0,4513,0,1,3,4.459231883326686,1434.9073786838023,4333.848975304924,2866
8429.0,4513,0,1,1,4.430538476230009,1435.3055617106138,4334.115858285475,2886
8430.0,4515,0,2,0,4.394655068047623,1435.047619047619,4332.997180196111,2896
8431.0,4515,0,0,0,4.375403018204677,1435.439645625692,4333.799411515636,2931
8432.0,4515,0,0,0,4.35973202855544,1435.8666666666666,4334.603698766384,2939
8433.0,4517,0,2,0,4.3373413997758,1435.7168474651317,4333.490469820499,2959
8434.0,4516,0,0,1,4.307037464076733,1436.4530558015942,4334.357721616543,2971
8435.0,4518,0,2,0,4.280092515276905,1436.2994687915007,4333.248564088591,2993
8436.0,4518,0,0,0,4.264008092874424,1436.7605135015494,4334.059800730778,3015
8437.0,4518,0,1,1,4.249268753627862,1437.256750774679,4333.927309408785,3031
8438.0,4518,0,0,0,4.236609891318461,1437.7481186365649,4334.74104634104,3053
8439.0,4519,0,1,0,4.223652797714134,1437.9442354503208,4334.596047945935,3074
8440.0,4518,0,0,1,4.200670896536376,1438.8138556883578,4335.661537918066,3085
8441.0,4519,0,1,0,4.183301415896343,1439.0115069705687,4335.51941397126,3100
8442.0,4518,0,0,1,4.17167691682723,1439.8707392651615,4336.381141668035,3129
8443.0,4519,0,1,0,4.167247060580558,1440.0219075016596,4336.241014316395,3133
8444.0,4519,0,0,0,4.15913687703383,1440.5709227705245,4337.061744310464,3140
8445.0,4519,0,0,0,4.15393242383408,1441.0581987165301,4337.883045840173,3144
8446.0,4519,0,1,1,4.148297218469181,1441.4974551892012,4337.80355906163,3158
8447.0,4519,0,0,0,4.1359956910189215,1441.9610533303828,4338.627027703823,3174
8448.0,4519,0,0,0,4.127248738726523,1442.3693294976765,4339.451049867365,3179
8449.0,4519,0,0,0,4.11945773740616,1442.8074795308696,4340.276499195336,3194
8450.0,4519,0,0,0,4.116515055318324,1443.2558088072583,4341.102481162327,3199
8451.0,4520,0,1,0,4.114862167677817,1443.3730088495574,4340.968280623669,3211
8452.0,4519,0,0,1,4.112468115247285,1444.1256915246736,4341.656828129087,3231
8453.0,4519,0,0,0,4.092254906842338,1444.600354060633,4342.485921197319,3249
8454.0,4519,0,0,0,4.07658127911382,1445.0783359150255,4343.316090150253,3269
8455.0,4519,0,0,0,4.061504679928627,1445.579995574242,4344.147948467532,3267
8456.0,4517,0,0,2,4.036663970536376,1446.7834846136816,4345.3373202073135,3285
8457.0,4516,0,0,1,4.019282349315553,1447.724534986714,4345.940120962687,3301
8458.0,4514,0,0,2,3.9870708066245153,1448.9738591050066,4346.103860295485,3323
8459.0,4513,0,0,1,3.9695553155667858,1449.90405495236,4346.992367896542,3338
8460.0,4510,0,0,3,3.9349022539216456,1451.5057649667406,4348.223278208257,3353
8461.0,4509,0,0,1,3.9961382614500183,1450.888888888889,4349.232045484475,3203
8462.0,4509,0,0,0,4.087172867178225,1450.5229540918165,4350.062794673423,3112
8463.0,4506,0,0,3,4.198932275841367,1451.3257878384377,4351.126475991262,3056
8464.0,4506,0,0,0,4.316485546861961,1451.107190412783,4351.941387297511,2995
8465.0,4506,0,0,0,4.444829505055722,1451.0104305370617,4352.747008063952,2956
8466.0,4505,0,0,1,4.580759960173593,1451.3180910099888,4353.559914848247,2908
8467.0,4505,0,0,0,4.707262085377449,1451.4477247502775,4354.348410043237,2894
8468.0,4504,0,0,1,4.819225043371238,1451.7979573712255,4355.329437946999,2850
8469.0,4504,0,0,0,4.911379729753454,1451.8940941385436,4356.1047832613995,2836
8470.0,4504,0,0,0,4.993085699401748,1451.7995115452932,4356.8743841538635,2817
8471.0,4503,0,0,1,5.0509106717312,1452.2302909171663,4357.667571871169,2795
8472.0,4502,0,0,1,5.088985451164626,1452.6739227010219,4358.393897023518,2775
8473.0,4500,0,0,2,5.121089666525331,1453.527111111111,4359.474011850526,2768
8474.0,4498,0,0,2,5.143134953664951,1454.3345931525123,4360.659544924482,2750
8475.0,4498,0,0,0,5.180405134098278,1454.5086705202311,4361.416492380454,2737
8476.0,4497,0,0,1,5.215471606989796,1454.969090504781,4362.710045474889,2725
8477.0,4497,0,0,0,5.244771289923266,1455.1207471647765,4363.462666027735,2715
8478.0,4496,0,0,1,5.272973603014366,1455.629893238434,4364.717312328627,2706
8479.0,4495,0,0,1,5.284991496191851,1456.179087875417,4365.296604819031,2700
8480.0,4495,0,0,0,5.301030790046928,1456.4115684093438,4366.046565157106,2690
8481.0,4494,0,0,1,5.309223175254711,1457.0302625723186,4367.128665741852,2692
8482.0,4493,0,0,1,5.32328615976923,1457.5746717115512,4368.0079338882915,2696
8483.0,4491,0,0,2,5.318677071256564,1458.462703184146,4369.068273013213,2694
8484.0,4491,0,0,0,5.321513258864452,1458.6328211979514,4369.817473256941,2678
8485.0,4489,0,0,2,5.327284252764782,1459.4731566050345,4370.632744300156,2660
8486.0,4488,0,0,1,5.336079949983932,1460.02183600713,4371.554850116375,2656
8487.0,4489,0,1,0,5.343855864952012,1459.94497660949,4371.32833390156,2670
8488.0,4487,0,0,2,5.343816416812093,1460.853131268108,4371.501039749565,2676
8489.0,4487,0,0,0,5.339728434049195,1461.1109872966347,4372.249126931382,2680
8490.0,4487,0,0,0,5.327187249655965,1461.384221083129,4372.997719779074,2673
8491.0,4485,0,0,2,5.318383316123281,1462.2882943143813,4373.435272167637,2670
8492.0,4485,0,0,0,5.321976885172808,1462.596878483835,4374.184942798536,2686
8493.0,4485,0,0,0,5.30732853251134,1462.8468227424748,4374.935574250817,2690
8494.0,4486,0,1,0,5.278558586556764,1462.7632634864021,4374.712728844471,2697
8495.0,4485,0,0,1,5.250836207668487,1463.361872909699,4375.4333515044755,2708
8496.0,4484,0,0,1,5.245874856790728,1463.9034344335414,4376.062428749933,2698
8497.0,4484,0,0,0,5.250279613624372,1464.1039250669046,4376.816256928777,2716
8498.0,4484,0,0,0,5.244224223906324,1464.413247100803,4377.570892740139,2714
8499.0,4483,0,1,2,5.210537856306563,1465.020298906982,4377.98966018419,2724
8500.0,4483,0,0,0,5.192306443034755,1465.2654472451484,4378.74737757991,2732
8501.0,4482,0,0,1,5.163580560415926,1465.8179384203481,4379.4682508403375,2730
8502.0,4482,0,0,0,5.125614871964683,1466.1017402945113,4380.2309435644065,2735
8503.0,4482,0,0,0,5.085931147043271,1466.4482373940205,4380.996495089675,2753
8504.0,4482,0,0,0,5.038584693597542,1466.7365015618027,4381.764773463737,2756
8505.0,4481,0,1,2,4.994981492944517,1467.4155322472661,4381.944029324389,2773
8506.0,4480,0,0,1,4.963673761944469,1468.0011160714287,4382.6523465067185,2776
8507.0,4480,0,0,0,4.941854380526801,1468.239955357143,4383.427713224718,2789
8508.0,4480,0,0,0,4.929026904569217,1468.55,4384.203666744173,2799
8509.0,4480,0,0,0,4.911126201348217,1468.8707589285714,4384.980809127122,2803
8510.0,4479,0,0,1,4.882571034525619,1469.5161866488056,4386.084582783727,2810
8511.0,4480,0,1,0,4.885673446370145,1469.4772321428572,4385.883890013,2822
8512.0,4479,0,0,1,4.875781042846181,1470.068542085287,4386.672095859847,2830
8513.0,4476,0,1,4,4.857899190261929,1471.3706434316355,4387.377713565208,2836
8514.0,4477,0,1,0,4.846590360968071,1471.4103194103195,4387.178612802255,2849
8515.0,4474,0,0,3,4.80461225767405,1472.6808225301743,4387.764757572353,2856
8516.0,4475,0,1,0,4.786187246330043,1472.5850279329609,4387.5681021144255,2862
8517.0,4475,0,1,1,4.759057400564404,1472.8359776536313,4387.642811510212,2874
8518.0,4475,0,0,0,4.743473917900666,1473.1436871508379,4388.429278881226,2889
8519.0,4475,0,1,1,4.7280075472106065,1473.4391061452513,4388.354669507063,2900
8520.0,4474,0,0,1,4.708953342074668,1474.0496200268217,4389.374728982839,2919
8521.0,4475,0,1,0,4.684576207116193,1473.9410055865922,4389.184133073725,2917
8522.0,4476,0,1,0,4.655903766036373,1473.8570151921358,4388.995641059693,2927
8523.0,4476,0,0,0,4.63252899833784,1474.1349419124217,4389.789659103868,2950
8524.0,4475,0,0,1,4.608312278254658,1474.7870391061454,4390.716638645119,2964
8525.0,4475,0,1,1,4.593246833318665,1475.128938547486,4390.788064472107,2971
8526.0,4475,0,0,0,4.579258865600256,1475.5072625698324,4391.586317792933,2981
8527.0,4477,0,3,1,4.556026455350766,1475.226267589904,4389.667332241222,2999
8528.0,4477,0,0,0,4.534368083279602,1475.6236318963593,4390.468896294205,3010
8529.0,4478,0,1,0,4.512179626508142,1475.7746761947299,4390.291755392756,3031
8530.0,4478,0,0,0,4.481378828721299,1476.1156766413578,4391.09697933283,3048
8531.0,4477,0,1,2,4.448054915690529,1476.9052937234756,4391.3396288309805,3069
8532.0,4477,0,0,0,4.426521119259134,1477.3243243243244,4392.149648379001,3072
8533.0,4478,0,1,0,4.396122953548627,1477.4531040643144,4391.980270370536,3095
8534.0,4478,0,0,0,4.368529741041369,1477.8700312639571,4392.794302944134,3112
8535.0,4479,0,1,0,4.336734138200451,1478.0442062960483,4392.629134926144,3137
8536.0,4480,0,1,0,4.307191776086217,1478.1276785714285,4392.4662555787445,3149
8537.0,4480,0,0,0,4.275737617369039,1478.5698660714286,4393.286614624568,3171
8538.0,4480,0,0,0,4.2518346667719555,1479.0232142857142,4394.108449036057,3185
8539.0,4480,0,0,0,4.228977586783252,1479.5316964285714,4394.931929894448,3213
8540.0,4479,0,0,1,4.1971727028529475,1480.4266577361018,4395.836213613395,3228
8541.0,4480,0,1,0,4.172669760162538,1480.6845982142856,4395.682237824125,3245
8542.0,4480,0,0,0,4.158887502665507,1481.2421875,4396.510723857763,3260
8543.0,4478,0,0,2,4.132030785249831,1482.4555605180885,4397.952955107084,3274
8544.0,4478,0,0,0,4.110776566382165,1483.0381866904868,4398.784642299448,3288
8545.0,4478,0,0,0,4.088018983085722,1483.6138901295221,4399.617981113244,3297
8546.0,4478,0,0,0,4.089583558654222,1484.1900401965163,4400.451446754476,3309
8547.0,4478,0,1,1,4.075147924505093,1484.8175524787853,4400.250759768916,3322
8548.0,4477,0,0,1,4.0700051380891695,1485.6618271163725,4400.7716662511375,3329
8549.0,4477,0,0,0,4.060389396370055,1486.272950636587,4401.607934082022,3345
8550.0,4474,0,0,3,4.044345406308237,1487.8243182834153,4402.941747794704,3354
8551.0,4472,0,0,2,4.086305052274274,1487.2095259391772,4403.9873039528,3213
8552.0,4472,0,0,0,4.171146345799347,1486.4340339892665,4404.814772412874,3121
8553.0,4471,0,0,1,4.267038009327494,1486.1724446432565,4405.752527003117,3052
8554.0,4470,0,0,1,4.382439315857007,1486.0337807606263,4406.871837558361,2992
8555.0,4470,0,0,0,4.524782148558069,1485.7803131991052,4407.6741375414385,2947
8556.0,4469,0,0,1,4.671876817067316,1485.9268292682927,4408.313482473586,2898
8557.0,4467,0,0,2,4.80539467319546,1486.4851130512648,4409.296445560197,2860
8558.0,4466,0,0,1,4.920143949936031,1486.8477384684281,4410.240767831124,2832
8559.0,4466,0,0,0,5.014756113208248,1486.8134796238244,4411.009955786016,2799
8560.0,4465,0,0,1,5.100570163563067,1487.157894736842,4412.02339716337,2775
8561.0,4465,0,0,0,5.164017824634411,1487.2333706606944,4412.782532872009,2749
8562.0,4464,0,0,1,5.221922758610647,1487.6077508960573,4413.430329882581,2737
8563.0,4463,0,0,1,5.259312570528551,1488.0790947792964,4414.303451262366,2726
8564.0,4463,0,0,0,5.302986330029672,1488.0824557472552,4415.053338335343,2708
8565.0,4463,0,0,0,5.34019866816489,1488.1678243334081,4415.8004668805515,2694
8566.0,4463,0,0,0,5.380179887998439,1488.1425050414518,4416.545577736222,2682
8567.0,4463,0,0,0,5.409442386006403,1488.1967286578536,4417.288912640339,2658
8568.0,4463,0,0,0,5.435861962786414,1488.304951826126,4418.029824606202,2644
8569.0,4463,0,0,0,5.450343548921695,1488.3719471207708,4418.770467726846,2626
8570.0,4463,0,0,0,5.484354640882319,1488.2650683396819,4419.508368620264,2594
8571.0,4463,0,0,0,5.514910234128143,1488.1530360743893,4420.244089651431,2586
8572.0,4461,0,0,2,5.513526639806089,1488.7886124187403,4421.339263168055,2584
8573.0,4461,0,0,0,5.5274928411389785,1488.7184487783009,4422.074303101728,2582
8574.0,4461,0,0,0,5.531311630803542,1488.5476350594038,4422.809772454813,2553
8575.0,4460,0,0,1,5.531921174305357,1488.8405829596413,4423.496423103498,2561
8576.0,4459,0,0,1,5.539458151284396,1489.0984525678402,4424.249114143989,2551
8577.0,4458,0,0,1,5.5350057931979535,1489.3676536563482,4425.132702882717,2548
8578.0,4459,0,1,0,5.540653004256864,1489.1018165507962,4424.874870208172,2550
8579.0,4457,0,0,2,5.549055544144832,1489.8039039712812,4425.826762022806,2557
8580.0,4457,0,0,0,5.558828936920278,1489.9255104330266,4426.561060245105,2554
8581.0,4455,0,0,2,5.554101386796736,1490.7434343434343,4427.884879782924,2562
8582.0,4455,0,0,0,5.5681498023003595,1490.801571268238,4428.62050363247,2561
8583.0,4452,0,0,3,5.561154125177775,1491.9409254267746,4430.124826402547,2571
8584.0,4450,0,0,2,5.548343544474357,1492.718426966292,4431.181376628736,2588
8585.0,4450,0,0,0,5.549151417904074,1492.8368539325843,4431.9191208629145,2582
8586.0,4448,0,0,2,5.533508163215294,1493.6402877697842,4432.627052485081,2586
8587.0,4448,0,0,0,5.523688085828263,1493.7191996402878,4433.366623471742,2586
8588.0,4449,0,1,0,5.504317205105615,1493.5729377388177,4433.11035110747,2597
8589.0,4447,0,0,2,5.489992171417314,1494.328311221048,4434.320129261824,2591
8590.0,4446,0,0,1,5.475210285776689,1494.7901484480433,4434.826857250045,2595
8591.0,4446,0,0,0,5.432927931150001,1494.8960863697705,4435.573360457203,2609
8592.0,4446,0,0,0,5.397874582559989,1495.0285650022493,4436.321991793309,2612
8593.0,4446,0,0,0,5.3701324971177105,1495.2040035987404,4437.072716390424,2622
8594.0,4447,0,1,0,5.340412325358815,1495.1508882392625,4436.828206352058,2641
8595.0,4447,0,0,0,5.286650665172406,1495.3352822127276,4437.585740731742,2655
8596.0,4446,0,0,1,5.249412648408191,1495.8052181736393,4438.466667864764,2655
8597.0,4446,0,0,0,5.219460193435794,1495.9644624381467,4439.228906305107,2669
8598.0,4445,0,0,1,5.190125402269935,1496.444544431946,4440.334504917144,2684
8599.0,4445,0,0,0,5.175402245208376,1496.549381327334,4441.100343105246,2702
8600.0,4444,0,1,2,5.137352149329287,1497.1462646264627,4441.32379910441,2735
8601.0,4442,0,0,2,5.118480865610845,1497.975011256191,4442.165500420707,2745
8602.0,4440,0,1,3,5.085035720696564,1498.9637387387388,4441.9958267821,2774
8603.0,4439,0,0,1,5.062182741155813,1499.4877224600136,4442.726314557952,2784
8604.0,4438,0,0,1,5.0418918723313935,1500.1439837764758,4443.888350139624,2812
8605.0,4438,0,1,1,5.027530872802832,1500.4132492113565,4443.874460402793,2834
8606.0,4437,0,0,1,5.007808152830068,1501.1174216813163,4444.516291831522,2855
8607.0,4436,0,0,1,4.99587361436347,1501.8228133453563,4445.5319465735,2871
8608.0,4436,0,1,1,4.9701638972222995,1502.0802524797114,4445.6865302994765,2887
8609.0,4435,0,0,1,4.95034590106068,1502.6712514092446,4446.8222636390055,2892
8610.0,4435,0,0,0,4.927342002226078,1503.0509582863585,4447.60691111598,2918
8611.0,4435,0,1,1,4.90091825561722,1503.4142051860204,4447.776674471753,2924
8612.0,4434,0,0,1,4.8890740533719255,1503.8786648624266,4448.092290112853,2924
8613.0,4432,0,0,2,4.8691426943451885,1504.9189981949457,4449.287315994962,2940
8614.0,4430,0,1,3,4.835325656419922,1505.9257336343114,4448.582592186232,2948
8615.0,4430,0,0,0,4.8277780440789355,1506.0880361173815,4449.373978509131,2941
8616.0,4429,0,0,1,4.821130159658654,1506.7367351546625,4450.222841204067,2961
8617.0,4427,0,0,2,4.807449378535454,1507.8549807996385,4451.400238329877,2967
8618.0,4426,0,1,2,4.774174113396519,1508.6183913239945,4451.407634726781,2978
8619.0,4424,0,0,2,4.744055092379497,1509.642405063291,4452.428965559305,2992
8620.0,4423,0,0,1,4.725020784203795,1510.3811892380736,4453.775761857608,3006
8621.0,4421,0,0,2,4.687362061025465,1511.4186835557566,4454.132513655297,3015
8622.0,4419,0,1,3,4.64764043465033,1512.4464811043222,4453.640220080879,3028
8623.0,4420,0,1,0,4.614308946865102,1512.6298642533936,4453.437548165068,3046
8624.0,4420,0,0,0,4.58749184492805,1512.973303167421,4454.2442006040765,3059
8625.0,4421,0,1,0,4.553801308097457,1513.060167382945,4454.045959156943,3076
8626.0,4421,0,1,1,4.525842634036395,1513.5132323003845,4454.023397850973,3090
8627.0,4420,0,0,1,4.484941513364146,1514.2276018099546,4454.7714491867055,3098
8628.0,4422,0,2,0,4.460788691540766,1513.9728629579377,4453.571389701608,3115
8629.0,4421,0,0,1,4.428793178878168,1514.8045691020131,4454.375295842591,3128
8630.0,4420,0,1,2,4.400876384559111,1515.5780542986424,4454.084263312091,3145
8631.0,4420,0,1,1,4.387911483963984,1516.0325791855203,4453.891662365956,3160
8632.0,4419,0,0,1,4.362763270327284,1516.816021724372,4455.2344243797215,3172
8633.0,4420,0,1,0,4.349329982916688,1516.9323529411765,4455.048204657414,3184
8634.0,4420,0,0,0,4.33640125821578,1517.321040723982,4455.871362478926,3202
8635.0,4419,0,0,1,4.310866951738423,1518.1341932563928,4457.031852996795,3198
8636.0,4419,0,1,1,4.298067048509569,1518.6069246435845,4456.81763394026,3216
8637.0,4418,0,0,1,4.281372937378877,1519.4092349479401,4457.823272352641,3225
8638.0,4418,0,1,1,4.25914590179203,1519.8673607967405,4457.409078160789,3240
8639.0,4418,0,0,0,4.24437365526915,1520.323675871435,4458.2385763313,3248
8640.0,4417,0,0,1,4.228412862506025,1521.1202173420875,4459.591449724096,3254
8641.0,4416,0,0,1,4.276558699756336,1520.1705163043478,4460.9257073266945,3094
8642.0,4415,0,0,1,4.365378260265652,1519.708040770102,4461.807389381133,2992
8643.0,4415,0,0,0,4.484176231227539,1519.215402038505,4462.618743114045,2915
8644.0,4415,0,0,0,4.629524191388729,1518.8942242355606,4463.421052483982,2855
8645.0,4414,0,0,1,4.7798766363087895,1518.882193022202,4464.2582829789435,2801
8646.0,4411,0,0,3,4.936955242172484,1519.7284062570845,4465.363690252327,2765
8647.0,4409,0,0,2,5.081288136862891,1520.2628713994102,4466.6574988524535,2724
8648.0,4407,0,0,2,5.197074906239824,1520.7939641479466,4467.394229037677,2697
8649.0,4406,0,0,1,5.292021996867248,1520.8522469359964,4468.533499841815,2657
8650.0,4406,0,0,0,5.369437526938994,1520.7743985474353,4469.285642661031,2630
8651.0,4405,0,0,1,5.432576410556274,1521.0567536889898,4469.922105852683,2617
8652.0,4405,0,0,0,5.497044177708321,1520.8844494892169,4470.665527278491,2594
8653.0,4405,0,0,0,5.550126842780993,1520.772985244041,4471.405677710233,2561
8654.0,4405,0,0,0,5.604730615181232,1520.6492622020432,4472.141089813248,2534
8655.0,4405,0,0,0,5.653670342672391,1520.6242905788877,4472.873412142798,2510
8656.0,4405,0,0,0,5.697366553643608,1520.5289443813847,4473.6021985927255,2491
8657.0,4405,0,0,0,5.713248348672137,1520.355278093076,4474.33002010669,2476
8658.0,4404,0,0,1,5.717046253840965,1520.5656221616712,4475.151515252648,2468
8659.0,4404,0,0,0,5.703476909599751,1520.4711625794732,4475.879178924032,2470
8660.0,4404,0,0,0,5.717533468848842,1520.3685286103541,4476.605274600692,2450
8661.0,4403,0,0,1,5.716105740813034,1520.6456961162844,4477.616503196622,2431
8662.0,4401,0,0,2,5.7140362628840835,1521.3081117927743,4478.718957418212,2436
8663.0,4401,0,0,0,5.713205541363621,1521.309247898205,4479.444185466415,2436
8664.0,4398,0,0,3,5.705823522853013,1522.2987721691677,4480.249403310909,2424
8665.0,4398,0,0,0,5.709439163386962,1522.4715779899955,4480.975143899465,2421
8666.0,4397,0,0,1,5.710665413045281,1522.7966795542416,4481.795472631117,2424
8667.0,4397,0,0,0,5.712917702250241,1522.7887195815329,4482.520456468687,2431
8668.0,4397,0,0,0,5.7059380311017245,1522.8066863770753,4483.2451762243745,2441
8669.0,4396,0,0,1,5.690230136412293,1523.1728844404004,4484.037183266054,2428
8670.0,4396,0,0,0,5.6726832737885164,1523.210873521383,4484.763409159015,2432
8671.0,4396,0,0,0,5.655019873160483,1523.2650136487716,4485.491096471632,2432
8672.0,4396,0,0,0,5.640775819636494,1523.371246587807,4486.220072356529,2441
8673.0,4396,0,0,0,5.635067439011484,1523.5129663330301,4486.949434547229,2450
8674.0,4396,0,0,0,5.615903140143419,1523.4959053685168,4487.680576194263,2457
8675.0,4396,0,0,0,5.606245493069286,1523.5323020928117,4488.412783965317,2477
8676.0,4395,0,0,1,5.573845879425005,1523.9465301478954,4488.671916458872,2478
8677.0,4395,0,0,0,5.539718368787558,1524.0043230944254,4489.4086079995395,2492
8678.0,4395,0,0,0,5.511327706674496,1524.1529010238908,4490.147167746367,2504
8679.0,4395,0,0,0,5.489750986138017,1524.1797497155858,4490.887340965227,2508
8680.0,4395,0,0,0,5.473946608988303,1524.333560864619,4491.6286806834305,2538
8681.0,4395,0,0,0,5.443918433687412,1524.4516496018202,4492.37225011845,2548
8682.0,4395,0,0,0,5.412377505186398,1524.6830489192264,4493.118052821817,2568
8683.0,4394,0,0,1,5.381647512914187,1525.335685025034,4494.044839065331,2581
8684.0,4393,0,0,1,5.330741467798104,1525.8798087867062,4494.337124069653,2606
8685.0,4391,0,0,2,5.27346612068609,1526.783192894557,4495.652386764115,2619
8686.0,4391,0,0,0,5.23182419786081,1526.8779321339102,4496.411151933529,2634
8687.0,4391,0,0,0,5.198496541914804,1526.9744932817125,4497.171324934853,2657
8688.0,4390,0,0,1,5.169778228186751,1527.3922551252847,4497.793075661889,2663
8689.0,4389,0,0,1,5.1473973373789965,1527.7858282068808,4498.940862921927,2673
8690.0,4389,0,0,0,5.118394007304674,1527.9617224880383,4499.706418069969,2686
8691.0,4388,0,0,1,5.103030683473697,1528.524384685506,4500.7965886097945,2688
8692.0,4386,0,0,2,5.085990330106846,1529.466028271774,4501.6082501006385,2702
8693.0,4384,0,0,2,5.067598530235971,1530.5207572992701,4502.900555164372,2723
8694.0,4383,0,0,1,5.042365234553604,1531.2450376454483,4504.000200453529,2731
8695.0,4382,0,0,1,5.0387435576478214,1531.8635326335007,4505.210838318459,2732
8696.0,4381,0,0,1,5.027334441674677,1532.490299018489,4506.279931703073,2728
8697.0,4380,0,0,1,5.0148194336354965,1533.1433789954337,4507.29792399425,2730
8698.0,4379,0,0,1,5.006933599625518,1533.7720940854076,4508.386229245776,2734
8699.0,4378,0,0,1,4.9969195213683655,1534.3997259022385,4509.164909255719,2748
8700.0,4377,0,0,1,4.97176833050645,1535.0849897189855,4509.891123887076,2759
8701.0,4377,0,0,0,4.970514373202851,1535.4585332419465,4510.669648321606,2777
8702.0,4377,0,1,1,4.9534746400716285,1535.8220242175005,4510.319388820972,2798
8703.0,4376,0,0,1,4.94361310189032,1536.5349634369286,4511.55183291599,2813
8704.0,4376,0,1,1,4.936447438265605,1536.8368372943328,4511.20274200125,2814
8705.0,4376,0,1,1,4.913838853872281,1537.167504570384,4511.416135551716,2813
8706.0,4375,0,0,1,4.883752336866934,1537.8946285714285,4512.375494683111,2818
8707.0,4375,0,0,0,4.855439800483715,1538.298057142857,4513.160991844099,2829
8708.0,4375,0,1,1,4.8401355353887,1538.7177142857142,4513.447752433023,2843
8709.0,4374,0,0,1,4.813151999549538,1539.4526748971193,4514.582701952232,2849
8710.0,4374,0,0,0,4.784721887464819,1539.8703703703704,4515.372603011879,2870
8711.0,4372,0,0,2,4.755258955279923,1541.0407136322049,4516.288551112608,2880
8712.0,4372,0,1,1,4.708456168304152,1541.5269899359562,4516.336931663428,2900
8713.0,4372,0,1,1,4.666475014568796,1541.9853613906678,4516.305582329155,2921
8714.0,4373,0,1,0,4.642444056046355,1542.1301166247426,4516.07333276833,2934
8715.0,4373,0,0,0,4.623798895059269,1542.584953121427,4516.875688916737,2956
8716.0,4373,0,1,1,4.6039619111673,1543.0960439057856,4516.785443186439,2982
8717.0,4373,0,0,0,4.593187755957632,1543.5591127372513,4517.590740948661,2991
8718.0,4374,0,1,0,4.580369870596912,1543.7069044352995,4517.364763232894,3022
8719.0,4374,0,0,0,4.54734788885348,1544.2075903063558,4518.173991818937,3034
8720.0,4374,0,0,0,4.526791965878137,1544.6993598536808,4518.984727898331,3053
8721.0,4374,0,0,0,4.504676138451877,1545.212162780064,4519.796858601512,3071
8722.0,4374,0,0,0,4.483486257738162,1545.7080475537266,4520.610596865056,3081
8723.0,4374,0,0,0,4.452986822970892,1546.1851851851852,4521.426457862118,3083
8724.0,4374,0,0,0,4.426764751489402,1546.6561499771376,4522.244773294091,3104
8725.0,4373,0,0,1,4.397969009864796,1547.5799222501714,4523.043199826235,3127
8726.0,4374,0,1,0,4.3736781013424135,1547.7626886145404,4522.830825430073,3143
8727.0,4372,0,0,2,4.347596109495066,1549.0432296431838,4523.695171537724,3160
8728.0,4372,0,0,0,4.327205024027648,1549.5507776761208,4524.52052252082,3169
8729.0,4371,0,0,1,4.303224122272477,1550.423472889499,4525.416818647682,3179
8730.0,4371,0,0,0,4.281022518056951,1551.003431708991,4526.24565013291,3190
8731.0,4371,0,0,0,4.33738188734806,1550.0391214824983,4527.0703057861965,3049
8732.0,4370,0,0,1,4.430275939683336,1549.804576659039,4528.446203843171,2949
8733.0,4370,0,0,0,4.556049589267146,1549.4247139588101,4529.255604539119,2861
8734.0,4370,0,0,0,4.7060331599619865,1549.2105263157894,4530.0545434655505,2809
8735.0,4369,0,0,1,4.851697616487528,1549.3808651865415,4531.045896516039,2743
8736.0,4368,0,0,1,5.017026255264009,1549.5995879120878,4532.136781212127,2679
8737.0,4368,0,0,0,5.164135248002027,1549.5501373626373,4532.905698462519,2650
8738.0,4367,0,0,1,5.296851705987026,1549.8818410808335,4533.754202652205,2614
8739.0,4367,0,0,0,5.415262474459861,1549.8774902679186,4534.506703471006,2591
8740.0,4364,0,0,3,5.489467906424994,1550.9720439963337,4535.902490726117,2560
8741.0,4362,0,0,2,5.552452668706082,1551.7893168271435,4536.987466958209,2537
8742.0,4360,0,0,2,5.602256230390906,1552.5827981651375,4538.466184736694,2524
8743.0,4360,0,0,0,5.646734866271169,1552.7357798165137,4539.203471685759,2524
8744.0,4359,0,0,1,5.694215283319525,1553.1280110117,4540.223891060653,2511
8745.0,4358,0,0,1,5.74190922829815,1553.5449747590637,4540.551191893093,2502
8746.0,4358,0,0,0,5.772602906027514,1553.7170720513998,4541.280387497539,2501
8747.0,4357,0,0,1,5.80640693079561,1554.1491852191875,4541.7233233425795,2487
8748.0,4355,0,0,2,5.8114516686509345,1555.0746268656717,4542.529055103334,2485
8749.0,4355,0,0,0,5.828055153213884,1555.236969001148,4543.254118635171,2462
8750.0,4354,0,0,1,5.83807952956604,1555.771015158475,4543.932556242055,2464
8751.0,4354,0,0,0,5.851518862529585,1555.9875976113917,4544.6565373116955,2465
8752.0,4354,0,0,0,5.853863068816625,1556.2014239779512,4545.380618141307,2451
8753.0,4353,0,0,1,5.848474242955573,1556.6809097174362,4546.070628128439,2444
8754.0,4351,0,0,2,5.8457075770965865,1557.5109170305677,4547.43804309871,2439
8755.0,4349,0,0,2,5.8402857748106785,1558.3734191768222,4548.949081834594,2440
8756.0,4350,0,1,0,5.8563441833887735,1558.1622988505746,4548.626995003399,2426
8757.0,4347,0,0,3,5.84536954569891,1559.3535771796642,4549.645405231911,2428
8758.0,4346,0,0,1,5.843380395113708,1559.8462954440865,4550.211373665502,2415
8759.0,4346,0,0,0,5.850829663969657,1560.001150483203,4550.935288703434,2420
8760.0,4346,0,0,0,5.8505854424826005,1560.1608375517717,4551.6588547359215,2411
8761.0,4346,0,0,0,5.833366225856509,1560.3690750115047,4552.382910023756,2404
8762.0,4346,0,0,0,5.818261232290735,1560.50782328578,4553.107998359055,2406
8763.0,4346,0,0,0,5.796386969237076,1560.6260929590428,4553.83406444834,2410
8764.0,4345,0,0,1,5.778700052332138,1561.1514384349828,4555.1066919644445,2415
8765.0,4344,0,0,1,5.755777760985169,1561.6767955801106,4555.834931924236,2413
8766.0,4344,0,0,0,5.736004933212435,1561.8848987108656,4556.564169023458,2417
8767.0,4344,0,0,0,5.702250288783721,1562.0407458563536,4557.295845105503,2429
8768.0,4345,0,1,0,5.673422359306769,1561.87249712313,4556.979443370302,2436
8769.0,4344,0,0,1,5.647433437272378,1562.4369244935542,4557.953137610336,2444
8770.0,4341,0,0,3,5.6018421658474535,1563.7797742455655,4559.206998589834,2444
8771.0,4340,0,0,1,5.56786129167252,1564.452534562212,4559.789935748154,2453
8772.0,4340,0,0,0,5.536522291561554,1564.7202764976957,4560.532245661815,2460
8773.0,4340,0,0,0,5.494654134620551,1565.0103686635944,4561.2767481877945,2475
8774.0,4340,0,0,0,5.464487493863494,1565.36866359447,4562.023845840672,2509
8775.0,4338,0,0,2,5.422991290405093,1566.4439834024897,4563.344377214486,2517
8776.0,4338,0,0,0,5.395755593838029,1566.7309820193639,4564.0971004015855,2516
8777.0,4336,0,1,3,5.352764214593374,1567.7585332103322,4563.251150159652,2541
8778.0,4336,0,0,0,5.334648502295832,1568.0511992619927,4564.008118531303,2552
8779.0,4335,0,0,1,5.3144200421841905,1568.6922722029988,4564.603869703423,2558
8780.0,4334,0,1,2,5.3002335191993355,1569.410013844024,4564.886540957051,2584
8781.0,4332,0,0,2,5.282723866123801,1570.4489843028625,4566.082640383323,2592
8782.0,4332,0,1,1,5.260894740940377,1570.7924746075716,4566.395468553514,2617
8783.0,4331,0,0,1,5.235748463189302,1571.5047333179405,4566.835312841976,2636
8784.0,4330,0,1,2,5.214922230278826,1572.1692840646651,4567.281152021826,2656
8785.0,4329,0,0,1,5.187407700186059,1572.905982905983,4567.896154853812,2672
8786.0,4329,0,1,1,5.165703075698599,1573.2836682836682,4567.860054882895,2678
8787.0,4327,0,0,2,5.14091337176228,1574.3577536399353,4569.395644211712,2699
8788.0,4326,0,0,1,5.116077983898689,1575.0718908922793,4570.643630421859,2709
8789.0,4326,0,0,0,5.079612296990458,1575.4482200647249,4571.419214053781,2729
8790.0,4326,0,2,2,5.046302764568225,1575.8113730929265,4570.709693832294,2732
8791.0,4326,0,0,0,5.017760057347339,1576.1773000462322,4571.489210373319,2763
8792.0,4326,0,0,0,4.9913647732545865,1576.5432269995376,4572.270814039122,2791
8793.0,4327,0,1,0,4.973491709331086,1576.6207534088283,4571.996720836982,2800
8794.0,4326,0,0,1,4.947564138168676,1577.3853444290337,4573.130990783048,2826
8795.0,4327,0,1,0,4.921034643299669,1577.4097527155072,4572.859711956144,2843
8796.0,4326,0,1,2,4.877111200178903,1578.1664355062414,4573.510827998611,2850
8797.0,4326,0,0,0,4.841821241195644,1578.6202034211742,4574.301823546558,2871
8798.0,4324,0,0,2,4.804963303331337,1579.7294172062905,4575.709620795285,2877
8799.0,4324,0,0,0,4.7824198319563385,1580.121877890842,4576.504782608996,2892
8800.0,4322,0,0,2,4.7432037021749585,1581.321147616844,4576.967909817281,2920
8801.0,4322,0,2,2,4.707667286255379,1581.7355391022675,4574.9370252631725,2931
8802.0,4321,0,0,1,4.6786137502229606,1582.632492478593,4575.868585702981,2955
8803.0,4321,0,0,0,4.648850445093799,1583.106688266605,4576.67169560214,2975
8804.0,4321,0,0,0,4.62202835289275,1583.6311039111317,4577.476443792098,2989
8805.0,4320,0,0,1,4.584161989731295,1584.525925925926,4578.763075743641,3003
8806.0,4318,0,0,2,4.550458216190233,1585.8420565076424,4579.289838839919,3019
8807.0,4319,0,1,0,4.522238866972928,1585.9687427645288,4579.039973745424,3030
8808.0,4317,0,0,2,4.476083589713656,1587.2571230020849,4579.600520453108,3045
8809.0,4317,0,1,1,4.447828416883749,1587.8290479499653,4579.838571672292,3062
8810.0,4316,0,0,1,4.42209919569259,1588.7249768303984,4581.126008557605,3079
8811.0,4316,0,0,0,4.4061918900309465,1589.2657553290082,4581.942999356837,3094
8812.0,4314,0,0,2,4.391368685720084,1590.5574872508114,4582.9728015017145,3108
8813.0,4313,0,0,1,4.374322095213045,1591.430558775794,4583.863684834654,3106
8814.0,4311,0,0,2,4.333677988201192,1592.7337044769195,4585.1710832864355,3123
8815.0,4311,0,0,0,4.320831779887519,1593.3057295291117,4585.994050911106,3144
8816.0,4310,0,0,1,4.2854297166670134,1594.2816705336427,4586.589694065821,3158
8817.0,4309,0,0,1,4.254253746827021,1595.1933163146903,4587.640481382879,3161
8818.0,4308,0,0,1,4.232929228480426,1596.161095636026,4588.515417401828,3176
8819.0,4305,0,0,3,4.19049660332486,1597.8620209059234,4590.371769605717,3195
8820.0,4303,0,0,2,4.162882695326864,1599.2319312107832,4591.261505659493,3209
8821.0,4301,0,0,2,4.220158685045324,1598.681469425715,4591.319551451153,3047
8822.0,4299,0,0,2,4.313785355558005,1598.6252616887648,4592.700762407513,2950
8823.0,4298,0,0,1,4.427809884607131,1598.4106561191252,4594.039537204644,2868
8824.0,4298,0,0,0,4.55989173987358,1598.0362959516053,4594.844853681804,2809
8825.0,4296,0,0,2,4.701274040076619,1598.4871973929237,4596.92650782961,2737
8826.0,4296,0,0,0,4.85660716335984,1598.2309124767226,4597.711730285339,2690
8827.0,4294,0,0,2,4.995798370059213,1598.8106660456451,4599.269410037987,2648
8828.0,4293,0,0,1,5.115469707352096,1599.099930118798,4599.960836234886,2633
8829.0,4292,0,0,1,5.223001977095029,1599.3830382106244,4600.818234317871,2611
8830.0,4291,0,0,1,5.305054570090495,1599.6804940573293,4601.778683212219,2579
8831.0,4291,0,0,0,5.384726990391545,1599.594500116523,4602.526815719954,2549
8832.0,4290,0,0,1,5.442174081451743,1600.0181818181818,4603.231114079235,2548
8833.0,4290,0,0,0,5.5019412007291,1599.8895104895105,4603.971714170313,2527
8834.0,4289,0,0,1,5.54337537972341,1600.1732338540453,4604.997070054743,2519
8835.0,4287,0,0,2,5.577474802547719,1600.8357825985538,4605.482840952553,2496
8836.0,4286,0,0,1,5.605011003184132,1601.1224918338778,4606.763297610884,2485
8837.0,4285,0,0,1,5.63032274692969,1601.5703617269544,4607.879064403934,2476
8838.0,4284,0,0,1,5.630571477883236,1601.9600840336134,4608.660952702322,2464
8839.0,4279,0,0,5,5.629607389388036,1603.8212199111942,4610.897336022752,2464
8840.0,4279,0,0,0,5.655759056469929,1603.8366440757186,4611.625418742403,2454
8841.0,4278,0,0,1,5.652684652491948,1604.1573165030388,4612.849058236133,2433
8842.0,4278,0,0,0,5.645107190976296,1604.1220196353436,4613.577787403078,2421
8843.0,4278,0,0,0,5.654314001326675,1604.119448340346,4614.307033650113,2408
8844.0,4277,0,0,1,5.6562263902988725,1604.649053074585,4615.187735442315,2408
8845.0,4275,0,0,2,5.645068081922591,1605.4145029239767,4616.013576399987,2402
8846.0,4274,0,0,1,5.647481669123804,1605.7583060364998,4616.974250303975,2396
8847.0,4272,0,0,2,5.655943716029695,1606.5121722846443,4617.444867312196,2396
8848.0,4273,0,1,0,5.654787991689364,1606.193774865434,4617.092610049217,2410
8849.0,4271,0,0,2,5.650498175720155,1607.0252868180753,4618.500914026418,2402
8850.0,4268,0,0,3,5.629143112878015,1608.197985004686,4619.30681337435,2404
8851.0,4267,0,0,1,5.630075228634689,1608.5645652683384,4620.0342579859935,2393
8852.0,4265,0,0,2,5.623366772117023,1609.3329425556858,4620.838600198477,2400
8853.0,4262,0,0,3,5.6050745976624246,1610.5124354763022,4622.122048653409,2409
8854.0,4262,0,0,0,5.593687677558392,1610.5161895823558,4622.856252888065,2419
8855.0,4260,0,0,2,5.576465602656072,1611.286854460094,4623.828604746533,2422
8856.0,4261,0,1,0,5.568574447550521,1611.0192443088476,4623.479635539638,2437
8857.0,4260,0,0,1,5.558058367700595,1611.5666666666666,4624.148536948061,2446
8858.0,4260,0,0,0,5.540030520291122,1611.7387323943663,4624.88787066596,2441
8859.0,4259,0,0,1,5.529857487564895,1612.2580417938484,4625.696273021828,2451
8860.0,4259,0,0,0,5.514422392536611,1612.4022070908663,4626.438404288285,2468
8861.0,4259,0,0,0,5.4887594738293055,1612.5118572434844,4627.1830042356205,2467
8862.0,4258,0,0,1,5.443071344011806,1613.024189760451,4628.384712480723,2475
8863.0,4259,0,1,0,5.4002133655553575,1612.8161540267668,4628.046771571184,2483
8864.0,4258,0,0,1,5.362305991274079,1613.3525129168625,4629.280407657739,2503
8865.0,4257,0,0,1,5.319961793058216,1613.9574817946911,4630.522185408784,2517
8866.0,4256,0,0,1,5.28952248729386,1614.4584116541353,4631.51109632832,2535
8867.0,4254,0,0,2,5.2577924677597965,1615.347907851434,4632.034766581546,2535
8868.0,4253,0,0,1,5.230187531499315,1615.8763225958148,4633.229223141326,2543
8869.0,4252,0,0,1,5.225227221436436,1616.4332079021638,4634.336200428166,2568
8870.0,4251,0,1,2,5.22082141132833,1616.9971771347919,4634.4354594291135,2575
8871.0,4251,0,1,1,5.2136456853369335,1617.2502940484592,4634.34122046049,2571
8872.0,4251,0,0,0,5.223319260416532,1617.5739825923313,4635.103017104296,2570
8873.0,4250,0,1,2,5.218972928692518,1618.1727058823528,4635.301667359704,2587
8874.0,4248,0,0,2,5.207059494653092,1619.204802259887,4636.532755260317,2590
8875.0,4248,0,0,0,5.210803736877924,1619.5609698681733,4637.2963125092365,2623
8876.0,4247,0,1,2,5.199313758027044,1620.2703084530256,4637.190788104325,2636
8877.0,4248,0,1,0,5.173939965351661,1620.2813088512241,4636.865190397595,2661
8878.0,4249,0,1,0,5.159823174142707,1620.2468816192045,4636.541004859866,2666
8879.0,4249,0,0,0,5.131749290985205,1620.5754295128265,4637.309679284638,2679
8880.0,4250,0,1,0,5.113498613281942,1620.5708235294117,4636.98822626565,2689
8881.0,4250,0,1,1,5.076668286578276,1620.9585882352942,4636.492519103728,2699
8882.0,4250,0,1,1,5.041124609978309,1621.3294117647058,4636.243512334945,2717
8883.0,4251,0,1,0,5.012915891617361,1621.3450952717008,4635.929409125555,2725
8884.0,4251,0,1,1,4.982203941717297,1621.7574688308632,4635.498294421473,2756
8885.0,4250,0,0,1,4.9560643382066765,1622.4915294117648,4636.126393495612,2775
8886.0,4250,0,1,1,4.935890425527772,1622.9124705882352,4635.655965273334,2788
8887.0,4249,0,1,2,4.905589802550555,1623.683454930572,4636.171879153353,2799
8888.0,4249,0,0,0,4.894590577525659,1624.1099082136973,4636.958555823734,2814
8889.0,4249,0,1,1,4.871393851738386,1624.4808190162391,4636.83494564081,2829
8890.0,4247,0,0,2,4.841035060650618,1625.6449258299976,4637.753247636257,2850
8891.0,4247,0,0,0,4.821557472300565,1626.0386154932894,4638.545942665793,2863
8892.0,4247,0,1,1,4.799505827161204,1626.4356016011302,4638.771581030893,2872
8893.0,4247,0,1,1,4.770955072725663,1626.952672474688,4637.924219485493,2885
8894.0,4248,0,1,0,4.7512546617507265,1627.058615819209,4637.630933165739,2899
8895.0,4246,0,0,2,4.714929121928193,1628.3273669335845,4638.499430997944,2915
8896.0,4246,0,0,0,4.690823717147021,1628.7251530852568,4639.302176293287,2930
8897.0,4246,0,1,1,4.664358940450189,1629.1547338671692,4639.109015742798,2937
8898.0,4246,0,0,0,4.644845232165657,1629.5426283560998,4639.91501959222,2953
8899.0,4243,0,0,3,4.60715267746623,1631.0499646476549,4641.150262497752,2963
8900.0,4245,0,2,0,4.596437673977566,1630.6765606595995,4639.772709460967,2986
8901.0,4244,0,0,1,4.579660049430387,1631.5061262959473,4640.729785472093,2990
8902.0,4244,0,0,0,4.561099134655377,1632.010603204524,4641.541883135084,3011
8903.0,4243,0,0,1,4.533755274499508,1632.769974074947,4642.33254418924,3016
8904.0,4242,0,0,1,4.5008648816962795,1633.572135785007,4643.285468399623,3027
8905.0,4239,0,0,3,4.46354999438274,1635.2656286860108,4643.916168580472,3029
8906.0,4239,0,0,0,4.447072651339758,1635.7093654163718,4644.736301025595,3057
8907.0,4237,0,0,2,4.423657120289573,1636.9608213358508,4645.970256498721,3062
8908.0,4237,0,0,0,4.402807029682692,1637.480764691999,4646.793505715638,3066
8909.0,4236,0,0,1,4.377143674460078,1638.3980169971671,4648.12478835467,3083
8910.0,4236,0,0,0,4.357631753783515,1638.9593956562794,4648.950681324343,3098
8911.0,4236,0,0,0,4.415486521967014,1637.8611898016998,4649.77160238789,2937
8912.0,4234,0,0,2,4.50532851350676,1638.0597543693907,4650.731522677364,2845
8913.0,4234,0,0,0,4.6296086249530095,1637.728861596599,4651.537899365505,2774
8914.0,4232,0,0,2,4.752909150689822,1638.1873818525519,4653.215367720042,2707
8915.0,4233,0,1,0,4.9017576196530275,1637.5716985589418,4652.9014117274355,2651
8916.0,4232,0,0,1,5.05029349668758,1637.7925330812855,4653.747354086598,2609
8917.0,4232,0,0,0,5.185272381699079,1637.6346880907372,4654.5137995906825,2560
8918.0,4231,0,0,1,5.304271691428266,1637.919877097613,4655.332134592935,2533
8919.0,4230,0,0,1,5.386630944755425,1638.2021276595744,4655.955483065787,2518
8920.0,4230,0,0,0,5.474504130739411,1638.0078014184396,4656.701701981514,2468
8921.0,4230,0,0,0,5.538534350618903,1637.9508274231678,4657.444093703331,2453
8922.0,4229,0,0,1,5.588754774245582,1638.2288957200283,4657.670529457317,2430
8923.0,4228,0,0,1,5.639804992027993,1638.5104068117314,4658.580764199802,2415
8924.0,4228,0,0,0,5.68991853292129,1638.4704351939451,4659.312541384528,2387
8925.0,4226,0,0,2,5.731737122223415,1639.215097018457,4660.4013096452445,2372
8926.0,4225,0,0,1,5.767865204528333,1639.607100591716,4661.098246647713,2366
8927.0,4224,0,0,1,5.783021472871805,1640.0388257575758,4661.516264841548,2366
8928.0,4221,0,0,3,5.796318345005577,1641.3101160862354,4662.654174664031,2371
8929.0,4222,0,1,0,5.805493546759375,1641.0900047370915,4662.273968781554,2366
8930.0,4221,0,0,1,5.814237787837828,1641.5828002842927,4662.859068768934,2362
8931.0,4220,0,0,1,5.8122505771439155,1642.0924170616113,4663.480234714064,2357
8932.0,4220,0,0,0,5.800791695144003,1642.2300947867298,4664.204864840228,2360
8933.0,4219,0,0,1,5.778124581077975,1642.6956624792606,4664.97184272937,2356
8934.0,4219,0,0,0,5.77742215572048,1642.8833846883147,4665.696787268293,2338
8935.0,4218,0,0,1,5.768550582540832,1643.423186344239,4666.720752695889,2342
8936.0,4217,0,0,1,5.752630952481482,1643.978183542803,4667.707182808336,2352
8937.0,4216,0,1,2,5.749204688487436,1644.5353415559773,4667.41870510206,2381
8938.0,4215,0,0,1,5.742257489035452,1645.1886120996442,4667.810583025863,2388
8939.0,4214,0,0,1,5.7485041689052485,1645.7643569055529,4668.788566914979,2385
8940.0,4213,0,0,1,5.728922179823464,1646.366009969143,4670.115888055047,2381
8941.0,4211,0,0,2,5.701089804647162,1647.3680835905961,4670.717515913001,2396
8942.0,4209,0,0,2,5.661165186522779,1648.335709194583,4671.405264111799,2384
8943.0,4208,0,0,1,5.630657949871165,1648.971958174905,4672.28139028235,2393
8944.0,4208,0,0,0,5.626353755464159,1649.1261882129277,4673.015296813721,2402
8945.0,4209,0,1,0,5.614412038307011,1648.9334758850084,4672.639653447698,2398
8946.0,4208,0,0,1,5.592969061337327,1649.5670152091254,4673.510227054649,2390
8947.0,4206,0,0,2,5.56185443010413,1650.581550166429,4675.240069151868,2406
8948.0,4206,0,0,0,5.5380842106436745,1650.8495007132667,4675.981410935899,2421
8949.0,4204,0,0,2,5.514919670717136,1651.8955756422454,4676.3244638823035,2432
8950.0,4202,0,0,2,5.493836468649209,1653.0028557829605,4677.2650910102375,2451
8951.0,4202,0,0,0,5.4756872579578415,1653.3077106139933,4678.009750854055,2448
8952.0,4203,0,1,0,5.450436633363415,1653.2374494408755,4677.642802931913,2453
8953.0,4198,0,0,5,5.401599919107105,1655.5500238208672,4679.28870847584,2472
8954.0,4197,0,0,1,5.368038060241693,1656.3209435310937,4680.215532426658,2488
8955.0,4196,0,0,1,5.324579398378452,1657.0164442326025,4681.350392222096,2500
8956.0,4195,0,0,1,5.282394968834789,1657.7094159713945,4681.941816420913,2503
8957.0,4194,0,0,1,5.240843305253641,1658.3834048640915,4682.755147767476,2502
8958.0,4193,0,0,1,5.217028986415253,1659.0529453851657,4683.907790274837,2511
8959.0,4191,0,0,2,5.17905350504034,1660.1507993319017,4685.1886043583645,2520
8960.0,4191,0,1,1,5.145194644054602,1660.4860415175376,4685.324814702215,2550
8961.0,4190,0,0,1,5.118213774480644,1661.2157517899761,4686.09717279517,2560
8962.0,4190,0,1,1,5.102266277217576,1661.546062052506,4686.037734466102,2570
8963.0,4191,0,1,0,5.087538849127664,1661.5218324982104,4685.688700217007,2591
8964.0,4190,0,0,1,5.067566974147234,1662.2463007159904,4686.689879130834,2609
8965.0,4188,0,1,3,5.028560888754309,1663.400429799427,4687.025247964042,2629
8966.0,4188,0,0,0,5.004116778412802,1663.796322827125,4687.799890456112,2639
8967.0,4190,0,2,0,4.975161617697004,1663.3639618138425,4686.339090642419,2653
8968.0,4190,0,0,0,4.941485445352167,1663.792124105012,4687.118678301526,2674
8969.0,4189,0,1,2,4.909471795914794,1664.6569587013607,4686.582331340641,2706
8970.0,4190,0,1,0,4.878287090342158,1664.6942720763723,4686.247780200265,2718
8971.0,4190,0,0,0,4.852774379862019,1665.145107398568,4687.0335344842715,2732
8972.0,4189,0,0,1,4.825093507069534,1665.9529720697064,4687.7061949922945,2745
8973.0,4189,0,1,1,4.7948317032351575,1666.386010981141,4687.476952558615,2756
8974.0,4188,0,1,2,4.758952216559826,1667.207736389685,4687.107393453239,2780
8975.0,4188,0,1,1,4.734397714089671,1667.6647564469913,4686.732453943798,2788
8976.0,4189,0,3,2,4.698125194814975,1667.6540940558607,4683.963765904519,2806
8977.0,4189,0,0,0,4.687021799888634,1668.0649319646693,4684.763425567324,2815
8978.0,4188,0,1,2,4.658737952569369,1668.829035339064,4684.617212270529,2817
8979.0,4188,0,0,0,4.655363665858045,1669.2146609360077,4685.419791679172,2828
8980.0,4188,0,0,0,4.637587942117191,1669.6232091690545,4686.22317401675,2833
8981.0,4189,0,1,0,4.620438753758897,1669.6908570064454,4685.908565672878,2852
8982.0,4189,0,0,0,4.608399756429781,1670.1945571735498,4686.713216556717,2868
8983.0,4189,0,0,0,4.59457889326257,1670.6946765337789,4687.51923075234,2889
8984.0,4189,0,0,0,4.581238918408031,1671.198137980425,4688.326991645692,2900
8985.0,4189,0,1,1,4.55187990081999,1671.7498209596563,4688.30177018385,2915
8986.0,4189,0,0,0,4.539510043019041,1672.3626163762235,4689.112825207103,2937
8987.0,4188,0,1,2,4.526690234116494,1673.3376313276026,4688.043437208022,2952
8988.0,4188,0,0,0,4.506008458835283,1673.8818051575931,4688.857676951354,2970
8989.0,4187,0,0,1,4.488941957594414,1674.806544064963,4690.18057639249,2973
8990.0,4188,0,1,0,4.4786554609305345,1674.9324259789876,4689.8762522983925,3000
8991.0,4188,0,0,0,4.459388056584655,1675.4381566380134,4690.693487833809,2997
8992.0,4188,0,0,0,4.426976471969214,1675.9971346704872,4691.512796038502,3019
8993.0,4188,0,0,0,4.408046363202744,1676.5666189111748,4692.3329500304135,3036
8994.0,4188,0,0,0,4.396777561231624,1677.1234479465138,4693.154880482308,3055
8995.0,4188,0,0,0,4.386390558686321,1677.7127507163323,4693.977713555019,3054
8996.0,4188,0,0,0,4.370440261447145,1678.3292741165235,4694.801387110566,3077
8997.0,4188,0,0,0,4.354662708475231,1678.9247851002865,4695.625725086884,3084
8998.0,4188,0,0,0,4.3385664313784975,1679.4639446036294,4696.451439973196,3089
8999.0,4188,0,0,0,4.33473736899739,1680.1189111747851,4697.27750656478,3106
9000.0,4187,0,0,1,4.315515978252375,1681.1062813470264,4698.021851226979,3120
9001.0,4186,0,0,1,4.364707037473772,1680.3984710941234,4698.598543783974,2964
9002.0,4186,0,0,0,4.452636137771884,1679.7811753463927,4699.4166106328175,2877
9003.0,4186,0,0,0,4.570213427903952,1679.3559483994266,4700.22622880793,2808
9004.0,4186,0,0,0,4.704122199916498,1679.068800764453,4701.026398685694,2744
9005.0,4185,0,0,1,4.845455965966378,1679.2767025089606,4702.042267908047,2691
9006.0,4184,0,0,1,5.004748586600562,1679.5881931166348,4702.9304228272285,2655
9007.0,4183,0,0,1,5.1578259934466875,1679.9306717666745,4703.593665117896,2619
9008.0,4181,0,0,2,5.282312973707728,1680.6708921310692,4705.138061803848,2582
9009.0,4180,0,0,1,5.387020052306645,1681.1143540669857,4706.132236866211,2558
9010.0,4178,0,0,2,5.4835929623122395,1681.964337003351,4706.326769883586,2548
9011.0,4178,0,0,0,5.559093204511895,1682.2113451412158,4707.071419115929,2548
9012.0,4177,0,0,1,5.618671597733905,1682.599233899928,4707.578591144644,2517
9013.0,4175,0,0,2,5.662507062586732,1683.4055089820358,4709.155086644623,2502
9014.0,4175,0,0,0,5.712199564166291,1683.362874251497,4709.889965414983,2479
9015.0,4175,0,0,0,5.742641474284735,1683.3564071856288,4710.623615353029,2472
9016.0,4174,0,0,1,5.7859872948076925,1683.8370867273597,4711.6937867378665,2467
9017.0,4173,0,0,1,5.804243049874534,1684.333572969087,4712.499182652584,2461
9018.0,4173,0,0,0,5.8135833101642795,1684.5279175653006,4713.228795295806,2469
9019.0,4173,0,1,1,5.822158563403087,1684.7114785526,4713.0580225492695,2459
9020.0,4171,0,0,2,5.823743416114853,1685.6147206904818,4713.97061167634,2447
9021.0,4171,0,0,0,5.841490421323841,1685.6998321745384,4714.698209874459,2436
9022.0,4171,0,0,0,5.854019315297198,1685.8182690002398,4715.425318719459,2425
9023.0,4171,0,0,0,5.865246199774666,1685.9635578997843,4716.151885568756,2421
9024.0,4170,0,0,1,5.865388174956395,1686.5755395683452,4717.110840562125,2423
9025.0,4170,0,0,0,5.870886390174999,1686.6589928057554,4717.837433838648,2418
9026.0,4167,0,0,3,5.862112493384981,1688.0623950083993,4718.79731418183,2420
9027.0,4167,0,1,1,5.856339788906697,1688.2327813774898,4718.403536023738,2430
9028.0,4166,0,0,1,5.8610812150516125,1688.7623619779165,4719.677342819046,2426
9029.0,4165,0,0,1,5.855903999985876,1689.4060024009605,4720.3210832111,2421
9030.0,4164,0,0,1,5.839841876658273,1690.064121037464,4721.123601741254,2458
9031.0,4163,0,1,2,5.835275403270898,1690.720634158059,4721.123158640865,2453
9032.0,4163,0,0,0,5.816439853241635,1691.0583713668027,4721.854363013829,2469
9033.0,4162,0,0,1,5.812883885820094,1691.739308024988,4722.8609985030025,2474
9034.0,4161,0,1,2,5.786773665444826,1692.3229992790195,4723.215121772409,2469
9035.0,4161,0,1,1,5.755565245503981,1692.562845469839,4722.713202517314,2473
9036.0,4161,0,0,0,5.737182340836839,1692.8805575582792,4723.451158764553,2480
9037.0,4158,0,0,3,5.711790137603466,1694.4800384800385,4724.478641932242,2484
9038.0,4158,0,1,1,5.68771055295637,1694.7700817700818,4724.097671636472,2490
9039.0,4155,0,0,3,5.658911045770094,1696.3229843561974,4725.235723718338,2497
9040.0,4154,0,0,1,5.642300805797081,1697.0748675974964,4725.914662297871,2502
9041.0,4152,0,0,2,5.606526440344176,1698.235789980732,4727.116172198628,2503
9042.0,4150,0,0,2,5.5652672296595,1699.4050602409638,4728.506966073974,2521
9043.0,4149,0,0,1,5.540344616800859,1700.1282236683537,4729.127177447068,2529
9044.0,4148,0,0,1,5.515827270555777,1700.854387656702,4730.019316606435,2546
9045.0,4149,0,1,0,5.501817311412056,1700.7951313569536,4729.634399310859,2562
9046.0,4146,0,0,3,5.4747036704651,1702.28002894356,4730.833657305162,2549
9047.0,4145,0,0,1,5.472326687067224,1702.9901085645356,4731.48938647329,2563
9048.0,4144,0,0,1,5.469306839484943,1703.7439671814673,4732.319309869722,2568
9049.0,4142,0,0,2,5.438021465920789,1704.8483824239497,4733.049396880323,2569
9050.0,4140,0,0,2,5.417763368202433,1705.9666666666667,4734.43087740167,2578
9051.0,4138,0,0,2,5.404840732525108,1707.0811986466892,4735.460242058766,2597
9052.0,4138,0,1,1,5.3984586789122995,1707.4030932817786,4735.253598771355,2608
9053.0,4138,0,1,1,5.378244100810719,1707.76389560174,4734.91125570011,2634
9054.0,4138,0,0,0,5.357399491095168,1708.1413726437893,4735.675376382155,2634
9055.0,4136,0,1,3,5.3221067793552495,1709.2833655705997,4735.616794499996,2643
9056.0,4135,0,0,1,5.2995138156916495,1710.06553808948,4736.022706464169,2668
9057.0,4136,0,1,0,5.282226707524705,1709.9910541586073,4735.647241016691,2681
9058.0,4133,0,0,3,5.2563289788787255,1711.5802080812969,4737.091446433237,2690
9059.0,4132,0,0,1,5.237807942564195,1712.3487415295256,4738.394704537861,2703
9060.0,4133,0,1,0,5.207449712048819,1712.3174449552382,4738.023218111029,2717
9061.0,4132,0,0,1,5.168313894021485,1713.104549854792,4738.807700604366,2717
9062.0,4132,0,0,0,5.131671420307392,1713.4564375605034,4739.587367730134,2724
9063.0,4133,0,1,0,5.1013708600517385,1713.456327123155,4739.221856672874,2760
9064.0,4131,0,0,2,5.0591758519379315,1714.6894214475915,4738.945125776968,2774
9065.0,4130,0,0,1,5.029785833449783,1715.5169491525423,4739.482833071965,2787
9066.0,4130,0,1,1,5.006022202721707,1715.9554479418887,4739.392661028115,2797
9067.0,4129,0,0,1,4.973600633671629,1716.793654637927,4739.573325739835,2798
9068.0,4128,0,0,1,4.9499864181481295,1717.6681201550387,4740.310317454639,2814
9069.0,4127,0,0,1,4.921106099935757,1718.5204749212503,4741.651178317788,2820
9070.0,4128,0,1,0,4.8969468930693605,1718.625242248062,4741.296395942869,2847
9071.0,4126,0,0,2,4.86670818433211,1719.8301017935046,4742.643123841711,2843
9072.0,4125,0,1,2,4.834152995220191,1720.6516363636363,4741.980775898521,2858
9073.0,4124,0,0,1,4.807558978256051,1721.5870514064015,4742.5447609068915,2877
9074.0,4123,0,0,1,4.775130712213277,1722.5023041474653,4743.293574224291,2888
9075.0,4122,0,0,1,4.748730064893148,1723.382096069869,4744.637311267122,2900
9076.0,4121,0,0,1,4.721766196021667,1724.270080077651,4745.996938023128,2908
9077.0,4119,0,0,2,4.690067055158224,1725.6363194950231,4747.240171700963,2930
9078.0,4118,0,0,1,4.675825735776436,1726.5934919864012,4748.471268131289,2938
9079.0,4119,0,1,0,4.657447422823014,1726.672007768876,4748.129486210724,2951
9080.0,4118,0,0,1,4.6397105210234955,1727.5789218067023,4748.932254060132,2959
9081.0,4118,0,0,0,4.622935106251988,1728.0854783875668,4749.745928872642,2972
9082.0,4118,0,0,0,4.6088767744095565,1728.6046624575035,4750.5603380608645,2982
9083.0,4116,0,0,2,4.577094735651696,1729.997084548105,4751.988340254229,2990
9084.0,4115,0,0,1,4.53904717385755,1730.9069258809234,4753.343614365798,3003
9085.0,4115,0,0,0,4.510150536408294,1731.4957472660997,4754.164391870395,3025
9086.0,4112,0,0,3,4.4798529582557824,1733.3300097276265,4754.504890747782,3040
9087.0,4110,0,0,2,4.450216530873461,1734.683211678832,4755.986651473548,3050
9088.0,4110,0,0,0,4.4431115698303945,1735.2693430656934,4756.811249237048,3048
9089.0,4108,0,0,2,4.418148479917988,1736.623417721519,4757.73318485458,3052
9090.0,4108,0,0,0,4.407462514256561,1737.083982473223,4758.55905105189,3057
9091.0,4107,0,0,1,4.452273445482579,1736.5305575846116,4759.377588808322,2914
9092.0,4107,0,0,0,4.53537891392585,1735.9522766009252,4760.192925549998,2817
9093.0,4107,0,0,0,4.6394702015869855,1735.653274896518,4761.00117340766,2771
9094.0,4107,0,0,0,4.77397076821586,1735.3876308741173,4761.799644142708,2716
9095.0,4107,0,0,0,4.910062368919238,1735.2327733138543,4762.588470075322,2663
9096.0,4108,0,1,0,5.035195089516949,1734.7144595910418,4762.208737846148,2625
9097.0,4108,0,0,0,5.170311417079831,1734.7078870496591,4762.978808008808,2592
9098.0,4108,0,0,0,5.288878678474998,1734.6389970788705,4763.740670413868,2560
9099.0,4109,0,1,0,5.37180836479177,1734.2265758091994,4763.336148061687,2525
9100.0,4109,0,0,0,5.444534844528803,1734.3273302506693,4764.0869461959,2505
9101.0,4109,0,0,0,5.497422806067866,1734.412265758092,4764.83354246366,2486
9102.0,4109,0,0,0,5.5390025355594705,1734.5300559746897,4765.576333292505,2471
9103.0,4109,0,1,1,5.581756673324019,1734.6266731564858,4764.76155516058,2465
9104.0,4109,0,0,0,5.623913188976276,1734.6483329277196,4765.498151377846,2449
9105.0,4110,0,1,0,5.655415785105699,1734.2622871046228,4765.071905909061,2441
9106.0,4109,0,0,1,5.677430500177404,1734.771963981504,4765.84217529678,2418
9107.0,4110,0,1,0,5.709058710355042,1734.4829683698297,4765.41253282327,2402
9108.0,4110,0,0,0,5.737629230121303,1734.6245742092458,4766.14113922384,2400
9109.0,4110,0,1,1,5.758062100970995,1734.7965936739658,4766.081918512654,2391
9110.0,4109,0,0,1,5.7773828108870955,1735.396933560477,4767.3679764342005,2388
9111.0,4109,0,0,0,5.792092283149796,1735.6220491603797,4768.093884331682,2390
9112.0,4107,0,0,2,5.791170143258808,1736.6622839055271,4769.233972326099,2398
9113.0,4107,0,0,0,5.804166252807365,1736.8144631117605,4769.959921594511,2395
9114.0,4107,0,0,0,5.8045931734705505,1737.0754808862916,4770.685980587501,2397
9115.0,4107,0,0,0,5.805514437367534,1737.1972242512784,4771.412380037349,2395
9116.0,4105,0,0,2,5.825791674582708,1738.1690621193666,4772.345437358195,2398
9117.0,4104,0,0,1,5.812741711479836,1738.6959064327486,4773.029421895465,2406
9118.0,4104,0,1,1,5.794370222033093,1738.8730506822612,4772.603707869001,2418
9119.0,4104,0,0,0,5.7819898951653474,1739.0536062378167,4773.333179127639,2413
9120.0,4102,0,0,2,5.750524592653758,1740.120916626036,4774.128949374202,2418
9121.0,4102,0,0,0,5.738190980703565,1740.3868844466115,4774.861180170074,2421
9122.0,4101,0,0,1,5.730318059474776,1741.0985125579127,4775.61494737864,2433
9123.0,4101,0,0,0,5.7216205322473135,1741.3818580833943,4776.348440477532,2431
9124.0,4101,0,1,1,5.699860166756287,1741.6174103877104,4775.816757363682,2450
9125.0,4100,0,0,1,5.674019794080064,1742.2141463414634,4777.1060778666215,2439
9126.0,4099,0,0,1,5.6589575149613855,1742.9658453281288,4777.872376616803,2463
9127.0,4098,0,0,1,5.646047499690728,1743.7244997559785,4778.509696182799,2477
9128.0,4098,0,0,0,5.629595310859285,1744.0983406539776,4779.250527623026,2497
9129.0,4097,0,0,1,5.615922719144226,1744.8113253600195,4779.716537894814,2494
9130.0,4097,0,1,1,5.592392617155799,1745.070539419087,4779.3537948028725,2508
9131.0,4096,0,0,1,5.56683664413919,1745.7744140625,4780.022205053346,2514
9132.0,4096,0,0,0,5.5554581767868765,1746.02197265625,4780.7701401033555,2516
9133.0,4096,0,0,0,5.531379285538296,1746.27734375,4781.520412788223,2504
9134.0,4095,0,0,1,5.489407426467192,1747.0332112332112,4782.235203361792,2523
9135.0,4094,0,0,1,5.45599427116861,1747.7586712261846,4783.028278475045,2539
9136.0,4094,0,0,0,5.436582102444252,1747.9951148021494,4783.784329001764,2541
9137.0,4095,0,1,0,5.40025931383164,1747.7924297924299,4783.374180433208,2560
9138.0,4093,0,0,2,5.382686170991417,1749.00415343269,4783.641563951381,2573
9139.0,4093,0,0,0,5.358950884509836,1749.3843146836061,4784.402551569097,2580
9140.0,4093,0,0,0,5.340331922167513,1749.6616173955533,4785.164761604074,2611
9141.0,4093,0,0,0,5.3235824994622964,1749.9824089909603,4785.9287213562175,2619
9142.0,4093,0,1,1,5.307903676199931,1750.3127290495968,4785.749413685677,2625
9143.0,4093,0,1,1,5.264023687078024,1750.688736867823,4785.738835724225,2640
9144.0,4091,0,0,2,5.22409605220743,1751.8724028354925,4787.274599739635,2651
9145.0,4089,0,0,2,5.1699426046572015,1753.0489117143557,4788.687326137461,2658
9146.0,4089,0,0,0,5.14364295155822,1753.4404499877721,4789.461035288875,2666
9147.0,4091,0,2,0,5.109404296095478,1752.9513566365192,4787.894940778935,2693
9148.0,4091,0,0,0,5.066976102336303,1753.3622586164752,4788.673580073381,2706
9149.0,4090,0,0,1,5.027574042289755,1754.083618581907,4789.5119920178095,2712
9150.0,4091,0,1,0,4.9861293433354374,1754.044487900269,4789.125440519383,2727
9151.0,4091,0,0,0,4.94764766809064,1754.3930579320458,4789.912003970922,2738
9152.0,4091,0,0,0,4.91460934605117,1754.8095820092888,4790.700416634149,2764
9153.0,4092,0,1,0,4.886312653005595,1754.763440860215,4790.320558682858,2773
9154.0,4092,0,0,0,4.863024624078465,1755.1681329423266,4791.113403327014,2790
9155.0,4092,0,0,0,4.837190654580805,1755.64027370479,4791.907882573911,2811
9156.0,4093,0,1,0,4.819876348931367,1755.6310774493038,4791.533025725485,2820
9157.0,4093,0,0,0,4.801298928089197,1756.0317615440997,4792.3299521451545,2825
9158.0,4093,0,0,0,4.7877369483514,1756.4419741021256,4793.1287003274765,2834
9159.0,4092,0,0,1,4.7783693753597625,1757.288367546432,4793.927400551347,2831
9160.0,4092,0,1,1,4.765389646968036,1757.7697947214076,4794.00150587581,2854
9161.0,4093,0,1,0,4.7610630697491265,1757.8333740532617,4793.63132234025,2856
9162.0,4092,0,0,1,4.74256215664813,1758.669110459433,4795.0284711195545,2861
9163.0,4091,0,0,1,4.7166464499042124,1759.4901002199952,4796.181880573263,2856
9164.0,4091,0,0,0,4.70415009069658,1759.9300904424347,4796.98732601185,2869
9165.0,4090,0,0,1,4.676324718269282,1760.8704156479218,4798.399075814212,2882
9166.0,4089,0,0,1,4.646248114727102,1761.8200048911715,4799.013838887186,2908
9167.0,4090,0,1,0,4.624173894423568,1761.9195599022005,4798.650264250523,2921
9168.0,4089,0,1,2,4.597500068974255,1762.8879921741257,4798.7359050575415,2930
9169.0,4089,0,0,0,4.593629079696936,1763.4047444362925,4799.548194435303,2943
9170.0,4089,0,1,1,4.58124275311897,1763.9552457813647,4798.616779311017,2953
9171.0,4089,0,0,0,4.571210096570876,1764.4903399364148,4799.431802236859,2965
9172.0,4088,0,1,2,4.5444911504648395,1765.440313111546,4799.447886005198,2978
9173.0,4089,0,1,0,4.528203233452348,1765.5666422108095,4799.091368444572,2987
9174.0,4089,0,0,0,4.5136718911957585,1766.135485448765,4799.9102677922765,2991
9175.0,4088,0,0,1,4.497122229983682,1767.164383561644,4800.747804106653,3005
9176.0,4088,0,0,0,4.483452397024487,1767.759540117417,4801.568920324895,3033
9177.0,4088,0,0,0,4.4603691256217965,1768.357142857143,4802.391451048312,3051
9178.0,4088,0,1,1,4.4219400135744005,1768.96771037182,4802.135026695078,3075
9179.0,4088,0,0,0,4.398059135145016,1769.6117906066536,4802.960664884828,3087
9180.0,4088,0,0,0,4.382276797631746,1770.2037671232877,4803.787043417501,3090
9181.0,4085,0,0,3,4.444219921546704,1770.4959608323134,4805.485181507758,2950
9182.0,4084,0,0,1,4.540446440563504,1770.3768364348678,4806.594277243479,2850
9183.0,4083,0,0,1,4.650592429714406,1770.574087680627,4807.447641521208,2774
9184.0,4082,0,0,1,4.775303935966534,1770.7386085252326,4808.295499442193,2711
9185.0,4082,0,0,0,4.909149392404145,1770.6053405193531,4809.084247791929,2675
9186.0,4081,0,0,1,5.043041501215247,1771.0210732663563,4809.670588608928,2654
9187.0,4081,0,0,0,5.1680196295047605,1771.0644449889733,4810.442160085731,2617
9188.0,4081,0,0,0,5.283589542519445,1771.0989953442784,4811.206471711409,2592
9189.0,4081,0,0,0,5.396019209149609,1771.2479784366576,4811.963033009881,2574
9190.0,4080,0,0,1,5.496936045112947,1771.4997549019608,4813.116989979039,2530
9191.0,4079,0,0,1,5.57099704663171,1771.9779357685707,4814.235067158437,2523
9192.0,4078,0,0,1,5.628104611312433,1772.458803334968,4815.381025500431,2496
9193.0,4077,0,0,1,5.681371364904406,1772.8653421633553,4815.694050611772,2475
9194.0,4076,0,0,1,5.727194866002428,1773.2838567222768,4816.7187760811785,2450
9195.0,4074,0,0,2,5.750444594141775,1774.2282768777613,4818.170362030457,2448
9196.0,4073,0,0,1,5.777928453195547,1774.82543579671,4819.000463662273,2445
9197.0,4072,0,0,1,5.790117435616254,1775.4319744597249,4819.830849823119,2441
9198.0,4072,0,0,0,5.7969252364253165,1775.6053536345776,4820.558852351762,2441
9199.0,4070,0,0,2,5.785514079727057,1776.6555282555282,4821.922659489672,2437
9200.0,4070,0,0,0,5.774716290200904,1776.880343980344,4822.651702482707,2445
9201.0,4067,0,0,3,5.760511082785481,1778.3983280059012,4823.7119636787775,2434
9202.0,4067,0,0,0,5.751159995203294,1778.6269977870666,4824.442003270977,2442
9203.0,4066,0,0,1,5.746724442345757,1779.3000491883915,4825.440291132938,2439
9204.0,4065,0,0,1,5.741605966763277,1779.9416974169742,4826.20771126008,2438
9205.0,4065,0,0,0,5.7372408453508585,1780.1444034440344,4826.938000587116,2448
9206.0,4065,0,0,0,5.7259713810115604,1780.4361623616237,4827.669133526668,2442
9207.0,4065,0,0,0,5.7186461582618975,1780.530381303813,4828.399457915187,2439
9208.0,4065,0,0,0,5.715549812531812,1780.749323493235,4829.130576814938,2427
9209.0,4065,0,0,0,5.699695956520874,1780.8762607626077,4829.86255022347,2417
9210.0,4065,0,0,0,5.682513148400201,1781.0765067650677,4830.596127049043,2405
9211.0,4065,0,0,0,5.673734402662754,1781.2509225092251,4831.329666564678,2400
9212.0,4064,0,0,1,5.67521354837923,1781.8235728346456,4832.109322788494,2398
9213.0,4065,0,1,0,5.677361193834778,1781.5638376383763,4831.65427575848,2403
9214.0,4063,0,0,2,5.6672933194991515,1782.612109278858,4832.660170299348,2405
9215.0,4062,0,0,1,5.656018951139468,1783.1686361398326,4833.301950166343,2409
9216.0,4061,0,0,1,5.638008637102981,1783.7466141344496,4834.126285244319,2410
9217.0,4061,0,0,0,5.6348387202805394,1783.9017483378477,4834.86380366088,2414
9218.0,4061,0,0,0,5.616867691873568,1784.1558729377,4835.602648704027,2424
9219.0,4059,0,0,2,5.600456279140161,1785.291204730229,4836.2455602709215,2427
9220.0,4058,0,0,1,5.57756267997877,1785.9556431739773,4837.306340100328,2425
9221.0,4058,0,0,0,5.537530668269497,1786.2003449975357,4838.051125523199,2438
9222.0,4058,0,0,0,5.5008596575350825,1786.4637752587482,4838.798357820494,2442
9223.0,4058,0,0,0,5.468377482589718,1786.8085263676687,4839.547059389999,2444
9224.0,4056,0,0,2,5.415539690889188,1788.0293392504932,4840.488040762518,2469
9225.0,4056,0,0,0,5.388081227945557,1788.3491124260354,4841.2425474309375,2481
9226.0,4055,0,0,1,5.354729836918037,1789.0034525277435,4842.14062810662,2475
9227.0,4055,0,0,0,5.3334076216906965,1789.3028360049323,4842.897989521032,2494
9228.0,4054,0,0,1,5.296038347624999,1790.0720276270351,4843.76186534573,2512
9229.0,4054,0,0,0,5.270132949788397,1790.3621114948198,4844.523172831204,2517
9230.0,4051,0,1,4,5.225123278371942,1792.0069118736114,4844.107660519579,2532
9231.0,4050,0,0,1,5.187963612616946,1792.7856790123458,4845.388279698139,2551
9232.0,4049,0,0,1,5.1664355257084305,1793.5986663373671,4846.625154691554,2560
9233.0,4049,0,0,0,5.156469875212244,1793.9133119288713,4847.393703739736,2585
9234.0,4048,0,1,2,5.108377331304568,1794.7435770750988,4847.673656528048,2604
9235.0,4048,0,0,0,5.075034953633986,1795.1978754940712,4848.447850355838,2637
9236.0,4049,0,2,1,5.043263014541903,1795.1948629291182,4847.383365465957,2646
9237.0,4048,0,0,1,5.00821802013965,1796.018280632411,4847.948357726781,2653
9238.0,4046,0,0,2,4.963496762599076,1797.3156203657934,4848.730987451995,2673
9239.0,4045,0,1,2,4.910191009632543,1798.1671199011125,4848.698870645352,2702
9240.0,4044,0,0,1,4.855902198720106,1799.0089020771513,4849.336865028898,2713
9241.0,4045,0,2,1,4.813251158047303,1799.0249690976514,4847.526974373422,2741
9242.0,4045,0,0,0,4.782377457414241,1799.4622991347342,4848.318144760848,2764
9243.0,4044,0,1,2,4.732758019999447,1800.2776953511375,4847.629563272798,2783
9244.0,4042,0,0,2,4.700698950504352,1801.5569025235031,4847.975078893001,2803
9245.0,4041,0,1,2,4.668871357063996,1802.423162583519,4846.900810011909,2814
9246.0,4041,0,0,0,4.651669054041292,1802.8384063350657,4847.700216586039,2836
9247.0,4038,0,0,3,4.609195958191271,1804.5851906884595,4849.101122013196,2841
9248.0,4037,0,1,2,4.559620827923816,1805.4887292543967,4848.225504650311,2858
9249.0,4035,0,0,2,4.522679892554179,1806.8287484510533,4849.2711734063405,2876
9250.0,4035,0,1,1,4.485423478156154,1807.2986369268897,4849.456883432108,2889
9251.0,4032,0,0,3,4.44653304051713,1809.1051587301588,4851.37363568564,2899
9252.0,4032,0,0,0,4.435864021219249,1809.5664682539682,4852.186360068547,2912
9253.0,4032,0,1,1,4.407460638912556,1809.985615079365,4851.825621841805,2928
9254.0,4032,0,0,0,4.390711488105464,1810.3809523809523,4852.641711666783,2939
9255.0,4031,0,0,1,4.389574459791886,1811.3492929794095,4854.176917523204,2944
9256.0,4028,0,0,3,4.364665871843458,1813.2351042701093,4855.621434120016,2968
9257.0,4028,0,0,0,4.364349684435159,1813.646971201589,4856.439991637442,2958
9258.0,4028,0,0,0,4.361684904397368,1814.1417576961271,4857.259607960728,2960
9259.0,4028,0,0,0,4.354838546431879,1814.7117676266137,4858.079005125495,2974
9260.0,4028,0,0,0,4.343868885131411,1815.2425521350547,4858.899963598086,2978
9261.0,4028,0,1,1,4.321733481381046,1815.8224925521351,4858.270720238857,2997
9262.0,4027,0,0,1,4.305365523069194,1816.8264216538366,4859.321794129468,2997
9263.0,4027,0,0,0,4.299639657228734,1817.2381425378694,4860.145954437318,3003
9264.0,4027,0,0,0,4.286616071384721,1817.7323069282345,4860.97125594198,3006
9265.0,4026,0,0,1,4.265765093123483,1818.7608047690014,4862.254105380945,3019
9266.0,4025,0,0,1,4.24355322907965,1819.8308074534161,4863.282749962171,3023
9267.0,4024,0,0,1,4.217077241699552,1820.8876739562625,4864.5804648714075,3044
9268.0,4024,0,0,0,4.196312913736399,1821.3839463220677,4865.411845173039,3048
9269.0,4022,0,0,2,4.169646885265092,1822.8970661362507,4866.899664116654,3060
9270.0,4022,0,0,0,4.148952519531374,1823.553704624565,4867.733914118768,3077
9271.0,4022,0,0,0,4.216811056266914,1822.5442565887618,4868.562816602565,2929
9272.0,4022,0,0,0,4.310327163572064,1821.9875683739433,4869.385475737456,2853
9273.0,4022,0,0,0,4.4363660639394285,1821.538786673297,4870.200199344989,2782
9274.0,4022,0,0,0,4.565916570452458,1821.2476379910493,4871.00607028111,2723
9275.0,4021,0,0,1,4.709635735442418,1821.4829644367073,4871.660625319542,2674
9276.0,4021,0,0,0,4.846102132939286,1821.323053966675,4872.447393474832,2628
9277.0,4021,0,0,0,4.978866981293227,1821.2546630191496,4873.22427956376,2601
9278.0,4020,0,0,1,5.087531004590779,1821.5880597014925,4874.245378922059,2570
9279.0,4017,0,0,3,5.168060006983688,1823.060492905153,4875.647651639199,2565
9280.0,4017,0,0,0,5.237605774742799,1822.9111277072443,4876.408846023082,2540
9281.0,4016,0,0,1,5.308105261823432,1823.257221115538,4877.044052258176,2533
9282.0,4016,0,0,0,5.37845825540736,1823.09312749004,4877.796175309881,2509
9283.0,4016,0,0,0,5.440712237886079,1823.0373505976095,4878.544072181574,2504
9284.0,4015,0,0,1,5.476930440446723,1823.4074719800747,4879.3162556758325,2485
9285.0,4015,0,0,0,5.504021459491706,1823.40099626401,4880.059800726267,2482
9286.0,4015,0,0,0,5.533679647242842,1823.524283935243,4880.801678491427,2471
9287.0,4015,0,0,0,5.566024522179805,1823.5382316313824,4881.540978816988,2453
9288.0,4015,0,0,0,5.576991699545394,1823.349190535492,4882.278540359239,2428
9289.0,4015,0,1,1,5.58554251256934,1823.2393524283934,4881.946158054431,2403
9290.0,4015,0,0,0,5.582284984387787,1823.2978829389788,4882.683487212704,2406
9291.0,4014,0,0,1,5.598722532362176,1823.5956651718984,4883.492894755054,2391
9292.0,4013,0,0,1,5.597776076875187,1823.9092947919262,4884.5218677815665,2386
9293.0,4011,0,0,2,5.611249564358199,1824.650461231613,4885.591894687269,2373
9294.0,4011,0,0,0,5.600813773122586,1824.5484916479681,4886.3267767834395,2356
9295.0,4009,0,0,2,5.594530877037127,1825.3664255425292,4887.342732656674,2355
9296.0,4008,0,0,1,5.6034965063890985,1825.8418163672654,4888.4114547859435,2340
9297.0,4008,0,1,1,5.60453698121005,1825.8298403193612,4888.30882104125,2342
9298.0,4008,0,0,0,5.605927796278683,1825.7597305389222,4889.043465814115,2334
9299.0,4008,0,0,0,5.609510512787888,1825.7809381237525,4889.777172975761,2343
9300.0,4008,0,0,0,5.601272719801693,1825.7158183632735,4890.511052372626,2328
9301.0,4008,0,0,0,5.6003239178940465,1825.7692115768464,4891.245200428796,2326
9302.0,4008,0,0,0,5.595395583183223,1825.8632734530938,4891.979543053641,2316
9303.0,4008,0,1,1,5.581263986046285,1825.944361277445,4892.243045874029,2323
9304.0,4008,0,0,0,5.5765515393955525,1825.9046906187625,4892.978803201343,2324
9305.0,4008,0,0,0,5.5615214474365,1825.945359281437,4893.715375099517,2311
9306.0,4008,0,0,0,5.551007890182171,1825.9323852295408,4894.45267206579,2314
9307.0,4007,0,0,1,5.537720029924979,1826.4432243573747,4895.45923689036,2293
9308.0,4007,0,0,0,5.528301128832998,1826.4532068879462,4896.197873333079,2305
9309.0,4007,0,1,1,5.50841734951149,1826.5118542550535,4895.912459840284,2306
9310.0,4007,0,0,0,5.489974632722408,1826.719740454205,4896.653094052749,2307
9311.0,4007,0,0,0,5.462787428219878,1826.8075867232344,4897.3962407309955,2305
9312.0,4007,0,0,0,5.447640661002615,1826.9438482655353,4898.140338537962,2309
9313.0,4007,0,0,0,5.40959984597521,1827.1479910157225,4898.88749281573,2315
9314.0,4006,0,0,1,5.371621114385368,1827.7264103844234,4899.840587006589,2328
9315.0,4006,0,1,1,5.326597780016409,1827.8459810284573,4899.45817395243,2348
9316.0,4006,0,0,0,5.3064261260310746,1828.0212181727409,4900.212582931778,2340
9317.0,4004,0,0,2,5.280709124586367,1829.028971028971,4901.081391532149,2352
9318.0,4004,0,0,0,5.274302750508019,1829.2325174825176,4901.838062182326,2379
9319.0,4004,0,0,0,5.235271837748685,1829.3766233766235,4902.596829528237,2391
9320.0,4002,0,0,2,5.190401017911036,1830.612443778111,4903.20928701466,2425
9321.0,4002,0,1,1,5.164218529895003,1830.8883058470765,4903.090081094149,2434
9322.0,3999,0,1,4,5.133512779962942,1832.63215803951,4903.37677532658,2464
9323.0,3996,0,0,3,5.1041690722064255,1834.3566066066066,4904.055804580614,2472
9324.0,3994,0,0,2,5.076226872403174,1835.598647971958,4905.366727907495,2479
9325.0,3994,0,0,0,5.060021112974886,1835.9742113169755,4906.1367005511165,2492
9326.0,3993,0,1,2,5.0318201644655955,1836.7813673929377,4906.926693187971,2492
9327.0,3992,0,0,1,5.002804570493574,1837.6715931863728,4907.793849344072,2529
9328.0,3992,0,0,0,4.985566009004786,1838.1645791583167,4908.568647042142,2543
9329.0,3992,0,0,0,4.956670054317769,1838.567134268537,4909.345374674489,2549
9330.0,3993,0,1,0,4.9315363631398785,1838.526170798898,4908.893743355704,2563
9331.0,3994,0,2,1,4.895749267785987,1838.4997496244366,4906.8403668811925,2593
9332.0,3994,0,0,0,4.863380615598254,1838.9083625438157,4907.623828623174,2596
9333.0,3994,0,0,0,4.840811092975168,1839.3607911867803,4908.40877275352,2617
9334.0,3994,0,0,0,4.80541885635372,1839.7934401602404,4909.195911062614,2646
9335.0,3992,0,0,2,4.773051177789131,1841.0964428857715,4909.931450340828,2662
9336.0,3992,0,0,0,4.760061553708273,1841.497745490982,4910.7224645298975,2678
9337.0,3991,0,2,3,4.723154599144002,1842.3390127787522,4910.05675962641,2682
9338.0,3991,0,0,0,4.700172151457779,1842.7699824605363,4910.851644988467,2691
9339.0,3990,0,0,1,4.665539338174061,1843.6140350877192,4912.244549212087,2698
9340.0,3990,0,1,1,4.644052658062907,1844.0461152882206,4911.353156303434,2720
9341.0,3990,0,0,0,4.625572334390859,1844.4676691729323,4912.153816228349,2734
9342.0,3991,0,1,0,4.616679956511964,1844.4557754948635,4911.725107716381,2750
9343.0,3992,0,1,0,4.6070321073702765,1844.36873747495,4911.297658833584,2766
9344.0,3992,0,0,0,4.587857600353403,1844.8354208416833,4912.1025742591355,2776
9345.0,3992,0,0,0,4.58466015583028,1845.1327655310622,4912.9083930534125,2791
9346.0,3992,0,1,1,4.555816336141698,1845.5175350701402,4912.798554647476,2799
9347.0,3992,0,0,0,4.533974632768488,1845.9050601202405,4913.607952976556,2808
9348.0,3992,0,0,0,4.514941870754229,1846.377254509018,4914.418808358436,2825
9349.0,3994,0,2,0,4.492985660541939,1845.8289934902355,4912.76940185743,2833
9350.0,3994,0,0,0,4.477908998944072,1846.253380070105,4913.582571868358,2835
9351.0,3994,0,0,0,4.461349591062691,1846.6892839258887,4914.397344624524,2846
9352.0,3995,0,1,0,4.4481186433834035,1846.733667083855,4913.981987844685,2870
9353.0,3995,0,0,0,4.433682702426661,1847.2092615769711,4914.798797493927,2873
9354.0,3995,0,0,0,4.43247739009931,1847.6212765957446,4915.6151881683945,2871
9355.0,3996,0,1,0,4.416051603474931,1847.634884884885,4915.202906515139,2876
9356.0,3996,0,0,0,4.414533538723384,1848.1318818818818,4916.020812072496,2886
9357.0,3996,0,0,0,4.410844116315673,1848.4406906906906,4916.839092572046,2885
9358.0,3997,0,1,0,4.391670445567075,1848.4933700275205,4916.4284613722475,2888
9359.0,3997,0,0,0,4.3731670043991615,1849.0555416562422,4917.249271213186,2906
9360.0,3998,0,1,0,4.356457438309097,1849.1155577788895,4916.841022545235,2907
9361.0,3997,0,0,1,4.40131972898844,1848.6144608456343,4917.895258320198,2786
9362.0,3997,0,1,1,4.478069005647892,1848.0703027270454,4917.936802442917,2698
9363.0,3997,0,0,0,4.590335639316901,1847.6659994996248,4918.743265627494,2643
9364.0,3996,0,0,1,4.726342952780064,1847.7815315315315,4919.444089852699,2586
9365.0,3996,0,0,0,4.868262923637421,1847.5853353353352,4920.2312420021635,2547
9366.0,3995,0,0,1,5.004934926802212,1847.8851063829786,4920.933211528354,2519
9367.0,3995,0,0,0,5.155386664875764,1847.8195244055069,4921.7008310371,2490
9368.0,3995,0,0,0,5.278711544548926,1847.8753441802253,4922.459626047145,2463
9369.0,3994,0,0,1,5.369968462611845,1848.4561842764147,4922.898460923787,2445
9370.0,3994,0,0,0,5.461315942646119,1848.539809714572,4923.645457121805,2424
9371.0,3993,0,0,1,5.517838295609727,1849.152516904583,4924.995878974437,2408
9372.0,3993,0,0,0,5.572405622151475,1849.289757074881,4925.733671234827,2389
9373.0,3991,0,0,2,5.607892314979175,1850.3563016787773,4925.626144544684,2378
9374.0,3989,0,0,2,5.6498107865927585,1851.4016044121333,4926.7312713825,2366
9375.0,3988,0,0,1,5.67988451230391,1852.0190571715145,4928.025506900467,2360
9376.0,3985,0,0,3,5.6986178479849015,1853.6240903387704,4929.252926673445,2346
9377.0,3985,0,0,0,5.7244368555190235,1853.80878293601,4929.980621056289,2329
9378.0,3984,0,0,1,5.736292866243841,1854.4646084337348,4930.9147043428375,2337
9379.0,3982,0,0,2,5.743917518798238,1855.6742842792567,4932.048062879173,2333
9380.0,3981,0,0,1,5.737878080429335,1856.336850037679,4932.934336309574,2322
9381.0,3980,0,0,1,5.754524036305136,1857.0015075376884,4933.156972873868,2305
9382.0,3978,0,0,2,5.742939926208656,1858.234539969834,4934.6619504321125,2302
9383.0,3978,0,0,0,5.763399820099044,1858.4183006535948,4935.385955652483,2296
9384.0,3978,0,0,0,5.775386330982708,1858.6116138763198,4936.108475975423,2283
9385.0,3977,0,0,1,5.779404635040048,1859.2117173749057,4937.069297167865,2271
9386.0,3977,0,0,0,5.800345821820665,1859.4176514961025,4937.789662523438,2278
9387.0,3976,0,1,2,5.787148811833958,1860.1436116700202,4936.90226224746,2277
9388.0,3974,0,0,2,5.774414889413797,1861.2732762959236,4937.072574694342,2273
9389.0,3972,0,0,2,5.756956744009537,1862.4330312185298,4937.773418944403,2268
9390.0,3971,0,0,1,5.747511844654791,1863.130949383027,4938.187943281619,2283
9391.0,3970,0,0,1,5.7298483576517585,1863.7856423173803,4939.457350203693,2279
9392.0,3970,0,0,0,5.714208131161158,1863.9851385390427,4940.183782802063,2278
9393.0,3969,0,0,1,5.704414024750399,1864.6636432350717,4941.3473585884185,2278
9394.0,3969,0,1,1,5.672888441534542,1864.8599143361048,4941.415133010168,2280
9395.0,3966,0,0,3,5.633336339990621,1866.4820978315684,4943.324577925028,2286
9396.0,3966,0,0,0,5.621248158485351,1866.6707009581442,4944.0557629338555,2288
9397.0,3963,0,0,3,5.578713029433401,1868.305324249306,4945.1731562646755,2300
9398.0,3963,0,1,1,5.548103069421381,1868.529396921524,4944.60457425184,2306
9399.0,3961,0,0,2,5.505143477870471,1869.8247917192627,4946.336989663566,2311
9400.0,3959,0,0,2,5.458913692695815,1870.9858550138924,4945.897752042368,2317
9401.0,3958,0,0,1,5.437502965104197,1871.7407781707934,4946.4631212006925,2320
9402.0,3958,0,0,0,5.417219732761154,1871.9603335017687,4947.207428621069,2322
9403.0,3958,0,0,0,5.390104040569942,1872.2690752905507,4947.952907798886,2339
9404.0,3957,0,0,1,5.34064651872332,1873.1463229719484,4948.919236381845,2352
9405.0,3957,0,1,1,5.293679802954947,1873.5072024260803,4948.384468649217,2379
9406.0,3957,0,0,0,5.25653981601511,1873.8251200404347,4949.138548519058,2395
9407.0,3955,0,0,2,5.213629344566667,1875.1183312262958,4950.378764301123,2406
9408.0,3951,0,0,4,5.176259989985151,1877.3880030372059,4952.63064091755,2438
9409.0,3951,0,0,0,5.160930767548712,1877.7699316628702,4953.391017137472,2447
9410.0,3950,0,1,2,5.132034590958445,1878.606075949367,4952.560964121497,2479
9411.0,3949,0,0,1,5.112102999791847,1879.3747784249176,4953.1789576306755,2499
9412.0,3949,0,1,1,5.093677836480068,1879.7475310205116,4952.769517742682,2520
9413.0,3948,0,1,2,5.079791854120204,1880.5759878419453,4952.065942116024,2541
9414.0,3947,0,0,1,5.066153165736194,1881.4081580947554,4953.204525081964,2553
9415.0,3947,0,1,1,5.04661053117995,1881.817076260451,4952.633350042008,2571
9416.0,3947,0,0,0,5.03411574622386,1882.2523435520648,4953.404831701151,2590
9417.0,3948,0,1,0,5.023000981869177,1882.161094224924,4952.923828299298,2593
9418.0,3948,0,0,0,5.017391886753972,1882.5415400202635,4953.697218576372,2611
9419.0,3948,0,0,0,4.992221346391087,1882.941995947315,4954.473466091719,2624
9420.0,3949,0,1,0,4.962024782498017,1882.8586984046594,4953.997171473666,2642
9421.0,3949,0,0,0,4.949181098589894,1883.2534818941504,4954.776322869078,2657
9422.0,3949,0,0,0,4.933186233917882,1883.664218789567,4955.557256223511,2672
9423.0,3949,0,0,0,4.907696807918358,1884.135224107369,4956.340228894173,2683
9424.0,3949,0,1,1,4.891420765268298,1884.5877437325905,4955.89131719225,2700
9425.0,3949,0,0,0,4.869682229028518,1884.9984806280072,4956.676809790216,2712
9426.0,3951,0,2,0,4.8453629596041585,1884.4738041002279,4954.95444132289,2718
9427.0,3951,0,0,0,4.814637904771255,1884.8830675778283,4955.742849228726,2725
9428.0,3951,0,0,0,4.787786732765483,1885.324474816502,4956.532841849611,2739
9429.0,3951,0,0,0,4.780404624045027,1885.6950139205264,4957.323526560647,2739
9430.0,3952,0,1,0,4.7648364321614,1885.6482793522266,4956.861155526192,2741
9431.0,3953,0,1,0,4.74786242867189,1885.6056159878574,4956.400492944199,2741
9432.0,3953,0,0,0,4.707059440902388,1886.043764229699,4957.196777759209,2756
9433.0,3952,0,0,1,4.661724078224096,1886.9488866396762,4958.029443705282,2765
9434.0,3952,0,1,1,4.622784460632335,1887.49266194332,4957.40866966304,2784
9435.0,3953,0,1,0,4.591334884763188,1887.5297242600557,4956.958360512323,2799
9436.0,3952,0,0,1,4.577478527511655,1888.4463562753037,4957.679514323456,2801
9437.0,3952,0,1,1,4.547208646819722,1888.8866396761134,4957.2118530071475,2818
9438.0,3953,0,1,0,4.529451974030872,1888.8940045535037,4956.766437124499,2824
9439.0,3953,0,0,0,4.517901167271285,1889.3809764735645,4957.5758912785695,2828
9440.0,3954,0,2,1,4.490994181200988,1889.3373798684877,4956.083572802732,2834
9441.0,3954,0,0,0,4.48536230713581,1889.8085483055133,4956.895953135208,2847
9442.0,3955,0,1,0,4.461809652183769,1889.8111251580278,4956.456605848734,2866
9443.0,3955,0,0,0,4.4510536817780215,1890.2222503160556,4957.2714875935535,2869
9444.0,3955,0,1,1,4.434382108205715,1890.7701643489254,4957.112135858607,2890
9445.0,3955,0,0,0,4.413747433386001,1891.3165613147914,4957.929867097001,2912
9446.0,3955,0,0,0,4.393282497711087,1891.8882427307205,4958.7490039347385,2923
9447.0,3955,0,0,0,4.368836081283307,1892.427560050569,4959.570082676715,2937
9448.0,3954,0,1,2,4.340576827365155,1893.4686393525544,4960.003636006077,2941
9449.0,3953,0,0,1,4.314875717535319,1894.499620541361,4960.390662511862,2953
9450.0,3953,0,0,0,4.281022006596918,1895.0637490513534,4961.217032841228,2958
9451.0,3953,0,0,0,4.3263697095003995,1893.9200607133823,4962.03897726271,2819
9452.0,3952,0,0,1,4.413522462856834,1893.619686234818,4962.971629227468,2718
9453.0,3952,0,0,0,4.5290294967378895,1893.129048582996,4963.778722916719,2650
9454.0,3951,0,0,1,4.650466331056806,1893.2837256390787,4965.125523173057,2595
9455.0,3951,0,0,0,4.804257220495155,1892.9782333586434,4965.9106134083795,2542
9456.0,3950,0,0,1,4.944070138013441,1893.3812658227848,4966.768369380584,2508
9457.0,3950,0,0,0,5.094212442110139,1893.0374683544303,4967.535056461009,2462
9458.0,3950,0,0,0,5.227387340945479,1892.827594936709,4968.2927406940335,2422
9459.0,3950,0,0,0,5.337938899504113,1892.693164556962,4969.0428592905655,2393
9460.0,3950,0,0,0,5.441489403788469,1892.4949367088607,4969.786458713095,2356
9461.0,3950,0,0,0,5.5217616864593095,1892.4103797468354,4970.525098789426,2338
9462.0,3949,0,0,1,5.591996446379084,1892.90073436313,4971.242957503975,2324
9463.0,3947,0,0,2,5.636778877008237,1893.849252596909,4971.958654159062,2303
9464.0,3946,0,0,1,5.684399615272859,1894.4457678661936,4973.118980247124,2305
9465.0,3946,0,0,0,5.71994517012099,1894.4602128737963,4973.8437661838725,2289
9466.0,3945,0,0,1,5.751118892999144,1894.9391634980989,4974.953630016334,2287
9467.0,3945,0,0,0,5.783885836604017,1894.9072243346009,4975.673508723825,2277
9468.0,3945,0,0,0,5.799477285701295,1894.8271229404309,4976.392124524345,2258
9469.0,3943,0,0,2,5.810971255131421,1895.8016738523966,4977.468345884956,2254
9470.0,3943,0,0,0,5.822063764094011,1895.900583312199,4978.18608783488,2251
9471.0,3943,0,0,0,5.826805952597015,1895.941922394116,4978.9026995447475,2245
9472.0,3943,0,0,0,5.835980986483261,1896.059599289881,4979.6190671897075,2233
9473.0,3943,0,0,0,5.833753509470607,1896.138980471722,4980.336221388457,2240
9474.0,3942,0,0,1,5.832135715912978,1896.8323186199898,4981.05036459743,2241
9475.0,3942,0,0,0,5.823348800443041,1896.945205479452,4981.767227159625,2233
9476.0,3940,0,0,2,5.8151409403453345,1898.028426395939,4982.867745447621,2236
9477.0,3941,0,1,0,5.798526655426403,1897.6967774676477,4982.320699931736,2235
9478.0,3939,0,0,2,5.777725953526362,1898.7123635440466,4983.074119184197,2231
9479.0,3938,0,0,1,5.78601417745421,1899.252158456069,4984.210332834559,2225
9480.0,3937,0,0,1,5.79328527079947,1899.764795529591,4985.334041750525,2218
9481.0,3937,0,0,0,5.790936489172016,1899.767589535179,4986.054086500455,2216
9482.0,3935,0,0,2,5.788505742638401,1900.7961880559085,4986.971146293601,2214
9483.0,3934,0,0,1,5.784632127619194,1901.4494153533299,4987.560307029856,2219
9484.0,3935,0,1,0,5.778787416866376,1901.0688691232529,4987.013322059122,2214
9485.0,3933,0,0,2,5.75299032237551,1902.1088227815917,4988.322607865453,2209
9486.0,3933,0,0,0,5.755435665990841,1902.1622171370454,4989.04517934119,2210
9487.0,3931,0,0,2,5.754968699057823,1903.3098448232001,4989.908066399537,2221
9488.0,3930,0,0,1,5.742479178733801,1903.9201017811704,4990.939984692959,2232
9489.0,3930,0,1,1,5.71378760488398,1904.0918575063613,4990.543417927499,2236
9490.0,3930,0,0,0,5.687941935096501,1904.3961832061068,4991.270617084532,2243
9491.0,3930,0,0,0,5.669050755780588,1904.6320610687023,4991.998790880063,2249
9492.0,3930,0,0,0,5.646991687830606,1904.8580152671755,4992.729452089351,2256
9493.0,3929,0,0,1,5.607828209297753,1905.469076100789,4994.0339609870425,2251
9494.0,3928,0,0,1,5.572734649175582,1906.187881873727,4994.0483893479495,2269
9495.0,3929,0,1,0,5.538867169106907,1905.9294986001528,4993.514913003065,2284
9496.0,3928,0,0,1,5.507342771766436,1906.524185336049,4994.162684448062,2273
9497.0,3927,0,0,1,5.471362787588808,1907.2248535777946,4995.4335741630675,2279
9498.0,3926,0,0,1,5.431634685467733,1907.9755476311768,4996.786883980085,2297
9499.0,3925,0,0,1,5.399589449592197,1908.6285350318472,4997.417426970667,2308
9500.0,3923,0,0,2,5.36145347330806,1909.840938057609,4998.455130091018,2324
9501.0,3922,0,0,1,5.334697868082709,1910.589750127486,5000.107140913559,2336
9502.0,3921,0,0,1,5.300559576132317,1911.3904616169345,5001.124545999239,2357
9503.0,3921,0,0,0,5.274178038409473,1911.693700586585,5001.880001699207,2371
9504.0,3920,0,0,1,5.266004297565269,1912.3941326530612,5002.990915756199,2383
9505.0,3919,0,1,2,5.233405637397231,1913.1972441949476,5002.711184434522,2402
9506.0,3918,0,1,2,5.212596938706611,1913.9180704441042,5002.522732324566,2412
9507.0,3918,0,0,0,5.18810422724418,1914.1980602348137,5003.284651990005,2422
9508.0,3917,0,0,1,5.158162016438981,1915.029359203472,5004.081157986958,2448
9509.0,3917,0,0,0,5.136816885941513,1915.3740107224917,5004.845158010227,2460
9510.0,3917,0,0,0,5.1113815766807305,1915.7388307378096,5005.611729118241,2478
9511.0,3917,0,1,1,5.081533370056756,1916.0467194281339,5005.341994402117,2491
9512.0,3917,0,0,0,5.065549278586895,1916.388052080674,5006.112320857139,2498
9513.0,3918,0,1,0,5.047011804163246,1916.2470648289943,5005.606400487457,2514
9514.0,3918,0,0,0,5.0201105728605935,1916.629913221031,5006.379390234983,2526
9515.0,3918,0,0,0,5.00927281112615,1916.9747320061256,5007.1542449817625,2531
9516.0,3919,0,1,0,5.000415937009219,1916.8966573105383,5006.651847005717,2558
9517.0,3920,0,1,0,4.970728226269592,1916.8045918367347,5006.1522864239305,2570
9518.0,3920,0,0,0,4.937745095045747,1917.2344387755102,5006.93208683722,2591
9519.0,3919,0,0,1,4.899990543408227,1918.1944373564686,5008.6498662940585,2601
9520.0,3919,0,0,0,4.859927622566686,1918.7068129624904,5009.435639260955,2622
9521.0,3920,0,1,0,4.8182308926301,1918.665306122449,5008.945944203323,2650
9522.0,3920,0,0,0,4.796653010435099,1919.1655612244897,5009.735960825551,2664
9523.0,3919,0,1,2,4.7532666094255696,1920.1967338606787,5009.592757028124,2683
9524.0,3918,0,1,2,4.7079570781699775,1921.1179173047474,5009.934095162399,2690
9525.0,3919,0,1,0,4.676553676638413,1921.1492727736668,5009.4538373194455,2718
9526.0,3920,0,1,0,4.659744851130338,1921.1936224489796,5008.975829687963,2721
9527.0,3919,0,0,1,4.640654843792362,1922.1360040826742,5010.387652518211,2735
9528.0,3920,0,1,0,4.6243946648184915,1922.1020408163265,5009.913008337901,2738
9529.0,3920,0,0,0,4.608738587115927,1922.6045918367347,5010.718330590381,2755
9530.0,3921,0,2,1,4.585640895297621,1922.5761285386382,5009.428118437203,2767
9531.0,3920,0,0,1,4.568062615801999,1923.4966836734693,5010.050198518516,2772
9532.0,3920,0,0,0,4.565290288608476,1924.001275510204,5010.858885871097,2788
9533.0,3921,0,1,0,4.552440027985824,1923.9780668196888,5010.390240901098,2789
9534.0,3920,0,0,1,4.53716097740816,1924.8913265306123,5011.731631906355,2789
9535.0,3920,0,0,0,4.519867979949984,1925.351530612245,5012.544432333222,2789
9536.0,3919,0,0,1,4.484630946191708,1926.3457514672111,5013.127782285288,2802
9537.0,3920,0,1,0,4.449930167809697,1926.4022959183674,5012.665888174271,2823
9538.0,3920,0,0,0,4.422665954182203,1926.9163265306122,5013.485104323921,2828
9539.0,3920,0,1,1,4.397042542572861,1927.4632653061224,5012.848466076243,2855
9540.0,3920,0,0,0,4.380595608838192,1928.0352040816326,5013.671124113798,2873
9541.0,3920,0,0,0,4.4443817670628345,1926.851275510204,5014.48869618287,2728
9542.0,3920,0,0,0,4.542572161860795,1926.2301020408163,5015.29956419704,2629
9543.0,3920,0,0,0,4.682321218059834,1925.8436224489797,5016.101877595536,2543
9544.0,3919,0,0,1,4.839147136968519,1926.1393212554224,5016.268512607138,2485
9545.0,3920,0,1,0,4.9988383117077255,1925.5670918367348,5015.769251363326,2445
9546.0,3920,0,0,0,5.157107758032428,1925.4698979591838,5016.538956175224,2409
9547.0,3920,0,0,0,5.291576194660074,1925.5535714285713,5017.298561685825,2381
9548.0,3920,0,0,0,5.42994809490517,1925.5477040816327,5018.0498698792335,2341
9549.0,3920,0,0,0,5.545871609282952,1925.6892857142857,5018.793047437505,2315
9550.0,3920,0,0,0,5.63452136812979,1925.9005102040817,5019.529993907069,2312
9551.0,3920,0,0,0,5.706617734368034,1926.135969387755,5020.262138213844,2314
9552.0,3918,0,0,2,5.763497088147015,1927.2945380296069,5021.732977593267,2305
9553.0,3918,0,0,0,5.8396561914520815,1927.5186319550792,5022.455890776034,2296
9554.0,3917,0,0,1,5.89487087819853,1928.1702833801378,5023.545992960991,2284
9555.0,3916,0,0,1,5.941364078171725,1928.8485699693565,5024.195610418384,2262
9556.0,3915,0,0,1,5.983107187533966,1929.5282247765006,5025.0884885537425,2253
9557.0,3914,0,0,1,6.02461715552202,1930.1704138988248,5025.121427001546,2232
9558.0,3912,0,0,2,6.042083307489054,1931.4212678936606,5026.56781165887,2228
9559.0,3910,0,0,2,6.065378621523499,1932.641432225064,5028.181611431668,2231
9560.0,3910,0,0,0,6.089626359441831,1932.9079283887468,5028.88947031088,2219
9561.0,3907,0,0,3,6.096135901611031,1934.5764013309445,5030.978549066314,2203
9562.0,3907,0,0,0,6.108528814207639,1934.817762989506,5031.685729848324,2201
9563.0,3906,0,0,1,6.105654914947106,1935.5675883256529,5032.5111600341,2194
9564.0,3905,0,0,1,6.111110486026158,1936.2673495518566,5033.205150611833,2194
9565.0,3905,0,0,0,6.130286677525719,1936.3823303457107,5033.911636076613,2168
9566.0,3905,0,0,0,6.152049230514985,1936.5935979513445,5034.616387371213,2160
9567.0,3904,0,0,1,6.169477569994826,1937.2528176229507,5035.197927545818,2156
9568.0,3905,0,1,0,6.167285021954091,1936.9720870678618,5034.61334087883,2140
9569.0,3905,0,0,0,6.141845638941681,1937.2135723431497,5035.319618013588,2143
9570.0,3903,0,0,2,6.104365761177997,1938.4509351780682,5035.433367275709,2156
9571.0,3900,0,0,3,6.0823696978715525,1940.167435897436,5037.485440889806,2158
9572.0,3900,0,0,0,6.076947876669377,1940.4815384615385,5038.194930468119,2163
9573.0,3900,0,0,0,6.076012116724868,1940.7384615384615,5038.904423632685,2173
9574.0,3900,0,0,0,6.058589895630098,1940.9605128205128,5039.614710423727,2180
9575.0,3900,0,1,1,6.033486742132954,1941.2669230769231,5039.031405260607,2184
9576.0,3900,0,0,0,6.014936527402016,1941.5484615384617,5039.745259131773,2183
9577.0,3900,0,0,0,6.002805167316232,1941.8120512820512,5040.460312176769,2175
9578.0,3900,0,0,0,5.981467509849429,1942.1248717948718,5041.175655095532,2190
9579.0,3900,0,0,0,5.938639947781227,1942.4271794871795,5041.894421413405,2190
9580.0,3900,0,1,1,5.887626603753125,1942.7394871794872,5041.657616030609,2205
9581.0,3900,0,0,0,5.848295055967188,1943.0879487179486,5042.381906569376,2217
9582.0,3899,0,0,1,5.804949921337538,1943.9707617337779,5042.732525539562,2238
9583.0,3897,0,0,2,5.762605828455173,1945.3099820374648,5043.481890719364,2254
9584.0,3897,0,0,0,5.7193231108381495,1945.7351809083912,5044.2147280892395,2268
9585.0,3898,0,1,0,5.6694208594891595,1945.6198050282196,5043.65654304074,2280
9586.0,3897,0,0,1,5.640324363531201,1946.4387990762125,5044.724598304928,2281
9587.0,3896,0,0,1,5.610178066496177,1947.3133983572895,5045.309579097087,2304
9588.0,3895,0,0,1,5.564822446379124,1948.1473684210525,5046.433522970475,2303
9589.0,3893,0,0,2,5.522590031269867,1949.481376830208,5047.135256570673,2306
9590.0,3893,0,0,0,5.49706888758987,1949.8448497302852,5047.882504524437,2323
9591.0,3894,0,1,0,5.450930914722513,1949.7491011813045,5047.336556870672,2355
9592.0,3893,0,0,1,5.407365423587647,1950.610069355253,5048.22928991132,2370
9593.0,3889,0,0,4,5.362281419425572,1953.0133710465416,5049.42941491019,2389
9594.0,3888,0,1,2,5.323170219978958,1953.9308127572017,5049.190989248531,2410
9595.0,3885,0,0,3,5.272356394646355,1955.855855855856,5051.375012760398,2431
9596.0,3886,0,1,0,5.234740504304611,1955.7771487390633,5050.838625428074,2446
9597.0,3886,0,0,0,5.19394484399894,1956.1806484817293,5051.605324570516,2459
9598.0,3887,0,1,0,5.155890772302954,1956.1137123745818,5051.075004789341,2478
9599.0,3887,0,0,0,5.125515548557858,1956.5209673269874,5051.8468342413435,2488
9600.0,3887,0,0,0,5.081235760144816,1956.960895291999,5052.622587262424,2499
9601.0,3888,0,1,0,5.052214353630563,1956.8397633744855,5052.100461946467,2518
9602.0,3888,0,0,0,5.017697868153206,1957.2973251028807,5052.880802575156,2542
9603.0,3889,0,1,0,4.9874844780955465,1957.3113911031114,5052.36413606546,2566
9604.0,3889,0,0,0,4.974061586706813,1957.7935201851376,5053.148075339781,2578
9605.0,3889,0,1,1,4.944706082965223,1958.2705065569555,5053.25880770916,2590
9606.0,3890,0,1,0,4.913607845843478,1958.2321336760926,5052.747409134269,2608
9607.0,3889,0,0,1,4.889552800628587,1959.1547955772692,5053.866102069189,2613
9608.0,3889,0,0,0,4.87171930176569,1959.6544098740037,5054.656998371659,2633
9609.0,3889,0,0,0,4.843428658927226,1960.106196965801,5055.450134059099,2642
9610.0,3891,0,2,0,4.821656704248897,1959.6054998714983,5053.646540551721,2656
9611.0,3891,0,0,0,4.803660280408861,1960.0655358519662,5054.442878571437,2660
9612.0,3891,0,0,0,4.78656331805842,1960.526599845798,5055.240627854664,2672
9613.0,3890,0,0,1,4.760168948436205,1961.5095115681233,5056.172008707944,2687
9614.0,3889,0,0,1,4.734619409328977,1962.5201851375675,5057.353759398878,2696
9615.0,3888,0,0,1,4.704170154346788,1963.5864197530864,5057.624298381545,2706
9616.0,3888,0,0,0,4.683175849855544,1964.0961934156378,5058.428279155885,2716
9617.0,3889,0,1,0,4.6576345371813686,1964.1805091283106,5057.9330807577635,2734
9618.0,3888,0,1,2,4.624009787764388,1965.2656893004116,5058.755131939031,2750
9619.0,3886,0,0,2,4.598805633161354,1966.815748841997,5059.887486410648,2756
9620.0,3885,0,0,1,4.578463976533072,1967.9194337194338,5060.739217313368,2762
9621.0,3883,0,0,2,4.5535000447350855,1969.5011588977595,5062.059566415292,2770
9622.0,3883,0,1,1,4.536107176091708,1970.0239505536956,5061.339124550634,2777
9623.0,3881,0,0,2,4.510618869794157,1971.6475135274413,5063.244655395794,2790
9624.0,3880,0,0,1,4.4766838099001856,1972.7548969072166,5064.331895627726,2791
9625.0,3880,0,0,0,4.470363294698793,1973.317525773196,5065.147816407464,2804
9626.0,3880,0,1,1,4.436454670421508,1973.92706185567,5064.764579695713,2818
9627.0,3879,0,0,1,4.405578240549804,1975.041247744264,5065.422071435866,2828
9628.0,3879,0,0,0,4.377855534567551,1975.639855632895,5066.244065029214,2837
9629.0,3878,0,0,1,4.3553646337546,1976.6913357400722,5067.415475965797,2843
9630.0,3878,0,0,0,4.335942089489602,1977.2261474987106,5068.240130892573,2838
9631.0,3878,0,0,0,4.404522248261899,1975.9468798349665,5069.059590360291,2676
9632.0,3878,0,0,0,4.522947279950614,1975.2068076328005,5069.870516165677,2575
9633.0,3877,0,1,2,4.661743797382181,1975.3657467113749,5069.6488591956,2495
9634.0,3874,0,0,3,4.823441215704681,1976.6628807434176,5071.002527775434,2431
9635.0,3872,0,0,2,4.982472922597298,1977.6539256198348,5072.0710690389005,2394
9636.0,3871,0,0,1,5.130234950549495,1978.1991733402222,5072.915290787488,2346
9637.0,3870,0,0,1,5.297424369274745,1978.8002583979328,5073.774260213526,2320
9638.0,3869,0,0,1,5.444600138533194,1979.379167743603,5074.567837172707,2286
9639.0,3869,0,0,0,5.577544421600462,1979.518480227449,5075.305864869495,2274
9640.0,3868,0,0,1,5.6499501314638465,1980.033867631851,5076.18647273677,2252
9641.0,3868,0,0,0,5.709476655499977,1980.1825232678386,5076.91441481448,2238
9642.0,3866,0,0,2,5.749040540194327,1981.3295395757889,5077.691435715438,2239
9643.0,3865,0,0,1,5.79485241518609,1981.9552393272963,5078.712096194713,2234
9644.0,3865,0,0,0,5.848069335702834,1982.0846054333765,5079.429158244272,2213
9645.0,3864,0,0,1,5.889430543991334,1982.7538819875776,5080.178181720008,2210
9646.0,3863,0,0,1,5.914691175573573,1983.4281646388818,5081.461562648517,2206
9647.0,3863,0,0,0,5.947354980110523,1983.5355940978513,5082.172467654014,2191
9648.0,3861,0,0,2,5.967805763990128,1984.7275317275316,5083.787427701388,2188
9649.0,3861,0,0,0,5.996405029960555,1984.893291893292,5084.495904732683,2182
9650.0,3860,0,0,1,6.016433517943314,1985.5259067357513,5086.141040566946,2177
9651.0,3860,0,0,0,6.029446021949665,1985.661658031088,5086.847468787694,2169
9652.0,3858,0,0,2,6.031796233252987,1986.7781233799897,5087.57258251376,2156
9653.0,3858,0,0,0,6.040051748831958,1986.784603421462,5088.279340842929,2149
9654.0,3858,0,0,0,6.049366331067374,1986.8125972006221,5088.9856973882515,2155
9655.0,3856,0,0,2,6.0603255486354835,1987.9730290456432,5090.143668376861,2154
9656.0,3856,0,0,0,6.078851178104071,1988.0313796680498,5090.848801779086,2135
9657.0,3856,0,1,1,6.0777234657475825,1988.0907676348547,5090.389105976837,2129
9658.0,3856,0,0,0,6.0823112158139,1988.0596473029045,5091.094334097559,2127
9659.0,3855,0,0,1,6.065700214201589,1988.6962386511025,5091.896139733361,2139
9660.0,3854,0,0,1,6.06879258824947,1989.3521017125065,5092.589723208609,2135
9661.0,3853,0,0,1,6.063763944721981,1989.9958473916429,5093.472836885725,2132
9662.0,3851,0,0,2,6.066833243707954,1991.1661905998442,5094.814484938823,2138
9663.0,3850,0,0,1,6.05668143195621,1991.8535064935065,5095.037771334325,2137
9664.0,3849,0,1,2,6.058411835334435,1992.571057417511,5094.8085006422725,2141
9665.0,3848,0,0,1,6.053331321161387,1993.279106029106,5095.9404502940815,2157
9666.0,3848,0,0,0,6.041173318490031,1993.4527027027027,5096.651085558552,2159
9667.0,3846,0,0,2,6.017100961467827,1994.7571502860114,5097.570424688687,2171
9668.0,3845,0,0,1,5.992800002149503,1995.5198959687907,5098.479983987195,2168
9669.0,3846,0,1,0,5.939816850936336,1995.3172126885077,5097.8719175288625,2179
9670.0,3846,0,0,0,5.899251788451695,1995.6060842433697,5098.592815110638,2193
9671.0,3845,0,0,1,5.855902250562376,1996.4218465539661,5099.27675563382,2201
9672.0,3844,0,0,1,5.805680199384066,1997.2416753381895,5099.958032395882,2226
9673.0,3844,0,0,0,5.775084699396377,1997.5239334027056,5100.688005405239,2243
9674.0,3845,0,1,0,5.721169255172401,1997.3162548764628,5100.095315367276,2248
9675.0,3844,0,0,1,5.661135094153198,1998.1568678459937,5100.674218800175,2274
9676.0,3844,0,0,0,5.627198097285075,1998.4188345473465,5101.415084351795,2269
9677.0,3844,0,0,0,5.586386651672504,1998.7206035379813,5102.158205713221,2278
9678.0,3844,0,0,0,5.546064997797026,1999.0392819979188,5102.9046094180585,2293
9679.0,3844,0,0,0,5.512471906082613,1999.3642039542144,5103.653436251849,2311
9680.0,3843,0,0,1,5.464126212832418,2000.1012230028623,5103.967484907439,2326
9681.0,3843,0,0,0,5.433640156385891,2000.3567525370804,5104.721011740144,2353
9682.0,3842,0,1,2,5.409851226659953,2001.158250910984,5103.800784373538,2370
9683.0,3843,0,1,0,5.3902110826811525,2000.9274004683841,5103.229139900367,2381
9684.0,3840,0,1,4,5.355788155759408,2002.7817708333334,5104.578565508558,2404
9685.0,3841,0,1,0,5.319220623425532,2002.5998437906794,5104.011598383819,2425
9686.0,3840,0,0,1,5.290256124227751,2003.4541666666667,5104.881966100479,2438
9687.0,3838,0,1,3,5.250627487028682,2004.843668577384,5104.662422765147,2445
9688.0,3837,0,0,1,5.214466620449086,2005.7237425071671,5106.0792960988865,2458
9689.0,3837,0,1,1,5.182220129645927,2006.142819911389,5105.390842592165,2485
9690.0,3836,0,0,1,5.1615132057076565,2007.0732533889468,5106.102837834559,2503
9691.0,3836,0,0,0,5.135320090001319,2007.5007820646506,5106.876725878059,2511
9692.0,3835,0,0,1,5.107508713987035,2008.3697522816167,5108.408223760313,2509
9693.0,3835,0,1,1,5.076474115565534,2008.729595827901,5107.637223704191,2532
9694.0,3832,0,0,3,5.041085624800464,2010.677974947808,5107.636461911684,2550
9695.0,3834,0,2,0,5.033001118310653,2009.9593114241002,5105.751264106528,2555
9696.0,3832,0,0,2,5.011920317159541,2011.4010960334028,5106.404380564363,2563
9697.0,3832,0,0,0,5.003357922271654,2011.8089770354907,5107.186553709403,2578
9698.0,3833,0,1,0,4.968638810355128,2011.658231150535,5106.638180673351,2589
9699.0,3834,0,1,0,4.946650096214079,2011.6559728742827,5106.092314170373,2609
9700.0,3833,0,0,1,4.908786118518162,2012.5645708322463,5107.545494806402,2620
9701.0,3834,0,1,0,4.869307687953505,2012.489306207616,5107.00498617122,2629
9702.0,3834,0,0,0,4.825996943277806,2013.0331246739697,5107.800055298356,2645
9703.0,3834,0,0,0,4.791370396779088,2013.5425143453313,5108.597050422902,2650
9704.0,3833,0,0,1,4.743471546339,2014.5872684581268,5109.7667725123565,2675
9705.0,3832,0,0,1,4.711628894263077,2015.6563152400836,5110.595659984703,2693
9706.0,3832,0,0,0,4.703394086607763,2016.1291753653445,5111.398659830808,2692
9707.0,3832,0,1,1,4.685889162505947,2016.6570981210855,5111.367991108811,2712
9708.0,3831,0,0,1,4.664902977638291,2017.726964239102,5111.977644660705,2729
9709.0,3831,0,0,0,4.651050058592754,2018.293395980162,5112.785596686093,2743
9710.0,3830,0,0,1,4.628141235455585,2019.392950391645,5114.375713574479,2748
9711.0,3829,0,0,1,4.607548732005501,2020.4270044398015,5115.759206028348,2763
9712.0,3829,0,0,0,4.59752286475022,2020.9960825280752,5116.5718647217545,2779
9713.0,3828,0,0,1,4.58673171237424,2022.0849007314525,5117.314826700406,2785
9714.0,3828,0,0,0,4.582930525544578,2022.5916927899686,5118.128827555096,2789
9715.0,3828,0,0,0,4.574873377554625,2023.1394984326018,5118.943655016746,2801
9716.0,3828,0,0,0,4.564360066967773,2023.6489028213166,5119.759589093263,2801
9717.0,3826,0,0,2,4.548755257949011,2025.2111866178777,5120.656470508648,2803
9718.0,3825,0,0,1,4.5310955006189815,2026.3087581699347,5121.458453789685,2815
9719.0,3825,0,0,0,4.496868036906587,2026.9171241830065,5122.279126344268,2824
9720.0,3825,0,0,0,4.459801362097003,2027.5223529411765,5123.102129955555,2841
9721.0,3825,0,0,0,4.51140020741889,2026.3043137254901,5123.921250352359,2690
9722.0,3825,0,0,0,4.596169197533347,2025.7019607843138,5124.733844986074,2594
9723.0,3824,0,0,1,4.710387305291666,2025.930439330544,5125.629702271196,2521
9724.0,3824,0,0,0,4.8511392962835185,2025.6098326359834,5126.424048225217,2447
9725.0,3823,0,0,1,5.00983236599894,2025.9793356003138,5127.227027993809,2390
9726.0,3823,0,0,0,5.17284369383133,2025.9191734240126,5127.998947408196,2361
9727.0,3822,0,0,1,5.326573929160716,2026.5151753008895,5128.438895142496,2340
9728.0,3822,0,0,0,5.4664511568840695,2026.5319204604918,5129.1910147478775,2322
9729.0,3821,0,0,1,5.586285427930606,2027.0939544621826,5129.909672885145,2302
9730.0,3821,0,0,0,5.676132903839946,2027.095001308558,5130.647949146881,2274
9731.0,3821,0,0,0,5.744184754088976,2027.2057053127453,5131.3815628903385,2257
9732.0,3821,0,0,0,5.818215920831937,2027.2766291546716,5132.110674862296,2252
9733.0,3821,0,0,0,5.868395620203318,2027.479455639885,5132.837314615841,2245
9734.0,3821,0,0,0,5.932665282520493,2027.6262758440198,5133.559639849192,2231
9735.0,3820,0,0,1,5.977079948073641,2028.3086387434555,5134.180131693191,2224
9736.0,3819,0,0,1,6.00810748796035,2028.9434406912803,5135.055379344283,2217
9737.0,3818,0,0,1,6.031114330435495,2029.593504452593,5136.20128232032,2205
9738.0,3817,0,0,1,6.042325097240254,2030.3251244432802,5136.64307248822,2201
9739.0,3817,0,0,0,6.064572118452589,2030.4589992140425,5137.357242199056,2194
9740.0,3816,0,0,1,6.084213399783235,2031.0683962264152,5138.174499990428,2167
9741.0,3815,0,0,1,6.076569790737434,2031.8060288335519,5139.307470071791,2160
9742.0,3815,0,0,0,6.082735546418453,2032.0694626474442,5140.021285120595,2169
9743.0,3814,0,0,1,6.093227771829442,2032.7750393287886,5140.522209469614,2158
9744.0,3814,0,0,0,6.102082924801861,2032.977975878343,5141.234752773781,2157
9745.0,3814,0,0,0,6.10767973350215,2033.1111693759833,5141.947320265046,2151
9746.0,3814,0,0,0,6.108968517082065,2033.2496067121133,5142.659591270067,2150
9747.0,3815,0,1,0,6.113470242034635,2032.8912188728702,5142.023900341981,2149
9748.0,3814,0,0,1,6.11015011889187,2033.5595175668589,5142.861440782729,2145
9749.0,3814,0,0,0,6.096557211354929,2033.7545883586786,5143.575705674677,2145
9750.0,3814,0,0,0,6.087877955607433,2033.87441006817,5144.2914517245945,2151
9751.0,3813,0,0,1,6.062588512584221,2034.5725150799894,5145.156902200052,2151
9752.0,3813,0,0,0,6.049092460670344,2034.8463152373458,5145.875235212833,2163
9753.0,3812,0,0,1,6.021908120639522,2035.5878803777546,5146.267832512621,2162
9754.0,3810,0,0,2,5.992607680175731,2036.8107611548558,5147.67202156618,2165
9755.0,3810,0,0,0,5.984889754374327,2036.9535433070866,5148.395322404446,2159
9756.0,3810,0,1,1,5.96012241647062,2037.1758530183727,5147.669226914158,2171
9757.0,3809,0,0,1,5.944199086070215,2037.9359411919138,5149.011308735516,2180
9758.0,3809,0,0,0,5.925204249046978,2038.1281176161722,5149.738343083127,2185
9759.0,3809,0,0,0,5.894497515180851,2038.4909425045944,5150.467999417034,2200
9760.0,3808,0,0,1,5.853615439218834,2039.2878151260504,5150.958655983946,2209
9761.0,3808,0,0,0,5.810859650049059,2039.5955882352941,5151.694309007269,2225
9762.0,3808,0,0,0,5.778016715867078,2039.8841911764705,5152.431281609814,2232
9763.0,3809,0,1,0,5.733125664981818,2039.7119978997112,5151.818744064582,2255
9764.0,3809,0,0,0,5.696623570134154,2040.1144657390391,5152.561428917811,2276
9765.0,3807,0,0,2,5.6620523956230215,2041.5177304964539,5153.923440709515,2275
9766.0,3806,0,0,1,5.6393623893464015,2042.3851812926957,5154.906648056947,2286
9767.0,3806,0,0,0,5.620522330805507,2042.613767735155,5155.655838388115,2291
9768.0,3805,0,0,1,5.597211983750285,2043.475952693824,5157.008461874243,2304
9769.0,3803,0,0,2,5.554218448944144,2044.7070733631344,5158.435494676695,2299
9770.0,3804,0,1,0,5.518886435461544,2044.4815983175604,5157.833467117332,2302
9771.0,3805,0,1,0,5.489378084489833,2044.2215505913273,5157.233890747445,2303
9772.0,3805,0,1,1,5.456833127499729,2044.5537450722734,5156.09092604832,2325
9773.0,3805,0,1,1,5.422946676699036,2044.87752956636,5155.85892456265,2325
9774.0,3805,0,0,0,5.389987619915029,2045.2911957950066,5156.620614745494,2354
9775.0,3805,0,1,1,5.34990606101674,2045.6651773981603,5155.99437056743,2375
9776.0,3805,0,1,1,5.315904697226201,2046.0241787122209,5155.651283244137,2379
9777.0,3805,0,0,0,5.304271688656157,2046.4488830486202,5156.417947253145,2411
9778.0,3805,0,0,0,5.280494786460612,2046.8572930354796,5157.186409154912,2427
9779.0,3807,0,2,0,5.25667399928467,2046.1675860257421,5155.24635413139,2435
9780.0,3805,0,0,2,5.213320532338344,2047.6049934296977,5155.866398171801,2441
9781.0,3804,0,0,1,5.181972048234667,2048.555730809674,5157.134366037204,2461
9782.0,3805,0,2,1,5.159396193595457,2048.361366622865,5155.83664967385,2465
9783.0,3804,0,0,1,5.140167689945455,2049.3343848580444,5157.029445566267,2482
9784.0,3803,0,0,1,5.1169583426318965,2050.2739942150934,5158.553245119491,2487
9785.0,3805,0,2,0,5.112102924769371,2049.5963206307492,5156.621749076534,2507
9786.0,3804,0,0,1,5.0858496008728205,2050.5544164037856,5157.475101820366,2514
9787.0,3803,0,0,1,5.069773419290224,2051.544833026558,5158.972202067351,2530
9788.0,3803,0,1,1,5.034091196051493,2051.992374441231,5159.368393213986,2539
9789.0,3803,0,0,0,5.006279138536362,2052.481987904286,5160.154740277453,2556
9790.0,3803,0,0,0,4.976842895146406,2052.965290560084,5160.942685182629,2570
9791.0,3802,0,0,1,4.94618951984826,2054.0455023671752,5162.021341486336,2579
9792.0,3802,0,1,1,4.916097130632587,2054.5839032088375,5161.092825927389,2595
9793.0,3803,0,1,0,4.901719907468534,2054.597160136734,5160.529000294244,2603
9794.0,3803,0,0,0,4.8797796201293036,2055.1348935051274,5161.323907670744,2615
9795.0,3802,0,0,1,4.851515851217779,2056.1365071015257,5161.965534244003,2620
9796.0,3802,0,0,0,4.8255409360076635,2056.6920042083116,5162.764248365449,2638
9797.0,3802,0,0,0,4.800423871053083,2057.2651236191477,5163.5647091405735,2650
9798.0,3803,0,2,1,4.763023301423683,2057.2789902708387,5161.804601221123,2664
9799.0,3802,0,0,1,4.724858359522397,2058.3913729615992,5162.518847787382,2684
9800.0,3802,0,0,0,4.712575884464351,2058.9537085744346,5163.3255202089795,2691
9801.0,3802,0,0,0,4.694621484572625,2059.4692267227774,5164.134077833911,2698
9802.0,3802,0,0,0,4.679195508216381,2060.010257759074,5164.943269727302,2711
9803.0,3800,0,0,2,4.655444236574443,2061.6636842105263,5166.074879555198,2719
9804.0,3800,0,0,0,4.636364614055514,2062.1863157894736,5166.887273900639,2726
9805.0,3798,0,0,2,4.603434076147965,2063.8543970510796,5166.750161071459,2740
9806.0,3797,0,0,1,4.577259626954276,2064.9228338161706,5167.310318434388,2751
9807.0,3796,0,0,1,4.547137343501966,2066.051369863014,5168.22584424117,2768
9808.0,3793,0,0,3,4.5111326000740775,2068.2530978117584,5170.044532404653,2772
9809.0,3792,0,0,1,4.501553633552706,2069.2573839662446,5170.746363056328,2764
9810.0,3790,0,0,2,4.486661500220051,2070.8767810026384,5171.933534433603,2772
9811.0,3787,0,0,3,4.5436455558926125,2071.1943490889885,5172.997628654383,2624
9812.0,3787,0,0,0,4.643847036098029,2070.5590176921046,5173.808627458547,2544
9813.0,3786,0,0,1,4.764707052965525,2070.690702588484,5174.454216224678,2476
9814.0,3785,0,1,2,4.8964334829482725,2070.9997357992074,5174.156584541858,2435
9815.0,3785,0,0,0,5.045034685080802,2070.9252311756936,5174.93942315869,2403
9816.0,3785,0,0,0,5.194925511768644,2070.5265521796564,5175.711599664114,2355
9817.0,3786,0,1,0,5.346264554887922,2069.753037506603,5175.106036803701,2322
9818.0,3785,0,0,1,5.477101023666232,2070.153236459709,5175.427489546265,2303
9819.0,3785,0,0,0,5.569054947999299,2070.1558784676354,5176.173551560933,2282
9820.0,3785,0,0,0,5.65961188322031,2070.0174372523115,5176.913980488896,2269
9821.0,3785,0,1,1,5.724937175757926,2069.965389696169,5176.661177563594,2263
9822.0,3785,0,0,0,5.785989998066743,2069.834346103038,5177.39310414237,2241
9823.0,3785,0,1,1,5.819806498137516,2069.7595772787317,5177.425514860301,2228
9824.0,3785,0,0,0,5.851651195082884,2069.628797886394,5178.15269349565,2215
9825.0,3786,0,1,0,5.866982444648124,2069.1281035393554,5177.510411429608,2201
9826.0,3786,0,0,0,5.879643820392946,2069.058372952985,5178.234831982299,2189
9827.0,3786,0,0,0,5.897748270400235,2069.161648177496,5178.95824798217,2179
9828.0,3785,0,0,1,5.904050577457713,2069.6993394980186,5179.463101803155,2175
9829.0,3786,0,1,0,5.916621363074048,2069.156629688325,5178.8168305705685,2177
9830.0,3785,0,0,1,5.934723071928057,2069.7133421400263,5179.694555460388,2175
9831.0,3785,0,0,0,5.933873934050513,2069.7749009247027,5180.415440442207,2173
9832.0,3785,0,0,0,5.9248828420651805,2069.9373844121533,5181.13689040939,2165
9833.0,3784,0,0,1,5.901856470193823,2070.429704016913,5182.082099207576,2165
9834.0,3784,0,0,0,5.8901118579879705,2070.381871035941,5182.805962362803,2161
9835.0,3783,0,0,1,5.870622321003441,2070.836373248744,5183.736556396497,2156
9836.0,3784,0,1,0,5.870010151705073,2070.357558139535,5183.090936724741,2156
9837.0,3784,0,0,0,5.871449349563852,2070.2740486257926,5183.814973754863,2143
9838.0,3783,0,0,1,5.857881838592603,2070.8691514670895,5184.966260809644,2159
9839.0,3783,0,0,0,5.855528590710212,2071.022733280465,5185.691377366634,2152
9840.0,3783,0,0,0,5.856999886538609,2070.953740417658,5186.415993280554,2145
9841.0,3783,0,0,0,5.847870674923625,2070.9600845889504,5187.141667560194,2138
9842.0,3783,0,0,0,5.827809146111449,2070.9444885011894,5187.868387338775,2137
9843.0,3781,0,0,2,5.7994812011015355,2072.0129595345147,5188.757123556532,2141
9844.0,3782,0,1,0,5.777162087568258,2071.723426758329,5188.115477178988,2148
9845.0,3782,0,0,0,5.772522108449239,2071.7831835007933,5188.84677430383,2153
9846.0,3781,0,0,1,5.75610752894374,2072.335889976197,5190.0873964717175,2156
9847.0,3780,0,0,1,5.728017384206094,2073.0301587301587,5190.516169632279,2166
9848.0,3780,0,0,0,5.714959190671488,2073.0592592592593,5191.25171160927,2170
9849.0,3781,0,1,0,5.712100220831204,2072.5712774398307,5190.615679282686,2191
9850.0,3779,0,0,2,5.698068951720799,2073.7409367557557,5191.355899993801,2196
9851.0,3779,0,0,0,5.6830351644086186,2073.914263032548,5192.0963320628425,2212
9852.0,3778,0,0,1,5.646467169192633,2074.533350979354,5192.647467356901,2219
9853.0,3777,0,0,1,5.601740003692743,2075.3118877415936,5194.339257552124,2235
9854.0,3778,0,1,0,5.558423304907619,2074.873213340392,5193.71421637731,2246
9855.0,3776,0,0,2,5.505596626784258,2076.2076271186443,5194.572324739943,2260
9856.0,3776,0,0,0,5.470827039713385,2076.041843220339,5195.327839144642,2261
9857.0,3774,0,0,2,5.438782371638047,2077.338367779544,5197.17504840383,2276
9858.0,3774,0,0,0,5.407613405996392,2077.4825119236884,5197.934325629426,2291
9859.0,3773,0,0,1,5.382706282604606,2078.2525841505435,5199.484958547824,2308
9860.0,3770,0,0,3,5.350407663399751,2080.1180371352784,5200.629709271568,2317
9861.0,3771,0,1,0,5.337788679110775,2079.811986210554,5200.014641855154,2327
9862.0,3771,0,1,1,5.31826758845,2080.0570140546274,5199.144310720596,2337
9863.0,3768,0,0,3,5.2665111356999015,2081.972399150743,5201.462204638231,2356
9864.0,3767,0,0,1,5.2308724496319,2082.947969206265,5202.593533965564,2364
9865.0,3765,0,0,2,5.174700787084632,2084.323240371846,5203.636861862173,2389
9866.0,3764,0,1,2,5.131182233404038,2085.173219978746,5202.756087464385,2407
9867.0,3762,0,0,2,5.0961778919547704,2086.7134502923977,5203.6571567000055,2416
9868.0,3761,0,0,1,5.089572091665491,2087.7282637596386,5204.271744794079,2434
9869.0,3760,0,0,1,5.070905537559244,2088.8103723404256,5205.348259389884,2453
9870.0,3760,0,0,0,5.061705114798158,2089.296010638298,5206.1282280174555,2459
9871.0,3760,0,1,1,5.038553114819962,2089.7212765957447,5206.568246639741,2469
9872.0,3759,0,0,1,5.008768002324609,2090.737164139399,5207.230675696752,2482
9873.0,3758,0,0,1,4.976537900103142,2091.769824374667,5209.000203160918,2501
9874.0,3756,0,0,2,4.965584458483324,2093.3314696485622,5210.7156130393505,2508
9875.0,3756,0,0,0,4.951781311781808,2093.8232161874334,5211.503268240659,2519
9876.0,3757,0,1,0,4.92546887601867,2093.7828054298643,5210.905102525628,2532
9877.0,3755,0,0,2,4.903331983913056,2095.3944074567244,5212.494196864525,2541
9878.0,3756,0,1,0,4.885317747456461,2095.3383919062835,5211.898310561425,2542
9879.0,3755,0,0,1,4.853992149845081,2096.40292942743,5212.669825539532,2558
9880.0,3755,0,0,0,4.827620425462137,2096.919573901465,5213.46611038309,2571
9881.0,3755,0,0,0,4.805278676456354,2097.472969374168,5214.264220523053,2583
9882.0,3756,0,1,0,4.773625295956833,2097.461661341853,5213.675991666243,2609
9883.0,3756,0,0,0,4.767183085137732,2098.0561767838126,5214.476982703387,2631
9884.0,3755,0,0,1,4.7499861066334566,2099.168308921438,5215.398531662496,2644
9885.0,3754,0,0,1,4.720818005586223,2100.3090037293555,5215.912183098959,2653
9886.0,3753,0,1,2,4.693623242102378,2101.472954969358,5215.818608046884,2683
9887.0,3753,0,1,1,4.6680762248724035,2101.9973354649615,5215.893910131408,2686
9888.0,3753,0,0,0,4.643552364335098,2102.5158539834797,5216.702051251596,2695
9889.0,3752,0,0,1,4.621393798614938,2103.6369936034116,5216.992737488662,2703
9890.0,3751,0,0,1,4.5939048527575626,2104.781924820048,5217.81344936886,2720
9891.0,3750,0,0,1,4.582841001775809,2105.9402666666665,5218.575186202368,2734
9892.0,3750,0,0,0,4.571426559373076,2106.521333333333,5219.387349858317,2733
9893.0,3749,0,0,1,4.5293136024279255,2107.680181381702,5219.964588161443,2741
9894.0,3749,0,0,0,4.4973016192045225,2108.2301947185915,5220.781027703961,2748
9895.0,3748,0,0,1,4.447882374561707,2109.3271077908216,5222.457558551867,2751
9896.0,3748,0,0,0,4.416694678451445,2109.91462113127,5223.278386060045,2765
9897.0,3748,0,0,0,4.386634828609646,2110.5165421558163,5224.10070672021,2770
9898.0,3748,0,0,0,4.368516580536267,2111.112326574173,5224.924001633842,2782
9899.0,3748,0,0,0,4.337007239929466,2111.75613660619,5225.749944452714,2795
9900.0,3746,0,0,2,4.303127094485603,2113.4871863320877,5225.935979503057,2800
9901.0,3746,0,0,0,4.370577240752738,2112.4767752269086,5226.758563262991,2653
9902.0,3746,0,0,0,4.471989607012071,2111.9738387613456,5227.574613910551,2572
9903.0,3746,0,0,0,4.59865552739492,2111.679658302189,5228.382168217734,2505
9904.0,3744,0,0,2,4.7443023171190255,2112.496527777778,5229.311396579698,2433
9905.0,3743,0,0,1,4.890547033169482,2112.827678332888,5229.897352283393,2386
9906.0,3742,0,0,1,5.042034299648939,2113.380010689471,5231.005350308972,2356
9907.0,3741,0,0,1,5.176280779373377,2113.981288425555,5231.551916651929,2330
9908.0,3740,0,0,1,5.299332551438902,2114.637165775401,5232.884119881955,2297
9909.0,3739,0,0,1,5.403388414246445,2115.3177320139075,5233.5124563108275,2283
9910.0,3739,0,0,0,5.489232380576265,2115.408130516181,5234.262502601665,2261
9911.0,3739,0,0,0,5.5552196103806715,2115.515378443434,5235.008589546087,2245
9912.0,3739,0,0,0,5.603139631508737,2115.6434875635196,5235.751026466224,2228
9913.0,3739,0,0,0,5.643394080718008,2115.794330034769,5236.490801327728,2227
9914.0,3739,0,0,0,5.688725415128265,2115.972987429794,5237.227235028887,2217
9915.0,3739,0,0,0,5.725317997564982,2116.054292591602,5237.961338415725,2206
9916.0,3736,0,1,4,5.7540741252333385,2117.847698072805,5238.960498876259,2190
9917.0,3735,0,0,1,5.776885082313544,2118.518340026774,5240.728066914716,2172
9918.0,3734,0,0,1,5.791147937390702,2119.2734333154795,5242.233088716257,2167
9919.0,3733,0,0,1,5.778531181136626,2120.0316099651754,5243.244544419958,2172
9920.0,3732,0,0,1,5.76646005213408,2120.7668810289388,5244.000324639306,2166
9921.0,3732,0,0,0,5.780841213538145,2120.9959807073956,5244.729594865641,2164
9922.0,3732,0,0,0,5.80858656438221,2121.133172561629,5245.456727153889,2154
9923.0,3732,0,0,0,5.807613520764254,2121.2998392282957,5246.184051118164,2155
9924.0,3732,0,0,0,5.800073274399506,2121.4381028938906,5246.912028663585,2142
9925.0,3730,0,0,2,5.8021168324995545,2122.716621983914,5248.829735601712,2133
9926.0,3729,0,0,1,5.79402394728714,2123.469831053902,5249.825511861971,2136
9927.0,3727,0,0,2,5.789556744949342,2124.72176012879,5250.812884223826,2123
9928.0,3725,0,0,2,5.7748999563747,2126.0942281879193,5252.388854793533,2146
9929.0,3724,0,1,2,5.753919275435956,2126.847744360902,5251.913835815232,2136
9930.0,3723,0,0,1,5.728552073674524,2127.6508192318024,5252.746627103855,2133
9931.0,3722,0,0,1,5.713476759908347,2128.424771628157,5253.356022000346,2129
9932.0,3721,0,0,1,5.68529806014834,2129.245901639344,5254.915210408609,2133
9933.0,3721,0,0,0,5.657343294572096,2129.4987906476754,5255.651624442819,2141
9934.0,3720,0,0,1,5.639678403511584,2130.2271505376343,5256.2361991994185,2142
9935.0,3718,0,0,2,5.601608522747874,2131.5710059171597,5257.59118091638,2146
9936.0,3718,0,1,1,5.578562800434796,2131.8009682625066,5257.69029985119,2157
9937.0,3718,0,0,0,5.570880967333144,2132.032275416891,5258.432988028654,2173
9938.0,3716,0,0,2,5.541293017227988,2133.4763186221744,5259.968383717472,2173
9939.0,3716,0,0,0,5.511421636394589,2133.751345532831,5260.714312490592,2183
9940.0,3714,0,0,2,5.490210629827259,2135.1774367259018,5261.33146250843,2179
9941.0,3714,0,0,0,5.471804992132711,2135.5172320947763,5262.080365594157,2198
9942.0,3713,0,1,2,5.4265393492617315,2136.430918394829,5261.594118081297,2212
9943.0,3712,0,0,1,5.381846598034056,2137.380118534483,5262.276631320507,2237
9944.0,3712,0,0,0,5.343339934030225,2137.7672413793102,5263.033985511708,2264
9945.0,3710,0,0,2,5.283664912162616,2139.26576819407,5264.219746812196,2275
9946.0,3708,0,0,2,5.2468732066771935,2140.7313915857603,5265.103821431147,2281
9947.0,3707,0,0,1,5.213378952442795,2141.5972484488807,5265.627556049355,2284
9948.0,3706,0,0,1,5.206345530365528,2142.5269832703725,5267.347884525777,2290
9949.0,3705,0,0,1,5.18288099304671,2143.3902834008095,5268.464546229509,2301
9950.0,3704,0,0,1,5.169429012259396,2144.2343412527,5269.6412314185345,2315
9951.0,3703,0,2,3,5.140474231015667,2145.1061301647314,5268.175036240383,2323
9952.0,3703,0,1,1,5.1348177846521335,2145.441803942749,5268.059209927052,2343
9953.0,3702,0,0,1,5.119077599376852,2146.3673689897355,5268.974861931971,2342
9954.0,3702,0,1,1,5.108125736315847,2146.680713128039,5268.995475918001,2353
9955.0,3700,0,0,2,5.087523383286834,2148.186756756757,5269.86963028505,2368
9956.0,3703,0,3,0,5.071852297625732,2146.7966513637593,5266.375208443707,2372
9957.0,3703,0,0,0,5.042076631445064,2147.157980016203,5267.152830282599,2398
9958.0,3704,0,1,0,5.013596922080913,2146.9576133909286,5266.509822162243,2401
9959.0,3704,0,1,1,4.964203009658802,2147.423326133909,5265.247103032011,2424
9960.0,3706,0,2,0,4.919354726252364,2146.702374527793,5263.189858710539,2444
9961.0,3706,0,0,0,4.899680717579658,2147.119266055046,5263.976198969815,2453
9962.0,3706,0,0,0,4.8711715845973576,2147.501888828926,5264.764317551257,2475
9963.0,3709,0,3,0,4.851614674911547,2146.1970881639254,5261.295358146328,2498
9964.0,3709,0,1,1,4.827857776758695,2146.588837961715,5260.97038329369,2508
9965.0,3709,0,1,1,4.8093842915898515,2146.995686168779,5260.528232477872,2511
9966.0,3710,0,1,0,4.7814120026859905,2146.8609164420486,5259.904363147033,2528
9967.0,3709,0,0,1,4.765497887560907,2147.8579131841466,5260.558072873662,2547
9968.0,3709,0,1,1,4.746121324364946,2148.3542733890536,5259.7887247144245,2555
9969.0,3709,0,0,0,4.725472860500679,2148.842814774872,5260.588097870631,2573
9970.0,3710,0,1,0,4.701475132781247,2148.690026954178,5259.97158146851,2572
9971.0,3711,0,1,0,4.668298698880963,2148.5947184047427,5259.357506898405,2599
9972.0,3712,0,1,0,4.641080585745281,2148.5382543103447,5258.74612294223,2605
9973.0,3712,0,0,0,4.617654521146067,2149.1080280172414,5259.5540081938225,2619
9974.0,3711,0,0,1,4.587633183025996,2150.2848288870923,5261.236024385909,2633
9975.0,3711,0,0,0,4.576628204307218,2150.859876044193,5262.047388315609,2651
9976.0,3712,0,1,0,4.5513666594987265,2150.8518318965516,5261.443161617422,2668
9977.0,3713,0,1,0,4.531081652285835,2150.865607325613,5260.84093023647,2682
9978.0,3713,0,1,1,4.504350330655872,2151.4082951791006,5260.329138002977,2697
9979.0,3713,0,0,0,4.482450261785645,2151.9493670886077,5261.146677704575,2715
9980.0,3713,0,0,0,4.466568475625799,2152.4917856180987,5261.965689265779,2731
9981.0,3713,0,0,0,4.453468725462192,2152.9288984648533,5262.78526071452,2729
9982.0,3711,0,0,2,4.431084927059269,2154.58016707087,5263.307951170583,2742
9983.0,3710,0,0,1,4.413041000079126,2155.652291105121,5264.10349652716,2744
9984.0,3710,0,0,0,4.40884887836864,2156.1857142857143,5264.926387999272,2759
9985.0,3710,0,1,1,4.381145019225991,2156.726145552561,5264.699363639859,2758
9986.0,3709,0,0,1,4.352922794992146,2157.9600970612023,5265.710243307901,2773
9987.0,3709,0,0,0,4.335353041738393,2158.5292531679697,5266.537696101302,2778
9988.0,3709,0,1,1,4.314930936819137,2159.1504448638448,5265.915982305745,2787
9989.0,3709,0,0,0,4.297179539278711,2159.76570504179,5266.744750475707,2801
9990.0,3709,0,0,0,4.2846506480083315,2160.3944459423024,5267.574587652398,2803
9991.0,3709,0,0,0,4.346370261197446,2159.3332434618496,5268.3992462678525,2671
9992.0,3709,0,0,0,4.445948406325542,2158.793744944729,5269.216769028376,2585
9993.0,3709,0,0,0,4.568928861698115,2158.48881100027,5270.025857850638,2528
9994.0,3708,0,0,1,4.698470682311996,2158.8163430420714,5271.537343780635,2481
9995.0,3708,0,0,0,4.848371514428917,2158.830906148867,5272.326993403755,2444
9996.0,3708,0,0,0,4.985720283609232,2158.893743257821,5273.107155617694,2410
9997.0,3708,0,0,0,5.101030642238952,2158.990830636462,5273.879129303638,2382
9998.0,3708,0,0,0,5.206794882155156,2159.0458468176917,5274.643422040582,2360
9999.0,3706,0,0,2,5.292631187223891,2160.2593092282787,5276.0029311041935,2337
10000.0,3705,0,0,1,5.3608042723640414,2161.000539811066,5277.058154234325,2325
10001.0,3705,0,0,0,5.4193210969730625,2161.077732793522,5277.807741354686,2315
10002.0,3705,0,0,0,5.446682447567472,2161.1665317139,5278.554798186163,2299
10003.0,3705,0,0,0,5.489845327351753,2161.114979757085,5279.298143933703,2276
10004.0,3705,0,0,0,5.5344027637171775,2161.165991902834,5280.03860453997,2264
10005.0,3704,0,0,1,5.561958471127083,2161.82343412527,5281.419593165491,2258
10006.0,3703,0,0,1,5.5651542872790944,2162.4917634350527,5282.602002971099,2251
10007.0,3703,0,0,0,5.588041961392319,2162.6111261139617,5283.337321963414,2235
10008.0,3703,0,0,0,5.58964382595308,2162.6446124763706,5284.072238556378,2220
10009.0,3702,0,0,1,5.602652463931761,2163.35359265262,5284.712227533784,2214
10010.0,3702,0,0,0,5.6210229196849895,2163.4786601836845,5285.445088274633,2210
10011.0,3701,0,0,1,5.6130783033098055,2164.1885976763037,5286.072621003016,2212
10012.0,3700,0,0,1,5.6112667898993305,2164.9643243243245,5286.444275967793,2205
10013.0,3699,0,0,1,5.599277821497315,2165.662881859962,5287.190535272072,2206
10014.0,3699,0,0,0,5.587662679091519,2165.773452284401,5287.924894264685,2191
10015.0,3697,0,0,2,5.5511755532660985,2167.030294833649,5289.532432038648,2188
10016.0,3697,0,0,0,5.534431893525921,2167.0900730321882,5290.269022724354,2189
10017.0,3696,0,0,1,5.518868722782146,2167.8273809523807,5291.91212461727,2190
10018.0,3695,0,0,1,5.501270884223032,2168.5050067659,5293.120213575634,2191
10019.0,3695,0,0,0,5.491412877876874,2168.6327469553453,5293.858344601665,2183
10020.0,3693,0,0,2,5.474231121998399,2170.014080693203,5294.604100246275,2192
10021.0,3691,0,0,2,5.454842417471195,2171.29287455974,5296.464230923953,2193
10022.0,3689,0,0,2,5.425584947846285,2172.650040661426,5296.589952019116,2201
10023.0,3689,0,0,0,5.40428024754959,2172.756031444836,5297.332817434514,2204
10024.0,3686,0,0,3,5.370098528606059,2174.692349430277,5298.552759603389,2200
10025.0,3684,0,0,2,5.33693057127873,2176.072747014115,5299.651049621234,2212
10026.0,3684,0,0,0,5.321759791506114,2176.223398479913,5300.39870770886,2210
10027.0,3680,0,0,4,5.274356155452873,2178.71222826087,5302.494010928239,2209
10028.0,3679,0,0,1,5.248100547857088,2179.497961402555,5304.274602469797,2218
10029.0,3678,0,0,1,5.235911923787067,2180.2406199021207,5306.043922556142,2220
10030.0,3677,0,0,1,5.1940781599191155,2181.0258362795757,5307.834171959753,2224
10031.0,3676,0,0,1,5.1482411317143395,2181.8824809575626,5308.929069694319,2229
10032.0,3675,0,0,1,5.105758497834175,2182.8576870748298,5309.495318494809,2250
10033.0,3674,0,0,1,5.076394485378645,2183.7433315187805,5310.593662053449,2249
10034.0,3672,0,0,2,5.0256747031550235,2185.2007080610024,5311.004277830182,2262
10035.0,3671,0,0,1,4.99310037821055,2186.056387905203,5312.114284846348,2270
10036.0,3670,0,0,1,4.9655304721450975,2186.8261580381472,5312.416426052641,2266
10037.0,3668,0,0,2,4.937686289832923,2188.247546346783,5313.533687348439,2271
10038.0,3667,0,0,1,4.928918219553522,2189.0379056449415,5314.276291680465,2269
10039.0,3667,0,0,0,4.924207982114647,2189.300518134715,5315.051043629202,2271
10040.0,3667,0,0,0,4.913021102605859,2189.5317698391054,5315.827077423371,2277
10041.0,3668,0,1,0,4.903663067705835,2189.2453653217012,5315.154613891213,2287
10042.0,3668,0,0,0,4.904831156222636,2189.5384405670666,5315.9322247428445,2301
10043.0,3669,0,1,0,4.902307661914134,2189.222949032434,5315.261493611477,2310
10044.0,3668,0,0,1,4.8954105767756575,2190.136859323882,5316.186119301846,2336
10045.0,3667,0,0,1,4.889184008954003,2191.1229888191983,5317.177647962911,2342
10046.0,3664,0,0,3,4.870030728841038,2193.3149563318775,5318.802389505598,2371
10047.0,3665,0,1,0,4.856289716447566,2193.0774897680762,5318.134384103494,2378
10048.0,3664,0,0,1,4.83657068139341,2194.083788209607,5318.922512071788,2397
10049.0,3663,0,0,1,4.822483835494779,2195.073983073983,5320.5922249805935,2409
10050.0,3663,0,1,1,4.813037971225688,2195.4954954954956,5319.384833850771,2423
10051.0,3663,0,0,0,4.808360173372988,2195.900081900082,5320.1727762739,2434
10052.0,3663,0,0,0,4.803716090032735,2196.2934752934752,5320.961150321603,2441
10053.0,3663,0,1,1,4.777391620557934,2196.755937755938,5320.560283318809,2449
10054.0,3661,0,0,2,4.7563227651532145,2198.4078120732042,5322.1135261888185,2453
10055.0,3662,0,1,0,4.737933479276569,2198.209721463681,5321.453505073457,2471
10056.0,3662,0,1,1,4.722018027172203,2198.593664664118,5320.829984469794,2471
10057.0,3661,0,0,1,4.691185345365487,2199.6266047527997,5321.932247110902,2487
10058.0,3661,0,0,0,4.6650161721032655,2200.0254028953836,5322.7307142946,2492
10059.0,3661,0,0,0,4.650135898666539,2200.454247473368,5323.529921686943,2496
10060.0,3662,0,1,0,4.62953002421145,2200.2894593118513,5322.877098709088,2507
10061.0,3662,0,0,0,4.626637740896047,2200.770344074276,5323.679095069911,2516
10062.0,3663,0,1,0,4.611519300832358,2200.7160797160795,5323.029438696701,2527
10063.0,3663,0,0,0,4.591933498559134,2201.230958230958,5323.834534766816,2545
10064.0,3663,0,0,0,4.567812952169445,2201.774501774502,5324.641537796407,2560
10065.0,3661,0,0,2,4.547211339452112,2203.481562414641,5326.61988260716,2565
10066.0,3661,0,0,0,4.540765702937024,2204.02403714832,5327.428767775461,2572
10067.0,3661,0,0,0,4.526570060320808,2204.6126741327507,5328.239093706085,2587
10068.0,3662,0,1,0,4.5017207770770264,2204.5488803932276,5327.596198856556,2601
10069.0,3662,0,0,0,4.4933161771220025,2205.089295466958,5328.409377984933,2603
10070.0,3663,0,1,0,4.479421272655744,2205.068796068796,5327.768849968243,2623
10071.0,3663,0,0,0,4.455015626046131,2205.6612066612065,5328.5853096707815,2635
10072.0,3663,0,0,0,4.4296936493874215,2206.197106197106,5329.40334070617,2642
10073.0,3662,0,0,1,4.41010338679672,2207.3782086291644,5329.92659609313,2652
10074.0,3662,0,0,0,4.387143636841615,2208.0150191152375,5330.747061522324,2672
10075.0,3663,0,1,0,4.354340578911609,2208.030849030849,5330.113890538085,2680
10076.0,3663,0,0,0,4.333591974831446,2208.5787605787605,5330.937469302053,2683
10077.0,3662,0,0,1,4.3085129109620866,2209.7872747132715,5331.8702538327325,2693
10078.0,3661,0,0,1,4.284248599039473,2211.002731494127,5332.805811632971,2712
10079.0,3661,0,0,0,4.252494917577251,2211.609942638623,5333.634535985189,2721
10080.0,3660,0,0,1,4.222927541596452,2212.8431693989073,5334.431549741544,2744
10081.0,3660,0,0,0,4.278455562502836,2211.6898907103823,5335.258092272477,2614
10082.0,3659,0,0,1,4.37249568540748,2211.6646624760865,5336.1149839405325,2529
10083.0,3658,0,0,1,4.47634767609228,2211.908966648442,5336.6327623791285,2474
10084.0,3658,0,0,0,4.6086783651375915,2211.8160196828867,5337.435225549988,2430
10085.0,3657,0,0,1,4.74235894652947,2212.184850970741,5338.763122501952,2403
10086.0,3657,0,0,0,4.884383303595639,2212.0535958435876,5339.546518214252,2364
10087.0,3656,0,0,1,5.018742384525123,2212.6189824945295,5340.481825159941,2340
10088.0,3656,0,0,0,5.131448018891083,2212.59272428884,5341.248157145971,2307
10089.0,3654,0,0,2,5.224068224222055,2213.775588396278,5344.162500172111,2288
10090.0,3654,0,0,0,5.287821381572017,2213.814997263273,5344.917979161406,2275
10091.0,3654,0,0,0,5.349685317916396,2213.8032293377123,5345.669644815367,2268
10092.0,3654,0,0,0,5.3990955537942344,2213.7991242474,5346.418257743485,2253
10093.0,3654,0,0,0,5.440540664114267,2213.8656267104543,5347.163356842395,2242
10094.0,3654,0,0,0,5.483158023355782,2213.9129720853857,5347.906080577069,2234
10095.0,3654,0,0,0,5.522581987478607,2213.8809523809523,5348.645630497472,2230
10096.0,3654,0,0,0,5.552956399781806,2213.756704980843,5349.383034118439,2213
10097.0,3654,0,0,0,5.579739189586058,2213.6642036124795,5350.118958469954,2202
10098.0,3653,0,0,1,5.602794525361668,2214.4174650971804,5351.104368286617,2202
10099.0,3653,0,0,0,5.628383925791468,2214.3476594579797,5351.836906311768,2188
10100.0,3653,0,0,0,5.657096374298946,2214.406788940597,5352.567698066542,2176
10101.0,3652,0,0,1,5.684259770230348,2215.0167031763417,5353.064157372041,2170
10102.0,3652,0,0,0,5.70491636621832,2215.077491785323,5353.791630417963,2159
10103.0,3652,0,0,0,5.715468861942453,2215.1892113910185,5354.518211632883,2156
10104.0,3651,0,0,1,5.7189748193872445,2215.8704464530265,5355.449618961134,2140
10105.0,3650,0,0,1,5.716125317414747,2216.619726027397,5356.48212562833,2139
10106.0,3649,0,0,1,5.715121710946432,2217.3428336530555,5357.3934760981265,2134
10107.0,3648,0,0,1,5.716248698265191,2218.138980263158,5358.057055903225,2127
10108.0,3648,0,0,0,5.7176307918945195,2218.3204495614036,5358.78399932462,2122
10109.0,3648,0,1,1,5.700126442118687,2218.6165021929824,5358.017406172261,2131
10110.0,3646,0,0,2,5.69284592870254,2220.101206801975,5358.657863082904,2125
10111.0,3645,0,0,1,5.685860441762407,2220.9108367626886,5359.344149400512,2121
10112.0,3644,0,0,1,5.661679978287047,2221.7807354555434,5360.397898228408,2123
10113.0,3643,0,0,1,5.649414629908677,2222.6255833104583,5361.889495077168,2115
10114.0,3642,0,1,2,5.624487768134462,2223.287753981329,5362.575367321505,2112
10115.0,3641,0,0,1,5.5838925230236764,2224.1354023619883,5363.257063648761,2121
10116.0,3640,0,0,1,5.565566981635188,2224.9546703296705,5363.867974024143,2120
10117.0,3638,0,0,2,5.539415428117984,2226.330401319406,5365.34907780578,2124
10118.0,3637,0,0,1,5.504800041509843,2227.279901017322,5366.512322550835,2128
10119.0,3637,0,1,1,5.4726435670017075,2227.5708001099806,5366.766482840364,2143
10120.0,3636,0,0,1,5.445520394698494,2228.492299229923,5368.582663313396,2158
10121.0,3634,0,0,2,5.42162030190971,2229.9562465602644,5369.762398599803,2163
10122.0,3632,0,0,2,5.374207435275144,2231.49531938326,5370.635745304805,2178
10123.0,3632,0,0,0,5.333137806845991,2231.79763215859,5371.387093591948,2188
10124.0,3631,0,0,1,5.293634228392652,2232.759019553842,5373.216120574708,2205
10125.0,3632,0,1,0,5.246815158904226,2232.5396475770926,5372.493932413515,2218
10126.0,3630,0,0,2,5.192279433936421,2234.077685950413,5373.302876318175,2224
10127.0,3630,0,0,0,5.1482627944835055,2234.387603305785,5374.066600279374,2225
10128.0,3629,0,0,1,5.092314355429029,2235.4155414714796,5374.681782847412,2247
10129.0,3627,0,0,2,5.030367892488014,2236.951199338296,5375.5606149193245,2259
10130.0,3626,0,0,1,4.987661216245229,2237.8938223938226,5376.791208958999,2272
10131.0,3626,0,1,1,4.954121716843709,2238.288196359625,5376.162072054229,2288
10132.0,3626,0,0,0,4.935120934280795,2238.6916712631,5376.938002764084,2310
10133.0,3625,0,1,2,4.876655135952762,2239.704551724138,5376.114836048289,2320
10134.0,3625,0,1,1,4.845664466185895,2240.1404137931036,5375.339102441111,2334
10135.0,3624,0,0,1,4.816825683514999,2241.1721854304637,5376.9500144774165,2349
10136.0,3624,0,0,0,4.773562522080031,2241.5496688741723,5377.7356426823335,2367
10137.0,3621,0,0,3,4.706723112043852,2243.8456227561446,5378.930838391689,2392
10138.0,3621,0,1,1,4.693887665351373,2244.2305992819665,5378.637165212284,2401
10139.0,3619,0,0,2,4.658035915774711,2245.9953025697705,5379.228751683512,2436
10140.0,3620,0,2,1,4.629077054948662,2245.8732044198896,5377.384102250571,2449
10141.0,3620,0,0,0,4.613762422560868,2246.358563535912,5378.181811790098,2466
10142.0,3621,0,1,0,4.5941941102599975,2246.2038111019056,5377.496082112869,2486
10143.0,3620,0,0,1,4.56974999747004,2247.214640883978,5378.341886059212,2502
10144.0,3621,0,1,0,4.550553701024003,2246.831814415907,5377.659932367616,2516
10145.0,3621,0,0,0,4.546348575511712,2247.158243579122,5378.464036679737,2528
10146.0,3623,0,2,0,4.539950504118422,2246.30251173061,5376.299642120139,2546
10147.0,3622,0,0,1,4.513317523468937,2247.2493097736055,5377.544177921616,2553
10148.0,3621,0,1,2,4.490883536647302,2248.1728804197737,5377.7485308380965,2567
10149.0,3622,0,1,0,4.462398713682792,2247.8547763666484,5377.07385620537,2575
10150.0,3622,0,1,1,4.432472391749346,2248.1435670900055,5376.415165479439,2590
10151.0,3621,0,0,1,4.408893561800012,2249.1041148853906,5377.3016066598,2602
10152.0,3620,0,0,1,4.385190763593644,2250.1055248618786,5378.324818918077,2614
10153.0,3620,0,1,1,4.364792466354459,2250.5378453038675,5377.429582047434,2628
10154.0,3619,0,0,1,4.327344229086621,2251.592428847748,5377.543674996369,2642
10155.0,3621,0,2,0,4.318480295440168,2250.7591825462578,5375.394351329493,2645
10156.0,3621,0,0,0,4.304770126130388,2251.313173156587,5376.216274870147,2657
10157.0,3622,0,1,0,4.3030462252857955,2251.0618442849254,5375.554916536352,2659
10158.0,3622,0,0,0,4.29090766692336,2251.429320817228,5376.378720220507,2665
10159.0,3623,0,1,0,4.282359229657024,2251.272150151808,5375.719858282836,2681
10160.0,3622,0,0,1,4.2587381203260515,2252.398674765323,5376.5293128149615,2708
10161.0,3622,0,1,1,4.24470106609306,2252.788790723357,5376.162697413544,2701
10162.0,3621,0,1,2,4.233575610060307,2253.9627174813586,5375.883197963186,2708
10163.0,3621,0,0,0,4.2325809144446245,2254.3827671913837,5376.712159810883,2713
10164.0,3620,0,0,1,4.217846754441706,2255.4334254143646,5377.356799122984,2716
10165.0,3618,0,0,2,4.201402071149603,2257.2548369264787,5378.643339496841,2725
10166.0,3619,0,1,0,4.1924320275710025,2257.2113843603206,5377.988506035217,2734
10167.0,3617,0,0,2,4.185048898647481,2258.997511750069,5379.991847016324,2744
10168.0,3616,0,0,1,4.177091808996864,2260.1858407079644,5380.734986101031,2749
10169.0,3616,0,0,0,4.165873855157609,2260.775719026549,5381.569038046415,2753
10170.0,3615,0,0,1,4.154105333006837,2261.978146611342,5382.457109968204,2757
10171.0,3614,0,0,1,4.2147077360003795,2261.6773657996678,5383.230681798723,2642
10172.0,3614,0,0,0,4.315747346236397,2261.0118981737687,5384.054365032682,2544
10173.0,3613,0,0,1,4.439808673613768,2261.418212012178,5384.862367429295,2490
10174.0,3613,0,0,0,4.588296350516372,2261.302795460836,5385.667377603262,2437
10175.0,3611,0,0,2,4.732894532605093,2262.45527554694,5388.266429866179,2399
10176.0,3611,0,0,0,4.893703111046977,2262.409581833287,5389.051131646121,2366
10177.0,3611,0,0,0,5.03562289369435,2262.3893658266406,5389.826478989266,2338
10178.0,3611,0,0,0,5.1517437310933945,2262.4937690390475,5390.594017925715,2309
10179.0,3611,0,0,0,5.2424828679512405,2262.5178620880642,5391.355906304031,2283
10180.0,3610,0,0,1,5.326689605105325,2263.4116343490305,5392.6627688801755,2278
10181.0,3610,0,0,0,5.402763937401877,2263.58891966759,5393.414573336792,2260
10182.0,3609,0,0,1,5.46349279120206,2264.3895816015515,5393.6226516665665,2240
10183.0,3609,0,0,0,5.516759621978832,2264.5840953172624,5394.3669231334825,2226
10184.0,3608,0,0,1,5.563164132821031,2265.0243902439024,5395.359649280028,2185
10185.0,3607,0,0,1,5.622215349355142,2265.749098974217,5396.1572876103555,2168
10186.0,3605,0,0,2,5.651069015877725,2267.1794729542303,5397.62193088433,2163
10187.0,3604,0,0,1,5.669172154426796,2267.943951165372,5398.517518518009,2157
10188.0,3604,0,0,0,5.69986670337684,2268.1456714761375,5399.247447642291,2145
10189.0,3603,0,0,1,5.703470279317948,2268.925617540938,5400.0318852208975,2144
10190.0,3602,0,0,1,5.71869800683381,2269.7956690727374,5400.86689265044,2141
10191.0,3602,0,0,0,5.750691423701892,2270.0544142143253,5401.59360128854,2137
10192.0,3602,0,0,0,5.767103079758136,2270.3173237090505,5402.319872537009,2132
10193.0,3602,0,0,0,5.779496070866981,2270.578012215436,5403.045127935917,2122
10194.0,3602,0,0,0,5.789560467738405,2270.750138811771,5403.769392426717,2117
10195.0,3602,0,0,0,5.79901569834807,2270.9641865630206,5404.493375454737,2117
10196.0,3601,0,0,1,5.793319179822302,2271.770896973063,5405.2153966697915,2123
10197.0,3602,0,1,0,5.786767093581458,2271.394503053859,5404.438161326482,2132
10198.0,3600,0,0,2,5.767773193874278,2272.875,5405.705328874931,2131
10199.0,3599,0,0,1,5.74648703836847,2273.8188385662684,5406.808974222258,2147
10200.0,3597,0,0,2,5.733156365014991,2275.3361134278566,5407.676373517264,2155
10201.0,3597,0,0,0,5.718908470824401,2275.5540728384767,5408.404075726804,2161
10202.0,3595,0,0,2,5.703858377254742,2262.041168289291,5409.11203955732,2147
10203.0,3596,0,1,0,5.8379570629963595,1590.190489432703,5408.33301263296,1884
10204.0,3593,0,0,3,6.035746663142417,1241.750904536599,5411.000770712188,1729
10205.0,3593,0,0,0,6.1869763453117335,1082.3047592541052,5411.715980645678,1662
10206.0,3592,0,0,1,6.342325012965048,918.272271714922,5411.785387132296,1607
10207.0,3591,0,0,1,6.485223745053668,859.0336953494848,5412.518253686132,1574
10208.0,3590,0,1,2,6.631642315336521,692.5161559888579,5413.358111979926,1509
10209.0,3590,0,0,0,6.783301110039915,671.1807799442897,5414.057191954681,1514
10210.0,3589,0,0,1,6.878092108889435,664.190025076623,5415.031360689501,1513
10211.0,3588,0,0,1,6.940787462594791,657.2820512820513,5416.275967962649,1519
10212.0,3587,0,0,1,6.954153418744095,652.587956509618,5416.662424437751,1522
10213.0,3586,0,0,1,6.946140277990545,650.3463469046291,5417.077120770155,1522
10214.0,3585,0,1,2,6.930642091374405,645.6387726638773,5416.659804970026,1515
10215.0,3584,0,0,1,6.91874853475517,640.986328125,5417.492997086317,1531
10216.0,3583,0,0,1,6.910036798881716,636.3357521629919,5418.166250178584,1542
10217.0,3583,0,0,0,6.9351462924267,634.0485626569913,5418.874359945117,1570
10218.0,3580,0,0,3,6.950981628852919,629.7550279329608,5420.977890852634,1580
10219.0,3579,0,0,1,6.992576428351123,625.1450125733445,5422.17761079482,1597
10220.0,3578,0,0,1,7.025708734062235,620.4958077138066,5423.124256647745,1615
10221.0,3578,0,0,0,7.044685760847316,618.2045835662382,5423.834324800247,1624
10222.0,3576,0,1,3,7.061918915169785,616.204418344519,5422.983242326371,1644
10223.0,3578,0,2,0,7.086018862359149,613.6089994410285,5420.662750191865,1665
10224.0,3578,0,0,0,7.101877661808852,611.3896031302404,5421.375257581097,1691
10225.0,3578,0,0,0,7.115319698731251,611.6310788149805,5422.088582548914,1703
10226.0,3578,0,0,0,7.11863078586686,609.3499161542761,5422.803344185312,1712
10227.0,3577,0,0,1,7.107530151257515,607.2910259994409,5423.436352452052,1731
10228.0,3578,0,1,0,7.114083213470729,604.8661263275573,5422.637377095109,1745
10229.0,3577,0,0,1,7.106541322347326,602.7542633491753,5424.4781783758535,1751
10230.0,3577,0,0,0,7.1264652115137075,600.5012580374615,5425.196666245693,1766
10231.0,3577,0,0,0,7.118921548521767,598.2423818842606,5425.916370170366,1779
10232.0,3575,0,0,2,7.099155859192253,598.8735664335665,5427.08322739655,1792
10233.0,3575,0,0,0,7.082582875397384,596.6195804195804,5427.806082515764,1799
10234.0,3573,0,0,2,7.058273870275522,594.705289672544,5429.537324308595,1814
10235.0,3572,0,0,1,7.069048444336584,592.6326987681971,5429.958799645926,1815
10236.0,3573,0,1,0,7.07004115626723,590.2885530366639,5429.164642142336,1827
10237.0,3574,0,1,0,7.09188017681904,587.8407946278679,5428.371170305363,1811
10238.0,3574,0,0,0,7.113022528666489,585.5872971460549,5429.09606751297,1824
10239.0,3574,0,0,0,7.126941136581592,580.905428091774,5429.821117429529,1831
10240.0,3573,0,0,1,7.117095140673986,576.4066610691295,5431.149857923982,1831
10241.0,3572,0,0,1,7.114290187564893,571.8594624860023,5431.6051935505475,1840
10242.0,3570,0,0,2,7.12261475562639,567.5422969187675,5432.885274314098,1849
10243.0,3571,0,1,0,7.12190219307817,562.7465695883506,5432.090764453037,1851
10244.0,3570,0,0,1,7.118660790532837,558.2935574229692,5433.917208317846,1868
10245.0,3569,0,0,1,7.127160199571711,553.8442140655645,5434.914408975118,1875
10246.0,3569,0,0,0,7.128283371253792,551.6999159428411,5435.643657835156,1881
10247.0,3567,0,0,2,7.127171458185452,549.8270255116345,5437.818333279772,1880
10248.0,3566,0,0,1,7.122627728171173,547.8356702187325,5439.542935977889,1869
10249.0,3565,0,0,1,7.125105129090513,545.8549789621318,5440.771668511341,1876
10250.0,3566,0,1,0,7.122086629906306,543.5572069545709,5439.977526928936,1886
10251.0,3566,0,0,0,7.118330861910907,543.8446438586652,5440.710355080948,1895
10252.0,3565,0,0,1,7.11412565795735,541.8950911640953,5441.63616807123,1899
10253.0,3564,0,0,1,7.13193450676568,542.3257575757576,5442.385157298757,1898
10254.0,3563,0,0,1,7.147415712692444,542.820937412293,5443.314955657597,1908
10255.0,3562,0,0,1,7.147110951445765,543.3495227400336,5444.2714523585655,1913
10256.0,3561,0,0,1,7.132131015471815,543.7657961246841,5444.187230827059,1909
10257.0,3559,0,0,2,7.120719609487814,544.3703287440292,5445.319892751085,1898
10258.0,3558,0,0,1,7.106754678863398,544.90275435638,5446.297618216801,1908
10259.0,3558,0,0,0,7.084632797485447,545.1930860033726,5447.034494723244,1898
10260.0,3557,0,0,1,7.071152667918191,545.7368569018836,5448.537918743063,1905
10261.0,3557,0,0,0,7.157545386488784,544.3966825976947,5449.2692631872305,1775
10262.0,3556,0,0,1,7.258355753362929,543.6361079865017,5450.744402985653,1684
10263.0,3555,0,0,1,7.390766546735255,543.1271448663854,5451.282271756187,1623
10264.0,3555,0,0,0,7.553427247340806,542.656258790436,5451.986359751276,1568
10265.0,3554,0,0,1,7.713161315817405,542.4797411367473,5452.608451673678,1543
10266.0,3554,0,0,0,7.873401181993555,542.2841868317389,5453.291196217768,1517
10267.0,3554,0,0,0,8.030588093498851,542.1260551491278,5453.962989425274,1501
10268.0,3553,0,0,1,8.156745282910158,542.0672670982268,5454.546642649034,1478
10269.0,3553,0,0,0,8.263490194889389,541.974106388967,5455.2038028174875,1468
10270.0,3553,0,0,0,8.352695773398096,541.8947368421053,5455.855403348022,1449
10271.0,3552,0,0,1,8.419183461286678,541.9695945945946,5456.692687127265,1449
10272.0,3551,0,0,1,8.483340639657897,539.6203886229231,5457.893844768307,1434
10273.0,3550,0,0,1,8.5358718164575,537.4005633802817,5458.653383877324,1433
10274.0,3549,0,0,1,8.582412165449393,535.0904480135249,5459.102443959101,1418
10275.0,3549,0,0,0,8.626239410163231,532.5759368836292,5459.739038406991,1400
10276.0,3547,0,0,2,8.656553218411776,530.5398928672117,5460.605647364344,1394
10277.0,3547,0,0,0,8.672246293806484,528.2094727939103,5461.240014232981,1392
10278.0,3546,0,0,1,8.698599622412589,528.2870840383531,5462.185615813823,1372
10279.0,3546,0,0,0,8.719976128404918,528.2667794698251,5462.816156759313,1377
10280.0,3544,0,0,2,8.754757038469874,528.5936794582393,5464.751986756984,1370
10281.0,3544,0,0,0,8.787499687668582,528.4788374717833,5465.378937174993,1343
10282.0,3544,0,0,0,8.83467484380089,526.045993227991,5466.0039361244235,1336
10283.0,3544,0,0,0,8.848081747040652,523.6190744920993,5466.628537954312,1329
10284.0,3544,0,0,0,8.863942455587146,518.8560948081264,5467.252119248813,1309
10285.0,3544,0,0,0,8.880266846283183,516.4689616252822,5467.873623491883,1279
10286.0,3545,0,1,0,8.903617611982883,513.9904090267983,5466.9519134458915,1279
10287.0,3544,0,0,1,8.907910482597583,507.1585778781038,5467.458482340722,1277
10288.0,3542,0,0,2,8.92726284153958,502.76595143986447,5469.281569546308,1277
10289.0,3540,0,0,2,8.929805539621317,498.49378531073444,5470.292604309006,1278
10290.0,3539,0,0,1,8.924987702488304,496.33907883582935,5472.026327053236,1279
10291.0,3539,0,0,0,8.905379549850263,494.08137892059904,5472.6487829314565,1279
10292.0,3536,0,0,3,8.890186417776988,492.19117647058823,5474.691457838836,1275
10293.0,3535,0,1,2,8.871619908109642,490.07835926449786,5472.910822074286,1278
10294.0,3534,0,0,1,8.860570190652094,487.87464629315224,5473.846135644271,1273
10295.0,3533,0,0,1,8.85167930887707,485.7240305689216,5474.563645694816,1287
10296.0,3532,0,0,1,8.835312458379612,481.2086636466591,5474.776798355569,1282
10297.0,3531,0,0,1,8.802515300405355,476.6811101670915,5475.420462404774,1280
10298.0,3531,0,0,0,8.77538344480591,474.27754177286886,5476.052571550922,1286
10299.0,3530,0,1,2,8.734304670234458,472.056940509915,5476.090530100367,1298
10300.0,3528,0,0,2,8.696859108165516,470.0765306122449,5477.942890902107,1308
10301.0,3527,0,0,1,8.646766274085996,467.9296852849447,5478.756514790154,1308
10302.0,3526,0,0,1,8.608681481984142,468.11939875212704,5479.394667491696,1327
10303.0,3526,0,0,0,8.579163649325091,468.2053318207601,5480.04070450203,1341
10304.0,3525,0,1,2,8.549645936998022,466.2031205673759,5479.091125600782,1357
10305.0,3524,0,0,1,8.51378593229476,464.18303064699205,5479.323974772501,1365
10306.0,3520,0,0,4,8.461580961768098,462.4619318181818,5480.614073072104,1376
10307.0,3516,0,0,4,8.422713856724782,460.77019340159273,5482.63348451856,1388
10308.0,3516,0,0,0,8.396772500592181,460.84357224118315,5483.293484368883,1404
10309.0,3515,0,0,1,8.370141926088712,458.8492176386913,5484.966843884511,1422
10310.0,3516,0,1,0,8.337964615342122,456.64505119453923,5484.069909499696,1465
10311.0,3515,0,1,2,8.309095535418106,454.7530583214794,5483.552976100399,1481
10312.0,3516,0,1,0,8.29905204582184,454.79266211604096,5482.6591274176835,1493
10313.0,3514,0,0,2,8.290031983393808,455.203187250996,5484.329448616658,1499
10314.0,3515,0,1,0,8.273654784709416,455.2907539118065,5483.43763011074,1511
10315.0,3515,0,0,0,8.245342488522867,455.43044096728306,5484.1074964548925,1537
10316.0,3516,0,1,0,8.21948099470604,450.96302616609785,5483.219512178027,1546
10317.0,3517,0,1,0,8.205595316029516,448.80580039806654,5482.333485562555,1556
10318.0,3517,0,1,1,8.179595320893272,446.8066533977822,5481.623288855553,1573
10319.0,3518,0,1,0,8.135519651834544,444.74332006822056,5480.74205390057,1601
10320.0,3518,0,1,1,8.092597331362969,444.98408186469584,5480.786498131694,1609
10321.0,3518,0,1,1,8.044811480235973,443.05713473564526,5480.6330078573055,1635
10322.0,3517,0,0,1,8.003054024922076,441.2502132499289,5481.661633017156,1654
10323.0,3517,0,1,1,7.974607908023564,441.5663918112027,5481.031891132775,1680
10324.0,3516,0,1,2,7.923769750243811,439.7573947667804,5480.954666340234,1686
10325.0,3517,0,1,0,7.890988949026648,439.90048336650557,5480.088156411138,1693
10326.0,3519,0,2,0,7.857163435967499,439.95652173913044,5477.667902534858,1715
10327.0,3519,0,0,0,7.829669821178856,440.257743677181,5478.364782268974,1726
10328.0,3520,0,1,0,7.809630405890698,440.41420454545454,5477.5068792764005,1732
10329.0,3521,0,1,0,7.7765438920463925,440.61971030957113,5476.65194342062,1747
10330.0,3521,0,0,0,7.746155272267618,440.88753195115027,5477.355533684442,1745
10331.0,3521,0,1,1,7.719397287396885,438.90372053393924,5476.7170316120655,1775
10332.0,3521,0,0,0,7.702805863309282,439.29196251065036,5477.423471653281,1787
10333.0,3522,0,1,0,7.677891625925709,439.5601930721181,5476.576719421798,1798
10334.0,3523,0,1,0,7.66903126688187,439.79335793357933,5475.731930261958,1808
10335.0,3524,0,1,0,7.661363969752644,440.0283768444949,5474.889264753093,1821
10336.0,3524,0,0,0,7.654486632917042,440.4293416572077,5475.601625581628,1846
10337.0,3524,0,0,0,7.6549656239857855,440.79313280363226,5476.3146568151715,1859
10338.0,3524,0,0,0,7.6520546490977726,441.20034052213396,5477.027962694724,1868
10339.0,3524,0,1,1,7.633982752720663,441.5947786606129,5475.9497567148455,1886
10340.0,3525,0,1,0,7.62631331953161,439.4882269503546,5475.112570314871,1884
10341.0,3524,0,0,1,7.615982943537892,437.6640181611805,5475.645436882737,1908
10342.0,3524,0,0,0,7.614683576335227,435.7017593643587,5476.363540224251,1907
10343.0,3524,0,0,0,7.613782233535448,433.7383654937571,5477.082219512889,1915
10344.0,3524,0,0,0,7.596929728999633,431.8269012485812,5477.80153703099,1933
10345.0,3524,0,0,0,7.576488007163478,429.8825198637912,5478.522109680535,1933
10346.0,3523,0,0,1,7.568413769467218,430.4019301731479,5480.035042742757,1952
10347.0,3523,0,0,0,7.567134961363969,428.50298041441954,5480.756828112494,1955
10348.0,3523,0,0,0,7.564073828314558,426.58813511212037,5481.479194338804,1963
10349.0,3523,0,0,0,7.542685956189603,424.68663071246095,5482.202498963962,1968
10350.0,3522,0,0,1,7.528530873185308,422.9216354344123,5483.727765740216,1980
10351.0,3522,0,0,0,7.588942981874356,419.46138557637704,5484.447372714461,1850
10352.0,3521,0,0,1,7.698357552362184,416.5771087759159,5486.308951673396,1768
10353.0,3520,0,0,1,7.8339973750631575,414.0309659090909,5486.813578211677,1714
10354.0,3520,0,0,0,7.98206222251776,411.4409090909091,5487.5071696250325,1666
10355.0,3520,0,0,0,8.13406752752969,411.1775568181818,5488.1903239939475,1630
10356.0,3519,0,0,1,8.2700744230005,408.85564080704745,5489.297087101644,1587
10357.0,3519,0,0,0,8.404095722254965,408.7351520318272,5489.96188579614,1569
10358.0,3518,0,0,1,8.512446957814078,406.4044911881751,5490.111811366742,1541
10359.0,3517,0,0,1,8.626159731644107,406.30707989764005,5490.566948205746,1511
10360.0,3514,0,0,3,8.693760033160816,406.5113830392715,5492.1251243059005,1487
10361.0,3514,0,0,0,8.771445205512425,406.3653955606147,5492.766338801612,1468
10362.0,3514,0,0,0,8.848606955756953,406.3776323278315,5493.404039842232,1459
10363.0,3514,0,0,0,8.894923459947137,406.32384746727377,5494.038598709213,1439
10364.0,3513,0,0,1,8.940619100397047,406.44207230287503,5494.513700329971,1444
10365.0,3512,0,0,1,8.976261337656938,406.47892938496585,5496.287205123217,1434
10366.0,3512,0,0,0,9.02035121337607,406.4373576309795,5496.9144505805425,1431
10367.0,3511,0,0,1,9.0532072548502,406.5343207063515,5498.695977451898,1427
10368.0,3511,0,0,0,9.093362523514022,406.50954144118487,5499.319813896046,1416
10369.0,3510,0,0,1,9.116551630797288,406.7150997150997,5500.210244889418,1414
10370.0,3509,0,0,1,9.146257301971497,406.8321459105158,5500.922057421204,1402
10371.0,3509,0,0,0,9.173532205151437,406.84924479908807,5501.5412010662,1397
10372.0,3508,0,0,1,9.186906178731704,407.03648802736603,5502.549267236897,1400
10373.0,3507,0,0,1,9.185285812317723,407.1451382948389,5503.882886937236,1386
10374.0,3506,0,0,1,9.200470615244278,407.2769537934969,5504.518340011221,1373
10375.0,3506,0,0,0,9.200410524054114,407.25185396463206,5505.13568032489,1367
10376.0,3505,0,0,1,9.192777900397875,407.3275320970043,5506.2093365519495,1362
10377.0,3503,0,1,3,9.168919702369752,407.5549528975164,5505.621291639963,1355
10378.0,3502,0,0,1,9.173822467262546,407.6273557966876,5506.535211733489,1356
10379.0,3502,0,0,0,9.16721568819245,407.70673900628213,5507.1546758580835,1364
10380.0,3501,0,0,1,9.168194395187696,407.89203084832906,5507.990760169111,1366
10381.0,3501,0,0,0,9.171087449686858,407.91288203370465,5508.610342359379,1364
10382.0,3500,0,0,1,9.154922968091213,408.1254285714286,5509.332313314181,1358
10383.0,3499,0,0,1,9.148522703740221,408.33923978279506,5510.20946430354,1361
10384.0,3499,0,1,1,9.158333311730807,406.12946556158903,5509.202342570635,1367
10385.0,3498,0,0,1,9.160431441053706,404.02458547741566,5510.2955189295835,1373
10386.0,3496,0,0,2,9.141568472037067,402.04176201372997,5511.497128804294,1374
10387.0,3495,0,0,1,9.143153323653475,399.9814020028612,5513.295413909963,1370
10388.0,3494,0,0,1,9.133486202062473,397.9155695477962,5514.173253347647,1377
10389.0,3494,0,0,0,9.135014145960525,395.8073840870063,5514.799728788746,1385
10390.0,3494,0,1,1,9.131252140147456,393.7077847738981,5513.858385766831,1394
10391.0,3494,0,0,0,9.12863699064705,391.66342301087576,5514.486936819656,1398
10392.0,3493,0,0,1,9.112187124909196,389.7523618665903,5515.3956604407285,1396
10393.0,3491,0,0,2,9.099219183832783,390.12890289315385,5516.200554827083,1402
10394.0,3491,0,0,0,9.09937208032465,388.0862217129762,5516.833544785232,1403
10395.0,3491,0,0,0,9.066468649855628,386.0761959323976,5517.4697398092485,1410
10396.0,3491,0,0,0,9.034497624740577,384.06702950444,5518.108707797489,1424
10397.0,3492,0,1,0,9.019598903586175,381.97308132875145,5517.168055091311,1451
10398.0,3492,0,0,0,9.00649624669716,379.96964490263457,5517.809538562442,1463
10399.0,3492,0,0,0,9.007829686580816,378.07875143184424,5518.451402471613,1466
10400.0,3492,0,0,0,8.98291954713076,378.26861397479956,5519.095017074898,1488
10401.0,3491,0,2,3,8.961107814809388,376.4818103695216,5518.017686840579,1503
10402.0,3491,0,0,0,8.940106986588837,374.6399312517903,5518.6648467910445,1516
10403.0,3489,0,0,2,8.917119466087572,372.9489825164804,5519.151524513054,1508
10404.0,3490,0,2,1,8.877531289543649,370.94555873925503,5517.100078229474,1518
10405.0,3490,0,1,1,8.845298183199086,369.1787965616046,5516.391853832875,1547
10406.0,3490,0,1,1,8.812923333719063,367.4286532951289,5515.481073463951,1564
10407.0,3490,0,0,0,8.779664610666078,365.641547277937,5516.140125140511,1590
10408.0,3490,0,1,1,8.754551333810813,365.85472779369627,5516.372694283848,1610
10409.0,3491,0,1,0,8.721746488392347,364.022916069894,5515.4550166546705,1625
10410.0,3489,0,0,2,8.691747830489124,362.5921467469189,5516.372791739912,1638
10411.0,3489,0,0,0,8.663217393839497,360.90025795356837,5517.03942611763,1643
10412.0,3488,0,1,2,8.613851938945604,359.36123853211006,5517.292548569639,1653
10413.0,3488,0,0,0,8.587598327676986,359.57282110091745,5517.964108335489,1664
10414.0,3487,0,0,1,8.574251801290641,357.9317464869515,5518.920592886958,1675
10415.0,3486,0,0,1,8.558626591318571,356.38955823293173,5519.1772893994985,1693
10416.0,3487,0,1,0,8.53948676747604,354.57814740464585,5518.269862868811,1708
10417.0,3488,0,1,0,8.533357222892109,352.82310779816515,5517.3645058376815,1723
10418.0,3487,0,0,1,8.520757062545476,351.21565815887584,5518.373807090991,1719
10419.0,3487,0,0,0,8.508971549211065,349.572411815314,5519.052930759754,1728
10420.0,3487,0,1,1,8.498522821262213,347.9182678520218,5517.550351098751,1734
10421.0,3486,0,0,1,8.487877649538536,346.3955823293173,5518.636575203851,1743
10422.0,3486,0,0,0,8.482147605579282,346.7145725760184,5519.318623517412,1756
10423.0,3486,0,1,1,8.463542929773151,345.0631095811819,5518.790960407793,1753
10424.0,3486,0,0,0,8.448045110670272,345.20309810671256,5519.475813993773,1754
10425.0,3486,0,0,0,8.4535272992389,343.5665519219736,5520.160232638499,1764
10426.0,3486,0,0,0,8.45699727842568,342.06224899598396,5520.845615409461,1778
10427.0,3485,0,0,1,8.460282497632921,340.56987087517933,5522.515790682658,1780
10428.0,3483,0,0,2,8.463362295675994,339.1811656617858,5523.308036179937,1784
10429.0,3483,0,0,0,8.466100982514726,337.62618432385875,5523.99464170529,1785
10430.0,3483,0,0,0,8.467522580335688,336.113407981625,5524.681582211233,1793
10431.0,3483,0,1,1,8.457729855542865,334.58024691358025,5524.943141743147,1801
10432.0,3482,0,1,2,8.437486039268649,333.11659965537046,5523.327274916192,1813
10433.0,3481,0,0,1,8.431743906759692,331.67394426888825,5524.287837309834,1820
10434.0,3480,0,0,1,8.41709270398075,332.1281609195402,5524.650058729797,1838
10435.0,3480,0,1,1,8.414279526888157,330.63649425287355,5523.693633537756,1840
10436.0,3478,0,0,2,8.390733158881613,329.4864864864865,5524.214432674899,1851
10437.0,3476,0,0,2,8.386743450716319,328.2917146144994,5524.9286479427965,1861
10438.0,3475,0,1,2,8.382695349036384,328.74589928057554,5524.289287371992,1868
10439.0,3474,0,0,1,8.375383717212445,327.36240644789865,5524.806150164714,1873
10440.0,3472,0,0,2,8.375696694719862,326.0590437788018,5525.314826600518,1883
10441.0,3472,0,1,1,8.422413469247482,323.1802995391705,5524.784754202178,1775
10442.0,3471,0,0,1,8.506445030276089,320.76087582829155,5525.263083095003,1702
10443.0,3472,0,1,0,8.625799944881463,318.1984447004608,5524.348733305704,1636
10444.0,3472,0,0,0,8.755968315776556,317.60599078341016,5525.016426562447,1593
10445.0,3472,0,0,0,8.881842326475955,317.05040322580646,5525.675262372744,1553
10446.0,3472,0,0,0,9.028199147161828,314.8352534562212,5526.3247355986405,1521
10447.0,3473,0,1,0,9.147286295475014,312.66426720414626,5525.3744735005375,1503
10448.0,3473,0,0,0,9.250005456666951,310.7512237258854,5526.008639842175,1475
10449.0,3473,0,0,0,9.334458766678152,308.84912179671755,5526.637630859323,1446
10450.0,3472,0,0,1,9.394415064562057,307.3277649769585,5528.446312480982,1430
10451.0,3472,0,0,0,9.447448203044878,305.60599078341016,5529.067409818276,1414
10452.0,3472,0,0,0,9.49022883784732,304.03110599078343,5529.685792391636,1412
10453.0,3472,0,0,0,9.531879782575524,303.8424539170507,5530.301786409739,1393
10454.0,3472,0,0,0,9.588124869720527,303.4858870967742,5530.914739989642,1381
10455.0,3472,0,0,0,9.649158487019339,303.15581797235023,5531.52417539417,1367
10456.0,3471,0,0,1,9.692350690171207,302.92682224142897,5532.94755706095,1361
10457.0,3471,0,0,0,9.74074475088235,302.8867761452031,5533.552726104646,1355
10458.0,3470,0,0,1,9.762869602692216,302.7749279538905,5534.339012413987,1343
10459.0,3469,0,0,1,9.79020059551849,302.7149034303834,5536.0893813704315,1337
10460.0,3468,0,0,1,9.816171020563063,302.5343137254902,5537.057585683677,1319
10461.0,3467,0,0,1,9.860053430571577,302.3293914046726,5537.635317925681,1301
10462.0,3467,0,0,0,9.889397852107454,302.05393712143064,5538.23294701824,1293
10463.0,3465,0,0,2,9.905952035368202,301.96190476190475,5538.359366985914,1287
10464.0,3465,0,0,0,9.931350745696907,301.72958152958154,5538.955333879805,1273
10465.0,3464,0,0,1,9.963095334342752,301.4717090069284,5539.85681651357,1261
10466.0,3463,0,0,1,9.977595351404345,301.4822408316489,5540.96054087943,1259
10467.0,3462,0,0,1,9.998073678898743,301.260543038706,5541.888253861287,1242
10468.0,3462,0,1,1,9.991198788901361,301.00433275563256,5541.137090499992,1244
10469.0,3460,0,0,2,10.007412780727375,300.9514450867052,5541.9808884806,1233
10470.0,3460,0,0,0,10.034508525604444,300.9028901734104,5542.572293186297,1240
10471.0,3460,0,0,0,10.035817711625436,300.7473988439306,5543.164228040327,1232
10472.0,3459,0,0,1,10.047339716448686,300.63284186180977,5543.76419137043,1226
10473.0,3459,0,1,1,10.027986759527385,300.3891298063024,5543.944159386498,1226
10474.0,3458,0,0,1,10.018294206490841,300.25216888374786,5544.861904453385,1228
10475.0,3457,0,0,1,10.021812544451974,300.1825282036448,5545.815561744228,1233
10476.0,3457,0,0,0,10.021704340734944,300.0937228811108,5546.411651132654,1226
10477.0,3458,0,1,0,10.039209673247848,299.85078079814923,5545.403499962915,1230
10478.0,3458,0,0,0,10.045305603031535,299.6931752458068,5545.999370509246,1222
10479.0,3458,0,0,0,10.043112199381556,299.4991324465009,5546.5977805645725,1225
10480.0,3458,0,0,0,10.033926763719025,299.3727588201272,5547.197906472759,1231
10481.0,3457,0,0,1,9.996220387566932,299.4879953717096,5548.340632244629,1248
10482.0,3457,0,0,0,9.967428661885625,299.40323980329765,5548.946174540465,1253
10483.0,3458,0,1,0,9.913632838260483,299.3721804511278,5547.951014192455,1268
10484.0,3458,0,0,0,9.870074824874475,299.3071139386929,5548.563206509799,1278
10485.0,3458,0,0,0,9.832149358116071,299.2784846732215,5549.177330511242,1302
10486.0,3458,0,0,0,9.805106940507162,299.1188548293811,5549.793429396883,1303
10487.0,3457,0,0,1,9.78374055265916,299.07000289268154,5550.623823001897,1324
10488.0,3457,0,0,0,9.768630124048789,298.9965287821811,5551.24251952003,1325
10489.0,3456,0,0,1,9.763489348946633,299.0104166666667,5551.870912243962,1324
10490.0,3455,0,0,1,9.747327510842236,299.11027496382053,5552.089822141915,1331
10491.0,3455,0,1,1,9.745693321500076,299.02778581765557,5551.120003945511,1344
10492.0,3454,0,0,1,9.714064451410664,299.21134916039375,5551.742293197546,1363
10493.0,3455,0,1,0,9.706079025281236,299.2095513748191,5550.758604915033,1368
10494.0,3456,0,1,0,9.68293723927209,299.25,5549.7769572007755,1380
10495.0,3457,0,1,0,9.65550283619265,299.2586057275094,5548.797543093983,1393
10496.0,3457,0,0,0,9.638157584353548,299.43534856812266,5549.425124254601,1417
10497.0,3457,0,0,0,9.598759806857402,299.5736187445762,5550.054983694054,1430
10498.0,3457,0,0,0,9.55969491340773,299.7101533121203,5550.687319767801,1443
10499.0,3457,0,1,1,9.510398450837169,299.82788544981196,5548.722574200627,1451
10500.0,3456,0,0,1,9.48126364101281,300.0671296296296,5549.542570619953,1465
10501.0,3457,0,2,1,9.43830094952855,300.1168643332369,5548.176653781831,1468
10502.0,3456,0,0,1,9.39580000139152,300.36863425925924,5549.136171507854,1478
10503.0,3456,0,0,0,9.360861722986805,300.6510416666667,5549.778787229862,1506
10504.0,3455,0,0,1,9.34308647226884,300.8926193921852,5550.41122480107,1531
10505.0,3457,0,2,0,9.346545509110191,300.9025166329187,5547.84432042165,1548
10506.0,3457,0,1,1,9.335549244758328,301.04772924501015,5546.879463846561,1548
10507.0,3457,0,0,0,9.32672742158824,301.2623662134799,5547.526624203274,1563
10508.0,3457,0,0,0,9.307440640166721,301.41423199305757,5548.174709842704,1581
10509.0,3459,0,2,0,9.314082803902117,301.4111014744146,5545.614936193458,1575
10510.0,3457,0,0,2,9.277790981982662,301.73445183685277,5545.7359534836605,1581
10511.0,3458,0,1,0,9.250770120625225,301.8724696356275,5544.783855320771,1596
10512.0,3459,0,1,0,9.210119739508237,301.9881468632553,5543.834213894933,1603
10513.0,3458,0,0,1,9.192315392031862,302.32446500867553,5545.644347542499,1627
10514.0,3459,0,1,0,9.178573671125703,302.49638623879736,5544.696074282372,1643
10515.0,3457,0,0,2,9.133294208177928,302.95747758171825,5545.3317353130105,1657
10516.0,3458,0,1,0,9.094970006105202,303.176980913823,5544.387326765449,1668
10517.0,3458,0,0,0,9.083539260710506,303.4251012145749,5545.0486787173,1668
10518.0,3458,0,0,0,9.053472640924625,303.7611336032389,5545.711475326477,1689
10519.0,3457,0,0,1,9.044159781015274,304.096326294475,5547.380556332566,1692
10520.0,3456,0,1,2,9.009976507507437,304.4641203703704,5545.946095228213,1700
10521.0,3455,0,0,1,9.008399252773469,304.840520984081,5547.773281204347,1724
10522.0,3453,0,0,2,8.997736276682527,305.3454966695627,5549.747646418517,1730
10523.0,3451,0,0,2,8.959418283400268,305.79860909881194,5549.741248210874,1737
10524.0,3451,0,0,0,8.942595060693751,306.124311793683,5550.412353315759,1747
10525.0,3450,0,0,1,8.921336875560621,306.5371014492754,5550.677132661271,1753
10526.0,3449,0,0,1,8.906633230535286,306.9385329080893,5552.544022314553,1762
10527.0,3448,0,0,1,8.870426366539549,307.4170533642691,5552.418693168869,1776
10528.0,3447,0,0,1,8.857697372066356,307.8845372787932,5552.622484316508,1793
10529.0,3446,0,0,1,8.842428001913827,308.3633197910621,5554.510076770071,1803
10530.0,3446,0,0,0,8.817522777711696,308.7843876958793,5555.18975813935,1823
10531.0,3446,0,0,0,8.859473608368058,307.532791642484,5555.866187608088,1718
10532.0,3446,0,0,0,8.936076326047365,306.88508415554264,5556.537100955386,1649
10533.0,3446,0,0,0,9.037548135498525,306.36970400464304,5557.200107245062,1594
10534.0,3446,0,0,0,9.158154459505205,305.91700522344746,5557.854196252223,1542
10535.0,3446,0,0,0,9.276746591474602,305.65670342426,5558.499345002239,1513
10536.0,3446,0,0,0,9.404495797275063,305.3908879860708,5559.135670150835,1480
10537.0,3446,0,0,0,9.524481872784175,305.1706326175276,5559.762860027312,1461
10538.0,3446,0,0,0,9.632069656207168,304.96691816598957,5560.382284208785,1431
10539.0,3446,0,0,0,9.715027782504144,304.8862449216483,5560.996064243479,1412
10540.0,3446,0,0,0,9.768998494935584,304.98229831688917,5561.604998654383,1413
10541.0,3446,0,0,0,9.818455329283102,304.9944863609983,5562.209574506043,1400
10542.0,3446,0,0,0,9.855768326843402,304.94399303540337,5562.810240910252,1402
10543.0,3446,0,0,0,9.893720316610537,304.9605339524086,5563.408074970307,1391
10544.0,3446,0,0,0,9.93971974860015,305.05745792222865,5564.002571118174,1384
10545.0,3446,0,0,0,9.983281235563638,304.92251886244924,5564.593517770067,1361
10546.0,3446,0,0,0,10.028514441767761,304.874637260592,5565.182232196508,1346
10547.0,3446,0,0,0,10.056386446948123,304.8154381892049,5565.768777176561,1342
10548.0,3446,0,0,0,10.08642355961226,304.7069065583285,5566.353029203234,1326
10549.0,3445,0,0,1,10.098322706400618,304.8357039187228,5566.513299619693,1322
10550.0,3444,0,0,1,10.11388360053167,304.8150406504065,5567.700300405293,1304
10551.0,3444,0,0,0,10.145929539944177,304.7203832752613,5568.279751583242,1288
10552.0,3443,0,0,1,10.15511998563662,304.75776938716234,5569.217600459668,1262
10553.0,3442,0,0,1,10.174123058453013,304.82103428239395,5570.973595857616,1268
10554.0,3442,0,0,0,10.165176955853708,304.80621731551423,5571.550745145599,1261
10555.0,3441,0,0,1,10.168433905520795,304.81342632955534,5573.366208850099,1256
10556.0,3440,0,0,1,10.189348472312878,304.83808139534887,5575.171099989863,1250
10557.0,3441,0,1,0,10.198186792512477,304.6166811973264,5574.12508479589,1231
10558.0,3441,0,0,0,10.2145527351597,304.5425748328974,5574.698508234176,1218
10559.0,3441,0,1,1,10.217276698410565,304.5123510607382,5574.894728987152,1222
10560.0,3441,0,0,0,10.223439232625664,304.496367335077,5575.468304402173,1223
10561.0,3441,0,0,0,10.221720589299823,304.5582679453647,5576.042904969504,1239
10562.0,3441,0,0,0,10.242292611558147,304.5512932287126,5576.616869995175,1237
10563.0,3440,0,0,1,10.245001121093956,304.6468023255814,5577.098650519191,1257
10564.0,3440,0,1,1,10.247320234716996,304.71656976744185,5576.478850572414,1258
10565.0,3440,0,0,0,10.247432427983911,304.8139534883721,5577.053912638125,1267
10566.0,3440,0,0,0,10.240183779134965,304.8511627906977,5577.6296264584025,1270
10567.0,3439,0,0,1,10.228998930084298,304.9150915963943,5578.6804977206275,1270
10568.0,3439,0,0,0,10.197022279598121,304.8970630997383,5579.258625115768,1270
10569.0,3441,0,2,0,10.160351810498739,304.72391746585294,5576.596027512056,1278
10570.0,3441,0,0,0,10.117815261249255,304.7567567567568,5577.179447436964,1304
10571.0,3440,0,0,1,10.072006957756136,304.9351744186047,5578.188252224937,1326
10572.0,3440,0,0,0,10.038592641898111,304.9938953488372,5578.77706330336,1339
10573.0,3440,0,0,0,9.998297151972999,305.096511627907,5579.368370757064,1348
10574.0,3439,0,0,1,9.970733573068705,305.30735678976447,5580.177325390041,1354
10575.0,3439,0,1,1,9.933513953955012,305.3707473102646,5578.149606026024,1359
10576.0,3439,0,0,0,9.904281357981407,305.4297760977028,5578.748331203817,1374
10577.0,3438,0,0,1,9.87030534063868,305.6239092495637,5579.824760366522,1379
10578.0,3436,0,0,2,9.826683293150595,305.86117578579746,5579.62713616799,1397
10579.0,3435,0,0,1,9.80857926335253,306.0771470160116,5579.082212697178,1409
10580.0,3435,0,0,0,9.771769232711566,306.2183406113537,5579.689994191676,1433
10581.0,3433,0,0,2,9.75035078697443,306.5814156714244,5579.470529840423,1442
10582.0,3433,0,0,0,9.746474404510584,306.74745120885524,5580.079090626093,1460
10583.0,3432,0,1,2,9.722151635083804,307.0343822843823,5578.178472803059,1475
10584.0,3432,0,1,1,9.714214753736035,307.24242424242425,5576.085772284038,1491
10585.0,3430,0,0,2,9.676049502765364,307.6469387755102,5574.548736149777,1506
10586.0,3429,0,0,1,9.652798793076043,307.96383785360166,5575.535549144317,1514
10587.0,3430,0,1,0,9.631870584969198,308.0527696793003,5574.525679115794,1523
10588.0,3429,0,0,1,9.618809478078653,308.3904928550598,5575.070360267777,1531
10589.0,3428,0,0,1,9.607278473626403,308.7371645274212,5575.985736244286,1554
10590.0,3428,0,1,1,9.585834017658675,308.9384480746791,5573.91012603073,1561
10591.0,3428,0,0,0,9.575569787488456,309.1566511085181,5574.530302915534,1573
10592.0,3427,0,0,1,9.550638086207245,309.41377297928216,5574.089569002578,1569
10593.0,3428,0,1,0,9.555504534089133,309.56038506417735,5573.085531433412,1576
10594.0,3428,0,0,0,9.535129640091052,309.7219953325554,5573.709115345485,1599
10595.0,3428,0,1,1,9.51174912626876,309.87806301050176,5573.05055469005,1602
10596.0,3428,0,0,0,9.489113389334374,310.0635939323221,5573.677344800939,1611
10597.0,3429,0,1,0,9.45416431610505,310.1819772528434,5572.680631773706,1631
10598.0,3428,0,0,1,9.404404149691748,310.48745624270714,5572.23413536279,1640
10599.0,3428,0,1,1,9.356052149548825,310.7307467911319,5571.742239855689,1649
10600.0,3429,0,1,0,9.3193191743668,310.8798483522893,5570.754216521562,1655
10601.0,3429,0,1,1,9.288913880133324,311.09565470982795,5570.325525397654,1676
10602.0,3429,0,1,1,9.255924852082094,311.36132983377075,5569.116999922757,1698
10603.0,3429,0,0,0,9.233442058959593,311.61184018664335,5569.759816773583,1705
10604.0,3430,0,1,0,9.217169703918195,311.8408163265306,5568.779543560469,1729
10605.0,3429,0,1,2,9.181201188219235,312.2700495771362,5566.503973679406,1754
10606.0,3430,0,1,0,9.179523845395408,312.43586005830906,5565.527573909867,1763
10607.0,3429,0,0,1,9.15869273682634,312.80869058034415,5566.650585193239,1776
10608.0,3429,0,1,1,9.121655730502766,313.04578594342377,5565.3011617133125,1779
10609.0,3429,0,0,0,9.107582434528132,313.3802857976086,5565.953266762112,1780
10610.0,3429,0,1,1,9.083997982486123,313.6593759113444,5563.92676998262,1797
10611.0,3428,0,0,1,9.06121462945668,314.0781796966161,5563.4301671834855,1811
10612.0,3428,0,0,0,9.061627170142016,314.37893815635937,5564.087307863017,1823
10613.0,3430,0,2,0,9.042689651066148,314.5166180758018,5561.501281945999,1840
10614.0,3429,0,0,1,9.01953725255402,314.93729950422863,5561.986819501284,1854
10615.0,3429,0,0,0,9.00356706170878,315.2895888013998,5562.64852203821,1870
10616.0,3429,0,1,1,8.982545269751684,315.67862350539514,5560.667799456544,1873
10617.0,3427,0,0,2,8.962381032125075,316.22235191129266,5561.406845571578,1892
10618.0,3427,0,0,0,8.960731422146306,316.5503355704698,5562.073218367122,1884
10619.0,3426,0,0,1,8.945305230115743,316.9862813776999,5562.801715667035,1893
10620.0,3426,0,0,0,8.938409752523038,317.3572679509632,5563.470152829427,1908
10621.0,3426,0,0,0,8.999574709534519,316.2203736135435,5564.13349596584,1796
10622.0,3425,0,0,1,9.086556454093062,315.6429197080292,5564.507042801854,1718
10623.0,3425,0,0,0,9.199430411598994,315.0671532846715,5565.156994875775,1657
10624.0,3424,0,0,1,9.328480903478837,314.7380257009346,5566.22475327597,1612
10625.0,3423,0,0,1,9.455221376654519,314.5077417470055,5566.954907173877,1571
10626.0,3423,0,0,0,9.611171767942116,314.16330704060766,5567.577046570055,1536
10627.0,3421,0,0,2,9.749690993141684,314.04735457468576,5569.17978838906,1508
10628.0,3421,0,0,0,9.881750088721766,313.6451330020462,5569.783075512186,1462
10629.0,3420,0,0,1,9.992557465043323,313.3014619883041,5570.80627683074,1434
10630.0,3418,0,0,2,10.063327049574642,313.25073142188415,5573.9203926262135,1414
10631.0,3418,0,0,0,10.140817566048337,313.1059098888239,5574.505559345368,1403
10632.0,3418,0,0,0,10.205775991797099,313.0763604447045,5575.08624492261,1395
10633.0,3418,0,0,0,10.262111811405441,312.99502633118783,5575.66332142609,1396
10634.0,3418,0,0,0,10.32350215613341,312.7899356348742,5576.23709529125,1361
10635.0,3418,0,0,0,10.38057253204551,312.4625511995319,5576.806890702518,1335
10636.0,3417,0,0,1,10.42522150337938,312.5010242903131,5577.814817074665,1322
10637.0,3417,0,0,0,10.454990526910185,312.36084284460054,5578.378971511019,1314
10638.0,3417,0,0,0,10.466522454191312,312.1802750951127,5578.942005993144,1304
10639.0,3417,0,0,0,10.501066364873239,312.15159496634476,5579.502125319993,1309
10640.0,3417,0,0,0,10.54431425354118,312.0857477319286,5580.059336747837,1290
10641.0,3417,0,0,0,10.562922990705673,312.07140766754463,5580.615504037399,1286
10642.0,3415,0,0,2,10.579497739365443,312.19209370424596,5582.590468851218,1281
10643.0,3414,0,0,1,10.598678777436305,312.14645577035736,5583.885488437373,1268
10644.0,3413,0,0,1,10.607777264828407,312.11163199531205,5585.016566931791,1255
10645.0,3413,0,0,0,10.626256180314488,312.0225607969528,5585.568206469187,1246
10646.0,3413,0,0,0,10.654020264907382,311.83123351889833,5586.117834126865,1233
10647.0,3413,0,0,0,10.658832640869639,311.6864928215646,5586.667287312888,1234
10648.0,3413,0,0,0,10.683840126615845,311.5320832112511,5587.215302683664,1237
10649.0,3413,0,0,0,10.694382933514426,311.29944330501024,5587.761945073015,1226
10650.0,3413,0,0,0,10.692918428281224,311.2689715792558,5588.308069270497,1228
10651.0,3413,0,0,0,10.706916874574864,311.15030764723116,5588.853246537842,1201
10652.0,3413,0,0,0,10.698176935349837,311.0439496044536,5589.399103380712,1196
10653.0,3412,0,0,1,10.677110825466555,311.0548065650645,5590.3751567718255,1192
10654.0,3411,0,0,1,10.66692896244539,311.0557021401349,5592.120415067499,1187
10655.0,3409,0,0,2,10.640245956188538,311.1906717512467,5593.162828984353,1186
10656.0,3408,0,0,1,10.628221886075377,311.2723004694836,5594.887925269792,1201
10657.0,3406,0,0,2,10.611462599346412,311.4703464474457,5596.949847747757,1219
10658.0,3406,0,0,0,10.62485505119662,311.5029359953024,5597.502138187548,1233
10659.0,3406,0,0,0,10.596953262910938,311.5372871403406,5598.055903731757,1241
10660.0,3406,0,0,0,10.559270854268577,311.57222548443923,5598.611705237124,1243
10661.0,3406,0,0,0,10.508499622756467,311.5769230769231,5599.171426495096,1247
10662.0,3405,0,0,1,10.478997341381632,311.72775330396473,5599.948804542986,1256
10663.0,3405,0,0,0,10.45230229843099,311.86196769456683,5600.512999380858,1262
10664.0,3405,0,0,0,10.393289343552004,311.99530102790015,5601.081086647127,1273
10665.0,3404,0,0,1,10.345553908308013,312.2024089306698,5602.028538189515,1280
10666.0,3404,0,0,0,10.305939445450232,312.28349001175087,5602.602385397124,1297
10667.0,3404,0,0,0,10.256563531491496,312.4747356051704,5603.179473018127,1312
10668.0,3403,0,0,1,10.216483341557948,312.6896855715545,5603.508506890379,1337
10669.0,3402,0,0,1,10.164669982851535,312.9288653733098,5604.033199771632,1343
10670.0,3402,0,0,0,10.116453989016819,313.0711346266902,5604.619174801091,1369
10671.0,3403,0,1,0,10.071995936045319,313.1463414634146,5603.560073435216,1389
10672.0,3403,0,0,0,10.043075715154695,313.321774904496,5604.150438999224,1396
10673.0,3402,0,0,1,10.018903707842105,313.63492063492066,5606.039738845326,1418
10674.0,3403,0,1,0,10.004870320442992,313.74669409344693,5604.986731456974,1432
10675.0,3403,0,0,0,9.993348568705718,314.0058771672054,5605.5827346403985,1464
10676.0,3404,0,1,0,9.97488175862541,314.1880141010576,5604.5337577712635,1478
10677.0,3402,0,0,2,9.962884756839905,314.5922986478542,5605.8571052290245,1495
10678.0,3402,0,0,0,9.931314628503658,314.78924162257493,5606.459401077062,1511
10679.0,3401,0,1,2,9.90649954136656,315.13025580711553,5606.040508480018,1535
10680.0,3400,0,0,1,9.886785139186177,315.4955882352941,5606.619613168931,1539
10681.0,3400,0,0,0,9.88955203790021,315.80323529411766,5607.225610747987,1561
10682.0,3401,0,1,0,9.892769125679653,315.9694207586004,5606.183514007078,1568
10683.0,3401,0,0,0,9.89175555076648,316.23493090267567,5606.7911407799165,1574
10684.0,3401,0,0,0,9.882135359968176,316.4504557483093,5607.399790336975,1585
10685.0,3402,0,1,0,9.865201711569776,316.61787184009404,5606.361768242209,1591
10686.0,3403,0,1,0,9.846070528334957,316.743461651484,5605.325492886034,1597
10687.0,3403,0,0,0,9.83091727493447,317.01528063473404,5605.938304455646,1611
10688.0,3403,0,0,0,9.822827627027824,317.27887158389655,5606.55185334637,1631
10689.0,3402,0,0,1,9.809559448787267,317.6601998824221,5607.974285638878,1637
10690.0,3402,0,1,1,9.792514154801724,317.9723691945914,5606.807141311537,1647
10691.0,3401,0,0,1,9.781385293720037,318.41223169655984,5606.418328401558,1665
10692.0,3401,0,1,1,9.753566002450174,318.74184063510734,5605.6715794573065,1662
10693.0,3399,0,0,2,9.716477549859878,319.2262430126508,5606.810635193498,1688
10694.0,3398,0,0,1,9.674386714581791,319.64420247204237,5607.143138073392,1694
10695.0,3397,0,0,1,9.629814216745343,320.05563732705326,5606.6676781565975,1703
10696.0,3396,0,0,1,9.591622984753876,320.4655477031802,5606.2333837262695,1715
10697.0,3395,0,0,1,9.575830828807412,320.88306332842416,5606.780233686414,1724
10698.0,3396,0,1,0,9.555223610311883,321.1778563015312,5605.762177889441,1735
10699.0,3396,0,0,0,9.536887901004711,321.5671378091873,5606.396991242038,1757
10700.0,3397,0,1,0,9.507411631232774,321.8551663232264,5605.3830426024915,1767
10701.0,3397,0,0,0,9.488738225916858,322.22549308213127,5606.020890693179,1774
10702.0,3397,0,0,0,9.459077645000276,322.5887547836326,5606.661375086734,1779
10703.0,3397,0,0,0,9.42028540116006,322.9352369738004,5607.30360057424,1797
10704.0,3395,0,0,2,9.366586538782917,323.4960235640648,5608.603004552268,1806
10705.0,3393,0,0,2,9.310680402743717,324.0524609490127,5608.310564070411,1815
10706.0,3393,0,0,0,9.274295980207482,324.4090775125258,5608.961165430849,1828
10707.0,3392,0,0,1,9.241523483365114,324.84375,5609.569759966286,1826
10708.0,3391,0,0,1,9.217478207510485,325.3577115895016,5610.507916954841,1841
10709.0,3391,0,0,0,9.191747890388925,325.7826599823061,5611.163653708866,1847
10710.0,3390,0,0,1,9.158825478414483,326.3477876106195,5612.236022117413,1875
10711.0,3389,0,0,1,9.205923531625505,325.1968132192387,5613.973711332861,1748
10712.0,3389,0,0,0,9.311987566580362,324.32959575095896,5614.618902950013,1666
10713.0,3388,0,0,1,9.434346213676548,323.8261511216057,5616.248345697097,1592
10714.0,3387,0,0,1,9.576659622874722,323.3858872158252,5615.779868070258,1533
10715.0,3385,0,0,2,9.745546037342898,323.23485967503694,5617.089392433146,1485
10716.0,3383,0,0,2,9.907513355579749,323.1256281407035,5616.5631480948705,1441
10717.0,3382,0,0,1,10.029077827540828,323.0295683027794,5616.109414743453,1408
10718.0,3381,0,0,1,10.153931257989866,322.9334516415262,5615.576505204717,1377
10719.0,3380,0,0,1,10.273593224180903,322.8958579881657,5616.15545945347,1359
10720.0,3376,0,0,4,10.359606723329772,323.0379146919431,5613.862934504678,1322
10721.0,3375,0,0,1,10.44315515736848,323.1122962962963,5614.199978110524,1310
10722.0,3375,0,0,0,10.518726882805765,323.0302222222222,5614.764886121426,1307
10723.0,3375,0,0,0,10.589826993169604,322.99111111111114,5615.325626974723,1303
10724.0,3373,0,0,2,10.643667828208448,322.9902164245479,5613.737593723941,1279
10725.0,3373,0,0,0,10.69239096530898,322.86451230358733,5614.291890121973,1268
10726.0,3372,0,0,1,10.71251288936999,322.91370106761565,5613.769017366548,1258
10727.0,3370,0,0,2,10.708928951036604,322.9899109792285,5612.30408130789,1243
10728.0,3368,0,0,2,10.728064715483978,323.16062945368174,5610.489903188781,1239
10729.0,3367,0,0,1,10.763238964128458,323.25809325809325,5609.961932207744,1235
10730.0,3366,0,0,1,10.799093787358176,323.3256090314914,5610.102698700956,1222
10731.0,3365,0,0,1,10.820390210852253,323.34472511144133,5611.925831269569,1209
10732.0,3363,0,0,2,10.830388609352616,323.59916741005054,5610.330369484284,1215
10733.0,3363,0,0,0,10.862626403089036,323.54118346714245,5610.873030672334,1207
10734.0,3361,0,0,2,10.87363098425897,323.78310026777746,5609.275752336004,1212
10735.0,3359,0,0,2,10.883029881077412,323.965763620125,5610.155739222037,1214
10736.0,3359,0,0,0,10.90389758095226,323.90503125930337,5610.696883380637,1208
10737.0,3359,0,0,0,10.915548057205749,323.8794284013099,5611.237076651229,1207
10738.0,3360,0,1,0,10.928409985459828,323.7318452380952,5610.106655658645,1202
10739.0,3360,0,0,0,10.932626572645791,323.71488095238095,5610.6457269876555,1208
10740.0,3360,0,0,0,10.916566904812548,323.71964285714284,5611.185331227399,1202
10741.0,3358,0,0,2,10.896556518306149,323.9088743299583,5610.835573097802,1195
10742.0,3358,0,0,0,10.896540113938434,323.93150684931504,5611.376521967961,1199
10743.0,3357,0,0,1,10.877718113059187,324.0053619302949,5612.932595158103,1196
10744.0,3358,0,1,0,10.862580610053582,323.80911256700415,5611.8038415896535,1195
10745.0,3358,0,0,0,10.839789211063525,323.7489577129244,5612.347362373958,1199
10746.0,3356,0,0,2,10.805633489856394,323.8367103694875,5611.999047613414,1208
10747.0,3356,0,0,0,10.79663524162116,323.7696662693683,5612.546351512137,1212
10748.0,3356,0,1,1,10.765978186260645,323.65315852205003,5610.3477168350655,1217
10749.0,3356,0,0,0,10.748401503530987,323.5947556615018,5610.899310211862,1222
10750.0,3354,0,0,2,10.736356455685572,323.89773404889684,5611.93320233048,1226
10751.0,3353,0,0,1,10.715974402450257,324.10826125857443,5611.469108387379,1230
10752.0,3353,0,0,0,10.691392724767333,324.21861019982106,5612.027366148391,1244
10753.0,3353,0,0,0,10.67939100144866,324.24127646883386,5612.587045646443,1243
10754.0,3352,0,0,1,10.64011829262047,324.4731503579952,5612.14143010943,1254
10755.0,3353,0,1,0,10.58579820405368,324.386519534745,5611.033201668901,1258
10756.0,3351,0,0,2,10.530797322624869,324.55088033422857,5610.554943017956,1265
10757.0,3350,0,0,1,10.496691522365714,324.73313432835823,5610.100793623741,1274
10758.0,3349,0,0,1,10.480567413423053,324.9220662884443,5610.9164512831,1291
10759.0,3347,0,1,3,10.44753709786925,325.20794741559604,5607.3925453579,1316
10760.0,3346,0,0,1,10.4195156364158,325.4692169754931,5606.904570888545,1321
10761.0,3343,0,0,3,10.393582746373829,325.88812443912656,5607.7261966473625,1323
10762.0,3342,0,0,1,10.372191162754106,326.0813883901855,5607.2335371646905,1340
10763.0,3341,0,1,2,10.346202008034712,326.3397186471116,5605.295948796448,1350
10764.0,3341,0,1,1,10.326428048720567,326.49266686620774,5604.458753151294,1354
10765.0,3340,0,1,2,10.294299798514732,326.7811377245509,5603.626811855939,1371
10766.0,3337,0,0,3,10.252495924146691,327.2412346418939,5604.447017463657,1386
10767.0,3337,0,0,0,10.233579770681446,327.474078513635,5605.034491712136,1393
10768.0,3337,0,1,1,10.197196636771904,327.64099490560386,5604.368444928893,1417
10769.0,3337,0,0,0,10.152348765662335,327.8351813005694,5604.9625125435405,1426
10770.0,3336,0,1,2,10.120059532533595,328.20713429256597,5603.18375960608,1456
10771.0,3336,0,1,1,10.081933548352282,328.26318944844127,5602.683229876863,1465
10772.0,3334,0,0,2,10.051936900557994,328.70935812837433,5602.694397180568,1477
10773.0,3334,0,1,1,10.00038100455226,329.00629874025196,5600.565866234135,1495
10774.0,3331,0,0,3,9.974172641396038,329.5229660762534,5599.54877041238,1509
10775.0,3333,0,2,0,9.941856721401834,329.54815481548155,5596.795715313522,1519
10776.0,3330,0,0,3,9.899518790563901,330.04744744744744,5595.730786103746,1511
10777.0,3329,0,0,1,9.868308866547366,330.3547611895464,5596.107026439246,1520
10778.0,3328,0,0,1,9.84409010308707,330.6796875,5596.968273471535,1532
10779.0,3326,0,1,3,9.822085615196677,331.07757065544195,5594.192309733732,1540
10780.0,3324,0,0,2,9.798606439873128,331.51293622142,5594.312864875421,1548
10781.0,3323,0,1,2,9.768448346406627,331.78874510984053,5592.632785825364,1566
10782.0,3322,0,1,2,9.752317260501325,332.1472004816376,5590.073487820393,1587
10783.0,3320,0,0,2,9.741751182833616,332.57710843373496,5591.424275542051,1591
10784.0,3320,0,0,0,9.721506217141986,332.78222891566264,5592.044724271607,1585
10785.0,3316,0,0,4,9.695138136726156,333.4635102533172,5592.738175022973,1594
10786.0,3315,0,0,1,9.676296507644741,333.83288084464556,5592.426896533588,1590
10787.0,3313,0,0,2,9.671916403450153,334.2767884092967,5592.541640795238,1606
10788.0,3310,0,0,3,9.656020348875053,334.8652567975831,5593.019428013851,1609
10789.0,3307,0,1,4,9.61123924816977,335.5098276383429,5592.0242333696415,1622
10790.0,3306,0,0,1,9.592202415495924,335.90139140955836,5593.918537574862,1633
10791.0,3304,0,0,2,9.55043395864144,336.41797820823246,5596.27398286085,1645
10792.0,3301,0,0,3,9.524840381952869,337.018176310209,5595.150602940827,1653
10793.0,3298,0,0,3,9.498257591253314,337.70194057004244,5596.123501298833,1659
10794.0,3295,0,0,3,9.46162027332601,338.3101669195751,5596.952424013427,1665
10795.0,3291,0,0,4,9.419444143197405,339.0294743239137,5600.39955896976,1671
10796.0,3288,0,0,3,9.371738063457407,339.63138686131384,5599.9230169228895,1680
10797.0,3286,0,0,2,9.332812339008868,340.188679245283,5599.536214302112,1676
10798.0,3285,0,0,1,9.309936511579833,340.67610350076103,5600.441304912136,1693
10799.0,3282,0,0,3,9.258629029432939,341.3287629494211,5598.993744616361,1704
10800.0,3279,0,0,3,9.231382777450705,342.0143336383044,5596.527740197702,1710
10801.0,3277,0,0,2,9.278033516371256,340.7424473603906,5596.36485783201,1593
10802.0,3274,0,0,3,9.362144350867268,340.182956627978,5595.460641818371,1508
10803.0,3272,0,0,2,9.472394381296008,339.77597799511,5596.361690674462,1445
10804.0,3270,0,0,2,9.6222688593127,339.35504587155964,5596.49504750561,1390
10805.0,3270,0,0,0,9.797460040834409,338.86788990825687,5597.1043320001,1348
10806.0,3267,0,1,4,9.948621350508141,338.76798285889197,5595.453726904603,1305
10807.0,3266,0,0,1,10.097118401116955,338.5523576240049,5594.96671298046,1274
10808.0,3265,0,0,1,10.217632636465762,338.4012251148545,5594.506870570174,1258
10809.0,3263,0,0,2,10.304840506128645,338.42414955562367,5593.831982245831,1249
10810.0,3262,0,0,1,10.374031652032112,338.34120171673817,5593.359637495519,1246
10811.0,3261,0,0,1,10.441998576650892,338.4011039558418,5594.067384415423,1236
10812.0,3260,0,0,1,10.507291579195027,338.33650306748467,5593.555805215783,1230
10813.0,3258,0,0,2,10.560854914312298,338.34806629834253,5592.512659834655,1218
10814.0,3258,0,0,0,10.622610688645812,338.17127071823205,5593.066173595657,1219
10815.0,3255,0,0,3,10.664412040004445,338.2605222734255,5591.98147089918,1202
10816.0,3254,0,0,1,10.700307621708175,338.22987092808853,5591.315073942978,1189
10817.0,3252,0,1,3,10.719211414287082,338.23985239852396,5587.864822662924,1179
10818.0,3251,0,0,1,10.74206047999643,338.16056597969856,5587.365386722234,1169
10819.0,3250,0,0,1,10.764147271924784,338.0664615384615,5586.866133616787,1160
10820.0,3248,0,0,2,10.78578362367852,338.2192118226601,5587.68308019292,1160
10821.0,3246,0,0,2,10.789425859533642,338.2966728280961,5587.435933903756,1143
10822.0,3246,0,0,0,10.795227519665376,338.2375231053604,5587.97582913613,1144
10823.0,3241,0,0,5,10.784471176736643,338.70441221845107,5588.32436081564,1143
10824.0,3241,0,0,0,10.803809214828828,338.52298673249,5588.862850607979,1134
10825.0,3238,0,0,3,10.806433559644022,338.58585546633725,5586.266680681894,1130
10826.0,3234,0,0,4,10.794717611528952,338.8429189857761,5585.817588307731,1132
10827.0,3233,0,1,2,10.777955467502805,338.8391586761522,5584.887751336635,1142
10828.0,3232,0,0,1,10.770114476565139,338.83168316831683,5584.466140332087,1132
10829.0,3231,0,0,1,10.76266626470333,338.8387496131229,5583.924661991144,1135
10830.0,3228,0,0,3,10.735686379250811,339.0765179677819,5581.9629871529705,1133
10831.0,3225,0,0,3,10.741668343456993,339.37333333333333,5581.690318188763,1132
10832.0,3225,0,0,0,10.728186609477957,339.24837209302325,5582.230962982763,1132
10833.0,3223,0,0,2,10.72809460838069,339.374185541421,5581.461209562178,1136
10834.0,3222,0,1,2,10.715795336146893,339.35536933581625,5579.608213568242,1137
10835.0,3222,0,0,0,10.683545700445078,339.2405338299193,5580.151325649534,1139
10836.0,3221,0,0,1,10.657346198682815,339.3840422229121,5580.505918323677,1150
10837.0,3221,0,0,0,10.6344723419809,339.16671841043154,5581.052243127043,1152
10838.0,3219,0,0,2,10.605509795655207,339.12581547064303,5579.392186093888,1140
10839.0,3220,0,1,0,10.571534890790485,338.87888198757764,5578.209025736588,1160
10840.0,3218,0,0,2,10.523950120465623,338.97047855811064,5576.557603080384,1172
10841.0,3217,0,0,1,10.470482951003811,339.13863848305874,5575.97575984721,1192
10842.0,3215,0,0,2,10.411772727710186,339.3477449455676,5575.106268780641,1200
10843.0,3214,0,0,1,10.378924005909049,339.45239576851276,5574.62115790842,1211
10844.0,3213,0,0,1,10.318631229575148,339.60068471833176,5574.1331891799055,1228
10845.0,3212,0,1,2,10.246073403005838,339.7680572851806,5570.859216739959,1231
10846.0,3211,0,0,1,10.197971296628232,339.783245094986,5571.574918612362,1229
10847.0,3209,0,0,2,10.148251163853951,339.95574945465876,5571.3126412820875,1235
10848.0,3208,0,0,1,10.111631277885083,340.04208229426433,5572.107818150611,1241
10849.0,3207,0,0,1,10.103704891570974,340.0657935765513,5572.986114057892,1251
10850.0,3206,0,0,1,10.094571908423868,340.1369307548347,5573.35869335242,1259
10851.0,3205,0,0,1,10.077465887330659,340.33946957878317,5574.4920510317825,1283
10852.0,3205,0,1,1,10.054523780739864,340.30577223088926,5574.295992391547,1287
10853.0,3202,0,0,3,10.02067037551582,340.7726420986883,5576.220071929514,1304
10854.0,3201,0,1,2,9.999687091353957,341.10965323336455,5576.579338131034,1328
10855.0,3197,0,0,4,9.967553197399342,341.732248983422,5575.864793596989,1345
10856.0,3196,0,0,1,9.946001252174545,342.0866708385482,5576.851134276781,1360
10857.0,3196,0,1,1,9.935757473695423,342.36576971214015,5574.600029024275,1381
10858.0,3193,0,0,3,9.90341659043664,342.933291575321,5574.962029813395,1392
10859.0,3190,0,0,3,9.880163426399786,343.5059561128527,5573.059115930768,1400
10860.0,3190,0,1,1,9.853805987070961,343.77084639498435,5570.8309356899035,1425
10861.0,3188,0,0,2,9.813140191668037,344.24592220828106,5570.778423290743,1441
10862.0,3187,0,0,1,9.77533183645211,344.6096642610606,5571.378008529694,1454
10863.0,3187,0,0,0,9.757693874999282,344.77690618136177,5571.978376506082,1459
10864.0,3186,0,1,2,9.72334794213633,345.1026365348399,5569.69198296926,1471
10865.0,3185,0,0,1,9.706125258925345,345.4602825745683,5569.179811699452,1481
10866.0,3184,0,1,2,9.694738595929246,345.7697864321608,5565.9166864924455,1476
10867.0,3183,0,0,1,9.674739148191739,346.05340873389883,5565.408905090655,1472
10868.0,3184,0,1,0,9.652925316233267,346.1356783919598,5564.26844049247,1480
10869.0,3183,0,0,1,9.622448835621041,346.54916745208925,5563.816321975329,1502
10870.0,3179,0,0,4,9.593714998417077,347.32022648631647,5562.980363114434,1522
10871.0,3176,0,0,3,9.563169496132163,347.9874055415617,5562.219021582003,1538
10872.0,3171,0,0,5,9.51110237623392,348.8625039419741,5563.141678793515,1555
10873.0,3170,0,1,2,9.46814834610453,349.30094637223976,5560.4945638466725,1572
10874.0,3169,0,0,1,9.448010394324506,349.7690123067214,5561.223547310521,1582
10875.0,3169,0,0,0,9.411890602743537,349.9198485326601,5561.845329713865,1591
10876.0,3168,0,0,1,9.38139956630269,350.363952020202,5563.420155012699,1598
10877.0,3168,0,0,0,9.335661525461347,350.7421085858586,5564.047550019235,1618
10878.0,3166,0,0,2,9.295963127162596,351.17340492735315,5563.06564150402,1616
10879.0,3166,0,1,1,9.275712371189185,351.39197725837016,5562.429252870645,1619
10880.0,3164,0,0,2,9.240058607939769,351.95670037926675,5562.45645111021,1628
10881.0,3162,0,0,2,9.212919875903872,352.5069576217584,5561.762889558279,1646
10882.0,3161,0,0,1,9.195699467963934,352.92787092692186,5561.343557449131,1649
10883.0,3158,0,0,3,9.150754719863151,353.6247625079164,5560.0547305538275,1666
10884.0,3158,0,1,1,9.11350187791876,353.9426852438252,5559.618289932215,1674
10885.0,3157,0,0,1,9.087657822491993,354.47608489071905,5559.205963767495,1698
10886.0,3155,0,0,2,9.061344748840066,355.09698890649764,5560.78336109193,1699
10887.0,3155,0,0,0,9.041246976489308,355.5201267828843,5561.430846815206,1708
10888.0,3154,0,0,1,9.026369233354842,356.0440710209258,5561.019734219051,1715
10889.0,3152,0,0,2,8.991669699364403,356.5526649746193,5559.979588007849,1728
10890.0,3149,0,0,3,8.952848303875145,357.2848523340743,5559.874470787751,1732
10891.0,3149,0,0,0,9.007230314702266,355.9606224198158,5560.523415617443,1611
10892.0,3149,0,0,0,9.100019554500133,355.2238805970149,5561.16456082551,1529
10893.0,3149,0,0,0,9.223871474977262,354.5570022229279,5561.797757633098,1467
10894.0,3148,0,0,1,9.3607890795076,354.2817662007624,5561.279706187394,1423
10895.0,3147,0,0,1,9.523489494166759,354.16714331108994,5560.744452450613,1389
10896.0,3146,0,0,1,9.695128211824425,353.91449459631275,5562.736246465825,1350
10897.0,3142,0,0,4,9.848354013766324,354.2807129217059,5561.869262576744,1320
10898.0,3139,0,0,3,9.987854823218703,354.5406180312201,5561.7845906802295,1308
10899.0,3138,0,0,1,10.076496347052501,354.57265774378584,5561.298224697146,1291
10900.0,3135,0,0,3,10.156380270875305,354.8401913875598,5562.436460124649,1275
10901.0,3135,0,0,0,10.240351810135916,354.7298245614035,5563.001602896032,1260
10902.0,3132,0,0,3,10.304264014744486,354.92432950191574,5562.631081108866,1250
10903.0,3132,0,0,0,10.373497883510861,354.67432950191574,5563.188374685917,1231
10904.0,3129,0,0,3,10.394583774949975,354.79929689996806,5561.978434734061,1218
10905.0,3127,0,0,2,10.430463938034828,354.65270227054685,5563.79668730324,1194
10906.0,3127,0,0,0,10.472545674863193,354.46594179724974,5564.346380898455,1189
10907.0,3126,0,0,1,10.51741653999387,354.3659628918746,5563.825519553164,1180
10908.0,3123,0,0,3,10.537847839527327,354.5590778097983,5563.388088254608,1158
10909.0,3123,0,0,0,10.555149370959873,354.4822286263208,5563.93147678937,1151
10910.0,3122,0,0,1,10.570649472499225,354.3408071748879,5564.724014725736,1134
10911.0,3122,0,0,0,10.590791601162952,354.3446508648302,5565.266712482739,1125
10912.0,3122,0,0,0,10.59842309250447,354.3670723894939,5565.808609727751,1124
10913.0,3120,0,0,2,10.605552874413863,354.5403846153846,5564.058430592572,1115
10914.0,3120,0,0,0,10.626445200855509,354.57980769230767,5564.599457922223,1114
10915.0,3121,0,1,0,10.636404792695709,354.4476129445691,5563.3569788594305,1120
10916.0,3121,0,0,0,10.666244961441052,354.4392822813201,5563.896371009544,1117
10917.0,3120,0,0,1,10.679640584200493,354.35032051282053,5563.368393968218,1113
10918.0,3118,0,0,2,10.669248901733875,354.5137908915972,5561.727673724788,1111
10919.0,3116,0,0,2,10.660232968756242,354.76187419768934,5562.100691996204,1114
10920.0,3112,0,0,4,10.632925635874741,355.13946015424165,5562.349007445485,1117
10921.0,3109,0,0,3,10.595929850858493,355.4425860405275,5560.717772609962,1121
10922.0,3109,0,0,0,10.566800935481307,355.48825989064005,5561.260285122487,1124
10923.0,3109,0,0,0,10.556481958977741,355.4724991958829,5561.803040051212,1130
10924.0,3108,0,1,2,10.541668241452797,355.5160875160875,5560.441848836175,1131
10925.0,3107,0,0,1,10.522161694867863,355.4390086900547,5559.915396532246,1133
10926.0,3105,0,0,2,10.504226179575117,355.65346215781,5559.130252266857,1140
10927.0,3103,0,0,2,10.468413964916317,355.90009668063163,5557.440095868539,1135
10928.0,3103,0,0,0,10.439195595876951,355.8411214953271,5557.990217302542,1141
10929.0,3102,0,0,1,10.390389918622965,356.05802707930366,5558.904867353685,1150
10930.0,3101,0,0,1,10.361088683364361,356.21670428893907,5560.022683314596,1158
10931.0,3100,0,1,2,10.312116338219981,356.5025806451613,5557.787613322584,1166
10932.0,3100,0,0,0,10.266034404793762,356.5590322580645,5558.348731149707,1171
10933.0,3097,0,0,3,10.21369826744398,356.97416855020987,5559.244654501227,1176
10934.0,3095,0,0,2,10.168513030368134,357.2633279483037,5558.794839151476,1182
10935.0,3095,0,0,0,10.141079396458407,357.44232633279483,5559.364746984666,1209
10936.0,3094,0,1,2,10.120567263349932,357.6373626373626,5557.4896931498715,1209
10937.0,3090,0,0,4,10.087384157195292,358.195145631068,5556.186404336069,1215
10938.0,3090,0,0,0,10.077596196619188,358.31100323624594,5556.760105425885,1224
10939.0,3089,0,0,1,10.069073294616777,358.5619941728715,5556.260500875088,1226
10940.0,3090,0,1,0,10.054546482804515,358.59546925566343,5555.038546208579,1236
10941.0,3088,0,1,3,10.012562597999237,358.96923575129534,5554.61931137194,1249
10942.0,3088,0,0,0,9.99462251021722,359.14993523316065,5555.200456489763,1260
10943.0,3087,0,0,1,9.973914620115968,359.23291221250406,5556.086529593749,1266
10944.0,3086,0,1,2,9.932433734348608,359.6195722618276,5552.7093857310665,1284
10945.0,3085,0,2,3,9.872484925796478,359.9021069692058,5546.431482573173,1299
10946.0,3085,0,0,0,9.855541452255505,360.0580226904376,5547.022078881573,1307
10947.0,3086,0,2,1,9.808240789821221,360.1189241736876,5542.9235795467675,1319
10948.0,3085,0,0,1,9.772435687332521,360.51799027552676,5542.435259112662,1340
10949.0,3085,0,1,1,9.737146593766473,360.7196110210697,5541.9915433404085,1354
10950.0,3086,0,1,0,9.720666931176499,360.8554763447829,5540.795922348777,1364
10951.0,3085,0,1,2,9.68832093626706,361.15040518638574,5538.349342533292,1376
10952.0,3084,0,0,1,9.665153956544748,361.48994811932556,5539.095438154783,1387
10953.0,3084,0,2,2,9.630260225492062,361.79798962386513,5533.851459672925,1405
10954.0,3085,0,1,0,9.591739859840292,361.87585089141004,5532.6670262390335,1412
10955.0,3083,0,0,2,9.543797527396963,362.2941939669153,5531.1137024856,1420
10956.0,3083,0,1,1,9.52578521957035,362.4709698345767,5528.772244028465,1429
10957.0,3084,0,2,1,9.510810061056006,362.4192607003891,5524.730484603561,1429
10958.0,3084,0,1,1,9.51396945010662,362.62581063553824,5522.483286597799,1438
10959.0,3083,0,0,1,9.490629507788764,363.028543626338,5522.019179187395,1449
10960.0,3085,0,2,0,9.443731493064028,363.0551053484603,5519.061726610758,1460
10961.0,3085,0,1,1,9.405713540577935,363.32058346839545,5516.823922365502,1461
10962.0,3085,0,0,0,9.378190703779428,363.580226904376,5517.452131510329,1470
10963.0,3084,0,1,2,9.341035826682425,363.95201037613487,5514.131661163985,1483
10964.0,3084,0,0,0,9.308398604659546,364.2953955901427,5514.763281066074,1509
10965.0,3083,0,0,1,9.25974747851512,364.7152124554006,5514.317850230998,1512
10966.0,3080,0,0,3,9.212796888686889,365.3431818181818,5512.313466535346,1516
10967.0,3080,0,1,1,9.156550333234682,365.7422077922078,5511.630936636127,1546
10968.0,3079,0,1,2,9.094979297719057,366.22279961026305,5509.442482704925,1561
10969.0,3080,0,1,0,9.052945470222198,366.49253246753244,5508.299441524311,1573
10970.0,3079,0,0,1,9.001452834345542,366.9421890224099,5510.340314724179,1582
10971.0,3078,0,0,1,8.976643313741327,367.4148797920728,5509.917495881993,1596
10972.0,3078,0,0,0,8.95527773794125,367.71767381416504,5510.568655881616,1604
10973.0,3075,0,0,3,8.910802459495564,368.4549593495935,5507.813325761972,1612
10974.0,3072,0,0,3,8.855114784765542,369.1774088541667,5505.0486156729885,1619
10975.0,3071,0,0,1,8.82684055152207,369.6310647997395,5504.629815575445,1616
10976.0,3071,0,0,0,8.823092162916396,370.0068381634647,5505.286886053412,1621
10977.0,3071,0,0,0,8.813409146678074,370.41224356887005,5505.944396186699,1625
10978.0,3070,0,0,1,8.782062725758845,370.8785016286645,5505.526959983752,1636
10979.0,3070,0,0,0,8.767958508657703,371.2872964169381,5506.187775263266,1641
10980.0,3069,0,0,1,8.735655462240203,371.7403062886934,5508.044041820128,1651
10981.0,3066,0,0,3,8.781068757423824,370.6983039791259,5508.101531495707,1531
10982.0,3063,0,0,3,8.85542848606519,370.25367286973557,5507.885192094849,1464
10983.0,3062,0,0,1,9.005185643361797,369.8468321358589,5508.08679388495,1393
10984.0,3059,0,0,3,9.160427705957758,369.67080745341616,5507.675108800748,1346
10985.0,3055,0,0,4,9.330052163309604,369.54238952536826,5507.2613921748625,1294
10986.0,3054,0,0,1,9.51083467961417,369.28519973804845,5506.707636571749,1266
10987.0,3052,0,0,2,9.68040305374038,369.0727391874181,5510.103586352413,1233
10988.0,3050,0,1,3,9.801939497190032,369.15180327868853,5505.59306628085,1212
10989.0,3045,0,0,5,9.913892985070094,369.6413793103448,5507.547533829848,1208
10990.0,3045,0,0,0,10.017708545976152,369.38522167487685,5508.124514290364,1195
10991.0,3044,0,0,1,10.07407105065936,369.2838370565046,5507.607327330967,1199
10992.0,3043,0,0,1,10.131434480777129,369.3154781465659,5507.095289009799,1188
10993.0,3042,0,0,1,10.202927852348902,369.379684418146,5506.625808347304,1195
10994.0,3040,0,0,2,10.248299827448083,369.53322368421055,5505.0238699177635,1190
10995.0,3039,0,0,1,10.30119651550988,369.49226719315567,5504.806356997749,1179
10996.0,3039,0,0,0,10.33741534015141,369.45212240868705,5505.36158752774,1178
10997.0,3039,0,0,0,10.377371428613227,369.3754524514643,5505.915278691428,1171
10998.0,3039,0,0,0,10.392507625602304,369.29647910496874,5506.467905536888,1154
10999.0,3039,0,0,0,10.4059654420223,369.23823626192825,5507.0187905311595,1154
11000.0,3039,0,0,0,10.41877023152624,369.17637380717343,5507.569402767414,1157
11001.0,3039,0,0,0,10.435724649342571,369.13425468904245,5508.118822286136,1149
11002.0,3039,0,0,0,10.44341341836051,368.92102665350444,5508.667544733505,1151
11003.0,3039,0,0,0,10.429616921539619,368.88746298124386,5509.216461465573,1151
11004.0,3037,0,0,2,10.430295189656535,369.0790253539677,5507.637142129488,1153
11005.0,3036,0,0,1,10.424140469218516,369.1231884057971,5506.973729118063,1148
11006.0,3036,0,0,0,10.428792555179344,369.0431488801054,5507.524470564908,1151
11007.0,3035,0,1,2,10.418522527038833,369.01186161449755,5503.9421784242495,1144
11008.0,3033,0,0,2,10.405545894418266,369.26805143422354,5502.14936889023,1134
11009.0,3031,0,0,2,10.374526117034813,369.58132629495213,5500.52393393522,1138
11010.0,3031,0,0,0,10.364238141831764,369.6166281755196,5501.078387374215,1143
11011.0,3030,0,0,1,10.35293598882645,369.6623762376238,5501.446938605745,1137
11012.0,3025,0,0,5,10.303283101060588,370.26842975206614,5501.617147143512,1151
11013.0,3024,0,0,1,10.31405690462339,370.2632275132275,5502.21084372633,1147
11014.0,3024,0,0,0,10.318914713445649,370.2304894179894,5502.768497625935,1146
11015.0,3022,0,1,3,10.308781527915468,370.5334215751158,5500.545495597097,1152
11016.0,3020,0,0,2,10.287710683985962,370.7473509933775,5500.105216315851,1163
11017.0,3017,0,0,3,10.28037001586847,371.0815379516076,5500.430034476255,1156
11018.0,3014,0,0,3,10.2551321522688,371.42966157929663,5498.916536339895,1154
11019.0,3012,0,0,2,10.225106881634021,371.64940239043824,5498.330026113213,1160
11020.0,3011,0,1,2,10.203012741541162,371.76785121222184,5496.481713071638,1161
11021.0,3011,0,0,0,10.177383398775886,371.8575224178014,5497.0502722085475,1174
11022.0,3010,0,0,1,10.155166716348738,372.0890365448505,5497.561342017169,1188
11023.0,3009,0,0,1,10.122872218396333,372.3928215353938,5498.452144396902,1208
11024.0,3008,0,0,1,10.058397805121556,372.6944813829787,5497.924465719763,1215
11025.0,3006,0,0,2,9.992336063482236,373.16566866267465,5498.969610190299,1235
11026.0,3005,0,1,2,9.928782732171012,373.40765391014975,5496.949699609122,1242
11027.0,3005,0,0,0,9.903892957922809,373.5114808652246,5497.536955132301,1246
11028.0,3001,0,0,4,9.871230423768163,374.0903032322559,5495.852751652427,1247
11029.0,3000,0,0,1,9.872616136024668,374.37266666666665,5496.439319663332,1260
11030.0,2997,0,0,3,9.860013198090662,374.92392392392395,5494.514507504958,1261
11031.0,2994,0,0,3,9.850753549606281,375.498663994656,5494.040108096805,1276
11032.0,2992,0,0,2,9.836138686283268,375.97627005347596,5493.520151958685,1294
11033.0,2989,0,0,3,9.803727743428496,376.5600535296086,5491.880836353779,1301
11034.0,2988,0,1,2,9.757663010240357,376.9578313253012,5490.623883956568,1315
11035.0,2985,0,0,3,9.7002878559334,377.5778894472362,5492.771128595354,1332
11036.0,2982,0,0,3,9.656727277360462,378.17002012072436,5492.237317440205,1338
11037.0,2979,0,0,3,9.627350430743057,378.7670359180933,5493.25008252903,1347
11038.0,2978,0,0,1,9.637597991824238,379.13700470114173,5492.69789765191,1359
11039.0,2977,0,0,1,9.629060785205779,379.41417534430633,5492.878566734287,1368
11040.0,2975,0,0,2,9.597877748287036,379.8127731092437,5491.106844144714,1386
11041.0,2974,0,0,1,9.56764912815809,380.21318090114323,5490.589823911821,1394
11042.0,2974,0,1,1,9.55120861717294,380.47646267652993,5488.197361203929,1403
11043.0,2971,0,0,3,9.504341059541872,381.1420397172669,5486.064760753228,1416
11044.0,2970,0,0,1,9.469721825793577,381.51851851851853,5487.4287701281755,1413
11045.0,2970,0,0,0,9.45166025115959,381.6750841750842,5488.050624154028,1415
11046.0,2968,0,0,2,9.406671736829386,382.00909703504044,5486.464011292071,1420
11047.0,2969,0,2,1,9.373450354968732,381.9632873021219,5482.284646346582,1423
11048.0,2968,0,0,1,9.349968140083954,382.36185983827494,5481.814523235508,1428
11049.0,2968,0,0,0,9.330869777151593,382.64521563342316,5482.4424378783815,1423
11050.0,2966,0,0,2,9.301545400481848,383.2053270397842,5480.918318110666,1430
11051.0,2965,0,0,1,9.271664368747427,383.6178752107926,5480.391335574387,1445
11052.0,2963,0,0,2,9.24349004709481,384.1451231859602,5479.798807094266,1445
11053.0,2965,0,2,0,9.214136502486165,384.11669477234403,5476.736211490464,1455
11054.0,2964,0,0,1,9.20180248968669,384.4251012145749,5477.55253782778,1468
11055.0,2961,0,0,3,9.17937559489549,385.12833502195207,5477.591767451265,1483
11056.0,2959,0,0,2,9.159995500485667,385.7637715444407,5478.509940013208,1497
11057.0,2958,0,0,1,9.148952422328398,386.1267748478702,5478.022220533459,1505
11058.0,2954,0,0,4,9.111698013898717,386.82532159783347,5477.418693506673,1501
11059.0,2955,0,1,0,9.088207491596696,387.07445008460235,5476.209017750562,1510
11060.0,2956,0,1,0,9.058978346956001,387.2905953991881,5475.002847208316,1523
11061.0,2956,0,1,1,9.035834100465438,387.5659675236806,5472.697196497677,1521
11062.0,2955,0,0,1,9.005273964750796,388.03451776649746,5472.0705027993135,1523
11063.0,2952,0,0,3,8.979342682665118,388.87364498644985,5471.92773815595,1541
11064.0,2947,0,0,5,8.930383041026172,389.79776043434003,5468.127101131549,1550
11065.0,2946,0,0,1,8.889859829643882,390.16395112016295,5470.23083827621,1565
11066.0,2943,0,0,3,8.840485315838036,390.91675161399934,5468.152832002116,1577
11067.0,2940,0,0,3,8.786114090552289,391.66802721088436,5466.887859649575,1589
11068.0,2937,0,0,3,8.733769656677428,392.3445692883895,5464.905224680864,1598
11069.0,2936,0,0,1,8.689963687105084,392.8133514986376,5464.3057072959145,1602
11070.0,2936,0,0,0,8.670609684626264,393.1628065395095,5464.971969816762,1613
11071.0,2935,0,0,1,8.734389416001614,391.9485519591141,5466.414869853417,1495
11072.0,2933,0,0,2,8.806300762778495,391.41936583702693,5465.91058510638,1426
11073.0,2933,0,0,0,8.926570829810949,390.90044323218547,5466.556935365065,1369
11074.0,2932,0,0,1,9.067502942784893,390.60538881309685,5466.071538398541,1325
11075.0,2931,0,0,1,9.22847771240891,390.2258614807233,5465.61340301203,1274
11076.0,2928,0,0,3,9.384227448099981,390.32581967213116,5462.702454604366,1252
11077.0,2927,0,0,1,9.538539234673468,390.1766313631705,5462.1828844060665,1215
11078.0,2926,0,0,1,9.656494255683581,390.0635680109364,5461.654467317956,1203
11079.0,2925,0,0,1,9.778200729480504,390.06017094017096,5461.119661426322,1186
11080.0,2924,0,0,1,9.872708796856775,390.11935704514366,5460.573648198057,1177
11081.0,2924,0,0,0,9.958571982442798,389.8792749658003,5461.147195506822,1159
11082.0,2923,0,0,1,10.011361412688697,389.92165583304825,5461.321699487578,1150
11083.0,2922,0,0,1,10.06596728137115,389.8237508555784,5460.626595251308,1135
11084.0,2919,0,0,3,10.128354146291896,389.94073312778346,5459.294536972454,1127
11085.0,2919,0,0,0,10.200447743302425,389.8016443987667,5459.8536486675175,1115
11086.0,2914,0,0,5,10.218231116644263,390.321551132464,5457.367110109121,1108
11087.0,2914,0,0,0,10.275391826195694,390.17604667124226,5457.922019529194,1089
11088.0,2914,0,0,0,10.285850277575012,390.10775566231985,5458.475922067566,1087
11089.0,2912,0,0,2,10.297299113542218,390.1909340659341,5459.372432037822,1074
11090.0,2911,0,0,1,10.300445971575483,390.1776021985572,5458.799943581514,1056
11091.0,2910,0,0,1,10.295775063726564,390.2604810996564,5458.208545522031,1054
11092.0,2910,0,0,0,10.304475241417427,390.073883161512,5458.75901410639,1053
11093.0,2908,0,0,2,10.295390401068646,390.3029573590096,5458.559910020029,1051
11094.0,2905,0,0,3,10.30226724783105,390.17418244406196,5457.146495322143,1028
11095.0,2904,0,0,1,10.319467815577474,389.89497245179064,5459.130986264131,1020
11096.0,2903,0,0,1,10.336077268474472,389.92111608680676,5458.55573449375,1017
11097.0,2904,0,1,0,10.344200903187263,389.69800275482095,5457.225809388286,1008
11098.0,2904,0,0,0,10.367772432204177,389.43904958677683,5457.774521304042,988
11099.0,2903,0,0,1,10.360820533477947,389.5280744057871,5457.195188426545,982
11100.0,2903,0,0,0,10.345753335622083,389.5446090251464,5457.746451430467,1000
11101.0,2903,0,0,0,10.324798985309041,389.5669996555288,5458.299778889399,998
11102.0,2903,0,0,0,10.30338180555503,389.4946606958319,5458.854515716208,995
11103.0,2902,0,1,2,10.278817125790981,389.5947622329428,5458.219305616327,1009
11104.0,2902,0,0,0,10.238107834163516,389.56650585802896,5458.7779701370155,1025
11105.0,2901,0,0,1,10.196325994012867,389.7145811789038,5458.217693541061,1029
11106.0,2898,0,0,3,10.149427347168078,390.07556935817803,5459.568898297866,1044
11107.0,2896,0,0,2,10.126856018128345,390.3860497237569,5460.3186483908685,1054
11108.0,2895,0,0,1,10.111592012176507,390.62556131260794,5460.887177367269,1056
11109.0,2892,0,1,4,10.067638487533603,391.0598201936376,5456.99255265737,1064
11110.0,2890,0,0,2,10.026448326083363,391.32145328719724,5455.299908450846,1070
11111.0,2888,0,0,2,9.983718119696682,391.6745152354571,5455.9732850525215,1079
11112.0,2887,0,0,1,9.943863047421727,391.92310356771736,5457.969445912633,1085
11113.0,2887,0,0,0,9.902941431568351,392.11950121233116,5458.548744546807,1097
11114.0,2884,0,0,3,9.828560165859118,392.6345353675451,5460.711906635223,1108
11115.0,2884,0,1,1,9.800919553177444,392.8235090152566,5459.682286519824,1123
11116.0,2883,0,0,1,9.742492867187966,393.1352757544225,5458.944710549155,1137
11117.0,2883,0,0,0,9.698585557661026,393.19354838709677,5459.538147549395,1132
11118.0,2881,0,0,2,9.675564050472945,393.6407497396737,5459.217575973328,1138
11119.0,2880,0,1,2,9.619664314364195,393.9982638888889,5456.325433047561,1161
11120.0,2878,0,0,2,9.572337628342456,394.4669909659486,5454.661473417983,1160
11121.0,2877,0,0,1,9.542695802694366,394.8213416753563,5456.26833638222,1169
11122.0,2878,0,1,0,9.53469673623579,394.89715079916607,5454.972021117839,1183
11123.0,2877,0,0,1,9.512336272074394,395.2610358011818,5455.471091495874,1196
11124.0,2880,0,3,0,9.496315164094787,395.13368055555554,5450.390874009479,1207
11125.0,2878,0,0,2,9.475457069098052,395.67095205003477,5450.124950909752,1213
11126.0,2879,0,1,0,9.44996133499612,395.80340395970825,5448.8389965442975,1222
11127.0,2874,0,0,5,9.393577386760924,396.7981906750174,5448.698316221703,1252
11128.0,2871,0,0,3,9.344771416559146,397.45071403692094,5446.424298187854,1266
11129.0,2871,0,1,1,9.328026957324065,397.67014977359804,5443.879368960187,1277
11130.0,2870,0,0,1,9.304028877809404,398.05574912891984,5444.062493723707,1296
11131.0,2868,0,0,2,9.285994878823704,398.54951185495116,5442.024525180083,1314
11132.0,2867,0,1,2,9.266146066580271,398.9131496337635,5439.690837196384,1320
11133.0,2867,0,1,1,9.261984095196198,399.27799093128704,5437.31193308335,1348
11134.0,2866,0,1,2,9.233745580896771,399.6085136078158,5433.663330710923,1344
11135.0,2864,0,0,2,9.219483348666406,400.0551675977654,5435.606742569865,1350
11136.0,2865,0,2,1,9.184326133036363,400.10924956369985,5431.31689406827,1349
11137.0,2864,0,1,2,9.165873461287422,400.4633379888268,5428.997527150007,1357
11138.0,2863,0,1,2,9.130201923225608,400.86238211666085,5425.490976653485,1365
11139.0,2862,0,0,1,9.11154295643007,401.2313067784766,5427.40388956646,1369
11140.0,2861,0,0,1,9.096240896392938,401.6141209367354,5428.333521080327,1379
11141.0,2860,0,1,2,9.044586386168636,402.0765734265734,5426.294385478493,1393
11142.0,2859,0,1,2,9.019081222996771,402.4931794333683,5423.897745416169,1409
11143.0,2859,0,1,1,8.987770930026834,402.76740118922703,5421.50871920092,1422
11144.0,2859,0,0,0,8.966962139908786,402.98565932144106,5422.151918123148,1418
11145.0,2859,0,1,1,8.943069255077061,403.2507869884575,5419.8994578703605,1434
11146.0,2859,0,0,0,8.919431359270435,403.5529905561385,5420.545916964098,1443
11147.0,2859,0,1,1,8.899478462874075,403.8139209513816,5419.4915515495095,1442
11148.0,2858,0,1,2,8.849084518104178,404.184744576627,5415.837847713357,1446
11149.0,2859,0,2,1,8.815061353885694,404.3392794683456,5411.595530054698,1466
11150.0,2858,0,0,1,8.807079959515251,404.778866340098,5410.996688765492,1467
11151.0,2858,0,1,1,8.797268186252019,405.017844646606,5411.225000606793,1484
11152.0,2857,0,0,1,8.772366830847291,405.42597129856495,5410.713145120861,1481
11153.0,2856,0,0,1,8.745620285624868,405.88235294117646,5411.920107716909,1492
11154.0,2856,0,0,0,8.74353598072949,406.2622549019608,5412.576318500767,1503
11155.0,2854,0,0,2,8.714152305899281,406.9295725297828,5412.875164905201,1513
11156.0,2853,0,0,1,8.68907718743706,407.4798457763757,5412.411322245703,1525
11157.0,2852,0,0,1,8.667346598381565,407.93548387096774,5411.9885216912835,1522
11158.0,2851,0,0,1,8.626243864226309,408.3833742546475,5411.398609679784,1528
11159.0,2849,0,0,2,8.58777825065661,409.1003861003861,5412.877853378373,1544
11160.0,2849,0,0,0,8.577583697165823,409.42155142155144,5413.542821326254,1551
11161.0,2848,0,0,1,8.637612840535914,408.1762640449438,5413.101859502853,1446
11162.0,2847,0,0,1,8.74306721590793,407.5198454513523,5412.669210958587,1372
11163.0,2846,0,0,1,8.87589331123196,407.1781447645819,5412.200702669554,1315
11164.0,2845,0,0,1,9.032354874798674,406.8562390158172,5411.687988497662,1274
11165.0,2843,0,0,2,9.196165741609805,406.804080196975,5411.237835190764,1242
11166.0,2842,0,0,1,9.354516304679132,406.6326530612245,5413.327655705374,1205
11167.0,2841,0,0,1,9.510020137688988,406.4449137627596,5413.834263951694,1169
11168.0,2840,0,0,1,9.641393518558488,406.40774647887326,5413.273332751019,1150
11169.0,2839,0,0,1,9.751618407862313,406.34624867911236,5413.678528254347,1123
11170.0,2837,0,0,2,9.842469949416364,406.645400070497,5412.929213662207,1120
11171.0,2835,0,0,2,9.917902875389629,406.86913580246915,5411.220581655473,1106
11172.0,2834,0,0,1,9.978730462778735,406.97141848976713,5412.116299571187,1104
11173.0,2832,0,0,2,10.025233287346465,407.305790960452,5412.167087287886,1106
11174.0,2832,0,0,0,10.106666407935819,407.2249293785311,5412.72502703794,1091
11175.0,2831,0,0,1,10.163538123937144,407.34793359237017,5412.1219857265805,1088
11176.0,2831,0,0,0,10.207324991163352,407.28011303426354,5412.673295946784,1075
11177.0,2830,0,0,1,10.231415050323609,407.41837455830387,5412.081531704373,1064
11178.0,2829,0,0,1,10.240685764885649,407.48851184164016,5411.5017398188165,1059
11179.0,2827,0,0,2,10.240335556471676,407.66006367173685,5409.565816322732,1042
11180.0,2825,0,0,2,10.231145300908022,407.93734513274336,5407.879926722862,1042
11181.0,2824,0,0,1,10.228097140310235,408.01026912181305,5407.374419546422,1041
11182.0,2822,0,0,2,10.214157082449555,408.3136073706591,5405.843810313549,1045
11183.0,2821,0,0,1,10.209124876938322,408.45586671393124,5406.499455087392,1040
11184.0,2820,0,0,1,10.18892368954221,408.61489361702127,5405.894435001545,1036
11185.0,2818,0,0,2,10.143400672757544,408.9389638041164,5404.105996325662,1037
11186.0,2815,0,0,3,10.110825965136396,409.34245115452933,5404.402216284962,1044
11187.0,2814,0,1,2,10.099545243144744,409.56503198294246,5400.599773596555,1056
11188.0,2812,0,0,2,10.092635821301629,409.9082503556188,5399.661715479018,1052
11189.0,2811,0,0,1,10.09375148893611,410.048381358947,5398.795642859872,1050
11190.0,2809,0,1,3,10.086757103800466,410.37308650765397,5394.754879005076,1046
11191.0,2809,0,0,0,10.076892311451955,410.3004627981488,5395.308952313063,1044
11192.0,2808,0,0,1,10.05661740216462,410.4451566951567,5394.684560570834,1049
11193.0,2807,0,0,1,10.04410583335028,410.56750979693624,5394.092290718676,1049
11194.0,2806,0,1,2,10.00264581463393,410.7790449037776,5390.3659654061985,1055
11195.0,2805,0,0,1,9.974639000939375,411.0060606060606,5392.294350386462,1062
11196.0,2803,0,0,2,9.928939600980648,411.38708526578665,5390.326003442304,1065
11197.0,2801,0,0,2,9.899774652634255,411.7654409139593,5391.220887871371,1061
11198.0,2801,0,0,0,9.876846542335805,411.8029275258836,5391.787857082003,1072
11199.0,2799,0,1,3,9.829066713540932,412.2518756698821,5387.296475362255,1086
11200.0,2797,0,0,2,9.78510105403031,412.6428316052914,5386.3474115158715,1093
11201.0,2797,0,0,0,9.764050303952404,412.745441544512,5386.921512351755,1102
11202.0,2797,0,0,0,9.724400420990403,412.9159814086521,5387.498145566085,1111
11203.0,2795,0,0,2,9.695412492310602,413.32236135957066,5386.898821381125,1116
11204.0,2792,0,0,3,9.645413120078631,413.9652578796562,5384.739039997685,1122
11205.0,2791,0,0,1,9.634742585571068,414.2952346829093,5383.956716914613,1134
11206.0,2791,0,1,1,9.616887574247041,414.47438194195627,5381.851331341251,1153
11207.0,2790,0,0,1,9.556086867451691,414.7616487455197,5381.727721654423,1153
11208.0,2789,0,0,1,9.520643142466204,415.10684833273575,5381.766631016001,1167
11209.0,2788,0,0,1,9.477924629137243,415.4175035868006,5381.701247421671,1166
11210.0,2787,0,0,1,9.44339017826702,415.7183351273771,5380.955732340835,1168
11211.0,2787,0,1,1,9.397346564595315,415.91819160387513,5378.303942120876,1189
11212.0,2786,0,0,1,9.347986964974707,416.254127781766,5377.698835036102,1192
11213.0,2785,0,0,1,9.33394763501396,416.51956912028726,5378.5337106908355,1204
11214.0,2784,0,1,2,9.284549609212256,416.85704022988506,5376.524412844463,1217
11215.0,2783,0,1,2,9.242222980666913,417.16564858066835,5375.383203192505,1220
11216.0,2782,0,0,1,9.1995932235665,417.5165348670022,5376.57292305617,1234
11217.0,2780,0,0,2,9.168032427575893,418.0025179856115,5374.634457174126,1245
11218.0,2780,0,0,0,9.132351383941467,418.26690647482013,5375.248598417827,1263
11219.0,2778,0,1,3,9.068557544408492,418.8016558675306,5375.410492910895,1278
11220.0,2777,0,0,1,9.049578709127104,419.2387468491178,5375.604637567757,1298
11221.0,2776,0,0,1,9.013933294783975,419.6743515850144,5374.807328037313,1317
11222.0,2777,0,1,0,8.985052557880449,419.8469571480014,5373.4969149015415,1331
11223.0,2776,0,0,1,8.95454456994411,420.2492795389049,5373.961241900869,1337
11224.0,2777,0,1,0,8.955968394207481,420.38314728123873,5372.654708997233,1351
11225.0,2778,0,1,0,8.94801004330445,420.52087832973365,5371.3508146615995,1354
11226.0,2778,0,0,0,8.949460036549652,420.75773938084956,5371.981630343188,1372
11227.0,2777,0,0,1,8.933899032666814,421.13899891969754,5371.4797337585815,1388
11228.0,2776,0,0,1,8.91149167358554,421.5450288184438,5372.7453206818045,1383
11229.0,2774,0,0,2,8.87240186161487,422.1589762076424,5373.746560090671,1405
11230.0,2774,0,1,1,8.826550423274304,422.507570295602,5372.825126795136,1419
11231.0,2772,0,1,3,8.780425559351453,423.0728715728716,5368.661506021145,1421
11232.0,2772,0,1,1,8.750687154952374,423.31349206349205,5367.791647833855,1426
11233.0,2770,0,0,2,8.720185069555118,423.8884476534296,5366.140969014248,1441
11234.0,2769,0,0,1,8.684858594820609,424.3091368725172,5365.4124727253475,1452
11235.0,2770,0,1,0,8.640816593962859,424.46714801444045,5364.125163567628,1459
11236.0,2771,0,1,0,8.601691369220061,424.65391555395166,5362.841270948501,1469
11237.0,2772,0,1,0,8.572691653966615,424.7961760461761,5361.560501227869,1480
11238.0,2769,0,0,3,8.523192552377996,425.5821596244131,5360.125074046835,1485
11239.0,2769,0,2,2,8.48406794054859,425.88660166124953,5354.521612111183,1494
11240.0,2768,0,0,1,8.450502492865242,426.4096820809249,5356.063780762943,1503
11241.0,2768,0,1,1,8.443444709669476,426.6813583815029,5355.264838550552,1504
11242.0,2767,0,0,1,8.44797031419764,427.14419949403685,5354.552850185413,1518
11243.0,2768,0,1,0,8.452606918113284,427.2543352601156,5353.280565456902,1522
11244.0,2766,0,0,2,8.42654512734903,427.91540130151844,5354.0904774906885,1524
11245.0,2765,0,0,1,8.412975203658336,428.42169981916817,5353.3537732006325,1532
11246.0,2765,0,1,1,8.365206772559908,428.7591320072333,5352.171031027712,1542
11247.0,2765,0,0,0,8.352698527921087,429.13996383363474,5352.841069137806,1546
11248.0,2765,0,0,0,8.345159465944073,429.57938517179025,5353.51196807803,1556
11249.0,2764,0,0,1,8.326603165433529,430.1841534008683,5354.728619604948,1569
11250.0,2762,0,0,2,8.308107779577751,430.8841419261405,5355.3145362870255,1576
11251.0,2762,0,0,0,8.397676737037887,429.3381607530775,5355.982361756866,1462
11252.0,2761,0,0,1,8.518715721318761,428.5045273451648,5356.996276214095,1389
11253.0,2759,0,0,2,8.643321631724127,428.09169989126497,5358.509540270133,1331
11254.0,2758,0,0,1,8.789326732332022,427.72407541696884,5359.368091118001,1293
11255.0,2757,0,0,1,8.92196936321265,427.5088864708016,5359.007748745731,1273
11256.0,2756,0,0,1,9.089216986769173,427.48621190130626,5359.847596747232,1254
11257.0,2755,0,0,1,9.24937110861881,427.40508166969147,5359.452982789934,1233
11258.0,2754,0,0,1,9.387479403949326,427.40450254175744,5360.184187621215,1218
11259.0,2754,0,0,0,9.494033923209425,427.22585330428467,5360.779106821428,1203
11260.0,2751,0,0,3,9.54620333742348,427.4936386768448,5362.7375904539895,1169
11261.0,2750,0,0,1,9.610079503909365,427.40327272727274,5363.5522976200955,1155
11262.0,2750,0,0,0,9.646406476290357,427.2581818181818,5364.136087514127,1146
11263.0,2750,0,0,0,9.699536864584456,427.12072727272727,5364.717233299269,1141
11264.0,2749,0,0,1,9.752902787179082,427.1244088759549,5364.488054235616,1130
11265.0,2748,0,0,1,9.806071735959524,427.10407569141194,5366.571821554463,1123
11266.0,2747,0,0,1,9.839014564817111,427.1499817983254,5365.694688254605,1128
11267.0,2745,0,0,2,9.863210900332513,427.31475409836065,5367.419475175677,1124
11268.0,2744,0,0,1,9.925368986066077,426.98032069970844,5368.11281421681,1089
11269.0,2743,0,0,1,9.984178945970427,427.1254101348888,5367.77212140262,1082
11270.0,2742,0,0,1,10.013171262037481,427.19365426695845,5367.838130465186,1079
11271.0,2741,0,0,1,10.03141741161965,427.4516599781102,5369.938536724124,1075
11272.0,2741,0,0,0,10.04192634291781,427.391827800073,5370.500864866937,1070
11273.0,2740,0,0,1,10.01185731891957,427.51788321167885,5370.116859565576,1066
11274.0,2740,0,0,0,10.004171444202772,427.4182481751825,5370.680543514788,1068
11275.0,2738,0,0,2,9.964355173270748,427.79218407596784,5370.073489930481,1071
11276.0,2736,0,0,2,9.953755587958675,428.0698099415205,5369.981894606414,1074
11277.0,2735,0,0,1,9.944377249065365,428.1886654478976,5370.323102283771,1065
11278.0,2735,0,1,1,9.919883492303878,428.2212065813528,5368.399857921214,1071
11279.0,2734,0,0,1,9.878950110517573,428.306510607169,5369.986975693973,1070
11280.0,2734,0,0,0,9.85333604141332,428.3226042428676,5370.5567544172445,1070
11281.0,2732,0,0,2,9.811799935012996,428.6808199121523,5368.744471327689,1081
11282.0,2731,0,0,1,9.799355913569462,428.892347125595,5370.811545864248,1068
11283.0,2731,0,0,0,9.787094672436956,428.8806298059319,5371.385375322971,1078
11284.0,2731,0,1,1,9.751725214079102,428.9296960820212,5371.388807174248,1084
11285.0,2731,0,0,0,9.73235243256798,429.03588429146834,5371.9667099442395,1087
11286.0,2729,0,0,2,9.686735467066342,429.46317332356176,5370.358171246107,1095
11287.0,2728,0,0,1,9.659851922094727,429.7276392961877,5371.273550927972,1110
11288.0,2728,0,0,0,9.653189107147687,429.84494134897363,5371.857751168556,1109
11289.0,2727,0,0,1,9.618838324307362,430.1059772643931,5373.9330597916605,1110
11290.0,2727,0,1,1,9.575134436751092,430.33296662999635,5374.033715561154,1124
11291.0,2727,0,0,0,9.549473600009755,430.4957829116245,5374.624505007808,1126
11292.0,2726,0,0,1,9.51167476556022,430.8884812912693,5376.119621360629,1137
11293.0,2725,0,0,1,9.456340039743962,431.22422018348624,5377.095353754027,1137
11294.0,2721,0,0,4,9.387807460019944,432.12164645350975,5381.96532597169,1159
11295.0,2722,0,1,0,9.342573542566944,432.1675238795004,5380.592991246998,1179
11296.0,2722,0,0,0,9.29714923526344,432.3181484202792,5381.200984180524,1184
11297.0,2721,0,0,1,9.2672034777303,432.62403528114663,5382.0103504166045,1182
11298.0,2720,0,0,1,9.226579659178471,433.00073529411765,5381.811143744284,1193
11299.0,2718,0,0,2,9.172078753297955,433.5316409124356,5382.3988583503915,1206
11300.0,2717,0,0,1,9.13497223054798,433.92528524107473,5381.726129364855,1219
11301.0,2714,0,0,3,9.08876436313075,434.66138540899044,5380.653014327027,1233
11302.0,2715,0,1,0,9.071571462962112,434.70644567219153,5379.2915442273425,1245
11303.0,2712,0,0,3,9.046525863216152,435.5129056047198,5383.2336461888835,1264
11304.0,2713,0,1,0,9.047666475450878,435.6288241798747,5381.871113023062,1282
11305.0,2710,0,0,3,9.017282468423662,436.4568265682657,5380.706321081686,1298
11306.0,2708,0,0,2,9.005803121965801,437.0587149187592,5379.921761278053,1308
11307.0,2707,0,1,2,8.97952812256512,437.5622460288142,5375.684321579744,1324
11308.0,2708,0,1,0,8.980364120848517,437.74815361890694,5374.325928112509,1333
11309.0,2708,0,0,0,8.975890079435164,438.1030280649926,5374.953948870739,1344
11310.0,2708,0,1,1,8.963237249728484,438.46565731166913,5372.132461842589,1356
11311.0,2708,0,0,0,8.943588636319047,438.83197932053173,5372.762751474789,1372
11312.0,2709,0,1,0,8.91143083636417,439.0406053894426,5371.411070879603,1379
11313.0,2709,0,0,0,8.877174480128511,439.48172757475083,5372.045570160675,1397
11314.0,2709,0,0,0,8.874740617059611,439.76042820228867,5372.67956129742,1398
11315.0,2707,0,0,2,8.869866314940314,440.4041374214998,5370.800659372441,1397
11316.0,2708,0,2,1,8.863030036780032,440.5601920236337,5366.186840079692,1408
11317.0,2706,0,0,2,8.83982589047278,441.1160384331116,5365.88838536876,1407
11318.0,2705,0,0,1,8.80120759480603,441.516820702403,5366.436225324894,1416
11319.0,2706,0,1,0,8.753507910948654,441.5920177383592,5365.0946295475405,1413
11320.0,2705,0,0,1,8.716859489332432,442.01072088724584,5365.4198461241485,1423
11321.0,2705,0,0,0,8.70473482515127,442.27874306839186,5366.065898032894,1429
11322.0,2706,0,1,0,8.663988506410426,442.38654841093864,5364.730089617005,1430
11323.0,2706,0,0,0,8.623593217497504,442.7032520325203,5365.3805786978755,1443
11324.0,2705,0,0,1,8.593173227704424,443.2051756007394,5365.694881861519,1459
11325.0,2704,0,0,1,8.555496033428671,443.7540680473373,5364.917698300783,1462
11326.0,2704,0,0,0,8.534929329857668,444.01960059171597,5365.574509010916,1469
11327.0,2704,0,1,1,8.497642045506685,444.385724852071,5365.479079640049,1476
11328.0,2703,0,0,1,8.481166704978978,444.9248982611913,5366.507442456968,1481
11329.0,2704,0,1,0,8.439410239465785,445.1582840236686,5365.186518564681,1490
11330.0,2703,0,0,1,8.394477550926585,445.7672955974843,5364.987766879587,1498
11331.0,2704,0,1,0,8.35755982892021,446.0658284023669,5363.672918485993,1513
11332.0,2703,0,0,1,8.33469069413576,446.6896041435442,5365.221931634252,1529
11333.0,2703,0,0,0,8.313624391242632,447.09840917499076,5365.894468310844,1545
11334.0,2701,0,0,2,8.289027293538119,447.83968900407257,5364.5197192286505,1554
11335.0,2701,0,0,0,8.27186977585789,448.115883006294,5365.195312192288,1558
11336.0,2699,0,0,2,8.251233555923717,448.7673212300852,5365.056869858088,1561
11337.0,2699,0,0,0,8.251767629147308,449.16932197110043,5365.733720787623,1568
11338.0,2698,0,0,1,8.24808768431991,449.7687175685693,5365.213466950393,1574
11339.0,2695,0,0,3,8.22022250804358,450.67755102040815,5362.575928198172,1573
11340.0,2695,0,0,0,8.212022275504097,451.0660482374768,5363.253677985612,1565
11341.0,2694,0,0,1,8.275694082688627,449.8953229398664,5365.488987114157,1459
11342.0,2693,0,0,1,8.368586145591468,449.40141106572594,5366.141245822688,1389
11343.0,2692,0,0,1,8.502793708205713,449.01337295690934,5366.774936167347,1341
11344.0,2690,0,0,2,8.633416060538158,448.8687732342007,5364.977397920905,1302
11345.0,2690,0,0,0,8.776280271113016,448.3992565055762,5365.613998612234,1272
11346.0,2689,0,0,1,8.922551913891452,448.2651543324656,5366.886698948442,1247
11347.0,2689,0,0,0,9.076396282056606,448.0119003346969,5367.502538326165,1223
11348.0,2689,0,0,0,9.198168153655839,447.7887690591298,5368.1111027900315,1208
11349.0,2688,0,0,1,9.28918560947728,447.8184523809524,5367.340457478115,1196
11350.0,2688,0,0,0,9.366458022928153,447.6480654761905,5367.9368282071555,1181
11351.0,2687,0,0,1,9.418644661151923,447.8273167100856,5368.5125343774525,1177
11352.0,2687,0,0,0,9.45628451438834,447.79233345738743,5369.102136017411,1173
11353.0,2686,0,0,1,9.494776442896107,447.8704393149665,5368.283188024724,1165
11354.0,2684,0,0,2,9.512008236128745,448.16728763040237,5366.095491257663,1163
11355.0,2682,0,0,2,9.541366132889078,448.40156599552574,5364.960928688901,1155
11356.0,2679,0,0,3,9.541948669093763,448.9036954087346,5361.342449784044,1153
11357.0,2678,0,0,1,9.569330679818574,449.05153099327856,5361.728059223548,1143
11358.0,2677,0,0,1,9.581370364395791,449.1012327231976,5360.889802924745,1133
11359.0,2676,0,0,1,9.602775508156327,449.2963378176383,5360.005100672756,1135
11360.0,2674,0,0,2,9.612608177360945,449.3275991024682,5361.7653372928935,1119
11361.0,2674,0,0,0,9.640866985264363,449.2793567688856,5362.340775791803,1107
11362.0,2673,0,0,1,9.646279650654497,449.4343434343434,5364.416911319687,1097
11363.0,2671,0,0,2,9.663164651074878,449.7274429052789,5367.522059761187,1091
11364.0,2671,0,0,0,9.667863884821752,449.7192062897791,5368.0963538958995,1080
11365.0,2669,0,0,2,9.669390506507302,449.960284750843,5368.589175141983,1073
11366.0,2668,0,0,1,9.684877206213619,450.02023988006,5368.930699285272,1061
11367.0,2668,0,0,0,9.694603425892547,449.99100449775113,5369.503409071857,1055
11368.0,2667,0,1,2,9.678362766346254,450.1578552680915,5369.818377129932,1045
11369.0,2666,0,0,1,9.653851329940965,450.4328582145536,5370.404626726659,1046
11370.0,2665,0,0,1,9.63937167306506,450.67242026266416,5371.251585768271,1046
11371.0,2663,0,0,2,9.621048854599886,450.95644010514457,5369.322293319159,1049
11372.0,2661,0,0,2,9.582615048061985,451.2510334460729,5369.118231416847,1064
11373.0,2661,0,0,0,9.555886283674358,451.13340849304774,5369.702898256522,1061
11374.0,2661,0,1,1,9.535898249217759,451.0063885757234,5369.528842707131,1066
11375.0,2661,0,0,0,9.519561327952907,451.1206313416009,5370.116643459157,1074
11376.0,2660,0,0,1,9.501591528321459,451.48533834586465,5371.196003529118,1097
11377.0,2659,0,0,1,9.466386560107273,451.82888303873636,5372.132601059762,1108
11378.0,2658,0,1,2,9.439076369098391,452.17795334838223,5369.8920415101375,1113
11379.0,2655,0,0,3,9.399004037644431,452.8365348399247,5369.786092580007,1128
11380.0,2652,0,0,3,9.357942264132861,453.5105580693816,5366.162941471552,1137
11381.0,2650,0,0,2,9.313100552562265,453.9388679245283,5368.417498477847,1140
11382.0,2648,0,0,2,9.258625185133136,454.38859516616316,5370.898248955191,1157
11383.0,2646,0,0,2,9.198129421953105,454.8896447467876,5370.175541665706,1151
11384.0,2645,0,0,1,9.13994349331042,455.3017013232514,5370.869091342107,1168
11385.0,2644,0,1,2,9.077429539029945,455.7333585476551,5367.673579631962,1187
11386.0,2643,0,0,1,9.02718432601747,455.9458948164964,5369.644734105334,1187
11387.0,2641,0,0,2,8.995217885251954,456.4184021204089,5369.433769123833,1196
11388.0,2638,0,0,3,8.961059145109402,457.10386656558,5366.315010381137,1201
11389.0,2637,0,0,1,8.935037223052326,457.4125900644672,5367.197103290019,1214
11390.0,2636,0,0,1,8.90740988905276,457.7154779969651,5368.396299688558,1219
11391.0,2635,0,0,1,8.876477696265717,458.10284629981027,5367.7378199220775,1228
11392.0,2637,0,2,0,8.83756646477359,457.91998483124763,5364.29764271284,1236
11393.0,2637,0,1,1,8.805468506774815,458.1425862722791,5361.362232398499,1247
11394.0,2637,0,0,0,8.784037157147297,458.3993174061433,5361.998396693055,1269
11395.0,2638,0,1,0,8.773999173162897,458.53146322971946,5360.604169771785,1285
11396.0,2639,0,1,0,8.75248878183011,458.6782872300114,5359.2123343852745,1311
11397.0,2640,0,1,0,8.732727458935464,458.84962121212124,5357.823630673608,1324
11398.0,2640,0,0,0,8.720464623581021,459.1545454545454,5358.467196275853,1341
11399.0,2640,0,0,0,8.715060525526225,459.3988636363636,5359.111196632361,1347
11400.0,2640,0,1,1,8.698108367499335,459.69545454545454,5357.2919899143135,1357
11401.0,2640,0,1,1,8.687157769398352,459.9670454545454,5354.631210501444,1366
11402.0,2640,0,0,0,8.698064207513724,460.31666666666666,5355.279176516876,1383
11403.0,2640,0,2,2,8.695562217883397,460.7056818181818,5350.251083297246,1400
11404.0,2639,0,0,1,8.69272369077645,461.2197802197802,5350.017593617715,1415
11405.0,2640,0,1,0,8.696325918702206,461.29621212121214,5348.639275596734,1412
11406.0,2640,0,1,1,8.681243362036296,461.49886363636364,5348.782534419019,1418
11407.0,2641,0,2,1,8.64851410436505,461.6580840590685,5345.871039156107,1428
11408.0,2640,0,0,1,8.616279667270307,462.12954545454545,5345.938350756657,1433
11409.0,2640,0,2,2,8.570346330012473,462.53636363636366,5340.870228817644,1441
11410.0,2638,0,0,2,8.526106146358362,463.13949962092494,5339.732218346478,1439
11411.0,2639,0,1,0,8.484496015041273,463.2857142857143,5338.367956275504,1444
11412.0,2638,0,0,1,8.42993213211955,463.80401819560274,5340.587082108519,1453
11413.0,2639,0,2,1,8.37725658358614,463.94505494505495,5337.160090726048,1457
11414.0,2640,0,1,0,8.327057305385946,464.12386363636364,5335.805240099691,1466
11415.0,2640,0,0,0,8.315697811507679,464.3723484848485,5336.4740361893855,1487
11416.0,2640,0,0,0,8.28443707030986,464.7257575757576,5337.145346680666,1500
11417.0,2641,0,1,0,8.265374002366503,464.8841347974252,5335.796091960064,1502
11418.0,2641,0,0,0,8.223534611365602,465.33775085195003,5336.470679237376,1513
11419.0,2641,0,1,1,8.176247453198261,465.6508898144642,5336.63808313935,1513
11420.0,2640,0,0,1,8.138588311182463,466.23977272727274,5336.404741064773,1527
11421.0,2639,0,0,1,8.102911143656543,466.8317544524441,5335.5946635021855,1539
11422.0,2639,0,1,1,8.068507472120045,467.27472527472526,5332.893755291397,1542
11423.0,2637,0,0,2,8.040803379164714,468.0348881304513,5332.903864049839,1551
11424.0,2637,0,0,0,8.016086375849689,468.4945013272658,5333.59094842684,1556
11425.0,2635,0,0,2,7.983644179877526,469.2641366223909,5333.948588184147,1562
11426.0,2635,0,0,0,7.968827345641268,469.6223908918406,5334.638976636841,1564
11427.0,2634,0,0,1,7.955709724617065,470.16059225512527,5333.7836418465595,1573
11428.0,2634,0,0,0,7.938768774011774,470.53378891419896,5334.476433106573,1587
11429.0,2632,0,0,2,7.912971742093864,471.3149696048632,5334.254544316275,1593
11430.0,2632,0,0,0,7.887049591597938,471.7401215805471,5334.950301473382,1597
11431.0,2631,0,0,1,7.947416512712876,470.27251995438996,5335.114008591093,1477
11432.0,2630,0,0,1,8.043541238577765,469.4498098859316,5335.469110309007,1405
11433.0,2628,0,0,2,8.163231185803037,468.9908675799087,5335.95596048351,1338
11434.0,2628,0,0,0,8.33199282659502,468.4984779299848,5336.618672856126,1296
11435.0,2627,0,0,1,8.51575063100579,468.36239055957367,5337.021042936877,1264
11436.0,2627,0,0,0,8.696958509129571,467.95850780357824,5337.658754020271,1238
11437.0,2626,0,0,1,8.859350394986256,467.8069306930693,5339.861629556184,1215
11438.0,2626,0,0,0,9.028315486191225,467.4078446306169,5340.476471008289,1180
11439.0,2626,0,0,0,9.166351309928512,467.2277227722772,5341.082315357652,1169
11440.0,2625,0,0,1,9.255384249755746,467.12038095238097,5343.260122481168,1143
11441.0,2625,0,0,0,9.332902275031756,466.9428571428571,5343.856444634079,1134
11442.0,2625,0,1,1,9.399998421799678,466.87009523809525,5341.9207222329005,1129
11443.0,2624,0,0,1,9.447508906472253,466.9550304878049,5341.712997729606,1123
11444.0,2624,0,0,0,9.516244266829652,466.7065548780488,5342.298374217239,1107
11445.0,2623,0,0,1,9.557156640346301,466.74990468928706,5341.711698096645,1102
11446.0,2622,0,0,1,9.581277680327032,466.8321891685736,5343.395733602587,1087
11447.0,2621,0,0,1,9.609330081354507,466.8344143456696,5343.249697229578,1073
11448.0,2621,0,0,0,9.65004621118635,466.70812666921023,5343.827655893723,1067
11449.0,2621,0,1,1,9.676155687160161,466.53796260969096,5341.020388632789,1066
11450.0,2619,0,0,2,9.697287379653513,466.8255059182894,5341.003017935516,1065
11451.0,2618,0,0,1,9.71599342748961,466.97784568372805,5343.165589135279,1061
11452.0,2617,0,0,1,9.726219017575136,467.05005731753914,5343.318708616598,1047
11453.0,2615,0,0,2,9.719354722920489,467.1923518164436,5344.677858223401,1042
11454.0,2613,0,0,2,9.695428875780022,467.5032529659395,5345.45582735365,1040
11455.0,2612,0,0,1,9.66728489066004,467.6512251148545,5346.203543618098,1040
11456.0,2612,0,0,0,9.671645673519809,467.6634762633997,5346.781074835421,1039
11457.0,2612,0,1,1,9.636789720023899,467.53981623277184,5344.848783250088,1025
11458.0,2612,0,0,0,9.626803889402664,467.5149310872894,5345.428521324894,1024
11459.0,2612,0,0,0,9.6128549489382,467.46784073506893,5346.009321447593,1020
11460.0,2612,0,0,0,9.62002932126011,467.4540581929556,5346.589682241974,1018
11461.0,2610,0,0,2,9.600450275775383,467.9229885057471,5345.154509905535,1037
11462.0,2610,0,0,0,9.55862047343477,468.0256704980843,5345.739834023895,1046
11463.0,2609,0,0,1,9.515444428347267,468.3507090839402,5344.793692338869,1064
11464.0,2609,0,1,1,9.476538631393797,468.53123802223075,5342.792004712562,1068
11465.0,2609,0,0,0,9.430384525215525,468.7002683020314,5343.384999032113,1083
11466.0,2608,0,0,1,9.387634984674992,469.0368098159509,5342.434523793458,1089
11467.0,2607,0,0,1,9.366659641981911,469.34599156118145,5343.218357038984,1092
11468.0,2605,0,0,2,9.326107675438465,469.79078694817656,5341.8196388454435,1095
11469.0,2606,0,1,0,9.278447245702719,469.58250191864926,5340.372410406288,1092
11470.0,2604,0,0,2,9.21891913613138,469.968509984639,5341.837236870924,1087
11471.0,2603,0,0,1,9.16728020506663,470.3157894736842,5340.879043495622,1105
11472.0,2601,0,0,2,9.093058473619857,470.7301038062284,5341.0811633832955,1121
11473.0,2601,0,0,0,9.037730321689514,470.91541714725105,5341.699735851953,1129
11474.0,2601,0,0,0,8.992188348804062,470.9819300269127,5342.322445371549,1142
11475.0,2601,0,1,1,8.940380663858582,471.0342176086121,5339.311869622801,1148
11476.0,2601,0,0,0,8.934324688991994,471.0722798923491,5339.938540972766,1148
11477.0,2599,0,0,2,8.897632877102081,471.4582531742978,5339.179356730283,1151
11478.0,2599,0,0,0,8.863531106529395,471.56944978838015,5339.81009319256,1156
11479.0,2598,0,0,1,8.81940856267316,471.85219399538107,5338.947199565731,1160
11480.0,2597,0,0,1,8.78729462396094,472.2726222564497,5338.032630068428,1180
11481.0,2596,0,0,1,8.76007873657427,472.7057010785824,5338.664774057583,1198
11482.0,2593,0,0,3,8.715150220855122,473.49247975318167,5336.864030015884,1194
11483.0,2593,0,1,1,8.70487422281014,473.7836482838411,5333.898819967819,1212
11484.0,2593,0,1,1,8.652778046970973,474.15966062475894,5334.041097593283,1236
11485.0,2591,0,0,2,8.642097640051645,474.8139714395986,5331.748596644536,1245
11486.0,2589,0,0,2,8.617508518830277,475.4665894167632,5329.198316074796,1262
11487.0,2589,0,1,1,8.578569315834368,475.706450366937,5326.413177536268,1263
11488.0,2588,0,0,1,8.547630933239363,476.16846986089644,5326.480164750814,1274
11489.0,2587,0,1,2,8.496542575603202,476.66602241979126,5324.570928979155,1291
11490.0,2587,0,0,0,8.473126668068575,476.9590258987244,5325.223759264089,1294
11491.0,2587,0,0,0,8.440311044738994,477.2284499420178,5325.878934633019,1292
11492.0,2588,0,1,0,8.420445243979332,477.38137557959817,5324.477519504378,1297
11493.0,2588,0,0,0,8.3890472272764,477.7585007727975,5325.136801488001,1319
11494.0,2588,0,1,1,8.369674444334413,478.09157650695516,5324.501994284772,1327
11495.0,2589,0,1,0,8.359679832529872,478.0818848976439,5323.106938411346,1329
11496.0,2587,0,0,2,8.342920053293607,478.68225744105143,5322.46982810717,1342
11497.0,2586,0,1,2,8.313603069326373,479.16395978344934,5318.609213595063,1356
11498.0,2586,0,0,0,8.29283725727397,479.446249033256,5319.276979379023,1361
11499.0,2587,0,2,1,8.247097256310902,479.53923463471205,5315.840014608018,1376
11500.0,2584,0,0,3,8.209853979081977,480.374226006192,5312.598297749446,1372
11501.0,2585,0,2,1,8.176296681754403,480.458413926499,5307.9433721502155,1389
11502.0,2586,0,1,0,8.136632474042116,480.50077339520493,5306.570068115118,1395
11503.0,2587,0,1,0,8.114995939518124,480.64553536915344,5305.20023916527,1411
11504.0,2586,0,0,1,8.06196705360906,481.1044083526682,5305.3657213301885,1413
11505.0,2585,0,0,1,8.035482933921207,481.6158607350097,5306.919460003905,1433
11506.0,2586,0,1,0,8.006427531841346,481.74091260634185,5305.556106114748,1435
11507.0,2585,0,0,1,7.984141826632246,482.23133462282397,5307.838538720973,1445
11508.0,2584,0,0,1,7.953390265783337,482.75232198142413,5308.791308910866,1454
11509.0,2584,0,2,2,7.895188486168447,483.1137770897833,5307.020893487161,1468
11510.0,2584,0,0,0,7.869630008565901,483.3618421052632,5307.7195942448325,1477
11511.0,2584,0,1,1,7.844264432142603,483.5770123839009,5306.942278582379,1481
11512.0,2585,0,1,0,7.840440222106118,483.6854932301741,5305.589152827423,1495
11513.0,2582,0,0,3,7.799622830422776,484.54105344694034,5305.215320636353,1510
11514.0,2583,0,1,0,7.780109809488766,484.64305071622147,5303.863539180168,1506
11515.0,2581,0,0,2,7.743451662107866,485.33475397132895,5305.466980249858,1510
11516.0,2580,0,0,1,7.726842250908843,485.9011627906977,5305.740096581681,1519
11517.0,2580,0,0,0,7.698478838472667,486.2279069767442,5306.446682922458,1528
11518.0,2579,0,0,1,7.664196710045734,486.76347421481194,5307.103378295893,1533
11519.0,2577,0,0,2,7.6318760252378945,487.48971672487386,5307.488315842604,1552
11520.0,2577,0,0,0,7.608457045355735,487.79200620876986,5308.200788287983,1549
11521.0,2577,0,0,0,7.681426924825072,486.0616996507567,5308.907245633238,1436
11522.0,2575,0,0,2,7.777546636525383,485.37009708737867,5308.289852068991,1357
11523.0,2575,0,0,0,7.917477586697428,484.5099029126214,5308.978415069012,1303
11524.0,2574,0,0,1,8.088390353626027,484.06643356643355,5308.123960573322,1262
11525.0,2574,0,0,0,8.248569581337671,483.55439005439007,5308.788543860876,1229
11526.0,2574,0,0,0,8.42344355284933,483.1822066822067,5309.441282511446,1196
11527.0,2574,0,0,0,8.570154947825975,482.8403263403263,5310.0824129984285,1188
11528.0,2573,0,0,1,8.675937741976034,482.6008550330354,5311.971302956051,1166
11529.0,2573,0,0,0,8.793240728985815,482.24601632335794,5312.59623185517,1148
11530.0,2572,0,0,1,8.850989576258172,482.14657853810263,5313.870926463863,1137
11531.0,2572,0,0,0,8.90190817793874,481.95373250388803,5314.487234718319,1134
11532.0,2572,0,0,0,8.964309685127152,481.7853810264386,5315.099506902521,1132
11533.0,2571,0,0,1,9.004345350491384,481.84286269933875,5315.107475585913,1120
11534.0,2571,0,0,0,9.054991011466418,481.65305328665886,5315.713553371033,1121
11535.0,2571,0,0,0,9.091975791004572,481.54609101516917,5316.316144934551,1110
11536.0,2570,0,0,1,9.125323671110536,481.5544747081712,5316.61483586812,1108
11537.0,2570,0,0,0,9.163826218074323,481.44591439688713,5317.212584855912,1101
11538.0,2570,0,0,0,9.185729252939556,481.3,5317.808955245835,1095
11539.0,2570,0,0,0,9.216834434962133,481.0610894941634,5318.402954947074,1081
11540.0,2569,0,0,1,9.224292918744696,481.0883612300506,5320.6201135761685,1077
11541.0,2569,0,0,0,9.23570546191429,480.9131957960296,5321.214073023356,1065
11542.0,2568,0,0,1,9.244429646707216,481.0817757009346,5321.846757348373,1070
11543.0,2567,0,0,1,9.232968900684742,481.1967276977016,5323.14685881891,1062
11544.0,2567,0,0,0,9.222947370376687,480.9555901830931,5323.739869261583,1070
11545.0,2564,0,0,3,9.179302323758407,481.2546801872075,5322.05818965858,1066
11546.0,2564,0,0,0,9.155778019204584,480.9933697347894,5322.655440448399,1070
11547.0,2563,0,0,1,9.150255204118496,480.8486149044089,5322.3217935925295,1051
11548.0,2563,0,0,0,9.140708194305269,480.78852906749904,5322.919740653409,1051
11549.0,2561,0,0,2,9.119659704789617,480.9047247169075,5324.155106180244,1038
11550.0,2561,0,0,0,9.103403653780262,480.75907848496684,5324.756561275395,1047
11551.0,2562,0,1,0,9.09960917872244,480.5148321623731,5323.27970280899,1054
11552.0,2561,0,0,1,9.074657623729687,480.4256149941429,5325.544752940592,1063
11553.0,2560,0,0,1,9.059822065099079,480.55,5324.561478042959,1074
11554.0,2560,0,0,0,9.053780524817517,480.353125,5325.167168591224,1070
11555.0,2560,0,0,0,9.037062893494795,480.233984375,5325.774094075832,1073
11556.0,2560,0,0,0,9.013578549345127,480.203125,5326.38204226571,1077
11557.0,2560,0,0,0,8.99359333903975,480.015234375,5326.992623036336,1081
11558.0,2559,0,0,1,8.949963953102118,480.1180148495506,5328.098928425628,1078
11559.0,2559,0,0,0,8.92202391204625,480.3141852286049,5328.7133089918125,1088
11560.0,2558,0,0,1,8.883525329531313,480.48006254886633,5329.039152313716,1089
11561.0,2558,0,0,0,8.845222025100416,480.3924941360438,5329.65947307626,1097
11562.0,2558,0,0,0,8.793002303399387,480.4468334636435,5330.283168565929,1101
11563.0,2557,0,0,1,8.757912970777458,480.73875635510365,5329.3250665336045,1119
11564.0,2557,0,0,0,8.721978594197296,480.8756355103637,5329.953451087107,1131
11565.0,2556,0,0,1,8.677327240486369,481.1819248826291,5329.011319560485,1141
11566.0,2556,0,0,0,8.658087677069386,481.1525821596244,5329.644709417185,1139
11567.0,2554,0,0,2,8.626280251048334,481.5505090054816,5329.338193987077,1145
11568.0,2553,0,0,1,8.604879478287268,481.89110849980415,5330.036205017112,1158
11569.0,2553,0,0,0,8.59685982020933,481.98276537406974,5330.673792909029,1171
11570.0,2551,0,0,2,8.571061233799133,482.55429243433946,5332.627409267188,1181
11571.0,2553,0,2,0,8.538295157072467,482.3893458676067,5329.090199330927,1196
11572.0,2551,0,0,2,8.500070923306314,482.96824774598196,5328.90211391559,1194
11573.0,2550,0,0,1,8.473924766798955,483.35058823529414,5327.960191451473,1209
11574.0,2549,0,0,1,8.448336281242396,483.837975676736,5329.544736606244,1220
11575.0,2547,0,1,3,8.39879075242648,484.55202198665097,5323.4347777490175,1240
11576.0,2547,0,0,0,8.394667319589937,484.8111503729878,5324.086290709864,1252
11577.0,2545,0,0,2,8.361256945519015,485.4691552062868,5321.484694237982,1251
11578.0,2545,0,1,1,8.311629796158712,485.7901768172888,5320.737707319354,1260
11579.0,2545,0,0,0,8.290236070584681,486.10216110019644,5321.395436253693,1268
11580.0,2544,0,0,1,8.27343417941855,486.62067610062894,5320.3785445537615,1276
11581.0,2545,0,1,0,8.245118286243198,486.72927308447936,5318.948165474058,1282
11582.0,2544,0,0,1,8.225827326798901,487.24056603773585,5318.008636732116,1307
11583.0,2544,0,0,0,8.199831051885567,487.56485849056605,5318.673845247774,1312
11584.0,2545,0,1,0,8.153206300022603,487.63811394891945,5317.251457879153,1327
11585.0,2545,0,1,1,8.121350280998548,487.90687622789784,5314.928154260831,1326
11586.0,2544,0,0,1,8.094478435206867,488.39150943396226,5316.868003144839,1342
11587.0,2543,0,1,2,8.051281172153367,488.8411325206449,5312.582914010817,1352
11588.0,2542,0,0,1,8.028563123219985,489.29307631785997,5311.68402022657,1370
11589.0,2542,0,0,0,8.013341088305507,489.594807238395,5312.3615341173045,1377
11590.0,2542,0,1,1,7.998320482951076,489.88945712037764,5309.38187489271,1384
11591.0,2541,0,1,2,7.953958176012332,490.44116489571036,5308.896331633192,1392
11592.0,2541,0,1,1,7.928452318881115,490.7945690672963,5309.090075998469,1392
11593.0,2541,0,1,1,7.90066772228502,491.16017316017314,5307.644728400254,1402
11594.0,2540,0,0,1,7.87368574290493,491.69173228346455,5306.893881089312,1397
11595.0,2540,0,0,0,7.854772767509257,492.13543307086616,5307.581591559459,1419
11596.0,2540,0,1,1,7.8270563419822246,492.61299212598425,5306.20905513337,1438
11597.0,2539,0,0,1,7.785317052684779,493.232374950768,5307.0030628627665,1442
11598.0,2539,0,1,1,7.7586324532271425,493.6262307995274,5306.712298568374,1452
11599.0,2539,0,1,1,7.735297277754109,493.97715636077197,5306.924954147232,1445
11600.0,2539,0,1,1,7.719050645278644,494.39740055139816,5304.547952161675,1459
11601.0,2539,0,0,0,7.707613359820748,494.77077589602203,5305.24675672305,1458
11602.0,2539,0,1,1,7.6902859825853405,495.2087435998425,5303.672871257888,1466
11603.0,2539,0,0,0,7.668388336394446,495.6380464749902,5304.373274098676,1477
11604.0,2540,0,1,0,7.63619692052861,495.8708661417323,5302.987021467074,1480
11605.0,2538,0,0,2,7.592156451971235,496.7411347517731,5302.120672085626,1487
11606.0,2538,0,1,1,7.560254523332643,497.1725768321513,5301.197281850439,1496
11607.0,2537,0,0,1,7.52183073461417,497.8510051241624,5301.077884031587,1505
11608.0,2535,0,0,2,7.482522154701817,498.7940828402367,5301.638183586791,1525
11609.0,2534,0,0,1,7.465257862948529,499.42501973164957,5301.013123208331,1529
11610.0,2532,0,0,2,7.419581615170749,500.3222748815166,5302.194506759684,1536
11611.0,2531,0,0,1,7.4859736015003016,498.7009087317266,5302.790763491534,1417
11612.0,2532,0,1,0,7.586272390132207,497.5268562401264,5301.40066473435,1357
11613.0,2531,0,0,1,7.712373864926355,497.2180956143817,5301.7101240807115,1320
11614.0,2530,0,0,1,7.870868682004549,497.004347826087,5303.341028667441,1279
11615.0,2530,0,0,0,8.050447666099808,496.6237154150198,5304.012999504957,1246
11616.0,2530,0,0,0,8.218377132349245,496.41343873517786,5304.673769350981,1222
11617.0,2528,0,0,2,8.359349278594097,496.7227056962025,5305.008624170503,1203
11618.0,2528,0,0,0,8.47109996154979,496.7539556962025,5305.651971026187,1202
11619.0,2527,0,0,1,8.576648642640857,496.9916897506925,5304.730369324555,1177
11620.0,2526,0,0,1,8.656990833471951,497.0411718131433,5305.302201093755,1155
11621.0,2526,0,0,0,8.722597059337904,497.08511480601743,5305.929228691795,1160
11622.0,2525,0,0,1,8.796144740758397,497.25663366336636,5305.730411921726,1148
11623.0,2524,0,0,1,8.841978764408864,497.50594294770207,5306.804384540135,1147
11624.0,2521,0,0,3,8.873673354078639,498.0948036493455,5310.659734115672,1149
11625.0,2519,0,0,2,8.900683634577334,498.2766971020246,5311.853702874302,1135
11626.0,2517,0,0,2,8.912852943065642,498.57290425109255,5313.494597499648,1127
11627.0,2515,0,0,2,8.93140735421943,498.0151093439364,5314.593348101361,1115
11628.0,2515,0,0,0,8.970226904843056,497.27395626242543,5315.202074216588,1097
11629.0,2515,0,0,0,9.018278724353133,496.6389662027833,5315.8081532070655,1098
11630.0,2515,0,0,0,9.05880713272412,495.98568588469186,5316.41292649147,1086
11631.0,2514,0,0,1,9.086184563598652,495.51193317422434,5318.606955274671,1080
11632.0,2514,0,0,0,9.132923142465279,494.914876690533,5319.207417950655,1084
11633.0,2513,0,0,1,9.169219701959527,494.56108237166734,5321.443635545748,1079
11634.0,2513,0,0,0,9.17855331476244,493.9904496617589,5322.042417057714,1085
11635.0,2513,0,0,0,9.184149434056863,493.3633107839236,5322.640432276026,1073
11636.0,2511,0,0,2,9.168417201104857,493.12823576264435,5322.334149749481,1068
11637.0,2511,0,0,0,9.164254177807042,492.5085623257666,5322.932767959426,1050
11638.0,2512,0,1,0,9.133405188397024,492.3841560509554,5321.414265553859,1056
11639.0,2512,0,0,0,9.122436040644018,491.8503184713376,5322.015977353204,1064
11640.0,2510,0,0,2,9.079122600401188,491.6075697211155,5321.252791372376,1064
11641.0,2509,0,0,1,9.04893951375968,491.24192905540053,5320.296279823559,1074
11642.0,2509,0,0,0,9.048027150214624,490.66321243523316,5320.904071415837,1068
11643.0,2507,0,0,2,9.025104485028283,491.0757877941763,5319.644638651746,1085
11644.0,2506,0,0,1,9.005534817616281,490.56384676775735,5318.591799466795,1082
11645.0,2507,0,1,0,8.98414130924106,489.64459513362584,5317.083302316859,1076
11646.0,2505,0,0,2,8.953123656962685,489.3864271457086,5317.6799439607885,1079
11647.0,2505,0,0,0,8.93889960287067,488.7632734530938,5318.296968447577,1091
11648.0,2503,0,0,2,8.890328039602021,488.57890531362364,5318.724297368183,1094
11649.0,2503,0,0,0,8.834676137530911,488.76188573711545,5319.348450554817,1106
11650.0,2503,0,1,1,8.763112460213375,488.3280063923292,5316.272440665515,1123
11651.0,2503,0,0,0,8.698548892504402,487.89932081502195,5316.905818255962,1135
11652.0,2502,0,0,1,8.647857089185695,487.5787370103917,5315.85360826077,1153
11653.0,2501,0,0,1,8.599878874858096,487.3454618152739,5314.863603953614,1160
11654.0,2501,0,0,0,8.577761720594427,486.8500599760096,5315.502975007575,1173
11655.0,2501,0,1,1,8.549221021451434,487.06277489004395,5312.240395264815,1176
11656.0,2500,0,0,1,8.527523728503365,486.6204,5313.790721812934,1172
11657.0,2500,0,0,0,8.497446743846105,486.792,5314.435389552731,1183
11658.0,2500,0,0,0,8.470059382308037,486.362,5315.081715898196,1199
11659.0,2499,0,0,1,8.442844360347657,486.10564225690274,5315.666716119182,1212
11660.0,2497,0,0,2,8.405524885131053,485.994793752503,5318.016132397496,1218
11661.0,2495,0,0,2,8.372800528613023,485.95270541082164,5316.393856313118,1230
11662.0,2494,0,0,1,8.349398613195554,486.35846030473135,5315.408100422127,1245
11663.0,2493,0,0,1,8.322378458840333,486.1568391496189,5317.069653425958,1257
11664.0,2492,0,1,2,8.286485610290306,485.357544141252,5316.036378340823,1268
11665.0,2491,0,0,1,8.278369063393388,485.1288639100763,5315.086500469047,1273
11666.0,2490,0,0,1,8.270530971777086,484.8987951807229,5314.734447013016,1271
11667.0,2490,0,0,0,8.24519731143972,485.1546184738956,5315.394470938631,1283
11668.0,2489,0,0,1,8.21752990871958,485.5829650462033,5315.026994544276,1281
11669.0,2489,0,0,0,8.211304953870897,485.2233828846926,5315.689652593875,1288
11670.0,2488,0,0,1,8.171838426915656,485.72950160771705,5314.660410001845,1292
11671.0,2487,0,0,1,8.149173976642643,485.5472456775231,5313.606579428978,1300
11672.0,2486,0,0,1,8.111226232555605,485.48873692679,5315.96485801187,1316
11673.0,2486,0,0,0,8.075207924015123,485.21802091713596,5316.635034683205,1332
11674.0,2486,0,0,0,8.066140900561349,484.86444086886564,5317.306140011287,1330
11675.0,2485,0,0,1,8.024383961001671,484.66438631790743,5317.649855119277,1336
11676.0,2485,0,1,1,7.985642413427746,484.1404426559356,5314.598826949672,1331
11677.0,2485,0,0,0,7.9517583250296875,484.4265593561368,5315.276498239163,1340
11678.0,2484,0,0,1,7.897918949505104,484.27093397745574,5314.340705755599,1346
11679.0,2483,0,0,1,7.873228845408371,484.7442609746275,5313.383589374822,1360
11680.0,2484,0,1,0,7.835039163380577,484.82367149758454,5311.929162056886,1371
11681.0,2484,0,0,0,7.791645915015863,485.1207729468599,5312.616422182188,1384
11682.0,2483,0,0,1,7.78212107013666,485.5980668546114,5313.433747819146,1388
11683.0,2481,0,0,2,7.749741281901246,486.35953244659413,5317.135528250903,1403
11684.0,2480,0,1,2,7.746565906515762,486.84959677419357,5313.868400291611,1402
11685.0,2478,0,0,2,7.710912537044789,487.5996771589992,5314.603546709898,1414
11686.0,2477,0,0,1,7.693735264441472,488.15502624142107,5316.954967274856,1421
11687.0,2477,0,0,0,7.674766838721917,488.50060557125556,5317.652351881391,1434
11688.0,2478,0,1,0,7.6550364114077665,488.73002421307507,5316.205160757619,1438
11689.0,2479,0,1,0,7.630763806205879,488.766841468334,5314.761427233929,1444
11690.0,2477,0,0,2,7.599366599066041,489.42712959224866,5314.288588415964,1444
11691.0,2476,0,0,1,7.56649842563479,489.8683360258481,5314.0333423769,1450
11692.0,2473,0,0,3,7.535807465558784,490.7966033158107,5316.347011693712,1444
11693.0,2473,0,0,0,7.51390565201173,491.0954306510311,5317.054530080739,1447
11694.0,2470,0,0,3,7.4627557376575515,492.019028340081,5317.368812113008,1460
11695.0,2470,0,0,0,7.42298946345997,492.38178137651823,5318.080169742374,1472
11696.0,2469,0,0,1,7.384393585750132,492.88011340623734,5317.907411686127,1479
11697.0,2468,0,0,1,7.3419947387241535,493.44773095623987,5320.285082683997,1487
11698.0,2468,0,0,0,7.308335850677645,493.79497568881686,5321.002195195878,1499
11699.0,2468,0,0,0,7.27274817819473,494.13816855753646,5321.7214475049595,1501
11700.0,2467,0,0,1,7.240346929184542,494.74300770166195,5324.112152656264,1511
11701.0,2466,0,0,1,7.319203830294208,493.20681265206815,5324.905155568747,1385
11702.0,2466,0,0,0,7.47063552533788,492.13341443633414,5325.6082006694505,1292
11703.0,2462,0,0,4,7.632616930562459,492.3371242891958,5325.34714173461,1240
11704.0,2460,0,0,2,7.816741219363833,492.19552845528455,5325.985320128737,1202
11705.0,2460,0,0,0,8.01358917438046,491.91544715447156,5326.651848631994,1184
11706.0,2457,0,0,3,8.182357573595695,492.3935693935694,5330.785300829582,1181
11707.0,2456,0,0,1,8.331040946974865,492.48574918566777,5331.715081724231,1176
11708.0,2455,0,0,1,8.46629126031736,492.65132382892057,5332.562394008129,1165
11709.0,2455,0,0,0,8.580843299516307,492.62403258655803,5333.189402730659,1150
11710.0,2454,0,0,1,8.663902800382475,492.619804400978,5333.738041567053,1128
11711.0,2454,0,0,0,8.709978818155001,492.53545232273837,5334.356313194443,1121
11712.0,2454,0,0,0,8.767888078043592,492.41116544417275,5334.970138016729,1108
11713.0,2454,0,0,0,8.823013530441665,492.26609616951913,5335.58045510815,1111
11714.0,2454,0,0,0,8.87299141144753,492.1361043194784,5336.187289435144,1108
11715.0,2454,0,0,0,8.91595458670985,491.9515077424613,5336.791762491167,1091
11716.0,2454,0,0,0,8.944530544917518,491.6112469437653,5337.394146869246,1069
11717.0,2452,0,0,2,8.951233087245688,491.81484502446983,5337.15119260907,1060
11718.0,2452,0,0,0,8.950081881855292,491.6072593800979,5337.752369113294,1046
11719.0,2452,0,0,0,8.964341901085373,491.3042414355628,5338.352808400379,1040
11720.0,2451,0,0,1,8.96785855231832,491.2737658098735,5338.057175181221,1028
11721.0,2451,0,0,0,8.982381347660677,491.1701346389229,5338.65553306466,1029
11722.0,2451,0,0,0,8.980903758091042,491.1187270501836,5339.254572297206,1038
11723.0,2451,0,0,0,8.992481602834639,490.8637290901673,5339.85320079745,1027
11724.0,2451,0,0,0,8.98196474878708,490.72868217054264,5340.4530132576565,1023
11725.0,2450,0,0,1,8.97397891853499,490.8118367346939,5341.256111444841,1031
11726.0,2449,0,0,1,8.957447728000883,490.76847692935894,5340.127988465793,1015
11727.0,2450,0,1,0,8.933862349505338,490.3444897959184,5338.552257261159,1004
11728.0,2449,0,0,1,8.910374787204017,490.46917109024093,5339.170992378087,1001
11729.0,2449,0,0,0,8.901172659136172,490.14087382605146,5339.778615055019,987
11730.0,2447,0,0,2,8.890819018506877,490.35594605639557,5343.138641114677,996
11731.0,2444,0,0,3,8.87145387904407,490.70581014729953,5345.011855422859,997
11732.0,2441,0,0,3,8.855978552478625,491.23965587873823,5343.708168099934,1006
11733.0,2441,0,1,1,8.816220438836476,491.009422367882,5343.270628879929,1006
11734.0,2439,0,0,2,8.782986554288886,491.1726117261173,5340.559066042146,1014
11735.0,2438,0,0,1,8.755553328054505,491.20467596390483,5342.342653040582,1021
11736.0,2437,0,0,1,8.742312357318422,491.1743947476405,5341.309247164041,1020
11737.0,2437,0,0,0,8.731478171008504,491.0266721378744,5341.93029983557,1030
11738.0,2438,0,1,0,8.691593913055518,490.83100902379,5340.362581797201,1038
11739.0,2436,0,0,2,8.626510940193775,491.23234811165844,5340.392197878562,1047
11740.0,2435,0,0,1,8.599382280754588,491.29322381930183,5340.847936964691,1044
11741.0,2432,0,0,3,8.5428065593908,491.8569078947368,5340.961546306025,1046
11742.0,2431,0,0,1,8.522158571310191,492.1489099136158,5342.340845229259,1054
11743.0,2430,0,0,1,8.480281010762084,492.4037037037037,5343.3677347957655,1048
11744.0,2430,0,0,0,8.43261588505458,492.35637860082306,5344.010026359487,1075
11745.0,2428,0,1,3,8.35788881596827,492.73929159802304,5340.34288084954,1088
11746.0,2428,0,0,0,8.329983370380853,492.7495881383855,5340.99373365631,1081
11747.0,2428,0,0,0,8.341927401388771,492.6478583196046,5341.643877008952,1080
11748.0,2428,0,0,0,8.364998598083737,492.61079077429986,5342.293222950504,1083
11749.0,2428,0,0,0,8.374841508019195,492.6832784184514,5342.942256907056,1092
11750.0,2428,0,0,0,8.379411665384353,492.72899505766065,5343.59194337287,1095
11751.0,2428,0,1,1,8.365058575079082,492.77883031301485,5340.316192447136,1100
11752.0,2427,0,0,1,8.356225951787145,493.08693860733416,5341.265595937044,1103
11753.0,2429,0,2,0,8.340099980855186,492.81803211198024,5337.517959974488,1103
11754.0,2428,0,1,2,8.28243237423606,493.0675453047776,5332.61613416461,1097
11755.0,2427,0,0,1,8.232915235906134,493.50061804697157,5333.326619292467,1111
11756.0,2426,0,1,2,8.207187917970648,493.88169826875514,5330.382039131231,1112
11757.0,2426,0,1,1,8.189648088200924,494.0358615004122,5327.667809668679,1114
11758.0,2425,0,0,1,8.169969495789436,494.4160824742268,5327.343722368109,1136
11759.0,2426,0,2,1,8.151842296596937,494.35572959604286,5325.252675901341,1133
11760.0,2424,0,0,2,8.13655946539757,495.06559405940595,5324.2847097984195,1153
11761.0,2422,0,0,2,8.10800729737463,495.6742361684558,5322.277810966076,1152
11762.0,2423,0,2,1,8.073992862157617,495.71935617003714,5318.616239593204,1168
11763.0,2423,0,0,0,8.066712952254532,496.02063557573257,5319.283280030557,1186
11764.0,2422,0,0,1,8.040372906018654,496.3744838976053,5321.594681529779,1183
11765.0,2423,0,1,0,8.009378778471994,496.37102765167145,5320.069088725224,1196
11766.0,2422,0,1,2,8.001429137052588,496.82328654004954,5316.6251072076,1205
11767.0,2422,0,1,1,7.9964559552007115,497.1300578034682,5315.479798288292,1216
11768.0,2423,0,2,1,7.956346656198364,497.2311184482047,5312.838471921902,1224
11769.0,2422,0,0,1,7.9235763008960465,497.72584640792735,5311.745166347464,1226
11770.0,2422,0,1,1,7.874368100569802,498.0350949628406,5308.558126324145,1242
11771.0,2420,0,0,2,7.8175779072733755,498.5938016528926,5311.122798545537,1252
11772.0,2422,0,2,0,7.804652749107545,498.52725020644095,5307.423246011159,1262
11773.0,2421,0,0,1,7.793606036196694,499.058653448988,5307.635856583357,1263
11774.0,2422,0,1,0,7.7872891322931945,499.0986787778695,5306.133502646596,1259
11775.0,2420,0,0,2,7.758094131706937,499.83925619834713,5306.903499971663,1280
11776.0,2421,0,1,0,7.747939683514101,499.9966955803387,5305.4037529473235,1295
11777.0,2421,0,0,0,7.728781756136098,500.29739776951675,5306.097264050839,1294
11778.0,2421,0,1,1,7.688728012591694,500.5617513424205,5304.62517513745,1299
11779.0,2420,0,0,1,7.6529749429128815,501.13471074380163,5305.201475133096,1317
11780.0,2420,0,0,0,7.627856682166482,501.38760330578515,5305.901748616517,1322
11781.0,2420,0,0,0,7.579805858708676,501.74132231404957,5306.604422197064,1335
11782.0,2420,0,0,0,7.552760219297001,502.1396694214876,5307.30914078919,1347
11783.0,2418,0,0,2,7.523281365023491,502.924317617866,5306.684536413764,1355
11784.0,2417,0,0,1,7.495413397612344,503.55357881671495,5307.129740245547,1361
11785.0,2416,0,0,1,7.481523684482887,504.0757450331126,5308.573341956278,1373
11786.0,2415,0,0,1,7.474045683501689,504.4463768115942,5309.394742423124,1371
11787.0,2413,0,0,2,7.437490674760697,505.2925818483216,5310.63972060781,1382
11788.0,2413,0,0,0,7.3904461684023985,505.6788230418566,5311.352597251817,1396
11789.0,2413,0,0,0,7.362642943750088,506.18068794032325,5312.067234542723,1412
11790.0,2413,0,0,0,7.3322746814778315,506.63323663489433,5312.783501960252,1410
11791.0,2412,0,0,1,7.386941145011588,505.2844112769486,5314.249487974898,1288
11792.0,2412,0,0,0,7.526247045106826,504.47636815920396,5314.951453104168,1222
11793.0,2412,0,0,0,7.692114372870712,503.9651741293532,5315.641847122233,1186
11794.0,2412,0,0,0,7.8652682789400075,503.6247927031509,5316.321263505266,1163
11795.0,2412,0,0,0,8.04135792598616,503.3051409618574,5316.988527965849,1133
11796.0,2410,0,0,2,8.218654562141632,503.5373443983402,5315.777816840151,1107
11797.0,2407,0,0,3,8.36903676778466,503.55463232239305,5316.569724504939,1082
11798.0,2407,0,0,0,8.530886511038247,503.117989198172,5317.2048927718815,1076
11799.0,2407,0,0,0,8.63554676756342,502.54341503946824,5317.834771854008,1065
11800.0,2407,0,0,0,8.730956989509158,501.98088907353554,5318.458139122262,1053
11801.0,2406,0,0,1,8.803464390920576,501.70656691604324,5317.392900118414,1041
11802.0,2405,0,0,1,8.863398097827716,501.4054054054054,5317.513329402603,1018
11803.0,2405,0,0,0,8.922576591366118,500.92099792099793,5318.123001868112,1014
11804.0,2405,0,0,0,8.980605715312103,500.45696465696466,5318.729783335568,1008
11805.0,2405,0,0,0,9.018039291219631,499.9555093555094,5319.333968216724,993
11806.0,2405,0,0,0,9.05692073410373,499.5214137214137,5319.935263306575,984
11807.0,2405,0,0,0,9.065305428508971,499.0869022869023,5320.53623594432,985
11808.0,2404,0,0,1,9.05817513652363,498.8165557404326,5322.851405326949,973
11809.0,2403,0,0,1,9.075626053861166,499.03329171868495,5321.81481958745,973
11810.0,2402,0,0,1,9.093119481823303,498.8509575353872,5321.929329757629,977
11811.0,2399,0,0,3,9.07686898329403,499.1054606085869,5323.036511486705,973
11812.0,2398,0,0,1,9.064514448264848,499.034612176814,5322.997099621706,985
11813.0,2398,0,1,1,9.038267919423081,498.9949958298582,5319.547088811012,968
11814.0,2398,0,0,0,9.003552408570535,498.69557964970807,5320.149495722898,979
11815.0,2397,0,0,1,8.986350780853229,498.4956195244055,5318.950993887769,974
11816.0,2399,0,2,0,8.952925149950012,497.6790329303877,5315.119439855531,981
11817.0,2398,0,0,1,8.929140206705934,497.4449541284404,5316.586522723981,976
11818.0,2398,0,0,0,8.907402163627356,496.9182652210175,5317.194132377267,978
11819.0,2398,0,1,1,8.89833173344804,496.87948290241866,5313.876415244131,972
11820.0,2397,0,0,1,8.884918455344687,496.64747601168125,5312.82647359081,978
11821.0,2397,0,0,0,8.874987349536731,496.2728410513141,5313.439349879984,975
11822.0,2397,0,0,0,8.87124529766103,495.8869420108469,5314.0522885271885,983
11823.0,2395,0,0,2,8.845820004417018,495.9064718162839,5311.303150714551,979
11824.0,2394,0,1,2,8.821666374553585,495.77485380116957,5307.056473348272,984
11825.0,2394,0,0,0,8.836780188302598,495.44903926482874,5307.672123957292,987
11826.0,2395,0,1,0,8.811285036405884,494.89770354906057,5306.073609608889,990
11827.0,2394,0,0,1,8.785235912451762,495.1386800334169,5308.4126626317975,997
11828.0,2393,0,0,1,8.751977634098164,495.1140827413289,5307.119881521973,1006
11829.0,2392,0,0,1,8.719951985541101,494.9799331103679,5306.921896321507,1003
11830.0,2391,0,0,1,8.694806539208278,495.24341279799245,5306.595032190217,1014
11831.0,2390,0,0,1,8.68161457213075,495.14853556485355,5307.205782476537,1025
11832.0,2390,0,0,0,8.662094255193036,494.85564853556485,5307.834297405519,1030
11833.0,2389,0,1,2,8.621583229572128,494.7915445793219,5305.174187987319,1040
11834.0,2389,0,0,0,8.595116507243306,494.5688572624529,5305.807010269237,1045
11835.0,2387,0,0,2,8.539168357627942,495.09928780896524,5304.579430883243,1046
11836.0,2387,0,0,0,8.510486242088483,494.74947633012147,5305.217030163614,1039
11837.0,2385,0,0,2,8.454235176053466,494.8876310272537,5304.1862498655755,1053
11838.0,2385,0,0,0,8.453830554132939,494.6834381551363,5304.827689573972,1066
11839.0,2384,0,0,1,8.431899762769845,495.059144295302,5303.711513271862,1082
11840.0,2383,0,1,2,8.393091755136656,495.0423835501469,5300.291961119728,1088
11841.0,2383,0,1,1,8.359620245582917,494.8673940411246,5297.434152708701,1091
11842.0,2383,0,0,0,8.350532581300373,495.0889634913974,5298.084071834089,1103
11843.0,2383,0,1,1,8.347881526005759,494.9018044481746,5294.646575409552,1111
11844.0,2382,0,0,1,8.345106227981026,494.9521410579345,5293.548889203583,1126
11845.0,2382,0,0,0,8.3465017737736,494.8194794290512,5294.19977519184,1139
11846.0,2381,0,1,2,8.324515509030403,494.78412431751366,5289.944669580202,1149
11847.0,2379,0,0,2,8.285150026696824,495.0130306851618,5288.759272426166,1148
11848.0,2378,0,0,1,8.246488120629966,495.4936921783011,5289.687171320992,1165
11849.0,2378,0,1,1,8.210864635518409,495.73086627417996,5287.846611948485,1169
11850.0,2378,0,0,0,8.189185945017286,495.94028595458366,5288.508591968242,1178
11851.0,2377,0,0,1,8.136927880175211,496.3538073201515,5290.785554331167,1191
11852.0,2378,0,1,0,8.110250956612157,496.35071488645923,5289.2264619050375,1200
11853.0,2376,0,0,2,8.062339816448434,497.01220538720537,5289.932078831164,1209
11854.0,2375,0,0,1,8.028481170524412,497.4661052631579,5292.024325366192,1222
11855.0,2377,0,2,0,8.001882404783698,497.2869162810265,5288.243285747158,1228
11856.0,2376,0,0,1,7.979263073027478,497.7878787878788,5288.864647399295,1237
11857.0,2373,0,0,3,7.927528280002308,498.67298777918245,5288.3874892883305,1236
11858.0,2373,0,0,0,7.884953418244404,498.8613569321534,5289.06679725402,1242
11859.0,2372,0,1,2,7.83721213863676,499.3355817875211,5287.4380030290695,1254
11860.0,2372,0,0,0,7.823947067399467,499.5699831365936,5288.120835625242,1259
11861.0,2372,0,0,0,7.806553336078468,499.81070826306916,5288.804931255101,1265
11862.0,2372,0,1,1,7.789853287642709,500.06408094435074,5285.431047824715,1274
11863.0,2371,0,0,1,7.749168997099132,500.493040911008,5285.462217669013,1280
11864.0,2371,0,1,1,7.70778696504552,500.8241248418389,5285.631073150829,1282
11865.0,2370,0,0,1,7.665941797480971,501.37974683544303,5284.41114886407,1289
11866.0,2368,0,0,2,7.639723381725457,502.1524493243243,5286.01145891541,1307
11867.0,2368,0,1,1,7.622988636025207,502.4936655405405,5284.928703500359,1313
11868.0,2368,0,0,0,7.6078757370686265,502.93032094594594,5285.624729842347,1324
11869.0,2368,0,0,0,7.597880815914445,503.31798986486484,5286.321446915562,1337
11870.0,2369,0,1,0,7.593443502955905,503.53144786829887,5284.788184781632,1346
11871.0,2368,0,0,1,7.581284336294364,504.16638513513516,5287.208276844174,1356
11872.0,2368,0,0,0,7.578090625745147,504.6228885135135,5287.908237108537,1356
11873.0,2367,0,0,1,7.562652975435967,505.15209125475286,5287.055096557588,1353
11874.0,2366,0,0,1,7.560565023290571,505.6952662721894,5287.670339464764,1344
11875.0,2365,0,0,1,7.542868498286547,506.3517970401691,5289.262261968627,1351
11876.0,2365,0,0,0,7.537864533879148,506.75898520084564,5289.966002395962,1368
11877.0,2365,0,0,0,7.51492218418365,507.2122621564482,5290.671188264999,1374
11878.0,2365,0,0,0,7.491352658771087,507.6706131078224,5291.378173832433,1389
11879.0,2364,0,0,1,7.4610533534221375,508.31302876480544,5292.533114944611,1404
11880.0,2362,0,0,2,7.427126011459311,509.1922099915326,5294.004397397891,1411
11881.0,2361,0,0,1,7.485996437577572,507.89834815756035,5296.44833041627,1300
11882.0,2360,0,0,1,7.586792687217837,507.42161016949154,5296.6507182652385,1241
11883.0,2359,0,0,1,7.70295048498263,507.32217041119117,5299.115924803493,1215
11884.0,2358,0,0,1,7.84445016812341,507.1730279898219,5299.320696763539,1179
11885.0,2357,0,0,1,7.979526592295484,507.154009333899,5300.734949675106,1155
11886.0,2357,0,0,0,8.134056985974581,506.89690284259655,5301.392742821914,1141
11887.0,2356,0,0,1,8.280081157611557,506.76570458404075,5303.023477797169,1124
11888.0,2355,0,0,1,8.398939135989698,506.7176220806794,5303.999103603311,1100
11889.0,2354,0,0,1,8.487218226528501,506.7824978759558,5306.377224355531,1090
11890.0,2353,0,0,1,8.566055365410195,506.9439014024649,5305.284754083546,1083
11891.0,2352,0,0,1,8.620292245510724,507.05697278911566,5307.675449186012,1072
11892.0,2351,0,0,1,8.671033443921026,507.2496809868141,5309.698526705082,1057
11893.0,2350,0,0,1,8.695940341734012,507.456170212766,5311.726449451139,1052
11894.0,2350,0,0,0,8.74248412371242,507.34468085106386,5312.344703477263,1045
11895.0,2349,0,0,1,8.775997708263224,507.42060451255855,5312.152911997701,1039
11896.0,2348,0,0,1,8.810119986706002,507.4126916524702,5312.841020608094,1015
11897.0,2346,0,0,2,8.80157532321402,507.71994884910487,5314.652055038137,1013
11898.0,2344,0,0,2,8.803327396952847,508.0597269624573,5311.498512128944,994
11899.0,2343,0,0,1,8.812250415836811,508.0990183525395,5313.054073164514,985
11900.0,2341,0,0,2,8.788713408851768,508.4681759931653,5314.11594872412,981
11901.0,2341,0,0,0,8.82751925039972,508.39043143955575,5314.727167121001,978
11902.0,2341,0,0,0,8.829974810900444,508.46860316104227,5315.337759406293,986
11903.0,2341,0,0,0,8.834605412703247,508.491243058522,5315.947853383558,989
11904.0,2341,0,0,0,8.85434433602935,508.490815890645,5316.557751413243,984
11905.0,2341,0,0,0,8.890679202997696,508.4263135412217,5317.165457987069,984
11906.0,2340,0,0,1,8.91837660350436,508.38803418803417,5316.293194565971,980
11907.0,2339,0,0,1,8.945036289751712,508.51603249251815,5317.468056191485,976
11908.0,2338,0,0,1,8.951128038042018,508.6539777587682,5317.668442789138,966
11909.0,2339,0,1,0,8.959254273259653,508.2800342026507,5315.998079049763,960
11910.0,2337,0,0,2,8.96117305359959,508.54599914420197,5317.227751995038,951
11911.0,2336,0,0,1,8.963168439376776,508.55051369863014,5315.92110796957,941
11912.0,2333,0,0,3,8.956353939192917,509.2323189027004,5315.05527871368,937
11913.0,2333,0,0,0,8.954675986214882,509.1933133304758,5315.659032392293,945
11914.0,2332,0,0,1,8.923459415449292,509.41423670668956,5317.348601799534,940
11915.0,2331,0,0,1,8.900309497017755,509.6662376662377,5318.839364837828,945
11916.0,2331,0,0,0,8.888830098412248,509.7185757185757,5319.44828625682,943
11917.0,2330,0,0,1,8.848728063206014,509.9618025751073,5318.39596490431,943
11918.0,2330,0,0,0,8.834644462801522,510.0545064377682,5319.008255113424,958
11919.0,2330,0,0,0,8.794914495517055,510.0969957081545,5319.623208653406,946
11920.0,2328,0,0,2,8.718929727973196,510.6185567010309,5318.659714597478,960
11921.0,2327,0,0,1,8.664368416725223,510.87623549634725,5317.441252172127,960
11922.0,2326,0,0,1,8.597330930113198,511.17067927773,5316.330241366974,969
11923.0,2323,0,0,3,8.542457402231856,511.9832113646147,5318.230237761438,980
11924.0,2324,0,1,0,8.508617565462549,511.9634251290878,5316.575868557294,992
11925.0,2322,0,0,2,8.470733736150532,512.6701119724376,5313.711813960585,1013
11926.0,2321,0,0,1,8.439415494768177,513.0719517449376,5312.539762061343,1025
11927.0,2319,0,0,2,8.405327335425586,513.6071582578697,5312.768842621504,1029
11928.0,2318,0,0,1,8.360407801245497,513.9577221742882,5311.611763700608,1050
11929.0,2315,0,0,3,8.291342038895086,514.776241900648,5315.0882930035095,1060
11930.0,2313,0,0,2,8.233227663024074,515.4479031560744,5315.358755546199,1081
11931.0,2314,0,1,0,8.199978828000422,515.4351771823682,5313.715091780662,1089
11932.0,2315,0,1,0,8.165125239699465,515.4203023758099,5312.076572987358,1099
11933.0,2315,0,0,0,8.157801968372276,515.6725701943844,5312.734627227355,1118
11934.0,2315,0,0,0,8.133663788818609,515.965010799136,5313.393844708567,1124
11935.0,2315,0,1,1,8.106824676694112,516.2781857451404,5310.3550100205175,1134
11936.0,2314,0,0,1,8.070034621744687,516.7221261884183,5309.100843183428,1149
11937.0,2313,0,1,2,8.023204451256493,517.1772589710333,5308.074175198438,1164
11938.0,2312,0,0,1,8.010897334270178,517.6185121107267,5310.083136811349,1173
11939.0,2313,0,1,0,7.978253900858462,517.6597492434068,5308.457882114281,1178
11940.0,2312,0,1,2,7.925240413755689,518.143598615917,5306.324430998153,1184
11941.0,2312,0,0,0,7.888208934772574,518.3551038062284,5307.000051773352,1200
11942.0,2311,0,0,1,7.8629553432038675,518.6919082648204,5308.229494737126,1203
11943.0,2311,0,1,1,7.828947400186951,518.801817395067,5307.5640546990635,1218
11944.0,2310,0,0,1,7.816144070643828,519.0783549783549,5308.324545545598,1227
11945.0,2311,0,1,0,7.804829748368647,518.9186499350931,5306.710541154138,1232
11946.0,2311,0,2,2,7.779580136437687,519.0220683686716,5299.921427200128,1243
11947.0,2311,0,1,1,7.779096350387669,519.3357853742968,5298.237569840279,1254
11948.0,2310,0,0,1,7.78017073364869,519.8575757575758,5297.154740704595,1265
11949.0,2309,0,1,2,7.74764059286148,520.4174967518406,5293.541111688947,1277
11950.0,2308,0,1,2,7.720959299395752,520.9605719237435,5292.16597371766,1286
11951.0,2309,0,1,0,7.695171285820566,521.0207882200086,5290.566437915523,1286
11952.0,2309,0,1,1,7.662792973359507,521.3932438284971,5287.613854228591,1293
11953.0,2308,0,0,1,7.6233945718786655,521.9735701906412,5288.525785422876,1294
11954.0,2307,0,0,1,7.597450715667147,522.5864759427828,5289.601656668227,1318
11955.0,2307,0,1,1,7.578163629565335,522.9401820546163,5289.172588595753,1320
11956.0,2305,0,0,2,7.541652439319791,523.838611713666,5289.66571851859,1334
11957.0,2306,0,1,0,7.530281064818627,523.9934952298352,5288.075780517735,1332
11958.0,2305,0,0,1,7.517764939476983,524.5973969631236,5290.507737781645,1329
11959.0,2306,0,2,1,7.49593125046203,524.8577623590633,5287.224339459432,1349
11960.0,2306,0,0,0,7.489515717729924,525.2294015611449,5287.931834782156,1342
11961.0,2304,0,1,3,7.46522374880152,526.0616319444445,5284.677700086604,1346
11962.0,2302,0,0,2,7.427154602031911,526.9209383145092,5285.4709531010785,1342
11963.0,2301,0,0,1,7.400016859730552,527.5302042590179,5287.947336692045,1350
11964.0,2300,0,0,1,7.374290373206454,528.1691304347826,5288.506571588985,1349
11965.0,2299,0,0,1,7.334893367922518,528.8020878642889,5290.674622454485,1362
11966.0,2299,0,1,1,7.307153571315374,529.1896476729013,5288.1885047314745,1360
11967.0,2299,0,0,0,7.28782219266763,529.672901261418,5288.90607617755,1365
11968.0,2296,0,0,3,7.237343738357002,530.7800522648083,5287.077330009472,1366
11969.0,2296,0,0,0,7.2132006110758615,531.0195993031359,5287.798837909336,1366
11970.0,2294,0,0,2,7.168283992099284,531.9585876198779,5288.432447559248,1370
11971.0,2294,0,0,0,7.277300736070711,530.3408892763731,5289.14813916005,1261
11972.0,2293,0,0,1,7.384010259512853,529.7854339293502,5290.919689241398,1201
11973.0,2293,0,0,0,7.538015223238128,529.4348015699957,5291.61637898696,1167
11974.0,2293,0,0,0,7.713271640300153,529.0902747492368,5292.300353453782,1138
11975.0,2292,0,0,1,7.866716780759419,529.0903141361257,5294.777528145708,1126
11976.0,2292,0,0,0,8.035751255293214,528.9349912739965,5295.438523444644,1111
11977.0,2292,0,0,0,8.166919067394485,528.6906631762653,5296.090888646694,1096
11978.0,2290,0,0,2,8.245267328338862,528.7078602620087,5296.019844653998,1074
11979.0,2288,0,0,2,8.315008786944793,529.0292832167833,5298.218142497224,1061
11980.0,2287,0,0,1,8.373071229512874,529.0445999125492,5300.672777000569,1046
11981.0,2286,0,0,1,8.419206932903949,529.2589676290464,5301.642835871313,1038
11982.0,2283,0,0,3,8.470218654590136,529.844064826982,5299.667430479027,1023
11983.0,2283,0,0,0,8.53517465980938,529.6789312308366,5300.29191140047,1020
11984.0,2282,0,0,1,8.57126961347568,529.6047326906223,5300.72969133333,1010
11985.0,2282,0,0,0,8.616198262875194,529.2489044697634,5301.3497432633385,995
11986.0,2282,0,0,0,8.659508599746648,528.9925503943908,5301.966892985043,992
11987.0,2279,0,0,3,8.687719522549846,529.7016235190873,5299.154966182141,991
11988.0,2277,0,0,2,8.73236738472557,530.060606060606,5303.345664282873,980
11989.0,2275,0,0,2,8.720400322142407,530.52,5304.366896522714,976
11990.0,2273,0,0,2,8.714276399441259,530.9670039595248,5304.105460816476,971
11991.0,2272,0,0,1,8.71944665998393,531.1536091549295,5304.6850533457555,980
11992.0,2271,0,0,1,8.741559841227652,531.4191985909291,5305.593632732071,973
11993.0,2271,0,0,0,8.744729802541956,531.2377807133421,5306.206380348848,974
11994.0,2267,0,0,4,8.738262121313777,532.2183502426113,5303.763414794042,971
11995.0,2266,0,0,1,8.724370973111483,532.431597528685,5304.000616769552,982
11996.0,2263,0,0,3,8.721305958360643,533.0963323022537,5305.470365639141,976
11997.0,2261,0,0,2,8.731282568364675,533.5404688191065,5303.9057590319635,974
11998.0,2260,0,1,2,8.700493319013853,533.7654867256637,5305.069845818468,966
11999.0,2258,0,0,2,8.68705366756728,534.2196634189548,5303.450582993997,967
12000.0,2257,0,0,1,8.694496290381048,534.3898980948161,5303.565562752028,955
