time_s,running_vehicle_count,loaded_vehicle_count,departed_vehicle_count,arrived_vehicle_count,mean_speed_mps,mean_waiting_time_s,mean_time_loss_s,halting_vehicle_count
1.0,0,0,0,0,0,0,0,0
2.0,5,834,5,0,21.086606600000003,0.0,0.0,0
3.0,10,0,5,0,21.25031477137026,0.0,0.016072561472486948,0
4.0,14,0,4,0,20.805072030678254,0.0,0.050366892791200886,0
5.0,18,0,4,0,22.562524857364977,0.0,0.08294723364950235,0
6.0,23,0,5,0,21.220720790198303,0.0,0.10750494636397337,0
7.0,25,0,2,0,20.72315637574036,0.0,0.1405478767338739,0
8.0,31,0,6,0,20.450700959423692,0.0,0.15547268224128366,0
9.0,35,0,4,0,19.364451746867974,0.0,0.17929236620636457,0
10.0,40,0,5,0,19.26666296689327,0.0,0.22986296470676543,0
11.0,48,0,8,0,20.11339459594912,0.0,0.270150015000521,0
12.0,51,0,3,0,20.018160012312304,0.0,0.32833341825498724,0
13.0,57,0,6,0,20.56911925282988,0.0,0.37328487984926745,0
14.0,62,0,5,0,20.64800166285086,0.0,0.4068143605848054,0
15.0,66,0,4,0,20.155306909429935,0.0,0.44837629279448893,0
16.0,71,0,5,0,20.247623889082462,0.0,0.4889112424052771,0
17.0,76,0,5,0,19.747791923486485,0.0,0.532638085012441,0
18.0,79,0,3,0,20.178665739511196,0.0,0.5928375563425272,0
19.0,81,0,2,0,20.224948568724095,0.0,0.6592637836850552,0
20.0,87,0,6,0,20.44281424391831,0.0,0.6890089272259696,0
21.0,88,0,1,0,20.31914621480505,0.0,0.771318506834379,0
22.0,91,0,3,0,20.130634970214658,0.01098901098901099,0.8362892234257631,1
23.0,92,0,1,0,19.895796110328916,0.021739130434782608,0.9354431436669077,1
24.0,94,0,2,0,19.647059693354326,0.05319148936170213,1.0299158810220312,3
25.0,94,0,0,0,19.685189338872245,0.0425531914893617,1.1527058147047897,2
26.0,98,0,4,0,19.767969806800085,0.04081632653061224,1.234253635472327,2
27.0,101,0,3,0,19.89724415797957,0.04950495049504951,1.3194730567063429,2
28.0,104,0,3,0,19.958674993175478,0.0673076923076923,1.4038177476666418,3
29.0,108,0,4,0,20.063680795864247,0.10185185185185185,1.4761764721843553,4
30.0,115,0,7,0,20.172268257109476,0.06956521739130435,1.5122316788944024,3
31.0,120,0,5,0,19.958421416849195,0.03333333333333333,1.573895705896978,2
32.0,125,0,5,0,19.867368329109787,0.056,1.6441842329842045,3
33.0,127,0,2,0,19.632794353078527,0.07086614173228346,1.756760214825445,3
34.0,130,0,3,0,19.468427750451475,0.1,1.8586600359621492,4
35.0,132,0,2,0,19.44205094552574,0.09848484848484848,1.969712271709596,4
36.0,135,0,3,0,19.600389732733092,0.11851851851851852,2.0721610340841496,4
37.0,139,0,4,0,19.43577504849492,0.15827338129496402,2.1551523111155446,6
38.0,142,0,3,0,19.53970545414893,0.18309859154929578,2.25578299932915,6
39.0,149,0,7,0,19.80579184294135,0.2080536912751678,2.2870400951691026,6
40.0,151,0,2,0,19.84881917863205,0.23841059602649006,2.401471701533562,6
41.0,153,0,2,0,19.891494311539276,0.2679738562091503,2.5118981578882233,6
42.0,157,0,4,0,19.766005428879556,0.3057324840764331,2.5886274821721647,7
43.0,164,0,7,0,19.576502205738464,0.2926829268292683,2.6151053272158795,6
44.0,167,0,3,0,19.437001562198173,0.32335329341317365,2.710288905405155,6
45.0,175,0,8,0,19.284905895522122,0.3657142857142857,2.7345750315083226,10
46.0,181,0,6,0,19.198510263709125,0.4088397790055249,2.796286255342279,11
47.0,187,0,6,0,19.171740287958038,0.47058823529411764,2.861737710896717,14
48.0,192,0,5,0,19.189759786898968,0.5364583333333334,2.9451325324644926,15
49.0,198,0,6,0,19.312275850079526,0.5505050505050505,3.0103822791045296,14
50.0,201,0,3,0,19.410163892663686,0.5970149253731343,3.121384788803874,14
51.0,207,0,6,0,19.329802292742198,0.6376811594202898,3.1851425947727354,15
52.0,212,0,5,0,19.42274297775233,0.6839622641509434,3.26364850769317,14
53.0,216,0,4,0,19.506467408036883,0.7407407407407407,3.3611718132697668,15
54.0,220,0,4,0,19.482289299582757,0.8,3.461858380413958,16
55.0,225,0,5,0,19.56046835524743,0.8577777777777778,3.5461395812014556,17
56.0,227,0,2,0,19.46393519081876,0.9251101321585903,3.685448853295852,17
57.0,231,0,4,0,19.259340401859756,0.9913419913419913,3.7970365046049124,19
58.0,237,0,6,0,19.180683079535132,1.0506329113924051,3.883341208473307,20
59.0,240,0,3,0,19.10978388033053,1.1333333333333333,4.020824092191541,23
60.0,244,0,4,0,18.985240996184714,1.2131147540983607,4.1394014898399725,24
61.0,248,0,4,0,18.878654742358616,1.2862903225806452,4.264016534791406,25
62.0,253,0,5,0,18.919707681358467,1.3675889328063242,4.37517093115237,27
63.0,258,0,5,0,18.82333603200085,1.445736434108527,4.4924501676760284,28
64.0,260,0,2,0,18.57644607574963,1.5538461538461539,4.673565595795318,31
65.0,263,0,3,0,18.495913007556137,1.6539923954372624,4.842702394184526,33
66.0,267,0,4,0,18.384755655567794,1.7752808988764044,5.005958602730947,39
67.0,270,0,3,0,18.172431417110587,1.8925925925925926,5.196872619782559,39
68.0,274,0,4,0,18.181652711049917,2.0145985401459856,5.372804040449964,42
69.0,282,0,8,0,18.078756409469264,2.1134751773049647,5.473779606233625,45
70.0,285,0,3,0,17.91453926547868,2.2350877192982455,5.674105561884921,45
71.0,290,0,5,0,17.848432877169053,2.3620689655172415,5.841741289742407,49
72.0,297,0,7,0,17.766110920966916,2.474747474747475,5.967104474585068,52
73.0,299,0,2,0,17.739938564743838,2.6153846153846154,6.1992462808192155,50
74.0,305,0,6,0,17.795758526294634,2.7442622950819673,6.349748960658433,55
75.0,312,0,7,0,17.740507338013096,2.8685897435897436,6.482842274725596,59
76.0,315,0,3,0,17.565269754416622,3.0253968253968253,6.703049681722904,61
77.0,321,0,6,0,17.554812841152977,3.177570093457944,6.861146802912871,67
78.0,327,0,6,0,17.568754389896494,3.311926605504587,7.01595255083002,65
79.0,330,0,3,0,17.429845922131587,3.4909090909090907,7.242224865115334,69
80.0,334,0,4,0,17.5704844510371,3.655688622754491,7.445352078381406,70
81.0,338,0,4,0,17.54246731362738,3.828402366863905,7.6507879049675775,73
82.0,344,0,6,0,17.502946200351406,3.9767441860465116,7.8154771229855955,74
83.0,348,0,4,0,17.527924199735985,4.117816091954023,8.022676448808182,74
84.0,358,0,10,0,17.554487792949445,4.217877094972067,8.09019737054572,77
85.0,363,0,5,0,17.477472342440528,4.380165289256198,8.274488023847825,80
86.0,369,0,6,0,17.360837597073694,4.533875338753387,8.435203664618898,83
87.0,374,0,5,0,17.3411896636415,4.7032085561497325,8.616016767895058,86
88.0,375,0,1,0,17.227117948070134,4.925333333333334,8.892418366189803,88
89.0,379,0,4,0,17.273659213816323,5.108179419525066,9.101865955730627,89
90.0,380,0,1,0,17.18372601835167,5.336842105263158,9.388191078344915,92
91.0,387,0,7,0,17.16587483578618,4.348837209302325,9.520418801135614,80
92.0,390,0,3,0,17.317687008664354,3.5589743589743588,9.744775805386322,69
93.0,393,0,3,0,17.370580481583477,2.9974554707379135,9.962209534044241,60
94.0,396,0,3,0,17.556986748427715,2.6161616161616164,10.167352094974186,52
95.0,401,0,5,0,17.692611655091213,2.3840399002493764,10.308181340103886,47
96.0,404,0,3,0,18.002129099788924,2.2797029702970297,10.485410138167234,44
97.0,408,0,4,0,18.229027044545823,2.176470588235294,10.623133935366198,42
98.0,413,0,5,0,18.326901538123536,2.128329297820823,10.727299123205508,40
99.0,416,0,3,0,18.437895682160097,2.081730769230769,10.880587131289609,36
100.0,419,0,3,0,18.464481197809526,2.1026252983293556,11.028793622753527,34
101.0,422,0,3,0,18.525181764827344,2.1516587677725116,11.171697293027794,34
102.0,426,0,4,0,18.64248783264782,2.204225352112676,11.280590974459939,35
103.0,429,0,3,0,18.793505945205986,2.268065268065268,11.410626911962527,36
104.0,431,0,2,0,18.85040741742086,2.3457076566125292,11.562470176782412,38
105.0,434,0,3,0,18.87555191275197,2.4193548387096775,11.684202185724507,39
106.0,437,0,3,0,18.921898328018482,2.494279176201373,11.805121692410069,40
107.0,443,0,6,0,19.001666626283242,2.55079006772009,11.841081791435766,40
108.0,446,0,3,0,19.095419917172933,2.625560538116592,11.951148607742642,41
109.0,450,0,4,0,19.055697216249104,2.6977777777777776,12.03304781527859,43
110.0,452,0,2,0,19.045970842860307,2.7831858407079646,12.169668123844453,44
111.0,457,0,5,0,18.975591368532072,2.849015317286652,12.230849467924607,44
112.0,460,0,3,0,18.98588945482507,2.9260869565217393,12.345431314557276,44
113.0,462,0,2,0,18.93476034877691,2.9891774891774894,12.491361938770858,46
114.0,465,0,3,0,18.873012369189603,3.0516129032258066,12.616606770918615,48
115.0,470,0,5,0,18.742058391329977,2.953191489361702,12.694993598498208,49
116.0,474,0,4,0,18.726768836490095,2.871308016877637,12.801738491680677,50
117.0,479,0,5,0,18.72783274432184,2.6784968684759916,12.882915503646672,49
118.0,483,0,4,0,18.651945076768072,2.606625258799172,12.992477184748221,51
119.0,488,0,5,0,18.545957893431144,2.5368852459016393,13.079073964041143,51
120.0,490,0,2,0,18.434899880038458,2.4857142857142858,13.253591211653854,52
121.0,493,0,3,0,18.345222941107206,2.3265720081135903,13.40466548654382,52
122.0,498,0,5,0,18.27051202400661,2.285140562248996,13.50624053224875,56
123.0,503,0,5,0,18.25427117164042,2.2365805168986084,13.609370517750204,58
124.0,505,0,2,0,18.119257345419825,2.3306930693069305,13.80074198639513,59
125.0,509,0,4,0,17.956226392825844,2.1964636542239684,13.943734745577839,58
126.0,511,0,2,0,17.825053113186407,2.101761252446184,14.14929440026078,62
127.0,514,0,3,0,17.71777394828964,2.009727626459144,14.334024590948346,64
128.0,515,0,1,0,17.59160793621461,2.0485436893203883,14.57623976973231,72
129.0,519,0,4,0,17.558364430997038,2.0751445086705202,14.74136902315681,74
130.0,522,0,3,0,17.444453737157048,2.1264367816091956,14.941317139330966,79
131.0,525,0,3,0,17.38487520102223,2.1619047619047618,15.140638300598901,78
132.0,527,0,2,0,17.26873830545986,2.176470588235294,15.375273763709716,78
133.0,534,0,7,0,17.252012826378447,2.1797752808988764,15.464635934395798,82
134.0,535,0,1,0,17.15726076998943,2.149532710280374,15.732351430950846,86
135.0,540,0,5,0,17.079586600545756,2.2074074074074073,15.883853214534847,89
136.0,545,0,5,0,17.05271112117597,2.256880733944954,16.037386513260543,91
137.0,549,0,4,0,16.990587205999812,2.2240437158469946,16.22294061172601,95
138.0,550,0,1,0,16.949387555646197,2.2163636363636363,16.498298716763557,98
139.0,554,0,4,0,16.936747730347687,2.312274368231047,16.686416407206654,101
140.0,559,0,5,0,16.943582588879174,2.370304114490161,16.846948016130884,102
141.0,564,0,5,0,16.92054007189065,2.4539007092198584,17.009352134403382,105
142.0,567,0,3,0,16.909796396608993,2.566137566137566,17.23143398432399,109
143.0,569,0,2,0,16.882039715850198,2.75219683655536,17.487124838956,112
144.0,570,0,1,0,16.87548549948878,2.8719298245614033,17.775096564337087,120
145.0,572,0,2,0,16.825914076841183,3.012237762237762,18.03648296397136,125
146.0,578,0,6,0,16.879841737369848,3.1280276816608996,18.169294571704917,127
147.0,580,0,2,0,16.864266369165417,3.282758620689655,18.429463951057656,130
148.0,584,0,4,0,16.845680899794544,3.4297945205479454,18.6261963051643,133
149.0,592,0,8,0,16.912026238753253,3.5557432432432434,18.699898489902527,135
150.0,594,0,2,0,16.903858238186068,3.727272727272727,18.961712330245067,140
151.0,597,0,3,0,16.92832809798763,3.9179229480737017,19.193389934699866,141
152.0,601,0,4,0,16.941561488545425,4.058236272878536,19.390693476225717,145
153.0,604,0,3,0,16.8733709129315,4.22682119205298,19.6234789168618,146
154.0,614,0,10,0,16.966145363998773,4.346905537459284,19.629517554230347,147
155.0,619,0,5,0,16.923897290307682,4.5040387722132476,19.800436642558083,149
156.0,622,0,3,0,16.851229034869995,4.668810289389068,20.040376680830615,149
157.0,624,0,2,0,16.783148676953772,4.847756410256411,20.315853349228913,150
158.0,626,0,2,0,16.801323199061045,5.001597444089457,20.590527785646728,153
159.0,628,0,2,0,16.784417998886575,5.162420382165605,20.866166970211655,152
160.0,630,0,2,0,16.796880088356726,5.328571428571428,21.14114220561224,156
161.0,631,0,1,0,16.790847270472383,5.508716323296355,21.44901024868676,159
162.0,638,0,7,0,16.804503036438266,5.664576802507837,21.55268745575416,162
163.0,642,0,4,0,16.783968500738865,5.82398753894081,21.758963231979443,162
164.0,649,0,7,0,16.786760909575214,5.9583975346687215,21.871593095242734,164
165.0,655,0,6,0,16.790380546829592,6.10381679389313,22.020503413284782,165
166.0,658,0,3,0,16.76263880115096,6.279635258358662,22.27539992131336,168
167.0,661,0,3,0,16.655505224550957,6.449319213313162,22.532475664308997,172
168.0,664,0,3,0,16.58648107609669,6.6370481927710845,22.79457834333064,174
169.0,669,0,5,0,16.63145641253043,6.808669656203288,22.987693335444124,177
170.0,676,0,7,0,16.557254262735576,7.005917159763314,23.11529673046926,181
171.0,676,0,0,0,16.53678143526955,7.244082840236686,23.482863088553646,185
172.0,680,0,4,0,16.53078338819193,7.479411764705882,23.71314126920191,189
173.0,686,0,6,0,16.520926801616987,7.696793002915452,23.87195421719455,195
174.0,688,0,2,0,16.50718390958404,7.960755813953488,24.17299859927384,197
175.0,691,0,3,0,16.498538091757432,8.218523878437047,24.438755761061596,202
176.0,694,0,3,0,16.5444321823035,8.479827089337176,24.705288441093643,206
177.0,695,0,1,0,16.48456020240292,8.76115107913669,25.04583084917919,210
178.0,697,0,2,0,16.521467331764985,9.041606886657101,25.35095740863526,213
179.0,706,0,9,0,16.486795104771478,9.23229461756374,25.40347957668396,216
180.0,709,0,3,0,16.44126488808336,9.503526093088858,25.674829515439107,220
181.0,716,0,7,0,16.568273170351983,8.057262569832401,25.79493995583449,195
182.0,721,0,5,0,16.705282679661966,6.837725381414701,25.978073814926113,175
183.0,726,0,5,0,16.852553561659338,5.852617079889807,26.153149330399955,158
184.0,729,0,3,0,17.094678964245873,5.031550068587106,26.385300902930293,140
185.0,736,0,7,0,17.237053044518188,4.444293478260869,26.458158354330877,125
186.0,739,0,3,0,17.412331907600116,4.055480378890392,26.665199724173583,115
187.0,745,0,6,0,17.597208292034676,3.6966442953020135,26.750914813986153,107
188.0,748,0,3,0,17.79212120643106,3.370320855614973,26.93054572712124,100
189.0,750,0,2,0,17.99765680316501,3.2426666666666666,27.13352381656788,93
190.0,754,0,4,0,18.158076407718035,3.0212201591511936,27.25454266060846,90
191.0,757,0,3,0,18.309818337756404,2.8494055482166445,27.402177113622237,86
192.0,758,0,1,0,18.378603588084474,2.7097625329815305,27.61380402159342,83
193.0,766,0,8,0,18.53289851185316,2.633159268929504,27.569054321792642,82
194.0,773,0,7,0,18.57553573650615,2.5666235446313066,27.559502840577753,81
195.0,776,0,3,0,18.591882352139976,2.6597938144329896,27.695074211941847,82
196.0,779,0,3,0,18.67229190571179,2.7086007702182284,27.827253896078084,84
197.0,784,0,5,0,18.68625172546067,2.748724489795918,27.888761105101462,83
198.0,791,0,7,0,18.695342311248623,2.786346396965866,27.880289628627462,86
199.0,795,0,4,0,18.725732579796254,2.8364779874213837,27.977669562446966,87
200.0,799,0,4,0,18.726915132396517,2.886107634543179,28.07629692789879,87
201.0,801,0,2,0,18.710303116768745,2.9425717852684143,28.246614659966443,86
202.0,803,891,2,0,18.66114065666768,3.00373599003736,28.41728281637911,90
203.0,805,0,2,0,18.61636176740049,3.027329192546584,28.58983025431778,92
204.0,811,0,6,0,18.6208602777227,2.996300863131936,28.621362164718008,95
205.0,819,0,8,0,18.604175660980392,2.8815628815628815,28.584512144274143,95
206.0,822,0,3,0,18.510283589946447,2.7907542579075426,28.725616298189404,97
207.0,827,0,5,0,18.516959599662243,2.6517533252720678,28.79722111020293,98
208.0,831,0,4,0,18.52622599968583,2.6209386281588447,28.903582689272753,100
209.0,836,0,5,0,18.545952626734746,2.6279904306220097,28.976256546880446,101
210.0,842,0,6,0,18.50997165202449,2.5997624703087885,29.017882505235022,105
211.0,845,0,3,0,18.39041635169096,2.5940828402366862,29.169854884649894,104
212.0,848,0,3,0,18.275257016303737,2.577830188679245,29.327167017452556,107
213.0,851,0,3,0,18.12574995028422,2.5640423031727377,29.489030968371104,108
214.0,859,0,8,0,18.07184919080117,2.549476135040745,29.483323427838666,110
215.0,865,0,6,0,18.04546864119741,2.5491329479768785,29.551221236136783,115
216.0,868,0,3,0,17.933859241221402,2.5679723502304146,29.72492199837455,119
217.0,875,0,7,0,17.83365250612194,2.5645714285714285,29.76389072509823,124
218.0,880,0,5,0,17.749723109039934,2.6011363636363636,29.87855089129054,129
219.0,888,0,8,0,17.678169183375466,2.6171171171171173,29.89706474930847,135
220.0,891,0,3,0,17.589546845457424,2.714927048260382,30.090612606320402,139
221.0,895,0,4,0,17.48330146090761,2.7564245810055867,30.255099407227505,145
222.0,901,0,6,0,17.363594656964455,2.8879023307436182,30.357595846036677,152
223.0,905,0,4,0,17.26946759094188,2.9591160220994475,30.529446866991286,154
224.0,908,0,3,0,17.196401080479053,3.050660792951542,30.742677611247657,160
225.0,913,0,5,0,17.11004240417816,3.12157721796276,30.890120881792594,164
226.0,915,0,2,0,17.023493808475532,3.1846994535519126,31.144368240476705,168
227.0,919,0,4,0,17.009278910896636,3.1849836779107727,31.329861259687572,171
228.0,921,0,2,0,16.945263800635797,3.263843648208469,31.58633845915276,184
229.0,925,0,4,0,16.926364722769815,3.291891891891892,31.776353834691164,189
230.0,932,0,7,0,16.906907305561916,3.36587982832618,31.865325214150538,194
231.0,934,0,2,0,16.88733931246044,3.4197002141327624,32.126799020168846,195
232.0,941,0,7,0,16.88838124945896,3.5196599362380447,32.21328151733531,204
233.0,945,0,4,0,16.84634727496624,3.6783068783068784,32.404600934734496,205
234.0,951,0,6,0,16.88179979866034,3.8454258675078865,32.528621113353196,210
235.0,957,0,6,0,16.82747438076329,3.9571577847439916,32.65471276156674,214
236.0,961,0,4,0,16.787422325609256,4.062434963579604,32.85113857136172,217
237.0,962,0,1,0,16.724818520437513,4.197505197505198,33.15336618355676,220
238.0,967,0,5,0,16.688042107344288,4.313340227507756,33.31806224476555,225
239.0,974,0,7,0,16.62748563368504,4.421971252566735,33.420090040431354,227
240.0,982,0,8,0,16.54449495201042,4.545824847250509,33.490872930587095,233
241.0,983,0,1,0,16.44910869622003,4.664292980671414,33.80667173673854,234
242.0,985,0,2,0,16.366023086020515,4.788832487309644,34.09219358369621,236
243.0,992,0,7,0,16.355447086630328,4.893145161290323,34.2063533305187,238
244.0,998,0,6,0,16.308852573712358,5.00501002004008,34.35903224374403,240
245.0,999,0,1,0,16.252150326324454,5.225225225225225,34.68642451919654,247
246.0,1004,0,5,0,16.209580808090955,5.351593625498008,34.878200559609375,249
247.0,1007,0,3,0,16.157285482156325,5.464746772591857,35.141297908049,248
248.0,1012,0,5,0,16.1619755649755,5.589920948616601,35.33653619269856,251
249.0,1015,0,3,0,16.150597280642547,5.72807881773399,35.60229491132375,254
250.0,1020,0,5,0,16.098351644326694,5.9,35.801597069142076,258
251.0,1024,0,4,0,16.10731142790444,6.0478515625,36.03761649293851,262
252.0,1027,0,3,0,16.104849730822018,6.197663096397274,36.30804329282482,263
253.0,1031,0,4,0,16.06853518179617,6.3617846750727445,36.54507469920212,269
254.0,1033,0,2,0,16.060650236563134,6.54404646660213,36.854487447382816,272
255.0,1036,0,3,0,16.0253828712129,6.70945945945946,37.13210236040142,270
256.0,1041,0,5,0,16.015987916018226,6.937560038424592,37.338469971587735,279
257.0,1047,0,6,0,16.02958400476074,7.09360076408787,37.50905974919939,286
258.0,1050,0,3,0,15.98774352136013,7.284761904761905,37.790127210349425,289
259.0,1056,0,6,0,16.020639575620713,7.463068181818182,37.964443229948046,298
260.0,1057,0,1,0,16.001413816791743,7.667928098391674,38.31861316615407,302
261.0,1062,0,5,0,15.982496939516793,7.853107344632768,38.527670029268094,305
262.0,1064,0,2,0,15.994180728382586,8.040413533834586,38.84648378033475,305
263.0,1068,0,4,0,16.009324317453988,8.21629213483146,39.091054371177464,306
264.0,1073,0,5,0,15.99372118722371,8.397017707362535,39.30086417746962,305
265.0,1074,0,1,0,15.932580895077605,8.611731843575418,39.66003487310992,309
266.0,1080,0,6,0,15.90649317512982,8.785185185185185,39.835147881395486,314
267.0,1084,0,4,0,15.88092535299567,9.042435424354244,40.08733484933969,323
268.0,1089,0,5,0,15.856493248147492,9.280073461891643,40.30222759764646,324
269.0,1093,0,4,0,15.847128273925613,9.441903019213175,40.55741010477175,330
270.0,1099,0,6,0,15.871384559022896,9.639672429481347,40.737682319324065,333
271.0,1103,0,4,0,15.934267258574431,8.27198549410698,40.98791728708413,294
272.0,1106,0,3,0,16.000670020939232,7.343580470162749,41.27055384620702,267
273.0,1108,0,2,0,16.085999751037427,6.578519855595668,41.5841763956325,242
274.0,1111,0,3,0,16.22309248918059,6.0927092709270925,41.85005267174073,230
275.0,1113,0,2,0,16.34714867742968,5.709793351302785,42.140095906339205,219
276.0,1121,0,8,0,16.555284788125217,5.342551293487957,42.192731893526535,208
277.0,1125,0,4,0,16.748776756595372,5.022222222222222,42.383508851902214,197
278.0,1128,0,3,0,16.943393892099937,4.75177304964539,42.600467087702434,190
279.0,1133,0,5,0,17.098160409357877,4.5375110326566634,42.733027167564636,186
280.0,1139,0,6,0,17.20259003647703,4.507462686567164,42.819724935515225,181
281.0,1144,0,5,0,17.345358107100616,4.373251748251748,42.93722040543738,178
282.0,1148,0,4,0,17.495540793223128,4.279616724738676,43.08346021069076,174
283.0,1149,0,1,0,17.537361977354987,4.154046997389034,43.338175531220266,170
284.0,1151,0,2,0,17.6387206967869,3.899218071242398,43.55109887715516,164
285.0,1155,0,4,0,17.702601058959658,3.637229437229437,43.6842852556868,158
286.0,1156,0,1,0,17.699656186012408,3.4333910034602075,43.930629953861676,151
287.0,1159,0,3,0,17.72792296694225,3.3485763589301123,44.096854574551735,148
288.0,1166,0,7,0,17.779309631512653,3.224699828473413,44.109576858058425,146
289.0,1166,0,0,0,17.763387623551882,3.1132075471698113,44.387438121448916,149
290.0,1173,0,7,0,17.861670370011876,3.010230179028133,44.396233203187414,146
291.0,1175,0,2,0,17.897802574174076,2.981276595744681,44.59388293433205,144
292.0,1175,0,0,0,17.892605398419178,2.9080851063829787,44.867474817297506,146
293.0,1180,0,5,0,17.9286387487006,2.766101694915254,44.94897408371641,145
294.0,1187,0,7,0,17.918726782483844,2.6630160067396798,44.956248417245895,145
295.0,1193,0,6,0,17.927395710240532,2.592623637887678,45.00234133640837,146
296.0,1196,0,3,0,17.969775399619174,2.5301003344481607,45.16075315019105,143
297.0,1201,0,5,0,17.963004189901067,2.436303080766028,45.244111466483794,143
298.0,1202,0,1,0,17.967175527882315,2.4242928452579036,45.47773822708628,147
299.0,1205,0,3,0,17.963581745290476,2.4672199170124482,45.63620907485199,147
300.0,1206,0,1,0,17.939386241615725,2.466832504145937,45.871970926715996,149
301.0,1209,0,3,0,17.80986701762814,2.4177005789909014,46.036920057983366,146
302.0,1211,0,2,0,17.681855962073445,2.429397192402973,46.24588179584406,159
303.0,1216,0,5,0,17.566895553185244,2.4309210526315788,46.34434475015112,161
304.0,1220,0,5,1,17.509192732124923,2.4360655737704917,46.44975638821899,160
305.0,1222,0,2,0,17.458980114775272,2.5180032733224222,46.66922878692514,166
306.0,1227,0,5,0,17.414505508002396,2.5378973105134475,46.77549526545677,169
307.0,1230,0,3,0,17.36033273604176,2.504878048780488,46.96174226076253,170
308.0,1231,0,1,0,17.334660041984073,2.579203899268887,47.22628866441018,173
309.0,1234,0,3,0,17.29965782015371,2.572933549432739,47.41554921943385,180
310.0,1238,0,4,0,17.276230002916463,2.587237479806139,47.56753540203426,186
311.0,1240,0,2,0,17.23762241410292,2.5991935483870967,47.797306830667026,187
312.0,1243,0,3,0,17.19764889438885,2.6202735317779564,47.99138691657404,197
313.0,1244,0,1,0,17.192388296868874,2.680064308681672,48.26378204601087,201
314.0,1245,0,1,0,17.13337564755477,2.718875502008032,48.54022872687219,206
315.0,1246,0,1,0,17.05198931226261,2.792937399678973,48.82290115143727,210
316.0,1248,0,2,0,16.99493332396509,2.878205128205128,49.07221886619989,220
317.0,1251,0,3,0,16.93464856398729,2.920863309352518,49.285065728737656,227
318.0,1257,0,6,0,16.879469738036104,2.933969769291965,49.38138539828906,232
319.0,1259,0,2,0,16.800441625163987,2.9690230341540906,49.641135765099335,239
320.0,1264,0,5,0,16.750579021892435,3.064873417721519,49.786615412583146,248
321.0,1267,0,3,0,16.679203232057773,3.138121546961326,50.01544258424428,254
322.0,1271,0,4,0,16.600801744085704,3.2580645161290325,50.20843086783969,264
323.0,1278,0,7,0,16.550668107221558,3.430359937402191,50.2848798327699,280
324.0,1283,0,5,0,16.503343378429097,3.604053000779423,50.44560575909373,286
325.0,1289,0,6,0,16.453573498861513,3.7362296353762607,50.57036916146573,296
326.0,1294,0,5,0,16.373369172278785,3.8778979907264297,50.73505110310663,305
327.0,1298,0,4,0,16.292438773445753,4.030816640986132,50.944579588574896,315
328.0,1307,0,9,0,16.317189970846496,4.1928079571537875,50.95693334665475,319
329.0,1313,0,6,0,16.302991191364384,4.347296268088347,51.088798358720425,328
330.0,1316,0,3,0,16.26508128601425,4.512917933130699,51.33960035391665,333
331.0,1318,0,2,0,16.223071713306027,4.632018209408194,51.631351487706745,336
332.0,1323,0,5,0,16.181979998575766,4.746031746031746,51.807055762232146,341
333.0,1328,0,5,0,16.166045076456403,4.890813253012048,51.98523221199048,345
334.0,1335,0,7,0,16.177531309032872,5.014232209737828,52.08667843450195,351
335.0,1341,0,6,0,16.153964451360444,5.164802386278897,52.2294396929399,354
336.0,1345,0,4,0,16.131989799937767,5.290706319702602,52.45317159670423,360
337.0,1351,0,6,0,16.122565415437183,5.438193930421909,52.5996845302111,363
338.0,1354,0,3,0,16.088414264461733,5.621861152141802,52.86642599446468,363
339.0,1359,0,5,0,16.040672396894497,5.829286239882267,53.05672094018849,370
340.0,1364,0,5,0,16.003725324927373,6.0014662756598245,53.25145656933227,374
341.0,1369,0,5,0,16.035743767011827,6.1891891891891895,53.446704967459475,376
342.0,1372,0,3,0,16.037048015536563,6.364431486880466,53.72172250423196,382
343.0,1374,0,2,0,16.05050485545029,6.551673944687045,54.03808351473369,390
344.0,1380,0,6,0,16.023568619069405,6.728985507246377,54.19962888164152,398
345.0,1384,0,4,0,16.005238826982456,6.95592485549133,54.44330540839521,403
346.0,1386,0,2,0,15.9924372495245,7.137806637806638,54.76415347810034,403
347.0,1391,0,5,0,15.974990794600133,7.3580158159597415,54.96770402849818,412
348.0,1397,0,6,0,16.013658023574425,7.525411596277738,55.13000287717948,413
349.0,1400,0,3,0,16.003078522963094,7.724285714285714,55.410812953846744,417
350.0,1403,0,3,0,15.95740048486001,8.000712758374911,55.69362457745284,424
351.0,1409,0,6,0,15.944406406005289,8.203690560681334,55.85817099704885,429
352.0,1411,0,2,0,15.925799772740369,8.428773919206236,56.18374158594377,430
353.0,1413,0,2,0,15.938324679648707,8.660297239915074,56.510330533495534,434
354.0,1415,0,2,0,15.906098283029507,8.898233215547704,56.83985203009562,438
355.0,1417,0,2,0,15.92985204245949,9.162314749470713,57.16826605885857,441
356.0,1417,0,0,0,15.91956340131577,9.399435426958362,57.57925334796958,442
357.0,1420,0,3,0,15.949416284003219,9.622535211267605,57.86746792157873,447
358.0,1423,0,3,0,15.95849301865775,9.827125790583274,58.15342300755203,446
359.0,1432,0,9,0,15.996409127203034,10.013966480446927,58.19591017236644,450
360.0,1439,0,7,0,16.020413887490474,10.215427380125087,58.32004343963633,453
361.0,1443,0,4,0,16.05639660583768,9.047124047124047,58.56348955658699,401
362.0,1444,0,1,0,16.101727945963688,8.182825484764543,58.923812241120025,367
363.0,1448,0,4,0,16.218466775328633,7.55524861878453,59.15269372697793,344
364.0,1450,0,2,0,16.35887323951256,7.072413793103448,59.45327325715222,325
365.0,1455,0,5,0,16.52806857802988,6.740893470790378,59.6214880081354,309
366.0,1459,0,4,0,16.651636484496947,6.481836874571624,59.82127880768911,292
367.0,1460,0,1,0,16.83436817597577,6.261643835616439,60.13255881394357,281
368.0,1467,0,7,0,17.002701065465686,6.051806407634628,60.1873292663955,275
369.0,1469,0,2,0,17.14048221887361,5.863852961198094,60.4374435771293,267
370.0,1473,0,4,0,17.252298642664524,5.806517311608961,60.59716954923878,265
371.0,1475,0,2,0,17.33992666278009,5.711864406779661,60.832879184069306,264
372.0,1480,0,5,0,17.399180697146473,5.549324324324324,60.94244989872356,259
373.0,1484,0,4,0,17.451718518806242,5.46900269541779,61.09003242601479,257
374.0,1492,0,8,0,17.522845836918655,5.306300268096515,61.07043980017964,260
375.0,1496,0,4,0,17.553901502199555,5.143716577540107,61.21167224473715,257
376.0,1498,0,2,0,17.596848010000873,4.973297730307076,61.43384355147722,256
377.0,1500,0,2,0,17.625514330540717,4.770666666666667,61.653721749747554,249
378.0,1503,0,3,0,17.688183043938018,4.61144377910845,61.82833337124977,244
379.0,1505,0,2,0,17.6762282833711,4.578737541528239,62.04358458910303,243
380.0,1510,0,5,0,17.698458084642258,4.5119205298013245,62.134428371593295,242
381.0,1517,0,7,0,17.717995125899716,4.390903098220171,62.143719878416,236
382.0,1520,0,3,0,17.691897342490094,4.332236842105263,62.3184568229226,233
383.0,1522,0,2,0,17.66754645308284,4.221419185282523,62.534707918062345,231
384.0,1524,0,2,0,17.637209903522074,4.069553805774278,62.751445340573255,229
385.0,1525,0,1,0,17.596937344508373,3.9285245901639345,63.01146538412685,228
386.0,1527,0,2,0,17.590265856451968,3.767518009168304,63.23001789994891,225
387.0,1528,0,1,0,17.53789159329821,3.6858638743455496,63.48986608237411,229
388.0,1530,0,2,0,17.481602410473265,3.5248366013071895,63.71203034663451,232
389.0,1531,0,1,0,17.45876295766352,3.3964728935336383,63.976872385597524,232
390.0,1535,0,4,0,17.427519651575203,3.198697068403909,64.11872929257777,229
391.0,1539,0,4,0,17.406817810830056,3.1897335932423654,64.26176980359415,236
392.0,1540,0,1,0,17.37121980413212,3.17987012987013,64.5305384271299,239
393.0,1542,0,2,0,17.344570173745733,3.0687418936446176,64.75795244074543,241
394.0,1547,0,5,0,17.351601513258863,3.007110536522301,64.86037622942865,247
395.0,1552,0,6,1,17.332821538973153,2.9877577319587627,64.9150522460674,248
396.0,1557,0,5,0,17.329742970146476,3.0224791265253694,65.02147311123719,243
397.0,1558,0,1,0,17.319833286278726,2.993581514762516,65.29554806168271,252
398.0,1564,0,6,0,17.330152122619346,3.0191815856777495,65.36121570805332,254
399.0,1567,0,3,0,17.303141182863758,3.0051052967453735,65.5541888931263,256
400.0,1571,0,4,0,17.294391974776307,2.9840865690642904,65.70432723846531,256
401.0,1576,0,5,0,17.246529509718968,2.9663705583756346,65.81645125468636,261
402.0,1579,831,3,0,17.213241886767626,2.9639012032932235,66.01505231320853,261
403.0,1582,0,3,0,17.169818555407964,3.004424778761062,66.21663244161009,271
404.0,1583,0,1,0,17.11797295148618,3.0631711939355655,66.50516426756741,272
405.0,1586,0,3,0,17.058640192317032,3.099621689785624,66.71142534639503,282
406.0,1590,0,4,0,16.987756329433086,3.020125786163522,66.87950198540932,276
407.0,1592,0,2,0,16.965784911900364,2.977386934673367,67.13254914893473,278
408.0,1598,0,6,0,16.97166905440702,2.9217772215269084,67.21883696507753,286
409.0,1600,0,2,0,16.934812109905877,2.90875,67.47421734557778,287
410.0,1604,0,4,0,16.910157979332205,2.9258104738154613,67.645710602793,291
411.0,1607,0,3,0,16.881123258091026,2.942128189172371,67.8618243250611,293
412.0,1610,0,3,0,16.87282241666093,3.0211180124223604,68.07632793717572,301
413.0,1615,0,5,0,16.790302624701695,3.1442724458204334,68.2097590212569,307
414.0,1619,0,4,0,16.75966816220987,3.273625694873379,68.38759222264261,311
415.0,1619,0,0,0,16.752739766765227,3.3872760963557753,68.73619525575006,318
416.0,1621,0,2,0,16.725140076821774,3.5089450956199877,69.00281039485799,327
417.0,1624,0,3,0,16.708474437970658,3.6366995073891624,69.22823137429823,336
418.0,1630,0,6,0,16.730328187450333,3.760122699386503,69.32608623289461,341
419.0,1636,0,6,0,16.725678301930667,3.8942542787286065,69.42648033832556,347
420.0,1638,0,2,0,16.70234118207779,4.043956043956044,69.69880628638437,355
421.0,1641,0,3,0,16.67450163345418,4.160877513711152,69.9317499449984,366
422.0,1645,0,4,0,16.61724202852606,4.299696048632219,70.12587101068593,376
423.0,1650,0,5,0,16.565958405131333,4.428484848484849,70.27908864319163,391
424.0,1652,0,2,0,16.519007425646116,4.606537530266344,70.56516308298693,396
425.0,1654,0,2,0,16.456548759115133,4.748488512696493,70.85330474472332,401
426.0,1659,0,5,0,16.43755812151562,4.887884267631103,71.01694986953514,412
427.0,1662,0,3,0,16.413219350652586,5.037906137184115,71.26817604039124,418
428.0,1667,0,5,0,16.378800066819878,5.17996400719856,71.43576311040573,427
429.0,1669,0,2,0,16.39236463800494,5.3373277411623725,71.73185525249022,435
430.0,1673,0,4,0,16.383403768492858,5.506276150627615,71.9431076923384,444
431.0,1676,0,3,0,16.32147878230194,5.670047732696897,72.1991497565788,451
432.0,1678,0,2,0,16.276734050872232,5.910607866507747,72.50115334134426,460
433.0,1681,0,3,0,16.25984837913307,6.088637715645449,72.76147010818676,465
434.0,1685,0,4,0,16.22287236870623,6.2795252225519285,72.98032743148993,466
435.0,1688,0,3,0,16.22089512782224,6.462677725118484,73.24518556113979,472
436.0,1690,0,2,0,16.193250054487866,6.658579881656805,73.55556491102558,480
437.0,1692,0,2,0,16.178634856129705,6.865839243498818,73.86686438709764,488
438.0,1695,0,3,0,16.168758969918358,7.064896755162242,74.13529032056663,498
439.0,1698,0,3,0,16.133598403954192,7.340989399293286,74.40518638621083,508
440.0,1702,0,4,0,16.113328916236053,7.545828437132785,74.63351949733656,513
441.0,1710,0,8,0,16.10185464433047,7.74327485380117,74.69019479832784,519
442.0,1712,0,2,0,16.100859067273028,7.958528037383178,75.00823640840062,520
443.0,1716,0,5,1,16.077302103666014,8.175407925407926,75.22292746460828,531
444.0,1718,0,2,0,16.080642348683757,8.443538998835855,75.54210264845453,533
445.0,1723,0,5,0,16.0599557387099,8.67382472431805,75.73122768328535,542
446.0,1725,0,2,0,16.039454655994323,8.935072463768115,76.0519898629922,548
447.0,1730,0,5,0,16.022076214725594,9.176878612716763,76.2424342734663,548
448.0,1731,0,1,0,15.983227425652668,9.434430964760255,76.60960167492031,553
449.0,1735,0,4,0,15.93630828884261,9.710086455331412,76.84652525941156,558
450.0,1740,0,5,0,15.91570868911527,9.963218390804597,77.04133267884706,568
451.0,1744,0,4,0,15.965637149605934,8.839449541284404,77.27778827396449,511
452.0,1746,0,2,0,16.03723328405559,7.991408934707904,77.59657387798737,461
453.0,1746,0,0,0,16.123515404281115,7.315005727376861,77.99723564755456,423
454.0,1749,0,3,0,16.26116565579253,6.834762721555174,78.25441132869639,396
455.0,1751,0,2,0,16.41047186647972,6.516276413478012,78.54544418723067,375
456.0,1754,0,3,0,16.586661339954286,6.204675028506271,78.78040692759735,352
457.0,1758,0,4,0,16.768074249308256,5.948805460750854,78.9572396078913,337
458.0,1761,0,3,0,16.973660769361768,5.822827938671209,79.16738229655765,332
459.0,1763,0,2,0,17.123870301734062,5.7192285876347135,79.41305433274172,325
460.0,1766,0,3,0,17.25382800875867,5.765005662514156,79.60580252055848,321
461.0,1769,0,3,0,17.379954150765,5.695308083663086,79.79067423405512,317
462.0,1772,0,3,0,17.47650609026333,5.700338600451468,79.96930499007296,318
463.0,1775,0,3,0,17.548042790236565,5.686760563380282,80.14229162643235,321
464.0,1776,0,1,0,17.59599906364793,5.625,80.4019091367211,319
465.0,1781,0,5,0,17.671221495715628,5.487928130263897,80.47693161905599,315
466.0,1782,0,1,0,17.701670090507058,5.3552188552188555,80.72962259930203,308
467.0,1784,0,2,0,17.746353290573357,5.220291479820628,80.9336032528821,304
468.0,1786,0,2,0,17.791137350574765,5.136618141097425,81.13452073749481,295
469.0,1789,0,3,0,17.80856426500672,5.085522638345444,81.28927834001519,293
470.0,1794,0,5,0,17.83253011845265,5.093088071348941,81.35169726103425,295
471.0,1796,0,2,0,17.843189980780522,5.0244988864142535,81.5495961371827,292
472.0,1799,0,3,0,17.849229166812286,5.026681489716509,81.70185778427286,291
473.0,1801,0,2,0,17.83989940864632,4.920599666851749,81.90023056959834,289
474.0,1803,0,2,0,17.86397985421932,4.787576261785913,82.09870085889918,288
475.0,1807,0,4,0,17.873254592889815,4.667404537908135,82.20700882086588,283
476.0,1812,0,5,0,17.900322530312383,4.5739514348785875,82.26899327900517,284
477.0,1816,0,4,0,17.87831834114916,4.455947136563877,82.37840685598316,284
478.0,1820,0,4,0,17.878610165298003,4.420879120879121,82.48843687471758,286
479.0,1825,0,5,0,17.87564024109253,4.3024657534246575,82.55352578586033,285
480.0,1826,0,1,0,17.847038502485397,4.224534501642935,82.80111877217736,286
481.0,1826,0,0,0,17.767238952384297,4.171412924424972,83.09863461383051,292
482.0,1828,0,2,0,17.735114808758507,4.12582056892779,83.30734439915604,291
483.0,1833,0,5,0,17.69583650088464,4.097108565193672,83.38062183306914,297
484.0,1834,0,1,0,17.63061504713249,4.064340239912759,83.63926951132488,300
485.0,1838,0,4,0,17.617730174928976,3.998367791077258,83.762245690823,301
486.0,1841,0,4,1,17.612018555936398,3.9261271048343294,83.85293879146917,303
487.0,1846,0,5,0,17.59411324785966,3.8613217768147345,83.93268415564695,312
488.0,1850,0,4,0,17.566662000374922,3.8335135135135134,84.05865621924069,311
489.0,1852,0,2,0,17.544938750323503,3.776997840172786,84.27740735075761,313
490.0,1854,0,2,0,17.474781112870513,3.736245954692557,84.49906226109849,317
491.0,1857,0,3,0,17.450534803807464,3.6930533117932147,84.67562086263774,320
492.0,1859,0,2,0,17.436323072793996,3.6745562130177514,84.90043235814301,330
493.0,1861,0,2,0,17.38586301572633,3.632455668995164,85.12616354968495,329
494.0,1866,0,5,0,17.371765162833892,3.598070739549839,85.2176043253632,332
495.0,1868,0,2,0,17.304744731534335,3.6525695931477515,85.4488829403623,337
496.0,1871,0,3,0,17.293146426832898,3.5505077498663815,85.6361824948807,338
497.0,1873,0,2,0,17.248334199124205,3.5269620928990926,85.87139949179223,340
498.0,1877,0,4,0,17.23134589915207,3.5151838039424614,86.01648421103668,344
499.0,1885,0,8,0,17.22291784719697,3.503978779840849,85.98116445694664,352
500.0,1889,0,4,0,17.18968010263144,3.528851244044468,86.13066207376288,359
501.0,1890,0,1,0,17.151900759702414,3.5566137566137566,86.41947823914737,366
502.0,1896,0,6,0,17.153974949072406,3.6587552742616034,86.48037973539084,377
503.0,1900,0,4,0,17.1336608019189,3.8063157894736843,86.63462436509369,385
504.0,1905,0,5,0,17.134294199875693,3.973228346456693,86.74670543245668,395
505.0,1910,0,5,0,17.107748387611622,4.0947643979057595,86.8608338379482,395
506.0,1913,0,3,0,17.057234546037343,4.2273915316257185,87.0695094961119,411
507.0,1916,0,3,0,16.99889595578529,4.360125260960334,87.28066861112475,419
508.0,1920,0,4,0,16.94976439987641,4.508333333333334,87.44914315650105,430
509.0,1922,0,2,0,16.881274444994922,4.678459937565036,87.71161554923061,444
510.0,1925,0,3,0,16.800905451812984,4.852467532467532,87.93142053876294,455
511.0,1928,0,3,0,16.74216949223645,4.962655601659751,88.15486302243833,463
512.0,1929,0,1,0,16.667453966071598,5.132192846034215,88.47375709121624,470
513.0,1934,0,5,0,16.599956170139176,5.28593588417787,88.61254311899371,475
514.0,1940,0,6,0,16.546236823730407,5.421134020618557,88.71033313611103,491
515.0,1941,0,2,1,16.494434010911238,5.595569294178259,88.97576781181287,495
516.0,1945,0,4,0,16.44812292048741,5.720308483290489,89.16976328283799,497
517.0,1948,0,4,1,16.352129167049387,5.868583162217659,89.352687155315,506
518.0,1952,0,4,0,16.343458963912145,6.028176229508197,89.55361399833201,520
519.0,1954,0,2,0,16.278730166139937,6.202149437052201,89.84912402784263,530
520.0,1959,0,5,0,16.23313733363522,6.394078611536498,90.0097532901022,536
521.0,1963,0,4,0,16.227525614785435,6.577177789098319,90.21975013017408,545
522.0,1970,0,7,0,16.176060321344515,6.77258883248731,90.29462290130574,556
523.0,1976,0,6,0,16.11218503415347,6.946356275303644,90.41912008929259,562
524.0,1977,0,1,0,16.086065546788063,7.143146181082448,90.7758703391503,569
525.0,1982,0,5,0,16.079445167394084,7.329465186680121,90.94972560936287,572
526.0,1988,0,6,0,16.098566496921954,7.527162977867203,91.07713486965447,584
527.0,1992,0,4,0,16.076993608339073,7.752510040160643,91.29800634600578,591
528.0,1995,0,4,1,16.066569917751714,7.95889724310777,91.53771135670847,597
529.0,2001,0,6,0,16.04466918115963,8.203898050974512,91.66924186976091,612
530.0,2005,0,4,0,16.042686325443718,8.415461346633416,91.89291093033208,618
531.0,2007,0,2,0,16.026675301298443,8.639760837070254,92.20822337299323,621
532.0,2009,0,2,0,16.01580855040439,8.859631657541065,92.5239721879118,630
533.0,2012,0,3,0,16.02185084793296,9.118787276341948,92.79363554098714,636
534.0,2015,0,3,0,16.027272248865053,9.378163771712158,93.06342473044577,645
535.0,2015,0,0,0,16.003345211125005,9.62531017369727,93.47357277065684,646
536.0,2015,0,1,1,16.003489935253693,9.923076923076923,93.87257857059863,653
537.0,2017,0,2,0,16.00556917806159,10.162121963311849,94.190173533711,655
538.0,2019,0,3,1,15.99083416450143,10.432887568103022,94.5007227611198,664
539.0,2022,0,3,0,16.00331435824791,10.686449060336301,94.77198299627076,667
540.0,2027,0,5,0,15.983057735190359,10.905278737049827,94.95128246489374,667
541.0,2028,0,1,0,16.00959108163956,9.494082840236686,95.31498410029647,588
542.0,2034,0,6,0,16.153594442516344,8.469026548672566,95.43598269291518,527
543.0,2039,0,5,0,16.300062987147108,7.745953898970083,95.59401521273207,481
544.0,2046,0,7,0,16.48269917325454,7.158357771260997,95.64662638248971,444
545.0,2048,0,2,0,16.666086306526754,6.8154296875,95.92070237652706,421
546.0,2051,0,3,0,16.8513351364372,6.581179912237933,96.13561979904948,403
547.0,2057,0,6,0,17.054673549979462,6.390860476421974,96.19811952528978,386
548.0,2064,0,7,0,17.250815653146777,6.232558139534884,96.20410199258161,381
549.0,2068,0,4,0,17.407587935720645,6.075435203094777,96.34051931718349,370
550.0,2073,0,5,0,17.55274778411155,5.978774722624216,96.42270522361304,364
551.0,2076,0,3,0,17.639769199072077,5.84393063583815,96.5928299202594,358
552.0,2078,0,2,0,17.71936025616716,5.762752646775746,96.80470583600994,351
553.0,2082,0,4,0,17.777636261696742,5.647934678194044,96.9196639280852,343
554.0,2084,0,2,0,17.826381763240345,5.502399232245681,97.12545314942814,342
555.0,2086,0,3,1,17.866329265895853,5.401725790987536,97.32047469634617,339
556.0,2089,0,3,0,17.899136556767935,5.206318812829105,97.47400628359364,330
557.0,2090,0,1,0,17.944779726995282,5.1488038277511965,97.71719679787721,326
558.0,2092,0,2,0,17.969406088929166,5.013862332695985,97.91126972805803,322
559.0,2094,0,2,0,17.991156330454203,4.883476599808978,98.10410035816598,318
560.0,2095,0,1,0,18.00758948508611,4.7861575178997615,98.34152972606883,319
561.0,2094,0,0,1,17.998534240276086,4.711079274116523,98.66795953845818,319
562.0,2096,0,3,1,17.989556532153628,4.630248091603053,98.85280248387399,318
563.0,2099,0,3,0,17.99947459054631,4.506431634111482,98.99800770702532,313
564.0,2100,0,1,0,17.99450648424945,4.368571428571428,99.23806169894075,310
565.0,2104,0,4,0,17.975216107641682,4.199619771863118,99.33694515049393,311
566.0,2107,0,3,0,17.995409771234275,4.074988134788799,99.48212152806194,314
567.0,2113,0,6,0,17.99993419485246,3.9943208707998106,99.48685319468395,313
568.0,2120,0,8,1,18.011628474571197,3.8943396226415095,99.43940685520694,315
569.0,2122,0,2,0,17.969696079519647,3.836475023562677,99.63465712472089,317
570.0,2123,0,1,0,17.948786869653862,3.716439001413095,99.87805948946509,319
571.0,2127,0,4,0,17.951180697118847,3.6426892336624355,99.98004602151613,315
572.0,2130,0,3,0,17.905500265078718,3.5220657276995304,100.13138200727728,311
573.0,2132,0,2,0,17.87487552677603,3.4681050656660415,100.33170185361611,308
574.0,2134,0,2,0,17.857867731642486,3.402061855670103,100.5329218813538,314
575.0,2137,0,3,0,17.839526860475107,3.339260645765091,100.68887753763322,315
576.0,2140,0,3,0,17.792240159945372,3.2663551401869158,100.84837736313513,313
577.0,2144,0,4,0,17.774062290380837,3.240205223880597,100.96290040651898,312
578.0,2149,0,6,1,17.696469860284573,3.170311772917636,101.02775566873824,316
579.0,2155,0,6,0,17.655281005181823,3.140139211136891,101.05485327820794,327
580.0,2157,0,2,0,17.603844178948172,3.1186833565136762,101.27323015428429,336
581.0,2160,0,3,0,17.546158041625795,3.1125,101.44663861793028,345
582.0,2164,0,4,0,17.503866203392402,3.097042513863216,101.5761165623255,354
583.0,2170,0,6,0,17.463799642349436,3.083410138248848,101.61511745118106,357
584.0,2171,0,1,0,17.38946457180449,3.1082450483648087,101.89177797512143,362
585.0,2175,0,5,1,17.30826678400653,3.1177011494252875,102.02501093677617,367
586.0,2179,0,4,0,17.241352214600994,3.1124368976594767,102.1686489057604,374
587.0,2185,0,6,0,17.18682275503781,3.117162471395881,102.22037711756099,382
588.0,2188,0,3,0,17.158765958329948,3.130255941499086,102.41563458097585,393
589.0,2190,0,2,0,17.116669524173677,3.173972602739726,102.66051578761312,408
590.0,2194,0,4,0,17.06964478244138,3.208295350957156,102.81616273692046,421
591.0,2198,0,4,0,17.008202191708413,3.31073703366697,102.97323377308427,441
592.0,2201,0,3,0,16.972423200675184,3.4266242616992275,103.1797018661493,452
593.0,2203,0,2,0,16.944152759296,3.5882886972310484,103.43350277895395,463
594.0,2208,0,5,0,16.874719554605168,3.757699275362319,103.54967490933988,480
595.0,2212,0,4,0,16.84664892121578,3.901898734177215,103.71626381512077,488
596.0,2214,0,4,2,16.823143407698026,4.058265582655826,103.95944575990262,497
597.0,2219,0,5,0,16.78925685369543,4.210004506534475,104.08393098133978,506
598.0,2222,0,5,2,16.754721325127765,4.3937893789378935,104.27601466723559,520
599.0,2228,0,6,0,16.74895358071178,4.567324955116697,104.35815623285603,533
600.0,2229,0,2,1,16.67972248808562,4.752803947958726,104.67024461804726,539
601.0,2233,0,4,0,16.6450096458691,4.890729959695477,104.85433350187647,546
602.0,2236,861,3,0,16.58384456870176,5.033094812164579,105.08893559620326,557
603.0,2237,0,2,1,16.54325047558506,5.1890925346446135,105.40316357197523,567
604.0,2242,0,6,1,16.526946423195096,5.332292595896521,105.49831809876541,577
605.0,2248,0,6,0,16.495848421872836,5.480871886120997,105.59993792743457,584
606.0,2250,0,2,0,16.44984153979255,5.651555555555555,105.89112173921664,594
607.0,2254,0,5,1,16.447038657576645,5.853149955634428,106.08192759741638,609
608.0,2256,0,3,1,16.438482244022655,6.049202127659575,106.34942979583371,619
609.0,2258,0,2,0,16.418673216741972,6.252435783879539,106.64455534411752,627
610.0,2264,0,6,0,16.43740381267753,6.448321554770318,106.75131141674703,636
611.0,2269,0,6,1,16.452639715241634,6.633318642573821,106.89942743034572,641
612.0,2272,0,3,0,16.42657458365502,6.804577464788732,107.15115323921194,646
613.0,2274,0,3,1,16.402622161885283,7.029463500439753,107.44445685883157,658
614.0,2278,0,4,0,16.37322199860418,7.2664618086040385,107.6524546824657,663
615.0,2281,0,3,0,16.349847105861265,7.481367821131083,107.90918531300859,665
616.0,2287,0,6,0,16.3515757559749,7.695671184958461,108.02446717383465,675
617.0,2292,0,5,0,16.338174885382912,7.921902268760907,108.18789688130195,684
618.0,2296,0,4,0,16.316983937101462,8.172038327526133,108.40015333106099,692
619.0,2301,0,5,0,16.337111246401907,8.377661886136462,108.56494516541723,697
620.0,2305,0,4,0,16.284215599679815,8.632537960954448,108.77917744590002,709
621.0,2310,0,6,1,16.29214283790575,8.867099567099567,108.93321047160673,719
622.0,2310,0,1,1,16.288968063430165,9.121212121212121,109.33154318081526,725
623.0,2314,0,4,0,16.27376991483538,9.36171132238548,109.54933954506096,732
624.0,2315,0,1,0,16.289127685538094,9.627645788336933,109.90849384817467,738
625.0,2316,0,1,0,16.268503546214895,9.89594127806563,110.26917327556546,744
626.0,2319,0,3,0,16.233146744847268,10.129797326433808,110.53616941606441,750
627.0,2323,0,4,0,16.20257516613249,10.405510116229014,110.75688596129744,756
628.0,2328,0,5,0,16.191689450980423,10.67225085910653,110.93084029969755,761
629.0,2333,0,5,0,16.16537043326369,10.919845692241749,111.10596600712059,764
630.0,2334,0,1,0,16.12303342790924,11.212082262210798,111.47323780151889,775
631.0,2336,0,3,1,16.231887606083447,9.946917808219178,111.77964401799807,690
632.0,2337,0,2,1,16.347993428094817,8.9867351305092,112.12424186371823,624
633.0,2339,0,3,1,16.475041304938017,8.209491235570757,112.41221586088723,572
634.0,2339,0,1,1,16.602754379168363,7.591705857203933,112.78418924788912,527
635.0,2343,0,4,0,16.76630399732911,7.124199743918054,112.9636089955067,493
636.0,2345,0,2,0,16.929542804669026,6.794029850746269,113.22774267927502,468
637.0,2348,0,3,0,17.06088718798697,6.600936967632027,113.43329973489348,458
638.0,2353,0,5,0,17.22909853095004,6.402889927751806,113.5313305543748,446
639.0,2357,0,4,0,17.365754013354167,6.245226983453542,113.66818382795637,435
640.0,2362,0,5,0,17.501777858282786,6.166807790008467,113.74926679895597,427
641.0,2366,0,4,0,17.578265734717625,6.044378698224852,113.87279998896175,425
642.0,2368,0,2,0,17.668493802885983,5.922297297297297,114.08699630766083,416
643.0,2368,0,0,0,17.721396492122313,5.858108108108108,114.3936903379733,409
644.0,2372,0,4,0,17.782503526778225,5.736087689713322,114.50351279630222,404
645.0,2375,0,3,0,17.844140274348746,5.571789473684211,114.6596487734644,396
646.0,2380,0,5,0,17.871805976999898,5.432773109243698,114.71670548819273,392
647.0,2382,0,2,0,17.88532590154916,5.291771620486986,114.91799437400587,388
648.0,2386,0,4,0,17.93477152650026,5.1827326068734285,115.02046807078554,384
649.0,2388,0,4,2,17.93358457141932,5.040619765494137,115.20567719509899,380
650.0,2389,0,1,0,17.944513074179532,4.934700711594809,115.45192596503774,377
651.0,2388,0,0,1,17.930142180045497,4.892797319932998,115.77769650291916,375
652.0,2391,0,3,0,17.92529186024691,4.786281890422417,115.92680580184008,371
653.0,2397,0,6,0,17.958193146723534,4.697538589904047,115.93176215667415,370
654.0,2399,0,2,0,17.969318135129534,4.561900791996665,116.129645413332,368
655.0,2401,0,2,0,17.958612441035957,4.446480633069554,116.32832346625185,363
656.0,2404,0,4,1,17.938726183960778,4.314891846921797,116.47404544735721,359
657.0,2408,0,4,0,17.92562194822564,4.251661129568106,116.57886136702884,367
658.0,2410,0,2,0,17.904891265487404,4.144398340248963,116.78200556239318,369
659.0,2412,0,2,0,17.912383149371138,4.082504145936982,116.98462895992903,374
660.0,2416,0,4,0,17.882717385085876,3.9850993377483444,117.09194023981108,372
661.0,2422,0,6,0,17.84714837683439,3.852188274153592,117.10512608359878,370
662.0,2424,0,2,0,17.814324700206615,3.83003300330033,117.31383727333184,379
663.0,2427,0,3,0,17.793764274549122,3.8104655953852493,117.47640897215295,377
664.0,2428,0,1,0,17.7507132922055,3.75,117.73674669454351,378
665.0,2430,0,2,0,17.737511210333285,3.7037037037037037,117.95091159480731,379
666.0,2435,0,5,0,17.68394533322271,3.6969199178644763,118.02128442486293,389
667.0,2438,0,3,0,17.644914969088475,3.640689089417555,118.19240591523328,386
668.0,2441,0,3,0,17.626156814276307,3.5743547726341665,118.36460770347072,391
669.0,2445,0,5,1,17.562279048684893,3.5885480572597137,118.4845729784459,397
670.0,2449,0,4,0,17.538961048993507,3.552062066149449,118.61436963888904,404
671.0,2450,0,2,1,17.507027506679048,3.586938775510204,118.87314414115397,415
672.0,2452,0,2,0,17.478534391541242,3.5958401305057097,119.10378037071592,425
673.0,2460,0,8,0,17.447153546435132,3.653658536585366,119.04628466312126,440
674.0,2463,0,3,0,17.39662205015744,3.6792529435647583,119.23370349129335,448
675.0,2462,0,0,1,17.337046543209713,3.7339561332250204,119.61169386720375,453
676.0,2463,0,1,0,17.27228198684051,3.687779131140885,119.90433959825836,457
677.0,2463,0,1,1,17.212828573716934,3.6378400324807147,120.24284689939624,463
678.0,2465,0,2,0,17.16987240377729,3.6608519269776876,120.49263761821784,473
679.0,2470,0,5,0,17.157389527111327,3.6437246963562755,120.59675141626833,481
680.0,2475,0,5,0,17.14846370326526,3.694949494949495,120.70138881531972,497
681.0,2478,0,3,0,17.10534042075939,3.7429378531073447,120.90443125010437,499
682.0,2483,0,5,0,17.05108841666357,3.8320579943616595,121.01169775528207,509
683.0,2486,0,3,0,17.012862040837398,3.9537409493161704,121.2195957347943,527
684.0,2492,0,7,1,17.025052334231695,4.059791332263242,121.27606809422659,542
685.0,2496,0,4,0,17.00302905142433,4.1975160256410255,121.43708123557462,553
686.0,2501,0,5,0,16.9832821753526,4.343462614954018,121.55135922143505,563
687.0,2507,0,6,0,16.960429476413154,4.454726765057838,121.61976097073307,577
688.0,2510,0,3,0,16.932450659717528,4.580478087649403,121.8357327381612,590
689.0,2512,0,2,0,16.87491552277094,4.710191082802548,122.10284757808124,594
690.0,2514,0,2,0,16.829498104382075,4.853221957040573,122.37289703928592,605
691.0,2517,0,3,0,16.803021000763103,4.9566944775526425,122.59483718052346,614
692.0,2523,0,6,0,16.784859291109214,5.113753468093539,122.67355610256583,617
693.0,2529,0,6,0,16.770863574638266,5.275998418347172,122.75476074753874,633
694.0,2535,0,6,0,16.74584580609672,5.421696252465483,122.83704723998352,639
695.0,2541,0,6,0,16.714923034498902,5.593467138921684,122.92116795292837,645
696.0,2545,0,4,0,16.66353259524819,5.766994106090373,123.10573637111683,653
697.0,2546,0,1,0,16.624201826028873,5.93872741555381,123.43707209808922,657
698.0,2546,0,0,0,16.59710607993396,6.115082482325216,123.81900256093603,665
699.0,2549,0,4,1,16.57273909150955,6.296979207532366,124.02437566742807,683
700.0,2553,0,5,1,16.561061473915704,6.503721112416764,124.20666009480449,687
701.0,2558,0,5,0,16.542342403479612,6.666536356528538,124.34985743199357,697
702.0,2562,0,4,0,16.494763022377573,6.882123341139734,124.5448665454829,708
703.0,2566,0,4,0,16.493106474864447,7.075993764614186,124.74028310050988,716
704.0,2569,0,3,0,16.46942363187409,7.264305177111717,124.98584146249202,725
705.0,2572,0,3,0,16.465476017450978,7.484836702954899,125.23311950322532,734
706.0,2576,0,4,0,16.459129998537485,7.687888198757764,125.43296214864033,732
707.0,2579,0,3,0,16.419375007297205,7.920124079100426,125.68276541416269,743
708.0,2578,0,0,1,16.4024064660197,8.175717610550814,126.12369998622253,751
709.0,2580,0,3,1,16.35435667580107,8.404263565891473,126.41918775672708,757
710.0,2578,0,1,3,16.28561480908186,8.66757176105508,126.87413415416152,763
711.0,2582,0,4,0,16.262652336184434,8.892331525948876,127.08162227693796,768
712.0,2588,0,6,0,16.24287321313806,9.1016228748068,127.19174513774736,775
713.0,2594,0,6,0,16.22766165846771,9.343099460292985,127.30320813390732,784
714.0,2597,0,3,0,16.194397993891325,9.574123989218329,127.56289981499054,790
715.0,2598,0,1,0,16.17351486534828,9.836412625096228,127.92193649452717,799
716.0,2601,0,3,0,16.168061462677873,10.074586697424067,128.18486622007353,813
717.0,2602,0,1,0,16.152449978093046,10.33858570330515,128.54690152116478,811
718.0,2604,0,2,0,16.123726820571452,10.566436251920123,128.8611355727328,820
719.0,2607,0,3,0,16.08209268167929,10.827387802071346,129.12752457408118,826
720.0,2609,0,2,0,16.058167801642412,11.081640475277885,129.44477282112481,836
721.0,2611,0,2,0,16.126304568728273,9.67828418230563,129.75701895468538,732
722.0,2613,0,3,1,16.221723120690015,8.741676234213548,130.05339576999918,660
723.0,2620,0,7,0,16.391613978920685,8.025190839694657,130.10061072006863,613
724.0,2622,0,2,0,16.544286633181137,7.495423340961098,130.38655102876405,574
725.0,2623,0,1,0,16.682616418266743,7.150590926420129,130.7121144438166,552
726.0,2627,0,4,0,16.84653222088062,6.915112295393985,130.87696162204307,532
727.0,2628,0,1,0,17.0025997212085,6.705098934550989,131.1800890468581,516
728.0,2630,0,4,2,17.154338684780626,6.528136882129278,131.40410413374164,515
729.0,2634,0,4,0,17.262255371235927,6.351556567957479,131.54231689626963,504
730.0,2637,0,4,1,17.34005363795733,6.261660978384528,131.71622096150048,496
731.0,2640,0,3,0,17.385194865111924,6.155681818181818,131.89611282194542,486
732.0,2640,0,1,1,17.42635796208355,6.028030303030303,132.21554550327238,483
733.0,2640,0,1,1,17.466516958208764,5.904545454545454,132.53245709323946,477
734.0,2642,0,2,0,17.502102406894206,5.733535200605602,132.75367229428502,473
735.0,2649,0,7,0,17.543054601052024,5.5790864477161195,132.72191497759752,469
736.0,2653,0,5,1,17.553815151926116,5.4485488126649075,132.83112766084255,465
737.0,2657,0,4,0,17.575193233327106,5.368837034249153,132.94673056737793,457
738.0,2659,0,2,0,17.59400645634201,5.2711545693869875,133.15984637948378,450
739.0,2661,0,2,0,17.602647101727854,5.160090191657272,133.3717997465139,443
740.0,2661,0,0,0,17.60887454799351,5.093949642991356,133.6828490445956,449
741.0,2661,0,2,2,17.583723932323878,5.063134160090192,133.98056719158592,451
742.0,2664,0,3,0,17.571236704425157,4.966216216216216,134.14147090935518,447
743.0,2668,0,4,0,17.556720589748796,4.831334332833583,134.25225465624288,442
744.0,2671,0,4,1,17.560547166242014,4.816922500935979,134.2791816634004,444
745.0,2675,0,4,0,17.53917902723498,4.658691588785047,134.39100681697383,440
746.0,2678,0,3,0,17.54531263169023,4.534353995519044,134.551875755697,434
747.0,2683,0,5,0,17.552734841431022,4.418934029071934,134.61194020701663,439
748.0,2688,0,5,0,17.55353322022496,4.3273809523809526,134.67300598315467,435
749.0,2689,0,1,0,17.538743259358025,4.219784306433619,134.9350381537787,443
750.0,2697,0,8,0,17.538023211666292,4.1053021876158695,134.8474853991749,442
751.0,2699,0,2,0,17.507512708961855,4.068914412745461,135.06146658945778,446
752.0,2701,0,2,0,17.49220122858105,3.9503887449092927,135.2773099283095,445
753.0,2706,0,5,0,17.451847241889013,3.8780487804878048,135.3449695842145,443
754.0,2708,0,2,0,17.418674437857963,3.7991137370753325,135.56548387360124,442
755.0,2709,0,1,0,17.387291359311536,3.725359911406423,135.83834293487087,440
756.0,2713,0,4,0,17.373958504792927,3.715075562108367,135.96217352005166,447
757.0,2714,0,2,1,17.321028816447082,3.6153279292557112,136.17814214053917,447
758.0,2716,0,4,2,17.291467294188827,3.5250368188512518,136.39269974519925,446
759.0,2719,0,4,1,17.276715954477087,3.5321809488782643,136.56430302058212,457
760.0,2719,0,0,0,17.20705826391544,3.449062155204119,136.89829287216327,468
761.0,2720,0,2,1,17.15409879821668,3.458455882352941,137.13059774490443,475
762.0,2722,0,2,0,17.117031993617207,3.505143277002204,137.3695206829178,488
763.0,2725,0,3,0,17.067946352805826,3.4656880733944955,137.5600584036065,486
764.0,2731,0,6,0,17.034705260125335,3.447088978396192,137.60016940432814,503
765.0,2733,0,2,0,16.989743232158574,3.4701792901573363,137.84608267867287,516
766.0,2735,0,2,0,16.974733647964968,3.415356489945155,138.09235935653928,520
767.0,2738,0,3,0,16.927562629194654,3.439737034331629,138.29114465890808,525
768.0,2740,0,2,0,16.88590410233179,3.4678832116788323,138.54179551966675,535
769.0,2744,0,4,0,16.859849796820917,3.486880466472303,138.694125580045,537
770.0,2750,0,6,0,16.81787544403845,3.593818181818182,138.74727542293928,551
771.0,2754,0,4,0,16.778245174784878,3.654320987654321,138.90490811977162,564
772.0,2755,0,1,0,16.74867393411416,3.706715063520871,139.21472863203846,576
773.0,2759,0,4,0,16.69612921955738,3.8303733236679958,139.37468119939908,592
774.0,2760,0,2,1,16.633508563742403,3.996376811594203,139.68237275943557,608
775.0,2762,0,2,0,16.592458178529075,4.132874728457639,139.94720367512954,616
776.0,2767,0,5,0,16.559108175655613,4.279002529815685,140.0617588512345,629
777.0,2770,0,3,0,16.543874348281573,4.422382671480144,140.27930375813463,651
778.0,2773,0,3,0,16.51837526685087,4.566173818968626,140.49796575470288,656
779.0,2780,0,7,0,16.493839998533307,4.693884892086331,140.51500557752394,663
780.0,2783,0,3,0,16.423610896210842,4.862738052461372,140.73793301126824,670
781.0,2785,0,2,0,16.405986476276258,4.952603231597846,141.01189617795126,681
782.0,2788,0,3,0,16.37281152455908,5.07532281205165,141.23822088780452,690
783.0,2794,0,6,0,16.372500317980247,5.188976377952756,141.3147274246524,704
784.0,2798,0,5,1,16.37511109323052,5.296283059328092,141.48717220845887,712
785.0,2801,0,3,0,16.354534816041895,5.434487682970368,141.71808262155986,715
786.0,2806,0,5,0,16.342994867475507,5.552387740555951,141.8486627947877,721
787.0,2809,0,3,0,16.339123905162108,5.725525097899609,142.0824888109033,733
788.0,2811,0,3,1,16.33241490088712,5.8776236214870154,142.36164761557723,737
789.0,2816,0,5,0,16.322837687205066,6.046875,142.4946369425891,749
790.0,2822,0,6,0,16.324590232828797,6.228915662650603,142.57881902418276,761
791.0,2828,0,6,0,16.31109098457534,6.355374823196605,142.66357804108844,758
792.0,2831,0,3,0,16.29036713520375,6.506181561285765,142.90114531027484,759
793.0,2835,0,4,0,16.28882449644896,6.707936507936508,143.0886956440239,771
794.0,2838,0,3,0,16.267120945102036,6.908386187455955,143.3280429184091,777
795.0,2838,0,1,1,16.236903832762685,7.127906976744186,143.71518062218638,784
796.0,2838,0,0,0,16.193346540565884,7.323467230443975,144.11023211155077,789
797.0,2842,0,4,0,16.147802586562246,7.5021111893033074,144.30431948562344,798
798.0,2847,0,5,0,16.102061851385695,7.709167544783983,144.44919727000777,808
799.0,2848,0,1,0,16.083902901493982,7.923455056179775,144.798353560884,815
800.0,2851,0,3,0,16.05810703894686,8.146965976850227,145.04827432776935,822
801.0,2856,0,6,1,16.030332080934322,8.353641456582633,145.15900038614535,826
802.0,2857,0,2,1,16.02408744352538,8.557927896394819,145.50942780806432,833
803.0,2858,863,1,0,15.996886770396415,8.763470958712386,145.86497867941014,837
804.0,2861,0,3,0,15.96867602859381,9.006641034603286,146.12029314619082,853
805.0,2866,0,5,0,15.961799621943191,9.228890439637125,146.27481163911062,862
806.0,2867,0,1,0,15.933534048306743,9.451342867108476,146.63534682799323,867
807.0,2867,0,0,0,15.905028897402016,9.690268573421696,147.0487193842817,878
808.0,2870,0,3,0,15.89116820166057,9.92752613240418,147.31035843638506,890
809.0,2874,0,4,0,15.886589671507245,10.164578983994433,147.52047598049364,896
810.0,2882,0,8,0,15.875958548704038,10.39590562109646,147.52684201332707,895
811.0,2885,0,4,1,15.93906892490758,9.01733102253033,147.77864118974364,782
812.0,2889,0,4,0,16.03657974097033,8.281758393907927,147.9772646966911,717
813.0,2889,0,0,0,16.170927475942033,7.798200069228106,148.37190146035735,665
814.0,2890,0,1,0,16.30176419186377,7.412456747404844,148.70587711326235,636
815.0,2893,0,3,0,16.460449279858924,7.095057034220532,148.92598040387742,608
816.0,2896,0,3,0,16.608750211612417,6.86982044198895,149.1368347424784,574
817.0,2898,0,3,1,16.74247954819696,6.686335403726708,149.38447253021008,559
818.0,2900,0,2,0,16.85131795117547,6.568965517241379,149.62979376383853,554
819.0,2902,0,2,0,16.931731035884656,6.482081323225362,149.86938243881957,551
820.0,2906,0,4,0,17.0142573959468,6.386441844459738,150.00062619329384,543
821.0,2911,0,5,0,17.071806009313796,6.316729646169701,150.07786916572266,540
822.0,2915,0,4,0,17.11776691266553,6.187650085763293,150.20365189830977,541
823.0,2917,0,2,0,17.14798691372715,6.141926636955777,150.43032322834117,545
824.0,2922,0,5,0,17.174524086008738,6.046543463381246,150.5011545421333,540
825.0,2924,0,2,0,17.187278197007434,5.954172366621067,150.72500372937176,538
826.0,2927,0,3,0,17.181599344758425,5.8172189955585925,150.89717011435224,531
827.0,2929,0,2,0,17.195886544983566,5.693752133834073,151.11924947676013,527
828.0,2930,0,1,0,17.203215826814546,5.61160409556314,151.39294831435325,525
829.0,2932,0,3,1,17.195943504206515,5.485675306957708,151.6099009988904,522
830.0,2933,0,1,0,17.188957596025247,5.413910671667235,151.88424398323932,520
831.0,2938,0,5,0,17.22063275730157,5.356364874063989,151.9510510972256,515
832.0,2940,0,2,0,17.227125975523172,5.320408163265306,152.1724170988467,518
833.0,2941,0,1,0,17.220084746055345,5.199591975518531,152.4452344766422,522
834.0,2943,0,2,0,17.213979170500345,5.115188583078491,152.6659303674732,516
835.0,2946,0,3,0,17.19719113090151,4.990835030549898,152.83589692837157,518
836.0,2951,0,5,0,17.188289106081736,4.861402914266351,152.90267031035003,511
837.0,2953,0,2,0,17.179261935163616,4.792414493735184,153.12662145335636,513
838.0,2958,0,5,0,17.159400934934368,4.633874239350913,153.19633435115716,511
839.0,2960,0,2,0,17.130090112517397,4.524324324324325,153.4233549241026,506
840.0,2960,0,0,0,17.108386061983587,4.422972972972973,153.75547910765025,503
841.0,2963,0,4,1,17.079979578365176,4.305771177860277,153.92736993712032,499
842.0,2965,0,2,0,17.059443350690866,4.2704890387858345,154.15834085429051,502
843.0,2967,0,2,0,17.038563949387107,4.185709470845972,154.38964017714596,503
844.0,2969,0,2,0,17.02447096975248,4.033344560458067,154.62272292997133,496
845.0,2967,0,0,2,16.99489836580408,3.982810920121335,155.05548923697563,505
846.0,2970,0,3,0,16.991227846670462,3.95016835016835,155.23754899000988,502
847.0,2975,0,5,0,17.002859372825448,3.8884033613445377,155.31554823895786,508
848.0,2978,0,3,0,16.982533251884448,3.8589657488247147,155.49942191642765,523
849.0,2982,0,4,0,16.967972773029924,3.846747149564051,155.6326667931706,520
850.0,2985,0,3,0,16.9554409244638,3.8629815745393636,155.81877189275735,526
851.0,2987,0,2,0,16.91944007059986,3.8188818212253097,156.05963188058814,537
852.0,2989,0,2,0,16.910673291060867,3.8678487788558047,156.3005976116709,542
853.0,2995,0,6,0,16.901886182796165,3.8263772954924873,156.3336472420905,547
854.0,2999,0,4,0,16.8836863530037,3.8272757585861954,156.47320226023933,564
855.0,3001,0,2,0,16.859145677707467,3.8433855381539486,156.7182486461698,570
856.0,3004,0,3,0,16.827272130539406,3.7916111850865515,156.91240345738797,566
857.0,3008,0,4,0,16.775561741655558,3.845744680851064,157.05618704614977,581
858.0,3011,0,3,0,16.735409622818644,3.8226502822982398,157.25461199641663,585
859.0,3018,0,7,0,16.739254698518163,3.813452617627568,157.2451718859263,596
860.0,3022,0,4,0,16.720414603911028,3.827597617471873,157.393098079802,605
861.0,3025,0,3,0,16.70477736332099,3.874710743801653,157.59400996004445,623
862.0,3030,0,5,0,16.688507163371728,3.943894389438944,157.6927501618872,638
863.0,3034,0,4,0,16.66759476159094,3.9746209624258406,157.844767020099,640
864.0,3039,0,5,0,16.645163856468056,4.120105297795328,157.947101216351,650
865.0,3040,0,1,0,16.60793436302297,4.270394736842105,158.25886250375572,664
866.0,3043,0,3,0,16.585190006512534,4.348340453499835,158.46714826661716,675
867.0,3045,0,3,1,16.51051594608271,4.443021346469623,158.72543222780632,694
868.0,3048,0,3,0,16.453770636492425,4.566272965879265,158.9402637224264,705
869.0,3050,0,2,0,16.37617941905343,4.701639344262295,159.21118988425968,713
870.0,3051,0,2,1,16.308235433912646,4.857751556866601,159.53393835324178,733
871.0,3053,0,2,0,16.26845383243024,4.988863413036357,159.81108305694934,744
872.0,3057,0,4,0,16.19600461182616,5.11023879620543,159.98773882771223,756
873.0,3061,0,4,0,16.157185697582793,5.250898399215942,160.1663807278127,769
874.0,3061,0,1,1,16.07552209397326,5.3988892518784715,160.55386869759187,783
875.0,3064,0,3,0,16.033512539380478,5.555809399477806,160.79041381966766,798
876.0,3069,0,5,0,15.984107156049875,5.685565330726621,160.92398536026306,811
877.0,3074,0,5,0,15.959580240305867,5.824333116460638,161.0584003594639,822
878.0,3077,0,3,0,15.93084117907062,6.005524861878453,161.29964526587386,833
879.0,3083,0,6,0,15.904990975979542,6.196237431073629,161.3853338609697,853
880.0,3088,0,5,0,15.856240368599735,6.361722797927461,161.5257311815521,859
881.0,3092,0,4,0,15.807830858509798,6.533958602846054,161.7217770356251,871
882.0,3093,0,1,0,15.76030768785313,6.7442612350468805,162.07763727122736,884
883.0,3099,0,7,1,15.726675582236485,6.948047757341078,162.16626434891302,902
884.0,3104,0,5,0,15.704317987889238,7.137564432989691,162.31561401321792,910
885.0,3114,0,10,0,15.695932812561107,7.303147077713552,162.20535750130455,921
886.0,3119,0,5,0,15.670476077847216,7.4745110612375765,162.35732420557366,927
887.0,3121,0,2,0,15.657966958265172,7.6898429990387696,162.66649231936518,940
888.0,3124,0,3,0,15.647799420098401,7.876120358514725,162.92400248232826,945
889.0,3129,0,5,0,15.634848855742076,8.059443911792904,163.07883063687356,955
890.0,3132,0,3,0,15.629164488755503,8.294380587484035,163.3385090628012,970
891.0,3136,0,4,0,15.612895176766296,8.497448979591837,163.54649848794406,978
892.0,3138,0,3,1,15.594207487359132,8.68769917144678,163.8559521430167,981
893.0,3142,0,5,1,15.56301603604362,8.915340547422025,164.05991159680306,997
894.0,3143,0,1,0,15.50360444285919,9.158447343302576,164.43116298624122,1001
895.0,3146,0,3,0,15.48068173258848,9.381436745073108,164.6985837628006,1005
896.0,3149,0,4,1,15.456190683623367,9.593839314067958,164.9609681747356,1007
897.0,3155,0,7,1,15.439275951993066,9.793977812995246,165.06798554562403,1012
898.0,3156,0,2,1,15.410034627344444,10.017110266159696,165.43913763475345,1016
899.0,3160,0,4,0,15.384609418351186,10.26487341772152,165.658545122126,1023
900.0,3166,0,6,0,15.366320400138813,10.487997473152243,165.77468429065576,1030
901.0,3173,0,7,0,15.460675582530017,9.08635360857233,165.83279799461684,911
902.0,3179,0,6,0,15.57566751237671,8.335954702736709,165.93640294694407,843
903.0,3181,0,2,0,15.692218789103503,7.85570575290789,166.23972453231443,793
904.0,3181,0,0,0,15.814981504858249,7.491669286387928,166.63920683764417,752
905.0,3184,0,3,0,15.982425182928353,7.215138190954774,166.8704017675884,725
906.0,3186,0,2,0,16.132958784511686,6.946955430006278,167.14423182659533,684
907.0,3188,0,2,0,16.279759565126337,6.739335006273525,167.40906623489076,661
908.0,3192,0,4,0,16.408451130189267,6.56234335839599,167.56120479716807,642
909.0,3193,0,1,0,16.518321198187202,6.444409646100846,167.8643862103946,635
910.0,3197,0,4,0,16.61509557822802,6.296527994995308,168.0030852540108,615
911.0,3199,0,2,0,16.646822189187407,6.192872772741482,168.24367639361742,610
912.0,3202,0,3,0,16.694138498269776,6.0911930043722675,168.42955416706377,607
913.0,3203,0,1,0,16.72179845917329,5.971901342491415,168.71803427929635,603
914.0,3206,0,3,0,16.757352766565962,5.80817217716781,168.8998069441567,596
915.0,3209,0,3,0,16.785302213473287,5.660953568089748,169.07941500902004,592
916.0,3211,0,2,0,16.81834320861572,5.53939582684522,169.31039937800358,592
917.0,3213,0,3,1,16.832396500564766,5.413320883909119,169.53742307524067,590
918.0,3214,0,1,0,16.843817166208197,5.316116988176727,169.82040934956024,590
919.0,3217,0,3,0,16.84272097699247,5.246813801678583,169.99809199569003,587
920.0,3219,0,2,0,16.84075957471242,5.1528424976700835,170.22803803659363,588
921.0,3223,0,4,0,16.853382701907623,5.089357741234874,170.35119324097533,586
922.0,3228,0,5,0,16.863625908430468,4.987608426270136,170.4215167502973,585
923.0,3229,0,1,0,16.856193903939918,4.894704242799628,170.70304731405614,587
924.0,3232,0,3,0,16.829331115888174,4.849628712871287,170.8796951976691,592
925.0,3234,0,2,0,16.820928557357863,4.765924551638838,171.11018096979777,588
926.0,3237,0,3,0,16.814546096186,4.666357738646895,171.28785349392484,592
927.0,3238,0,1,0,16.827964768149,4.545707226683137,171.57151525772827,587
928.0,3240,0,2,0,16.831406021492747,4.459876543209877,171.80131359663247,595
929.0,3242,0,2,0,16.832268545453115,4.349167180752622,172.03146809698038,598
930.0,3244,0,2,0,16.80277933530805,4.247225647348952,172.26267662969855,589
931.0,3245,0,1,0,16.807004188363177,4.091217257318952,172.54719714299802,580
932.0,3246,0,1,0,16.799356085732576,3.9728897104128156,172.83282547580708,576
933.0,3248,0,2,0,16.785069706087164,3.9128694581280787,173.0664530967991,570
934.0,3249,0,1,0,16.772454617459342,3.881809787626962,173.3543754607403,568
935.0,3252,0,3,0,16.765572394784115,3.825338253382534,173.53677799430696,568
936.0,3255,0,3,0,16.788156711188332,3.7655913978494624,173.71907690184412,578
937.0,3260,0,5,0,16.80545523011095,3.7901840490797545,173.79513266679524,586
938.0,3263,0,3,0,16.80287443361693,3.8011032791909285,173.97804492592604,592
939.0,3267,0,4,0,16.79407671328565,3.810529537802265,174.10863653324037,600
940.0,3270,0,4,1,16.788114381820446,3.809480122324159,174.28910607910876,600
941.0,3273,0,3,0,16.75150085962557,3.8545676749159794,174.47663199594245,605
942.0,3274,0,1,0,16.743179237435108,3.883017715332926,174.77175751377015,609
943.0,3280,0,7,1,16.733675458865566,3.915548780487805,174.7838359422508,609
944.0,3282,0,3,1,16.720318859054355,3.9600853138330288,175.02379709453987,614
945.0,3285,0,3,0,16.689428234545254,3.9987823439878234,175.21694720598097,625
946.0,3289,0,4,0,16.677461539205346,3.9556096077835208,175.35809518790157,621
947.0,3295,0,6,0,16.675586193938575,3.9505311077389984,175.39408595239806,621
948.0,3297,0,2,0,16.64780858395998,3.9790718835304824,175.64510485225918,644
949.0,3299,0,2,0,16.609340949289816,4.0309184601394366,175.89887540519663,653
950.0,3304,0,5,0,16.575468319636038,4.0541767554479415,175.99503500211753,659
951.0,3308,0,4,0,16.545348810071413,4.094316807738815,176.14748983781067,683
952.0,3313,0,5,0,16.507280301125007,4.143374584968306,176.2486591178889,689
953.0,3315,0,2,0,16.48592641192132,4.209954751131222,176.51165558034762,700
954.0,3317,0,3,1,16.444197804504018,4.279770877298764,176.77156473355961,720
955.0,3318,0,2,1,16.406641437848876,4.383664858348403,177.08772938937045,734
956.0,3319,0,3,2,16.362448497951192,4.496535100934016,177.39690553244728,746
957.0,3320,0,2,1,16.321871951937887,4.601807228915662,177.6660447603633,767
958.0,3321,0,1,0,16.277270399925506,4.735621800662451,177.9924780926882,780
959.0,3323,0,2,0,16.251608204446562,4.879626843213964,178.26630150905243,791
960.0,3325,0,2,0,16.20780707503735,5.048421052631579,178.5410991264462,809
961.0,3328,0,3,0,16.190136260323,5.146634615384615,178.76397154313872,823
962.0,3330,0,2,0,16.13911884627107,5.281981981981982,179.04362329219325,833
963.0,3333,0,3,0,16.127422445284473,5.402640264026402,179.26994215159857,847
964.0,3338,0,5,0,16.10744315941597,5.5434391851408025,179.39023151300822,853
965.0,3339,0,1,0,16.083095345039844,5.674752920035939,179.7271009729874,858
966.0,3343,0,5,1,16.049648504657515,5.8321866586898,179.90062806346953,872
967.0,3347,0,4,0,16.017149576583343,5.981475948610696,180.08012886170002,883
968.0,3350,0,3,0,15.979010559992503,6.142686567164179,180.3171728852618,894
969.0,3355,0,5,0,15.95491823790603,6.311177347242921,180.44895367485904,902
970.0,3359,0,4,0,15.93462347218493,6.4968740696635905,180.63671317166595,913
971.0,3363,0,5,1,15.913505785935914,6.684805233422539,180.80256536589087,930
972.0,3369,0,7,1,15.92651649776585,6.904719501335708,180.88172892383827,952
973.0,3372,0,4,1,15.896251694266955,7.125741399762752,181.12297991579078,964
974.0,3373,0,2,1,15.851015862792973,7.33412392528906,181.47174095065876,983
975.0,3375,0,3,1,15.824854517041002,7.540148148148148,181.70314082471185,994
976.0,3378,0,3,0,15.820754652008137,7.778863232682061,181.9518323264383,1008
977.0,3380,0,2,0,15.821768398218438,7.974852071005917,182.25444039576072,1009
978.0,3382,0,3,1,15.810853367320215,8.167652276759314,182.5346102654476,1016
979.0,3385,0,3,0,15.80237337425045,8.352141802067948,182.78507295717296,1017
980.0,3389,0,4,0,15.814114342802274,8.539097078784302,182.9813134916224,1029
981.0,3390,0,2,1,15.80030342486341,8.692035398230088,183.31821986451817,1030
982.0,3392,0,2,0,15.775825360918537,8.899174528301886,183.62410979523386,1044
983.0,3393,0,1,0,15.751415179427458,9.110226937813145,183.98585981994228,1049
984.0,3394,0,2,1,15.7189000142574,9.336476134354744,184.34518057007992,1062
985.0,3400,0,6,0,15.70104441307315,9.568235294117647,184.43831850746474,1068
986.0,3403,0,3,0,15.667640864273558,9.786658830443725,184.6959514555424,1073
987.0,3404,0,1,0,15.646928242035886,10.035546415981198,185.06306053963493,1082
988.0,3411,0,7,0,15.636958669877487,10.252418645558487,185.10553432672532,1084
989.0,3414,0,3,0,15.62337853331984,10.49062683069713,185.36600547363886,1090
990.0,3416,0,3,1,15.609463089378488,10.718384074941453,185.6590437839323,1096
991.0,3416,0,0,0,15.691829338446722,9.289812646370024,186.0787689276826,953
992.0,3419,0,4,1,15.81875712097753,8.339865457736181,186.30089709005037,858
993.0,3424,0,5,0,15.979424910510142,7.7517523364485985,186.42951236524596,797
994.0,3430,0,6,0,16.136608670391055,7.3434402332361515,186.49290509521506,753
995.0,3437,0,7,0,16.331093552793014,7.052662205411696,186.491206580452,728
996.0,3442,0,5,0,16.48977021294291,6.780941313190006,186.58754519872312,702
997.0,3442,0,0,0,16.641347987303032,6.586287042417199,186.94527141182522,670
998.0,3445,0,3,0,16.75757213921514,6.438316400580551,187.13174305854614,657
999.0,3444,0,1,2,16.83398291730207,6.30458768873403,187.52176938229462,649
1000.0,3450,0,7,1,16.912272774914676,6.120289855072464,187.51866985858402,633
1001.0,3452,0,2,0,16.950504408553556,6.024913093858633,187.7462278205823,631
1002.0,3451,0,0,1,16.9929403785491,5.932483338162851,188.1157712998159,623
1003.0,3453,881,2,0,17.031025480084384,5.828265276571098,188.3383152339357,625
1004.0,3456,0,3,0,17.078589195435086,5.735243055555555,188.50369633152891,613
1005.0,3457,0,1,0,17.116876673165592,5.583453861729824,188.7758871299032,604
1006.0,3457,0,1,1,17.132398470117227,5.463696846977148,189.09379455452319,605
1007.0,3461,0,4,0,17.147800739360356,5.297023981508235,189.19989732887728,596
1008.0,3462,0,2,1,17.167281322101392,5.194396302715194,189.42471518866256,590
1009.0,3464,0,3,1,17.19770092125055,5.133949191685912,189.62856927867222,592
1010.0,3468,0,6,2,17.20179892833546,5.05161476355248,189.67404735736682,586
1011.0,3469,0,1,0,17.215112673758842,4.993081579705967,189.9400018513059,592
1012.0,3470,0,3,2,17.22080138089921,4.912680115273775,190.1963621232723,584
1013.0,3472,0,2,0,17.234788851253704,4.8058755760368665,190.4050630486659,579
1014.0,3477,0,5,0,17.24054496369315,4.690537819959736,190.44940859851462,574
1015.0,3481,0,5,1,17.248456113261646,4.54409652398736,190.54519934520692,569
1016.0,3483,0,3,1,17.250160094630893,4.398219925351708,190.74944432289487,559
1017.0,3488,0,5,0,17.278737114988058,4.315366972477064,190.79283735254532,558
1018.0,3491,0,3,0,17.248072820124356,4.16642795760527,190.94766744629175,544
1019.0,3494,0,3,0,17.232508768821557,4.03491700057241,191.10279176728724,546
1020.0,3498,0,5,1,17.243531871736188,3.9556889651229272,191.15513642437998,550
1021.0,3500,0,2,0,17.213824754060578,3.8594285714285714,191.3660992800976,544
1022.0,3499,0,0,1,17.208819776855236,3.7830808802515006,191.737293650123,549
1023.0,3499,0,0,0,17.20418125163064,3.7242069162617892,192.058116300667,543
1024.0,3502,0,4,1,17.205167805327033,3.7238720731010853,192.17234958542156,550
1025.0,3506,0,4,0,17.17651766869509,3.6802624073017682,192.27621639365697,540
1026.0,3508,0,3,1,17.14359460108572,3.650228050171038,192.43812222141463,551
1027.0,3511,0,3,0,17.12652843629896,3.618057533466249,192.60025624925987,546
1028.0,3513,0,5,3,17.08826509911918,3.627384002277256,192.76395493352115,560
1029.0,3514,0,2,1,17.0715265557685,3.6340352874217414,193.03272703169097,565
1030.0,3514,0,2,2,17.027720273339845,3.643995446784291,193.26771321485208,568
1031.0,3519,0,6,1,16.98392078687386,3.6254617789144645,193.2945163212184,576
1032.0,3521,0,3,1,16.926777385743637,3.6128940641863108,193.4737421245357,592
1033.0,3525,0,4,0,16.835697784547037,3.626950354609929,193.59437640375992,607
1034.0,3527,0,3,1,16.773561555693462,3.7227105188545506,193.7162975081359,633
1035.0,3532,0,5,0,16.72964451559804,3.7525481313703284,193.78867121665854,639
1036.0,3533,0,1,0,16.65479200997004,3.6767619586753466,194.0844612742922,639
1037.0,3537,0,4,0,16.59161706882414,3.680802940344925,194.21890308354,652
1038.0,3544,0,8,1,16.53979979590186,3.68510158013544,194.187419051339,671
1039.0,3546,0,2,0,16.514201309490254,3.676818950930626,194.43546180987178,689
1040.0,3549,0,4,1,16.485096760176265,3.707241476472246,194.59973427228658,701
1041.0,3552,0,4,1,16.45117443724291,3.754222972972973,194.79419608269507,725
1042.0,3553,0,2,1,16.426179824263127,3.8530819026175065,195.05727499230173,745
1043.0,3556,0,3,0,16.3853705014936,4.008998875140607,195.25789540163169,765
1044.0,3562,0,6,0,16.327555141143456,4.138405390230208,195.2974775276621,785
1045.0,3563,0,3,2,16.305075818342157,4.29497614369913,195.60593857572678,808
1046.0,3567,0,4,0,16.25875179848178,4.453602467059153,195.76028315320366,833
1047.0,3570,0,3,0,16.215145220485834,4.643977591036415,195.9713220008675,851
1048.0,3573,0,3,0,16.178716940684517,4.804086202071089,196.18600325362493,866
1049.0,3576,0,3,0,16.13249118250166,4.9812639821029085,196.40278310804607,884
1050.0,3579,0,4,1,16.080325685474445,5.158982956132998,196.61520231872305,905
1051.0,3579,0,0,0,16.0503459991075,5.31265716680637,197.0021746455963,924
1052.0,3582,0,3,0,16.02664118921388,5.489949748743719,197.22474992679247,946
1053.0,3584,0,2,0,16.003864915419456,5.657087053571429,197.50471196118792,954
1054.0,3586,0,3,1,15.993962555471507,5.804517568321249,197.7791276128868,973
1055.0,3587,0,2,1,15.94824008941473,5.944800669082799,197.99910814860274,977
1056.0,3592,0,5,0,15.92165778937348,6.099387527839643,198.1184379302391,987
1057.0,3591,0,1,2,15.89808541511305,6.259816207184628,198.35152975597836,999
1058.0,3593,0,4,2,15.877902196806165,6.349011967715001,198.60649495005012,1001
1059.0,3594,0,1,0,15.84347892307039,6.485531441291041,198.95362493287794,1011
1060.0,3599,0,5,0,15.820148068279792,6.71158655181995,199.08176613742384,1036
1061.0,3604,0,5,0,15.807125162578432,6.892341842397336,199.21055005688427,1037
1062.0,3607,0,3,0,15.75657715141409,7.085389520377045,199.45248269495843,1050
1063.0,3610,0,4,1,15.733538255915535,7.2903047091412745,199.58189224442225,1068
1064.0,3614,0,4,0,15.713969643517222,7.488931931377975,199.77153954344223,1075
1065.0,3618,0,4,0,15.698038634662469,7.689054726368159,199.9631752138158,1087
1066.0,3621,0,3,0,15.671325903875644,7.9411764705882355,200.21154326654974,1104
1067.0,3623,0,2,0,15.652360607799407,8.127794645321556,200.51651387772475,1111
1068.0,3624,0,2,1,15.628960091652939,8.33774834437086,200.87372599142637,1124
1069.0,3626,0,2,0,15.59656693618161,8.542746828461114,201.18163441545892,1133
1070.0,3631,0,5,0,15.580587717201633,8.73175433764803,201.32411873396805,1142
1071.0,3630,0,1,2,15.530932925828928,8.951515151515151,201.7571687589473,1143
1072.0,3630,0,0,0,15.477869861872097,9.171625344352616,202.1809065399109,1148
1073.0,3632,0,3,1,15.446580580059365,9.413546255506608,202.48730914133588,1162
1074.0,3633,0,2,1,15.400714106575899,9.609964216900632,202.84952825330646,1167
1075.0,3635,0,2,0,15.367702083960037,9.859972489683631,203.16780800942334,1180
1076.0,3637,0,2,0,15.339400347795165,10.100082485565027,203.48644297794826,1184
1077.0,3637,0,1,1,15.310534871416207,10.396205664008798,203.87650545570332,1200
1078.0,3644,0,9,2,15.285947518975112,10.60510428100988,203.88060857070633,1207
1079.0,3646,0,2,0,15.246763660464465,10.82309380142622,204.20302409369748,1212
1080.0,3645,0,2,3,15.205207369234925,11.07681755829904,204.58112470881136,1214
1081.0,3649,0,4,0,15.256530850370325,9.623184434091533,204.78794839787648,1067
1082.0,3651,0,2,0,15.356290021218406,8.65762804711038,205.09992957287866,968
1083.0,3653,0,3,1,15.488389476038824,7.994525047905831,205.3972224551867,892
1084.0,3659,0,7,1,15.654093822990292,7.365400382618201,205.4442400586662,825
1085.0,3660,0,1,0,15.832480980354374,6.960928961748634,205.77879665903072,777
1086.0,3659,0,0,1,16.00193315607869,6.653730527466521,206.19936486310223,745
1087.0,3662,0,4,1,16.16842020354701,6.413708356089568,206.37781950225335,717
1088.0,3664,0,2,0,16.31113044923236,6.201419213973799,206.62451273431623,694
1089.0,3669,0,5,0,16.418474879188636,6.048242027800491,206.69358169701488,680
1090.0,3673,0,4,0,16.507956267912427,5.947454396950722,206.8134695844225,676
1091.0,3678,0,5,0,16.563521819766578,5.875203915171289,206.87411074356137,672
1092.0,3681,0,4,1,16.61133082732437,5.859005704971475,207.0385397038331,673
1093.0,3685,0,6,2,16.67733523739382,5.830936227951153,207.134708629084,672
1094.0,3687,0,3,1,16.705286122864745,5.724708435042039,207.34892466728832,665
1095.0,3686,0,1,2,16.74194333457163,5.592240911557243,207.6943664114374,654
1096.0,3686,0,2,2,16.79113232226698,5.511665762344005,207.99493909879345,648
1097.0,3688,0,3,1,16.8196195683642,5.415943600867679,208.20070182944727,635
1098.0,3692,0,4,0,16.855341196342607,5.316359696641387,208.29635614257404,631
1099.0,3696,0,5,1,16.875124094382,5.189935064935065,208.38642123011502,618
1100.0,3700,0,4,0,16.873424686062318,5.115675675675676,208.48043734321953,618
1101.0,3702,0,2,0,16.884252107900075,5.061048082117774,208.68641180851307,612
1102.0,3705,0,3,0,16.903457290894107,4.965182186234818,208.83550003722763,605
1103.0,3709,0,4,0,16.920639425378155,4.896198436236182,208.9281993433817,602
1104.0,3715,0,6,0,16.95723739618355,4.868371467025572,208.90720574203493,608
1105.0,3716,0,2,1,16.950436587497,4.810279870828849,209.1605823702858,605
1106.0,3720,0,4,0,16.9469878659068,4.723924731182795,209.25311096778398,611
1107.0,3721,0,1,0,16.92194042519569,4.650094060736361,209.51592895044487,615
1108.0,3727,0,7,1,16.92012220351853,4.529648510866648,209.48963239264836,614
1109.0,3731,0,5,1,16.90290527536076,4.448941302599839,209.57917802796243,613
1110.0,3734,0,4,1,16.87931101638457,4.352972683449384,209.62330395056705,614
1111.0,3737,0,3,0,16.852827378575885,4.327267861921327,209.77950965329603,611
1112.0,3739,0,2,0,16.824650581705185,4.316394757956673,209.99318298570478,624
1113.0,3744,0,5,0,16.807456892949943,4.266826923076923,210.03980848739252,628
1114.0,3747,0,3,0,16.780894469635008,4.260208166533227,210.20010617040415,633
1115.0,3751,0,5,1,16.735571358787407,4.237003465742469,210.27823529502558,624
1116.0,3750,0,2,3,16.711220779721874,4.238666666666667,210.58465770735413,634
1117.0,3753,0,4,1,16.687560108966956,4.26378896882494,210.7429094506065,642
1118.0,3754,0,2,1,16.65782320290108,4.270378263185935,211.0158743947521,657
1119.0,3759,0,5,0,16.636592670422786,4.2947592444799145,211.07317412817824,667
1120.0,3759,0,1,1,16.59937829513766,4.330673051343442,211.40169579208617,671
1121.0,3763,0,5,1,16.569054671234657,4.352378421472229,211.42976629659975,682
1122.0,3765,0,2,0,16.50424528151937,4.425498007968128,211.66302877485157,692
1123.0,3767,0,2,0,16.46730130950242,4.447836474648261,211.89771869782572,698
1124.0,3770,0,3,0,16.407341642423983,4.503978779840849,212.08063040930193,712
1125.0,3769,0,0,1,16.348877297992647,4.5895462987529845,212.33062579368547,729
1126.0,3770,0,1,0,16.300607708904487,4.614588859416446,212.63271687886768,747
1127.0,3775,0,7,2,16.26033650911757,4.656953642384106,212.668826345824,752
1128.0,3776,0,1,0,16.214997576087594,4.740995762711864,212.97690124589488,766
1129.0,3778,0,4,2,16.15798024665735,4.82503970354685,213.14094340018772,783
1130.0,3784,0,6,0,16.118966880724507,4.892970401691332,213.17255941156273,793
1131.0,3792,0,8,0,16.069065865914958,5.00870253164557,213.09497053917934,814
1132.0,3791,0,0,1,16.009922137224837,5.064890530203113,213.48888187725356,830
1133.0,3790,0,1,2,15.944260681440635,5.214511873350924,213.90758488812256,854
1134.0,3793,0,5,2,15.886863629985026,5.359346163986291,213.99123816242127,869
1135.0,3797,0,5,1,15.827821287916183,5.495391098235449,214.1351258541765,889
1136.0,3801,0,5,1,15.784480951389734,5.643777953170218,214.25573395142598,909
1137.0,3803,0,2,0,15.760127153698662,5.8090980804627925,214.5335675422815,935
1138.0,3807,0,4,0,15.700802678007465,5.994483845547675,214.70116861246404,960
1139.0,3809,0,2,0,15.665976956125702,6.180624835914938,214.98419951826816,987
1140.0,3810,0,2,1,15.631825344079228,6.384514435695538,215.32079217536563,1011
1141.0,3817,0,7,0,15.608046238400117,6.533665182080168,215.32540414800516,1024
1142.0,3820,0,3,0,15.579075555742047,6.715968586387435,215.55736482417456,1044
1143.0,3822,0,2,0,15.571761111176075,6.895866038723182,215.84686640775533,1070
1144.0,3828,0,6,0,15.533898120738627,7.036311389759666,215.91236339402897,1074
1145.0,3827,0,0,1,15.485887624766479,7.202508492291612,216.3699246663312,1082
1146.0,3832,0,6,1,15.447514960587288,7.355167014613778,216.37159081494744,1086
1147.0,3835,0,3,0,15.402640025233374,7.5374185136897,216.6136193340161,1104
1148.0,3838,0,4,1,15.376943664426314,7.742053152683689,216.84941784259095,1120
1149.0,3840,0,3,1,15.35113347401303,7.9703125,217.1478699913082,1137
1150.0,3843,0,3,0,15.317311255539522,8.160291438979964,217.39568056210015,1146
1151.0,3845,0,5,3,15.298336286691304,8.353185955786737,217.54316504530632,1152
1152.0,3850,0,5,0,15.283426814745804,8.524415584415584,217.68065833654123,1166
1153.0,3852,0,4,2,15.273263318149375,8.701973001038422,217.9803526948343,1174
1154.0,3856,0,4,0,15.267486793372088,8.867219917012449,218.1760187487535,1185
1155.0,3860,0,4,0,15.24798779891097,9.091968911917098,218.3728054713371,1195
1156.0,3863,0,3,0,15.219849699145094,9.283717318146518,218.62736564594135,1208
1157.0,3866,0,4,1,15.191431152587601,9.523021210553544,218.87110411620168,1215
1158.0,3871,0,5,0,15.163475763094889,9.707827434771376,219.01636375894213,1216
1159.0,3872,0,3,2,15.124236800151229,9.949380165289256,219.33382342894717,1221
1160.0,3878,0,7,1,15.080291892090585,10.146209386281589,219.3690368826333,1228
1161.0,3878,0,2,2,15.024773808782214,10.396854048478597,219.74585189868174,1241
1162.0,3882,0,5,1,14.980682845979544,10.638588356517259,219.90299069514836,1251
1163.0,3885,0,4,1,14.964096681103667,10.87927927927928,220.16461352730752,1266
1164.0,3889,0,5,1,14.924556668711602,11.134739007456929,220.37122879911254,1286
1165.0,3889,0,1,1,14.897560105664464,11.396245821547955,220.7589908892381,1293
1166.0,3891,0,2,0,14.881283834336706,11.675404780262143,221.0879571212616,1310
1167.0,3893,0,3,1,14.860148884413,11.951965065502183,221.40925160015067,1325
1168.0,3898,0,5,0,14.84590883554555,12.224730631092868,221.57078368424504,1336
1169.0,3899,0,3,2,14.827784389702035,12.519107463452167,221.94001787882476,1344
1170.0,3901,0,4,2,14.823358689699155,12.798513201743143,222.2073870701735,1352
1171.0,3903,0,3,1,14.914602189071738,11.30053804765565,222.48400465929615,1204
1172.0,3906,0,4,1,15.050474996158904,10.260112647209422,222.70352880412491,1090
1173.0,3906,0,1,1,15.218830890211855,9.502304147465438,223.07277069628952,1010
1174.0,3906,0,2,2,15.380361474538786,8.938812083973374,223.4547894515012,944
1175.0,3910,0,4,0,15.562973407619435,8.536317135549872,223.62438206451978,899
1176.0,3909,0,2,3,15.713125650773284,8.273727295983628,224.02745724119566,857
1177.0,3909,0,1,1,15.885745369407772,8.024047070862114,224.39633709806387,820
1178.0,3918,0,9,0,16.057487161837763,7.871107708014293,224.2464552675918,795
1179.0,3921,0,3,0,16.179030362018167,7.7401173170109665,224.43279965290637,778
1180.0,3924,0,4,1,16.275031850861886,7.598623853211009,224.60120484199342,766
1181.0,3925,0,4,3,16.356360683805065,7.471592356687898,224.85768914500161,755
1182.0,3926,0,3,2,16.432220197391644,7.313295975547631,225.11280846916748,751
1183.0,3927,0,4,3,16.480962072189737,7.092691622103387,225.3367730903206,729
1184.0,3929,0,4,2,16.5164931884799,6.999236446933062,225.4692069171135,727
1185.0,3931,0,3,1,16.569869484696987,6.86797252607479,225.64493717159112,720
1186.0,3934,0,5,2,16.58228294748337,6.799694966954753,225.73201951392736,716
1187.0,3934,0,3,3,16.588056400912492,6.66395526182003,226.02214500139488,713
1188.0,3939,0,6,1,16.609346078707134,6.550901243970551,226.01200270027638,705
1189.0,3940,0,3,2,16.607430385868813,6.469035532994924,226.18537969073725,704
1190.0,3943,0,4,1,16.62993800742163,6.390565559218869,226.29944833638152,711
1191.0,3946,0,3,0,16.648772593765067,6.3446528129751645,226.45468450667144,709
1192.0,3951,0,5,0,16.670136441731024,6.229309035687168,226.49427650852377,702
1193.0,3956,0,6,1,16.679128863117118,6.1066734074823055,226.5294432432742,692
1194.0,3960,0,5,1,16.684736335948635,5.991161616161616,226.62319271043097,687
1195.0,3961,0,1,0,16.684531398012286,5.881595556677607,226.8911902015334,675
1196.0,3967,0,6,0,16.68205366099347,5.7375850768842955,226.8742568809299,667
1197.0,3970,0,3,0,16.69335566523472,5.668513853904282,227.02881666736982,671
1198.0,3972,0,2,0,16.69168542993888,5.576787512588117,227.2404551955019,670
1199.0,3976,0,4,0,16.68867546304379,5.520623742454728,227.3384433315583,666
1200.0,3975,0,0,1,16.67365350854088,5.4596226415094335,227.55098196838142,667
1201.0,3976,0,3,2,16.649699674416333,5.382042253521127,227.77817940323314,670
1202.0,3977,0,2,1,16.621050789254014,5.324113653507669,228.04113850818965,672
1203.0,3981,881,6,2,16.605462881668885,5.262496860085406,228.13521080517418,667
1204.0,3982,0,2,1,16.586403645115404,5.268458061275741,228.4071051878408,663
1205.0,3985,0,3,0,16.574522965312426,5.231116687578419,228.56968231449903,662
1206.0,3985,0,1,1,16.566126141768773,5.251944792973651,228.9024243538779,678
1207.0,3985,0,2,2,16.55585729238168,5.17465495608532,229.2268704494259,680
1208.0,3987,0,2,0,16.529316185144246,5.152997241033359,229.45021173109194,687
1209.0,3989,0,2,0,16.49882542508788,5.192529456004011,229.67530711828357,699
1210.0,3995,0,6,0,16.47292041518037,5.107884856070088,229.6718679130026,701
1211.0,3995,0,0,0,16.42667761587123,5.132916145181476,230.01609912204597,708
1212.0,3999,0,4,0,16.385295145576666,5.153538384596149,230.13220793958422,727
1213.0,4002,0,3,0,16.33199295882766,5.184407796101949,230.30867467702052,737
1214.0,4003,0,4,3,16.283544430071583,5.21758680989258,230.47395218324303,745
1215.0,4004,0,2,1,16.212900849837837,5.267232767232767,230.72036272276398,760
1216.0,4003,0,1,2,16.12549789338334,5.326505121159131,231.12613919016792,771
1217.0,4004,0,2,1,16.059774203861704,5.364635364635364,231.39238944988776,779
1218.0,4003,0,0,1,15.973378843785753,5.42318261304022,231.7375565909532,809
1219.0,4002,0,1,2,15.900410254427237,5.493003498250874,232.13501628204168,827
1220.0,4005,0,3,0,15.83555613646184,5.548314606741573,232.33679309046408,841
1221.0,4008,0,5,2,15.76118671276955,5.618512974051896,232.52149489423635,859
1222.0,4015,0,8,1,15.717375357787427,5.728019925280199,232.46844404851643,882
1223.0,4020,0,7,2,15.673839531335645,5.803980099502487,232.55067677171135,897
1224.0,4026,0,6,0,15.631033994796528,5.909090909090909,232.59009093574772,921
1225.0,4026,0,1,1,15.586985707098316,6.03030303030303,232.94275526978132,945
1226.0,4026,0,1,1,15.541030166241281,6.200695479384004,233.31336728627076,959
1227.0,4027,0,5,4,15.472044496914526,6.316364539359324,233.58577913335415,975
1228.0,4030,0,4,1,15.400251619874757,6.430769230769231,233.77428356111463,1000
1229.0,4034,0,5,1,15.357214317360734,6.551561725334656,233.9414095916072,1021
1230.0,4037,0,3,0,15.287659921266908,6.732722318553381,234.1745816348551,1047
1231.0,4037,0,0,0,15.244875176585092,6.872925439682933,234.58507535596166,1060
1232.0,4036,0,0,1,15.194606709909483,7.022794846382557,234.9551798390636,1087
1233.0,4040,0,4,0,15.144435177552937,7.159158415841584,235.1398635890055,1091
1234.0,4047,0,7,0,15.132199010992615,7.309364961700025,235.1522597785291,1115
1235.0,4052,0,5,0,15.095156421649365,7.4454590325765055,235.2834311445337,1127
1236.0,4051,0,2,3,15.063664509464058,7.6015798568254755,235.72820768466514,1151
1237.0,4054,0,4,1,15.026391484035031,7.781943759250123,235.9387135537644,1166
1238.0,4057,0,4,1,15.00822708512251,7.9543998028099585,236.18175959760987,1187
1239.0,4057,0,1,1,14.97638867841041,8.13581464136061,236.57822782311663,1207
1240.0,4056,0,2,3,14.957862639704809,8.354783037475345,237.01501758640228,1224
1241.0,4060,0,4,0,14.935270490803166,8.523152709359605,237.21288531075825,1234
1242.0,4061,0,3,2,14.909060682399696,8.75080029549372,237.5379395676678,1253
1243.0,4060,0,1,2,14.886050568966146,8.95320197044335,238.00995281700708,1262
1244.0,4063,0,5,2,14.846412049019893,9.152104356386907,238.23754528467347,1270
1245.0,4064,0,3,2,14.82472066507316,9.343996062992126,238.6039644115335,1288
1246.0,4064,0,0,0,14.802118803201013,9.561515748031496,239.04355866683792,1299
1247.0,4067,0,5,2,14.781942171656345,9.807720678632899,239.27680088780895,1318
1248.0,4069,0,3,1,14.749873711951897,10.092160235930203,239.5978575067791,1338
1249.0,4069,0,3,3,14.72288381490099,10.354386827230277,239.94365498642452,1349
1250.0,4072,0,4,1,14.693164774386151,10.591601178781925,240.13981870222565,1359
1251.0,4072,0,2,2,14.644672046822334,10.858300589390963,240.55411460668398,1371
1252.0,4071,0,1,2,14.608064069523525,11.127487103905674,240.96142864803622,1380
1253.0,4076,0,6,1,14.609225074110723,11.393277723258096,241.1128117966225,1393
1254.0,4078,0,3,1,14.568063916019362,11.659637076998528,241.442953727545,1404
1255.0,4082,0,6,2,14.512821483242778,11.940960313571779,241.6473735405612,1424
1256.0,4091,0,9,0,14.481581183709189,12.215106330970423,241.57228599126648,1432
1257.0,4099,0,9,1,14.452788897370468,12.497438399609662,241.54930546418998,1446
1258.0,4101,0,3,1,14.396134143841119,12.790538892952938,241.88726745830476,1465
1259.0,4102,0,2,1,14.345025020969755,13.10165772793759,242.22324906047183,1478
1260.0,4106,0,4,0,14.32008876913302,13.406965416463711,242.45274447695294,1496
1261.0,4109,0,3,0,14.387791548731819,11.946458992455586,242.73588371001813,1323
1262.0,4112,0,3,0,14.506969559399032,10.95646887159533,243.01004148281692,1208
1263.0,4116,0,4,0,14.666723908856211,10.318513119533527,243.21457135715656,1126
1264.0,4120,0,5,1,14.83980590693807,9.810922330097087,243.3957605370454,1068
1265.0,4122,0,2,0,14.98965850201829,9.453178068898593,243.69663891106592,1032
1266.0,4122,0,0,0,15.151915431684401,9.162057253760311,244.10415393781645,985
1267.0,4129,0,7,0,15.341442080258664,8.898280455316057,244.08542373987365,956
1268.0,4131,0,2,0,15.505788885295624,8.722343258290971,244.3512830490435,924
1269.0,4133,0,2,0,15.637987114405302,8.570287926445681,244.6092879248026,906
1270.0,4139,0,6,0,15.759075341739699,8.39139888862044,244.62352852678694,880
1271.0,4144,0,5,0,15.876183431315777,8.298745173745173,244.6904817816389,873
1272.0,4144,0,2,2,15.944920129333756,8.198841698841699,245.0128882454597,859
1273.0,4149,0,6,1,16.015882914267753,8.103880453121233,245.06087583788565,856
1274.0,4154,0,7,2,16.0786933487227,7.932595089070775,245.03014721131711,842
1275.0,4161,0,8,1,16.13186229076273,7.718577265080509,244.96078247851284,827
1276.0,4164,0,4,1,16.158012148266163,7.540105667627281,245.1277749435338,816
1277.0,4168,0,5,1,16.1926477351901,7.381957773512476,245.21830207967605,800
1278.0,4168,0,0,0,16.193617644002316,7.303023032629558,245.56292679759608,796
1279.0,4169,0,1,0,16.20972371472929,7.222355480930679,245.84879935824355,794
1280.0,4170,0,1,0,16.220881332285053,7.114628297362111,246.1341155144552,785
1281.0,4170,0,0,0,16.237807228803767,6.983213429256595,246.47804892825243,774
1282.0,4173,0,3,0,16.263643451238927,6.823628085310328,246.64354056180062,760
1283.0,4177,0,5,1,16.26205832562263,6.6870960019152506,246.74024578041033,755
1284.0,4179,0,2,0,16.269567762001877,6.581718114381431,246.96500696498663,754
1285.0,4181,0,3,1,16.280350650900857,6.45945945945946,247.1859258458013,753
1286.0,4182,0,1,0,16.285322251017313,6.37661406025825,247.46886024553254,754
1287.0,4183,0,3,2,16.287879086292,6.282572316519245,247.70196096342278,754
1288.0,4186,0,3,0,16.283545799248074,6.126851409460105,247.86664413208555,753
1289.0,4190,0,4,0,16.273260856039297,6.02673031026253,247.9736776481456,747
1290.0,4194,0,5,1,16.27135450344587,5.854792560801145,248.07432219837142,740
1291.0,4196,0,3,1,16.270580754365938,5.667778836987607,248.1861978669284,732
1292.0,4197,0,2,1,16.2407521044927,5.548010483678818,248.36299708788405,726
1293.0,4203,0,6,0,16.19864826156627,5.476802284082798,248.3559142037851,730
1294.0,4205,0,2,0,16.182417830608124,5.337455410225922,248.58600330196785,731
1295.0,4208,0,4,1,16.155986109507733,5.215779467680608,248.75180278843115,730
1296.0,4213,0,6,1,16.145810503510468,5.115357227628768,248.76391314904745,729
1297.0,4213,0,2,2,16.13755176221777,4.989793496320911,249.0949344270444,740
1298.0,4217,0,5,1,16.121552413880654,4.935262034621769,249.20588467640042,744
1299.0,4219,0,2,0,16.093117581974102,4.849964446551316,249.44495884063824,748
1300.0,4223,0,5,1,16.06770371436794,4.830452285105375,249.47870755238853,764
1301.0,4224,0,3,2,16.029319246737547,4.779592803030303,249.76264017550778,780
1302.0,4225,0,2,1,15.98381770917531,4.791952662721894,250.04289283509078,792
1303.0,4228,0,4,1,15.944348180798377,4.776490066225166,250.19622934657843,803
1304.0,4228,0,1,1,15.876386401931123,4.7783822138126775,250.54716470068536,816
1305.0,4232,0,5,1,15.838498285564253,4.679347826086956,250.68031867497754,833
1306.0,4237,0,5,0,15.796045285742531,4.581779561010149,250.7602322981515,842
1307.0,4241,0,4,0,15.765909129634233,4.511671775524641,250.90214781625562,861
1308.0,4240,0,0,1,15.726414278145764,4.470754716981132,251.33815219840244,878
1309.0,4244,0,4,0,15.665563395516862,4.414467483506126,251.48572965875115,902
1310.0,4247,0,3,0,15.627448658824376,4.499175888862727,251.6941802606087,923
1311.0,4250,0,3,0,15.59621600178912,4.530352941176471,251.90467987739666,939
1312.0,4254,0,5,1,15.56913706483595,4.557357780912083,252.05262672918062,958
1313.0,4256,0,3,1,15.536338872896177,4.641447368421052,252.30367989309937,978
1314.0,4258,0,2,0,15.512573029181441,4.7137153593236265,252.57857350549057,1006
1315.0,4262,0,5,1,15.484415738787526,4.842092914124824,252.73047722245713,1035
1316.0,4262,0,1,1,15.453094598805842,4.945565462224308,253.11695369145255,1058
1317.0,4262,0,1,1,15.413417960975613,5.074847489441577,253.51565886895415,1080
1318.0,4267,0,5,0,15.375828583322575,5.247011952191235,253.6221721984203,1103
1319.0,4269,0,2,0,15.356190078221372,5.3900210822206605,253.90953236847335,1132
1320.0,4274,0,6,1,15.33810137795949,5.57884885353299,254.01012426564137,1149
1321.0,4277,0,4,1,15.32945525788797,5.7145195230301615,254.22571192359294,1169
1322.0,4278,0,3,2,15.291713475252118,5.858111266947172,254.5532013118125,1180
1323.0,4280,0,3,1,15.244748885146633,6.008411214953271,254.8170030716434,1201
1324.0,4284,0,4,0,15.190414871783547,6.0765639589169,254.998089478301,1201
1325.0,4283,0,2,3,15.137668519957495,6.222040625729629,255.36243519727708,1216
1326.0,4287,0,6,2,15.09345380668594,6.345229764404012,255.50669222274948,1228
1327.0,4293,0,7,1,15.051081791069508,6.498718844630794,255.57091043567308,1240
1328.0,4295,0,4,2,15.013826750942442,6.672875436554133,255.73329045784257,1259
1329.0,4299,0,5,1,14.979507924564297,6.86043265875785,255.7932793061494,1279
1330.0,4302,0,3,0,14.949842525140195,7.091817759181776,256.0472787085814,1294
1331.0,4305,0,5,2,14.913863165182809,7.294541231126597,256.1762534402406,1315
1332.0,4310,0,5,0,14.88373145298507,7.5148491879350345,256.31502512932997,1326
1333.0,4311,0,2,1,14.817897574711123,7.74669450243563,256.5867027666135,1332
1334.0,4315,0,4,0,14.772971394012366,7.946697566628042,256.78994506529324,1353
1335.0,4318,0,4,1,14.757738325087294,8.18202871699861,257.0501355419627,1375
1336.0,4320,0,2,0,14.731628696893253,8.456712962962962,257.37440911630233,1392
1337.0,4323,0,6,3,14.690014150211017,8.721952347906546,257.62953218864016,1409
1338.0,4325,0,5,3,14.664058508588857,8.971098265895954,257.84427773907305,1427
1339.0,4326,0,2,1,14.64561407814636,9.230235783633843,258.2154706926534,1439
1340.0,4326,0,1,1,14.612161260228605,9.485899214054553,258.6268189683803,1450
1341.0,4327,0,4,3,14.582304551124968,9.728449272012941,258.87481013548353,1474
1342.0,4327,0,3,3,14.557071497519559,9.981280332794084,259.1727464040771,1484
1343.0,4327,0,1,1,14.52349065446142,10.2378091056159,259.62059281137186,1502
1344.0,4328,0,3,2,14.492030737600452,10.490988909426987,259.9504437935713,1513
1345.0,4326,0,2,4,14.447696519570066,10.75335182616736,260.3764826864904,1527
1346.0,4328,0,3,1,14.420468480977503,11.018484288354898,260.63595383755313,1544
1347.0,4331,0,3,0,14.383692784576303,11.254675594550912,260.91755581742785,1546
1348.0,4334,0,4,1,14.34254853808979,11.52030456852792,261.17841040767155,1560
1349.0,4336,0,2,0,14.299217613579595,11.81480627306273,261.52611391011663,1570
1350.0,4339,0,3,0,14.252972982398362,12.099792578935238,261.8165625615842,1590
1351.0,4342,0,3,0,14.31175312794416,10.675034546292032,262.1019833244088,1420
1352.0,4342,0,1,1,14.413435475868198,9.801243666513127,262.533355672365,1312
1353.0,4343,0,2,1,14.559894773746812,9.10338475708036,262.9138187023439,1220
1354.0,4345,0,4,2,14.723180055390632,8.498273878020713,263.18380000368575,1142
1355.0,4347,0,3,1,14.908942064891258,8.082125603864734,263.44820736956797,1100
1356.0,4353,0,7,1,15.106043629421022,7.7491385251550655,263.3788169048588,1053
1357.0,4355,0,4,2,15.264798824435827,7.46865671641791,263.6040331421112,1016
1358.0,4357,0,2,0,15.396563251132655,7.27495983474868,263.87381616490603,992
1359.0,4359,0,2,0,15.511457910881735,7.0550584996558845,264.13542486541104,963
1360.0,4362,0,4,1,15.609545176363348,6.875974323704723,264.3253229165791,947
1361.0,4362,0,0,0,15.678719117060801,6.790921595598349,264.69602409254304,929
1362.0,4364,0,2,0,15.746979596857866,6.737626031164069,264.9400876770543,919
1363.0,4368,0,5,1,15.808116185160673,6.6101190476190474,265.05515688001685,907
1364.0,4371,0,4,1,15.838256001762863,6.492107069320522,265.2288047569482,894
1365.0,4369,0,1,3,15.86176410269767,6.3630121309224075,265.55003164168266,883
1366.0,4371,0,2,0,15.909058561404027,6.207275223061084,265.78190604810055,871
1367.0,4371,0,1,1,15.941982593690248,6.105925417524594,266.04218460423505,857
1368.0,4374,0,3,0,15.965968136524365,6.057384545038866,266.2104805088765,855
1369.0,4379,0,5,0,16.00229344669494,5.951130395067367,266.2558622972867,854
1370.0,4379,0,1,1,16.004020829482464,5.893354647179722,266.59559310923163,845
1371.0,4381,0,2,0,15.99799879945878,5.838393060944989,266.8225953272646,845
1372.0,4382,0,3,2,15.995717540582463,5.817891373801917,267.08635061263857,845
1373.0,4385,0,3,0,15.969026917787602,5.738198403648803,267.25377358974026,839
1374.0,4388,0,4,1,15.962331309399286,5.64721969006381,267.28778735942655,832
1375.0,4386,0,0,2,15.934702234467903,5.575695394436845,267.55241681832774,828
1376.0,4388,0,3,1,15.926980723809544,5.491340018231541,267.7724865511344,829
1377.0,4393,0,5,0,15.896659484627886,5.42772592761211,267.822222103133,844
1378.0,4395,0,3,1,15.877062979173523,5.330375426621161,268.0295512592961,843
1379.0,4395,0,0,0,15.847622496777383,5.224345847554039,268.3865121892752,848
1380.0,4400,0,6,1,15.84192661485597,5.107272727272727,268.30766582647163,842
1381.0,4401,0,4,3,15.808346273089727,5.0279481935923656,268.44116555050783,845
1382.0,4403,0,4,2,15.78490589217558,4.976833976833976,268.62623797576117,855
1383.0,4406,0,4,1,15.784049229251206,4.923286427598729,268.794674464306,847
1384.0,4409,0,4,1,15.76695287743907,4.864141528691313,268.9544090745217,854
1385.0,4407,0,1,3,15.738047085663661,4.820739732244157,269.38486449946714,846
1386.0,4409,0,2,0,15.734289009058717,4.818552959854842,269.626829101613,846
1387.0,4411,0,3,1,15.707793022280267,4.779641804579461,269.8380677216997,849
1388.0,4414,0,3,0,15.679281499705107,4.72383325781604,270.0215046723455,856
1389.0,4415,0,4,3,15.652416349766519,4.656398640996603,270.2766717356937,865
1390.0,4416,0,2,1,15.63357370464059,4.6447010869565215,270.4932394761345,871
1391.0,4414,0,0,2,15.585978881007584,4.650883552333484,270.9381422001598,885
1392.0,4418,0,6,2,15.530504464122792,4.655726573110004,271.00173855055357,899
1393.0,4418,0,1,1,15.47936251622949,4.747170665459484,271.34642359940176,921
1394.0,4421,0,4,1,15.407707594942513,4.774711603709568,271.538343829045,938
1395.0,4421,0,1,1,15.386689495051963,4.8192716579959285,271.8207151393979,949
1396.0,4423,0,2,0,15.346388065341054,4.805335744969478,272.0843323530214,951
1397.0,4426,0,3,0,15.305323328511518,4.828965205603254,272.28892711982894,976
1398.0,4429,0,3,0,15.279763313156971,4.826145856852563,272.49525831689573,983
1399.0,4431,0,2,0,15.231801210775325,4.819679530580005,272.76635685046574,1002
1400.0,4432,0,3,2,15.18643486830815,4.899142599277979,273.05562381251735,1037
1401.0,4434,0,3,1,15.116887698493077,4.928055931438881,273.3206409833484,1054
1402.0,4435,0,2,1,15.04712033346529,4.9576099210823,273.6558158016854,1065
1403.0,4437,849,2,0,15.016098546765974,5.024115393283751,273.93928348739655,1096
1404.0,4437,0,2,2,14.959368449351295,5.160018030200586,274.2960908139276,1121
1405.0,4440,0,3,0,14.921246792019048,5.240990990990991,274.52289995248515,1141
1406.0,4442,0,4,2,14.876166354308522,5.374831157136425,274.7860079561228,1162
1407.0,4442,0,2,2,14.829259450362825,5.472760018009906,275.14605132613764,1182
1408.0,4445,0,4,1,14.767310966496645,5.612823397075365,275.3283235851058,1208
1409.0,4446,0,2,1,14.710220294508506,5.792172739541161,275.6383350490123,1243
1410.0,4448,0,4,2,14.661168288177166,5.97931654676259,275.91834144747907,1260
1411.0,4448,0,2,2,14.59895430374998,6.0959982014388485,276.33551413345447,1279
1412.0,4448,0,3,3,14.549780050056683,6.23898381294964,276.73752323005925,1289
1413.0,4451,0,3,0,14.505639147198009,6.408672208492473,276.9875814715224,1308
1414.0,4453,0,2,0,14.45916083444393,6.5064001796541655,277.30175012779694,1317
1415.0,4455,0,4,2,14.4128968803985,6.6141414141414145,277.5442291361729,1310
1416.0,4455,0,2,2,14.38774844024146,6.731313131313131,277.9521302818895,1332
1417.0,4454,0,0,1,14.347385171345712,6.8866187696452625,278.4148174821797,1352
1418.0,4456,0,3,1,14.311952912662095,7.050718132854578,278.7182732701564,1378
1419.0,4457,0,3,2,14.27018186283332,7.256226161094907,279.0507812732611,1407
1420.0,4457,0,3,3,14.235825728480243,7.422481489791339,279.4750669560252,1420
1421.0,4462,0,5,0,14.18668517273206,7.6069027341999105,279.61782301693506,1437
1422.0,4467,0,5,0,14.150675111023936,7.787105439892545,279.7637540275082,1454
1423.0,4466,0,0,1,14.09783328810567,7.9838781907747425,280.2805056761065,1471
1424.0,4467,0,3,2,14.060815727177408,8.181553615401835,280.54899093176704,1479
1425.0,4469,0,4,2,14.045789325441556,8.37726560751846,280.8800317100463,1497
1426.0,4472,0,4,1,14.00909143886665,8.567084078711986,281.1249519682203,1516
1427.0,4470,0,0,2,13.991090561457636,8.82013422818792,281.7093815935011,1535
1428.0,4470,0,4,4,13.953284196629449,9.046308724832215,282.13997058205354,1556
1429.0,4470,0,3,3,13.930652430918514,9.3082774049217,282.47465114961693,1569
1430.0,4472,0,2,0,13.895837534345683,9.543828264758497,282.82151824639527,1579
1431.0,4472,0,3,3,13.856297216953697,9.818202146690519,283.14491932959567,1587
1432.0,4472,0,1,1,13.830077938608806,10.053667262969588,283.5696420321508,1595
1433.0,4472,0,1,1,13.802614357036484,10.275491949910554,283.9729669781373,1606
1434.0,4474,0,3,1,13.787184090358055,10.536209208761735,284.2323831385093,1619
1435.0,4476,0,3,1,13.764148222238425,10.8266309204647,284.55426337762253,1631
1436.0,4479,0,3,0,13.737127018478354,11.123241795043537,284.8465053875999,1658
1437.0,4481,0,2,0,13.707244553005323,11.402811872349922,285.2037293610048,1663
1438.0,4481,0,2,2,13.677762500317694,11.686900245480919,285.67924708083285,1680
1439.0,4480,0,1,2,13.645388810220144,11.983482142857143,286.22197551109804,1685
1440.0,4482,0,2,0,13.631690260886023,12.24810352521196,286.58412431536703,1699
1441.0,4488,0,8,2,13.701466283705024,10.800802139037433,286.6471769022485,1519
1442.0,4491,0,4,1,13.808296153581175,9.88733021598753,286.90099162198646,1401
1443.0,4489,0,1,3,13.944353943415546,9.271998217865894,287.2655136000412,1310
1444.0,4493,0,4,0,14.13704929119622,8.782550634320053,287.4654145958806,1241
1445.0,4493,0,0,0,14.300312227565623,8.417983529935455,287.91031216037294,1189
1446.0,4496,0,3,0,14.484482587564353,8.123443060498222,288.15099967601327,1153
1447.0,4494,0,0,2,14.648041817810755,7.911882510013351,288.6290396625254,1123
1448.0,4497,0,3,0,14.80553148997775,7.70913942628419,288.8484559482743,1091
1449.0,4497,0,1,1,14.928430581297468,7.562819657549477,289.2240632012751,1068
1450.0,4500,0,3,0,15.032835541427358,7.4784444444444444,289.4283475016482,1051
1451.0,4502,0,3,1,15.10981335191498,7.420257663260773,289.6591559313137,1047
1452.0,4506,0,4,0,15.192672398648371,7.349312028406569,289.7889292750569,1041
1453.0,4509,0,4,1,15.23554656766425,7.33754712796629,289.8589647161419,1034
1454.0,4512,0,5,2,15.291106503624324,7.212544326241135,290.0215535907324,1018
1455.0,4519,0,8,1,15.352102581785228,7.136313343660102,289.90292801390507,1010
1456.0,4522,0,3,0,15.397184331182023,7.05484298982751,290.08477667866396,1008
1457.0,4527,0,6,1,15.439203086618104,6.979898387453059,290.13313335326075,992
1458.0,4528,0,1,0,15.466376550966084,6.91386925795053,290.43959989403186,979
1459.0,4532,0,4,0,15.509647519433301,6.8574580759046775,290.55135248837723,972
1460.0,4537,0,5,0,15.557617951304811,6.825214899713467,290.5978555874706,970
1461.0,4541,0,6,2,15.577487183682102,6.7740585774058575,290.6606124294809,961
1462.0,4544,0,4,1,15.61613679885111,6.787852112676056,290.78104159601395,959
1463.0,4543,0,0,1,15.628807858964375,6.754567466431873,291.1699351461576,964
1464.0,4545,0,3,1,15.625033220208772,6.721892189218922,291.3990560517382,958
1465.0,4546,0,2,1,15.634137151754956,6.709194896612407,291.5590574906446,961
1466.0,4549,0,5,2,15.634326944173065,6.7049901077159815,291.6573206365348,962
1467.0,4550,0,2,1,15.630618063932145,6.737582417582417,291.9489986706341,970
1468.0,4551,0,2,1,15.624248598944535,6.733025708635465,292.22698564999496,977
1469.0,4554,0,4,1,15.637243338771288,6.734958278436539,292.356467499017,982
1470.0,4553,0,2,3,15.620449278769778,6.731166264001757,292.76068887250216,971
1471.0,4556,0,3,0,15.624969179485406,6.71729587357331,292.9339006830656,963
1472.0,4558,0,3,1,15.617726224410475,6.705792014041246,293.13508588187767,961
1473.0,4558,0,4,4,15.59585671422769,6.7297060114085125,293.1171670902006,975
1474.0,4557,0,1,2,15.562995830147905,6.738424402018872,293.5145082511056,964
1475.0,4556,0,2,3,15.5317057591482,6.75702370500439,293.90530881607356,970
1476.0,4560,0,4,0,15.510791796222069,6.839692982456141,294.0210238411712,984
1477.0,4560,0,0,0,15.481043787539729,6.840350877192982,294.3976038306786,988
1478.0,4565,0,5,0,15.44839417990005,6.838773274917854,294.4534178945604,1000
1479.0,4565,0,2,2,15.424727824873326,6.858707557502738,294.8187734367368,1009
1480.0,4566,0,2,1,15.387930946187337,6.876697328077092,295.1186487267255,1014
1481.0,4569,0,3,0,15.350677725088815,6.910264828189976,295.3095868956966,1037
1482.0,4571,0,3,1,15.317375918594959,6.928024502297091,295.5386435993853,1042
1483.0,4574,0,3,0,15.271372127594494,7.004372540445999,295.73454200756873,1067
1484.0,4579,0,6,1,15.228422651837036,7.077964621096309,295.77227798548074,1082
1485.0,4580,0,2,1,15.17024372027718,7.203493449781659,296.0609986806006,1103
1486.0,4579,0,1,2,15.119200160315106,7.245905219480236,296.4900753902309,1110
1487.0,4580,0,1,0,15.069008144842035,7.2829694323144105,296.8272402601857,1114
1488.0,4580,0,2,2,15.013611121749081,7.314192139737991,297.2155157708007,1130
1489.0,4583,0,4,1,14.973957571677817,7.427012873663539,297.359223176935,1144
1490.0,4587,0,4,0,14.956731249686083,7.544146500981033,297.508711164864,1175
1491.0,4588,0,3,2,14.931018317647752,7.6246730601569315,297.838689785865,1189
1492.0,4591,0,4,1,14.891364458039092,7.6954911783925075,298.04829205736246,1207
1493.0,4594,0,5,2,14.845874569008512,7.867871136264693,298.141541822136,1227
1494.0,4597,0,5,2,14.806395417563222,7.992386338916685,298.33955167309955,1236
1495.0,4600,0,3,0,14.752969496435458,8.101086956521739,298.56569556058696,1247
1496.0,4600,0,2,2,14.694348577387624,8.255434782608695,298.89627271624386,1257
1497.0,4606,0,6,0,14.65359574780581,8.389057750759878,298.93418047315174,1277
1498.0,4607,0,2,1,14.618033754631153,8.571955719557195,299.25344199382045,1300
1499.0,4613,0,6,0,14.55561516513169,8.718621287665293,299.2970070875073,1326
1500.0,4614,0,2,1,14.505871885815978,8.898569570871262,299.63097444018956,1349
1501.0,4615,0,3,2,14.466489310518911,9.014084507042254,299.98436829254774,1376
1502.0,4615,0,3,3,14.453565819031498,9.138244853737811,300.39017826721465,1398
1503.0,4617,0,4,2,14.41963434073781,9.303876976391596,300.6458487941243,1414
1504.0,4621,0,4,0,14.396345845453105,9.42566544038087,300.8299820166605,1434
1505.0,4622,0,4,3,14.359771503916518,9.584379056685417,301.11906069647074,1443
1506.0,4627,0,5,0,14.348846361852098,9.706937540523016,301.241457467648,1454
1507.0,4630,0,6,3,14.331566537771089,9.864794816414687,301.44940541163305,1465
1508.0,4631,0,2,1,14.306281788341778,10.022025480457785,301.6847108076669,1470
1509.0,4631,0,1,1,14.284794370327033,10.223277909738718,302.0859378088346,1488
1510.0,4636,0,5,0,14.254449237729911,10.387834339948231,302.2131831976201,1500
1511.0,4638,0,6,4,14.217396833289985,10.541612764122467,302.4324180298509,1511
1512.0,4643,0,6,1,14.224831219543066,10.756622873142366,302.5075425193045,1528
1513.0,4645,0,5,3,14.194861681617963,10.948116254036599,302.6974637197631,1533
1514.0,4644,0,0,1,14.16838840263058,11.163652024117141,303.20215023686535,1554
1515.0,4646,0,3,1,14.134331394212326,11.371287128712872,303.51602769675935,1568
1516.0,4649,0,4,1,14.112882382127209,11.572596257259626,303.6798334000146,1582
1517.0,4650,0,1,0,14.078431996255802,11.783870967741935,304.0783754874086,1596
1518.0,4652,0,3,1,14.04475518555563,12.006018916595012,304.4109203213489,1604
1519.0,4654,0,3,1,14.022771229050187,12.233992264718522,304.70647477415775,1626
1520.0,4655,0,2,1,14.003305729484117,12.480128893662728,305.00752418869376,1651
1521.0,4658,0,3,0,13.980803038218006,12.722198368398454,305.2818886371769,1659
1522.0,4661,0,4,1,13.98228832793951,12.974039905599657,305.4537637640406,1675
1523.0,4662,0,2,1,13.952696582461215,13.246675246675247,305.71851680905615,1695
1524.0,4658,0,0,4,13.90156737254652,13.525547445255475,306.28720820462445,1715
1525.0,4657,0,0,1,13.889356207535002,13.78183379858278,306.82790631007623,1717
1526.0,4660,0,7,4,13.865629193679013,14.040557939914162,306.9125212902781,1723
1527.0,4663,0,3,0,13.853083484289897,14.2974479948531,307.19532276746776,1729
1528.0,4667,0,6,2,13.829484582284952,14.527748017998714,307.3865550987246,1742
1529.0,4669,0,2,0,13.798649905955106,14.807667594774042,307.73898785938957,1759
1530.0,4671,0,4,2,13.774205362945514,15.02761721258831,307.8017809647073,1768
1531.0,4675,0,4,0,13.83063467990272,13.610909090909091,308.0197118125835,1590
1532.0,4676,0,1,0,13.91000729727143,12.741231822070146,308.42857313671897,1484
1533.0,4677,0,2,1,14.040244170458166,12.181526619627967,308.80802724140284,1415
1534.0,4677,0,0,0,14.196345812943855,11.708146247594613,309.2633286406464,1346
1535.0,4682,0,6,1,14.386845443790882,11.330200768902179,309.33379065109483,1281
1536.0,4684,0,4,2,14.56215094726395,11.02263023057216,309.48116661537455,1223
1537.0,4686,0,3,1,14.710580757221773,10.750960307298335,309.59690174032534,1178
1538.0,4688,0,3,1,14.838301094909193,10.584257679180887,309.83309796515243,1148
1539.0,4690,0,2,0,14.936111107599027,10.403837953091685,310.10573690174164,1131
1540.0,4695,0,5,0,15.022265008838845,10.30713525026624,310.1749641823252,1120
1541.0,4695,0,1,1,15.095682289575974,10.30926517571885,310.5332808831894,1116
1542.0,4692,0,1,4,15.148226472082245,10.30306905370844,310.9582276242579,1119
1543.0,4696,0,6,2,15.207355268371701,10.232325383304941,311.01477136353867,1110
1544.0,4699,0,5,2,15.24095457602237,10.141945094701,311.0602512761008,1109
1545.0,4700,0,3,2,15.26572913514866,10.121489361702128,311.36861458104914,1111
1546.0,4698,0,2,4,15.279589277284323,10.098339719029374,311.8016194007221,1097
1547.0,4701,0,3,0,15.297828248290202,9.96936821952776,311.98554746570693,1081
1548.0,4700,0,2,3,15.307978637041549,9.890638297872341,312.3623745379873,1068
1549.0,4703,0,4,1,15.306098744723531,9.815224324899,312.53408709327095,1059
1550.0,4706,0,4,1,15.30166348165179,9.796217594560137,312.70156715144395,1060
1551.0,4708,0,3,1,15.280736820295814,9.822429906542055,312.9304912916829,1068
1552.0,4709,0,1,0,15.242210623001416,9.824378849012529,313.2472128396084,1064
1553.0,4713,0,4,0,15.21941259756255,9.8011882028432,313.3655287153324,1068
1554.0,4716,0,4,1,15.224697412102795,9.78498727735369,313.5358935240047,1071
1555.0,4718,0,3,1,15.201221317718433,9.7490462060195,313.78298290085024,1066
1556.0,4722,0,4,0,15.18786956279896,9.730834392206692,313.9028356795336,1064
1557.0,4727,0,5,0,15.160000229007345,9.716310556378252,313.95795739365894,1066
1558.0,4731,0,4,0,15.14139170450616,9.755231452124287,314.08047425522847,1078
1559.0,4733,0,3,1,15.124114858346736,9.74793999577435,314.2191899385889,1092
1560.0,4733,0,1,1,15.100025778882445,9.698711176843439,314.4140794007773,1096
1561.0,4733,0,2,2,15.063288455361942,9.664905979294316,314.6801329704556,1091
1562.0,4733,0,3,3,15.038855957768861,9.675258821043736,314.87635151934234,1108
1563.0,4736,0,3,0,15.0051392083755,9.6796875,315.0753924322405,1114
1564.0,4734,0,1,3,14.953295030416037,9.633079847908744,315.56831130902754,1112
1565.0,4736,0,2,0,14.928705100049859,9.640625,315.8386016275198,1112
1566.0,4735,0,2,3,14.883855962386905,9.668426610348469,316.23163155994877,1118
1567.0,4737,0,4,2,14.837462884481745,9.776229681232849,316.4273839714669,1154
1568.0,4739,0,4,2,14.798073186626434,9.81705001055075,316.629452593639,1165
1569.0,4738,0,0,1,14.748060545873845,9.866188265090756,317.0291340685164,1186
1570.0,4738,0,2,2,14.708248797421975,9.930561418319966,317.36080377309713,1207
1571.0,4743,0,6,1,14.655114161305082,9.940543959519292,317.39681596201996,1231
1572.0,4744,0,3,2,14.58356232866657,10.05185497470489,317.65823260731344,1236
1573.0,4743,0,0,1,14.525417147463779,10.11596036263968,318.14420953790864,1243
1574.0,4746,0,4,1,14.465163304581514,10.187526337968816,318.31965494126854,1270
1575.0,4747,0,2,1,14.41693902527173,10.243943543290499,318.5067042213251,1287
1576.0,4748,0,2,1,14.3605837978518,10.210825610783488,318.79837800265915,1284
1577.0,4747,0,0,1,14.2998883618045,10.238466399831472,319.17780393165737,1288
1578.0,4747,0,3,3,14.25930366063499,10.303981461975985,319.5632892162773,1296
1579.0,4749,0,3,1,14.233977585388406,10.36765634870499,319.81607519233313,1320
1580.0,4751,0,3,1,14.20401050765937,10.41338665544096,320.04795197097525,1333
1581.0,4754,0,3,0,14.182094827673275,10.497055111485066,320.28791073910105,1348
1582.0,4757,0,4,1,14.15381708362778,10.584401933992012,320.4938422460807,1364
1583.0,4759,0,3,1,14.114957987941878,10.660432864047069,320.753117572557,1392
1584.0,4765,0,6,0,14.095919559927955,10.774186778593913,320.79641164930473,1403
1585.0,4766,0,5,4,14.059061642144385,10.883969785984053,320.9123915100781,1418
1586.0,4768,0,4,2,14.030290947269918,10.993708053691275,321.1308741613575,1442
1587.0,4768,0,2,2,13.975221880561765,11.132130872483222,321.4912565638305,1472
1588.0,4769,0,3,2,13.921856132432005,11.308869784021807,321.8245512490187,1493
1589.0,4772,0,3,0,13.885988284908434,11.445515507124895,322.07872762279493,1500
1590.0,4774,0,2,0,13.833537028508715,11.613741097612065,322.4038518893961,1519
1591.0,4775,0,1,0,13.789557530893267,11.715392670157067,322.7992090567004,1537
1592.0,4781,0,6,0,13.75118845932448,11.815938088266053,322.8594995153941,1544
1593.0,4784,0,3,0,13.716455900466844,11.946697324414716,323.1247920956854,1565
1594.0,4783,0,1,2,13.680642870467974,12.133389086347481,323.5275727337765,1586
1595.0,4783,0,2,2,13.658656960078359,12.226426928705834,323.8826938488632,1581
1596.0,4783,0,1,1,13.628065935858398,12.358770646038051,324.3001894090183,1604
1597.0,4784,0,2,1,13.603568454662014,12.478678929765886,324.6919917016283,1605
1598.0,4786,0,3,1,13.570478640859205,12.62432093606352,324.84865017588254,1631
1599.0,4788,0,5,3,13.559770653753418,12.784252297410193,325.1251965385854,1642
1600.0,4792,0,4,0,13.562389214062028,12.9860183639399,325.33430700697164,1661
1601.0,4793,0,3,2,13.559842885794922,13.198414354266639,325.6729365849483,1674
1602.0,4794,0,3,2,13.526120278394606,13.41677096370463,325.8793098338508,1683
1603.0,4795,865,2,1,13.52471615372558,13.61021897810219,326.2891322943607,1696
1604.0,4796,0,3,2,13.516502547181776,13.793786488740617,326.56240350536984,1698
1605.0,4795,0,1,2,13.509858704726703,13.953910323253389,326.9552246520549,1706
1606.0,4797,0,5,3,13.479786902379837,14.175526370648322,327.1837254212277,1715
1607.0,4802,0,5,0,13.466509201147586,14.384006663890046,327.3324537689648,1730
1608.0,4803,0,2,1,13.43844508425762,14.574432646262752,327.7425159391275,1749
1609.0,4806,0,4,1,13.431015573263355,14.802330420307948,328.01304358461624,1749
1610.0,4806,0,1,1,13.39549439748939,15.021847690387016,328.4936280095618,1762
1611.0,4808,0,2,0,13.370502998492892,15.226289517470882,328.8541471638919,1782
1612.0,4811,0,3,0,13.363391061530788,15.498025358553315,329.1468078171951,1807
1613.0,4813,0,3,1,13.34462613152548,15.735092457926449,329.391723272837,1824
1614.0,4817,0,4,0,13.330236825460455,15.946647290844924,329.6175567128928,1841
1615.0,4817,0,1,1,13.313894824799448,16.175420386132448,330.1147561973995,1846
1616.0,4819,0,4,2,13.29118395129465,16.3967628138618,330.415480471673,1871
1617.0,4822,0,3,0,13.27399247994449,16.603276648693488,330.71235820711223,1877
1618.0,4822,0,2,2,13.24260648519183,16.83969307341352,331.0310391461864,1885
1619.0,4824,0,2,0,13.218920761931148,17.12313432835821,331.3990172412568,1889
1620.0,4823,0,2,3,13.17604669848464,17.39290897781464,331.78862073385903,1907
1621.0,4825,0,3,1,13.235603083039207,16.004352331606217,332.1427808341191,1727
1622.0,4829,0,5,1,13.344127660493482,15.086560364464692,332.33312327742334,1601
1623.0,4832,0,4,1,13.475383721339321,14.441225165562914,332.5604904916208,1521
1624.0,4837,0,5,0,13.655165864009746,13.88960099235063,332.69107043385543,1446
1625.0,4840,0,3,0,13.843984683651858,13.50413223140496,332.9472456209868,1402
1626.0,4844,0,4,0,14.007888813118782,13.125928984310487,333.1236725539311,1355
1627.0,4846,0,3,1,14.146323558292773,12.87721832439125,333.41104146354905,1312
1628.0,4846,0,1,1,14.268170179538256,12.611019397441188,333.78688825155984,1284
1629.0,4846,0,3,3,14.355872482661267,12.369583161370203,333.96783200612145,1268
1630.0,4846,0,2,2,14.41623291038912,12.183450268262485,334.3542563983225,1252
1631.0,4848,0,3,1,14.471942259468834,12.022277227722773,334.62866698386034,1236
1632.0,4849,0,2,1,14.506163063879331,11.888430604248299,334.96862737422146,1242
1633.0,4849,0,0,0,14.521265131093037,11.8158383171788,335.38315284565704,1247
1634.0,4854,0,6,1,14.549534236262993,11.699011124845489,335.41827318236005,1249
1635.0,4854,0,2,2,14.567122559891525,11.564688916357643,335.67085013457233,1247
1636.0,4852,0,1,3,14.570502332795824,11.48330585325639,336.1465293291344,1245
1637.0,4852,0,3,3,14.586321015795624,11.435078318219292,336.5097488327988,1246
1638.0,4855,0,5,2,14.60924300272906,11.324613800205974,336.4597613205196,1244
1639.0,4858,0,3,0,14.62675530300377,11.168999588307946,336.6592377818494,1235
1640.0,4860,0,2,0,14.625547858599901,11.039506172839506,336.92802024139166,1226
1641.0,4862,0,3,1,14.63622138286543,10.962566844919786,337.14125975069675,1221
1642.0,4862,0,2,2,14.623803149608129,10.90538872891814,337.5409415517874,1225
1643.0,4862,0,3,3,14.607899064097886,10.81406828465652,337.79625081356744,1211
1644.0,4863,0,1,0,14.585296452048565,10.740489409829323,338.13551780179944,1209
1645.0,4865,0,2,0,14.555016671748366,10.623432682425488,338.4066405647234,1217
1646.0,4866,0,2,1,14.541600420738886,10.620838471023427,338.729263367708,1216
1647.0,4868,0,2,0,14.53729456366259,10.60620377978636,339.0003062536314,1225
1648.0,4872,0,5,1,14.538208480972662,10.422824302134647,339.11345940743445,1222
1649.0,4875,0,4,1,14.521160934865959,10.319589743589743,339.277154392358,1212
1650.0,4876,0,1,0,14.506358159439603,10.206316652994257,339.620628023568,1206
1651.0,4879,0,5,2,14.488588770615552,10.197376511580241,339.8060266418523,1211
1652.0,4878,0,2,3,14.456519122606204,10.16379663796638,340.1135479213251,1217
1653.0,4878,0,3,3,14.427278870879304,10.076875768757688,340.40232793270695,1222
1654.0,4879,0,3,2,14.404428064744458,10.006353761016602,340.62155257491037,1210
1655.0,4880,0,1,0,14.385028157420493,9.956352459016394,340.97154836218255,1222
1656.0,4881,0,1,0,14.360956665106292,9.893054701905347,341.32251300246554,1220
1657.0,4883,0,3,1,14.355506981657445,9.873233667827156,341.55824437671623,1230
1658.0,4884,0,4,3,14.32369599942932,9.823710073710073,341.7343209578384,1239
1659.0,4885,0,1,0,14.294381887906443,9.768679631525076,342.0879602555448,1257
1660.0,4887,0,4,2,14.247242467683911,9.737262124002456,342.29278166102785,1266
1661.0,4890,0,3,0,14.201540036123365,9.83640081799591,342.5104359901469,1271
1662.0,4894,0,5,1,14.169109419953557,9.872088271352677,342.6568147759277,1279
1663.0,4892,0,1,3,14.141882153165396,9.883892068683565,343.170709941429,1286
1664.0,4891,0,3,4,14.079312614244948,9.88264158658761,343.5464269649983,1294
1665.0,4896,0,6,1,14.038428478088269,9.94424019607843,343.50661276384335,1306
1666.0,4899,0,4,1,13.985323367746826,9.926923862012655,343.72526287115704,1332
1667.0,4903,0,5,1,13.938205610408785,9.951254334081176,343.7386278768459,1340
1668.0,4906,0,5,2,13.895495147951896,9.95352629433347,343.90913500450625,1358
1669.0,4905,0,2,3,13.844873926644429,9.998369011213049,344.247990577846,1381
1670.0,4905,0,1,1,13.78494458135899,10.016309887869522,344.63825414090735,1400
1671.0,4909,0,5,1,13.76690836150035,10.148910165003056,344.759009230205,1429
1672.0,4909,0,1,1,13.733738788547267,10.232633937665513,345.1545385249452,1437
1673.0,4912,0,4,1,13.673842019948767,10.316978827361563,345.39473125886997,1469
1674.0,4913,0,2,1,13.64394362483653,10.452473030734785,345.77883962983674,1484
1675.0,4916,0,3,0,13.599565658091937,10.57160292921074,346.0296079854455,1495
1676.0,4919,0,4,1,13.562111026001583,10.740394389103477,346.2718208772337,1525
1677.0,4926,0,7,0,13.531755231915245,10.841250507511166,346.2461858543463,1540
1678.0,4930,0,5,1,13.502595188510284,11.005679513184583,346.36254841722297,1575
1679.0,4933,0,4,1,13.470270638526156,11.175146969389823,346.6106648239503,1592
1680.0,4932,0,1,2,13.41487178134407,11.341849148418492,347.1184356801823,1607
1681.0,4936,0,7,3,13.38238021130984,11.486831442463533,347.11279243280177,1621
1682.0,4939,0,3,0,13.347984720537777,11.634541405142741,347.3797991162463,1638
1683.0,4940,0,3,2,13.308079856538976,11.76497975708502,347.70432990713346,1670
1684.0,4943,0,3,0,13.28469305822769,11.895609953469553,347.97521118922333,1658
1685.0,4945,0,3,1,13.257624658177857,12.00040444893832,348.31205358560675,1683
1686.0,4946,0,2,1,13.214598789135426,12.149211484027497,348.7207036573626,1695
1687.0,4951,0,8,3,13.190161171982703,12.301151282569178,348.7081935312832,1699
1688.0,4954,0,4,1,13.164089294782814,12.421073879693177,348.9427540568947,1710
1689.0,4956,0,4,2,13.154021540680299,12.545197740112995,349.13315595782694,1733
1690.0,4962,0,6,0,13.140864982706375,12.696694881096333,349.2029115342469,1738
1691.0,4964,0,3,1,13.131338569801544,12.838638195004028,349.5434633522654,1741
1692.0,4967,0,3,0,13.112929401871895,12.992148177974633,349.8278092426159,1750
1693.0,4968,0,1,0,13.083597999284017,13.168478260869565,350.2549140974386,1766
1694.0,4967,0,2,3,13.070488049154417,13.351520032212603,350.5632885575549,1785
1695.0,4971,0,6,2,13.061989786192585,13.526252263126132,350.7407067079066,1797
1696.0,4972,0,6,5,13.030874632089628,13.72747385358005,350.9840000783025,1812
1697.0,4973,0,1,0,13.011552475516499,13.980293585360949,351.41751344050766,1847
1698.0,4976,0,4,1,12.988340553685797,14.209606109324758,351.6960476714211,1855
1699.0,4982,0,6,0,12.96960541156296,14.426535527900441,351.77870198257204,1874
1700.0,4983,0,2,1,12.923465340625754,14.659241420830824,352.09483856239234,1886
1701.0,4983,0,2,2,12.89000928752071,14.8930363234999,352.57771486133294,1898
1702.0,4984,0,2,1,12.875873593642517,15.190609951845907,353.01561351038964,1923
1703.0,4988,0,4,0,12.847419953121122,15.417802726543705,353.2471142362978,1933
1704.0,4989,0,3,2,12.82254900553301,15.686710763680097,353.6725575616373,1956
1705.0,4990,0,3,2,12.798716556886102,15.938276553106212,354.0981302814736,1971
1706.0,4990,0,1,1,12.777870096535874,16.202204408817636,354.6043047062921,1984
1707.0,4991,0,4,3,12.74336029248573,16.453215788419154,354.9887352784493,1995
1708.0,4995,0,4,0,12.730517817073684,16.711111111111112,355.22601896431974,2009
1709.0,4998,0,5,2,12.699020253549161,16.95578231292517,355.4939855301157,2019
1710.0,4998,0,2,2,12.638083741352656,17.18607442977191,355.8802567765285,2022
1711.0,4998,0,3,3,12.671071396889396,15.747298919567827,356.2026235039699,1828
1712.0,5000,0,4,2,12.7620410816742,14.7682,356.4636657604652,1687
1713.0,5003,0,4,1,12.889008270454928,14.0629622226664,356.70785253759556,1591
1714.0,5005,0,4,2,13.031769715306842,13.546053946053947,356.9943024884346,1515
1715.0,5006,0,3,2,13.177905319354872,13.170994806232521,357.25891238215917,1463
1716.0,5008,0,3,1,13.335384143862058,12.800519169329073,357.57097434568567,1425
1717.0,5006,0,2,4,13.466588735075877,12.534358769476627,358.02131210149054,1404
1718.0,5005,0,2,3,13.599049324601483,12.283316683316682,358.4390104838858,1363
1719.0,5006,0,1,0,13.716016338190189,12.08629644426688,358.8169710629119,1354
1720.0,5008,0,3,1,13.7997577970312,11.879992012779553,359.08715195656094,1344
1721.0,5007,0,1,2,13.861441710734852,11.758138605951668,359.5753157615744,1318
1722.0,5009,0,2,0,13.912151397622416,11.636454382112198,359.8684362901306,1313
1723.0,5011,0,3,1,13.963462398796016,11.50608660945919,360.07100664065274,1312
1724.0,5012,0,2,1,14.008715928738322,11.318635275339187,360.41135580196413,1293
1725.0,5015,0,3,0,14.058386895184318,11.188434695912264,360.623295501299,1284
1726.0,5019,0,6,2,14.08716235284573,11.066547120940426,360.7208857608081,1287
1727.0,5022,0,3,0,14.10239345071291,10.932098765432098,360.92984215691786,1280
1728.0,5024,0,2,0,14.10919476414223,10.836783439490446,361.20916107021804,1275
1729.0,5027,0,3,0,14.108490722487439,10.730455540083549,361.41634518052854,1270
1730.0,5027,0,1,1,14.09754910474891,10.603938730853391,361.8126864657819,1266
1731.0,5026,0,1,2,14.10292160427286,10.323119777158775,362.2866752661752,1252
1732.0,5027,0,1,0,14.095072874283792,10.30773821364631,362.6371573318181,1264
1733.0,5030,0,5,2,14.090137336862401,10.12624254473161,362.6305183026633,1255
1734.0,5030,0,2,2,14.076117633392975,10.135188866799204,363.0428645783901,1280
1735.0,5031,0,3,2,14.07616871812267,10.007354402703239,363.30965826837684,1280
1736.0,5034,0,4,1,14.053342919780624,9.906038935240366,363.50622240927544,1283
1737.0,5034,0,2,2,14.048640630877962,9.892133492252682,363.66451953654126,1297
1738.0,5038,0,4,0,14.023533790405518,9.783048828900357,363.80095796170554,1289
1739.0,5042,0,7,3,14.01266987177816,9.714002380007933,363.7163276375753,1296
1740.0,5044,0,3,1,13.987950265393126,9.617961934972245,363.99686373300204,1285
1741.0,5043,0,2,3,13.95690628915079,9.548086456474321,364.3254608266792,1289
1742.0,5049,0,6,0,13.94021734080595,9.495345612992672,364.3219394672543,1290
1743.0,5047,0,1,3,13.916247882288719,9.44303546661383,364.70561817620137,1298
1744.0,5052,0,5,0,13.925677176796011,9.367577197149643,364.77575558254176,1284
1745.0,5052,0,3,3,13.905864608908924,9.38974663499604,365.0834310747093,1297
1746.0,5052,0,1,1,13.893025283372454,9.456848772763262,365.46100038876654,1304
1747.0,5055,0,5,2,13.87448010896296,9.408704253214639,365.6338598602232,1313
1748.0,5059,0,4,0,13.859904592606721,9.497133820913223,365.7797940505674,1320
1749.0,5061,0,3,1,13.814819420585042,9.539814265955345,366.00879893344154,1321
1750.0,5065,0,4,0,13.778032037344568,9.516683119447187,366.1604025812786,1328
1751.0,5065,0,1,1,13.71287212201033,9.542546890424482,366.5946105263626,1353
1752.0,5066,0,3,2,13.639470111359024,9.533754441373866,366.8414235672886,1349
1753.0,5070,0,5,1,13.607120088536247,9.562721893491124,366.8428491870465,1362
1754.0,5071,0,3,2,13.551606334585578,9.601262078485506,366.93037744253155,1380
1755.0,5076,0,6,1,13.507629337655692,9.612293144208039,366.98644690093323,1413
1756.0,5077,0,2,1,13.46492986681326,9.55347646247784,367.3648183255478,1406
1757.0,5076,0,1,2,13.409499660950209,9.508274231678486,367.75798491775316,1422
1758.0,5078,0,4,2,13.36518225116507,9.50649862150453,367.9289903800835,1442
1759.0,5083,0,5,0,13.32335248450467,9.513869761951604,368.03607108473784,1468
1760.0,5081,0,0,2,13.284709579108142,9.516630584530605,368.568604803449,1489
1761.0,5083,0,3,1,13.248726295305747,9.565217391304348,368.83558275782815,1516
1762.0,5086,0,5,2,13.230520546710032,9.708218639402281,369.02710372491583,1538
1763.0,5087,0,3,2,13.208589434990909,9.844505602516218,369.26807065609324,1581
1764.0,5089,0,5,3,13.162371543719507,9.965612104539202,369.5252081796023,1593
1765.0,5088,0,1,2,13.140256281988067,10.12244496855346,369.92847021607037,1615
1766.0,5090,0,2,0,13.109454253501495,10.277406679764244,370.2655615767595,1635
1767.0,5092,0,4,2,13.068380568749127,10.46700706991359,370.3805658338346,1657
1768.0,5095,0,5,2,13.038482071554684,10.635328753680078,370.5927122664428,1684
1769.0,5100,0,6,1,12.992662951756945,10.799411764705882,370.60855455700676,1705
1770.0,5102,0,4,2,12.9496045623453,10.977851822814582,370.85334654889385,1723
1771.0,5103,0,4,3,12.927561809223095,11.121301195375269,371.2106696515534,1734
1772.0,5106,0,5,2,12.900430644688184,11.257344300822561,371.3727792626336,1746
1773.0,5108,0,4,2,12.869148033960784,11.425802662490211,371.6582460990867,1765
1774.0,5106,0,1,3,12.835063029826035,11.525264394829613,372.16713578815956,1778
1775.0,5109,0,4,1,12.812406467755432,11.644157369348209,372.39512171396984,1787
1776.0,5109,0,2,2,12.783844421617543,11.82462321393619,372.8201027147723,1795
1777.0,5108,0,1,2,12.754616798098061,12.017032106499608,373.38351657472407,1820
1778.0,5110,0,4,2,12.731461961141864,12.206262230919766,373.671446608071,1831
1779.0,5111,0,2,1,12.720850308021214,12.441400900019566,374.0432525871759,1855
1780.0,5113,0,4,2,12.69403300988281,12.660082143555643,374.35687301308997,1867
1781.0,5116,0,5,2,12.673611370222897,12.838154808444097,374.52509336778604,1883
1782.0,5119,0,3,0,12.649877407226013,12.920687634303574,374.81520347677485,1900
1783.0,5123,0,5,1,12.643832437358071,13.047433144641811,374.98657921131,1920
1784.0,5130,0,8,1,12.636029332476975,13.175633528265108,374.9292114141335,1926
1785.0,5130,0,3,3,12.613779885428855,13.320272904483431,375.3690250022658,1941
1786.0,5130,0,0,0,12.588912928054048,13.569005847953216,375.8833786346136,1955
1787.0,5128,0,3,5,12.554723237344959,13.80226209048362,376.1939843809948,1983
1788.0,5130,0,6,4,12.53009421079449,13.993957115009746,376.3395947838199,1996
1789.0,5131,0,1,0,12.5131056797941,14.214967842525823,376.7848276435907,2009
1790.0,5132,0,3,2,12.48120843792716,14.433749025720967,377.0199024168497,2020
1791.0,5134,0,4,2,12.454164686031595,14.638098948188548,377.36165922218754,2033
1792.0,5136,0,2,0,12.422928835678535,14.84559968847352,377.7381040043846,2045
1793.0,5138,0,4,2,12.375774153098014,15.067146749708058,378.02579746875455,2058
1794.0,5139,0,3,2,12.340161496736833,15.287799182720374,378.40459434885224,2074
1795.0,5139,0,1,1,12.312053628821701,15.56450671336836,378.80350058117386,2089
1796.0,5140,0,2,1,12.27671947086874,15.839688715953308,379.2481698342457,2104
1797.0,5144,0,5,1,12.242638259715026,16.073678071539657,379.48318711356575,2128
1798.0,5143,0,2,3,12.20482289593376,16.37993389072526,379.95090583633214,2142
1799.0,5143,0,0,0,12.177719904913575,16.64145440404433,380.49004020581367,2158
1800.0,5144,0,3,2,12.145874485039888,16.904160186625194,380.9082063196779,2178
1801.0,5147,0,4,1,12.204112483658859,15.430736351272586,381.2170274737235,1983
1802.0,5147,0,1,1,12.297174978395754,14.445502234311249,381.74198001667673,1844
1803.0,5150,1207,3,0,12.429636012570352,13.710679611650486,382.04069993504663,1756
1804.0,5153,0,5,2,12.573548687088117,13.068115660780128,382.1096065672873,1682
1805.0,5157,0,5,1,12.728983989530716,12.524723676556137,382.22282375927665,1609
1806.0,5160,0,4,1,12.899522108123403,12.143023255813954,382.4854812073141,1564
1807.0,5162,0,2,0,13.0295286465117,11.842309182487408,382.81557784828703,1529
1808.0,5166,0,5,1,13.1633945031809,11.522260936895083,382.9476569565813,1487
1809.0,5169,0,6,3,13.283042917378129,11.3085703230799,383.1373572497652,1469
1810.0,5172,0,4,1,13.386928722954226,11.140177880897138,383.3602289216949,1448
1811.0,5174,0,2,0,13.487482298775351,10.982605334364129,383.66144104322836,1427
1812.0,5175,0,2,1,13.558792845327869,10.905314009661836,383.94703292555624,1421
1813.0,5178,0,3,0,13.614476232762232,10.774430281962147,384.1663111989149,1404
1814.0,5179,0,2,1,13.653068624199717,10.613052712878934,384.45628275753637,1382
1815.0,5180,0,2,1,13.688842288785711,10.484942084942086,384.797195882017,1368
1816.0,5182,0,2,0,13.719850679823903,10.304322655345427,385.08311456738926,1347
1817.0,5182,0,2,2,13.747043693521105,10.251833269008104,385.4923103076565,1339
1818.0,5180,0,1,3,13.750074973065475,10.159073359073359,386.05977644658526,1337
1819.0,5182,0,2,0,13.764275964771336,10.023157082207641,386.34177734975543,1331
1820.0,5185,0,4,1,13.779319169175915,9.946576663452266,386.53462193855313,1333
1821.0,5186,0,2,1,13.784153395867717,9.855765522560741,386.8859858436256,1314
1822.0,5189,0,5,2,13.791076534845459,9.818462131431875,387.0718174668444,1318
1823.0,5194,0,6,1,13.790959802220744,9.68867924528302,387.1236292956062,1303
1824.0,5194,0,1,1,13.77633101548779,9.6184058529072,387.50356966532104,1312
1825.0,5197,0,6,3,13.782426734759111,9.478160477198383,387.51815938320703,1304
1826.0,5196,0,0,1,13.77941030877416,9.354695919938415,387.9912613018419,1303
1827.0,5200,0,5,1,13.782232860884783,9.291153846153847,388.11438258147456,1311
1828.0,5202,0,4,2,13.79441898769056,9.170703575547867,388.3242605789246,1313
1829.0,5199,0,0,3,13.771304508558718,9.105212540873245,388.9574544173514,1308
1830.0,5200,0,3,2,13.746698166703771,9.050192307692308,389.13998644763825,1310
1831.0,5201,0,4,3,13.709384210111583,8.987886944818305,389.33078583592425,1315
1832.0,5201,0,3,3,13.686611035740475,8.969236685252836,389.524960287507,1324
1833.0,5203,0,3,1,13.635220884970188,8.95387276571209,389.73394876202605,1326
1834.0,5206,0,6,3,13.596995945937099,8.938340376488666,389.6413954391315,1326
1835.0,5211,0,5,0,13.55389483504741,8.96872001535214,389.7098326342332,1338
1836.0,5214,0,7,4,13.50530215920077,8.965285769083238,389.5758311532036,1349
1837.0,5212,0,2,4,13.471964866579219,8.992133537989256,389.9027567474205,1370
1838.0,5212,0,3,3,13.452953946855787,9.006907137375288,390.2854386116043,1383
1839.0,5213,0,4,3,13.439999242235936,9.059083061576827,390.33641006917316,1393
1840.0,5217,0,7,3,13.421996210322398,9.086448150277938,390.14758433874107,1413
1841.0,5221,0,5,1,13.391915958722246,9.046925876268913,390.2283939703476,1425
1842.0,5225,0,4,0,13.37185082361318,9.053971291866029,390.3834067194648,1434
1843.0,5230,0,6,1,13.370314244961547,9.085850860420651,390.44831954895176,1439
1844.0,5234,0,5,1,13.337972958233044,9.140427970959113,390.5390558784079,1453
1845.0,5234,0,3,3,13.29367790415539,9.242453190676347,390.8396734218937,1483
1846.0,5236,0,2,0,13.263110622339806,9.213903743315509,391.15217076419134,1489
1847.0,5236,0,1,1,13.217853742372954,9.2133307868602,391.53776966091965,1488
1848.0,5238,0,3,1,13.193457698870674,9.290378006872853,391.7723434041004,1517
1849.0,5237,0,0,1,13.163696624052907,9.373305327477564,392.2904120994789,1530
1850.0,5238,0,3,2,13.125778682146004,9.430889652539138,392.5049674027261,1548
1851.0,5241,0,3,0,13.106377245976837,9.472238122495707,392.75173342603995,1572
1852.0,5241,0,5,5,13.077180052553244,9.581377599694715,392.9578853473987,1601
1853.0,5241,0,4,4,13.06029864747603,9.703873306620874,393.1288161657178,1619
1854.0,5243,0,6,4,13.04185643338558,9.864009155063895,393.3878568962016,1642
1855.0,5243,0,4,4,13.0254469631472,10.006484836925424,393.6082410298368,1666
1856.0,5245,0,3,1,13.014472638065145,10.17807435653003,393.87115356625935,1688
1857.0,5246,0,6,5,12.970329371529328,10.32195958825772,394.11971378190134,1701
1858.0,5252,0,6,0,12.935968589315792,10.488385376999238,394.1515321644938,1723
1859.0,5254,0,4,2,12.884867321204682,10.646174343357442,394.4171462096979,1741
1860.0,5256,0,3,1,12.841204779151875,10.805365296803654,394.7317807530123,1758
1861.0,5258,0,4,2,12.805398084264876,10.952643590718905,394.94125771582344,1768
1862.0,5262,0,4,0,12.76734516477834,11.117445838084379,395.1323786284781,1805
1863.0,5261,0,1,2,12.729088350538426,11.313438509789014,395.638354467922,1821
1864.0,5263,0,4,2,12.689920326804568,11.424472734182025,395.90549371132755,1826
1865.0,5266,0,3,0,12.653646687100048,11.598556779339157,396.17855459783374,1857
1866.0,5270,0,5,1,12.625569191618048,11.767931688804554,396.3531748868922,1867
1867.0,5271,0,2,1,12.595469835056967,11.92676911402011,396.7780060494871,1878
1868.0,5270,0,3,4,12.554493889778877,12.136432637571158,397.22782265987024,1891
1869.0,5270,0,3,3,12.53123355286825,12.308918406072106,397.71445961164045,1903
1870.0,5273,0,4,1,12.517900408407634,12.495543333965484,397.98824607626767,1926
1871.0,5275,0,5,3,12.493139652259558,12.656872037914692,398.28205320524705,1929
1872.0,5273,0,1,3,12.441677284893512,12.879764839749669,398.6504320486268,1949
1873.0,5276,0,3,0,12.426958661738901,13.094768764215315,398.93832064622836,1961
1874.0,5275,0,1,2,12.40301689816849,13.280379146919431,399.4148469753588,1984
1875.0,5279,0,4,0,12.383642356160696,13.43758287554461,399.63021335295105,2002
1876.0,5281,0,4,2,12.364276822869302,13.595720507479644,399.9638310868076,2003
1877.0,5284,0,5,2,12.349464584792322,13.789742619227857,400.24760375764623,2029
1878.0,5287,0,4,1,12.317309639232585,13.957253641006242,400.53596841227437,2031
1879.0,5295,0,8,0,12.289532414917465,14.1561850802644,400.45389298083126,2050
1880.0,5299,0,5,1,12.261174939845642,14.461219097943008,400.67103513037625,2085
1881.0,5298,0,1,2,12.223159165703313,14.71593053982635,401.1889417322401,2102
1882.0,5302,0,5,1,12.21630870886371,14.953602414183328,401.40838648665823,2115
1883.0,5306,0,4,0,12.193138039544124,15.195062193742933,401.63570266885824,2131
1884.0,5309,0,3,0,12.160052514819322,15.406479563006215,401.9403331152708,2144
1885.0,5313,0,6,2,12.151473494862348,15.623753058535668,401.96566258527577,2160
1886.0,5317,0,6,2,12.113726938594855,15.829038931728418,402.02201036734994,2169
1887.0,5315,0,0,2,12.076854491616515,16.10159924741298,402.5227469324604,2180
1888.0,5320,0,6,1,12.061979039456805,16.331015037593986,402.5866226909893,2195
1889.0,5326,0,6,0,12.04260800660331,16.59312805107022,402.6723850461144,2215
1890.0,5327,0,4,3,12.012410290965954,16.874225642951004,402.94698325129383,2236
1891.0,5328,0,2,1,12.060281546127854,15.468093093093094,403.381462160163,2038
1892.0,5328,0,0,0,12.156873314353941,14.588025525525525,403.9119137190484,1900
1893.0,5331,0,3,0,12.311192964592397,13.945413618458076,404.20487749476564,1793
1894.0,5335,0,5,1,12.477157252971843,13.394376757263355,404.3365201757891,1717
1895.0,5341,0,6,0,12.662147504390218,12.993072458341135,404.37918305379395,1658
1896.0,5342,0,4,3,12.827104949044699,12.689254960688881,404.7313575754949,1602
1897.0,5341,0,1,2,12.991028812391814,12.422954502902078,405.1918093607773,1556
1898.0,5345,0,4,0,13.154604881345742,12.150420954162769,405.3542966321231,1528
1899.0,5346,0,2,1,13.259960134411205,11.977553310886645,405.7323094427701,1522
1900.0,5348,0,4,2,13.35980466679005,11.889491398653702,405.9453443839942,1508
1901.0,5350,0,3,1,13.435465959586436,11.901495327102804,406.1701964931821,1506
1902.0,5354,0,4,0,13.493963329738742,11.87075084049309,406.31025834109795,1511
1903.0,5356,0,3,1,13.550060223242038,11.790515309932786,406.594533060083,1500
1904.0,5360,0,5,1,13.60012729238035,11.719029850746269,406.7256664850703,1496
1905.0,5361,0,2,1,13.63102517622792,11.652676739414288,407.0795694080545,1481
1906.0,5361,0,2,2,13.663605330352233,11.61089349002052,407.49013938408467,1474
1907.0,5360,0,2,3,13.677073081684588,11.587873134328358,407.9219040109929,1466
1908.0,5359,0,0,1,13.690890435289003,11.488710580332151,408.34205837855643,1448
1909.0,5357,0,1,3,13.704062293508654,11.431211498973306,408.86043777370713,1450
1910.0,5360,0,5,2,13.720059102864049,11.281902985074627,409.0519344342068,1438
1911.0,5363,0,3,0,13.740091258282334,11.035800857728884,409.25083258099045,1414
1912.0,5367,0,4,0,13.73794166781803,10.959381404881684,409.3739490565551,1410
1913.0,5367,0,2,2,13.730205442980473,10.818893236444941,409.72645303556845,1415
1914.0,5370,0,3,0,13.718153038544338,10.631098696461825,409.9271680572914,1399
1915.0,5374,0,4,0,13.699517305652678,10.404540379605509,410.0516243983375,1402
1916.0,5376,0,2,0,13.699456426532382,10.283296130952381,410.3289906868631,1408
1917.0,5378,0,3,1,13.682955636074485,10.103384157679434,410.48102087897263,1399
1918.0,5382,0,4,0,13.662848958948233,9.899665551839465,410.60806800663863,1386
1919.0,5383,0,3,2,13.643913756677327,9.72041612483745,410.8833959320187,1379
1920.0,5387,0,5,1,13.63057594417327,9.551512901429367,410.99007098538647,1391
1921.0,5388,0,2,1,13.62192941720468,9.35059391239792,411.32552894231753,1383
1922.0,5390,0,3,1,13.606331687143498,9.191094619666048,411.50665135474213,1380
1923.0,5392,0,6,4,13.577421556261527,9.11646884272997,411.54945396583827,1375
1924.0,5389,0,2,5,13.540987983516768,9.091297086658008,411.86044792078644,1376
1925.0,5393,0,6,2,13.538231442047422,9.079362136102356,411.8571845311154,1394
1926.0,5397,0,5,1,13.52203726393892,9.043542708912359,411.9737122378429,1397
1927.0,5397,0,1,1,13.483203512157042,9.014823049842505,412.41317487150474,1414
1928.0,5400,0,5,2,13.46597704571271,8.997777777777777,412.4662435443991,1435
1929.0,5403,0,4,1,13.420150154600256,9.027947436609292,412.5976517319014,1457
1930.0,5405,0,2,0,13.375569034935989,9.075115633672526,412.89883338259284,1469
1931.0,5409,0,4,0,13.341326303352712,9.081345904973192,413.0494536311749,1483
1932.0,5411,0,2,0,13.322489297999347,9.112363703566809,413.35455808722736,1489
1933.0,5411,0,1,1,13.275675371721487,9.146368508593605,413.8112456561401,1502
1934.0,5415,0,5,1,13.240871151045576,9.166389658356417,413.82077072932566,1523
1935.0,5418,0,5,2,13.192737723046516,9.251199704688077,413.93263963785483,1543
1936.0,5420,0,2,0,13.161100309937394,9.226014760147601,414.24705814478364,1556
1937.0,5426,0,7,1,13.12526070992411,9.258016955399926,414.251480696421,1561
1938.0,5427,0,2,1,13.084013428151593,9.313432835820896,414.4903842859686,1566
1939.0,5430,0,3,0,13.060129538879465,9.351381215469614,414.7332656230737,1569
1940.0,5430,0,1,1,13.03632273612973,9.426519337016575,415.0173250743374,1593
1941.0,5433,0,3,0,13.009313295936892,9.540033130866924,415.26319266902016,1607
1942.0,5433,0,2,2,12.964526685877713,9.671268175961716,415.62034918872564,1636
1943.0,5440,0,7,0,12.948290154926061,9.803492647058823,415.56282934567065,1665
1944.0,5439,0,2,3,12.898619274489887,9.943004228718515,415.8796695969594,1685
1945.0,5442,0,3,0,12.867584076152037,10.092613009922822,416.13115377256867,1716
1946.0,5441,0,2,3,12.808477819214627,10.28524168351406,416.4516510548843,1724
1947.0,5445,0,6,2,12.772381631873483,10.449954086317723,416.62033605050414,1765
1948.0,5445,0,3,3,12.729656566206117,10.639853076216713,416.86204418097174,1788
1949.0,5447,0,4,2,12.684574896118342,10.825041307141547,417.13384670235104,1807
1950.0,5449,0,4,2,12.643068185506634,11.028629106258029,417.35096433116877,1842
1951.0,5451,0,4,2,12.599008259695214,11.122362869198312,417.6284598699951,1859
1952.0,5452,0,4,3,12.574848510173327,11.296038151137198,417.90747735585296,1877
1953.0,5453,0,4,3,12.541879523706232,11.484870713368787,418.25362030191565,1890
1954.0,5457,0,4,0,12.537736500875987,11.60546087593916,418.4484244324631,1903
1955.0,5462,0,7,2,12.533431131438611,11.730135481508604,418.452714592572,1926
1956.0,5466,0,4,0,12.529444000645684,11.891877058177826,418.64990233418604,1956
1957.0,5469,0,4,1,12.512330943096512,12.038398244651672,418.9204538235786,1962
1958.0,5475,0,6,0,12.497273778548333,12.237260273972602,418.96715068605727,1979
1959.0,5478,0,4,1,12.469262265792882,12.400693683826214,419.1663345515393,1994
1960.0,5480,0,3,1,12.455013581053395,12.60602189781022,419.49492294035474,2013
1961.0,5487,0,7,0,12.455366454025892,12.763258611262986,419.46993514588297,2028
1962.0,5487,0,4,4,12.42095243822693,12.9640969564425,419.77930636295775,2039
1963.0,5488,0,3,2,12.404590013769992,13.12554664723032,420.09995397020765,2056
1964.0,5490,0,4,2,12.39405627882906,13.268123861566485,420.33948740549147,2062
1965.0,5492,0,3,1,12.378611887512085,13.453932993445012,420.6557346903528,2077
1966.0,5497,0,6,1,12.385629164868265,13.603783882117519,420.68783692540285,2086
1967.0,5496,0,0,1,12.357655825221842,13.825509461426492,421.1389962863757,2099
1968.0,5503,0,7,0,12.347315802998331,14.0196256587316,421.1244373665101,2113
1969.0,5512,0,10,1,12.356242099619731,14.19466618287373,420.81015076608475,2121
1970.0,5514,0,4,2,12.337743629569035,14.426187885382662,421.15350320015693,2134
1971.0,5517,0,5,2,12.336002895165493,14.611020482146094,421.2361227124146,2149
1972.0,5520,0,4,1,12.312815135404412,14.804166666666667,421.3056815354536,2162
1973.0,5518,0,1,3,12.283292903558618,15.053098948894528,421.8659871673017,2179
1974.0,5519,0,3,2,12.269825253330822,15.27903605725675,422.1977376269469,2181
1975.0,5525,0,6,0,12.26817470238016,15.502081447963802,422.2653899741108,2195
1976.0,5523,0,1,3,12.255097443649962,15.73691834148108,422.6488240434458,2201
1977.0,5523,0,2,2,12.242008558627191,15.923230128553323,423.08744035926804,2207
1978.0,5526,0,3,0,12.239915902994236,16.183496199782844,423.38705586634234,2217
1979.0,5528,0,3,1,12.213780381715122,16.42239507959479,423.71292409450217,2237
1980.0,5526,0,2,4,12.19181566900377,16.65960912052117,424.3125311161623,2246
1981.0,5527,0,4,3,12.252633174987217,15.371268319160485,424.5665223012556,2057
1982.0,5534,0,7,0,12.357750835816171,14.569569931333575,424.5515717207344,1931
1983.0,5533,0,1,2,12.466142272793336,14.05873847822158,425.104061568203,1840
1984.0,5537,0,5,1,12.591350209440996,13.597796640780206,425.26603523940923,1769
1985.0,5537,0,2,2,12.721339487713974,13.258623803503703,425.535789904732,1722
1986.0,5535,0,3,5,12.850615896929066,13.008310749774164,426.02708659949315,1671
1987.0,5535,0,2,2,12.981654263374248,12.741282746160795,426.1843096862805,1637
1988.0,5539,0,5,1,13.096377836257135,12.49070229283264,426.26746461202356,1611
1989.0,5538,0,0,1,13.183053025197903,12.319609967497291,426.8072321537944,1615
1990.0,5537,0,2,3,13.257069791703831,12.253025103846849,427.26867880451016,1601
1991.0,5538,0,2,1,13.304652134512533,12.193029974720115,427.63248326697914,1603
1992.0,5541,0,5,2,13.350163701764256,12.107561811947303,427.7534502281499,1587
1993.0,5546,0,6,1,13.377077753384855,11.979084024522178,427.81603013767256,1571
1994.0,5548,0,3,1,13.403262271025696,11.897801009372747,428.0890588768469,1565
1995.0,5548,0,2,2,13.433417094162259,11.772530641672676,428.41200136482087,1558
1996.0,5550,0,4,2,13.463801465228974,11.7209009009009,428.57953158987135,1565
1997.0,5555,0,5,0,13.47745459180777,11.702430243024303,428.63703708088747,1561
1998.0,5554,0,1,2,13.480556888357036,11.705257472092185,429.00861055628025,1559
1999.0,5554,0,2,2,13.47752153773486,11.687432481094707,429.43969241983837,1557
2000.0,5557,0,5,2,13.483791410113245,11.504588806910203,429.5584539149577,1523
2001.0,5561,0,4,0,13.482895612936758,11.426002517532817,429.6909104262106,1518
2002.0,5564,0,4,1,13.463812128495668,11.373112868439971,429.83165707552627,1533
2003.0,5567,1179,3,0,13.444407732612616,11.308424645230824,430.0420002079163,1521
2004.0,5568,0,2,1,13.443341403088509,11.289511494252874,430.29711498662533,1528
2005.0,5566,0,0,2,13.427243330862057,11.201401365432986,430.72100591579346,1504
2006.0,5567,0,3,2,13.424455329420878,11.098616849290462,430.9802080443048,1499
2007.0,5566,0,2,3,13.392532285274532,10.968738771110313,431.4787420589788,1486
2008.0,5569,0,4,1,13.366102346827104,10.889028550906806,431.6889751246026,1484
2009.0,5567,0,0,2,13.3301502385415,10.75857733069876,432.13256731275936,1484
2010.0,5568,0,3,2,13.312092264214105,10.657686781609195,432.3005395221916,1477
2011.0,5572,0,6,2,13.300492268265435,10.52997128499641,432.29401971786217,1485
2012.0,5577,0,5,0,13.287268736596497,10.417428725121033,432.3556386467331,1479
2013.0,5580,0,5,2,13.263487850642157,10.366129032258064,432.47050088206333,1476
2014.0,5582,0,3,1,13.23747162207824,10.34915800788248,432.7557074389943,1480
2015.0,5581,0,1,2,13.201877434169619,10.393836230066297,433.16264994639374,1496
2016.0,5581,0,0,0,13.180986283840879,10.39276115391507,433.6163363585279,1503
2017.0,5584,0,4,1,13.155011147056388,10.403474212034384,433.8303970806427,1509
2018.0,5585,0,2,1,13.119637021887526,10.451745747538048,434.1251643849154,1526
2019.0,5586,0,3,2,13.088582591436314,10.480128893662728,434.4553742523138,1530
2020.0,5588,0,3,1,13.035693226659244,10.552075876879027,434.7217558179624,1554
2021.0,5590,0,4,2,12.988240353401581,10.591949910554561,434.93584456614815,1564
2022.0,5591,0,2,1,12.941363793493833,10.636201037381506,435.318642964495,1563
2023.0,5592,0,3,2,12.906487475673057,10.611945636623748,435.60837618866384,1572
2024.0,5596,0,4,0,12.858487642571369,10.658684774839172,435.7694969197519,1602
2025.0,5597,0,3,2,12.789274112979886,10.737537966767912,436.042907852472,1616
2026.0,5600,0,4,1,12.72739031473436,10.658035714285715,436.2501034313941,1626
2027.0,5605,0,7,2,12.678325646812192,10.693487957181087,436.072622595116,1639
2028.0,5607,0,3,1,12.62421956830246,10.805956839664704,436.39517237844734,1672
2029.0,5607,0,2,2,12.569073226044704,10.891029070804352,436.8742983993507,1703
2030.0,5607,0,1,1,12.508620898095325,10.966827180310327,437.3646904877333,1719
2031.0,5611,0,6,2,12.480604243994417,11.062555694172161,437.4248746596485,1745
2032.0,5614,0,5,2,12.456864002786041,11.161204132525828,437.62316209522277,1772
2033.0,5615,0,3,2,12.41118848393192,11.281211041852181,437.95104011312685,1806
2034.0,5618,0,5,2,12.381048678827405,11.410288358846564,438.02720572079494,1835
2035.0,5621,0,5,2,12.339372650084863,11.59437822451521,438.0671059364393,1869
2036.0,5626,0,6,1,12.310906791099658,11.760931389975115,438.180397238555,1887
2037.0,5631,0,5,0,12.281104065786048,11.924524951163203,438.2981668944027,1917
2038.0,5634,0,3,0,12.260739695122483,12.111466098686545,438.5723411278647,1949
2039.0,5639,0,6,1,12.235464827302946,12.295087781521547,438.59514569548827,1969
2040.0,5638,0,0,1,12.186989386072277,12.492195814118482,439.18145628925464,1983
2041.0,5640,0,3,1,12.151466173950922,12.62482269503546,439.42675461554234,1979
2042.0,5644,0,5,1,12.12048775982644,12.80421686746988,439.60560527792416,1991
2043.0,5648,0,5,1,12.079411081333737,12.94564447592068,439.7349768614595,1998
2044.0,5648,0,1,1,12.0534195703531,13.072415014164307,440.2469298464465,2004
2045.0,5649,0,3,2,12.025784165935491,13.213135068153656,440.6808320514559,2016
2046.0,5651,0,3,1,12.017217634612512,13.35232702176606,440.96640981444216,2037
2047.0,5654,0,4,1,12.00929431632778,13.517509727626459,441.2513022547681,2052
2048.0,5658,0,4,0,11.997101701163329,13.684164015553199,441.4619611899783,2061
2049.0,5664,0,7,1,11.978807214921854,13.82715395480226,441.5166404767089,2068
2050.0,5670,0,6,0,11.972532933152106,14.030335097001764,441.574609983556,2093
2051.0,5675,0,6,1,11.97126794331959,14.189251101321586,441.70701910861453,2104
2052.0,5678,0,4,1,11.940186201989702,14.364388869320184,441.92701470971775,2112
2053.0,5679,0,4,3,11.915045861770103,14.575805599577391,442.0830873613622,2136
2054.0,5679,0,3,3,11.86792869862127,14.808064800140869,442.57398320266947,2164
2055.0,5683,0,4,0,11.84178897768336,15.01038184057716,442.796008853304,2177
2056.0,5684,0,4,3,11.79928163631454,15.298205489092188,443.16168087036175,2207
2057.0,5687,0,4,1,11.773029655870916,15.512220854580622,443.31047716173117,2230
2058.0,5691,0,5,1,11.73964012417484,15.770866280091372,443.4966765180622,2248
2059.0,5698,0,7,0,11.70345374515618,15.94998244998245,443.4932867282622,2265
2060.0,5702,0,5,1,11.668145750879662,16.17467555243774,443.72289464080376,2290
2061.0,5706,0,5,1,11.648532031045072,16.42937259025587,443.8032883171927,2306
2062.0,5707,0,2,1,11.599779231381932,16.688102330471352,444.2617764119315,2345
2063.0,5705,0,0,2,11.559289725887243,16.95723049956179,444.73623987789944,2346
2064.0,5707,0,4,2,11.52227995477954,17.24513755037673,445.0247976633939,2364
2065.0,5710,0,5,2,11.495342075046185,17.512609457092818,445.18854005372765,2387
2066.0,5712,0,2,0,11.455116980465327,17.776960784313726,445.5888013635765,2395
2067.0,5715,0,4,1,11.423096602365359,18.010148731408574,445.8912409149831,2406
2068.0,5715,0,0,0,11.385189427216732,18.291863517060367,446.4510284336912,2421
2069.0,5717,0,3,1,11.350309391179158,18.611509532971837,446.8464588175242,2446
2070.0,5717,0,3,3,11.31160668212885,18.90362078012944,447.2641905200651,2451
2071.0,5719,0,3,1,11.364527521615228,17.689631054380136,447.58362123322155,2262
2072.0,5721,0,4,2,11.464228456882367,16.89634679251879,447.9517448044262,2119
2073.0,5721,0,1,1,11.572654811372772,16.328439084076212,448.4101587655878,2014
2074.0,5719,0,1,3,11.718231976647981,15.813079209652036,448.9790938126169,1920
2075.0,5719,0,2,2,11.868486292373458,15.466340269277845,449.45881109483156,1840
2076.0,5719,0,1,1,12.035953370434836,15.112607099143206,449.93261929269664,1798
2077.0,5721,0,3,1,12.194828983162187,14.929208180388043,450.16354224681345,1743
2078.0,5725,0,5,1,12.333074211462552,14.761921397379913,450.3248722618025,1718
2079.0,5729,0,5,1,12.434418574308763,14.628381916564846,450.48659925568563,1689
2080.0,5732,0,5,2,12.544364635453237,14.564026517794836,450.5291615771535,1675
2081.0,5731,0,1,2,12.619620121557382,14.582271854824638,450.94598588541817,1668
2082.0,5735,0,4,0,12.68290048114066,14.500261551874456,451.1027641839088,1657
2083.0,5737,0,3,1,12.732252253945653,14.429492766254139,451.3649725818216,1646
2084.0,5739,0,4,2,12.785360688401783,14.290991461927165,451.49271927398917,1633
2085.0,5743,0,6,2,12.827639559362114,14.23019327877416,451.6176651222069,1626
2086.0,5747,0,4,0,12.877941980091661,14.185314076909693,451.7626542220898,1627
2087.0,5749,0,3,1,12.89037883289271,14.125065228735432,452.030613010047,1615
2088.0,5751,0,3,1,12.886762366983628,14.058946270213875,452.31424611731325,1599
2089.0,5754,0,4,1,12.90468750014918,13.996176572818909,452.4116660362544,1589
2090.0,5757,0,3,0,12.919336180910843,13.955358693764113,452.6318074879921,1593
2091.0,5761,0,5,1,12.90381740867586,13.913903836139559,452.74551938737864,1584
2092.0,5763,0,2,0,12.892584562700698,13.829255596043728,453.0453943679576,1579
2093.0,5763,0,4,4,12.87251305028619,13.787784140204755,453.1887427331322,1575
2094.0,5761,0,1,3,12.8402478147863,13.740496441590002,453.67804464183536,1573
2095.0,5762,0,2,1,12.828371526803533,13.613328705310655,454.05414372569,1560
2096.0,5763,0,1,0,12.835320922747364,13.572618427902134,454.4349694906185,1562
2097.0,5765,0,2,0,12.830289155892125,13.468343451864701,454.7372440562831,1553
2098.0,5767,0,4,2,12.812269074317642,13.44009016819837,454.9653726972714,1559
2099.0,5771,0,6,2,12.807547974461622,13.344654306012822,455.07388768862637,1543
2100.0,5774,0,4,1,12.782576729718022,13.338067197783166,455.27724526432854,1544
2101.0,5775,0,3,2,12.783625751203264,13.316017316017316,455.48212929542154,1551
2102.0,5775,0,3,3,12.7757619564898,13.28987012987013,455.69439993134097,1545
2103.0,5777,0,4,2,12.757692962390204,13.284576769949801,455.81036917152943,1547
2104.0,5783,0,6,0,12.7513841644314,13.276327165830883,455.8022649385545,1553
2105.0,5782,0,3,4,12.728332395435283,13.310446212383258,456.1268785083755,1560
2106.0,5782,0,2,2,12.705539970557508,13.338464199239018,456.4643819482804,1563
2107.0,5785,0,4,1,12.690092377255379,13.355920484010372,456.6553812699927,1570
2108.0,5783,0,1,3,12.667184772355617,13.365208369358465,457.2515205503327,1582
2109.0,5782,0,1,2,12.631242279590262,13.397267381528883,457.7140557477703,1608
2110.0,5783,0,1,0,12.593661049204144,13.443195573231886,458.1090902153974,1618
2111.0,5785,0,5,3,12.556022378231345,13.551080380293863,458.31905995603023,1646
2112.0,5790,0,6,1,12.526836556622516,13.597236614853195,458.39759765218145,1658
2113.0,5792,0,4,2,12.482004350701137,13.666954419889503,458.6153935540109,1673
2114.0,5792,0,4,4,12.434596357741773,13.691470994475138,458.8972385502783,1686
2115.0,5792,0,3,3,12.37711487952467,13.768473756906078,459.31283630951157,1698
2116.0,5791,0,1,2,12.311702649912853,13.783629770333276,459.8098166220874,1698
2117.0,5791,0,0,0,12.262057977421556,13.828008979450873,460.30334941919483,1715
2118.0,5791,0,3,3,12.22735948570973,13.866689690899673,460.5429847882623,1719
2119.0,5789,0,1,3,12.192839123306856,13.943686301606496,460.89803824728835,1741
2120.0,5790,0,2,1,12.158751453375958,14.015198618307426,461.19923369558353,1761
2121.0,5794,0,7,3,12.14194293796159,14.073696927856403,461.1267095498487,1791
2122.0,5794,0,2,2,12.111979387457389,14.160165688643424,461.5831795958914,1819
2123.0,5794,0,2,2,12.079868543044308,14.308595098377632,461.9431815006287,1846
2124.0,5795,0,3,2,12.064945026939547,14.462985332182916,462.3364345193718,1883
2125.0,5797,0,3,1,12.062599245208014,14.60548559599793,462.6715407845879,1917
2126.0,5800,0,4,1,12.055102961685435,14.758620689655173,462.92448277580985,1944
2127.0,5803,0,4,1,12.039135140413,14.89970704807858,463.1857043002087,1971
2128.0,5805,0,2,0,12.024870474712372,15.096640826873385,463.534354176424,1991
2129.0,5808,0,3,0,12.002125351401045,15.264118457300276,463.8047512492293,2013
2130.0,5811,0,4,1,11.978428613934783,15.510927551196007,464.0706470295261,2037
2131.0,5811,0,3,3,11.955362906699094,15.690930992944416,464.48961897584087,2056
2132.0,5812,0,4,3,11.930686185349668,15.881452167928424,464.8120350799872,2068
2133.0,5815,0,6,3,11.916027577502296,16.091315563198624,465.06655881149817,2103
2134.0,5819,0,6,2,11.896911511920718,16.260182161883485,465.07646042056825,2112
2135.0,5818,0,3,4,11.858926330035633,16.45187349604675,465.28905933746535,2130
2136.0,5821,0,5,2,11.831853591226507,16.605050678577562,465.56432139758016,2143
2137.0,5827,0,7,1,11.815317765850494,16.758881070876953,465.37908063177605,2161
2138.0,5828,0,2,1,11.801527125387972,16.944406314344544,465.8220098839857,2178
2139.0,5834,0,7,1,11.777548080074803,17.104388069934863,465.8655543827852,2188
2140.0,5838,0,4,0,11.758422231564612,17.300445357999315,466.07606645231607,2203
2141.0,5844,0,8,2,11.71810557853256,17.525667351129364,465.9413845701378,2218
2142.0,5848,0,5,1,11.679065619413407,17.73700410396717,466.111972387209,2237
2143.0,5854,0,6,0,11.671990787166195,17.96651861974718,466.16892354463266,2262
2144.0,5853,0,3,4,11.65312139697469,18.184862463693833,466.62500733505453,2283
2145.0,5851,0,1,3,11.624009117560202,18.418560929755596,467.3070625481936,2308
2146.0,5855,0,5,1,11.610130875989459,18.672245943637915,467.52407351732705,2332
2147.0,5857,0,5,3,11.572546084685397,18.926925046952366,467.7841903544362,2346
2148.0,5860,0,4,1,11.557193785939335,19.168430034129692,467.92753446323485,2350
2149.0,5864,0,6,2,11.539658675981391,19.451909959072307,468.113313248593,2368
2150.0,5862,0,1,3,11.514899667852372,19.729273285568066,468.60899058082947,2378
2151.0,5863,0,3,2,11.490330806230766,20.03786457444994,469.05330716619306,2401
2152.0,5861,0,3,5,11.453828206032922,20.320934994028324,469.39001341027284,2417
2153.0,5863,0,2,0,11.436541286164958,20.609926658707145,469.7787129869757,2425
2154.0,5867,0,6,2,11.431750101940079,20.89807397306971,469.8405615234313,2442
2155.0,5871,0,5,1,11.412106197506757,21.189746210185657,470.065693247439,2457
2156.0,5873,0,2,0,11.388817819441117,21.488506725693853,470.45880864822504,2462
2157.0,5878,0,5,0,11.370136687791325,21.78802313712147,470.6128492380828,2479
2158.0,5879,0,4,3,11.360700388481336,22.125701649940467,470.93965704326826,2487
2159.0,5880,0,2,1,11.339311504327547,22.42704081632653,471.256263221199,2489
2160.0,5880,0,0,0,11.314470939289338,22.74608843537415,471.81559486059484,2505
2161.0,5884,0,4,0,11.361699996093762,21.577838205302516,472.05056457229637,2313
2162.0,5886,0,2,0,11.449825584797088,20.854400271831466,472.4397586377455,2177
2163.0,5888,0,3,1,11.55728922475641,20.369565217391305,472.8166930313938,2082
2164.0,5890,0,3,1,11.686780412471698,19.942275042444823,473.183226311142,1992
2165.0,5895,0,6,1,11.831981088072782,19.643087362171332,473.22124870413785,1929
2166.0,5897,0,3,1,11.988850297261996,19.365100898762083,473.55358561819946,1876
2167.0,5900,0,7,4,12.147450448561077,19.12186440677966,473.53308285841314,1825
2168.0,5903,0,4,1,12.270841133174821,18.87582585126207,473.7494746969399,1791
2169.0,5905,0,3,1,12.386883542638444,18.747163420829807,473.98470188477853,1768
2170.0,5903,0,2,4,12.482971675521885,18.703032356428935,474.3460267648292,1755
2171.0,5907,0,6,2,12.569001479798631,18.59082444557305,474.3105099024486,1734
2172.0,5911,0,5,1,12.633261790298178,18.53645745220775,474.4580830432649,1731
2173.0,5914,0,4,1,12.692589893285769,18.44386202231992,474.65564376849096,1723
2174.0,5912,0,0,2,12.726138332466954,18.37280108254398,475.26752007050936,1711
2175.0,5915,0,5,2,12.780500758396498,18.322231614539305,475.44828265947245,1704
2176.0,5918,0,3,0,12.820847736065174,18.245860087867523,475.6661262035748,1681
2177.0,5924,0,6,0,12.85372974985974,18.103646185010128,475.64129818348886,1674
2178.0,5924,0,1,1,12.882690130396904,17.918804861580014,476.01362258981595,1637
2179.0,5926,0,3,1,12.912579701602331,17.860107998650015,476.2676133169717,1618
2180.0,5926,0,0,0,12.919649913005571,17.789740128248397,476.72054685598545,1612
2181.0,5927,0,3,2,12.927401223740274,17.747595748270626,476.86098778591355,1616
2182.0,5930,0,3,0,12.918320379664475,17.741483979763913,477.07168153180675,1613
2183.0,5933,0,4,1,12.9120574721034,17.686330692735545,477.16520045649145,1603
2184.0,5935,0,2,0,12.902462139959182,17.64111204717776,477.4574626900172,1609
2185.0,5936,0,4,3,12.884212636694546,17.599393530997304,477.78094101210735,1604
2186.0,5936,0,3,3,12.872443887716582,17.483827493261455,478.1095179934795,1589
2187.0,5940,0,5,1,12.86037011916278,17.428114478114477,478.13561190885315,1589
2188.0,5942,0,3,1,12.852660386087132,17.376304274655,478.33715988634384,1587
2189.0,5942,0,2,2,12.83749404751008,17.30982834062605,478.5652148234227,1580
2190.0,5944,0,3,1,12.823135709352842,17.25151413189771,478.85666327044277,1585
2191.0,5942,0,4,6,12.800634741626387,17.229720632783575,478.84905976790503,1595
2192.0,5949,0,9,2,12.803380523977753,17.1880988401412,478.6365710808211,1604
2193.0,5954,0,5,0,12.7872335363207,17.146792072556266,478.6942546346556,1602
2194.0,5954,0,2,2,12.776665184690804,17.182230433322136,478.9607281264084,1613
2195.0,5957,0,6,3,12.759250420460193,17.181635051200267,478.92927232043536,1615
2196.0,5958,0,3,2,12.736359016774724,17.191171534071835,479.1369223928824,1623
2197.0,5957,0,1,2,12.703781600021488,17.259022998153434,479.66354660619965,1629
2198.0,5958,0,2,1,12.686050275087972,17.29154078549849,479.9305734635223,1639
2199.0,5960,0,2,0,12.663979213571546,17.335906040268455,480.23702674814183,1654
2200.0,5966,0,6,0,12.628483035562098,17.373952396915858,480.22364827050006,1669
2201.0,5968,0,2,0,12.60301676373289,17.417225201072387,480.5338746589726,1679
2202.0,5971,0,3,0,12.571377046784542,17.52771730028471,480.7663973296616,1711
2203.0,5973,0,3,1,12.535003108314982,17.596517662816005,481.07835966306084,1723
2204.0,5977,1190,5,1,12.506560629180676,17.647816630416596,481.1392018017298,1737
2205.0,5979,0,4,2,12.457470888572033,17.70546914199699,481.2263604962637,1739
2206.0,5981,0,2,0,12.414021767875095,17.719110516636015,481.54999363647744,1750
2207.0,5982,0,2,1,12.378145336425579,17.72668004012036,481.93684258912094,1748
2208.0,5981,0,1,2,12.328713814826955,17.80688848018726,482.4104441897101,1775
2209.0,5980,0,3,4,12.283160274906326,17.918896321070235,482.8378230846303,1790
2210.0,5977,0,1,4,12.238505051808392,18.06307512129831,483.4378592594708,1824
2211.0,5976,0,3,4,12.214720734006269,18.180890227576974,483.7163404115887,1831
2212.0,5979,0,4,1,12.194077933190734,18.31209232313096,483.9256260184743,1862
2213.0,5982,0,6,3,12.175274759767591,18.439485122032764,484.0405628238356,1881
2214.0,5984,0,4,2,12.145964760999544,18.561330213903744,484.2691743265905,1906
2215.0,5988,0,5,1,12.14425775006813,18.70574482297929,484.4342852784645,1923
2216.0,5991,0,4,1,12.131501178889192,18.817392755800366,484.55834005023996,1939
2217.0,5995,0,5,1,12.126284114301463,18.938949124270223,484.73616434918785,1965
2218.0,5995,0,4,4,12.091337245276028,19.04954128440367,484.88856380216043,1994
2219.0,5993,0,3,5,12.063582708200789,19.215084264975804,485.1731938426597,2010
2220.0,5997,0,5,1,12.032738699481655,19.362181090545274,485.31256563811945,2029
2221.0,5999,0,2,0,11.996018038535107,19.456242707117852,485.66291654373,2045
2222.0,6000,0,2,1,11.96864120212198,19.567833333333333,486.08688706196364,2056
2223.0,6000,0,3,3,11.939957971730827,19.6835,486.49923011804105,2075
2224.0,6003,0,4,1,11.915205254524365,19.84607696151924,486.628130003975,2100
2225.0,6006,0,3,0,11.895773448400794,19.936729936729936,486.9040118140063,2103
2226.0,6014,0,10,2,11.870136804532905,20.03708014632524,486.58752267059674,2122
2227.0,6019,0,5,0,11.838408949367793,20.129589632829372,486.7051069930865,2142
2228.0,6020,0,3,2,11.80748770513462,20.27093023255814,487.137886749714,2153
2229.0,6022,0,5,3,11.784847102105656,20.410328794420458,487.34440933064735,2162
2230.0,6024,0,4,2,11.762153871197029,20.597941567065075,487.5269450645343,2192
2231.0,6024,0,2,2,11.721603857350445,20.76062416998672,488.0464388963818,2206
2232.0,6029,0,6,1,11.701342519997102,20.92585835130204,488.0081932857954,2220
2233.0,6031,0,3,1,11.665827996421466,21.10495771845465,488.3609760235738,2233
2234.0,6034,0,5,2,11.645187456735377,21.29598939343719,488.6170354711405,2249
2235.0,6035,0,2,1,11.62295191068884,21.464291632145816,488.9050869037579,2262
2236.0,6036,0,2,1,11.610662931642569,21.680748840291585,489.2463748847378,2281
2237.0,6041,0,6,1,11.610463092706317,21.83760966727363,489.3672677358774,2297
2238.0,6044,0,4,1,11.594292487610861,22.049470549305095,489.55537799719895,2312
2239.0,6047,0,4,1,11.592700208356682,22.276170001653714,489.84704613943813,2335
2240.0,6053,0,6,0,11.590312562925378,22.462415331240706,489.9033652950624,2359
2241.0,6059,0,6,0,11.583865383379647,22.695659349727677,489.9616419787058,2379
2242.0,6063,0,5,1,11.578822545594479,22.939303974929903,490.07588976182205,2396
2243.0,6066,0,5,2,11.57128983850371,23.19699967029344,490.2853349185687,2410
2244.0,6067,0,4,3,11.547098467311125,23.44964562386682,490.3905926771801,2431
2245.0,6070,0,5,2,11.506994835352401,23.702471169686984,490.59677491955125,2448
2246.0,6070,0,2,2,11.461295199462985,23.981054365733115,491.09816202188784,2462
2247.0,6073,0,4,1,11.432105241478217,24.262308578956034,491.302278655471,2474
2248.0,6078,0,5,0,11.417794324468092,24.565646594274433,491.4546113816524,2509
2249.0,6080,0,5,3,11.397896413772937,24.82434210526316,491.8122591287276,2525
2250.0,6083,0,5,2,11.396896582010253,25.122801249383528,492.1174572768388,2536
2251.0,6085,0,2,0,11.446698521901832,24.05456039441249,492.51139601841146,2345
2252.0,6085,0,3,3,11.543712743040397,23.313722267871817,492.8070130808733,2195
2253.0,6083,0,2,4,11.653720411964768,22.730560578661844,493.0804732677204,2090
2254.0,6084,0,2,1,11.79826892867949,22.26429980276134,493.4956836612373,2009
2255.0,6084,0,2,2,11.924930039799728,21.897271531886915,493.98719629836165,1935
2256.0,6088,0,5,1,12.046576050446784,21.625492772667542,494.1425679156428,1895
2257.0,6090,0,3,1,12.190157058563823,21.44384236453202,494.47762247500606,1836
2258.0,6091,0,1,0,12.325403211275628,21.262682646527665,494.8922535435018,1797
2259.0,6095,0,4,0,12.441156627168862,21.157342083675143,495.05607828454424,1773
2260.0,6100,0,7,2,12.527402361834168,21.004590163934427,495.10280389856655,1742
2261.0,6100,0,3,3,12.603105767623125,20.95360655737705,495.50620113323765,1730
2262.0,6102,0,2,0,12.657452539312821,20.887577843330057,495.816983386262,1719
2263.0,6101,0,2,3,12.71343785941562,20.824291099819703,496.1013449570968,1699
2264.0,6101,0,4,4,12.761643104777802,20.763481396492377,496.35212357382926,1684
2265.0,6102,0,2,1,12.808206640884332,20.72222222222222,496.632629316176,1677
2266.0,6108,0,7,1,12.85891371474955,20.6658480681074,496.5393501510336,1664
2267.0,6110,0,3,1,12.892577234233928,20.67479541734861,496.7088662804396,1676
2268.0,6108,0,1,3,12.89156049627008,20.69007858546169,497.13913900394596,1660
2269.0,6110,0,4,2,12.893881042585994,20.690671031096564,497.427084266476,1655
2270.0,6111,0,2,1,12.911590871314745,20.496972672230402,497.7322052189176,1615
2271.0,6109,0,1,3,12.919496897376103,20.48731379931249,498.1253327263646,1596
2272.0,6111,0,3,1,12.911324987562262,20.474390443462607,498.41371190796184,1601
2273.0,6112,0,4,3,12.911774213587183,20.480366492146597,498.67163542667805,1599
2274.0,6114,0,3,1,12.912946448234761,20.53761858030749,498.9496581220892,1603
2275.0,6115,0,2,1,12.906202583506637,20.54652493867539,499.20621738951496,1598
2276.0,6119,0,6,2,12.896843232980832,20.519202484066025,499.169156962211,1593
2277.0,6120,0,5,4,12.881001133243204,20.48660130718954,499.37372396282757,1594
2278.0,6122,0,3,1,12.87092728265853,20.522704998366546,499.621697659344,1608
2279.0,6122,0,4,4,12.84285304253398,20.570728520091475,499.8723078904355,1607
2280.0,6119,0,1,4,12.8110250575102,20.565615296617093,500.4690507645831,1594
2281.0,6119,0,3,3,12.799768809855458,20.56152966170943,500.7146009999495,1596
2282.0,6118,0,1,2,12.79083700815948,20.525661981039555,501.20556088525575,1584
2283.0,6118,0,2,2,12.786074852068456,20.55884275907159,501.6106273281544,1586
2284.0,6120,0,3,1,12.76280665686399,20.553267973856208,501.81267111408107,1580
2285.0,6118,0,2,4,12.745846048000177,20.61670480549199,502.2184489910864,1594
2286.0,6120,0,5,3,12.733435171842123,20.652450980392157,502.21222747021204,1607
2287.0,6123,0,6,3,12.7123891621903,20.70716968806141,502.1961487746134,1618
2288.0,6122,0,1,2,12.666102887035555,20.77393008820647,502.6088677366141,1631
2289.0,6124,0,5,3,12.630220805128225,20.88161332462443,502.78218799870547,1654
2290.0,6128,0,5,1,12.57465172690111,20.959203655352482,502.87025704065894,1665
2291.0,6130,0,3,1,12.530011026383098,21.016802610114194,503.07817142695836,1695
2292.0,6133,0,4,1,12.48489567734511,21.121310940812002,503.21803014311195,1695
2293.0,6135,0,4,2,12.426487553741207,21.23879380603097,503.41486755649134,1717
2294.0,6137,0,3,1,12.368111307197807,21.365650969529085,503.63709016263647,1740
2295.0,6135,0,1,3,12.301955462637512,21.48508557457213,504.0806516070026,1762
2296.0,6137,0,2,0,12.232751776380766,21.52354570637119,504.41056456430715,1759
2297.0,6137,0,1,1,12.167297345931297,21.608114714029657,504.8028522827764,1780
2298.0,6137,0,4,4,12.123559397766838,21.76910542610396,504.8608952946422,1812
2299.0,6139,0,3,1,12.093527815366413,21.889721453005375,505.1068050069865,1846
2300.0,6140,0,3,2,12.050911049532466,21.985830618892507,505.25700390407707,1866
2301.0,6138,0,2,4,12.005010478003424,22.068589116976213,505.7478671881306,1885
2302.0,6136,0,1,3,11.960001567055942,22.154172099087354,506.30794670218796,1921
2303.0,6136,0,3,3,11.924039268247613,22.32561929595828,506.71021916538314,1955
2304.0,6136,0,2,2,11.887464479462775,22.472131681877446,507.024245007176,1982
2305.0,6138,0,5,3,11.850674212082708,22.66373411534702,507.19335823571174,2011
2306.0,6141,0,4,1,11.82874150604745,22.86744829832275,507.34972132135033,2054
2307.0,6142,0,5,4,11.783636222884448,23.070986649299904,507.5095911627986,2083
2308.0,6147,0,6,1,11.763185427181806,23.242069302098585,507.6082878720856,2112
2309.0,6150,0,5,2,11.735770943151119,23.438536585365853,507.7633822383517,2135
2310.0,6150,0,4,4,11.701156393273289,23.63691056910569,508.06576477190833,2170
2311.0,6149,0,1,2,11.692446062652499,23.76955602536998,508.625762302413,2182
2312.0,6149,0,4,4,11.682004046631253,23.950561066840137,508.9548681487531,2203
2313.0,6149,0,1,1,11.67794726315116,24.141649048625794,509.29592108136484,2226
2314.0,6146,0,2,5,11.656811213460962,24.34738041002278,509.9803126703064,2240
2315.0,6149,0,5,2,11.649040901411421,24.49829240526915,510.0228898398137,2244
2316.0,6154,0,5,0,11.637535466744799,24.650796230094247,510.1422986922954,2265
2317.0,6151,0,0,3,11.625211768437856,24.824743944074136,510.87124009549416,2274
2318.0,6151,0,2,2,11.59439953756102,24.997561372134612,511.2889410748487,2282
2319.0,6153,0,2,0,11.568801726506376,25.20136518771331,511.6615497848106,2311
2320.0,6154,0,3,2,11.547309203678806,25.41550211244719,511.94425978101646,2330
2321.0,6155,0,2,1,11.519890139746552,25.592201462225834,512.3802972547307,2338
2322.0,6155,0,3,3,11.479123562419886,25.809585702680746,512.8066400086867,2352
2323.0,6155,0,2,2,11.448701270179068,26.05735174654752,513.1931605592109,2369
2324.0,6159,0,5,1,11.437338820930005,26.23753856145478,513.2932713788425,2385
2325.0,6162,0,5,2,11.431458197787698,26.467218435572867,513.3672388981178,2398
2326.0,6165,0,4,1,11.399206395569944,26.69051094890511,513.5895271695153,2416
2327.0,6165,0,1,1,11.374428469658985,26.9573398215734,514.1103704353015,2429
2328.0,6167,0,5,3,11.357522046704489,27.206583427922816,514.4023388828001,2452
2329.0,6167,0,2,2,11.335080656959743,27.491324793254417,514.7801200246488,2475
2330.0,6170,0,6,3,11.282349210592853,27.739870340356564,514.9577011200209,2485
2331.0,6175,0,6,1,11.272212290274465,28.014412955465588,515.0086294798466,2504
2332.0,6173,0,1,3,11.257733666781707,28.298558237485825,515.5520719649783,2522
2333.0,6173,0,1,1,11.251111552631203,28.598250445488418,516.0038121457632,2537
2334.0,6176,0,5,2,11.238235504317588,28.850226683937823,516.2754603396937,2552
2335.0,6177,0,3,2,11.230289632170331,29.118180346446493,516.6347117287668,2569
2336.0,6178,0,5,4,11.210184029779523,29.396244739397865,516.9919938532872,2574
2337.0,6181,0,3,0,11.19939094692189,29.68629671574179,517.3055030924019,2599
2338.0,6182,0,4,3,11.178298998788305,30.018925913943708,517.596196291514,2626
2339.0,6183,0,3,2,11.156001890097468,30.29678149765486,517.9028299351357,2637
2340.0,6186,0,4,1,11.13125048607667,30.606369220821207,518.0955364854134,2663
2341.0,6189,0,3,0,11.189131978912092,29.482307319437712,518.4092526424123,2445
2342.0,6192,0,5,2,11.282290818332251,28.76954134366925,518.6219869757641,2305
2343.0,6194,0,4,2,11.386947784546228,28.248143364546337,518.9832458959321,2191
2344.0,6197,0,5,2,11.536953514276636,27.774245602710987,519.1293748140807,2095
2345.0,6198,0,4,3,11.668451255213956,27.40593739916102,519.453901829288,2031
2346.0,6200,0,4,2,11.80103833909711,27.122258064516128,519.5869385811257,1977
2347.0,6203,0,5,2,11.940682177650945,26.829598581331613,519.673616224303,1928
2348.0,6207,0,4,0,12.072096278552996,26.58691799581118,519.8443667211538,1900
2349.0,6211,0,6,2,12.162475933015816,26.38995330864595,519.8903963374058,1865
2350.0,6214,0,3,0,12.249706413204226,26.12230447376891,520.1331633246708,1832
2351.0,6218,0,5,1,12.329226106340856,26.02685751045352,520.2825931272774,1822
2352.0,6215,0,1,4,12.397892234068355,25.99098954143202,520.738066156732,1817
2353.0,6215,0,2,2,12.451200674872178,25.92373290426388,521.1482745133809,1790
2354.0,6215,0,2,2,12.494061232441398,25.8923572003218,521.6072254137672,1799
2355.0,6215,0,3,3,12.510387486671348,25.828801287208368,521.8861638188246,1786
2356.0,6215,0,2,2,12.542812747148798,25.77538213998391,522.2261822431108,1776
2357.0,6215,0,2,2,12.563995341441686,25.740305711987126,522.5106102571241,1766
2358.0,6216,0,4,3,12.579088473143734,25.696750321750322,522.7105104331287,1758
2359.0,6217,0,3,2,12.615760206040326,25.75277465015281,522.7811966706523,1758
2360.0,6223,0,6,0,12.644440221240256,25.701269484171622,522.7432851164514,1743
2361.0,6224,0,5,4,12.669297606940303,25.730398457583547,522.967884767252,1742
2362.0,6228,0,4,0,12.691303926568047,25.803628773281954,523.0968095509215,1751
2363.0,6227,0,1,2,12.698469693391555,25.85964348803597,523.4430406222331,1757
2364.0,6229,0,4,2,12.710674430005906,25.88746187188955,523.6143163889247,1756
2365.0,6228,0,1,2,12.70751429612752,25.890494540783557,524.0464265849137,1758
2366.0,6231,0,4,1,12.724983018001227,25.865671641791046,524.1670247199626,1757
2367.0,6232,0,2,1,12.712929973182936,25.86456996148909,524.5360376080587,1755
2368.0,6231,0,1,2,12.691536704356482,25.8435243139143,525.0605031740654,1743
2369.0,6231,0,1,1,12.694144001469326,25.801155512758786,525.4086466258875,1729
2370.0,6233,0,4,2,12.675031136413024,25.757580619284454,525.6945904663118,1715
2371.0,6236,0,4,1,12.633374137416187,25.735246953175114,525.888307048068,1719
2372.0,6237,0,4,3,12.598747961263962,25.63876863876864,526.0499778240059,1708
2373.0,6235,0,1,3,12.554504737140908,25.559422614274258,526.5449272607693,1700
2374.0,6233,0,3,5,12.52562746237401,25.54468153377186,527.0013620776974,1694
2375.0,6238,0,5,0,12.495674909271354,25.52500801538955,527.0529566923025,1710
2376.0,6240,0,5,3,12.485690906771651,25.5099358974359,527.1033327290477,1704
2377.0,6246,0,7,1,12.487446260422962,25.460934998398976,526.9505550800537,1712
2378.0,6247,0,3,2,12.468114319397099,25.48951496718425,527.1952200539672,1727
2379.0,6251,0,5,1,12.447796513776265,25.513357862741962,527.2349225731431,1724
2380.0,6251,0,3,3,12.380612141289719,25.600543912973926,527.5622696422273,1730
2381.0,6254,0,5,2,12.341277194456381,25.67157019507515,527.523973613687,1738
2382.0,6257,0,5,2,12.306762191819889,25.77625059932875,527.6124448493393,1759
2383.0,6261,0,5,1,12.264949009060926,25.87270404088804,527.6695570315367,1786
2384.0,6264,0,5,2,12.211671111876436,25.96072796934866,527.5818968033668,1790
2385.0,6267,0,4,1,12.167265109263344,26.061752034466252,527.8024724498665,1831
2386.0,6274,0,8,1,12.11950359380133,26.09818297736691,527.6954942616626,1839
2387.0,6274,0,5,5,12.083770216475115,26.17628307299968,527.7681844272753,1861
2388.0,6276,0,5,3,12.050892714804375,26.266093052899937,527.9678461632993,1883
2389.0,6277,0,1,0,12.037649428803768,26.304922733790026,528.3852904504531,1879
2390.0,6282,0,8,3,12.024856768267341,26.36007640878701,528.3209341200362,1888
2391.0,6287,0,6,1,12.000847335043966,26.441227930650548,528.3689739970722,1918
2392.0,6288,0,3,2,11.971457668673224,26.579198473282442,528.6643145325525,1950
2393.0,6286,0,2,4,11.944851896812661,26.741170855870187,529.0145096877349,1987
2394.0,6289,0,5,2,11.90759117324857,26.883447288917157,529.1833773878988,2016
2395.0,6291,0,4,2,11.867657012290433,27.069305356859005,529.379107418897,2041
2396.0,6294,0,5,2,11.832559774137534,27.245630759453448,529.6177892417173,2088
2397.0,6297,0,5,2,11.806067271474292,27.446720660632046,529.7027715423054,2116
2398.0,6299,0,4,2,11.778316407111069,27.654865851722494,529.8783534066935,2140
2399.0,6302,0,5,2,11.736382121069482,27.83227546810536,530.1273191659348,2165
2400.0,6303,0,4,3,11.713253477322208,28.060923369823893,530.343994050525,2194
2401.0,6304,0,3,2,11.688261634594435,28.23318527918782,530.7397988366636,2209
2402.0,6303,0,1,2,11.644146566507263,28.42408376963351,531.3230853221778,2222
2403.0,6305,0,6,4,11.61321251111758,28.6406026962728,531.5116988990717,2248
2404.0,6305,1199,2,2,11.586495645845842,28.81633624107851,531.9881911995095,2255
2405.0,6309,0,6,2,11.557678525122451,28.99286733238231,532.0629526537751,2274
2406.0,6310,0,3,2,11.528506013707029,29.204437400950873,532.4133366806182,2289
2407.0,6315,0,6,1,11.50862039085702,29.404275534441805,532.5259553988918,2320
2408.0,6315,0,4,4,11.466781756171928,29.547743467933493,532.9092930323304,2333
2409.0,6317,0,3,1,11.438581587153555,29.768086116827607,533.2498501618172,2341
2410.0,6321,0,4,0,11.412570262375535,29.97468754943838,533.4557569205037,2355
2411.0,6325,0,4,0,11.366008289560831,30.169486166007903,533.6639926146057,2379
2412.0,6328,0,4,1,11.342324684044913,30.414190897597976,533.929988005017,2399
2413.0,6326,0,2,4,11.302623040262498,30.709927284223838,534.387682735857,2422
2414.0,6330,0,6,2,11.289344590054966,30.935071090047394,534.4940821446063,2438
2415.0,6336,0,9,3,11.27154220321572,31.176609848484848,534.3470963922363,2460
2416.0,6339,0,4,1,11.250273030447115,31.445338381448178,534.5271290325438,2473
2417.0,6342,0,5,2,11.235813573306642,31.682907600126143,534.7173348559388,2489
2418.0,6342,0,3,3,11.200376443100787,31.991327656890572,534.92139179468,2521
2419.0,6344,0,2,0,11.181915540497625,32.27616645649432,535.3113778209839,2532
2420.0,6346,0,4,2,11.147606253685959,32.58966277970375,535.390764300023,2562
2421.0,6347,0,2,1,11.139389328057218,32.87679218528439,535.8613261676273,2577
2422.0,6349,0,4,2,11.128358127508085,33.1395495353599,535.9978642012509,2591
2423.0,6352,0,6,3,11.117251278797387,33.440806045340054,536.0869741467632,2618
2424.0,6354,0,2,0,11.100135230524945,33.728360088133456,536.4819226691963,2629
2425.0,6357,0,5,2,11.091114276515825,34.028472549944944,536.6293256105338,2637
2426.0,6356,0,2,3,11.062896187031804,34.293108873505346,537.0018287494495,2637
2427.0,6361,0,5,0,11.041922108785975,34.5778965571451,537.14818149505,2654
2428.0,6365,0,4,0,11.012715663192779,34.856402199528674,537.3811417548624,2667
2429.0,6368,0,5,2,10.99602093071062,35.16755653266332,537.5457580743828,2692
2430.0,6374,0,7,1,10.986579400702183,35.44650141198619,537.459209007334,2701
2431.0,6377,0,3,0,11.03126099288968,34.32287909675396,537.7761353395782,2497
2432.0,6378,0,4,3,11.119515770415777,33.46048918156162,538.0493686572046,2340
2433.0,6379,0,2,1,11.237858956066562,32.819877723781154,538.4143500052152,2218
2434.0,6378,0,1,2,11.36772899550067,32.33207902163688,538.8641455745402,2115
2435.0,6374,0,1,5,11.511391304501831,31.92547850643238,539.3898662066446,2051
2436.0,6376,0,3,1,11.668669414880156,31.6284504391468,539.5827511084741,1992
2437.0,6377,0,3,2,11.826483881139593,31.368355025874237,539.8638892704851,1932
2438.0,6377,0,4,4,11.954434535085715,31.160733887407872,539.9795496338247,1903
2439.0,6377,0,0,0,12.062635215757949,30.934451936647328,540.4805715125401,1878
2440.0,6379,0,5,3,12.137460869864697,30.744630819877724,540.5490540555517,1845
2441.0,6380,0,2,1,12.220973594884807,30.623354231974922,540.8917750287139,1832
2442.0,6379,0,2,3,12.292791537383703,30.498510738360245,541.2762860536537,1813
2443.0,6383,0,4,0,12.354695024657383,30.401691994360018,541.4197209032818,1798
2444.0,6381,0,2,4,12.39891547320201,30.31954239147469,541.9811448821973,1794
2445.0,6382,0,2,1,12.443994191944018,30.235192729551866,542.253766743441,1781
2446.0,6383,0,2,1,12.482436371963642,30.128779570734764,542.547915322238,1776
2447.0,6387,0,5,1,12.519540066477553,30.04759668075779,542.5851016181341,1775
2448.0,6386,0,1,2,12.538392947539998,29.991700595051675,542.9910656156262,1772
2449.0,6386,0,2,2,12.541889311653646,29.99514563106796,543.3411159994221,1771
2450.0,6388,0,3,1,12.543509999057319,30.019881026925486,543.5430574660785,1784
2451.0,6393,0,5,0,12.544794024201043,29.960738307523854,543.5882367185139,1780
2452.0,6397,0,6,2,12.550880072359702,29.92527747381585,543.4391457525666,1768
2453.0,6401,0,5,1,12.547520819000113,29.881268551788782,543.5676024476744,1760
2454.0,6400,0,1,2,12.528228487371363,29.8628125,544.0729752408716,1763
2455.0,6402,0,5,3,12.531714175960689,29.763980006248048,544.2128645598675,1758
2456.0,6399,0,0,3,12.51846770384655,29.696046257227692,544.6072358380986,1750
2457.0,6403,0,5,1,12.517426953612846,29.63891925659847,544.6053998717408,1761
2458.0,6403,0,4,4,12.497179555232186,29.603623301577386,544.9650530004149,1779
2459.0,6406,0,5,2,12.49345931618697,29.413206369029034,545.0658589813155,1762
2460.0,6407,0,4,3,12.478881082065929,29.341969720618074,545.2122873029059,1761
2461.0,6406,0,1,2,12.47181538926359,29.312051201998127,545.5787930663303,1758
2462.0,6409,0,4,1,12.462985482307943,29.209861132782024,545.7132901337782,1747
2463.0,6408,0,2,3,12.45179209694214,29.200686641697878,546.0658931285985,1742
2464.0,6412,0,5,1,12.455700745534752,29.164379288833437,546.1029534450314,1745
2465.0,6415,0,4,1,12.457616445391533,29.16352299298519,546.281966915409,1740
2466.0,6418,0,5,2,12.453108471409866,29.162979121221564,546.3279076146448,1748
2467.0,6422,0,5,1,12.449531508627112,29.167081905948304,546.4409829444635,1759
2468.0,6420,0,2,4,12.415182494574454,29.200467289719626,546.7662725450318,1771
2469.0,6424,0,4,0,12.408049281363084,29.179950186799502,546.9070309576588,1772
2470.0,6425,0,3,2,12.38494884236575,29.17525291828794,547.235215847728,1777
2471.0,6425,0,2,2,12.352092960132353,29.22241245136187,547.4415266330695,1791
2472.0,6427,0,2,0,12.307501720218713,29.214096779212696,547.7577573271709,1793
2473.0,6427,0,2,2,12.256812932927783,29.268087754784503,548.2208675258227,1811
2474.0,6430,0,5,2,12.222499487528744,29.25583203732504,548.1265958686787,1835
2475.0,6432,0,5,3,12.173769428736888,29.29648631840796,548.0344618109159,1861
2476.0,6433,0,2,1,12.138639509111156,29.32317736670294,548.2695947606785,1863
2477.0,6432,0,2,3,12.106846525966972,29.340018656716417,548.6425283469155,1876
2478.0,6434,0,4,2,12.072356338008847,29.358719303699097,548.7107451348361,1891
2479.0,6437,0,4,1,12.046189389906594,29.387913624359175,548.9122474529352,1911
2480.0,6434,0,1,4,12.010912576817034,29.5,549.497179199175,1938
2481.0,6442,0,9,1,12.006052253088473,29.553089102763117,549.2089274651349,1946
2482.0,6440,0,1,3,11.961456306374366,29.68866459627329,549.8246677280109,1976
2483.0,6446,0,6,0,11.939564013952785,29.809339125038782,549.8209615558586,2003
2484.0,6449,0,4,1,11.922897535662864,29.934408435416344,550.0697874682618,2029
2485.0,6451,0,4,2,11.901137123853838,30.089133467679428,550.3154609796278,2055
2486.0,6452,0,4,3,11.884719622879404,30.287507749535028,550.5197340575348,2089
2487.0,6452,0,5,5,11.853826514658548,30.460632362058277,550.8330466257738,2120
2488.0,6456,0,6,2,11.827504118274927,30.59076827757125,550.8964865814481,2130
2489.0,6458,0,2,0,11.799219783938957,30.78011768349334,551.2444056485155,2167
2490.0,6458,0,3,3,11.778613228296397,30.941467946732736,551.751304835256,2184
2491.0,6462,0,6,2,11.756791790858296,31.0974930362117,551.8877880706466,2203
2492.0,6464,0,4,2,11.717713666281153,31.231435643564357,552.2169787199198,2230
2493.0,6463,0,4,5,11.670244674347924,31.432461705090514,552.446938521654,2254
2494.0,6462,0,2,3,11.62840622854981,31.58666047663262,552.8956845059481,2278
2495.0,6465,0,6,3,11.603144304333377,31.71461716937355,552.8900477460188,2293
2496.0,6467,0,5,3,11.574895738533547,31.850626256378536,553.2056749920886,2301
2497.0,6463,0,0,4,11.542580813809899,32.02924338542473,553.9230497257914,2313
2498.0,6464,0,4,3,11.511951650886871,32.257271039603964,554.2741782754715,2353
2499.0,6465,0,3,2,11.475337538009176,32.46017014694509,554.4806606754972,2375
2500.0,6467,0,5,3,11.462355368563287,32.665068810886034,554.6380528067824,2398
2501.0,6469,0,4,2,11.448692518399485,32.867831194929664,554.8754517629131,2427
2502.0,6473,0,5,1,11.437294645628139,33.07832535145991,555.0150981446072,2435
2503.0,6472,0,3,4,11.399821785226898,33.309487021013595,555.057988574702,2460
2504.0,6474,0,3,1,11.365098503057055,33.54309545875811,555.2209471929801,2481
2505.0,6476,0,3,1,11.35789874908409,33.780420012353304,555.5042804102901,2499
2506.0,6480,0,6,2,11.347718146012749,34.013888888888886,555.4548689386488,2526
2507.0,6482,0,2,0,11.344351071927168,34.2510027769207,555.8357937944774,2549
2508.0,6485,0,4,1,11.334260208128063,34.46969930609098,556.0463012435251,2569
2509.0,6485,0,1,1,11.328642044180436,34.71426368542791,556.5163037346306,2583
2510.0,6486,0,3,2,11.32739938355041,34.96376811594203,556.8137361552243,2604
2511.0,6487,0,2,1,11.32374809698695,35.19469708648065,557.2609931254273,2612
2512.0,6491,0,5,1,11.310265526017787,35.42720690186412,557.4033478500855,2622
2513.0,6494,0,6,3,11.300148574002234,35.66877117339082,557.5255046211539,2637
2514.0,6496,0,3,1,11.282953746982802,35.95705049261084,557.9007681643062,2663
2515.0,6500,0,5,1,11.275172084717207,36.17215384615385,557.9490894707292,2664
2516.0,6502,0,6,4,11.257043561358458,36.46247308520455,558.0988053023096,2697
2517.0,6505,0,3,0,11.258440176563097,36.692851652574944,558.4034326309644,2717
2518.0,6506,0,7,6,11.245411236593103,36.924223793421454,558.5152795380403,2717
2519.0,6504,0,0,2,11.233736956187997,37.18788437884379,558.9795433605123,2730
2520.0,6507,0,4,1,11.2219936917839,37.42631012755494,559.1302639234586,2743
2521.0,6506,0,2,3,11.275295609967298,36.41315708576698,559.5942726632074,2543
2522.0,6506,0,2,2,11.358670609966662,35.66968951736858,560.0733723251386,2375
2523.0,6507,0,3,2,11.466949596400259,35.151375441831874,560.3253612674285,2262
2524.0,6506,0,4,5,11.587471401033925,34.71841377190286,560.464389503547,2181
2525.0,6504,0,1,3,11.704752705051487,34.374231242312426,560.963512186456,2106
2526.0,6507,0,5,2,11.846275432449136,34.024281542953744,560.9724720518681,2043
2527.0,6508,0,2,1,11.966610379010131,33.838660110633064,561.3916786996983,1999
2528.0,6510,0,2,0,12.078268953143324,33.659293394777265,561.7221564884959,1965
2529.0,6508,0,1,3,12.154405852357739,33.501536570374924,562.2471067992952,1921
2530.0,6507,0,1,2,12.220787330183445,33.30643921930229,562.4980052401627,1887
2531.0,6510,0,3,0,12.297430914268398,33.257910906298,562.7272650336575,1895
2532.0,6510,0,1,1,12.340002818453044,33.13563748079877,563.206532344595,1867
2533.0,6512,0,3,1,12.389657323780051,33.11517199017199,563.5079806667853,1872
2534.0,6514,0,3,1,12.428096628650726,33.0785999385938,563.7037986006078,1871
2535.0,6518,0,4,0,12.474317394407178,33.04633323105247,563.8335408774309,1859
2536.0,6520,0,4,2,12.489726002654287,33.03006134969325,563.9315498526381,1853
2537.0,6522,0,3,1,12.507298440396875,33.03373198405397,564.1269121952877,1843
2538.0,6521,0,2,3,12.515636905977665,33.02254255482288,564.5101940414135,1836
2539.0,6522,0,2,1,12.531358423293339,33.018245936829196,564.7547285563736,1831
2540.0,6525,0,4,1,12.543613911520284,33.00137931034483,564.8518649369915,1826
2541.0,6527,0,4,2,12.554765730147064,33.00551555078903,564.8489252411593,1829
2542.0,6528,0,1,0,12.555083221577101,33.01623774509804,565.2313112644237,1821
2543.0,6531,0,5,2,12.557022715844306,33.0010718113612,565.3512438603827,1817
2544.0,6530,0,1,2,12.561725019228133,33.035375191424194,565.6898174434713,1820
2545.0,6533,0,5,2,12.575925917748522,33.01408235114037,565.8085277183033,1813
2546.0,6534,0,2,1,12.56653562092228,33.052188552188554,566.118552706342,1811
2547.0,6533,0,2,3,12.551396499866522,33.024644114495636,566.5620729307833,1808
2548.0,6533,0,3,3,12.530656539340058,33.01836828409613,566.9047300441849,1816
2549.0,6536,0,4,1,12.524302436353096,32.997093023255815,566.9922392167721,1831
2550.0,6537,0,4,3,12.50473405980905,33.04956402019275,567.1474462778853,1836
2551.0,6538,0,1,0,12.484614608778333,33.048332823493425,567.5333404686467,1824
2552.0,6541,0,4,1,12.473152959870886,33.10564133924476,567.550897546996,1831
2553.0,6543,0,4,2,12.448508850814795,33.11462631820266,567.7312858818136,1829
2554.0,6545,0,2,0,12.4363428335402,33.16394194041253,568.033660254682,1834
2555.0,6549,0,4,0,12.439628344943499,33.201404794625134,568.1627280180953,1844
2556.0,6547,0,2,4,12.417808272009648,33.2558423705514,568.5696387631211,1844
2557.0,6546,0,3,4,12.402588973699023,33.323403605255116,568.6956214742648,1861
2558.0,6549,0,3,0,12.392096395362179,33.38570774163995,568.9151806561996,1875
2559.0,6547,0,1,3,12.370720142343426,33.49488315258897,569.3643966645873,1889
2560.0,6547,0,1,1,12.343250216462618,33.554757904383685,569.6709365698256,1901
2561.0,6550,0,6,3,12.319236379693846,33.60549618320611,569.6798691290819,1908
2562.0,6552,0,4,2,12.280509144600746,33.649420024420024,569.8214761659226,1912
2563.0,6556,0,6,2,12.253359075243724,33.72498474679683,569.9280162095879,1927
2564.0,6557,0,5,4,12.193055763564601,33.80463626658533,570.1468675229733,1956
2565.0,6556,0,1,2,12.142084131329165,33.86226357535082,570.4969620069438,1980
2566.0,6556,0,4,4,12.106519048026389,33.87721171446004,570.6844757176049,1995
2567.0,6561,0,5,0,12.073970095779133,33.88355433622923,570.7509344113041,2004
2568.0,6564,0,6,3,12.044608150468294,33.92854966483851,570.6288906598838,2030
2569.0,6567,0,4,1,12.014364200285328,33.972285670778135,570.8211980363025,2053
2570.0,6569,0,6,4,11.976485201411487,34.052823869690975,570.9090479141817,2081
2571.0,6575,0,6,0,11.953521495353078,34.10296577946768,570.8971812511912,2101
2572.0,6574,0,4,5,11.932185982713674,34.23273501673258,571.328766610422,2138
2573.0,6573,0,1,2,11.898753054521665,34.36589076525179,571.9208823548722,2161
2574.0,6574,0,4,3,11.879103346232718,34.51992698509279,572.1504961570864,2191
2575.0,6579,0,8,3,11.872639695543242,34.663170694634445,572.0895995500107,2225
2576.0,6580,0,4,3,11.850713650916111,34.84924012158055,572.4538258721351,2249
2577.0,6583,0,5,2,11.827693771277,35.052407716846425,572.6449059971709,2267
2578.0,6583,0,2,2,11.793336526874642,35.27403919185782,572.9536352345714,2285
2579.0,6585,0,3,1,11.763428161172149,35.46362946089597,573.2947821782972,2324
2580.0,6586,0,4,3,11.7276840195723,35.66413604615852,573.5537548580502,2339
2581.0,6588,0,4,2,11.69452857447162,35.790528233151186,573.6749264896803,2359
2582.0,6591,0,4,1,11.671226503650628,35.939007737824305,573.8610614398307,2379
2583.0,6593,0,4,2,11.642851668361553,36.14758076748066,574.1039156214949,2394
2584.0,6600,0,8,1,11.63993943223687,36.26984848484849,573.9202668316708,2409
2585.0,6603,0,3,0,11.622238880924863,36.433590792064216,574.1929270249076,2410
2586.0,6603,0,4,4,11.609966726358884,36.616386490988944,574.4202330104164,2429
2587.0,6606,0,3,0,11.574090778405706,36.78322736905843,574.6965163504173,2438
2588.0,6608,0,4,2,11.534667744626047,36.984412832929785,574.8327396933711,2460
2589.0,6611,0,4,1,11.50124724140449,37.16850703373166,575.005689213742,2481
2590.0,6615,0,5,1,11.483708929373151,37.31186696900983,575.0561077549044,2493
2591.0,6615,0,2,2,11.455008764896924,37.53015873015873,575.5169730695748,2514
2592.0,6617,0,2,0,11.441150575326036,37.75789632764093,575.8901611311913,2539
2593.0,6617,0,4,4,11.412805067333608,38.00226688831797,575.9333217917657,2557
2594.0,6619,0,3,1,11.391259801605012,38.225864934280104,576.2416528539978,2575
2595.0,6618,0,3,4,11.36383861938273,38.45512239347235,576.3691492586365,2592
2596.0,6618,0,2,2,11.335572690150858,38.6935630099728,576.9130089805415,2611
2597.0,6618,0,3,3,11.299086739177099,38.95013599274705,577.2578971753875,2626
2598.0,6619,0,3,2,11.278041969258414,39.19655537090195,577.6606353566877,2644
2599.0,6620,0,3,2,11.262510221058944,39.423867069486406,577.9250145220032,2645
2600.0,6623,0,4,1,11.235724923169458,39.677940510342744,578.2189308471496,2660
2601.0,6622,0,1,2,11.208109461430032,39.93899124131682,578.7011567757241,2679
2602.0,6626,0,6,2,11.202452354522258,40.17461515242982,578.8739220498072,2676
2603.0,6627,0,3,2,11.171330137211388,40.39882299683114,579.3272296563612,2709
2604.0,6627,1132,3,3,11.13310160156549,40.66515768824506,579.6605962358387,2729
2605.0,6631,0,4,0,11.107627051610221,40.939677273412755,579.8768672602337,2744
2606.0,6633,0,2,0,11.075891008850606,41.248303934871096,580.2698330006436,2769
2607.0,6636,0,4,1,11.058807977335581,41.542344786015676,580.5687446501046,2784
2608.0,6641,0,5,0,11.06188795094976,41.791597650956184,580.7011682627677,2798
2609.0,6641,0,2,2,11.050927928095824,42.10149073934648,581.2181127074105,2803
2610.0,6645,0,4,0,11.028252889751299,42.408728367193376,581.4389404445756,2808
2611.0,6646,0,3,2,11.073416850610927,41.3284682515799,581.7743988876258,2589
2612.0,6645,0,3,4,11.156811349601892,40.5875094055681,582.0949059560328,2443
2613.0,6646,0,2,1,11.266477751177876,40.0094793860969,582.4790470391684,2323
2614.0,6646,0,1,1,11.404832367108469,39.58140234727656,582.8774758845788,2230
2615.0,6645,0,3,4,11.54466333255448,39.27614747930775,583.3404262790933,2165
2616.0,6643,0,1,3,11.670106765390688,39.06472979075719,583.9865374580179,2099
2617.0,6641,0,2,4,11.807573430904728,38.87351302514681,584.2724072063706,2068
2618.0,6639,0,3,5,11.903803543736624,38.73580358487724,584.5993723259834,2032
2619.0,6636,0,3,6,11.989275593935679,38.61271850512357,585.0039158810198,2005
2620.0,6636,0,4,4,12.063468041204573,38.353978300180835,585.314256995592,1959
2621.0,6636,0,5,5,12.123244315715558,38.347498493068116,585.3771883924096,1956
2622.0,6635,0,3,4,12.163067458715176,38.347249434815375,585.5519928753708,1941
2623.0,6630,0,3,8,12.196891708392872,38.396229260935144,585.888879553619,1936
2624.0,6631,0,4,3,12.229821875064365,38.34504599607902,586.1577865505647,1931
2625.0,6628,0,4,7,12.264536686171017,38.294206397103196,586.5232909939065,1914
2626.0,6630,0,5,3,12.286897680537491,38.24585218702866,586.546312566703,1898
2627.0,6634,0,9,5,12.315824755878438,38.24615616520953,586.553192155196,1904
2628.0,6634,0,1,1,12.331941524273878,38.27434428700633,586.9615898055773,1926
2629.0,6634,0,2,2,12.332524857434514,38.30524570394935,587.3882579698698,1927
2630.0,6634,0,3,3,12.333649444363093,38.288061501356644,587.6643889738057,1921
2631.0,6634,0,2,2,12.348983329241937,38.179981911365694,588.1125381424389,1892
2632.0,6636,0,3,1,12.36066971565431,38.21398432790838,588.3687082066174,1889
2633.0,6639,0,5,2,12.384647874701324,38.207410754631724,588.452298305403,1890
2634.0,6642,0,3,0,12.39668911536271,38.211080999698886,588.6621266614584,1887
2635.0,6643,0,3,2,12.389218401782147,38.226704802047266,588.9318922568802,1875
2636.0,6644,0,3,2,12.37958786088127,38.204244431065625,589.0386582801532,1870
2637.0,6642,0,0,2,12.365946094268667,38.220716651610964,589.5026789924041,1879
2638.0,6642,0,2,2,12.36118178453042,38.21409214092141,589.9164799740938,1876
2639.0,6644,0,3,1,12.340539828986186,38.21794099939795,590.1610642656151,1884
2640.0,6642,0,1,3,12.324746110722113,38.18458295694068,590.5378644531888,1882
2641.0,6643,0,2,1,12.309478747181714,38.2333283155201,590.9234184407446,1888
2642.0,6643,0,3,3,12.284788390108844,38.25304832154147,591.2984266246333,1877
2643.0,6646,0,4,1,12.287095442802391,38.284983448690944,591.4515955063392,1867
2644.0,6647,0,3,2,12.269670607043002,38.368286445012785,591.5922339805383,1881
2645.0,6650,0,3,0,12.257715210048895,38.432932330827065,591.8099658145599,1902
2646.0,6651,0,2,1,12.234715631213913,38.53480679597053,592.0961088659108,1913
2647.0,6654,0,4,1,12.226750075239314,38.589570183348364,592.288607354268,1925
2648.0,6657,0,4,1,12.201221818477235,38.67432777527415,592.5048115932434,1931
2649.0,6662,0,6,1,12.180315694625678,38.74992494746322,592.4414808035496,1958
2650.0,6663,0,2,1,12.150164464940161,38.85712141677923,592.7497631065602,1956
2651.0,6665,0,3,1,12.128498504392589,38.892273068267066,593.016042833349,1980
2652.0,6668,0,4,1,12.092861985320816,38.98215356928614,593.1059154845269,2001
2653.0,6671,0,4,1,12.048587396170493,39.02443411782342,593.3001441913976,2020
2654.0,6672,0,4,3,12.00482228202243,39.11196043165467,593.4711459845823,2037
2655.0,6672,0,2,2,11.961847748174709,39.231115107913666,593.761780517497,2063
2656.0,6677,0,6,1,11.912137563124565,39.268833308372024,593.7758810945526,2072
2657.0,6676,0,1,2,11.865501761850672,39.331036548831634,594.0995726255221,2098
2658.0,6677,0,4,3,11.826367134451267,39.41785232889022,594.0930429842874,2113
2659.0,6681,0,4,0,11.814841494811326,39.4553210597216,594.2495756950723,2120
2660.0,6681,0,3,3,11.783919269372763,39.56683131267774,594.6264968701776,2142
2661.0,6683,0,3,1,11.756590140742261,39.64506957953015,594.9389493730016,2153
2662.0,6684,0,3,2,11.750235304307717,39.751496110113706,595.1601843418393,2191
2663.0,6685,0,5,4,11.715302386262062,39.8810770381451,595.0918463616907,2215
2664.0,6685,0,4,4,11.693991719229942,40.02857142857143,595.2665996904561,2239
2665.0,6684,0,1,2,11.659183959278753,40.18850987432675,595.517818550023,2264
2666.0,6688,0,5,1,11.634047634359115,40.33597488038278,595.5636703178909,2282
2667.0,6688,0,3,3,11.601188046358477,40.49282296650718,595.7837891185164,2308
2668.0,6690,0,4,2,11.566505312044534,40.64155455904335,596.0828564449577,2343
2669.0,6691,0,2,1,11.527376277399684,40.82379315498431,596.5004243587408,2371
2670.0,6693,0,4,2,11.498026699639405,40.97265800089646,596.7446905815142,2392
2671.0,6691,0,1,3,11.445187591246972,41.123001046181436,597.396429694421,2410
2672.0,6691,0,3,3,11.398131881148055,41.31355552234345,597.7446497877569,2442
2673.0,6694,0,3,0,11.381234238096196,41.4595159844637,598.021645624267,2458
2674.0,6698,0,4,0,11.366198867956467,41.55225440429979,598.2103417354523,2475
2675.0,6697,0,0,1,11.344530921338169,41.6885172465283,598.8120059214043,2485
2676.0,6698,0,5,4,11.326104799644437,41.80621080919678,598.9457979115949,2493
2677.0,6700,0,4,2,11.32139731496584,41.937014925373134,599.3098658786273,2514
2678.0,6700,0,1,1,11.309267257364683,42.081343283582086,599.8098950315791,2527
2679.0,6700,0,2,2,11.28586534320709,42.24179104477612,600.1189684011757,2542
2680.0,6702,0,3,1,11.247975134616757,42.40525216353328,600.4677277197085,2547
2681.0,6704,0,4,2,11.219178837118818,42.49477923627685,600.7319574909875,2572
2682.0,6703,0,2,3,11.200396713395946,42.443234372668954,601.1129695421529,2565
2683.0,6706,0,3,0,11.182746977240985,42.42022069788249,601.4025082596696,2566
2684.0,6707,0,4,3,11.145023989607903,42.46652750857313,601.7378257775922,2571
2685.0,6710,0,4,1,11.120151866660786,42.48882265275708,602.0237750422616,2580
2686.0,6713,0,3,0,11.099562003814592,42.64993296588708,602.3170959395295,2609
2687.0,6716,0,4,1,11.06577269323017,42.91483025610482,602.5743964365818,2642
2688.0,6715,0,0,1,11.031749868879928,43.17125837676843,603.132312752527,2650
2689.0,6716,0,4,3,10.997256398686904,43.43403811792734,603.4170657320319,2674
2690.0,6717,0,4,3,10.969390894851054,43.693613220187586,603.7563575176474,2680
2691.0,6721,0,5,1,10.949499762233065,43.93274810296087,603.9448018138556,2703
2692.0,6726,0,6,1,10.945557526310841,44.17424918227773,604.0308633073299,2728
2693.0,6730,0,4,0,10.93118835966209,44.40579494799405,604.2430186690304,2728
2694.0,6734,0,4,0,10.914337694804427,44.62459162459162,604.456769919671,2757
2695.0,6735,0,3,2,10.890606152535785,44.87631774313289,604.8729352045722,2770
2696.0,6734,0,1,2,10.871302583336764,45.163498663498665,605.2874667153845,2787
2697.0,6735,0,2,1,10.848421957929782,45.442019302152936,605.7563544636806,2803
2698.0,6737,0,2,0,10.83678723064687,45.70328039186582,606.1524822364956,2809
2699.0,6739,0,3,1,10.828506690595987,45.987832022555274,606.5468249510134,2820
2700.0,6741,0,3,1,10.808382605662139,46.2849725560006,606.9144851738299,2834
2701.0,6743,0,4,2,10.854983424408028,45.2137030995106,607.3032842261197,2615
2702.0,6746,0,5,2,10.93568049545127,44.55010376519419,607.3672523051181,2470
2703.0,6746,0,2,2,11.035139921927787,44.08301215535132,607.9079141678058,2352
2704.0,6744,0,2,4,11.138947341325073,43.65539739027283,608.4539259020942,2249
2705.0,6748,0,4,0,11.285735406206735,43.3658861885003,608.6378000517809,2200
2706.0,6751,0,3,0,11.421582546027592,43.14190490297734,608.9029271109013,2150
2707.0,6759,0,8,0,11.580546222969927,42.92395324752182,608.7076539525681,2108
2708.0,6762,0,4,1,11.719846095312933,42.719461697722565,608.9476741772487,2059
2709.0,6764,0,4,2,11.83038215074166,42.532968657599056,609.0495075976147,2032
2710.0,6766,0,4,2,11.920926269424143,42.389890629618684,609.2320292698305,2008
2711.0,6767,0,4,3,11.981395545194301,42.270430028077435,609.6154226029461,1993
2712.0,6767,0,2,2,12.020665752066199,42.221811733412146,610.0900646327372,1991
2713.0,6769,0,3,1,12.067940143650743,42.157925838380855,610.3513025516229,1978
2714.0,6766,0,0,3,12.083197600905018,42.139373337274606,610.896634042467,1958
2715.0,6766,0,2,2,12.127258361171144,42.097989949748744,611.3035226137231,1938
2716.0,6769,0,4,1,12.15868775882979,42.03973999113606,611.5030032853829,1940
2717.0,6771,0,4,2,12.186936379340146,41.89912863683355,611.6194180696751,1928
2718.0,6774,0,4,1,12.216216065568556,41.80587540596398,611.830948515183,1898
2719.0,6770,0,0,4,12.22090206119455,41.779911373707534,612.3967833502303,1903
2720.0,6770,0,2,2,12.227741693327046,41.78389955686854,612.7565040549032,1904
2721.0,6771,0,3,2,12.236491263509057,41.77728548220352,613.1153112911248,1898
2722.0,6773,0,2,0,12.236780708735932,41.7398494020375,613.4169365107321,1894
2723.0,6776,0,6,3,12.236857814769344,41.69598583234947,613.440252750684,1883
2724.0,6775,0,1,2,12.241986567349327,41.70022140221402,613.731028613445,1889
2725.0,6777,0,4,2,12.233288679354402,41.70296591412129,613.9912272872755,1908
2726.0,6775,0,2,4,12.239351475171016,41.6749815498155,614.3892345409762,1891
2727.0,6776,0,2,1,12.23586041183266,41.62190082644628,614.7735717469712,1889
2728.0,6781,0,5,0,12.22426425716992,41.575283881433414,614.8060163086709,1900
2729.0,6780,0,0,1,12.208849929577733,41.560766961651915,615.3762280720273,1889
2730.0,6781,0,2,1,12.187628818337032,41.52440642973013,615.755999655935,1888
2731.0,6783,0,2,0,12.170259144124257,41.476043048798466,616.0627947628984,1886
2732.0,6786,0,4,1,12.152552229576019,41.473622163277334,616.2773303361654,1906
2733.0,6785,0,2,3,12.121425292816058,41.42196020633751,616.6251775993769,1901
2734.0,6785,0,1,1,12.112642972692836,41.391156963890936,616.9985943398817,1912
2735.0,6786,0,3,2,12.100807944744961,41.399941055113466,617.1502599308934,1912
2736.0,6789,0,4,1,12.086558493048575,41.36647518043895,617.2627904624125,1921
2737.0,6791,0,4,2,12.052241457521092,41.412163157119714,617.4557137077394,1940
2738.0,6793,0,2,0,12.033695772502822,41.4202855881054,617.7709833664351,1941
2739.0,6794,0,4,3,12.000709067579704,41.44259640859582,617.9412371675204,1957
2740.0,6796,0,2,0,11.990902958385231,41.46718658034138,618.2592270112929,1964
2741.0,6795,0,4,5,11.966992042189645,41.49786607799853,618.502955549081,1972
2742.0,6792,0,0,3,11.929816181249294,41.533274440518255,619.0447690134646,1984
2743.0,6791,0,3,4,11.882043544609802,41.53659254896186,619.4900368220718,1995
2744.0,6790,0,3,4,11.835571795388825,41.59057437407953,619.7245602405176,2006
2745.0,6791,0,5,4,11.782004358163858,41.620821675747315,619.7518060448392,2015
2746.0,6789,0,1,3,11.723663592213008,41.650169391662985,620.3251134144335,2046
2747.0,6789,0,3,3,11.703815104990246,41.67624097805273,620.5936855415695,2038
2748.0,6792,0,8,5,11.660125000584992,41.70082449941107,620.4603960915316,2048
2749.0,6789,0,1,4,11.625417507142874,41.77242598320813,620.9335060359853,2074
2750.0,6790,0,3,2,11.592948177549562,41.86318114874816,621.2208620755684,2094
2751.0,6793,0,4,1,11.57086742030446,41.947887531282205,621.3514434617603,2115
2752.0,6792,0,3,4,11.537949741601093,42.03989988221437,621.5697985199145,2139
2753.0,6796,0,6,2,11.52104090502926,42.1434667451442,621.4842281444625,2169
2754.0,6797,0,5,4,11.494677333651302,42.26143887008975,621.6018614721335,2197
2755.0,6797,0,2,2,11.471651691031829,42.379579226129174,621.9842999247197,2213
2756.0,6799,0,5,3,11.43303836663557,42.54787468745404,622.0980822197309,2243
2757.0,6804,0,6,1,11.405766804415451,42.64256319811875,622.1730879721762,2275
2758.0,6805,0,3,2,11.36589059483498,42.81072740631888,622.5131115789179,2283
2759.0,6805,0,4,4,11.332643532081205,42.985598824393826,622.9359680314832,2306
2760.0,6811,0,6,0,11.30559981480737,43.125091763324036,622.9271304613433,2334
2761.0,6808,0,1,4,11.266899867455825,43.299941245593416,623.3264407971647,2353
2762.0,6811,0,6,3,11.24176431703078,43.471296432241964,623.3148087539239,2375
2763.0,6813,0,3,1,11.215397052362011,43.64875972405695,623.5812611442925,2399
2764.0,6815,0,2,0,11.191352800131803,43.754952311078505,623.9453956739227,2416
2765.0,6817,0,3,1,11.162357020406263,43.912424820302185,624.3039325531304,2435
2766.0,6819,0,4,2,11.133089812070848,44.04604780759642,624.4457766895935,2450
2767.0,6819,0,2,2,11.103415000420068,44.14180964950872,624.9762247079077,2454
2768.0,6823,0,5,1,11.0923760420919,44.233035321706,625.0428971705396,2471
2769.0,6827,0,5,1,11.079647070098888,44.34671158634832,625.2205596220397,2477
2770.0,6826,0,1,2,11.049708338020318,44.50014649868151,625.63564473652,2496
2771.0,6830,0,5,1,11.032787772658212,44.63367496339678,625.819496965145,2522
2772.0,6833,0,5,2,11.022300963979948,44.80769793648471,626.067614814827,2562
2773.0,6840,0,7,0,11.008176301322573,44.950730994152046,625.9869793586539,2587
2774.0,6836,0,1,5,10.973603031664311,45.13560561732007,626.532030487106,2602
2775.0,6840,0,5,1,10.953905717442362,45.32309941520468,626.7171782364653,2622
2776.0,6838,0,4,6,10.924209604969196,45.545773618016966,626.7393498482545,2639
2777.0,6839,0,4,3,10.90081067205902,45.73724228688405,626.9923166603172,2661
2778.0,6838,0,3,4,10.868509714601997,45.98011114360924,627.3155519028428,2688
2779.0,6836,0,2,4,10.843683599284143,46.24619660620246,627.892447068057,2683
2780.0,6837,0,2,1,10.823713717605616,46.48851835600409,628.3710609474944,2703
2781.0,6838,0,4,3,10.817161654534218,46.73427902895583,628.6593280882482,2729
2782.0,6838,0,2,2,10.795200092049889,46.964902018133955,629.2204524466563,2753
2783.0,6837,0,0,1,10.783563626342154,47.20769343279216,629.7235220061827,2765
2784.0,6837,0,2,2,10.768038575897263,47.484861781483104,630.2599976014128,2783
2785.0,6838,0,2,1,10.74916805218232,47.74656332260895,630.6195898594345,2809
2786.0,6839,0,3,2,10.73188693444645,48.003070624360284,630.9782352789099,2816
2787.0,6839,0,3,3,10.706835619773598,48.26202661207779,631.2331623524675,2835
2788.0,6837,0,2,4,10.671848675332555,48.5373701916045,631.5610161298457,2843
2789.0,6840,0,4,1,10.649562122728533,48.78845029239766,631.8013022693427,2852
2790.0,6840,0,3,3,10.618607455527652,49.07324561403509,632.1254739761314,2876
2791.0,6842,0,3,1,10.666579588432768,47.98509207833967,632.3559278748276,2655
2792.0,6847,0,5,0,10.767615615599166,47.24171169855411,632.4675266569317,2502
2793.0,6848,0,3,2,10.877452620671654,46.70735981308411,632.9001244721286,2382
2794.0,6850,0,3,1,10.98679702714098,46.339854014598544,633.168905202898,2294
2795.0,6849,0,1,2,11.105148845580944,46.13038399766389,633.6803055736159,2228
2796.0,6853,0,5,1,11.244884809038018,45.912155260469866,633.8470777773146,2181
2797.0,6852,0,2,3,11.372338021484598,45.75452422650321,634.201420939525,2131
2798.0,6853,0,3,2,11.469331921552948,45.63359112797315,634.4814385745294,2105
2799.0,6854,0,4,3,11.560145632095894,45.51546542165159,634.7250325779407,2083
2800.0,6854,0,1,1,11.642706442327276,45.43930551502772,635.1040126181914,2051
2801.0,6855,0,4,3,11.701008680524223,45.36761487964989,635.2594351464558,2043
2802.0,6854,0,1,2,11.757292676507038,45.311788736504234,635.7158762184555,2032
2803.0,6853,0,0,1,11.79763644246542,45.27622938858894,636.1256156010176,2013
2804.0,6854,1235,3,2,11.836955431462592,45.20892909250073,636.3938963054886,2001
2805.0,6856,0,3,1,11.87369669966359,45.105455075845974,636.6560590664355,1979
2806.0,6856,0,3,3,11.896245287907686,45.01852392065344,637.0633034222406,1973
2807.0,6856,0,2,2,11.910102311072826,45.013564760793464,637.2916901206595,1989
2808.0,6859,0,4,1,11.921050360510279,44.98425426447004,637.4983482958936,1982
2809.0,6861,0,4,2,11.927976354721599,44.975805276198805,637.7853969888681,1975
2810.0,6864,0,5,2,11.943783567193405,44.9752331002331,637.9762112501267,1980
2811.0,6866,0,3,1,11.937968104038573,44.9659190212642,638.2692634915802,1974
2812.0,6864,0,3,5,11.928497064025537,45.03117715617716,638.6526006855519,1968
2813.0,6862,0,1,3,11.923331857694592,44.96517050422617,639.0506228086249,1948
2814.0,6862,0,2,2,11.922476632503807,45.01850772369571,639.3920359344986,1959
2815.0,6862,0,3,3,11.909309734451929,45.05727193238123,639.7325987338199,1953
2816.0,6863,0,3,2,11.909499394964062,45.08115984263441,639.9253398414705,1954
2817.0,6861,0,3,5,11.887120268923871,45.12111937035417,640.3454934876353,1969
2818.0,6865,0,6,2,11.885675474969311,45.12367079388201,640.2905950662742,1978
2819.0,6867,0,4,2,11.858111989291091,45.15334207077326,640.5276497016293,1986
2820.0,6867,0,0,0,11.824964928510383,45.178680646570555,641.0199261997268,1998
2821.0,6870,0,3,0,11.810407650930568,45.22227074235808,641.2325280700346,1997
2822.0,6868,0,1,3,11.778550751235903,45.30227140361095,641.6391190776275,2002
2823.0,6874,0,7,1,11.765336653315751,45.327465813209194,641.56048386174,2012
2824.0,6876,0,3,1,11.747610074345769,45.318353694008145,641.7644984866914,2013
2825.0,6878,0,4,2,11.718615269020493,45.3371619656877,641.8868569468732,2022
2826.0,6880,0,3,1,11.712621092894,45.38357558139535,642.1987592999932,2029
2827.0,6882,0,4,2,11.706438943637117,45.387968613775065,642.3769420120602,2026
2828.0,6884,0,4,2,11.71426382375302,45.38843695525857,642.5713835044438,2021
2829.0,6885,0,4,3,11.697007604654784,45.4641975308642,642.8673252751636,2028
2830.0,6888,0,4,1,11.67501964950393,45.495789779326365,642.975234756528,2037
2831.0,6888,0,3,3,11.629152412124034,45.5181475029036,643.4522750418107,2044
2832.0,6887,0,2,3,11.581324607012636,45.572963554523014,643.8824681789214,2057
2833.0,6887,0,1,1,11.540812441221057,45.62639756062146,644.240386479204,2072
2834.0,6887,0,5,5,11.490683476966495,45.72339189777842,644.5223932427948,2086
2835.0,6890,0,5,2,11.43855946314613,45.78084179970973,644.6419234764885,2100
2836.0,6891,0,3,2,11.387008910204413,45.77390799593673,645.0199753805582,2105
2837.0,6892,0,2,1,11.3439029380915,45.8125362739408,645.3412233489587,2121
2838.0,6896,0,4,0,11.320908379585132,45.842662412993036,645.4951285548334,2137
2839.0,6899,0,4,1,11.294975229158942,45.89201333526598,645.6365285168775,2178
2840.0,6901,0,3,1,11.264408376255156,45.976090421678016,645.9554574668739,2200
2841.0,6902,0,3,2,11.240449826575883,46.07592002318169,645.9906836364752,2239
2842.0,6904,0,5,3,11.227633740934857,46.148319814600235,646.2834543184381,2265
2843.0,6906,0,2,0,11.209425457940403,46.185780480741386,646.6312983301069,2265
2844.0,6909,0,5,2,11.189864705248922,46.27355623100304,646.5837112854291,2305
2845.0,6915,0,7,1,11.171226617282375,46.361388286334055,646.3589933947027,2326
2846.0,6918,0,3,0,11.138450079617508,46.46111592945938,646.617627064102,2332
2847.0,6917,0,2,3,11.09487940159137,46.58536937978893,646.808001622022,2340
2848.0,6916,0,2,3,11.054289324120573,46.76041064198959,647.104662589706,2355
2849.0,6917,0,3,2,11.025391468885685,46.900824056671965,647.4156434383339,2384
2850.0,6918,0,3,2,10.995992717345556,47.06215669268575,647.5821458320961,2422
2851.0,6923,0,8,3,10.979364771263176,47.16105734508161,647.5146435990084,2430
2852.0,6922,0,3,4,10.962153937228148,47.31840508523548,647.9603829106294,2448
2853.0,6925,0,4,1,10.949790566175677,47.48259927797834,648.1685566656089,2473
2854.0,6925,0,1,1,10.932250820306574,47.61703971119134,648.6765069741149,2485
2855.0,6930,0,5,0,10.925294084276194,47.72251082251082,648.760044078266,2487
2856.0,6932,0,3,1,10.917954229253557,47.853577611079054,649.1229708776882,2493
2857.0,6932,0,2,2,10.906883912506023,48.027409117137914,649.6701241393506,2508
2858.0,6935,0,3,0,10.897100839055165,48.22321557317952,649.9437405324318,2531
2859.0,6938,0,4,1,10.874686685901745,48.46266935716345,650.2086290367554,2561
2860.0,6941,0,5,2,10.853586657127648,48.64572828122749,650.464148383998,2574
2861.0,6941,0,2,2,10.83420847867437,48.863276184987754,650.8524134511625,2601
2862.0,6944,0,4,1,10.8133878675834,49.06466013824885,650.9945126850814,2624
2863.0,6946,0,2,0,10.794704068575774,49.3052116325943,651.3693420024994,2653
2864.0,6949,0,4,1,10.790446795617022,49.52741401640524,651.5073523880468,2662
2865.0,6950,0,1,0,10.764471597063764,49.76359712230216,651.9783430732178,2681
2866.0,6954,0,4,0,10.73818697914293,49.97540983606557,652.1695712681324,2697
2867.0,6959,0,5,0,10.717486544966022,50.17445035206208,652.2682804088721,2713
2868.0,6962,0,6,3,10.68480335626898,50.38710140764148,652.3752639206966,2731
2869.0,6963,0,2,1,10.665478018681547,50.63995404279765,652.7803510182036,2759
2870.0,6964,0,3,2,10.640636429117555,50.89431361286617,653.0999962427627,2776
2871.0,6969,0,6,1,10.625255462904068,51.10575405366624,653.0429649713344,2813
2872.0,6969,0,2,2,10.616430502054326,51.36404075190128,653.2753140070884,2837
2873.0,6971,0,2,0,10.605330807616832,51.62587864008033,653.6632640070941,2861
2874.0,6971,0,2,2,10.55700736652991,51.918376129680105,654.1979664241861,2874
2875.0,6972,0,3,2,10.530981857488165,52.184882386689615,654.4209821925656,2897
2876.0,6973,0,2,1,10.498993192289136,52.46938190162054,654.8857470409181,2918
2877.0,6975,0,3,1,10.468558238734873,52.75956989247312,655.2124669887969,2924
2878.0,6975,0,1,1,10.437208654638953,53.0526164874552,655.5563148877458,2952
2879.0,6980,0,5,0,10.420676953101847,53.329799426934095,655.6746014672899,2976
2880.0,6979,0,2,3,10.407326367389292,53.676314658260495,656.0160016238864,3012
2881.0,6981,0,2,0,10.446574764123973,52.68356968915628,656.4153662891953,2817
2882.0,6985,0,4,0,10.520011116935333,52.037795275590554,656.6213902716045,2678
2883.0,6988,0,4,1,10.611327103925131,51.54221522610189,656.8017907725407,2563
2884.0,6990,0,3,1,10.724643829216145,51.21287553648069,656.9926408914768,2483
2885.0,6992,0,2,0,10.847473928953223,50.910183066361554,657.3625506588438,2419
2886.0,6992,0,2,2,10.970361627475578,50.68421052631579,657.8610725281402,2358
2887.0,6991,0,3,4,11.103919176422114,50.5472750679445,658.3101453863559,2309
2888.0,6993,0,3,1,11.210340891932077,50.44344344344344,658.5469193625548,2277
2889.0,6995,0,4,2,11.292300620280999,50.39185132237312,658.6247626298615,2254
2890.0,6995,0,4,4,11.371683014167445,50.333380986418874,658.6484956527385,2206
2891.0,6996,0,1,0,11.436725212850297,50.29030874785592,659.0705129320936,2176
2892.0,6997,0,3,2,11.50090757228457,50.22038016292697,659.3448632741683,2145
2893.0,6998,0,3,2,11.549932212063046,50.21649042583595,659.5086371548215,2146
2894.0,7002,0,5,1,11.5994983434494,50.16966580976864,659.4939472255422,2128
2895.0,7004,0,6,4,11.642159347485846,50.131924614506,659.4576434549089,2124
2896.0,7005,0,3,2,11.658563029959334,50.07037830121342,659.8545037807581,2103
2897.0,7005,0,2,2,11.671590065285164,49.98857958600999,660.1095459338194,2090
2898.0,7003,0,0,2,11.694992287451113,49.914036841353706,660.4192817888988,2045
2899.0,7004,0,3,2,11.724058464822045,49.9154768703598,660.7113310262479,2049
2900.0,7004,0,3,3,11.751262060444589,49.90762421473444,660.9315238459448,2040
2901.0,7003,0,1,2,11.756844486049756,49.93902613165786,661.5153758243531,2042
2902.0,7003,0,3,3,11.772200631848783,49.96372983007283,661.8830157149442,2045
2903.0,7004,0,2,1,11.774846534789138,49.962307252998286,662.2755722169616,2038
2904.0,7005,0,3,2,11.779984150552519,49.989721627409,662.4476949745131,2044
2905.0,7007,0,4,2,11.775720701309545,50.00228343085486,662.5647934347351,2059
2906.0,7004,0,0,3,11.763501026449998,50.04683038263849,663.2115903370102,2075
2907.0,7003,0,0,1,11.75190760146403,50.05983150078538,663.5972793072434,2068
2908.0,7003,0,3,3,11.742974457941594,50.0798229330287,663.8694552497833,2073
2909.0,7004,0,3,2,11.724102997965135,50.131210736721876,664.1285005520851,2068
2910.0,7005,0,3,2,11.700568050407364,50.167309064953606,664.2757008726759,2087
2911.0,7000,0,1,6,11.664109154473499,50.25271428571428,664.7073672203827,2079
2912.0,6999,0,2,3,11.646563680172074,50.25732247463923,665.0903863081918,2074
2913.0,7000,0,4,3,11.634560924164955,50.29071428571429,665.0815171262506,2092
2914.0,6997,0,1,4,11.613384522069095,50.360154351865084,665.7299984432846,2095
2915.0,7001,0,5,1,11.615949023689424,50.400942722468216,665.8353993012769,2091
2916.0,7001,0,5,5,11.610174577230133,50.479788601628336,666.0003863967057,2118
2917.0,7000,0,2,3,11.587154379245927,50.536142857142856,666.3666839055952,2123
2918.0,7001,0,2,1,11.569893855196902,50.60791315526353,666.7781405816995,2143
2919.0,7000,0,2,3,11.526255292526608,50.64714285714286,667.1956743903944,2150
2920.0,7002,0,5,3,11.49567946782362,50.723221936589546,667.262991899779,2184
2921.0,7006,0,4,0,11.470752679825722,50.780616614330576,667.3967217910108,2186
2922.0,7007,0,4,3,11.435054455613102,50.857856429285,667.6673377247982,2203
2923.0,7007,0,2,2,11.403736645956288,50.94319965748537,668.0695839259444,2209
2924.0,7010,0,6,3,11.368414329145724,50.990727532097004,668.1173375429745,2211
2925.0,7012,0,4,2,11.327570858943373,51.04806046776954,668.3037228538885,2213
2926.0,7010,0,1,3,11.312777246492077,51.08388017118402,668.76376716824,2235
2927.0,7009,0,2,3,11.278612365089177,51.145099158225136,669.2544094495338,2248
2928.0,7007,0,1,3,11.264453750482781,51.234765234765234,669.6376972151338,2262
2929.0,7008,0,5,4,11.234147442253969,51.31364155251141,669.5984740784851,2284
2930.0,7008,0,2,2,11.220883677229653,51.4136700913242,669.9349487038799,2317
2931.0,7009,0,3,2,11.216591835243237,51.50634897988301,670.0092218815771,2336
2932.0,7011,0,4,2,11.198921535492921,51.602767080302385,670.2026811403731,2359
2933.0,7010,0,3,4,11.194993110861509,51.709843081312414,670.4791228643976,2370
2934.0,7018,0,9,1,11.185510933965164,51.77073240239385,670.0493694035607,2386
2935.0,7015,0,2,5,11.173778597486958,51.928296507483964,670.1918835084612,2415
2936.0,7018,0,3,0,11.160947842447236,52.05842120262183,670.4432898184109,2433
2937.0,7018,0,2,2,11.143516608871204,52.21316614420063,670.8176676454441,2466
2938.0,7021,0,7,4,11.116847723350006,52.382993875516306,670.6141639455716,2486
2939.0,7022,0,2,1,11.099870215939672,52.55895756194816,670.9505212056052,2518
2940.0,7026,0,5,1,11.085179674899544,52.71050384286934,670.9945801845121,2543
2941.0,7026,0,2,2,11.060200837502876,52.85155138058639,671.2505900976282,2566
2942.0,7031,0,7,2,11.048999326038848,52.984923908405634,671.1077294309803,2595
2943.0,7031,0,3,3,11.045661636988184,53.16384582562936,671.4751175616334,2613
2944.0,7032,0,3,2,11.03172215507787,53.365898748577926,671.8642785992135,2647
2945.0,7033,0,5,4,11.016256913421284,53.49338831224229,671.9819520647187,2660
2946.0,7039,0,8,2,11.00198654317335,53.60363688023867,671.8530516158336,2674
2947.0,7040,0,3,2,10.97437065988464,53.802414772727275,672.2025726013421,2680
2948.0,7042,0,6,4,10.949691306879256,53.93155353592729,672.3133706829186,2686
2949.0,7042,0,6,6,10.917675247220929,54.13050269809713,672.4587923941206,2710
2950.0,7045,0,3,0,10.876822405047049,54.32334989354152,672.7322956294112,2746
2951.0,7045,0,3,3,10.852816383483134,54.56380411639461,673.1569589439617,2769
2952.0,7042,0,3,6,10.825985077523548,54.814257313263276,673.5577052611806,2787
2953.0,7045,0,5,2,10.812076239947842,55.022569198012775,673.6700075594545,2810
2954.0,7043,0,2,4,10.78860884766609,55.28723555303138,674.0981984998226,2832
2955.0,7041,0,0,2,10.754465753089647,55.51214316148275,674.779612812149,2837
2956.0,7046,0,7,2,10.741153263037878,55.67527675276753,674.6896920225744,2856
2957.0,7048,0,4,2,10.709722654317465,55.89982973893303,674.8235305956076,2878
2958.0,7051,0,6,3,10.687247937107259,56.1242376967806,674.6767175091028,2897
2959.0,7055,0,5,1,10.67433032552536,56.39688164422395,674.6810725625996,2933
2960.0,7058,0,5,2,10.662192810582951,56.62907339189572,674.7726876878048,2950
2961.0,7061,0,6,3,10.67120479063002,56.84520606146438,674.8447182632974,2969
2962.0,7063,0,3,1,10.65511138931789,57.07064986549625,675.1753525304745,2985
2963.0,7064,0,4,3,10.639125318378627,57.252265005662515,675.2777182531232,2993
2964.0,7066,0,5,3,10.625716657851974,57.44381545428814,675.5442826123705,3007
2965.0,7067,0,3,2,10.599165778297811,57.65317673694637,675.9264447302132,3010
2966.0,7068,0,2,1,10.572960036507908,57.93732314657612,676.4074857081769,3041
2967.0,7067,0,3,4,10.541378204307794,58.21748974104995,676.7590370045992,3082
2968.0,7067,0,1,1,10.512713133311886,58.52865430875902,677.086083017287,3117
2969.0,7070,0,6,3,10.484823296160718,58.81188118811881,677.1572571509079,3130
2970.0,7070,0,2,2,10.462920917350976,59.098868458274396,677.5444589034677,3149
2971.0,7074,0,5,1,10.490497889948033,58.18645744981623,677.72754069991,2962
2972.0,7074,0,2,2,10.549235605020613,57.59117896522476,678.1256034101473,2823
2973.0,7073,0,0,1,10.623395205894735,57.112540647532875,678.7961853941871,2700
2974.0,7075,0,3,1,10.717190456289217,56.661060070671375,679.0013453967294,2616
2975.0,7076,0,2,1,10.840144539487715,56.27699265121537,679.4640183423475,2539
2976.0,7075,0,1,2,10.960851526321624,56.01964664310954,680.0581064523656,2470
2977.0,7078,0,4,1,11.082790476674077,55.791607798813224,680.1848714240692,2423
2978.0,7078,0,0,0,11.195070948670129,55.621079400960724,680.7220098434179,2377
2979.0,7079,0,3,2,11.286129809225711,55.48368413617742,680.9886848887855,2342
2980.0,7078,0,2,3,11.37250055870662,55.259819157954226,681.2128643701394,2306
2981.0,7076,0,1,3,11.447189564623898,55.182023742227244,681.8546462073389,2283
2982.0,7074,0,1,3,11.51406777128005,55.07916313259825,682.163408346478,2249
2983.0,7075,0,3,2,11.568425893364235,55.022897526501765,682.3935269741994,2234
2984.0,7078,0,4,1,11.614740122528916,54.96128849957615,682.5293534763916,2211
2985.0,7082,0,5,1,11.649698542322833,54.88576673256142,682.6480624684629,2212
2986.0,7080,0,1,3,11.671244489491343,54.83771186440678,683.1367569068848,2202
2987.0,7079,0,2,3,11.68982549017657,54.87003814098036,683.1865729061947,2191
2988.0,7080,0,2,1,11.710896335124609,54.85635593220339,683.5772271419657,2187
2989.0,7080,0,2,2,11.737132619681404,54.875,684.000421234117,2166
2990.0,7082,0,2,0,11.751266954474398,54.87630612821237,684.3074204951637,2176
2991.0,7082,0,1,1,11.766671684545766,54.89240327591076,684.6687938864264,2171
2992.0,7085,0,3,0,11.78208181442493,54.87452364149612,684.8766648557446,2173
2993.0,7085,0,3,3,11.786994627504006,54.87085391672548,685.1827116127963,2168
2994.0,7086,0,1,0,11.777852501588095,54.89980242732148,685.5837560098037,2165
2995.0,7085,0,1,2,11.76921996532047,54.84220183486239,685.9696064065965,2144
2996.0,7085,0,1,1,11.765503612131335,54.86690190543401,686.3287008721559,2137
2997.0,7086,0,3,2,11.75014465802963,54.837002540220155,686.6173227190159,2128
2998.0,7092,0,7,1,11.740634581577096,54.7580372250423,686.5337316519447,2118
2999.0,7092,0,1,1,11.735120110353815,54.75056401579244,686.906304377857,2111
3000.0,7096,0,6,2,11.732882168779657,54.675169109357384,686.8610040969033,2110
3001.0,7100,0,4,0,11.73612590625404,54.66774647887324,686.9753945679614,2123
3002.0,7101,0,3,2,11.724769528192597,54.65878045345726,687.3767162347756,2121
3003.0,7101,0,3,3,11.721182203021515,54.70990001408252,687.5421301706565,2126
3004.0,7106,1177,6,1,11.723380134392007,54.68491415705038,687.511576300054,2152
3005.0,7107,0,1,0,11.71162657597533,54.736316307865486,687.9189882800008,2166
3006.0,7109,0,3,1,11.706998359853864,54.745111830074556,688.0988141355972,2180
3007.0,7110,0,1,0,11.696612871701632,54.773699015471166,688.5082556596691,2189
3008.0,7110,0,1,1,11.684954547089086,54.832489451476796,689.0130591103823,2191
3009.0,7108,0,2,4,11.658699583958084,54.89462577377603,689.5136717761152,2188
3010.0,7108,0,1,1,11.628451571851107,54.95990433314575,689.8808414909922,2198
3011.0,7112,0,4,0,11.618411185427716,55.02980877390326,690.0054878021059,2217
3012.0,7113,0,2,1,11.594628080427183,55.1120483621538,690.2762569442248,2230
3013.0,7115,0,2,0,11.566058264010262,55.135769501054114,690.5990895857165,2247
3014.0,7116,0,2,1,11.542912938009554,55.1734120292299,690.8181395877431,2267
3015.0,7118,0,3,1,11.51256471155778,55.231525709468954,691.0905243544347,2284
3016.0,7122,0,4,0,11.485395623219777,55.20935130581297,691.2255385388681,2278
3017.0,7123,0,3,2,11.466714783122852,55.22574757826759,691.5600162644296,2297
3018.0,7120,0,0,3,11.445258502919515,55.23792134831461,691.8280617499937,2293
3019.0,7120,0,1,1,11.418648345417655,55.25365168539326,692.3024594874497,2308
3020.0,7121,0,3,2,11.395666069367396,55.242943406824885,692.4974346784787,2333
3021.0,7123,0,3,1,11.368508009319518,55.31222799382283,692.7910775597658,2350
3022.0,7122,0,1,2,11.344011132632563,55.381634372367316,693.2900513433426,2370
3023.0,7124,0,4,2,11.325461935283872,55.43444693992139,693.4031765169517,2394
3024.0,7126,0,4,2,11.300458189826136,55.45691832725232,693.5861110540233,2411
3025.0,7132,0,6,0,11.28671705831116,55.51920919798093,693.5407674817272,2427
3026.0,7136,0,6,2,11.257874047449295,55.60874439461883,693.4047139288289,2453
3027.0,7138,0,3,1,11.214042195951995,55.6706360325021,693.6985997940166,2475
3028.0,7138,0,3,3,11.18229699962882,55.765060240963855,693.845938753211,2495
3029.0,7139,0,3,2,11.163225300413917,55.85530186300603,694.1358747124344,2514
3030.0,7141,0,4,2,11.129104377325069,56.00420109228399,694.1860733715341,2550
3031.0,7145,0,6,2,11.113127583802948,56.06340097970609,694.1023257197178,2569
3032.0,7149,0,4,0,11.100323532274167,56.17373059169115,694.2671317572522,2580
3033.0,7152,0,4,1,11.075773132900716,56.21462527964206,694.3041919465276,2605
3034.0,7154,0,3,1,11.059916009497352,56.329326251048364,694.5423743929188,2636
3035.0,7158,0,6,2,11.051713142611204,56.41338362671137,694.4430437260277,2643
3036.0,7158,0,2,2,11.054796481691577,56.53897736797988,694.7287195645503,2669
3037.0,7159,0,2,1,11.048949444691054,56.702751780975,695.0360777175979,2678
3038.0,7156,0,1,4,11.044076824157761,56.87786472889883,695.5064298563341,2696
3039.0,7158,0,2,0,11.020748068917468,57.05099189717798,695.8716121617621,2724
3040.0,7165,0,7,0,11.00233662219943,57.186741102582,695.752156034684,2729
3041.0,7166,0,2,1,10.988845041314645,57.40943343566843,696.0848882412146,2771
3042.0,7168,0,4,2,10.960075651815004,57.63853236607143,696.2041601375696,2798
3043.0,7167,0,3,4,10.934445789909718,57.851960373936095,696.1727099896891,2822
3044.0,7168,0,5,4,10.912374138262868,58.08119419642857,696.2879617227144,2845
3045.0,7169,0,2,1,10.883185678267273,58.29404379969312,696.6294882298611,2859
3046.0,7169,0,2,2,10.863303467849049,58.4979774027061,696.9510614644427,2884
3047.0,7169,0,3,3,10.830041868738705,58.70958292648905,696.9627160430102,2903
3048.0,7169,0,3,3,10.809608138965741,58.93764820756033,697.1286667463133,2913
3049.0,7171,0,3,1,10.806356026379937,59.16008924836146,697.3979639671935,2933
3050.0,7171,0,2,2,10.782850577367835,59.40147817598661,697.7500486733612,2952
3051.0,7171,0,1,1,10.76243534758378,59.674382931250875,698.2062467230878,2963
3052.0,7172,0,3,2,10.738766034510824,59.920942554378136,698.4727080044412,2979
3053.0,7174,0,2,0,10.716221049028304,60.14120434903819,698.8562937349608,2995
3054.0,7175,0,4,3,10.680623257593933,60.43261324041812,699.085832713768,3005
3055.0,7177,0,2,0,10.659593889178545,60.696251915842275,699.4724082271471,3020
3056.0,7176,0,2,3,10.619685539703598,60.99414715719063,699.7513397890882,3047
3057.0,7177,0,3,2,10.596145159712629,61.32102549811899,700.0034977437537,3077
3058.0,7177,0,2,2,10.564994479981154,61.61390553155915,700.5216741342841,3112
3059.0,7181,0,4,0,10.54214276671201,61.88692382676508,700.7182963739934,3127
3060.0,7183,0,5,3,10.510930040858817,62.176110260336905,700.8725792476622,3133
3061.0,7185,0,4,2,10.539220035687014,61.25553235908142,701.0733319282133,2939
3062.0,7184,0,2,3,10.594309950000477,60.640172605790646,701.4958784651834,2793
3063.0,7184,0,3,3,10.685096725959973,60.128062360801785,701.9709907449435,2672
3064.0,7185,0,4,3,10.780839060266935,59.69812108559499,702.1186496366043,2572
3065.0,7185,0,1,1,10.89951187753491,59.41851078636047,702.532165498004,2509
3066.0,7186,0,2,1,11.030098334777469,59.13359309768995,702.9168591380175,2440
3067.0,7187,0,2,1,11.151655494617785,58.923890357590096,703.2505371221441,2388
3068.0,7188,0,1,0,11.276750375127278,58.6661101836394,703.6859842824061,2335
3069.0,7189,0,3,2,11.377513447095243,58.50799833078314,703.9716442626245,2322
3070.0,7189,0,2,2,11.44551457522363,58.468493531784674,704.1980703652463,2306
3071.0,7187,0,0,2,11.506774765938898,58.43787393905663,704.7141437621192,2281
3072.0,7188,0,2,1,11.552402684578022,58.415275459098496,705.0761540935449,2268
3073.0,7189,0,6,5,11.584861632493894,58.388788426763114,705.0138991230742,2283
3074.0,7190,0,3,2,11.622503828434512,58.337134909596664,705.1837022935871,2273
3075.0,7190,0,3,3,11.64325120275902,58.242559109874826,705.6160916944691,2245
3076.0,7188,0,4,6,11.645641168826568,58.246661101836395,705.5423613731632,2242
3077.0,7188,0,4,4,11.66752950278508,58.207846410684475,705.5746460198962,2223
3078.0,7187,0,2,3,11.67661977426231,58.20425768749131,706.0096366099278,2227
3079.0,7188,0,3,2,11.695060317532443,58.217584863661656,706.3326298270842,2208
3080.0,7192,0,4,0,11.710686270325436,58.154894327030036,706.4401782548919,2204
3081.0,7194,0,5,3,11.72224936194084,58.14929107589658,706.5224644471741,2216
3082.0,7196,0,4,2,11.73227353037302,58.1630072262368,706.7485231755351,2204
3083.0,7197,0,2,1,11.73115673463107,58.17187717104349,707.146790085225,2210
3084.0,7199,0,3,1,11.726400808295468,58.17891373801917,707.4250799838527,2209
3085.0,7199,0,2,2,11.707899984180552,58.206139741630786,707.7672865639017,2200
3086.0,7199,0,2,2,11.692435614528089,58.20780663981108,708.1645638387158,2196
3087.0,7196,0,0,3,11.675436272737208,58.24166203446359,708.6311282973488,2209
3088.0,7196,0,2,2,11.672711045291528,58.23012784880489,708.6927113258151,2202
3089.0,7198,0,4,2,11.668083104780708,58.25965545984996,708.9314829953486,2206
3090.0,7197,0,0,1,11.673252073217327,58.2773377796304,709.3833295766914,2203
3091.0,7198,0,2,1,11.678090396230997,58.27090858571825,709.7247250116637,2204
3092.0,7197,0,1,2,11.667718142122428,58.28984299013478,710.2609976838903,2196
3093.0,7203,0,6,0,11.667670449103008,58.27210884353742,710.1762718102169,2195
3094.0,7203,0,3,3,11.658306277378806,58.28529779258642,710.303608019753,2200
3095.0,7205,0,3,1,11.653150801555292,58.33102012491325,710.5483115563859,2197
3096.0,7208,0,5,2,11.652474630298205,58.347946725860155,710.7004744007982,2203
3097.0,7207,0,1,2,11.630488286748793,58.36381295962259,711.2556697373992,2201
3098.0,7208,0,2,1,11.59464695130093,58.39012208657048,711.6024418721831,2208
3099.0,7211,0,4,1,11.574132996219756,58.37040632367217,711.6728123920986,2218
3100.0,7211,0,4,4,11.543241163332418,58.43170156705034,711.9793281736179,2237
3101.0,7210,0,1,2,11.516487200088052,58.51803051317614,712.3105628727925,2248
3102.0,7213,0,3,0,11.498095771476748,58.60474143906835,712.5320525672576,2253
3103.0,7215,0,4,2,11.467478751689525,58.68218988218988,712.7930605898797,2270
3104.0,7214,0,3,4,11.406761397549666,58.80246742445245,713.1141293395511,2302
3105.0,7211,0,1,4,11.344005613534101,58.8532797115518,713.7547207106804,2310
3106.0,7209,0,2,4,11.29331556396102,58.89194062976834,714.2182182391799,2313
3107.0,7210,0,2,1,11.25284736497228,58.88030513176144,714.5251779102011,2326
3108.0,7210,0,1,1,11.212120164565055,58.961581137309295,715.0254168049051,2355
3109.0,7206,0,0,4,11.167448332178322,59.123508187621425,715.4463067629669,2371
3110.0,7209,0,4,1,11.126904482764415,59.19725343320849,715.5425290451388,2395
3111.0,7210,0,3,2,11.09214854794505,59.27614424410541,715.6773658035279,2415
3112.0,7213,0,6,3,11.07416958049353,59.33661444613892,715.6782103953173,2428
3113.0,7214,0,5,4,11.068445875647209,59.39354033823122,715.7944700363521,2443
3114.0,7216,0,2,0,11.065667828095147,59.47339246119734,716.1406982548862,2471
3115.0,7220,0,5,1,11.063814858184084,59.5483379501385,716.2739047941135,2489
3116.0,7221,0,4,3,11.046475722915156,59.65808059825509,716.6078579782323,2515
3117.0,7222,0,4,3,11.037381358773715,59.76308501800055,716.8657786204694,2534
3118.0,7221,0,6,7,11.01903061809021,59.869685639108155,716.9078901486239,2548
3119.0,7220,0,2,3,10.998086807582569,60.04293628808864,717.3128463967502,2587
3120.0,7218,0,2,4,10.95998726857609,60.185646993627046,717.9198254698019,2593
3121.0,7218,0,1,1,10.933924265683826,60.27847049044057,718.2538217505546,2615
3122.0,7218,0,1,1,10.905748728184987,60.413965087281795,718.8073677246967,2640
3123.0,7218,0,3,3,10.888246230662388,60.54682737600444,718.9415750948382,2652
3124.0,7220,0,5,3,10.881442074030856,60.65886426592798,719.0930144290556,2676
3125.0,7219,0,2,3,10.87029371187081,60.76534146003602,719.5941668821464,2690
3126.0,7217,0,2,4,10.85557951674049,60.92046556741028,719.7975785730146,2708
3127.0,7220,0,5,2,10.84154608345041,61.04210526315789,719.9973761020487,2723
3128.0,7222,0,3,1,10.821757181395887,61.168374411520354,720.0414150721764,2731
3129.0,7223,0,5,4,10.804459765834373,61.333933268724905,720.1989677344316,2743
3130.0,7222,0,1,2,10.785940464349475,61.5531708667959,720.4537923673078,2758
3131.0,7222,0,2,2,10.767954958888255,61.71600664635835,720.9997534169236,2780
3132.0,7225,0,4,1,10.755158706809059,61.88179930795848,721.0296564285813,2794
3133.0,7228,0,5,2,10.740822900855035,62.06460985058107,721.0576431947741,2809
3134.0,7232,0,7,3,10.722653129884504,62.2170907079646,720.7181627542399,2830
3135.0,7230,0,1,3,10.704681635294149,62.43526970954357,721.1539076022339,2847
3136.0,7231,0,4,3,10.681855689977906,62.6849675010372,721.5274113285557,2872
3137.0,7232,0,4,3,10.662434791615356,62.94911504424779,721.8999953387996,2902
3138.0,7231,0,2,3,10.642591721000317,63.25072604065828,722.2939641175507,2940
3139.0,7229,0,2,4,10.60784802353227,63.56702171807996,722.8043524948969,2960
3140.0,7227,0,0,2,10.573369895441099,63.88598311885983,723.3919755272096,2987
3141.0,7228,0,2,1,10.560319448175708,64.14457664637521,723.7446232486604,2999
3142.0,7233,0,6,1,10.547750595952811,64.34729711046592,723.7874272663585,3028
3143.0,7235,0,3,1,10.538670678547161,64.59599170697996,724.0463714093623,3043
3144.0,7236,0,2,1,10.5304435660178,64.84425096738529,724.398918211894,3046
3145.0,7242,0,6,0,10.553626368021277,65.0956917978459,724.3861311894951,3076
3146.0,7245,0,5,2,10.552023778329335,65.33954451345755,724.4525856459123,3100
3147.0,7247,0,2,0,10.548082913385674,65.6275700289775,724.840713612798,3115
3148.0,7248,0,2,1,10.550904679371415,65.94108719646799,725.1851288893562,3145
3149.0,7253,0,6,1,10.534464365136406,66.23176616572452,725.2734836153054,3159
3150.0,7258,0,5,0,10.504190165686108,66.51639570129512,725.3660137192844,3187
3151.0,7260,0,2,0,10.54143151434754,65.64421487603306,725.7556931353897,2987
3152.0,7261,0,1,0,10.60384427819304,65.10384244594408,726.2406958105659,2858
3153.0,7263,0,4,2,10.694547512113873,64.75216852540272,726.5406530256241,2777
3154.0,7267,0,4,0,10.808361295054954,64.43209027108848,726.7110342185161,2701
3155.0,7267,0,1,1,10.938672484192915,64.21384340167882,727.2296275782231,2638
3156.0,7269,0,2,0,11.062838269957304,63.973448892557435,727.5818043641071,2557
3157.0,7270,0,3,2,11.182180014547946,63.857909215955985,727.8464902939259,2514
3158.0,7273,0,4,1,11.280360053214245,63.72459782758146,728.0238037455546,2482
3159.0,7272,0,1,2,11.366297031063116,63.68303080308031,728.4128768051359,2468
3160.0,7276,0,5,1,11.44122412025243,63.611874656404616,728.2685120461279,2442
3161.0,7275,0,1,2,11.493648341306933,63.6519587628866,728.8249827828932,2436
3162.0,7276,0,3,2,11.549717762121265,63.70821880153931,728.9636198212963,2424
3163.0,7280,0,5,1,11.58639938794391,63.70398351648352,728.9463039139858,2419
3164.0,7281,0,4,3,11.624293304847562,63.701551984617495,729.1566650698607,2413
3165.0,7280,0,1,2,11.647193547358373,63.73131868131868,729.5905878803735,2396
3166.0,7283,0,5,2,11.659185620287568,63.73664698613209,729.5946833734123,2392
3167.0,7287,0,4,0,11.686217292307301,63.66474543707973,729.6997144475216,2369
3168.0,7297,0,10,0,11.717239428316013,63.573797451007266,729.2033247865475,2348
3169.0,7301,0,5,1,11.729911337796095,63.57868785097932,729.2944269473212,2350
3170.0,7304,0,3,0,11.74486686316634,63.57119386637459,729.4965183469119,2337
3171.0,7305,0,3,2,11.755146172549681,63.63997262149213,729.6776625332155,2351
3172.0,7304,0,2,3,11.752752958404612,63.728368017524645,730.2456179994467,2353
3173.0,7304,0,2,2,11.744484968537785,63.797645125958375,730.7101918911376,2360
3174.0,7308,0,4,0,11.744478858470027,63.75054734537493,730.8122109254551,2351
3175.0,7311,0,3,0,11.737415134923582,63.7786896457393,731.014685028506,2346
3176.0,7313,0,3,1,11.75674703466856,63.78777519485847,731.2698460128487,2344
3177.0,7313,0,3,3,11.741758945047756,63.8305756871325,731.6864808855976,2345
3178.0,7313,0,4,4,11.735218502745829,63.78996307944756,731.7473318038075,2322
3179.0,7313,0,1,1,11.739027593222097,63.81102146861753,732.1451190071774,2324
3180.0,7315,0,2,0,11.735916837815097,63.86384142173616,732.4484497222336,2327
3181.0,7315,0,2,2,11.72688010136478,63.89377990430622,732.688403039732,2321
3182.0,7315,0,2,2,11.712413375432991,63.869583048530416,732.8614496008852,2325
3183.0,7319,0,6,2,11.699105440078956,63.85612788632327,732.8167108836416,2326
3184.0,7319,0,1,1,11.688724217072362,63.88249760896297,733.1980900144423,2337
3185.0,7317,0,0,2,11.673772164046724,63.89777231105644,733.718564551218,2343
3186.0,7314,0,1,4,11.648334749794348,63.905797101449274,734.2718841133251,2336
3187.0,7315,0,3,2,11.623130521339128,63.933014354066984,734.4548403692789,2346
3188.0,7319,0,5,1,11.621182095259513,63.9913922667031,734.5606933824903,2358
3189.0,7321,0,3,1,11.597376823146446,64.05818877202567,734.8129063784505,2366
3190.0,7322,0,2,1,11.557781202550602,64.17317672767004,735.0896640055016,2382
3191.0,7323,0,1,0,11.517993242634931,64.22750238973099,735.506512922772,2380
3192.0,7324,0,1,0,11.493861837405477,64.26802293828509,735.9249430746805,2378
3193.0,7325,0,2,1,11.453421439352322,64.35836177474403,736.2443299056523,2403
3194.0,7326,0,2,1,11.422865214714472,64.47297297297297,736.482734005769,2424
3195.0,7324,0,2,4,11.36711510081547,64.59858001092299,736.791903934275,2460
3196.0,7327,0,4,1,11.313381225542884,64.64214548928621,737.0187376026045,2465
3197.0,7328,0,2,1,11.267146721622387,64.64519650655022,737.2255389125527,2482
3198.0,7333,0,5,0,11.232625808429685,64.6818491749625,737.2590308343922,2508
3199.0,7335,0,4,2,11.193824894186083,64.70306748466258,737.2356641368399,2524
3200.0,7335,0,0,0,11.135868093364914,64.7822767552829,737.7775934599571,2573
3201.0,7330,0,0,5,11.077314353583082,64.93451568894952,738.4209526146408,2591
3202.0,7334,0,4,0,11.028491393021092,64.9783201527134,738.5660732007175,2610
3203.0,7333,0,2,3,10.992765215936375,65.10200463657439,738.8359195982583,2630
3204.0,7335,1226,5,3,10.953205181635203,65.2077709611452,738.8670030720231,2663
3205.0,7336,0,6,5,10.919975158829793,65.29212104689203,738.7295626682793,2694
3206.0,7332,0,2,6,10.888023566082357,65.42866884888161,739.1197770391356,2717
3207.0,7332,0,1,1,10.864622400058451,65.56369339879978,739.6274119814308,2733
3208.0,7336,0,4,0,10.843378385178413,65.67230098146129,739.7833691667688,2751
3209.0,7337,0,3,2,10.812687875517426,65.80264413247922,740.0993244914883,2767
3210.0,7339,0,4,2,10.781296814072256,65.96389153835672,740.4563802402445,2797
3211.0,7341,0,4,2,10.767195010689566,66.0615719929165,740.7725781502438,2816
3212.0,7346,0,6,1,10.7434929310308,66.15314456847264,740.7891438170977,2830
3213.0,7350,0,4,0,10.725556420379515,66.21931972789116,740.9525982016556,2847
3214.0,7351,0,1,0,10.716794603663056,66.33424023942321,741.4188141969468,2862
3215.0,7352,0,4,3,10.699521465613913,66.43239934711643,741.8671104168034,2868
3216.0,7351,0,1,2,10.685926055386243,66.52931573935518,742.1936765537605,2870
3217.0,7353,0,4,2,10.685145543618756,66.61077111383109,742.3858213487321,2876
3218.0,7353,0,1,1,10.675041137061974,66.80416156670746,742.7288541197436,2884
3219.0,7354,0,5,4,10.666570529720339,66.98504215392984,742.7069219160926,2899
3220.0,7357,0,3,0,10.657154562994956,67.14965339132799,742.9751315083854,2920
3221.0,7360,0,4,1,10.642934639122265,67.33070652173913,743.0673797024509,2947
3222.0,7362,0,3,1,10.626020969569481,67.54074979625102,743.2694049098758,2959
3223.0,7368,0,9,3,10.615214738723399,67.74104234527687,743.0310353320499,2982
3224.0,7369,0,3,2,10.621937629667276,67.95304654634279,743.3113730195491,3004
3225.0,7371,0,4,2,10.629949451110868,68.13851580518248,743.5249671934149,3009
3226.0,7374,0,4,1,10.639629449412155,68.3009221589368,743.6624452951911,3028
3227.0,7376,0,3,1,10.642289508117234,68.45553145336225,743.9933851095109,3023
3228.0,7376,0,2,2,10.63532331432111,68.6727223427332,744.5074172232204,3026
3229.0,7380,0,6,2,10.630090558739337,68.89593495934959,744.5876779336452,3041
3230.0,7381,0,3,2,10.60602400036186,69.13927652079664,744.9718332822571,3062
3231.0,7381,0,4,4,10.591832955011794,69.39154586099444,745.232181202301,3076
3232.0,7381,0,4,4,10.582819007391487,69.65546673892426,745.388046400319,3082
3233.0,7382,0,3,2,10.571531437476343,69.89772419398537,745.7673651969924,3100
3234.0,7383,0,4,3,10.555007891153897,70.18163348232426,745.8302847755415,3118
3235.0,7382,0,3,4,10.531786919400105,70.46748848550529,746.0931023807598,3135
3236.0,7382,0,3,3,10.504272525837335,70.7381468436738,746.4676694052846,3161
3237.0,7384,0,5,3,10.489056543564487,70.99295774647888,746.6095398383557,3173
3238.0,7386,0,4,2,10.471163646652768,71.27362577849986,746.8081510968636,3184
3239.0,7383,0,0,3,10.43980286776974,71.6058512799675,747.3900179697652,3203
3240.0,7386,0,4,1,10.428774665208303,71.88586515028432,747.516259040982,3229
3241.0,7386,0,3,3,10.458065665402215,71.02003790955862,747.8546842481934,3030
3242.0,7385,0,1,2,10.52630537596296,70.42816519972918,748.4800726065774,2880
3243.0,7385,0,4,4,10.620494304615496,70.02383209207854,748.6286045537698,2783
3244.0,7388,0,5,2,10.740867289903987,69.658229561451,748.695764569163,2688
3245.0,7391,0,4,1,10.880981893792809,69.31145988364227,748.8820304171147,2615
3246.0,7392,0,5,4,11.018158642414788,69.03841991341992,748.8504178543303,2546
3247.0,7392,0,1,1,11.143015413218647,68.85403138528139,749.2746011291088,2495
3248.0,7394,0,4,2,11.26583426820162,68.65187990262375,749.4057716703522,2424
3249.0,7394,0,3,3,11.36700072030043,68.51852853665135,749.7782070121597,2401
3250.0,7396,0,3,1,11.457809486848696,68.40941049215792,750.0880910844577,2368
3251.0,7395,0,1,2,11.520071668315714,68.3737660581474,750.6134969759376,2357
3252.0,7397,0,3,1,11.581387289568715,68.25699607949169,750.7778148734429,2340
3253.0,7397,0,3,3,11.633075392578942,68.20359605245369,751.0290050118977,2343
3254.0,7401,0,4,0,11.683792077656884,68.16308606945007,751.1261531108539,2350
3255.0,7399,0,1,3,11.711377077570472,68.10231112312475,751.2832488024668,2323
3256.0,7402,0,3,0,11.745624222570761,68.01985949743313,751.4782929195999,2303
3257.0,7409,0,7,0,11.775331330015945,67.89850182210824,751.2667026055532,2304
3258.0,7412,0,3,0,11.788391916735685,67.84241770102537,751.4592233793448,2311
3259.0,7413,0,2,1,11.781852512366903,67.77593416970187,751.7989313482669,2309
3260.0,7415,0,4,2,11.780975476574906,67.72906271072151,752.0542884468708,2313
3261.0,7416,0,4,3,11.77366381031485,67.66450916936354,752.2983071469829,2307
3262.0,7419,0,4,1,11.77533702169809,67.72583906186817,752.4385568983258,2315
3263.0,7420,0,1,0,11.7663755928113,67.6745283018868,752.8359395593395,2302
3264.0,7423,0,5,2,11.765653895264114,67.64394449683417,752.8949394244245,2303
3265.0,7422,0,1,2,11.749181385491019,67.62449474535165,753.3271460497596,2317
3266.0,7420,0,0,2,11.725705941635628,67.64932614555256,754.0040858696332,2322
3267.0,7421,0,2,1,11.695848125908547,67.61689799218435,754.2855207267033,2332
3268.0,7425,0,4,0,11.663071608991379,67.55003367003367,754.3850178239766,2336
3269.0,7426,0,1,0,11.628003738108774,67.54268785348775,754.7911016004248,2347
3270.0,7428,0,2,0,11.598387565603218,67.63112547119009,755.0963029938549,2365
3271.0,7426,0,1,3,11.56235036748582,67.68839213573929,755.5895399363171,2382
3272.0,7427,0,3,2,11.534246903436726,67.70445671199677,755.6871246808631,2393
3273.0,7429,0,5,3,11.509644319793235,67.68461434917216,755.9466942049067,2392
3274.0,7427,0,2,4,11.470612429669833,67.69031910596472,756.1825455329382,2402
3275.0,7428,0,1,0,11.45052245797594,67.73519116855142,756.5975940414861,2403
3276.0,7428,0,3,3,11.447735737501246,67.76628971459343,756.8866800172397,2415
3277.0,7429,0,4,3,11.437266881003666,67.75124512047383,756.7399309741694,2431
3278.0,7431,0,2,0,11.422051328809435,67.7842820616337,757.0561468521026,2442
3279.0,7431,0,2,2,11.412584746275694,67.81361862468039,757.3892496957714,2465
3280.0,7430,0,2,3,11.398913812081855,67.86958277254374,757.6252757362101,2468
3281.0,7433,0,3,0,11.378924359421932,67.8576617785551,757.8440579346528,2483
3282.0,7435,0,5,3,11.375949552609192,67.89132481506388,757.936948374366,2494
3283.0,7433,0,3,5,11.355876021608509,67.98277949683842,758.3468599958398,2507
3284.0,7433,0,2,2,11.327785509623373,68.05663931117988,758.6705965802611,2521
3285.0,7435,0,3,1,11.300392265528547,68.14108944182918,758.8320814418583,2537
3286.0,7436,0,3,2,11.277602839188749,68.14012910166757,759.0624978382979,2541
3287.0,7438,0,4,2,11.260175132260057,68.13471363269696,759.1845103175011,2561
3288.0,7438,0,1,1,11.2326574086962,68.1785426189836,759.716159014887,2558
3289.0,7440,0,3,1,11.209332977114734,68.24005376344086,760.0473511448168,2580
3290.0,7437,0,0,3,11.186551393917075,68.35363721930887,760.4938467723841,2595
3291.0,7437,0,2,2,11.158533393482392,68.42127201828694,760.9778995757581,2615
3292.0,7439,0,4,2,11.142257677607963,68.48057534614867,760.8721845205523,2616
3293.0,7439,0,1,1,11.126048037876677,68.55975265492674,761.38212503714,2645
3294.0,7438,0,4,5,11.111008407241172,68.62906695348212,761.4746630859537,2642
3295.0,7441,0,5,2,11.079659137044224,68.76777314877033,761.562133995438,2682
3296.0,7443,0,5,3,11.062809696047712,68.8870079269112,761.5134004507152,2701
3297.0,7446,0,4,1,11.03827905449004,68.96843943056675,761.5249263684332,2702
3298.0,7450,0,5,1,11.017873631797476,69.09275167785235,761.5073332156675,2732
3299.0,7454,0,5,1,11.002074253394273,69.18017171988194,761.4232538265661,2743
3300.0,7457,0,4,1,10.97424472274342,69.25412364221536,761.5260723710783,2773
3301.0,7460,0,5,2,10.961222164603306,69.32935656836462,761.6053566174897,2797
3302.0,7458,0,0,2,10.943383548683725,69.47036739072138,761.9679478497501,2797
3303.0,7457,0,2,3,10.920042740953312,69.60439855169639,762.2569544281312,2821
3304.0,7455,0,3,5,10.89451924245894,69.721395036888,762.3393439413479,2831
3305.0,7454,0,2,3,10.871124264979676,69.86973437080762,762.5932861121582,2859
3306.0,7458,0,6,2,10.861144436076865,70.00120675784393,762.3909980438204,2866
3307.0,7462,0,4,0,10.843926240697607,70.16483516483517,762.5463269575118,2882
3308.0,7461,0,0,1,10.8141855539369,70.36054148237501,763.2110625013642,2913
3309.0,7461,0,1,1,10.7814006160788,70.51789304382791,763.6501860229268,2921
3310.0,7463,0,3,1,10.752065038542426,70.69208093260083,763.9628675076397,2949
3311.0,7469,0,7,1,10.732175991255795,70.8164412906681,763.8784406089194,2970
3312.0,7468,0,1,2,10.719558544237186,71.04592929833959,764.1799229294888,2993
3313.0,7472,0,5,1,10.714837276426227,71.251204496788,764.2970345784697,3011
3314.0,7472,0,2,2,10.699261179016577,71.43990899357601,764.804077208265,3028
3315.0,7472,0,3,3,10.677746706571561,71.6164346895075,765.1592295544372,3039
3316.0,7475,0,4,1,10.658596100836103,71.83384615384615,765.4263396371678,3060
3317.0,7477,0,4,2,10.633365752608048,72.0926842316437,765.577791317613,3089
3318.0,7479,0,3,1,10.598330236606571,72.32691536301644,765.8097497614256,3094
3319.0,7480,0,4,3,10.56473848918777,72.59879679144385,766.0328348481369,3129
3320.0,7483,0,4,1,10.53576506150996,72.82680743017507,766.1708141298516,3142
3321.0,7485,0,4,2,10.516179822000046,73.05477621910488,766.1805898839345,3154
3322.0,7487,0,3,1,10.49672644564426,73.2675303860024,766.5065924589536,3171
3323.0,7492,0,6,1,10.485245295883312,73.47023491724507,766.5462819088087,3179
3324.0,7494,0,4,2,10.472551012486417,73.71417133706966,766.8243500455194,3190
3325.0,7495,0,4,3,10.463220449080639,73.98265510340227,767.1822263155357,3220
3326.0,7497,0,3,1,10.450476122350837,74.23075897025477,767.3493639102539,3237
3327.0,7501,0,5,1,10.45133744657756,74.42327689641381,767.5279787276662,3251
3328.0,7502,0,1,0,10.434057821540222,74.70861103705678,768.0174161095317,3285
3329.0,7503,0,3,2,10.410274710104936,74.96734639477542,768.5010345222962,3300
3330.0,7505,0,2,0,10.398913176021681,75.2,768.8899799261272,3311
3331.0,7505,0,4,4,10.421245801592654,74.36175882744837,769.1575413855649,3118
3332.0,7502,0,0,3,10.477230224075898,73.79578778992268,769.8639057093505,2971
3333.0,7503,0,2,1,10.566198640134047,73.43462614954018,770.198919569077,2872
3334.0,7503,0,1,1,10.654538750950268,73.08023457283753,770.7515365848034,2766
3335.0,7504,0,1,0,10.756953810358914,72.80650319829424,771.2151054422453,2717
3336.0,7510,0,6,0,10.878554300671867,72.55113182423436,771.1557497814315,2667
3337.0,7513,0,4,1,10.99544396613578,72.3404765073872,771.3918056373808,2608
3338.0,7516,0,5,2,11.10377085241697,72.20303352847259,771.4402824478221,2574
3339.0,7516,0,1,1,11.192436485024228,72.10870143693454,771.830836667825,2532
3340.0,7520,0,5,1,11.269233718228461,72.09587765957447,771.9178688226092,2526
3341.0,7522,0,3,1,11.33273314293888,72.12390321722945,772.0922872196669,2529
3342.0,7523,0,2,1,11.378259589335787,72.14542070982321,772.5098120991117,2524
3343.0,7525,0,3,1,11.418644993447838,72.15415282392027,772.6658448098304,2530
3344.0,7527,0,4,2,11.469115862327197,72.11212966653382,772.9382377974986,2516
3345.0,7525,0,0,2,11.500086131446647,72.11189368770764,773.258829237846,2498
3346.0,7525,0,1,1,11.521162974679454,72.1158803986711,773.6035861687667,2488
3347.0,7527,0,2,0,11.541040045675981,72.11917098445596,773.9093218195425,2473
3348.0,7529,0,2,0,11.546356235650396,72.10081020055785,774.2152154725767,2464
3349.0,7532,0,3,0,11.56040139458729,71.93242166755178,774.4173988619698,2413
3350.0,7532,0,0,0,11.58183973383439,71.8378916622411,774.9259773606419,2425
3351.0,7538,0,6,0,11.607753497411725,71.74993366940834,774.8169733446626,2425
3352.0,7537,0,1,2,11.594118028819134,71.7745787448587,775.4000196119727,2432
3353.0,7541,0,5,1,11.586335430683114,71.7197984352208,775.4914784420268,2432
3354.0,7544,0,5,2,11.582525207662881,71.66768292682927,775.3488296010557,2423
3355.0,7543,0,1,2,11.554155179847102,71.62495028503248,775.776213645259,2419
3356.0,7546,0,3,0,11.568323378467706,71.57911476278824,775.9775602102605,2415
3357.0,7547,0,3,2,11.565078665695243,71.595070889095,776.3340393336194,2433
3358.0,7548,0,3,2,11.562576360446398,71.63513513513513,776.4782283082857,2437
3359.0,7547,0,0,1,11.537442691829103,71.64290446535047,777.0905277927935,2430
3360.0,7547,0,5,5,11.516188667071857,71.66887504968862,777.1653847103394,2452
3361.0,7549,0,2,0,11.495303910206692,71.65213935620612,777.4745953843693,2459
3362.0,7548,0,2,3,11.478222635309791,71.72760996290408,777.7769165953986,2461
3363.0,7547,0,1,2,11.4491695884535,71.79157281038823,778.209634280945,2486
3364.0,7546,0,2,3,11.418471632719777,71.8886827458256,778.7042379827257,2499
3365.0,7547,0,2,1,11.399302425585418,71.92129322909766,778.9384510172644,2525
3366.0,7547,0,0,0,11.387469691466029,71.95614151318405,779.4603407327671,2539
3367.0,7545,0,3,5,11.358344688101079,72.02425447316104,779.4248916120303,2553
3368.0,7544,0,2,3,11.33781855754669,72.14024390243902,779.7233602670925,2576
3369.0,7543,0,3,4,11.298719272315955,72.18162534800477,779.8595467628695,2567
3370.0,7545,0,4,2,11.268909504661682,72.25858184227965,780.1218876939786,2590
3371.0,7544,0,3,4,11.232243549774589,72.37553022269353,780.5556488509905,2593
3372.0,7544,0,4,4,11.198890387852117,72.3943531283139,780.6189436999501,2603
3373.0,7545,0,4,3,11.16205778308166,72.41643472498343,780.6947047173051,2616
3374.0,7547,0,4,2,11.120331079333178,72.43235722803763,780.7070992585752,2619
3375.0,7547,0,1,1,11.100939604745621,72.49330859944348,781.0903340941751,2639
3376.0,7550,0,6,3,11.084017894666692,72.5287417218543,780.9622623569451,2654
3377.0,7551,0,4,3,11.064128295984881,72.6076016421666,781.0716890787509,2668
3378.0,7549,0,3,5,11.027293550133411,72.73162008213008,781.450735491699,2692
3379.0,7551,0,4,2,11.002960219932778,72.82465898556482,781.4950878126962,2718
3380.0,7554,0,5,2,10.986403470682635,72.88549113052687,781.6241326544434,2723
3381.0,7559,0,6,1,10.956257863450354,72.92565154120915,781.5663497467666,2748
3382.0,7559,0,3,3,10.925563912791004,73.01322926313004,781.4519945828233,2782
3383.0,7565,0,6,0,10.911990323906887,73.03291473892928,781.3843606707493,2784
3384.0,7565,0,4,4,10.898528119586631,73.09213483146067,781.3657414247136,2796
3385.0,7568,0,3,0,10.891805142158956,73.17613636363636,781.6108047716094,2834
3386.0,7569,0,2,1,10.870145921105372,73.27401241907782,781.8509747902123,2847
3387.0,7573,0,4,0,10.849227293198675,73.35151195034993,781.9955715454026,2869
3388.0,7573,0,4,4,10.838372324228866,73.46599762313483,781.998544687996,2881
3389.0,7574,0,1,0,10.816109718814293,73.619091629258,782.4549928738672,2901
3390.0,7575,0,2,1,10.791312160889989,73.77544554455446,782.6477039487972,2926
3391.0,7578,0,3,0,10.774988726983127,73.85669041963578,782.9003361376618,2929
3392.0,7581,0,4,1,10.749413003439141,73.9467088774568,782.8930072830389,2954
3393.0,7584,0,3,0,10.741691279720524,74.053138185654,783.1483212292543,2949
3394.0,7583,0,5,6,10.719788373928163,74.23539496241592,782.9427504974078,2977
3395.0,7586,0,6,3,10.713689466055754,74.3568415502241,782.721529404377,2991
3396.0,7586,0,1,1,10.69707824250923,74.47179013973108,783.2555962656936,2995
3397.0,7589,0,4,1,10.698637357282982,74.54196863881934,783.332882113572,2994
3398.0,7590,0,4,3,10.666282442982931,74.67654808959156,783.4799785131918,3024
3399.0,7592,0,3,1,10.658845923196365,74.81809799789252,783.785759705229,3052
3400.0,7594,0,4,2,10.636529312710316,74.97129312615222,784.0952268826297,3065
3401.0,7596,0,3,1,10.625536210562327,75.105186940495,784.3848266193871,3066
3402.0,7598,0,5,3,10.610642276119274,75.25296130560673,784.5120892098489,3082
3403.0,7598,0,2,2,10.596362137196326,75.42221637272966,784.9149913491032,3095
3404.0,7602,1160,5,1,10.579093884276247,75.54498816101027,784.9869754895082,3106
3405.0,7605,0,4,1,10.5610759035195,75.71702827087442,785.1585880908701,3130
3406.0,7608,0,4,1,10.542588157365367,75.91719242902208,785.3992733602935,3145
3407.0,7610,0,5,3,10.527384241246567,76.1304862023653,785.6394020300706,3151
3408.0,7612,0,5,3,10.500674478393675,76.30688386757751,785.6515818992144,3162
3409.0,7611,0,1,2,10.477011351784837,76.5595848114571,786.2947237763394,3188
3410.0,7610,0,1,2,10.448338975280269,76.78593955321945,786.7952439605975,3197
3411.0,7616,0,9,3,10.44252900291774,76.96310399159664,786.3703469660189,3224
3412.0,7615,0,1,2,10.414057998466012,77.24543663821404,786.842519970589,3258
3413.0,7611,0,0,4,10.389479113176064,77.5672053606622,787.584618237214,3282
3414.0,7612,0,2,1,10.371588054497296,77.79716237519706,787.8957202187821,3290
3415.0,7615,0,4,1,10.366653452179227,78.01982928430729,788.1144602948099,3323
3416.0,7615,0,1,1,10.352814277155591,78.27458962573867,788.7008526578925,3335
3417.0,7618,0,3,0,10.354065953687979,78.52835389866107,788.982428413342,3353
3418.0,7619,0,2,1,10.35183967261621,78.79249245307783,789.3426099110143,3367
3419.0,7619,0,2,2,10.339437381945084,79.06615041344008,789.6983683522897,3374
3420.0,7618,0,2,3,10.324583961589726,79.37923339459175,789.8664439708832,3386
3421.0,7618,0,3,3,10.369407134652308,78.3857967970596,790.376812322494,3183
3422.0,7618,0,2,2,10.445816434943154,77.72079285901812,790.9198671941051,3051
3423.0,7619,0,3,2,10.536149151637673,77.13794461215383,790.9333715351103,2938
3424.0,7622,0,4,1,10.640647757156847,76.72566255575964,791.1584351675035,2860
3425.0,7626,0,5,1,10.774980003993964,76.40637293469709,791.2747499841013,2803
3426.0,7628,0,3,1,10.891825594514117,76.11444677503933,791.5965220491107,2742
3427.0,7630,0,2,0,10.988616728852467,75.87300131061599,791.9376676294875,2681
3428.0,7631,0,1,0,11.083206082824997,75.66636089634386,792.3753435942156,2636
3429.0,7631,0,3,3,11.16443561253473,75.47267723758354,792.6619506318716,2598
3430.0,7630,0,2,3,11.225783952349126,75.20078636959371,793.0494317979536,2547
3431.0,7631,0,3,2,11.283410643873461,75.08046127637269,793.3779167202275,2519
3432.0,7629,0,1,3,11.329353711403463,75.01808887141172,793.8618462751165,2505
3433.0,7630,0,3,2,11.377815851975003,74.93551769331586,794.039999992898,2496
3434.0,7632,0,3,1,11.426357398274398,74.96593291404612,794.2895047574165,2496
3435.0,7634,0,5,3,11.458619284935786,74.88865601257532,794.4977524815529,2498
3436.0,7634,0,2,2,11.492535468197357,74.79853287922452,794.9705908866056,2489
3437.0,7632,0,1,3,11.499233512335282,74.7881289308176,795.4205218089519,2471
3438.0,7631,0,2,3,11.506301042855315,74.66334687459049,795.8367121704001,2451
3439.0,7633,0,5,3,11.507062438552275,74.52430237128259,795.9671070095527,2444
3440.0,7635,0,4,2,11.502993906255764,74.39292730844794,796.0855806022613,2431
3441.0,7640,0,5,0,11.492912244895692,74.21557591623036,796.0762786933668,2424
3442.0,7641,0,3,2,11.487870075214104,74.16228242376653,796.1104060656069,2432
3443.0,7644,0,5,2,11.475465267359914,74.1267660910518,796.1477683687658,2446
3444.0,7646,0,4,2,11.460453557886959,74.06984043944546,796.2594267819854,2451
3445.0,7651,0,5,0,11.447160211697895,73.96837014769311,796.2529651505802,2438
3446.0,7654,0,3,0,11.424087176054039,73.93702639142931,796.4555180068622,2446
3447.0,7652,0,0,2,11.393763438631751,73.85128071092525,797.0436156035815,2445
3448.0,7653,0,3,2,11.361009210116917,73.80504377368352,797.1857141696149,2448
3449.0,7653,0,2,2,11.347377897738715,73.84332941330197,797.4395295061223,2462
3450.0,7653,0,1,1,11.328320703822655,73.77316085195348,797.9388543689003,2458
3451.0,7651,0,3,5,11.298255735055992,73.7548032936871,798.1586753491671,2481
3452.0,7649,0,2,4,11.287531516449532,73.78912276114525,798.3362008989415,2493
3453.0,7650,0,6,5,11.265753704817314,73.76614379084967,798.5657419638242,2504
3454.0,7649,0,4,5,11.255926530217689,73.72872270885082,798.6640240278681,2500
3455.0,7650,0,4,3,11.239127607308708,73.73058823529412,798.9702266605465,2501
3456.0,7648,0,1,3,11.216882715350843,73.73666317991632,799.504858814621,2511
3457.0,7648,0,3,3,11.202118482776392,73.8077928870293,799.8290750733232,2532
3458.0,7654,0,6,0,11.19456177134049,73.71021688006272,799.7289067558045,2548
3459.0,7655,0,2,1,11.174051452339276,73.71639451338994,800.0290659078787,2560
3460.0,7660,0,7,2,11.151237368696851,73.70913838120104,799.727657608516,2586
3461.0,7662,0,4,2,11.126949295879196,73.76729313495171,800.0427081630551,2576
3462.0,7667,0,8,3,11.102302920342177,73.77944437198383,799.8474091875871,2601
3463.0,7668,0,2,1,11.080712988722638,73.7953834115806,800.1084132662386,2593
3464.0,7669,0,2,1,11.04163593255965,73.88903377233017,800.4956047459932,2614
3465.0,7669,0,1,1,11.007331735776349,73.94158299647933,800.9031317967059,2633
3466.0,7667,0,2,4,10.981450283417933,74.03743315508021,801.2044561059191,2654
3467.0,7668,0,4,3,10.93817069037954,74.05998956703182,801.2751377303576,2675
3468.0,7667,0,2,3,10.899440178727104,74.00104343289422,801.4220765846617,2677
3469.0,7672,0,5,0,10.86048325293165,74.02763295099062,801.4482740795756,2692
3470.0,7672,0,3,3,10.831884375783511,74.11352971845673,801.5594801813908,2714
3471.0,7673,0,2,1,10.804568357828668,74.23159129414832,801.8520574256617,2743
3472.0,7677,0,6,2,10.76472731430164,74.26572880031262,801.929267659031,2759
3473.0,7675,0,2,4,10.735497058737439,74.35622149837134,802.262976058397,2792
3474.0,7675,0,2,2,10.697364527496562,74.43543973941368,802.3792056486517,2817
3475.0,7678,0,5,2,10.671550932798883,74.55248762698619,802.5638423948683,2833
3476.0,7683,0,7,2,10.657174796663712,74.59586099180008,802.4079339486145,2855
3477.0,7683,0,2,2,10.636577894363622,74.6958219445529,802.6461509484283,2885
3478.0,7682,0,4,5,10.604295302665061,74.82387399114813,802.810220458636,2908
3479.0,7684,0,5,3,10.588197524675941,74.97410203019261,802.7369250269452,2943
3480.0,7683,0,3,4,10.549695600858394,75.10100221267734,803.0900271213108,2969
3481.0,7685,0,4,2,10.515169127668155,75.16668835393624,803.3888788711396,2988
3482.0,7686,0,3,2,10.482806171389813,75.29859484777518,803.6027374592892,3011
3483.0,7688,0,5,3,10.47215192076447,75.4630593132154,803.5321819466027,3036
3484.0,7687,0,5,6,10.449834243988292,75.61441394562247,803.6490131917676,3060
3485.0,7686,0,3,4,10.4334518603118,75.7927400468384,803.8640213963475,3075
3486.0,7688,0,3,1,10.42492320974836,75.94354838709677,804.0645621559356,3089
3487.0,7685,0,2,5,10.398973408139277,76.1694209499024,804.4814587295243,3111
3488.0,7685,0,2,2,10.375452805049743,76.31802212101496,805.0523252249403,3139
3489.0,7687,0,2,0,10.356132486672168,76.46116820606218,805.4275352596094,3157
3490.0,7689,0,2,0,10.348185761653495,76.62986084016127,805.8039240366079,3175
3491.0,7692,0,4,1,10.334684829973218,76.78471138845553,806.0397109498241,3189
3492.0,7695,0,4,1,10.308748898982998,76.90812215724496,806.0992118102191,3211
3493.0,7696,0,3,2,10.295810097252428,77.11993243243244,806.4345711121173,3224
3494.0,7701,0,5,0,10.292128111517496,77.26373198285937,806.5006816395348,3238
3495.0,7699,0,1,3,10.270258270187911,77.48149110274062,806.9264369160617,3252
3496.0,7702,0,4,1,10.272687999067106,77.22150090885485,807.1785217942145,3230
3497.0,7702,0,2,2,10.26350144002734,77.44248247208517,807.671512326817,3239
3498.0,7708,0,6,0,10.260577204042619,77.5627919045148,807.6361327326779,3254
3499.0,7711,0,3,0,10.247662317324947,77.75580339774348,807.9162346479563,3266
3500.0,7712,0,2,1,10.230923721847427,78.01257780082987,808.2159281716087,3296
3501.0,7713,0,2,1,10.211532540972648,78.26306236224556,808.6603676487937,3300
3502.0,7713,0,1,1,10.191020134594899,78.52508751458576,809.2282564198765,3327
3503.0,7715,0,5,3,10.168841285612167,78.75320803629293,809.4341524427597,3339
3504.0,7716,0,1,0,10.135128704576692,78.98392949714878,809.9309178568886,3340
3505.0,7718,0,3,1,10.1108430901754,79.26949987043275,810.2017434615007,3364
3506.0,7717,0,1,2,10.086184479787141,79.58921860826746,810.8067620032259,3406
3507.0,7717,0,1,1,10.068629081802412,79.8514966956071,811.4078348937195,3423
3508.0,7716,0,1,2,10.042732473685902,80.18118195956454,811.9637361077038,3448
3509.0,7717,0,2,1,10.026159631208705,80.49552935078398,812.4450323180228,3469
3510.0,7717,0,1,1,10.015271473069925,80.77789296358688,813.0002823359224,3479
3511.0,7718,0,3,2,10.052861532545368,80.01217932106763,813.127726549358,3309
3512.0,7720,0,3,1,10.124816623370943,79.4467616580311,813.3871670033615,3162
3513.0,7721,0,4,3,10.219063969940125,79.0932521694081,813.5002982351414,3061
3514.0,7721,0,2,2,10.323545050223354,78.78435435824375,813.8563206548326,2955
3515.0,7724,0,3,0,10.452594273126897,78.53806317969963,814.1194308119592,2888
3516.0,7723,0,3,4,10.579634573858145,78.33562087271785,814.5361296676615,2817
3517.0,7724,0,2,1,10.706619882969218,78.22281201450026,814.9188109020881,2772
3518.0,7727,0,5,2,10.821316835123032,78.11789827876278,814.9436960513276,2746
3519.0,7730,0,3,0,10.920423043002002,78.02043984476067,815.1764097962388,2705
3520.0,7728,0,2,4,10.990617985612278,77.99107142857143,815.7564908281691,2678
3521.0,7728,0,3,3,11.053627686744687,77.97412008281573,815.9281436613287,2656
3522.0,7730,0,3,1,11.096044712182437,77.92457956015524,816.2431007889386,2642
3523.0,7730,0,1,1,11.140061893703383,77.9058214747736,816.7604991949678,2626
3524.0,7729,0,3,4,11.173012124165458,77.8624660370035,817.2115035608917,2611
3525.0,7728,0,1,2,11.203886956820018,77.8015010351967,817.7005544482324,2586
3526.0,7729,0,4,3,11.230615849802302,77.73541208435762,817.9236887055569,2574
3527.0,7728,0,2,3,11.24312335380714,77.72761387163561,818.1236846254241,2577
3528.0,7727,0,1,2,11.252933084443587,77.6888831370519,818.6776518811888,2551
3529.0,7731,0,6,2,11.270869449934633,77.6569654637175,818.7178494005037,2551
3530.0,7733,0,4,2,11.281970133345572,77.63959653433338,818.9405536695447,2542
3531.0,7734,0,1,0,11.287957206737156,77.61805016808896,819.3572180046662,2540
3532.0,7737,0,5,2,11.30033102933619,77.65580974537934,819.4950971823118,2530
3533.0,7739,0,3,1,11.303548474886426,77.61480811474351,819.8032878408923,2528
3534.0,7740,0,3,2,11.310320967507275,77.48449612403101,819.9821449733785,2499
3535.0,7742,0,5,3,11.314762744746346,77.4434254714544,820.215965377538,2482
3536.0,7747,0,5,0,11.321970776229138,77.39808958306442,820.2072017209459,2480
3537.0,7749,0,2,0,11.31893157234404,77.40250354884502,820.5165143658119,2484
3538.0,7749,0,1,1,11.306688256620252,77.42766808620468,821.0013407477334,2476
3539.0,7751,0,3,1,11.316662656624551,77.44768416978454,821.2882007152946,2487
3540.0,7754,0,4,1,11.299604615207524,77.47291720402373,821.4682957806247,2469
3541.0,7758,0,5,1,11.288499165142742,77.49935550399587,821.5259284233002,2493
3542.0,7758,0,2,2,11.27933034200452,77.51791698891466,821.8399966102207,2497
3543.0,7760,0,4,2,11.274121945971334,77.49574742268041,821.673630115777,2493
3544.0,7758,0,1,3,11.256029464128478,77.52101056973447,822.1028643144832,2505
3545.0,7760,0,3,1,11.261755669192674,77.51430412371134,822.4155772467205,2494
3546.0,7760,0,4,4,11.241375132399538,77.55760309278351,822.5128695449519,2501
3547.0,7763,0,3,0,11.23987710623912,77.46399587788227,822.7244365687966,2504
3548.0,7767,0,4,0,11.220825929799467,77.45641817947728,822.8310004839751,2519
3549.0,7767,0,2,2,11.204504365029713,77.52851808935239,823.1886996747465,2537
3550.0,7767,0,1,1,11.173697197149453,77.6199304750869,823.7164378149048,2551
3551.0,7766,0,2,3,11.141348985711335,77.73641514293072,824.1607103517993,2571
3552.0,7765,0,1,2,11.122330123838676,77.80721184803606,824.7260349055365,2586
3553.0,7763,0,0,2,11.083854862728817,77.90570655674352,825.2487084901524,2623
3554.0,7765,0,3,1,11.049521770897043,78.00347714101738,825.3423921773884,2639
3555.0,7767,0,4,2,11.009441890214154,78.11677610402987,825.4489924163679,2668
3556.0,7771,0,6,2,10.976910399677513,78.17037704285163,825.4387600334883,2682
3557.0,7772,0,3,2,10.931619327916046,78.22902727740608,825.8302373689562,2711
3558.0,7769,0,1,4,10.888057263605061,78.36722872956622,826.3458112481418,2715
3559.0,7770,0,1,0,10.8565455803446,78.44646074646074,826.7941799866662,2732
3560.0,7771,0,5,4,10.834241017946972,78.48655256723717,826.9148000676591,2748
3561.0,7773,0,3,1,10.814863887302614,78.53775890904413,827.2274765132887,2761
3562.0,7773,0,3,3,10.800837050422821,78.64235173034864,827.6622271575648,2779
3563.0,7770,0,1,4,10.769972112015195,78.76872586872587,827.8904191356871,2813
3564.0,7775,0,6,1,10.764721074921049,78.86057877813505,827.7560701100487,2844
3565.0,7777,0,3,1,10.75131720680089,78.96978269255497,827.9766765204844,2858
3566.0,7777,0,2,2,10.726903992942823,79.10299601388711,828.1186970163061,2877
3567.0,7779,0,4,2,10.71366505690023,79.26571538758195,828.3941882453369,2900
3568.0,7780,0,5,4,10.698080732519818,79.41285347043701,828.3244580330462,2911
3569.0,7780,0,3,3,10.667999528552823,79.55012853470437,828.5490071111615,2932
3570.0,7784,0,6,2,10.646832244411225,79.67972764645427,828.6233627945392,2949
3571.0,7783,0,1,2,10.62655930984996,79.83104201464731,829.0641266270785,2974
3572.0,7784,0,3,2,10.595962623443167,79.98895169578623,829.4893285892214,3007
3573.0,7785,0,5,4,10.578961799129228,80.14309569685292,829.6062944424621,3025
3574.0,7787,0,3,1,10.560415175262756,80.27032233209195,829.6993532208584,3043
3575.0,7792,0,5,0,10.557291806318183,80.33868069815195,829.7451858452895,3038
3576.0,7795,0,4,1,10.540204676420327,80.4409236690186,829.8411988402241,3066
3577.0,7796,0,3,2,10.529800376301928,80.57042072857875,830.2151935727396,3098
3578.0,7797,0,3,2,10.510253265597743,80.74528664871104,830.6836294527211,3105
3579.0,7795,0,2,4,10.502970683143547,80.95830660679923,831.0275314012042,3137
3580.0,7798,0,3,0,10.498432802128265,81.1343934342139,831.2919835269329,3168
3581.0,7802,0,5,1,10.494155207461333,81.29735965137144,831.3172828902875,3182
3582.0,7804,0,3,1,10.492258509028153,81.490261404408,831.5011134473912,3211
3583.0,7803,0,2,3,10.459467885713366,81.65884916057927,831.9556986645845,3221
3584.0,7807,0,4,0,10.447652096412062,81.81452542589983,832.1183414716028,3226
3585.0,7808,0,3,2,10.430867775906629,81.89613217213115,832.4230725243185,3212
3586.0,7810,0,5,3,10.42067514136838,82.0101152368758,832.3947995110341,3231
3587.0,7811,0,3,2,10.402660685059997,82.21354500064012,832.8200627132142,3256
3588.0,7814,0,5,2,10.396737863432596,82.41694394676222,832.8681043549483,3273
3589.0,7815,0,4,3,10.381511774189761,82.59488163787589,833.3276809038283,3297
3590.0,7814,0,3,4,10.363162994506927,82.81686716150499,833.7470324262349,3323
3591.0,7811,0,0,3,10.336354262058018,83.05620279093586,834.5138621713304,3338
3592.0,7813,0,3,1,10.31772054319356,83.28567771662614,834.7614393038739,3361
3593.0,7815,0,4,2,10.28956420604175,83.4982725527831,834.9142562187105,3375
3594.0,7815,0,3,3,10.277349343869163,83.75483045425464,835.2396083140193,3400
3595.0,7814,0,0,1,10.261041077223195,84.01215766572818,835.9406473763729,3429
3596.0,7814,0,2,2,10.24167630766292,84.25441515229076,836.3716669229577,3423
3597.0,7812,0,0,2,10.227702334738229,84.56080389144905,836.9701434472323,3446
3598.0,7813,0,2,1,10.206388299231323,84.82234736976834,837.3325723970335,3462
3599.0,7815,0,2,0,10.193027237125154,85.08662827895074,837.7226252472618,3490
3600.0,7818,0,4,1,10.197637982770996,85.29879764645689,837.911989932369,3508
3601.0,7821,0,3,0,10.246658872797877,84.3576269019307,838.1916768421756,3312
3602.0,7820,0,0,1,10.307267849879437,83.75153452685421,838.6979350201678,3172
3603.0,7821,0,1,0,10.390276838615513,83.24805012146784,839.1820202138133,3062
3604.0,7821,0,0,0,10.490356634845014,82.87776499168905,839.7659615490602,2979
3605.0,7818,0,0,3,10.588038688200372,82.61563059606037,840.3911813887792,2904
3606.0,7818,0,1,1,10.689278158546415,82.3407521105142,840.9324455506364,2835
3607.0,7817,0,0,1,10.788321964490002,82.14698733529487,841.6008670623708,2785
3608.0,7817,0,0,0,10.885751681365246,81.91454522195215,842.157024173665,2721
3609.0,7816,0,1,2,10.975712949584125,81.81141248720573,842.6162128374568,2708
3610.0,7813,0,0,3,11.02960197211147,81.74721617816459,843.304278499981,2668
3611.0,7811,0,1,3,11.069373093454647,81.70119062860068,843.7621943033795,2650
3612.0,7810,0,0,1,11.108495087627539,81.61203585147247,844.363071517706,2646
3613.0,7809,0,0,1,11.141679996213988,81.54014598540147,844.8626071205488,2647
3614.0,7807,0,0,2,11.17444775168206,81.48648648648648,845.5411071639155,2648
3615.0,7803,0,0,4,11.190837785419008,81.45456875560681,846.3347323150484,2623
3616.0,7804,0,1,0,11.214933963921183,81.3851870835469,846.7555619268144,2609
3617.0,7803,0,0,1,11.228810317298953,81.30577982827118,847.3902820550807,2605
3618.0,7801,0,0,2,11.237142182030174,81.30021792077939,847.9746319174681,2597
3619.0,7801,0,1,1,11.23947110237437,81.25560825535187,848.4985710901341,2590
3620.0,7798,0,0,3,11.243921509721266,81.24493459861503,848.9186092573979,2583
3621.0,7796,0,0,2,11.254116868959684,81.25551564905079,849.4861914468675,2582
3622.0,7796,0,1,1,11.259074210264798,81.24858902001026,849.9870497974053,2558
3623.0,7793,0,0,3,11.25622656568019,81.30732708841268,850.4655711477538,2576
3624.0,7792,0,0,1,11.25120165865312,81.30762320328542,851.0880118339344,2576
3625.0,7790,0,1,3,11.23276077448526,81.27073170731707,851.6072006167668,2566
3626.0,7789,0,0,1,11.21439137384781,81.26434715624599,852.0485063144364,2574
3627.0,7788,0,0,1,11.202788443978696,81.24589111453518,852.649065230944,2571
3628.0,7786,0,1,3,11.184016238677781,81.27921911122527,853.0306803554284,2582
3629.0,7786,0,0,0,11.163240007931394,81.2399178011816,853.5596645158615,2589
3630.0,7783,0,0,3,11.141505127015515,81.21405627650006,854.2183540349101,2569
3631.0,7783,0,1,1,11.117762304690617,81.24155210073236,854.7152380741329,2582
3632.0,7782,0,0,1,11.0940038153888,81.242611153945,855.1983162461277,2593
3633.0,7779,0,0,3,11.062216977836723,81.27908471525903,856.0168488014187,2599
3634.0,7777,0,0,2,11.018350433238776,81.25318246110325,856.5480177711024,2593
3635.0,7776,0,1,2,10.994127422095923,81.2525720164609,857.1225510157589,2610
3636.0,7775,0,0,1,10.956784755268114,81.31922829581994,857.719725478273,2617
3637.0,7775,0,1,1,10.921429255353956,81.34263665594855,858.155244265869,2637
3638.0,7773,0,0,2,10.884419504465255,81.38633732149749,858.805289541891,2649
3639.0,7774,0,2,1,10.833041864333143,81.40957036274762,859.2052029842873,2660
3640.0,7770,0,0,4,10.782357460821633,81.48352638352638,859.9702534468006,2669
3641.0,7769,0,0,1,10.732887733435442,81.56300682198481,860.6217611927019,2691
3642.0,7766,0,1,4,10.683232693796691,81.68529487509657,861.3361564531368,2717
3643.0,7765,0,0,1,10.63809658847128,81.78956857694784,861.7731231213105,2732
3644.0,7764,0,0,1,10.586688030570844,81.81852138073158,862.3417515988145,2759
3645.0,7760,0,1,5,10.517097790306346,81.87680412371134,862.9500618642708,2779
3646.0,7759,0,0,1,10.470701401637786,81.87227735532929,863.4260087163276,2796
3647.0,7757,0,0,2,10.42993981083086,81.95114090498905,863.9774003834704,2811
3648.0,7757,0,1,1,10.381361349156347,82.01572772979245,864.5125718891419,2837
3649.0,7755,0,1,3,10.34383286000716,82.11089619600259,864.9747605912097,2870
3650.0,7754,0,1,2,10.311284065265053,82.15334021150375,865.2771198383186,2893
3651.0,7752,0,0,2,10.269664324131409,82.2623839009288,865.8242091181252,2903
3652.0,7748,0,0,4,10.24250307032151,82.38048528652556,866.3421492660871,2940
3653.0,7748,0,2,2,10.22370676942011,82.49238513164687,866.7320582303407,2968
3654.0,7746,0,1,3,10.195644570956274,82.63929770203977,867.3134920847309,2999
3655.0,7744,0,0,2,10.157115751162216,82.78589876033058,868.016823718006,3012
3656.0,7742,0,1,3,10.10931729521238,82.99715835701369,868.7393954570936,3061
3657.0,7741,0,2,3,10.068025444793204,83.13189510399174,868.9789768804397,3073
3658.0,7739,0,2,4,10.025864652194548,83.29176896239824,869.2280523962952,3100
3659.0,7737,0,0,2,9.989988863202727,83.50148636422387,869.7412072537696,3129
3660.0,7738,0,4,3,9.951135324331679,83.62328767123287,869.6717021326223,3154
3661.0,7737,0,1,2,9.914089902268271,83.75959674292362,870.0730989909376,3179
3662.0,7737,0,1,1,9.88911700796191,83.90887941062427,870.490609068775,3213
3663.0,7735,0,1,3,9.865939431841833,84.11170006464124,870.7772817124047,3246
3664.0,7736,0,1,0,9.849592916543777,84.22543950361944,871.2653143670229,3262
3665.0,7737,0,1,0,9.845389702286253,84.35142820214554,871.7548994010153,3260
3666.0,7736,0,1,2,9.840576065636538,84.45501551189246,872.2588886384451,3268
3667.0,7736,0,0,0,9.824018990433359,84.62939503619441,872.863425954409,3292
3668.0,7736,0,0,0,9.812655752832692,84.82148397104447,873.4682587671199,3298
3669.0,7735,0,2,3,9.794092274170826,84.98009049773755,873.8903465574358,3315
3670.0,7731,0,1,5,9.759424825198536,85.22493855904798,874.3840506383835,3344
3671.0,7731,0,1,1,9.74734106908614,85.42232570172035,874.9145580464781,3373
3672.0,7729,0,1,3,9.71094055373124,85.64419717945401,875.2098658239261,3404
3673.0,7727,0,1,3,9.695608195468935,85.7983693542125,875.688754615046,3427
3674.0,7724,0,1,4,9.670459863164542,86.04712584153289,875.9436610083089,3445
3675.0,7722,0,1,3,9.638867762970083,86.26858326858327,876.4879971065325,3450
3676.0,7721,0,1,2,9.605737717877211,86.55187151923326,877.1308651413127,3482
3677.0,7719,0,1,3,9.58043358986874,86.82588418188885,877.9035229408273,3507
3678.0,7719,0,0,0,9.559935511783797,87.03575592693355,878.5253144016675,3501
3679.0,7717,0,1,3,9.538233732245576,87.28638071789555,878.997967174403,3524
3680.0,7715,0,1,3,9.515546467749992,87.56370706416072,879.7111928505464,3546
3681.0,7715,0,1,1,9.500483447025262,87.79248217757615,880.3335242496579,3558
3682.0,7714,0,0,1,9.477967245649452,88.07013222711953,880.8737502635196,3581
3683.0,7714,0,1,1,9.453504819523175,88.37127301011148,881.3266541094459,3607
3684.0,7714,0,0,0,9.430625210721573,88.61939331086336,881.9558606055764,3629
3685.0,7712,0,0,2,9.414088413027281,88.86838692946058,882.3438286033443,3634
3686.0,7712,0,0,0,9.400388328282533,89.08713692946058,882.9747766936812,3654
3687.0,7712,0,2,2,9.383352199586446,89.3265041493776,883.521925819632,3646
3688.0,7712,0,0,0,9.369575030504325,89.62577800829875,884.1544847099982,3665
3689.0,7712,0,1,1,9.345689674742724,89.91610477178423,884.6473671094094,3678
3690.0,7708,0,0,4,9.320701967082137,90.29631551634665,885.288535198904,3689
3691.0,7709,0,1,0,9.361627405546407,89.37099494097808,885.806047890688,3479
3692.0,7709,0,1,1,9.423930036549487,88.7153975872357,886.4292440408844,3319
3693.0,7708,0,1,2,9.507241068779418,88.2695900363259,887.0356026168365,3202
3694.0,7709,0,2,1,9.608844384796114,87.87144895576598,887.5275937894788,3106
3695.0,7706,0,1,4,9.71682907670345,87.65390604723592,887.7967372160604,3041
3696.0,7705,0,1,2,9.848074156691107,87.44996755353667,888.4368831580387,2990
3697.0,7706,0,1,0,9.965499128067677,87.26252270957696,888.9096313851505,2920
3698.0,7705,0,2,3,10.070825284261634,87.19377027903958,889.3620302260397,2884
3699.0,7704,0,0,1,10.175217689225011,87.13006230529595,889.9999520791163,2847
3700.0,7705,0,2,1,10.26616952054966,87.04957819597664,890.4515656564387,2829
3701.0,7703,0,0,2,10.338050591548992,87.06958327924185,891.1369491125286,2817
3702.0,7701,0,0,2,10.398302315636336,87.0957018569017,891.8460821658188,2813
3703.0,7700,0,1,2,10.441891604014122,87.11753246753247,892.4808258265964,2792
3704.0,7700,0,1,1,10.474860679985797,87.0625974025974,892.9729063741844,2777
3705.0,7695,0,0,5,10.490807509257536,87.07628330084471,893.6717144258954,2762
3706.0,7694,0,2,3,10.503631079993626,87.0678450740837,894.2497796312392,2753
3707.0,7691,0,0,3,10.511623317758179,87.0611103887661,894.7751128525409,2733
3708.0,7691,0,2,2,10.513572378261973,87.0536991288519,895.2379714810568,2729
3709.0,7689,0,0,2,10.51092457140193,87.08830797242814,895.8793753777686,2730
3710.0,7690,0,2,1,10.513063145605686,87.1037711313394,896.1719089284934,2743
3711.0,7687,0,0,3,10.511040248708047,87.1172108755041,896.9836698977274,2730
3712.0,7686,0,2,3,10.499104439051132,87.13309914129586,897.5337816404115,2720
3713.0,7682,0,0,4,10.498696840217512,87.05076802915907,898.0890880316342,2688
3714.0,7680,0,1,3,10.488527126244787,87.019140625,898.3063291807229,2683
3715.0,7679,0,1,2,10.482782235226274,87.05182966532101,898.5804988272562,2687
3716.0,7676,0,0,3,10.463719550589369,87.05080771235018,899.1503074735706,2674
3717.0,7676,0,2,2,10.443495046933142,87.03960396039604,899.4434005392249,2680
3718.0,7672,0,0,4,10.428408763663633,87.04236183524505,899.8162147390191,2680
3719.0,7673,0,2,1,10.40424595361327,86.99205004561449,900.084273353916,2692
3720.0,7670,0,0,3,10.3809000318894,87.04902216427641,900.843200577341,2687
3721.0,7667,0,1,4,10.348921118758868,87.10160427807487,901.5143045729214,2686
3722.0,7666,0,1,2,10.317411611725372,87.12327158883382,901.8948043492052,2693
3723.0,7666,0,1,1,10.300532309919575,87.17597182363684,902.4526634938891,2706
3724.0,7664,0,1,3,10.275377727581649,87.2544363256785,902.8725551143502,2721
3725.0,7664,0,1,1,10.243824449441012,87.26043841336117,903.2598305913627,2717
3726.0,7661,0,1,4,10.221092963044164,87.31471087325414,903.7657124557604,2721
3727.0,7660,0,1,2,10.193356796885533,87.36932114882507,904.2120531276846,2752
3728.0,7657,0,0,3,10.173605558554216,87.4471725218754,904.7634297051776,2771
3729.0,7657,0,2,2,10.136958746385796,87.49549431892386,905.1056981859554,2776
3730.0,7655,0,1,3,10.109494547648085,87.57060744611366,905.6386724577867,2790
3731.0,7655,0,1,1,10.07385702064919,87.66936642717178,905.9476135137236,2785
3732.0,7654,0,0,1,10.041948466638111,87.77240658479226,906.6365661478793,2795
3733.0,7654,0,1,1,10.007636354362727,87.8436111836948,907.2069856406312,2820
3734.0,7654,0,1,1,9.973457256305528,87.86908805853149,907.7608693947985,2804
3735.0,7654,0,1,1,9.938928739326506,87.92905670237784,908.2029930348043,2821
3736.0,7655,0,1,0,9.902521022461926,87.90163291966036,908.6706647799858,2811
3737.0,7651,0,0,4,9.86176998362062,87.99869298130963,909.5491119780336,2835
3738.0,7649,0,0,2,9.827157496744219,88.0760883775657,909.8647189267167,2842
3739.0,7648,0,1,2,9.798720398310433,88.11637029288703,910.1417948129601,2860
3740.0,7647,0,1,2,9.768316230926105,88.19013992415326,910.5440255409179,2872
3741.0,7647,0,1,1,9.74531482692641,88.27082516019354,910.8628178103244,2899
3742.0,7646,0,2,3,9.735842928515968,88.33769291132619,911.1950063803313,2898
3743.0,7645,0,0,1,9.722594260241644,88.42289077828646,911.9069041504063,2938
3744.0,7644,0,2,3,9.708969539747162,88.50641025641026,912.2746049201702,2940
3745.0,7642,0,0,2,9.682573282691399,88.65885893745093,912.8507773079216,2976
3746.0,7641,0,2,3,9.646514980188599,88.75408977882476,913.195114852046,2978
3747.0,7639,0,1,3,9.620529969004352,88.92315748134573,913.6838948418296,3012
3748.0,7639,0,4,4,9.58977676553874,89.06872627307239,913.6897697800467,3019
3749.0,7637,0,1,3,9.577555857409923,89.245384313212,914.3118796653914,3055
3750.0,7639,0,2,0,9.566066118361764,89.36248200026182,914.6785624959923,3095
3751.0,7636,0,0,3,9.537145607134516,89.51571503404924,915.4413678247641,3111
3752.0,7634,0,2,4,9.525192569782552,89.64487817657846,915.6459592680039,3130
3753.0,7631,0,0,3,9.49249497219303,89.8173240728607,916.5039807232907,3136
3754.0,7630,0,1,2,9.476161923230793,89.96317169069462,917.1778541587815,3170
3755.0,7633,0,3,0,9.44677845331805,90.0230577754487,917.4313793420262,3184
3756.0,7631,0,0,2,9.444236940559549,90.19420783645656,918.0821652781132,3195
3757.0,7629,0,0,2,9.41916295710704,90.37134617905362,918.5483282447774,3216
3758.0,7630,0,2,1,9.39242509784565,90.48715596330275,919.0181566974677,3236
3759.0,7631,0,1,0,9.387084227776453,90.65115974315293,919.5155234575251,3266
3760.0,7627,0,0,4,9.363352342009057,90.88265373016914,920.5618945730814,3274
3761.0,7622,0,0,5,9.331882894979577,91.12529519811073,921.5259894404415,3277
3762.0,7621,0,0,1,9.322581163234133,91.34523028473953,922.0747080915583,3304
3763.0,7620,0,1,2,9.307214047755183,91.55787401574803,922.6691820872081,3320
3764.0,7617,0,0,3,9.286702932306927,91.81068662202966,923.462395573978,3338
3765.0,7615,0,0,2,9.270955336975643,92.07327642810243,924.2721551615319,3348
3766.0,7615,0,1,1,9.255103977324064,92.28023637557452,924.8501547072103,3365
3767.0,7614,0,0,1,9.252863897286595,92.50367743630154,925.3531345693895,3381
3768.0,7614,0,0,0,9.23747243720455,92.75242973469923,925.9804977483617,3399
3769.0,7612,0,0,2,9.213655679684377,93.0194429847609,926.6381032491539,3421
3770.0,7612,0,1,1,9.191365828355378,93.26589595375722,927.1663941039566,3449
3771.0,7612,0,1,1,9.164837876465336,93.50656857593273,927.7642047819413,3468
3772.0,7610,0,0,2,9.13497902079436,93.81103810775295,928.4875286400907,3498
3773.0,7610,0,1,1,9.121467954511097,94.09014454664914,929.0950256509662,3540
3774.0,7609,0,0,1,9.104166057912433,94.37600210277303,929.8138244508265,3559
3775.0,7609,0,0,0,9.087762262501025,94.63806019187804,930.4501409459294,3565
3776.0,7610,0,2,1,9.067850641946187,94.92890932982917,930.7430672192488,3601
3777.0,7608,0,0,2,9.048615717353524,95.26932176656152,931.1155102322372,3622
3778.0,7607,0,0,1,9.039462117270121,95.57368213487577,931.8345908665477,3635
3779.0,7606,0,0,1,9.019498379452052,95.84748882461214,932.5836154227588,3643
3780.0,7605,0,1,2,8.991190553536036,96.13004602235371,933.3189415530821,3663
3781.0,7602,0,0,3,9.039207315215299,95.21494343593791,933.8446652481637,3435
3782.0,7602,0,0,0,9.112381191937116,94.62536174690871,934.4791000217735,3308
3783.0,7600,0,0,2,9.208445419646063,94.2325,935.2585251211104,3203
3784.0,7599,0,0,1,9.315335709480586,93.94867745756021,935.9400927010339,3121
3785.0,7597,0,0,2,9.421883173127643,93.7484533368435,936.7587598508675,3051
3786.0,7596,0,1,2,9.546313106514052,93.51290152711954,936.9653789047053,2986
3787.0,7591,0,0,5,9.652531111077344,93.35384007377156,937.8712784110437,2928
3788.0,7589,0,0,2,9.763115696554053,93.27882461457372,938.3599668842961,2881
3789.0,7587,0,0,2,9.83496781408988,93.21681824172927,939.1848877734394,2845
3790.0,7586,0,0,1,9.897497945557522,93.21170577379382,939.8618042955624,2835
3791.0,7583,0,0,3,9.957754485667673,93.21271264670975,940.6981354809019,2814
3792.0,7580,0,0,3,10.006812742917777,93.2302110817942,941.5191713383508,2793
3793.0,7580,0,2,2,10.042957686240726,93.16939313984169,942.0453266359997,2777
3794.0,7579,0,0,1,10.080381108133071,93.16928354664203,942.728838604149,2779
3795.0,7578,0,0,1,10.102084386329974,93.16561097915017,943.3711244201619,2773
3796.0,7577,0,0,1,10.129045894191153,93.17843473670318,943.8469798992843,2786
3797.0,7576,0,0,1,10.148506200685036,93.18426610348469,944.2596902439891,2761
3798.0,7573,0,0,3,10.160725049007302,93.22897134556979,945.0169026921826,2753
3799.0,7573,0,1,1,10.15536595412069,93.25181566090056,945.5479003317377,2754
3800.0,7571,0,0,2,10.162056377306238,93.27050587769119,945.9556678157959,2759
3801.0,7570,0,0,1,10.16468895166304,93.27318361955086,946.6194423669841,2736
3802.0,7570,0,1,1,10.162932235410974,93.3224570673712,946.9913974307156,2726
3803.0,7568,0,0,2,10.161086020614581,93.41873678646934,947.7257401472298,2726
3804.0,7566,0,2,4,10.144708619847645,93.47620935765265,948.1619033284389,2726
3805.0,7563,0,0,3,10.136441945514548,93.55189739521354,948.7217405637433,2726
3806.0,7560,0,0,3,10.120328554251966,93.5824074074074,949.3989409644731,2740
3807.0,7559,0,0,1,10.102890006724218,93.6344754597169,950.0251559113312,2740
3808.0,7560,0,2,1,10.086882216331185,93.60753968253968,950.3893711831444,2729
3809.0,7559,0,0,1,10.082570976849588,93.59730123032148,951.062811823018,2742
3810.0,7559,0,1,1,10.054727093748175,93.62561185341977,951.622929708243,2751
3811.0,7558,0,0,1,10.040287483042324,93.6533474464144,952.189655387591,2759
3812.0,7559,0,1,0,10.024418003159125,93.66199232702739,952.62933516155,2767
3813.0,7557,0,0,2,10.00934362997153,93.71245203122932,952.9629361475146,2789
3814.0,7558,0,2,1,10.008846770192823,93.6921143159566,953.0765481145851,2786
3815.0,7557,0,0,1,9.986829701752264,93.73415376472146,953.7413946954221,2793
3816.0,7556,0,1,2,9.96403471982183,93.76402858655374,954.0841566775846,2782
3817.0,7556,0,1,1,9.946957277635876,93.82676019057702,954.4489759001744,2820
3818.0,7555,0,1,2,9.919786747090086,93.88325612177366,954.9438278450567,2828
3819.0,7552,0,2,5,9.890569405339903,93.98821504237289,955.0915081426506,2832
3820.0,7550,0,0,2,9.861841915248405,94.11470198675497,955.4785959368601,2860
3821.0,7548,0,1,3,9.831876518375196,94.21780604133545,955.9466697431105,2866
3822.0,7546,0,0,2,9.778447877959051,94.31857937980386,956.7351022247507,2877
3823.0,7544,0,0,2,9.728271455727919,94.40933191940616,957.3594086884683,2904
3824.0,7545,0,1,0,9.689219360281585,94.49264413518887,957.8210049879812,2908
3825.0,7545,0,0,0,9.660471957156501,94.58648111332008,958.411487959989,2929
3826.0,7546,0,1,0,9.626943798935311,94.57169361250993,958.8769359414088,2929
3827.0,7543,0,0,3,9.597106259166484,94.66684343099563,959.0619417411003,2950
3828.0,7543,0,1,1,9.573078464781366,94.72835741747315,959.440560630037,2981
3829.0,7541,0,0,2,9.544634995388812,94.80294390664368,960.1009384739122,2984
3830.0,7539,0,0,2,9.522879810080942,94.87836583101208,960.5255010881142,3009
3831.0,7540,0,2,1,9.494535179831427,94.94867374005305,960.9418704529621,3017
3832.0,7538,0,0,2,9.470294434451576,95.039665693818,961.2039695334031,3036
3833.0,7537,0,1,2,9.45522945371233,95.08544513732254,961.5397389901499,3038
3834.0,7535,0,0,2,9.437863793386844,95.21698739216987,962.1916231467592,3074
3835.0,7532,0,2,5,9.424301259589683,95.37134891131174,962.3814905531872,3107
3836.0,7532,0,1,1,9.400306292696733,95.48659054699947,962.7887375172586,3120
3837.0,7529,0,0,3,9.370235357491199,95.66516137601275,963.4972725661503,3140
3838.0,7531,0,2,0,9.346086158620087,95.7304474837339,963.8514569867652,3149
3839.0,7531,0,1,1,9.321292863164809,95.83415217102642,964.4559688083399,3185
3840.0,7527,0,0,4,9.280236817272016,96.05513484788096,965.0697615736508,3208
3841.0,7526,0,1,2,9.2527550813926,96.16502790326867,965.6186908015901,3223
3842.0,7523,0,1,4,9.197846082337822,96.3674066196996,966.1876108067088,3253
3843.0,7522,0,1,2,9.165458473666291,96.55836213772933,966.6996985551093,3286
3844.0,7520,0,1,3,9.133775512808239,96.7626329787234,966.7812742974146,3302
3845.0,7518,0,1,3,9.102536043853693,96.92178770949721,967.4394512826314,3333
3846.0,7518,0,1,1,9.062955428253339,97.08167065708965,968.0424617225518,3356
3847.0,7514,0,0,4,9.022204838975039,97.26869842959809,968.8711848219634,3370
3848.0,7510,0,1,5,8.9792463295151,97.52410119840214,969.5200828999316,3396
3849.0,7507,0,1,4,8.945502065745842,97.79485813240976,970.3804583101075,3424
3850.0,7507,0,1,1,8.912221363204281,98.02677500999067,971.0076010814388,3459
3851.0,7505,0,1,3,8.889339037808869,98.254363757495,971.7059816576617,3475
3852.0,7502,0,1,4,8.861435389600253,98.53985603838976,972.4524219964792,3500
3853.0,7500,0,0,2,8.841095910252031,98.82613333333333,972.9852848781262,3506
3854.0,7498,0,1,3,8.816155930619846,99.08402240597492,973.7493554182752,3539
3855.0,7496,0,0,2,8.779784090987867,99.37313233724653,974.5615550922078,3550
3856.0,7493,0,0,3,8.755810989580233,99.65661283864941,975.0978214610034,3566
3857.0,7493,0,1,1,8.740694207413396,99.9480848792206,975.6972376527248,3601
3858.0,7491,0,0,2,8.73369276456336,100.20544653584301,976.1910133859924,3614
3859.0,7486,0,0,5,8.714173937004476,100.54595244456318,976.5631548837973,3628
3860.0,7484,0,0,2,8.697386472126473,100.86958845537146,977.2878870737522,3654
3861.0,7480,0,0,4,8.68161217399215,101.26283422459893,978.2146814501679,3672
3862.0,7477,0,0,3,8.660075151105932,101.60599170790424,978.6043295244228,3697
3863.0,7471,0,0,6,8.62947325746899,101.9903627359122,979.6364139067807,3706
3864.0,7469,0,0,2,8.610634267658199,102.30526174856072,980.4700556812937,3729
3865.0,7467,0,0,2,8.590107762827712,102.6046605062274,981.3063645052681,3748
3866.0,7466,0,1,2,8.572123235874608,102.93008304312885,981.8993267777441,3760
3867.0,7466,0,0,0,8.576922007590396,103.23278864184302,982.5560139012415,3772
3868.0,7464,0,0,2,8.568342145741843,103.56082529474813,983.2413559745768,3780
3869.0,7461,0,0,3,8.554474926863504,103.89666264575794,983.8823696293089,3799
3870.0,7459,0,0,2,8.52695076297977,104.24426866872236,984.712799548659,3819
3871.0,7455,0,0,4,8.56961757255172,103.39825620389,985.5571975286297,3605
3872.0,7452,0,0,3,8.642717631225214,102.79696725711219,986.3808668537744,3456
3873.0,7450,0,0,2,8.743404220516563,102.41073825503355,987.0513464511157,3334
3874.0,7449,0,0,1,8.854779610500957,102.0715532286213,987.604333431144,3221
3875.0,7444,0,0,5,8.978570920044202,101.80400322407309,988.5287197487215,3124
3876.0,7443,0,0,1,9.096156339120878,101.58457611178288,989.1106146398917,3040
3877.0,7442,0,0,1,9.20043316267102,101.38726148884709,989.7986728746617,2993
3878.0,7441,0,0,1,9.300815960411738,101.2835640370918,990.4967283928383,2945
3879.0,7439,0,0,2,9.38796268215034,101.09799704261326,990.8837772103691,2892
3880.0,7439,0,0,0,9.48063496950721,101.0146525070574,991.4756174554906,2879
3881.0,7438,0,0,1,9.538116059858147,100.99475665501478,992.1950524430492,2866
3882.0,7436,0,0,2,9.582916345993732,100.98426573426573,992.999825248767,2839
3883.0,7435,0,1,2,9.641439947676336,100.94498991257565,993.6624693182044,2822
3884.0,7435,0,0,0,9.692961539023107,100.9002017484869,994.2389936774641,2806
3885.0,7432,0,0,3,9.728736732831443,100.98250807319698,994.9944849081056,2813
3886.0,7432,0,1,1,9.754022060586209,100.97658772874058,995.5341879735598,2792
3887.0,7430,0,0,2,9.77012545551247,100.93458950201884,996.0684230102368,2770
3888.0,7428,0,1,3,9.774335276896979,100.95395799676898,996.8263713306562,2771
3889.0,7426,0,0,2,9.786381095780191,100.96956638836521,997.4519035218906,2743
3890.0,7423,0,0,3,9.784182505830103,100.98895325340159,998.1009912382979,2733
3891.0,7424,0,1,0,9.788619234408708,100.91136853448276,998.5353473088909,2710
3892.0,7420,0,0,4,9.79289327028891,100.89636118598382,999.4620393403426,2702
3893.0,7420,0,0,0,9.800458320801024,100.87708894878706,1000.030200466025,2695
3894.0,7419,0,1,2,9.779546500613463,100.8906860762906,1000.4872433123481,2681
3895.0,7417,0,0,2,9.769600785062568,100.88580288526359,1001.202848183245,2670
3896.0,7418,0,2,1,9.768347273310379,100.75519007818819,1001.5934054754782,2643
3897.0,7415,0,0,3,9.7668966322921,100.79312204989886,1002.2106692670644,2656
3898.0,7413,0,0,2,9.763434508799161,100.81478483744773,1002.9276525919335,2667
3899.0,7410,0,0,3,9.738403405105933,100.85222672064778,1003.6481864076035,2663
3900.0,7409,0,1,2,9.723822719412254,100.86165474423,1004.0875315795784,2667
3901.0,7406,0,0,3,9.705179469079047,100.93410748042128,1005.0328278120306,2670
3902.0,7405,0,2,3,9.686926400408154,100.88777852802161,1005.4804489518754,2664
3903.0,7404,0,1,2,9.664003277229847,100.92409508373852,1006.0227289826955,2679
3904.0,7403,0,0,1,9.636784989869055,100.94096987707687,1006.5193710868386,2682
3905.0,7403,0,1,1,9.618320099958948,100.95272186951236,1007.0528349089642,2684
3906.0,7400,0,0,3,9.598609094922287,101.04810810810811,1007.5524042456046,2702
3907.0,7400,0,1,1,9.57299072003155,101.05932432432432,1007.9294851416787,2700
3908.0,7396,0,0,4,9.535048526207925,101.1625202812331,1008.5178325138346,2714
3909.0,7396,0,2,2,9.501861634777676,101.20308274743104,1008.928958863885,2724
3910.0,7395,0,0,1,9.452320745857664,101.29668695064233,1009.4622365577582,2752
3911.0,7391,0,0,4,9.402901784782232,101.41753483966987,1010.1885772088718,2766
3912.0,7392,0,1,0,9.354990055998336,101.52069805194805,1010.6465492631395,2781
3913.0,7390,0,0,2,9.310062395234766,101.64817320703654,1011.5102644309443,2794
3914.0,7387,0,0,3,9.25371908799241,101.76539867334506,1011.8911575736232,2819
3915.0,7386,0,1,2,9.211621588651626,101.89114541023558,1012.0639459843135,2834
3916.0,7383,0,0,3,9.165989166553778,101.992279561154,1013.0711203929418,2849
3917.0,7380,0,0,3,9.124022689900661,102.09037940379403,1013.9095708285781,2858
3918.0,7379,0,1,2,9.102204645862244,102.17441387721914,1014.1461301477725,2871
3919.0,7377,0,0,2,9.077693589981441,102.26623288599701,1014.6607137271602,2891
3920.0,7374,0,0,3,9.049893715494672,102.38364524003255,1015.1641091771473,2899
3921.0,7373,0,0,1,9.038822419852606,102.47416248474163,1015.8172289780963,2931
3922.0,7372,0,2,3,9.020075030997896,102.59020618556701,1016.2385216788182,2957
3923.0,7368,0,0,4,8.994786836014358,102.79641693811075,1016.5724641214763,2979
3924.0,7367,0,2,3,8.959104205997317,102.95439120401792,1017.2810744698406,3000
3925.0,7366,0,0,1,8.930430913021594,103.171463480858,1017.8315928888952,3023
3926.0,7365,0,2,3,8.911888124991455,103.33116089613034,1018.2947196123528,3063
3927.0,7366,0,1,0,8.891543042113764,103.46768938365463,1018.781221099232,3082
3928.0,7366,0,1,1,8.88231859853549,103.60073309801793,1019.3338854844335,3106
3929.0,7366,0,0,0,8.864521422524625,103.75468368178116,1019.9613899401186,3134
3930.0,7362,0,1,5,8.841501113944169,103.94444444444444,1020.879088527417,3148
3931.0,7360,0,0,2,8.816511864522157,104.12201086956522,1021.3465982796521,3174
3932.0,7357,0,0,3,8.788843645356863,104.33355987494903,1022.2311466195608,3192
3933.0,7357,0,0,0,8.762930990370084,104.52222373249965,1022.866230885541,3220
3934.0,7356,0,2,3,8.740931797117806,104.5210712343665,1023.0738427006946,3244
3935.0,7355,0,1,2,8.725569706169974,104.6137321549966,1023.7820621794566,3254
3936.0,7354,0,0,1,8.7022718338695,104.71525700299156,1024.388471915673,3267
3937.0,7352,0,0,2,8.686452013508092,104.8306583242655,1025.0160152946298,3288
3938.0,7349,0,0,3,8.667314933183295,105.02136345080963,1025.7916882473776,3323
3939.0,7349,0,2,2,8.639249427056606,105.17458157572459,1026.2810618362262,3345
3940.0,7348,0,0,1,8.616657262634469,105.38609145345673,1027.025885645918,3390
3941.0,7348,0,0,0,8.600322102824355,105.58070223189983,1027.6726966603933,3409
3942.0,7347,0,0,1,8.573869045693108,105.84292908670206,1028.457842103159,3435
3943.0,7344,0,0,3,8.545422270392814,106.09177559912854,1029.1485338717478,3461
3944.0,7343,0,0,1,8.529765854597454,106.33964319760317,1029.938645405242,3484
3945.0,7340,0,0,3,8.506433280612617,106.54754768392371,1030.9687953590662,3491
3946.0,7340,0,1,1,8.49171790730578,106.83010899182561,1031.4418703264948,3519
3947.0,7338,0,0,2,8.470403216305426,107.0802671027528,1032.132181938328,3537
3948.0,7336,0,0,2,8.452668100021253,107.40907851690294,1032.7975522982156,3558
3949.0,7335,0,1,2,8.436108241763257,107.76564417177914,1033.4355074481891,3577
3950.0,7333,0,0,2,8.417973040371475,108.07963998363562,1034.2369211116243,3609
3951.0,7332,0,0,1,8.395403015522497,108.34969994544463,1034.99579839707,3610
3952.0,7329,0,1,4,8.358395251894486,108.66011734206576,1035.5701461432882,3621
3953.0,7325,0,0,4,8.336550245184295,108.97733788395904,1036.3246882600272,3633
3954.0,7321,0,0,4,8.309398824218146,109.32973637481219,1036.8881379394563,3655
3955.0,7319,0,0,2,8.272020848519874,109.61784396775516,1037.6213198211835,3676
3956.0,7314,0,0,5,8.243885356218275,109.9990429313645,1038.3831993987426,3699
3957.0,7312,0,1,3,8.205721096282117,110.37445295404814,1039.138040685714,3718
3958.0,7308,0,0,4,8.180684438676534,110.77052545155993,1039.9416487101698,3745
3959.0,7303,0,0,5,8.141418401424417,111.19704231137888,1041.1610876869065,3770
3960.0,7302,0,0,1,8.107950167633172,111.5772391125719,1041.9744662073026,3799
3961.0,7299,0,0,3,8.129367288747853,110.75791204274559,1042.714834763183,3609
3962.0,7297,0,0,2,8.18839235609336,110.19377826504042,1043.4275769289434,3456
3963.0,7296,0,1,2,8.272953287061735,109.78316885964912,1044.0539675611312,3341
3964.0,7295,0,0,1,8.38568673800362,109.43166552433173,1044.7361630476778,3244
3965.0,7294,0,0,1,8.506260086761632,109.2000274197971,1045.2854274959677,3172
3966.0,7294,0,0,0,8.62600204780507,108.97957225116534,1045.9231906385053,3103
3967.0,7293,0,0,1,8.750826057145549,108.81790758261346,1046.6532497229741,3031
3968.0,7290,0,0,3,8.854207524841735,108.67283950617283,1047.238004743123,2982
3969.0,7289,0,0,1,8.940474088133673,108.61119495129647,1047.9951756541898,2957
3970.0,7287,0,0,2,9.020453315102511,108.52751475229861,1048.601781360637,2930
3971.0,7284,0,0,3,9.086628328386821,108.54255903349808,1049.250820991016,2910
3972.0,7280,0,0,4,9.130922072621004,108.56497252747253,1050.0410785567065,2892
3973.0,7276,0,0,4,9.171683620414223,108.597718526663,1051.125384462325,2881
3974.0,7275,0,0,1,9.211990723601133,108.6171821305842,1051.7535251431664,2871
3975.0,7272,0,0,3,9.250347742407016,108.66405390539055,1052.6874231558484,2852
3976.0,7270,0,0,2,9.275675009628314,108.57565337001375,1053.2140941502075,2844
3977.0,7268,0,0,2,9.284258532436617,108.65437534397358,1054.0257418036203,2827
3978.0,7265,0,0,3,9.288509243802649,108.68726772195458,1054.6522183405286,2835
3979.0,7264,0,1,2,9.289926159684944,108.71792400881057,1054.9591879078425,2827
3980.0,7264,0,0,0,9.301527442930336,108.80809471365639,1055.5483323319083,2836
3981.0,7262,0,0,2,9.292066806592352,108.90801432112366,1056.1911232666791,2828
3982.0,7262,0,1,1,9.291431251533476,108.95951528504544,1056.6681758429656,2827
3983.0,7261,0,0,1,9.279954267061848,109.01280815314695,1057.1252465976827,2817
3984.0,7259,0,0,2,9.284661372640098,109.08348257335722,1057.8060047212884,2819
3985.0,7257,0,1,3,9.282334415898239,109.16480639382665,1058.1832364341399,2824
3986.0,7253,0,0,4,9.268275566327162,109.17151523507515,1058.5999901892378,2801
3987.0,7252,0,0,1,9.257964169806119,109.23303916161059,1059.2939725130407,2795
3988.0,7249,0,1,4,9.245943687593158,109.3277693474962,1060.0048940757506,2800
3989.0,7248,0,0,1,9.226117105880249,109.43363686534217,1060.7385829462182,2817
3990.0,7246,0,0,2,9.2067937187694,109.53118962186034,1061.3354489808387,2838
3991.0,7246,0,0,0,9.1917234418715,109.62724261661606,1061.9297997257966,2851
3992.0,7246,0,1,1,9.165440836135772,109.67223295611372,1062.3027849285425,2848
3993.0,7246,0,0,0,9.164069943558088,109.77780844603919,1062.8993631523922,2865
3994.0,7244,0,1,3,9.149757479383327,109.86664826062949,1063.4167205592403,2882
3995.0,7241,0,0,3,9.145062536995491,109.91934815633199,1064.0865656597136,2861
3996.0,7240,0,1,2,9.13405253219867,110.01602209944751,1064.6838762912075,2867
3997.0,7241,0,1,0,9.112973092965966,110.0894904018782,1065.1364367659178,2866
3998.0,7240,0,0,1,9.0860955219388,110.20331491712707,1065.6540267364765,2867
3999.0,7241,0,1,0,9.049229317080961,110.29540118768126,1066.1108825198207,2887
4000.0,7241,0,1,1,9.008793186027301,110.32039773511946,1066.5050116292173,2887
4001.0,7240,0,0,1,8.962596643248029,110.35801104972376,1067.2235419573854,2904
4002.0,7237,0,0,3,8.929742846433504,110.45156832941827,1068.0021171763956,2901
4003.0,7237,0,1,1,8.893596831225217,110.51402514854222,1068.5874537609807,2910
4004.0,7233,0,0,4,8.831298733921809,110.69514724180839,1069.4026938819247,2966
4005.0,7233,0,1,1,8.784841028781068,110.8325729296281,1069.9796129914405,2984
4006.0,7230,0,0,3,8.74051045639938,110.88769017980636,1070.526307782008,2992
4007.0,7227,0,0,3,8.706069802741913,111.02670541026706,1071.231033339068,2999
4008.0,7227,0,2,2,8.683152703349403,111.06475716064757,1071.7103138168206,3014
4009.0,7223,0,0,4,8.664775905730075,111.20573169043334,1072.51512485067,3038
4010.0,7219,0,0,4,8.63108046691866,111.35752874359329,1073.4185484299692,3056
4011.0,7219,0,2,2,8.612674398369643,111.44646072863277,1073.9278724475055,3056
4012.0,7220,0,1,0,8.603709501750188,111.5404432132964,1074.4096488290036,3072
4013.0,7218,0,0,2,8.583844852225031,111.65502909393183,1074.9734531191586,3095
4014.0,7217,0,1,2,8.568558965565689,111.73576278231953,1075.5507667567817,3111
4015.0,7215,0,2,4,8.543527136128553,111.88717948717948,1075.829876466486,3133
4016.0,7210,0,1,6,8.503037422277133,112.10194174757281,1076.1108496125228,3150
4017.0,7208,0,2,4,8.471858186032518,112.23029966703663,1076.7284568632447,3166
4018.0,7207,0,1,2,8.46216778620366,112.3473012349105,1077.4379580155885,3192
4019.0,7207,0,3,3,8.440012194699296,112.41043429998612,1077.392171014527,3196
4020.0,7206,0,0,1,8.427754971049097,112.55842353594227,1078.1791005749724,3241
4021.0,7206,0,2,2,8.399668872207284,112.67082986400222,1078.2888321210585,3251
4022.0,7203,0,1,4,8.366779743483384,112.82646119672359,1078.657694425091,3255
4023.0,7200,0,2,5,8.332630597620835,113.0425,1079.202033373527,3280
4024.0,7198,0,1,3,8.2974578291943,113.24868018894138,1080.0334911584084,3294
4025.0,7198,0,2,2,8.269348727214993,113.39705473742707,1080.6228774348956,3316
4026.0,7198,0,2,2,8.250014952740578,113.53876076687969,1080.977169897125,3332
4027.0,7197,0,0,1,8.23869644702712,113.78671668750869,1081.773060572265,3352
4028.0,7200,0,3,0,8.214157008969288,113.9588888888889,1081.9753178434992,3380
4029.0,7198,0,1,3,8.184841727487543,114.22450680744652,1082.4503925552588,3397
4030.0,7197,0,2,3,8.16925736768742,114.47811588161734,1082.7245096619242,3430
4031.0,7195,0,1,3,8.142920341262316,114.69312022237665,1083.1982007273812,3442
4032.0,7195,0,2,2,8.119954358759541,114.89047949965254,1083.3546645547644,3458
4033.0,7197,0,2,0,8.108122061025746,115.12102264832569,1083.7153789672307,3492
4034.0,7197,0,2,2,8.077501652783084,115.34347644852022,1084.3698076910243,3503
4035.0,7196,0,0,1,8.054710030614265,115.61311839911062,1085.033349171053,3528
4036.0,7198,0,4,2,8.0320252135014,115.89358155043068,1085.3144451621026,3565
4037.0,7198,0,0,0,8.01898897645852,116.15823839955543,1085.9827756750599,3583
4038.0,7194,0,1,5,7.995592703555756,116.53016402557687,1086.8387045540792,3628
4039.0,7191,0,1,4,7.974197117191771,116.86705604227507,1087.6548247537771,3638
4040.0,7191,0,2,2,7.948877448898006,117.1457377277152,1088.2418936402964,3661
4041.0,7188,0,0,3,7.919692394139727,117.46535893155259,1089.152196274736,3673
4042.0,7188,0,2,2,7.88832984346278,117.76711185308848,1089.5093689709377,3700
4043.0,7185,0,0,3,7.852661940803963,118.02199025748087,1090.526350024138,3710
4044.0,7182,0,0,3,7.825607782678226,118.33723196881091,1091.256694128355,3727
4045.0,7181,0,1,2,7.805684767044225,118.61579167246902,1091.8768270075263,3748
4046.0,7182,0,1,0,7.784434610782108,118.90796435533278,1092.4067304877801,3764
4047.0,7180,0,0,2,7.75061465837677,119.26267409470752,1093.1062882445592,3777
4048.0,7181,0,2,1,7.727418096226415,119.53836513020471,1093.6042121491105,3794
4049.0,7180,0,0,1,7.697725496214627,119.87047353760445,1094.4413503769008,3820
4050.0,7181,0,1,0,7.67369598608919,120.24495195655201,1094.978015061909,3840
4051.0,7181,0,1,1,7.700820010561489,119.25010444227823,1095.3949796105228,3632
4052.0,7181,0,1,1,7.776368573414481,118.56941930093302,1096.0737628260672,3465
4053.0,7177,0,0,4,7.879862305104872,118.12749059495611,1097.261259909931,3363
4054.0,7179,0,2,0,8.004834599903704,117.76027301852626,1097.6202587468122,3267
4055.0,7179,0,1,1,8.135515096569245,117.51246691739797,1098.2289412235295,3201
4056.0,7178,0,0,1,8.264650463049147,117.26609083310115,1099.0241555512007,3126
4057.0,7180,0,2,0,8.393917341907292,116.99289693593315,1099.3554811430056,3064
4058.0,7180,0,0,0,8.500796842338449,116.84331476323119,1099.9855322924154,3015
4059.0,7177,0,0,3,8.564967751761039,116.78863034694162,1100.807486768251,2989
4060.0,7178,0,2,1,8.623993549265538,116.74115352465869,1100.9281979469379,2958
4061.0,7177,0,0,1,8.667913259258167,116.74543681203846,1101.4690787608627,2967
4062.0,7176,0,1,2,8.713206145012744,116.73188405797102,1101.7963376765877,2970
4063.0,7177,0,1,0,8.763192117398587,116.70642329664206,1102.2516469272587,2980
4064.0,7177,0,0,0,8.792348450005411,116.65222237703776,1102.8584463559691,2975
4065.0,7175,0,0,2,8.817233471954763,116.61310104529616,1103.344831406015,2954
4066.0,7171,0,0,4,8.839539662982258,116.64746897224934,1104.2742812477063,2960
4067.0,7171,0,1,1,8.852109439935214,116.54190489471482,1104.8261757839527,2927
4068.0,7167,0,0,4,8.852422513901983,116.59787916841077,1105.4997816828388,2931
4069.0,7166,0,2,3,8.84623453179336,116.56656433156573,1105.7794241372376,2910
4070.0,7164,0,0,2,8.851635655183884,116.62311557788945,1106.0891989715942,2919
4071.0,7165,0,1,0,8.881355405756254,116.62903000697837,1106.5339862169753,2924
4072.0,7164,0,0,1,8.887710339344547,116.63456169737577,1107.2792557094788,2915
4073.0,7165,0,1,0,8.896486006419812,116.63754361479414,1107.7239598942829,2913
4074.0,7163,0,0,2,8.892629752958003,116.70822281167109,1108.4215590845554,2906
4075.0,7162,0,1,2,8.886439229606392,116.7566322256353,1109.0210972855054,2922
4076.0,7162,0,0,0,8.887614039050371,116.75551521921251,1109.620831450319,2909
4077.0,7162,0,2,2,8.866503444972818,116.75467746439541,1110.1718922854304,2908
4078.0,7161,0,0,1,8.853721843471167,116.80617232230135,1110.9198883322392,2916
4079.0,7162,0,1,0,8.837010062107494,116.76151912873499,1111.3679175141904,2909
4080.0,7162,0,1,1,8.823133347917135,116.80871265009773,1111.9581294485693,2929
4081.0,7161,0,0,1,8.794327378490669,116.85002094679514,1112.4627095942787,2949
4082.0,7158,0,0,3,8.757865696981666,116.89005308745459,1113.308226811319,2951
4083.0,7158,0,1,1,8.73744220303391,116.88781782620843,1113.9127739208357,2950
4084.0,7157,0,0,1,8.715085402760794,116.89870057286572,1114.640612736614,2958
4085.0,7156,0,1,2,8.689653139671803,117.00041922861934,1115.041270148272,2973
4086.0,7155,0,0,1,8.666047412620104,117.09909154437456,1115.808125030028,2987
4087.0,7153,0,0,2,8.638888117462926,117.15895428491542,1116.42429534892,3001
4088.0,7151,0,0,2,8.607532451907838,117.20137043770102,1116.8528700880656,2987
4089.0,7150,0,2,3,8.566379735628445,117.31636363636363,1117.4993881114592,3006
4090.0,7147,0,1,4,8.513284412972038,117.42661256471247,1118.2650959019297,3019
4091.0,7143,0,0,4,8.45396389969831,117.57146857062858,1119.2844311946403,3023
4092.0,7139,0,2,6,8.397081088659675,117.68959237988514,1119.845543651988,3023
4093.0,7138,0,0,1,8.34046406490455,117.77262538526197,1120.5529046772863,3029
4094.0,7136,0,0,2,8.29298518214959,117.94142376681614,1121.3076331265463,3064
4095.0,7136,0,2,2,8.248743509220892,118.03307174887892,1121.7226511306214,3066
4096.0,7134,0,0,2,8.217347928097325,118.05354639753294,1122.582340433765,3060
4097.0,7133,0,0,1,8.18328703849197,118.09687368568625,1123.3641198403639,3063
4098.0,7132,0,2,3,8.166297213502512,118.12983735277622,1123.5005261572087,3071
4099.0,7129,0,0,3,8.142522826830797,118.15948940945434,1124.0426988008153,3084
4100.0,7126,0,0,3,8.113453077548822,118.29483581251755,1124.8048440617174,3112
4101.0,7124,0,2,4,8.088499379157577,118.40019651880965,1124.9594586103544,3113
4102.0,7123,0,1,2,8.070931425327696,118.51284571107679,1125.5552898896303,3146
4103.0,7121,0,1,3,8.048818249555499,118.59275382670972,1126.036260617698,3166
4104.0,7122,0,2,1,8.028678914399881,118.63044088739119,1126.3008334788015,3177
4105.0,7118,0,1,5,7.996492140714082,118.79039055914583,1126.9662378246771,3176
4106.0,7119,0,2,1,7.977237680450524,118.88130355386993,1127.427494221654,3197
4107.0,7117,0,1,3,7.943236066917024,119.05339328368694,1127.8918126881804,3231
4108.0,7112,0,0,5,7.919905163237459,119.2464848143982,1128.9565937730106,3240
4109.0,7109,0,2,5,7.884638850183826,119.31509354339569,1129.376949718973,3246
4110.0,7107,0,0,2,7.85603258815674,119.44153651329675,1130.3012861727454,3270
4111.0,7106,0,1,2,7.820757895130054,119.5879538418238,1131.036753528613,3297
4112.0,7104,0,0,2,7.796455204490993,119.70101351351352,1131.7263148515137,3326
4113.0,7102,0,1,3,7.755190756806019,119.77851309490285,1132.1449829927406,3343
4114.0,7100,0,1,3,7.723827974169272,119.87492957746478,1133.0446059857281,3389
4115.0,7097,0,1,4,7.698919922133547,119.95561504861209,1133.9129997114076,3412
4116.0,7095,0,1,3,7.667062432866102,120.14122621564482,1134.6280903197567,3434
4117.0,7092,0,0,3,7.643620040898299,120.4011562323745,1135.347490738922,3471
4118.0,7089,0,2,5,7.611801592393142,120.63013118916632,1136.1324798189776,3514
4119.0,7087,0,0,2,7.578289087928127,120.9005220826866,1136.7256096987169,3538
4120.0,7084,0,0,3,7.549546135598926,121.24957651044608,1137.4750033336686,3573
4121.0,7085,0,2,1,7.521334244127981,121.50684544812985,1137.9411544267923,3587
4122.0,7083,0,0,2,7.492651298928917,121.74036425243541,1138.5929137244832,3603
4123.0,7082,0,1,2,7.467228298249098,121.95552103925445,1139.369993974189,3620
4124.0,7081,0,1,2,7.445161179183036,122.20505578308149,1139.9857827378994,3638
4125.0,7079,0,0,2,7.438194719962797,122.43353581014267,1140.8816713983952,3638
4126.0,7079,0,1,1,7.420466981978011,122.58214437067383,1141.3667723899953,3652
4127.0,7076,0,1,4,7.3870233834977155,122.89245336348219,1142.1964342907233,3684
4128.0,7072,0,1,5,7.350994470151358,123.18566176470588,1142.9344424669187,3695
4129.0,7069,0,0,3,7.312640816637339,123.50120243315887,1143.9567834318473,3718
4130.0,7066,0,1,4,7.28348926813162,123.86187376167562,1144.5368664154043,3733
4131.0,7062,0,0,4,7.250688045666478,124.19371282922685,1145.4515382135437,3754
4132.0,7061,0,1,2,7.221898268376656,124.49865458150404,1146.0535392958632,3769
4133.0,7057,0,0,4,7.178698200185912,124.80700014170327,1146.9649846289738,3794
4134.0,7053,0,1,5,7.13469466374072,125.19963136254076,1147.5771426962156,3810
4135.0,7052,0,0,1,7.108397429336518,125.43562110039706,1148.3718048254611,3814
4136.0,7048,0,1,5,7.080226630434553,125.8266174801362,1149.1381406519026,3835
4137.0,7046,0,0,2,7.052869034023932,126.11183650298041,1149.7771263056345,3865
4138.0,7043,0,0,3,7.031203924977936,126.46230299588244,1150.4646490506793,3887
4139.0,7038,0,0,5,6.992093072837694,126.84768400113668,1151.5702516707454,3907
4140.0,7038,0,1,1,6.961143111997726,127.2047456663825,1152.1706614715752,3930
4141.0,7035,0,0,3,7.0002166357350655,126.24690831556504,1152.7627963837542,3728
4142.0,7034,0,1,2,7.0670379034919995,125.62297412567528,1153.3706326448355,3575
4143.0,7031,0,0,3,7.159165818506059,125.20395391836153,1153.9669575687328,3457
4144.0,7030,0,0,1,7.287109599050111,124.87638691322901,1154.4991849962948,3358
4145.0,7029,0,0,1,7.423293882988169,124.59908948641343,1155.3106878697745,3282
4146.0,7028,0,0,1,7.561986354024514,124.40139442231076,1155.9620512478816,3219
4147.0,7027,0,0,1,7.689304498010111,124.23680091077273,1156.7851431366262,3168
4148.0,7027,0,1,1,7.798611632064041,124.03586167639106,1157.1825275434499,3117
4149.0,7026,0,0,1,7.891309880679457,123.93751779106177,1157.9806067416916,3109
4150.0,7023,0,0,3,7.9651555102797555,123.9085860743272,1159.0500154299616,3072
4151.0,7023,0,0,0,8.03140111644571,123.92197066780578,1159.6912034923578,3072
4152.0,7022,0,0,1,8.090535618624015,123.85403019082882,1160.4586139641206,3059
4153.0,7020,0,0,2,8.142133564749244,123.91609686609686,1161.1198782535398,3051
4154.0,7019,0,0,1,8.188356677959476,123.84769910243624,1161.8862561364597,3036
4155.0,7016,0,0,3,8.235512062060607,123.84007981755987,1162.6879634087375,3030
4156.0,7016,0,1,1,8.258150527681405,123.70724059293045,1163.2844345472727,3004
4157.0,7014,0,0,2,8.267401949419273,123.72084402623325,1163.9612089640264,3000
4158.0,7014,0,0,0,8.285185104661261,123.70245223838039,1164.5834836072136,2981
4159.0,7013,0,0,1,8.282878833827064,123.67702837587338,1165.3288533392965,2972
4160.0,7011,0,0,2,8.280709038205167,123.59877335615461,1166.216811858312,2966
4161.0,7009,0,0,2,8.277357678220362,123.64445712655157,1167.122869199523,2964
4162.0,7008,0,0,1,8.282414169631869,123.65168378995433,1167.9064393936726,2970
4163.0,7006,0,0,2,8.27398544877405,123.6575792178133,1168.5623671929288,2964
4164.0,7005,0,0,1,8.291231000713054,123.46581013561742,1169.3226275913335,2937
4165.0,7003,0,0,2,8.292144250697788,123.44795087819506,1169.9801341611317,2929
4166.0,7001,0,1,3,8.292018497092158,123.43508070275675,1170.7499809164408,2935
4167.0,7001,0,0,0,8.27983404496188,123.38265962005428,1171.3717382805976,2927
4168.0,6999,0,0,2,8.26671699192693,123.43063294756394,1171.8067923670021,2920
4169.0,6997,0,0,2,8.259122482521986,123.4946405602401,1172.5117539699058,2933
4170.0,6996,0,0,1,8.241786044533285,123.42824471126357,1173.1555393789122,2909
4171.0,6995,0,0,1,8.232768349052959,123.43416726233023,1173.9021016409663,2916
4172.0,6994,0,0,1,8.216757840809153,123.3844724049185,1174.3853624901647,2929
4173.0,6992,0,0,2,8.201609255992402,123.47811784897026,1175.0416133289305,2939
4174.0,6989,0,0,3,8.192692814386433,123.49906996709115,1175.7030171105791,2938
4175.0,6987,0,0,2,8.17780579237283,123.51710319164162,1176.4147773353034,2929
4176.0,6985,0,0,2,8.149139622331312,123.55590551181102,1176.8919468996717,2942
4177.0,6984,0,0,1,8.143362244988197,123.56672394043528,1177.5762030020453,2924
4178.0,6982,0,0,2,8.128364615335213,123.64523059295331,1178.2362845732828,2943
4179.0,6981,0,0,1,8.100836900325517,123.72152986678127,1178.784299156655,2957
4180.0,6980,0,0,1,8.06746914335003,123.80558739255014,1179.4000497059637,2974
4181.0,6980,0,0,0,8.034701812386695,123.7230659025788,1180.0398444337561,2987
4182.0,6980,0,0,0,7.9982530150298645,123.81934097421204,1180.682572828087,3011
4183.0,6978,0,0,2,7.967777526737629,123.88406420177701,1181.3435615802052,3045
4184.0,6976,0,1,3,7.929182071847004,124.0334002293578,1181.8759451022859,3038
4185.0,6975,0,0,1,7.889492289632495,124.0437275985663,1182.447909973485,3070
4186.0,6973,0,0,2,7.852611412394662,124.06424781299297,1183.1570708840875,3063
4187.0,6968,0,0,5,7.811335136067543,124.14853616532722,1183.8038808460442,3065
4188.0,6969,0,1,0,7.782175484407186,124.12555603386426,1184.2902336385262,3080
4189.0,6966,0,0,3,7.755457224812564,124.18446741314959,1185.2424994180412,3079
4190.0,6965,0,1,2,7.727661697256409,124.23101220387653,1185.8200752607154,3097
4191.0,6963,0,0,2,7.718525724804403,124.39121068504954,1186.2736065697052,3117
4192.0,6960,0,1,4,7.698671729825552,124.52729885057471,1186.7187145134892,3144
4193.0,6955,0,2,7,7.657355774734166,124.72997843278218,1187.1333632886056,3165
4194.0,6952,0,0,3,7.622994515507964,124.87528768699654,1187.7514815613524,3182
4195.0,6951,0,1,2,7.599190755169161,125.00086318515322,1188.1963904849429,3227
4196.0,6950,0,2,3,7.580825430576882,125.14330935251799,1188.6410735883003,3231
4197.0,6948,0,1,3,7.570530812499605,125.33649971214739,1188.6654070935526,3269
4198.0,6946,0,1,3,7.546953052736057,125.49467319320472,1189.3385552343907,3258
4199.0,6947,0,2,1,7.5220210673226635,125.61997984741615,1189.6061335838415,3298
4200.0,6948,0,2,1,7.494970057473486,125.75892343120323,1190.0510164642803,3341
4201.0,6947,0,2,3,7.468051687949364,125.94256513602994,1190.734143131259,3363
4202.0,6947,0,2,2,7.4481392377855995,126.13372678854182,1191.262693591498,3385
4203.0,6942,0,0,5,7.424451004896527,126.38130221838087,1192.2887951706018,3406
4204.0,6942,0,3,3,7.395574622756703,126.55963699222126,1192.6520872983617,3410
4205.0,6940,0,1,3,7.379310740264889,126.74005763688761,1193.3151915269245,3434
4206.0,6940,0,1,1,7.370227947242317,126.85403458213257,1193.8960206579407,3457
4207.0,6939,0,1,2,7.346447255386302,127.05894221069319,1194.4450117071951,3472
4208.0,6939,0,1,1,7.332882979208019,127.21804294566941,1195.0373993124201,3484
4209.0,6936,0,0,3,7.314848855727592,127.38667820069205,1195.7739981484494,3485
4210.0,6940,0,4,0,7.294837551954782,127.55706051873199,1195.7745058779067,3499
4211.0,6939,0,0,1,7.273838105829455,127.74996397175386,1196.5117115090147,3520
4212.0,6940,0,1,0,7.250263852049683,128.01109510086457,1197.032288531555,3531
4213.0,6942,0,2,0,7.230278413830677,128.19101123595505,1197.3818745214853,3549
4214.0,6941,0,0,1,7.205505208213079,128.33900014407146,1198.1908003918893,3567
4215.0,6940,0,1,2,7.18438545640762,128.51887608069165,1198.3826783986235,3586
4216.0,6939,0,0,1,7.165487896649748,128.76091655858193,1198.957552435641,3595
4217.0,6940,0,4,3,7.136880895561564,128.95605187319885,1199.237183536169,3598
4218.0,6939,0,1,2,7.118949306329931,129.1246577316616,1200.0601535680876,3598
4219.0,6938,0,0,1,7.109283713828463,129.45877774574805,1200.5864020595072,3621
4220.0,6937,0,0,1,7.095045633060213,129.79256162606313,1201.4023750928775,3665
4221.0,6936,0,1,2,7.0697416208072195,130.0686274509804,1202.1363144650077,3662
4222.0,6933,0,0,3,7.057808606688364,130.3441511611135,1202.9149390470982,3683
4223.0,6933,0,1,1,7.0385786505929735,130.61863551132265,1203.578278906405,3701
4224.0,6931,0,1,3,7.0102219495708695,130.98441783292455,1204.1159685055036,3736
4225.0,6930,0,0,1,6.987423137990295,131.32193362193362,1204.9940046230056,3757
4226.0,6929,0,1,2,6.971250875372525,131.66200028864193,1205.6519805813641,3775
4227.0,6928,0,1,2,6.943900616992196,131.98354503464202,1206.335689927606,3797
4228.0,6928,0,0,0,6.921787776961295,132.27973441108546,1207.0505997211365,3800
4229.0,6928,0,0,0,6.888864078768514,132.57837759815243,1207.767855303095,3824
4230.0,6927,0,0,1,6.861436730364291,132.85303883354987,1208.471173794893,3839
4231.0,6926,0,0,1,6.895127001491023,131.98021946289344,1209.3157326072753,3646
4232.0,6925,0,0,1,6.962293325272884,131.4005776173285,1210.0752281505847,3508
4233.0,6926,0,1,0,7.054194496561053,130.90947155645395,1210.605003034939,3394
4234.0,6925,0,0,1,7.163786255167478,130.52664259927798,1211.176004018445,3307
4235.0,6925,0,0,0,7.298583830017091,130.20462093862815,1211.8628140531976,3213
4236.0,6924,0,0,1,7.435832795341032,129.9975447718082,1212.5677871950377,3156
4237.0,6924,0,0,0,7.567490107030112,129.81036972848065,1213.236094139687,3090
4238.0,6924,0,0,0,7.679694330560366,129.66088965915657,1213.8968277040342,3056
4239.0,6922,0,0,2,7.773790451468635,129.61268419531928,1214.6390399652198,3017
4240.0,6922,0,0,0,7.857905496554824,129.58711355099683,1215.2874770736273,2984
4241.0,6921,0,0,1,7.91399575174832,129.56552521311949,1216.1036477583225,2971
4242.0,6921,0,0,0,7.960585393009639,129.67490247074122,1216.7446236933718,2956
4243.0,6921,0,0,0,8.009316645751202,129.6697009102731,1217.3825177712329,2937
4244.0,6919,0,0,2,8.03639236147918,129.68694898106662,1218.1056699018384,2932
4245.0,6917,0,0,2,8.05874077641041,129.72386872921786,1218.9671720719516,2905
4246.0,6914,0,0,3,8.087584385383478,129.7500723170379,1219.3735483190665,2897
4247.0,6913,0,0,1,8.106581384124492,129.81223781281642,1220.1324604865906,2905
4248.0,6911,0,0,2,8.123985476544199,129.87613948777312,1220.8185846317465,2894
4249.0,6908,0,0,3,8.134364086182858,129.99088013896932,1221.4355617445701,2904
4250.0,6907,0,0,1,8.134235988259286,130.10540031851744,1222.1966094223524,2899
4251.0,6906,0,0,1,8.135948251402786,130.24428033593975,1222.8468117267696,2910
4252.0,6903,0,0,3,8.13202672017654,130.34159061277705,1223.497303902062,2910
4253.0,6900,0,0,3,8.124287402471412,130.39695652173913,1224.1271514405814,2908
4254.0,6899,0,0,1,8.117515284506748,130.4238295405131,1224.6356637047127,2919
4255.0,6899,0,0,0,8.112704921203662,130.43020727641687,1225.2674855941807,2919
4256.0,6899,0,0,0,8.116935017925666,130.45731265400784,1225.8988014178703,2932
4257.0,6898,0,0,1,8.11368555412045,130.46549724557843,1226.6690860269525,2920
4258.0,6897,0,0,1,8.109116805024534,130.49122807017545,1227.3060644759075,2914
4259.0,6895,0,0,2,8.099285287062372,130.60130529369107,1228.1225442725054,2921
4260.0,6895,0,1,1,8.081708180543208,130.54430746918055,1228.707408453267,2912
4261.0,6893,0,0,2,8.06636752723648,130.61381111272306,1229.2144849991355,2912
4262.0,6891,0,0,2,8.05017401817751,130.6668117834857,1230.0793670047042,2913
4263.0,6891,0,0,0,8.042327552859946,130.75402699172835,1230.7154230040724,2914
4264.0,6889,0,0,2,8.027023691239531,130.77892292059806,1231.51584905361,2913
4265.0,6888,0,0,1,8.023509306285977,130.72996515679444,1232.0561348203219,2902
4266.0,6887,0,0,1,8.011633618599665,130.81443298969072,1232.7808188369663,2916
4267.0,6884,0,0,3,7.9842965527401875,130.82873329459616,1233.4463906838166,2935
4268.0,6883,0,0,1,7.96702515343448,130.87403748365537,1234.1994467196964,2925
4269.0,6881,0,0,2,7.938972859760167,130.9674465920651,1234.5423299574607,2940
4270.0,6878,0,1,4,7.908306026374087,131.1365222448386,1235.0328990302844,2944
4271.0,6878,0,0,0,7.875396355868196,131.26955510322767,1235.6808504573742,2971
4272.0,6877,0,0,1,7.831677092982041,131.4544132615966,1236.2715395681023,2999
4273.0,6877,0,0,0,7.79254677953273,131.5806310891377,1236.925092492349,3012
4274.0,6876,0,0,1,7.7499875879602556,131.76410703897614,1237.3260688634123,3034
4275.0,6875,0,0,1,7.70681442464991,131.8986181818182,1238.0781581807666,3070
4276.0,6874,0,0,1,7.673737503509104,131.98588885656096,1238.912696660498,3077
4277.0,6871,0,0,3,7.6418014909560075,132.11352059380002,1239.4322618324206,3090
4278.0,6870,0,0,1,7.626254370004818,132.2221251819505,1239.9496013309447,3088
4279.0,6867,0,1,4,7.605163189944641,132.3726518130188,1240.4715261217555,3111
4280.0,6867,0,0,0,7.582838517366515,132.43425076452598,1241.137180041903,3113
4281.0,6862,0,0,5,7.559722754589348,132.55129699795978,1241.8519812277975,3119
4282.0,6861,0,1,2,7.53834402051126,132.64349220230287,1242.3660743590992,3142
4283.0,6857,0,0,4,7.503099309963984,132.85897622867142,1243.0137304758282,3179
4284.0,6855,0,1,3,7.47837548481844,133.03078045222466,1243.8674413696904,3202
4285.0,6851,0,0,4,7.451350104063299,133.22784994891256,1244.649780660513,3222
4286.0,6846,0,1,6,7.42790824181822,133.44449313467717,1244.801542160036,3223
4287.0,6844,0,0,2,7.41892787712094,133.67738164815898,1245.7602814912893,3261
4288.0,6840,0,0,4,7.407615318577892,133.88801169590644,1246.5083378981005,3279
4289.0,6837,0,0,3,7.3917021027444365,134.0317390668422,1247.3338646500627,3288
4290.0,6834,0,0,3,7.360755909279919,134.27202224173251,1248.1820470302987,3296
4291.0,6831,0,0,3,7.329894669837239,134.42028985507247,1248.9110508209376,3313
4292.0,6826,0,0,5,7.299037440523561,134.71125109874012,1249.4869619535395,3340
4293.0,6823,0,0,3,7.259908675771417,134.96555767257806,1250.261927802501,3384
4294.0,6820,0,0,3,7.231235504846184,135.2190615835777,1250.9155162078991,3402
4295.0,6815,0,0,5,7.2039550556777066,135.5028613352898,1251.751284308094,3429
4296.0,6813,0,0,2,7.186781053529574,135.74328489652135,1252.5256316216717,3447
4297.0,6809,0,0,4,7.157578926438801,136.0324570421501,1253.3557773483094,3450
4298.0,6805,0,0,4,7.1355209512716,136.27744305657606,1254.3384303110997,3483
4299.0,6805,0,0,0,7.122784508810545,136.51182953710506,1255.034072255963,3497
4300.0,6802,0,0,3,7.08988326035767,136.83166715671862,1255.8182002645813,3504
4301.0,6798,0,0,4,7.050658287435194,137.1934392468373,1256.8556224638835,3528
4302.0,6796,0,1,3,7.018220400899127,137.45644496762802,1257.790383200848,3544
4303.0,6794,0,0,2,6.980229368160285,137.74448042390344,1258.4892133490764,3558
4304.0,6793,0,0,1,6.948874174852569,138.01280730163404,1259.0919014716196,3579
4305.0,6791,0,0,2,6.92020491892887,138.2322191135326,1259.5392993869057,3593
4306.0,6791,0,0,0,6.88767937995484,138.46326019731998,1260.2496821198529,3604
4307.0,6788,0,0,3,6.863266928587695,138.7637006482027,1260.9425982949233,3628
4308.0,6786,0,0,2,6.8402390923493375,139.1280577659888,1261.5350593160904,3650
4309.0,6784,0,0,2,6.805387823942613,139.51061320754718,1262.3043171455424,3651
4310.0,6782,0,0,2,6.791660196596239,139.85004423473902,1263.0735375423858,3669
4311.0,6780,0,0,2,6.762480004541705,140.16725663716815,1263.734891341045,3684
4312.0,6777,0,0,3,6.740161102810172,140.44798583444,1264.4228703081833,3674
4313.0,6771,0,0,6,6.702849724514744,140.83222566829124,1265.1590192518788,3692
4314.0,6771,0,1,1,6.681144990734739,141.0872840053168,1265.846055318601,3700
4315.0,6770,0,1,2,6.653022892710768,141.4453471196455,1266.6987006900304,3724
4316.0,6768,0,0,2,6.630656436043835,141.74039598108746,1267.6560743561156,3734
4317.0,6767,0,0,1,6.610544193887182,142.0311807300133,1268.4434879122684,3744
4318.0,6766,0,0,1,6.5926597664282935,142.40673958025423,1269.036955676992,3739
4319.0,6763,0,0,3,6.5735825370087815,142.76992458967914,1269.8068940943867,3730
4320.0,6761,0,0,2,6.555412172384881,143.11655080609378,1270.6197238499415,3756
4321.0,6761,0,0,0,6.591549743139992,142.15234432776217,1271.3462840984967,3576
4322.0,6760,0,0,1,6.660603403814196,141.4144970414201,1272.2031963738839,3438
4323.0,6759,0,0,1,6.7407949254376565,140.84228436159196,1273.0664299613286,3324
4324.0,6756,0,1,4,6.843343892543789,140.4459739490823,1273.6936330460994,3208
4325.0,6754,0,0,2,6.963076469168179,140.12910867633994,1274.5523246770233,3150
4326.0,6753,0,0,1,7.0894679418046005,139.81534132977936,1275.3898154800436,3087
4327.0,6753,0,0,0,7.220442886653582,139.42381163927143,1276.0714308088766,3023
4328.0,6751,0,0,2,7.3312274070755405,139.11405717671457,1276.9598041852648,2979
4329.0,6751,0,1,1,7.416429395628527,138.86727892164123,1277.500445706474,2944
4330.0,6750,0,0,1,7.496675979695721,138.71081481481482,1278.3000341842837,2931
4331.0,6750,0,1,1,7.55784775291128,138.60948148148148,1278.6787550097397,2922
4332.0,6747,0,0,3,7.599613195347391,138.57210612123907,1279.5799837826385,2917
4333.0,6745,0,0,2,7.623550650720047,138.56293550778355,1280.5211821210355,2910
4334.0,6743,0,0,2,7.65201820754854,138.58060210588758,1281.449356928961,2905
4335.0,6742,0,0,1,7.661716093279302,138.51913378819341,1282.280418593821,2895
4336.0,6741,0,0,1,7.68943851514382,138.45482866043614,1283.099268847367,2889
4337.0,6738,0,0,3,7.706618325295531,138.42935589195608,1283.870742048898,2859
4338.0,6737,0,0,1,7.712536839940845,138.4380287962001,1284.6981329870678,2844
4339.0,6736,0,0,1,7.726379480902523,138.28681710213777,1285.4739837288819,2816
4340.0,6734,0,0,2,7.7282882584172725,138.3014553014553,1286.3256092964612,2820
4341.0,6733,0,0,1,7.716749044623173,138.33907619189068,1286.8397105222664,2838
4342.0,6732,0,0,1,7.7278341190776985,138.24688057040999,1287.493212836018,2803
4343.0,6728,0,0,4,7.7292364683646815,138.24078478002377,1288.2050835264777,2784
4344.0,6725,0,0,3,7.729914107652532,138.3317472118959,1289.2170050861655,2770
4345.0,6725,0,1,1,7.713827701762684,138.2889219330855,1289.8486703967387,2778
4346.0,6725,0,0,0,7.706137453612766,138.24371747211896,1290.4893422269545,2788
4347.0,6723,0,0,2,7.692138843615097,138.2250483415142,1291.1824466761202,2776
4348.0,6721,0,0,2,7.667447270697405,138.31840499925607,1292.0055116618353,2793
4349.0,6719,0,0,2,7.6621550084290755,138.3711861884209,1292.7516443608945,2791
4350.0,6719,0,0,0,7.654877621333694,138.44962047923798,1293.3950318187528,2820
4351.0,6716,0,0,3,7.650548458655892,138.54586063132817,1294.2713166073115,2823
4352.0,6713,0,0,3,7.647286277049714,138.67153284671534,1294.8615186707486,2800
4353.0,6709,0,0,4,7.630161540276404,138.7816366075421,1295.7539720984357,2825
4354.0,6709,0,1,1,7.6073556763892105,138.8282903562379,1296.3454236192551,2819
4355.0,6705,0,0,4,7.588487638608008,138.98642803877703,1297.1204743376595,2846
4356.0,6703,0,0,2,7.563359452626991,139.11561987169924,1298.1232892278256,2863
4357.0,6699,0,0,4,7.530397294515217,139.24451410658307,1299.1254039739406,2877
4358.0,6698,0,0,1,7.497340337140735,139.3244252015527,1299.9180204301367,2893
4359.0,6695,0,0,3,7.4614245446377945,139.48543689320388,1300.871465627945,2908
4360.0,6694,0,0,1,7.424297248076562,139.5806692560502,1301.4922851368062,2915
4361.0,6693,0,0,1,7.388614349066517,139.65874794561483,1302.26906550639,2914
4362.0,6688,0,0,5,7.357415571370953,139.82356459330143,1302.834222942232,2926
4363.0,6688,0,0,0,7.334782445823206,139.92299641148324,1303.5010783263278,2941
4364.0,6686,0,1,3,7.307465840825634,140.11890517499253,1303.7465874477691,2969
4365.0,6683,0,0,3,7.280475465140013,140.32395630704772,1304.861658532829,2996
4366.0,6682,0,0,1,7.258950039314837,140.37832984136486,1305.5117541350055,2983
4367.0,6678,0,0,4,7.247942895460452,140.5118298891884,1306.6455878424836,2990
4368.0,6677,0,0,1,7.249481289513024,140.63980829713944,1307.2650284352067,3005
4369.0,6672,0,0,5,7.220089218437829,140.81504796163068,1308.2561318644712,2999
4370.0,6671,0,1,2,7.182421121136594,140.9331434567531,1308.8485667529021,3020
4371.0,6670,0,1,2,7.152181097102923,141.03928035982008,1309.6157411134618,3060
4372.0,6669,0,1,2,7.12374747927362,141.17588843904633,1310.164664534228,3058
4373.0,6666,0,0,3,7.093102895222001,141.34578457845785,1311.1565166802604,3087
4374.0,6664,0,1,3,7.077981530166399,141.46683673469389,1311.600239272588,3110
4375.0,6664,0,2,2,7.046688657261861,141.60879351740695,1311.75152093377,3144
4376.0,6663,0,0,1,7.024489285739354,141.82140177097403,1312.2300424571604,3179
4377.0,6664,0,2,1,7.0004105461142245,141.9719387755102,1312.4254356455583,3219
4378.0,6664,0,0,0,6.987763583812689,142.17061824729893,1313.1177125077252,3252
4379.0,6665,0,1,0,6.969814707075682,142.35378844711178,1313.6149190773472,3277
4380.0,6662,0,0,3,6.947911407833983,142.6241368958271,1314.543738315371,3286
4381.0,6664,0,2,0,6.925850097704229,142.718787515006,1314.8458976428662,3304
4382.0,6660,0,0,4,6.901529588472891,142.94684684684685,1315.6265943026106,3306
4383.0,6659,0,2,3,6.873694820612646,143.12284126745757,1316.3873847905882,3348
4384.0,6659,0,1,1,6.861405811763969,143.28202432797718,1316.793154371358,3356
4385.0,6656,0,0,3,6.838834194585321,143.48873197115384,1317.7766899782694,3379
4386.0,6654,0,0,2,6.8234958657128955,143.6844003606853,1318.3863201755723,3398
4387.0,6654,0,1,1,6.811700628158911,143.8238653441539,1319.0856057156318,3398
4388.0,6652,0,0,2,6.78870818691242,144.02435357787132,1320.0199169348782,3404
4389.0,6651,0,1,2,6.769957259708124,144.2083897158322,1320.8360369778434,3432
4390.0,6651,0,0,0,6.759504711460308,144.3909186588483,1321.5464693636939,3461
4391.0,6648,0,0,3,6.738307327700116,144.61537304452466,1322.4502912109185,3471
4392.0,6646,0,1,3,6.722579390754661,144.88820343063497,1322.8826656130823,3487
4393.0,6646,0,0,0,6.71833122052591,145.11224796870297,1323.5971799284462,3495
4394.0,6644,0,0,2,6.702065523412035,145.41014449127033,1324.4266657586952,3507
4395.0,6642,0,0,2,6.69092618265061,145.67043059319482,1325.4345934510611,3536
4396.0,6642,0,1,1,6.693372845591155,145.84131285757303,1325.904715887569,3533
4397.0,6640,0,0,2,6.693585404071494,146.13343373493976,1326.9499289956552,3537
4398.0,6639,0,0,1,6.689912541003918,146.37731586082242,1327.5954608504985,3564
4399.0,6637,0,0,2,6.683726148416561,146.61895434684345,1328.4753282737167,3568
4400.0,6632,0,0,5,6.6687934712612735,146.97165259348614,1328.7920011629055,3591
4401.0,6629,0,0,3,6.660926666282589,147.2837532056117,1329.727996581654,3597
4402.0,6625,0,0,4,6.636219409933149,147.65811320754716,1330.7503775057257,3600
4403.0,6621,0,0,4,6.611699856115148,148.0288476061018,1331.4797764144619,3623
4404.0,6618,0,0,3,6.586469338173572,148.33242671501964,1332.1926608879,3619
4405.0,6616,0,0,2,6.559116979098199,148.67397218863363,1333.1377269028155,3644
4406.0,6613,0,0,3,6.539735267348702,149.07031604415545,1334.1787287969144,3671
4407.0,6609,0,0,4,6.501432622014374,149.4386442729611,1335.5375970987027,3677
4408.0,6606,0,0,3,6.476962665867393,149.77444747199516,1336.26243159782,3684
4409.0,6604,0,0,2,6.4541458380585315,150.10978195033314,1337.295542562485,3676
4410.0,6603,0,0,1,6.433473790487566,150.40829925791306,1338.1801245789165,3692
4411.0,6600,0,0,3,6.464020036096218,149.46757575757576,1339.0807167923433,3485
4412.0,6599,0,0,1,6.5319775806906435,148.83148961963934,1339.974108608206,3351
4413.0,6596,0,0,3,6.612792898761957,148.35748938750757,1341.1975237397114,3246
4414.0,6595,0,0,1,6.725595173281641,147.85640636846097,1341.954953896909,3150
4415.0,6593,0,0,2,6.854948932104632,147.52813590171394,1343.016090738334,3072
4416.0,6591,0,0,2,6.980766404626187,147.23896222121076,1343.9305401539896,3000
4417.0,6590,0,0,1,7.106841831758952,147.03353566009105,1344.4602303991135,2953
4418.0,6589,0,0,1,7.230407426013669,146.85081195932614,1345.2973132717727,2904
4419.0,6588,0,0,1,7.3211675886436165,146.74195506982392,1346.1490816273565,2883
4420.0,6587,0,0,1,7.3875885474889165,146.66418703506906,1346.9777887306532,2844
4421.0,6585,0,0,2,7.440218699648663,146.6127562642369,1347.8670900590541,2815
4422.0,6582,0,0,3,7.492867458136561,146.52081434214526,1348.7295010926327,2780
4423.0,6579,0,0,3,7.534219510280731,146.56133150934792,1349.5965445148272,2786
4424.0,6578,0,0,1,7.5795880310230945,146.4671632715111,1350.3976301497498,2775
4425.0,6577,0,0,1,7.616850721709019,146.405199939182,1351.126132285483,2759
4426.0,6575,0,0,2,7.6435679106828145,146.32365019011408,1351.8686291129259,2752
4427.0,6573,0,0,2,7.6521158371583295,146.18150007606877,1352.4472725819053,2737
4428.0,6572,0,0,1,7.657737366954684,146.11046865489956,1353.1523152710408,2736
4429.0,6572,0,0,0,7.651390865935736,146.0030432136336,1353.7961671725843,2739
4430.0,6572,0,0,0,7.6499706863394055,145.9910225197809,1354.4405985896265,2741
4431.0,6572,0,1,1,7.64712236884295,145.8913572732806,1355.0350105746709,2735
4432.0,6571,0,0,1,7.647506024455273,145.8587733982651,1355.8809160939302,2722
4433.0,6570,0,0,1,7.650712029227822,145.90395738203958,1356.7139236959335,2730
4434.0,6567,0,0,3,7.657666405115546,145.95553525201765,1357.4394813096137,2728
4435.0,6566,0,0,1,7.664065931916716,145.90100517819067,1358.2372160571417,2718
4436.0,6564,0,0,2,7.663549826102845,145.84323583180986,1359.0513258225328,2715
4437.0,6561,0,0,3,7.647446076015434,145.8395061728395,1360.191975604578,2718
4438.0,6560,0,0,1,7.639371189672115,145.7934451219512,1360.9951852384766,2723
4439.0,6560,0,2,2,7.611043442706443,145.7216463414634,1361.41692099013,2722
4440.0,6559,0,0,1,7.583734008334602,145.65330080805,1362.2230243021202,2725
4441.0,6558,0,0,1,7.557933743721017,145.64974077462642,1363.0688055659045,2726
4442.0,6558,0,0,0,7.530715817509616,145.61939615736506,1363.7200057219848,2735
4443.0,6556,0,0,2,7.5058508939468505,145.74527150701647,1364.5331249654791,2730
4444.0,6553,0,0,3,7.470354604420778,145.62933007782695,1365.0297924473066,2733
4445.0,6553,0,0,0,7.449017771244725,145.5945368533496,1365.6863908684436,2747
4446.0,6552,0,0,1,7.437515078775124,145.62698412698413,1366.2155044177339,2770
4447.0,6551,0,0,1,7.4262511007365095,145.59975576247902,1366.8058139064428,2788
4448.0,6548,0,0,3,7.406955573458962,145.68738546120952,1367.7204683026944,2808
4449.0,6546,0,0,2,7.382269549908014,145.74763214176596,1368.374610097908,2825
4450.0,6544,0,2,4,7.34508505469846,145.8708740831296,1368.493199424197,2844
4451.0,6542,0,0,2,7.3059476561323375,145.92204218893303,1369.1949299754847,2863
4452.0,6537,0,0,5,7.2650688100921235,146.092550099434,1370.0961144187495,2871
4453.0,6536,0,0,1,7.236891882032971,146.1112301101591,1370.9266388726885,2878
4454.0,6534,0,0,2,7.190582991618729,146.21870217324764,1371.9042347868165,2897
4455.0,6532,0,0,2,7.141819440351641,146.38579301898346,1372.686493286099,2919
4456.0,6529,0,0,3,7.114573159698951,146.45167713279216,1373.375035062757,2943
4457.0,6525,0,0,4,7.0824887231947,146.52137931034483,1374.0013982622145,2940
4458.0,6524,0,0,1,7.067330896240383,146.6152667075414,1374.8368029755104,2954
4459.0,6524,0,1,1,7.059604318047721,146.70141017780503,1375.1729808202997,2958
4460.0,6521,0,1,4,7.042148443071345,146.81505904002452,1376.1031153500003,2969
4461.0,6521,0,1,1,7.028039440143281,146.84143536267445,1376.7399596247617,2975
4462.0,6518,0,0,3,7.0106919001262,146.92681804234428,1377.7009248782977,2991
4463.0,6516,0,0,2,6.9922404799664655,147.05755064456721,1378.0408981076034,2997
4464.0,6516,0,1,1,6.970259357854749,147.13842848373235,1378.4679967481966,3007
4465.0,6514,0,0,2,6.943629372052149,147.26957322689591,1379.271220983921,3037
4466.0,6511,0,0,3,6.927873725876537,147.45200430041467,1379.9041821009841,3048
4467.0,6508,0,0,3,6.903566690505535,147.65826674861708,1381.164037195315,3073
4468.0,6508,0,1,1,6.890053895939921,147.77658266748617,1381.603963706406,3080
4469.0,6506,0,0,2,6.872964802153493,147.9600368890255,1382.7069670239864,3104
4470.0,6505,0,2,3,6.83730748499313,148.19062259800154,1382.8114250197586,3148
4471.0,6505,0,0,0,6.819568853063033,148.3684857801691,1383.5086532974385,3173
4472.0,6503,0,0,2,6.80501620422638,148.5277564201138,1384.4489051704961,3184
4473.0,6502,0,0,1,6.7876440235665,148.8120578283605,1385.340360856409,3194
4474.0,6502,0,1,1,6.752614383661323,149.06905567517686,1385.7443974153143,3224
4475.0,6501,0,1,2,6.716491323111752,149.30349177049683,1386.3885731293283,3238
4476.0,6498,0,0,3,6.684946170212973,149.5857186826716,1386.824716268303,3271
4477.0,6497,0,0,1,6.659147368533782,149.86886255194705,1387.6131527507268,3284
4478.0,6497,0,2,2,6.631287175184639,150.1300600277051,1387.997111408537,3303
4479.0,6497,0,1,1,6.616856441366903,150.32199476681546,1388.7016791616218,3312
4480.0,6496,0,0,1,6.58447468106455,150.58682266009853,1389.0947761233247,3328
4481.0,6496,0,0,0,6.57603611526647,150.81988916256157,1389.8109447409656,3351
4482.0,6494,0,0,2,6.547276581280779,151.10425007699416,1390.5645122149192,3357
4483.0,6492,0,0,2,6.528847314091302,151.36999383857054,1391.3827496624037,3364
4484.0,6489,0,0,3,6.511154763948707,151.66327631376174,1392.4905843455497,3371
4485.0,6487,0,0,2,6.4883428828639405,151.97918914752583,1393.5701923386714,3366
4486.0,6486,0,0,1,6.473500796699965,152.26487819919828,1394.4512098550188,3384
4487.0,6487,0,1,0,6.452309006405391,152.52212116540773,1394.9587297049259,3412
4488.0,6487,0,1,1,6.427357660317385,152.785262833359,1395.5193158831066,3430
4489.0,6487,0,0,0,6.398048510568843,152.98643440727608,1396.2451496956658,3435
4490.0,6486,0,0,1,6.379761353010137,153.29386370644465,1396.8870430066602,3461
4491.0,6484,0,0,2,6.353496945994897,153.65946946329427,1397.882110775171,3478
4492.0,6484,0,0,0,6.336216202923473,153.96159777914866,1398.6117338233605,3499
4493.0,6483,0,0,1,6.313012350945818,154.26793151318833,1399.35875926091,3515
4494.0,6481,0,0,2,6.285406384480212,154.67242709458418,1400.5111665548247,3534
4495.0,6480,0,0,1,6.267318687614333,155.00462962962962,1401.163192607154,3542
4496.0,6479,0,0,1,6.254948014221072,155.33569995369655,1402.1025309873473,3542
4497.0,6477,0,0,2,6.231767026722115,155.73228346456693,1403.225291927324,3563
4498.0,6476,0,0,1,6.218510229084737,156.09527486102533,1404.124112859213,3589
4499.0,6473,0,0,3,6.189201202638872,156.56264483238067,1405.1709402349538,3604
4500.0,6472,0,1,2,6.154653353799616,156.9283065512979,1406.0271232497967,3617
4501.0,6468,0,0,4,6.181713002622721,156.10451453308596,1407.009602456547,3426
4502.0,6468,0,0,0,6.250328684063557,155.57807668521954,1407.742743874931,3314
4503.0,6465,0,1,4,6.323757988338118,155.2015467904099,1408.5635559134503,3182
4504.0,6462,0,0,3,6.430132605800909,154.89662643144538,1409.3763349413366,3093
4505.0,6461,0,1,2,6.545000661049098,154.68147345612135,1409.9412547269203,3037
4506.0,6458,0,0,3,6.674459152950674,154.51455558996594,1410.8299164355287,2982
4507.0,6455,0,0,3,6.8100972116556004,154.44848954298993,1411.671207787123,2938
4508.0,6454,0,0,1,6.918206877375182,154.4191199256275,1412.532945551214,2910
4509.0,6449,0,0,5,7.0048225888427025,154.5363622267018,1413.740966076822,2875
4510.0,6448,0,1,2,7.082371272555661,154.5629652605459,1414.4915645332806,2871
4511.0,6444,0,0,4,7.142409040984831,154.70887647423962,1415.524188661168,2852
4512.0,6444,0,0,0,7.204629909668437,154.6772191185599,1416.1899707688872,2832
4513.0,6444,0,1,1,7.244620161214456,154.7042209807573,1416.7496175139547,2830
4514.0,6442,0,0,2,7.278114933072594,154.7420055883266,1417.6637436595706,2818
4515.0,6441,0,0,1,7.316579346181668,154.75283341096102,1418.4892885760269,2790
4516.0,6441,0,0,0,7.325055453643464,154.79382083527403,1419.1459345210403,2791
4517.0,6440,0,1,2,7.342984367825707,154.8082298136646,1419.530505524107,2784
4518.0,6439,0,0,1,7.342369640478305,154.6160894548843,1420.3970662230481,2759
4519.0,6437,0,0,2,7.3395787176191725,154.53658536585365,1421.0130638573594,2756
4520.0,6433,0,0,4,7.329724676706458,154.4895072283538,1421.6663939554273,2748
4521.0,6434,0,1,0,7.337157009577232,154.37674852346908,1422.0998987292667,2737
4522.0,6431,0,0,3,7.332105155545651,154.41704245062976,1423.3283143962014,2734
4523.0,6428,0,0,3,7.332790750506054,154.34567517112632,1424.5484970308999,2748
4524.0,6425,0,0,3,7.323667077501027,154.28249027237354,1425.4914397803248,2742
4525.0,6422,0,1,4,7.312475308096574,154.27561507318592,1426.0436803214043,2741
4526.0,6420,0,0,2,7.315239869236163,154.20482866043614,1426.8534568635723,2736
4527.0,6418,0,0,2,7.302000109383329,154.22810844499844,1427.8041234351183,2746
4528.0,6418,0,0,0,7.2937328856956345,154.13929573075725,1428.462645321459,2742
4529.0,6419,0,1,0,7.281152454540504,154.00124630004674,1428.8989400062846,2748
4530.0,6419,0,0,0,7.273039869651046,153.95949524848106,1429.5584870413447,2736
4531.0,6418,0,1,2,7.247437815369826,153.87799937675288,1430.404865576928,2731
4532.0,6415,0,0,3,7.216847946606221,153.84068589243958,1430.995526485078,2714
4533.0,6412,0,0,3,7.187809691314578,153.90096693699314,1431.5838995812796,2721
4534.0,6411,0,0,1,7.16297942623388,153.9722352207144,1432.4337883976973,2729
4535.0,6408,0,1,4,7.128122073064207,154.02559300873907,1433.5164461336979,2737
4536.0,6407,0,1,2,7.109792975420954,154.0101451537381,1434.0439514360244,2738
4537.0,6405,0,0,2,7.090148596867893,154.1014832162373,1434.9853692373329,2754
4538.0,6404,0,1,2,7.054925418218932,154.19940662086196,1435.8136788498434,2772
4539.0,6403,0,0,1,7.02833332867349,154.2820552865844,1436.5882138412803,2786
4540.0,6400,0,0,3,6.981117589444425,154.4040625,1437.4751909156778,2797
4541.0,6399,0,1,2,6.944464145863119,154.46147835599314,1437.8226463747546,2806
4542.0,6398,0,0,1,6.920674391950451,154.5092216317599,1438.696142271458,2820
4543.0,6399,0,1,0,6.896186295686716,154.57133927176122,1439.1544161620861,2828
4544.0,6398,0,0,1,6.877230145933885,154.7718036886527,1440.0210828530128,2872
4545.0,6396,0,0,2,6.865722550469637,154.91791744840526,1440.5048143587767,2868
4546.0,6395,0,1,2,6.845722743482901,154.96168881939016,1441.0024958870936,2863
4547.0,6391,0,0,4,6.820431237221357,155.04255984978877,1441.7123649534003,2831
4548.0,6390,0,1,2,6.799869771450221,155.1189358372457,1442.5495012466697,2834
4549.0,6387,0,1,4,6.787046968933803,155.23579145138564,1442.9097994830925,2858
4550.0,6385,0,0,2,6.772990849202877,155.30336726703212,1443.8353484409588,2880
4551.0,6380,0,0,5,6.756383420755863,155.57272727272726,1445.3632550274974,2882
4552.0,6381,0,3,2,6.743236224577279,155.64974141984015,1445.5569457227207,2907
4553.0,6380,0,1,2,6.746673446834055,155.77601880877742,1446.0799590826575,2913
4554.0,6376,0,1,5,6.73990309027264,155.95624215809283,1446.8344459430168,2916
4555.0,6370,0,0,6,6.720310723084291,156.23171114599685,1447.8922970200276,2918
4556.0,6370,0,3,3,6.696877892975983,156.41397174254317,1448.019022843792,2943
4557.0,6368,0,1,3,6.681369248503185,156.61918969849245,1448.3434022668014,2966
4558.0,6366,0,1,3,6.675796684787135,156.84181589695257,1448.9097237703568,2987
4559.0,6364,0,1,3,6.66336445484887,157.13937774984288,1449.534735710071,3018
4560.0,6362,0,1,3,6.643383910393824,157.35617730273498,1450.3105015163694,3032
4561.0,6357,0,0,5,6.613822868953799,157.7314771118452,1451.3190888633233,3059
4562.0,6358,0,2,1,6.587047432484404,157.90531613715004,1451.7885872071179,3086
4563.0,6356,0,0,2,6.56613815070593,158.1642542479547,1452.7011964461076,3090
4564.0,6356,0,1,1,6.551030516240216,158.33102580239145,1453.0967542375424,3094
4565.0,6353,0,2,5,6.530738788778974,158.58145757909648,1454.084798153169,3126
4566.0,6352,0,1,2,6.521394884853887,158.79974811083125,1454.9153207912598,3158
4567.0,6349,0,0,3,6.51579910375525,159.03606867223183,1455.9668838441235,3156
4568.0,6347,0,1,3,6.510726773573387,159.29699070426975,1456.5581926656935,3182
4569.0,6348,0,2,1,6.496468982550863,159.35901071203529,1456.7116961987645,3195
4570.0,6346,0,0,2,6.471082707167018,159.63142136779072,1457.7484934204344,3220
4571.0,6346,0,1,1,6.446885737237585,159.85029940119762,1458.3476832161807,3225
4572.0,6340,0,0,6,6.41682408589605,160.23375394321766,1459.132336237034,3257
4573.0,6338,0,1,3,6.374503444288944,160.5888292836857,1459.811544125573,3277
4574.0,6336,0,0,2,6.328375528525531,160.89977904040404,1460.6713083166073,3298
4575.0,6334,0,1,3,6.292510334560405,161.25607830754657,1461.1514127975413,3311
4576.0,6332,0,1,3,6.256234361094544,161.6517687934302,1461.8115494269666,3351
4577.0,6331,0,2,3,6.23428410000135,162.0200600221134,1462.077437490627,3374
4578.0,6331,0,0,0,6.213837629124848,162.27262675722633,1462.8092892220318,3399
4579.0,6327,0,0,4,6.180997278593619,162.65749960486804,1464.0972159796554,3401
4580.0,6325,0,1,3,6.162040744114596,163.000790513834,1464.818049013357,3406
4581.0,6322,0,0,3,6.1245515675828,163.37583043340715,1465.5599833476801,3428
4582.0,6319,0,0,3,6.104469532558937,163.73239436619718,1466.4879618976238,3429
4583.0,6319,0,1,1,6.083977396995678,164.04478556733662,1467.2156534600927,3453
4584.0,6317,0,0,2,6.062070928428201,164.41665347475066,1468.2427199864062,3469
4585.0,6313,0,0,4,6.014832837663398,164.84223031839062,1469.6077043131058,3480
4586.0,6311,0,0,2,5.99814096456763,165.22072571700207,1470.4941906155052,3491
4587.0,6309,0,0,2,5.976719845198423,165.51117451260106,1471.3367115424624,3516
4588.0,6305,0,0,4,5.936505424202189,165.98128469468676,1472.3876874633531,3543
4589.0,6304,0,0,1,5.909008726223065,166.39165609137055,1473.2196320114294,3557
4590.0,6303,0,0,1,5.880594201598872,166.76646041567508,1474.157851028423,3574
4591.0,6300,0,0,3,5.918907248586641,165.86412698412698,1475.1622124639543,3402
4592.0,6299,0,0,1,5.9948311046336595,165.21749484045085,1475.840545718385,3270
4593.0,6295,0,0,4,6.089264620358281,164.88911834789516,1476.494446782462,3161
4594.0,6294,0,0,1,6.2159681117955925,164.5568795678424,1477.4298401121716,3061
4595.0,6291,0,0,3,6.329558533530772,164.25003973931013,1478.5455784256826,2988
4596.0,6289,0,0,2,6.4524666677543765,164.1030370488154,1479.55160691023,2957
4597.0,6286,0,0,3,6.576027440823387,163.99538657333758,1480.6545979067353,2908
4598.0,6285,0,0,1,6.6787968306640115,163.91964996022276,1481.550270844542,2875
4599.0,6282,0,0,3,6.748288914076971,163.90592168099332,1482.1144739668023,2870
4600.0,6281,0,0,1,6.8131504120170945,163.9320171947142,1482.95019927153,2882
4601.0,6278,0,0,3,6.861675528405277,164.04109589041096,1483.9730713042559,2876
4602.0,6276,0,0,2,6.909149024564765,164.07090503505418,1484.7166592412325,2863
4603.0,6276,0,0,0,6.952228865864048,164.09544295729765,1485.3905623083308,2876
4604.0,6273,0,0,3,6.9824839791441295,164.00430416068866,1486.2259244594031,2849
4605.0,6273,0,2,2,7.011173251725492,163.943408257612,1486.2577021827176,2832
4606.0,6272,0,0,1,7.028763901339474,163.97544642857142,1487.0212030284833,2825
4607.0,6272,0,0,0,7.048196541144156,163.9343112244898,1487.6879868772369,2826
4608.0,6269,0,0,3,7.053887056369429,164.0419524645079,1488.5515746444742,2821
4609.0,6266,0,0,3,7.041745143828946,164.09256303862114,1489.1579945260214,2812
4610.0,6266,0,0,0,7.046306935029487,164.1281519310565,1489.8240607490497,2795
4611.0,6265,0,0,1,7.035967798768732,164.10550678371908,1490.5561721399047,2782
4612.0,6263,0,0,2,7.024252523519515,164.18218106338816,1491.3850972319458,2785
4613.0,6261,0,0,2,7.01685015489245,164.21993291806422,1492.1040730828504,2790
4614.0,6261,0,0,0,7.011263541343551,164.2625778629612,1492.7726421543905,2778
4615.0,6259,0,0,2,6.995271627186397,164.36890877136923,1493.8360713400402,2787
4616.0,6257,0,1,3,6.966438058427733,164.55601726066806,1494.8653584205342,2794
4617.0,6256,0,0,1,6.943740095381854,164.62755754475702,1495.5365135313066,2806
4618.0,6254,0,0,2,6.915664346411718,164.74960025583627,1496.6246719554326,2825
4619.0,6253,0,1,2,6.893398497587292,164.84311530465376,1497.0257133739503,2838
4620.0,6251,0,0,2,6.87136456081609,164.90673492241243,1497.8610250281718,2840
4621.0,6252,0,1,0,6.84634897191985,164.9112284069098,1498.2992050903601,2838
4622.0,6252,0,1,1,6.81440196724542,164.8613243761996,1498.7169526634318,2841
4623.0,6252,0,0,0,6.791827790646415,164.86644273832374,1499.3984328407196,2853
4624.0,6251,0,0,1,6.756884210373814,164.90641497360423,1499.8803440502882,2870
4625.0,6251,0,1,1,6.72456638422426,164.92881139017757,1500.490338111204,2885
4626.0,6249,0,0,2,6.697665037195479,165.0571291406625,1501.1823408552436,2916
4627.0,6250,0,2,1,6.666484647199949,165.07856,1501.6235090412888,2907
4628.0,6248,0,0,2,6.632301287547746,165.1738156209987,1502.7173831875173,2913
4629.0,6247,0,1,2,6.590871548503209,165.2343524891948,1503.1462069710558,2916
4630.0,6247,0,1,1,6.564899682308942,165.3079878341604,1503.6333867698652,2913
4631.0,6248,0,1,0,6.533500302630238,165.33866837387964,1504.087834870391,2939
4632.0,6248,0,0,0,6.501684697237372,165.43405889884764,1504.784591520192,2955
4633.0,6246,0,1,3,6.447902444072457,165.50688440601985,1505.6685134623074,2969
4634.0,6246,0,1,1,6.410700989548062,165.65786103105987,1506.3312580533454,2993
4635.0,6246,0,1,1,6.361856413357646,165.78081972462377,1506.7221904975772,2999
4636.0,6245,0,1,2,6.31512593422954,165.8807045636509,1507.3625945487106,2988
4637.0,6243,0,0,2,6.274041431548261,166.0166586576966,1508.2921068007363,3003
4638.0,6241,0,0,2,6.242256752604764,166.05255568017947,1509.2571582814248,3004
4639.0,6241,0,1,1,6.219932590556683,166.20701810607275,1509.9193466003028,3015
4640.0,6239,0,0,2,6.198814330723889,166.41160442378586,1510.7264092157852,3047
4641.0,6240,0,1,0,6.182432366048664,166.49903846153848,1511.1983992741443,3043
4642.0,6241,0,2,1,6.174214870197211,166.58227848101265,1511.6575810108966,3053
4643.0,6237,0,0,4,6.171136782552587,166.8303671637005,1512.2811054729125,3087
4644.0,6237,0,1,1,6.179248295373359,167.0309443642777,1512.7511303138167,3096
4645.0,6236,0,1,2,6.164613839556812,167.19740218088518,1513.0510526221724,3100
4646.0,6234,0,0,2,6.131571907989697,167.45460378569138,1514.1808342951986,3114
4647.0,6232,0,0,2,6.088235659499257,167.68260590500643,1514.7513593994588,3137
4648.0,6231,0,1,2,6.060905212514759,167.95747071096133,1515.3111599056588,3164
4649.0,6229,0,0,2,6.043560144197782,168.2412907368759,1516.1329569580369,3179
4650.0,6228,0,0,1,6.033533751422521,168.5761078998073,1516.7206116805341,3205
4651.0,6226,0,1,3,6.005719672851316,168.87086411821394,1517.7562991018572,3222
4652.0,6225,0,1,2,5.986123809166961,169.15293172690764,1518.200498803476,3239
4653.0,6222,0,0,3,5.963649417523872,169.45435551269688,1518.9466999797871,3253
4654.0,6220,0,0,2,5.940192617535365,169.7065916398714,1519.7288520851814,3266
4655.0,6214,0,0,6,5.931200715083024,170.1068554876086,1520.6934039646596,3281
4656.0,6212,0,0,2,5.914835719172319,170.25949774629748,1521.3754495582339,3287
4657.0,6208,0,1,5,5.892773833894531,170.6080863402062,1522.3848225478614,3306
4658.0,6203,0,0,5,5.864483664227072,170.92213445107205,1523.682507412555,3312
4659.0,6202,0,0,1,5.847045424862476,171.16591422121897,1524.5542979553995,3347
4660.0,6199,0,1,4,5.809105964255939,171.5229875786417,1525.6435205408939,3363
4661.0,6195,0,0,4,5.787198224193255,171.94769975786926,1526.938962650717,3391
4662.0,6193,0,1,3,5.7555359811258695,172.26788309381558,1527.7208336980152,3408
4663.0,6189,0,1,5,5.727717591355906,172.67280659234126,1528.5273370260643,3425
4664.0,6185,0,0,4,5.695246583201264,173.02279708973322,1529.3515867735211,3432
4665.0,6185,0,0,0,5.685674480020635,173.32384801940177,1530.1026241304467,3466
4666.0,6183,0,0,2,5.670713694363005,173.71793627688825,1530.991477470383,3488
4667.0,6181,0,1,3,5.658435571596955,174.04319689370652,1531.7601129335592,3490
4668.0,6181,0,1,1,5.640525248031976,174.37421129267108,1532.4898669448914,3515
4669.0,6179,0,0,2,5.612869758672041,174.72843502184818,1533.4636764565323,3524
4670.0,6179,0,1,1,5.586737217449318,175.09694125262988,1534.10826370291,3536
4671.0,6177,0,0,2,5.557096437958667,175.50623279909343,1534.9706362046882,3557
4672.0,6176,0,0,1,5.536119029689734,175.85621761658032,1535.846310884314,3576
4673.0,6174,0,1,3,5.525958335327653,176.18739876903143,1536.6548425760693,3575
4674.0,6172,0,0,2,5.510606916117839,176.67401166558653,1537.6357068393825,3606
4675.0,6172,0,0,0,5.513633130280718,177.100291639663,1538.398874215711,3636
4676.0,6173,0,2,1,5.502533221547175,177.4292888384902,1538.8717567128595,3642
4677.0,6173,0,0,0,5.490252594693182,177.81192289000487,1539.6369390500104,3657
4678.0,6172,0,1,2,5.457407867780375,178.24270900842515,1540.3101746188458,3676
4679.0,6171,0,0,1,5.42976536730126,178.60314373683357,1541.2881185115884,3682
4680.0,6170,0,1,2,5.406597729364261,179.00437601296596,1542.2372512862066,3695
4681.0,6169,0,0,1,5.446182295252418,178.00081050413357,1543.2084780970347,3515
4682.0,6167,0,0,2,5.5162651816608435,177.46521809631912,1544.0672685057737,3396
4683.0,6166,0,1,2,5.601271854083427,177.1430424910801,1544.6505569426254,3311
4684.0,6164,0,0,2,5.692888431123124,176.82381570408825,1545.6390839679236,3229
4685.0,6160,0,0,4,5.799441473942677,176.66834415584415,1546.6811980253558,3157
4686.0,6157,0,1,4,5.914782897524638,176.4969952899139,1547.5673854458178,3103
4687.0,6156,0,0,1,6.023671883256947,176.26348278102665,1548.1251959892336,3046
4688.0,6155,0,1,2,6.127555020019844,176.085134037368,1548.721783269289,3014
4689.0,6152,0,1,4,6.2090047284499015,175.99203511053315,1549.5545493705706,2981
4690.0,6151,0,0,1,6.297207370643588,175.9131848479922,1550.1266716508135,2971
4691.0,6150,0,0,1,6.36348275410119,175.81170731707317,1551.0574756470687,2951
4692.0,6150,0,0,0,6.430076421299121,175.7229268292683,1551.7520873128174,2943
4693.0,6148,0,0,2,6.470786739035849,175.6247560182173,1552.7570855619535,2907
4694.0,6148,0,1,1,6.4985787532947175,175.46633051398828,1553.3058200729947,2904
4695.0,6148,0,0,0,6.533080093281146,175.31424853610932,1553.9926176143013,2884
4696.0,6145,0,0,3,6.546008790371578,175.3386493083808,1554.638250930767,2876
4697.0,6143,0,0,2,6.56981235062806,175.23669216994955,1555.5031750318049,2859
4698.0,6142,0,0,1,6.572940558839568,175.24340605665907,1556.38633395512,2870
4699.0,6140,0,0,2,6.576082798224108,175.31824104234528,1557.3876050862414,2873
4700.0,6140,0,0,0,6.577205521853731,175.3110749185668,1558.0704174993205,2864
4701.0,6141,0,1,0,6.574360223542464,175.30532486565707,1558.499555153505,2862
4702.0,6141,0,0,0,6.572481046962124,175.3115127829344,1559.1825331306948,2860
4703.0,6139,0,0,2,6.577821141168677,175.38475321713634,1560.294785946233,2837
4704.0,6138,0,0,1,6.578396825048475,175.39687194525905,1561.181155014784,2816
4705.0,6137,0,0,1,6.5837355792648875,175.28711096627018,1561.6989512919747,2795
4706.0,6136,0,0,1,6.606694763300126,175.21121251629725,1562.5808104267537,2756
4707.0,6135,0,0,1,6.616116536767227,175.1920130399348,1563.494578331269,2771
4708.0,6134,0,0,1,6.6165700577659745,175.1780241278122,1564.3719458143385,2763
4709.0,6132,0,0,2,6.6082922174686445,175.24624918460535,1564.8294425029903,2773
4710.0,6130,0,0,2,6.586425963954073,175.37226753670473,1565.7925128437564,2800
4711.0,6128,0,1,3,6.5754233281852725,175.47584856396867,1566.2182475225934,2826
4712.0,6127,0,0,1,6.554376091873063,175.55002448180187,1566.8402018341942,2841
4713.0,6125,0,0,2,6.548681213357268,175.61485714285715,1567.7718544815807,2840
4714.0,6122,0,0,3,6.533541127157032,175.78389415223782,1568.2497522008493,2845
4715.0,6120,0,0,2,6.515233031675113,175.90245098039216,1568.8728312657117,2851
4716.0,6119,0,0,1,6.50608387756225,175.95162608269325,1569.5080414004317,2864
4717.0,6117,0,0,2,6.485888602353789,176.03220532940983,1570.4332929424097,2856
4718.0,6115,0,0,2,6.452644360286648,176.129517579722,1570.8103685962558,2870
4719.0,6114,0,0,1,6.4396841880193065,176.27314360484135,1571.6046327685947,2886
4720.0,6114,0,0,0,6.415541100568735,176.33267909715408,1572.2988208758998,2905
4721.0,6114,0,0,0,6.376132537500033,176.4031730454694,1572.9951300804428,2931
4722.0,6113,0,0,1,6.3345183860094885,176.5375429412727,1573.7272466468073,2940
4723.0,6112,0,0,1,6.288072572131649,176.68619109947645,1574.3394141717704,2949
4724.0,6106,0,0,6,6.239777657344882,176.95299705207992,1575.6959058349676,2981
4725.0,6104,0,0,2,6.188171018043698,177.11992136304062,1576.4547779518832,2986
4726.0,6102,0,0,2,6.158201997121681,177.22517207472958,1577.208355786531,2994
4727.0,6100,0,0,2,6.134651201197423,177.357868852459,1578.2085370822201,3000
4728.0,6096,0,0,4,6.120988946053632,177.50885826771653,1578.9954341815521,3001
4729.0,6093,0,0,3,6.099067911915341,177.5599868701789,1579.6740438368456,3015
4730.0,6093,0,1,1,6.080328579806392,177.62235352043328,1580.168192493833,3036
4731.0,6091,0,1,3,6.063495410933589,177.78033163684125,1580.9266241063222,3051
4732.0,6088,0,0,3,6.050812614332687,177.96567017082785,1581.3820426945979,3054
4733.0,6084,0,0,4,6.0374664432956076,178.14086127547665,1582.1882525379478,3066
4734.0,6082,0,1,3,6.022005681332947,178.27721144360407,1582.4948986773163,3078
4735.0,6076,0,0,6,6.009500481526647,178.56138907175773,1584.23995971395,3094
4736.0,6072,0,2,6,5.973113405150456,178.80187747035572,1584.2369112019628,3110
4737.0,6066,0,0,6,5.94296883722381,179.11473788328388,1585.2348255709153,3127
4738.0,6064,0,1,3,5.908406961068918,179.35158311345646,1585.595121662417,3136
4739.0,6062,0,0,2,5.880939898934058,179.60623556581987,1586.6187633450802,3161
4740.0,6061,0,1,2,5.85783260456635,179.79425837320574,1587.3314977688017,3174
4741.0,6059,0,0,2,5.833841672373521,180.0183198547615,1588.125736906321,3183
4742.0,6059,0,2,2,5.815255131758673,180.24112889915827,1588.595832696235,3197
4743.0,6057,0,0,2,5.798875701322293,180.5570414396566,1589.3292947114358,3215
4744.0,6054,0,1,4,5.778275872677904,180.80839114634952,1589.5637478581355,3243
4745.0,6051,0,0,3,5.744361512805083,181.11700545364403,1590.2598071359334,3258
4746.0,6049,0,2,4,5.710512634223286,181.40767068937015,1590.4948909514558,3272
4747.0,6047,0,0,2,5.684341871077363,181.71804200429966,1591.302313797755,3293
4748.0,6046,0,2,3,5.654140219416911,182.00942772080714,1591.6993946833588,3298
4749.0,6044,0,0,2,5.63079895577105,182.33984116479152,1592.7435655764582,3325
4750.0,6043,0,1,2,5.5858690779250235,182.6822770147278,1593.7107023131891,3353
4751.0,6042,0,1,2,5.556181533391469,183.02631578947367,1594.3049372509852,3385
4752.0,6041,0,1,2,5.533879948468656,183.39215361695085,1595.0672043538095,3390
4753.0,6037,0,0,4,5.493963876892142,183.8090110982276,1596.0514141065441,3410
4754.0,6036,0,1,2,5.462895021589008,184.1948310139165,1596.6232813756637,3422
4755.0,6035,0,0,1,5.447540129729358,184.6155758077879,1597.596764503579,3446
4756.0,6033,0,1,3,5.417447911277447,184.99154649428147,1598.6922853239641,3476
4757.0,6033,0,1,1,5.389768130771676,185.30449196088182,1599.3952003721477,3492
4758.0,6031,0,1,3,5.357581244199188,185.73337754932848,1600.1603209319135,3501
4759.0,6028,0,0,3,5.3272336607916975,186.19276708692766,1601.1337753844728,3520
4760.0,6027,0,1,2,5.3001037855250495,186.5405674464908,1601.9101524798798,3524
4761.0,6024,0,0,3,5.268809540278284,186.9442231075697,1602.7658843896495,3547
4762.0,6022,0,0,2,5.219809010243057,187.3623380936566,1603.5381504100753,3573
4763.0,6021,0,0,1,5.198237585818347,187.74206942368377,1604.424349996699,3603
4764.0,6017,0,0,4,5.161234306682543,188.20242645836797,1605.1751165436328,3617
4765.0,6016,0,0,1,5.126415447914444,188.60638297872342,1605.9799703097685,3646
4766.0,6013,0,0,3,5.096748861503789,189.056377847996,1607.3408045276235,3650
4767.0,6011,0,0,2,5.076045590465456,189.5504907669273,1607.9893487811016,3670
4768.0,6009,0,0,2,5.060456153128474,189.9034781161591,1608.6242926499797,3674
4769.0,6006,0,0,3,5.029641309570362,190.34582084582084,1609.7408761452145,3681
4770.0,6003,0,0,3,5.011785003100623,190.7982675329002,1610.7724612286606,3699
4771.0,6000,0,0,3,5.044274644570512,189.88583333333332,1612.017372765486,3513
4772.0,5997,0,0,3,5.124207642693272,189.27447056861763,1613.0533343945256,3396
4773.0,5994,0,0,3,5.217367479604104,188.835001668335,1613.9597310517036,3294
4774.0,5992,0,0,2,5.348578592602614,188.4861481975968,1614.8949853093095,3216
4775.0,5988,0,0,4,5.481555783774154,188.32782231128925,1615.822213683405,3146
4776.0,5987,0,0,1,5.6279181144120045,188.05361616836478,1616.7042260564635,3071
4777.0,5985,0,0,2,5.778256457965616,187.84594820384294,1617.496440978032,3009
4778.0,5981,0,0,4,5.9093352074288,187.71008192609932,1618.5006191689458,2960
4779.0,5980,0,0,1,6.0227893896037,187.6391304347826,1619.171609989145,2934
4780.0,5976,0,0,4,6.106956275965357,187.64876171352074,1620.1558409318825,2900
4781.0,5975,0,0,1,6.179702988324585,187.67497907949792,1620.9419504402447,2903
4782.0,5973,0,0,2,6.259328638236237,187.67972543110665,1621.7173584400066,2873
4783.0,5970,0,0,3,6.314386587943482,187.74103852596315,1622.746046233509,2849
4784.0,5967,0,0,3,6.372117880110111,187.81833417127535,1623.7689359396477,2834
4785.0,5961,0,0,6,6.407836333338168,187.97466867975172,1624.4296622163827,2812
4786.0,5959,0,0,2,6.430483813191791,188.0248363819433,1625.4844592725956,2800
4787.0,5957,0,0,2,6.458985770467953,188.07067315762967,1626.1596519638395,2776
4788.0,5955,0,0,2,6.48013647737138,187.9968094038623,1627.2942126979206,2744
4789.0,5952,0,0,3,6.487336548879746,188.05040322580646,1628.106443721163,2729
4790.0,5950,0,0,2,6.482969065581149,188.0216806722689,1628.8204503024633,2711
4791.0,5948,0,0,2,6.471996404182772,188.09179556153327,1629.523792339461,2718
4792.0,5948,0,0,0,6.4636160160360205,188.1450907868191,1630.201993912988,2707
4793.0,5947,0,0,1,6.449309614583945,188.27745081553724,1631.0328647188594,2736
4794.0,5947,0,0,0,6.432815702856828,188.32957793845637,1631.7129120253135,2739
4795.0,5944,0,0,3,6.402292238412687,188.44885598923284,1632.2104633346264,2750
4796.0,5943,0,0,1,6.379168432286397,188.5196028941612,1633.1197178040945,2750
4797.0,5942,0,0,1,6.359660361984815,188.6013126893302,1633.939939392524,2757
4798.0,5939,0,0,3,6.341981023540848,188.639333221081,1635.174532885851,2754
4799.0,5937,0,0,2,6.313576703633096,188.74246252315984,1636.1115189182121,2758
4800.0,5935,0,0,2,6.2872607644450085,188.86065711878686,1637.0534583067345,2767
4801.0,5931,0,0,4,6.2639820170076606,189.03793626707133,1637.7318149251212,2766
4802.0,5929,0,0,2,6.240107217344306,189.20273233260247,1638.8162674559003,2798
4803.0,5926,0,1,4,6.209535267413806,189.40651366857915,1639.564101585744,2822
4804.0,5926,0,0,0,6.1994894484474745,189.37698278771515,1640.2584639721042,2834
4805.0,5923,0,0,3,6.18873594346234,189.4820192470032,1641.0745931132737,2840
4806.0,5924,0,1,0,6.182905133890283,189.5135043889264,1641.4937410925431,2854
4807.0,5921,0,0,3,6.171153024666556,189.73484208748522,1642.256050813506,2871
4808.0,5921,0,0,0,6.157172693758799,189.9297415977031,1642.9549587346692,2882
4809.0,5921,0,0,0,6.12565723804698,190.08275629116704,1643.6561440538628,2899
4810.0,5921,0,0,0,6.096420297184911,190.19557507177842,1644.3595620258102,2890
4811.0,5919,0,0,2,6.0476048378782785,190.36543335022807,1645.0943280117924,2916
4812.0,5918,0,0,1,6.0012140595840195,190.50422440013517,1646.049831710629,2934
4813.0,5917,0,0,1,5.959348929753666,190.65168159540306,1646.9601568881715,2946
4814.0,5917,0,0,0,5.927929043985787,190.64035828967383,1647.6752619818983,2963
4815.0,5913,0,0,4,5.881552812771098,190.8165060037206,1648.4479472443695,2990
4816.0,5911,0,0,2,5.84179823958217,190.85552360006767,1649.450899917501,2990
4817.0,5910,0,0,1,5.800896553337183,190.82284263959392,1650.0890724476358,2979
4818.0,5906,0,0,4,5.771518635819834,190.99102607517779,1651.4657816767037,2992
4819.0,5904,0,0,2,5.750621818017567,191.07350948509486,1652.4816450895873,3007
4820.0,5903,0,1,2,5.735516410714773,191.07640182957817,1653.371771893973,3029
4821.0,5900,0,1,4,5.702617436392551,191.26101694915255,1653.6616002177846,3048
4822.0,5898,0,0,2,5.695212115622617,191.34198033231604,1654.4265227262783,3063
4823.0,5896,0,0,2,5.692451114743775,191.5329036635007,1654.9451983987165,3077
4824.0,5895,0,0,1,5.692528625042303,191.70415606446142,1655.8148534088189,3097
4825.0,5897,0,3,1,5.675358441438287,191.7751399016449,1655.6505670093804,3123
4826.0,5895,0,0,2,5.654165072616676,191.92315521628498,1656.4659698963621,3135
4827.0,5895,0,0,0,5.636245846475981,192.01933842239185,1657.2012411110813,3137
4828.0,5895,0,2,2,5.613736846329207,192.14995759117897,1657.4163694957251,3143
4829.0,5892,0,0,3,5.591056969479595,192.4222674813306,1658.0757658940365,3179
4830.0,5890,0,0,2,5.56557336978248,192.6434634974533,1658.663393496955,3196
4831.0,5888,0,2,4,5.526734558726006,192.82591711956522,1658.9349346333809,3212
4832.0,5887,0,1,2,5.512781405938328,192.93086461695262,1659.593590093439,3218
4833.0,5883,0,0,4,5.479573027762014,193.23015468298487,1660.7452995441179,3252
4834.0,5882,0,1,2,5.444331141249241,193.38082284937096,1661.2449011642025,3257
4835.0,5878,0,0,4,5.410462448136971,193.6993875467846,1662.0780398415761,3285
4836.0,5877,0,0,1,5.398911108431623,193.96988259315978,1662.965777666597,3305
4837.0,5876,0,2,3,5.370606819269933,194.17665078284548,1663.4217111705964,3323
4838.0,5874,0,0,2,5.361043152932352,194.3716377255703,1664.4356022213542,3328
4839.0,5871,0,0,3,5.349178131009118,194.55169477090786,1665.3732014947445,3334
4840.0,5870,0,0,1,5.341691436011572,194.7587734241908,1666.0046612602953,3355
4841.0,5870,0,1,1,5.331641291940547,194.8359454855196,1666.6650324537788,3363
4842.0,5868,0,0,2,5.310381549747479,195.11741649625085,1667.8211555080304,3371
4843.0,5868,0,1,1,5.292068438002446,195.34832992501705,1668.4668593650485,3386
4844.0,5866,0,0,2,5.269364160822114,195.61200136379134,1669.1249193714248,3399
4845.0,5865,0,0,1,5.263917951075697,195.78346121057118,1670.057069986591,3417
4846.0,5864,0,0,1,5.253764252037809,195.92735334242838,1670.860492331665,3415
4847.0,5864,0,0,0,5.245012206621195,196.13915416098226,1671.6223967572412,3439
4848.0,5865,0,2,1,5.236191459185326,196.30213128729753,1671.999649648916,3450
4849.0,5864,0,0,1,5.2280747975237745,196.53495907230558,1672.8988258190423,3473
4850.0,5863,0,0,1,5.232709926069741,196.8059014156575,1673.627043980302,3490
4851.0,5860,0,0,3,5.222594127437165,197.1854948805461,1674.9128607673233,3491
4852.0,5859,0,0,1,5.207460002065129,197.5258576548899,1675.649660390977,3508
4853.0,5859,0,0,0,5.190789000420726,197.8216419184161,1676.4174523975269,3515
4854.0,5856,0,0,3,5.178368676298908,198.17332650273224,1677.7108287600104,3520
4855.0,5854,0,1,3,5.158103670218983,198.429449948753,1678.2897487589341,3523
4856.0,5854,0,0,0,5.148168099896854,198.75350187905707,1679.060916885603,3547
4857.0,5852,0,0,2,5.116495429446701,199.18386876281613,1680.2523902078794,3554
4858.0,5852,0,0,0,5.0989589056889795,199.54306220095694,1681.0274040718007,3564
4859.0,5850,0,0,2,5.071344505016687,199.87299145299144,1682.1961333364086,3586
4860.0,5850,0,0,0,5.044431146103029,200.17128205128205,1682.9751993223392,3599
4861.0,5848,0,0,2,5.083462500303736,199.2939466484268,1684.042548370414,3439
4862.0,5846,0,0,2,5.161956478492831,198.59733150872393,1684.979055452461,3306
4863.0,5843,0,0,3,5.281736659086609,198.13143932911177,1686.2430413945133,3188
4864.0,5842,0,0,1,5.414084402411269,197.7206436152003,1687.2226807674701,3083
4865.0,5838,0,0,4,5.5465248688472375,197.54128126070572,1688.1910287439982,3019
4866.0,5835,0,0,3,5.696308516989872,197.41765209940016,1689.0989642166944,2952
4867.0,5833,0,0,2,5.840213899877858,197.2823589919424,1689.97650730757,2919
4868.0,5827,0,0,6,5.951618934703007,197.4058692294491,1691.5315055541105,2872
4869.0,5826,0,0,1,6.056628347569782,197.34620665980088,1692.3948702228893,2842
4870.0,5823,0,0,3,6.143464816514783,197.4404945904173,1692.9568298097981,2832
4871.0,5821,0,0,2,6.199514398026791,197.40456966157018,1693.6708193807679,2814
4872.0,5821,0,0,0,6.250445161247194,197.42398213365402,1694.3631859011455,2809
4873.0,5818,0,0,3,6.292699684141125,197.51065658301823,1695.6692392055113,2807
4874.0,5816,0,0,2,6.322580855423737,197.58803301237964,1696.2936295030015,2807
4875.0,5814,0,0,2,6.346809139787055,197.6081871345029,1697.3554402532213,2795
4876.0,5811,0,0,3,6.353900890206275,197.73051109963862,1697.783848724039,2777
4877.0,5809,0,0,2,6.379183747202658,197.8132208641763,1698.4862606545237,2765
4878.0,5807,0,0,2,6.39313069750032,197.75340106767695,1699.5512048150338,2730
4879.0,5804,0,0,3,6.3991538298682995,197.762922122674,1700.003184097086,2714
4880.0,5802,0,0,2,6.409054804837706,197.8171320234402,1700.8749530404625,2688
4881.0,5801,0,0,1,6.399440674809469,197.9388036545423,1701.509397154673,2693
4882.0,5800,0,0,1,6.396511755916655,198.04,1702.2541384030844,2693
4883.0,5799,0,0,1,6.381855914742396,198.11019141231247,1702.893263507997,2685
4884.0,5797,0,0,2,6.351143386358272,198.29153010177677,1703.890226924957,2708
4885.0,5796,0,0,1,6.328844514588479,198.35610766045548,1704.6526659967117,2701
4886.0,5796,0,0,0,6.306267733401011,198.35110420979987,1705.335038964036,2709
4887.0,5796,0,0,0,6.2888469145477135,198.413906142167,1706.0187207241847,2709
4888.0,5796,0,0,0,6.2820011376776135,198.41166321601105,1706.703219993935,2720
4889.0,5795,0,0,1,6.264718510949495,198.3532355478861,1707.50729949002,2711
4890.0,5794,0,0,1,6.248700086137111,198.47670003451847,1708.237961375052,2742
4891.0,5794,0,0,0,6.242138720210515,198.5022437003797,1708.9262553205824,2746
4892.0,5794,0,0,0,6.242623237713775,198.53003106662064,1709.6150852379617,2750
4893.0,5793,0,0,1,6.233876941727562,198.59382012774037,1710.3890938223326,2774
4894.0,5793,0,0,0,6.225818864275016,198.5213188330744,1711.080865061728,2763
4895.0,5793,0,0,0,6.208097370273467,198.46728810633525,1711.7745304453106,2771
4896.0,5793,0,0,0,6.192912297034682,198.49611600207146,1712.4697495844757,2776
4897.0,5792,0,0,1,6.1840355207497355,198.50051795580112,1713.1788375286433,2777
4898.0,5791,0,1,2,6.163462521541959,198.59661543774823,1713.5796009603089,2816
4899.0,5789,0,0,2,6.149453710918427,198.7438244947314,1714.239222434962,2829
4900.0,5788,0,0,1,6.130682927822053,198.83707671043538,1714.8418292445315,2841
4901.0,5786,0,0,2,6.111570204824238,198.99377808503283,1715.5963211920111,2848
4902.0,5783,0,0,3,6.07530052374665,199.2531558014871,1716.2142678016603,2872
4903.0,5780,0,0,3,6.033757537423587,199.36764705882354,1716.6214909616488,2873
4904.0,5778,0,0,2,5.994651576623442,199.51453790238838,1717.475280473987,2878
4905.0,5775,0,0,3,5.94615233455638,199.66632034632033,1718.4526210146453,2889
4906.0,5773,0,0,2,5.904968271750284,199.75645245106531,1719.4346752870113,2885
4907.0,5773,0,0,0,5.872376340033986,199.74207517755067,1720.1525137243766,2901
4908.0,5772,0,0,1,5.84503883112013,199.8418225918226,1720.8722470063094,2928
4909.0,5771,0,0,1,5.821832845236546,199.9046958932594,1721.6015745577286,2927
4910.0,5768,0,0,3,5.8004037655888165,200.09656726768378,1722.5379527831692,2958
4911.0,5766,0,1,3,5.783869176135403,200.26933749566425,1723.1014988449597,2985
4912.0,5763,0,0,3,5.773980503165895,200.46347388512928,1724.3593690319444,3010
4913.0,5761,0,1,3,5.756573182704351,200.65787189724006,1724.951502062464,3037
4914.0,5757,0,0,4,5.734711483050516,200.95171096056973,1725.6256889836907,3049
4915.0,5756,0,1,2,5.716851043323318,201.28578874218206,1726.1427723739266,3087
4916.0,5756,0,1,1,5.69346206220685,201.4452744961779,1726.4713856124063,3085
4917.0,5754,0,0,2,5.653742985728788,201.67014250955856,1727.189877498994,3120
4918.0,5754,0,1,1,5.641452863771211,201.8701772679875,1727.6017892034326,3136
4919.0,5753,0,0,1,5.626872015591493,202.09560229445506,1728.5298734332596,3157
4920.0,5753,0,1,1,5.616243537935209,202.32921953763255,1728.7535264750215,3202
4921.0,5750,0,0,3,5.600977721597316,202.62260869565216,1729.547919144008,3198
4922.0,5750,0,0,0,5.585216613439406,202.90139130434784,1730.2887615898348,3226
4923.0,5752,0,3,1,5.56175542718953,203.0719749652295,1729.9114269939719,3232
4924.0,5751,0,0,1,5.5314797184988915,203.377847330899,1730.8055306993226,3259
4925.0,5752,0,2,1,5.506146332415363,203.59474965229487,1731.10537164913,3277
4926.0,5748,0,0,4,5.4760686508138825,203.9893876130828,1732.3198757465668,3277
4927.0,5746,0,1,3,5.465582800582382,204.3282283327532,1732.6611219026472,3297
4928.0,5745,0,1,2,5.446451500128813,204.65117493472584,1733.472928207042,3321
4929.0,5743,0,1,3,5.418099517943318,205.06355563294446,1734.0720906201743,3348
4930.0,5740,0,0,3,5.385863475964305,205.48501742160278,1734.8026262589608,3379
4931.0,5738,0,0,2,5.3625311798689275,205.9057162774486,1735.4767333201842,3394
4932.0,5734,0,0,4,5.345829947043908,206.36344611091732,1736.2420154518127,3402
4933.0,5729,0,0,5,5.33153676855943,206.8762436725432,1736.9002326534624,3418
4934.0,5729,0,2,2,5.315393852131544,207.09809739919706,1737.293106593466,3416
4935.0,5728,0,0,1,5.30484672997912,207.43592877094972,1738.1800757893943,3433
4936.0,5728,0,1,1,5.297915585158542,207.6979748603352,1738.7814336056508,3436
4937.0,5728,0,1,1,5.280124198103128,208.0822276536313,1739.49329899082,3464
4938.0,5726,0,0,2,5.263739541094627,208.4575619979043,1740.5929036963728,3480
4939.0,5725,0,0,1,5.245779151582651,208.74689956331878,1741.2843045739453,3479
4940.0,5724,0,0,1,5.2217059792583695,209.1263102725367,1742.2813305922232,3505
4941.0,5721,0,0,3,5.1862344617576,209.5801433315854,1743.543231209333,3509
4942.0,5720,0,0,1,5.167834859932477,209.95541958041957,1744.529339041537,3523
4943.0,5718,0,0,2,5.138287696829957,210.3788037775446,1745.7568354459215,3520
4944.0,5716,0,0,2,5.11291029493607,210.758922323303,1746.7606338205994,3527
4945.0,5715,0,0,1,5.092750460984176,211.09798775153106,1747.7680297899203,3544
4946.0,5713,0,0,2,5.063887307515968,211.4512515315946,1748.7310570874267,3540
4947.0,5711,0,0,2,5.031032921892366,211.90877254421292,1749.4502289390857,3559
4948.0,5710,0,0,1,5.000786865565449,212.3446584938704,1750.4210973649983,3588
4949.0,5707,0,0,3,4.987268835884571,212.8526371123182,1751.497011580918,3605
4950.0,5707,0,0,0,4.964077331839962,213.23602593306467,1752.2820968696965,3621
4951.0,5705,0,0,2,5.000765824448833,212.36652059596844,1753.0883307862348,3461
4952.0,5704,0,0,1,5.073399308462845,211.71598877980364,1753.8621402945405,3338
4953.0,5704,0,0,0,5.175480152482651,211.2796283309958,1754.631371066946,3240
4954.0,5702,0,0,2,5.294602079664192,211.0007015082427,1755.5893876560135,3163
4955.0,5700,0,0,2,5.433161251137645,210.76842105263157,1756.830111895349,3084
4956.0,5700,0,0,0,5.594303352097713,210.56456140350878,1757.5708106367695,3005
4957.0,5697,0,0,3,5.747451485301185,210.51957170440582,1758.9131941230853,2951
4958.0,5694,0,0,3,5.883790028065566,210.5165086055497,1760.142530837951,2911
4959.0,5693,0,0,1,5.992822485072238,210.45020200245915,1761.0791870962485,2864
4960.0,5691,0,0,2,6.092973825852852,210.37796520822351,1762.067457761684,2834
4961.0,5689,0,0,2,6.180622647227321,210.46985410441204,1763.1792842879806,2822
4962.0,5689,0,0,0,6.254768523990143,210.47055721567938,1763.8752566648525,2810
4963.0,5687,0,0,2,6.314434402117778,210.55213645155618,1765.0404950418567,2810
4964.0,5685,0,0,2,6.361261906712439,210.6052770448549,1765.6955566867437,2805
4965.0,5685,0,0,0,6.402943328571297,210.58047493403694,1766.3815733450042,2794
4966.0,5685,0,0,0,6.4434087512484615,210.6098504837291,1767.0655280406388,2781
4967.0,5685,0,0,0,6.473238260755932,210.5222515391381,1767.7468254513815,2782
4968.0,5685,0,0,0,6.498561202678685,210.57150395778365,1768.4270714831364,2774
4969.0,5683,0,0,2,6.509938412819422,210.78585254267114,1768.8650050594483,2786
4970.0,5682,0,0,1,6.518945759570329,210.90637099612812,1769.6233907854717,2776
4971.0,5681,0,0,1,6.526159808861322,210.9802851610632,1770.185657516569,2778
4972.0,5679,0,0,2,6.530698018146801,211.13065680577566,1770.7184355572253,2775
4973.0,5677,0,0,2,6.511247973527374,211.2670424519993,1771.6551992593113,2768
4974.0,5677,0,0,0,6.521524517381162,211.15043156596795,1772.334497651397,2734
4975.0,5675,0,0,2,6.513863985817642,211.21215859030838,1773.211420950833,2728
4976.0,5675,0,0,0,6.502278098378081,211.19753303964757,1773.8919078777842,2711
4977.0,5674,0,0,1,6.486242449105183,211.13429679238632,1774.734660348746,2711
4978.0,5673,0,0,1,6.478553666110105,211.11263881544156,1775.5135372362731,2722
4979.0,5673,0,0,0,6.473821727367568,211.04759386567954,1776.1968854789448,2697
4980.0,5672,0,0,1,6.457336376331514,211.0789844851904,1776.7688755612896,2726
4981.0,5671,0,0,1,6.4536061116058185,211.14653500264504,1777.560690015847,2744
4982.0,5671,0,0,0,6.429299162729554,211.24210897548934,1778.246890864078,2762
4983.0,5669,0,0,2,6.406983942813838,211.39530781442934,1779.0476549721964,2766
4984.0,5669,0,0,0,6.396187146861025,211.3960134062445,1779.736480237989,2770
4985.0,5668,0,0,1,6.390499680537996,211.42307692307693,1780.656943868656,2762
4986.0,5668,0,0,0,6.366571205430267,211.34950599858857,1781.347640217895,2773
4987.0,5667,0,0,1,6.35519105452615,211.35239103582143,1782.1306726431524,2771
4988.0,5666,0,0,1,6.330352278335971,211.3469819978821,1782.6308799791752,2789
4989.0,5664,0,0,2,6.2915223366530615,211.45091807909606,1783.766696387515,2812
4990.0,5663,0,0,1,6.262891620461963,211.53999646830303,1784.7009129110966,2831
4991.0,5660,0,1,4,6.217340510514218,211.80459363957598,1785.4537010383272,2836
4992.0,5658,0,0,2,6.164957541217862,211.97631671968892,1786.2779998960223,2869
4993.0,5658,0,0,0,6.122799121384919,212.1037469070343,1786.9849288829719,2896
4994.0,5657,0,0,1,6.076964142376638,212.2810677037299,1787.8318088114527,2927
4995.0,5657,0,0,0,6.046727373238223,212.36892345766307,1788.5439598694481,2943
4996.0,5654,0,0,3,6.014861555027809,212.5585426246905,1789.2478836078687,2950
4997.0,5653,0,0,1,5.996597225022165,212.59632053776755,1789.9081050684863,2947
4998.0,5651,0,0,2,5.988286979238261,212.74199256768713,1790.9955461125078,2971
4999.0,5649,0,0,2,5.973589479442395,212.84776066560454,1791.5477347401973,2973
5000.0,5646,0,0,3,5.9617396703682335,213.0474672334396,1792.550685108553,2986
5001.0,5643,0,0,3,5.932171635187558,213.35495303916358,1793.3866918592435,3007
5002.0,5643,0,1,1,5.915584820757709,213.44639376218325,1793.6055286634721,3013
5003.0,5640,0,1,4,5.892237661875098,213.72606382978722,1794.095400029837,3046
5004.0,5639,0,0,1,5.88600523908357,213.93332151090618,1795.0698785505456,3058
5005.0,5639,0,2,2,5.8718529158219335,214.08831353076786,1795.6088514043074,3070
5006.0,5634,0,1,6,5.849455957755262,214.3991835285765,1796.517685944396,3068
5007.0,5633,0,0,1,5.830779484347592,214.58157287413457,1797.4890482284989,3082
5008.0,5629,0,1,5,5.80704859900468,214.94919168591224,1798.8384986104086,3092
5009.0,5629,0,1,1,5.797065798827971,215.13750222064309,1799.1808338798628,3118
5010.0,5627,0,1,3,5.776617233508556,215.48533854629466,1799.8687648308317,3153
5011.0,5625,0,0,2,5.761606506246462,215.8840888888889,1800.9019519194635,3186
5012.0,5626,0,2,1,5.728671801920223,216.13633131887664,1801.2474652627063,3195
5013.0,5623,0,0,3,5.67876984600434,216.52694291303575,1802.3665650559965,3210
5014.0,5622,0,1,2,5.637322122659905,216.7230522945571,1802.8840174261584,3217
5015.0,5622,0,2,2,5.588489326353349,216.90697260761294,1802.778897366685,3230
5016.0,5621,0,0,1,5.559818163256214,217.15922433730654,1803.2925048486256,3247
5017.0,5620,0,1,2,5.544060275752266,217.46637010676156,1803.4539928837282,3254
5018.0,5620,0,1,1,5.524281714224205,217.7455516014235,1803.8681740659363,3279
5019.0,5620,0,1,1,5.499879186974058,217.95391459074733,1804.1887372510434,3290
5020.0,5620,0,0,0,5.475587812567249,218.17241992882563,1804.940227645017,3300
5021.0,5620,0,0,0,5.461809803938739,218.3608540925267,1805.6930730528593,3305
5022.0,5620,0,1,1,5.441430186624851,218.66227758007116,1805.949112814104,3324
5023.0,5620,0,0,0,5.428062627999515,218.93042704626333,1806.7041202157775,3343
5024.0,5618,0,0,2,5.422369079262527,219.30206479174083,1807.3321686105833,3353
5025.0,5617,0,1,2,5.419274436949534,219.64856685063202,1807.92154159595,3362
5026.0,5616,0,0,1,5.413671742837599,220.03596866096865,1808.8412317601887,3377
5027.0,5615,0,0,1,5.404569903024379,220.35814781834372,1809.4669444230146,3382
5028.0,5614,0,1,2,5.384636654653682,220.72265764161025,1810.0465146898864,3385
5029.0,5614,0,1,1,5.36329544534584,220.99483434271465,1810.4510008198615,3403
5030.0,5614,0,0,0,5.3533014587262056,221.31528322052012,1811.2113228127544,3409
5031.0,5613,0,0,1,5.332683385869179,221.7347229645466,1812.153530158536,3435
5032.0,5611,0,0,2,5.29799370535666,222.16556763500267,1813.2150579772294,3443
5033.0,5610,0,0,1,5.276840031161858,222.55133689839573,1814.095770120065,3460
5034.0,5608,0,0,2,5.260562444825033,223.01515691868758,1815.1976435386357,3477
5035.0,5606,0,0,2,5.236436202990099,223.46896182661433,1815.6714669399378,3493
5036.0,5605,0,0,1,5.2132844247235965,223.9136485280999,1816.4688036376326,3513
5037.0,5603,0,0,2,5.188026019501598,224.3728359807246,1817.1915785141741,3534
5038.0,5603,0,0,0,5.179045382586955,224.70087453150097,1817.963789924649,3533
5039.0,5603,0,0,0,5.163023354208544,225.10137426378725,1818.73745845686,3545
5040.0,5603,0,0,0,5.142892813446227,225.521684811708,1819.5123421891312,3559
5041.0,5602,0,0,1,5.170028466771791,224.46215637272402,1820.0353436116818,3397
5042.0,5599,0,0,3,5.233010739409743,223.6302911234149,1821.4660885861829,3257
5043.0,5599,0,0,0,5.344336840120869,223.0089301661011,1822.2255410612122,3154
5044.0,5598,0,0,1,5.454939452406909,222.4983922829582,1822.9000072281185,3051
5045.0,5596,0,0,2,5.593788479754076,222.14170836311652,1823.4544871450591,2976
5046.0,5593,0,0,3,5.742925911746581,221.91525120686572,1824.911472134843,2914
5047.0,5593,0,0,0,5.897184046348934,221.63686751296262,1825.6315290284654,2861
5048.0,5593,0,0,0,6.0262407146489485,221.49865903808333,1826.342829242323,2839
5049.0,5593,0,0,0,6.13119779838869,221.49490434471662,1827.0472386416527,2818
5050.0,5593,0,0,0,6.213970362481466,221.3005542642589,1827.7456072618784,2780
5051.0,5591,0,0,2,6.279656866749841,221.35163655875513,1828.4826734561689,2763
5052.0,5590,0,0,1,6.328339113816193,221.31645796064402,1829.1471411780267,2752
5053.0,5587,0,0,3,6.362664418701292,221.44245570073386,1829.9104069398927,2728
5054.0,5586,0,0,1,6.401457593218307,221.36680988184747,1830.8165458514356,2717
5055.0,5585,0,0,1,6.4466723109091895,221.32927484333035,1831.6806135955142,2700
5056.0,5584,0,0,1,6.469799594382518,221.29369627507162,1832.2643621501713,2672
5057.0,5583,0,0,1,6.502937740680308,221.30628694250402,1833.126270622321,2674
5058.0,5584,0,1,0,6.51642418184905,221.21669054441261,1833.4753581611856,2654
5059.0,5584,0,0,0,6.515990149619706,221.2390759312321,1834.1528988295731,2671
5060.0,5584,0,0,0,6.513546468405212,221.3506446991404,1834.8303966673157,2668
5061.0,5584,0,0,0,6.522459234753154,221.35136103151862,1835.5073245532913,2667
5062.0,5583,0,0,1,6.510151940652842,221.4296972953609,1836.1384410751464,2657
5063.0,5583,0,0,0,6.525504174375338,221.4794913129142,1836.8147677650395,2660
5064.0,5583,0,0,0,6.522369817090641,221.4726849364141,1837.4902308925425,2658
5065.0,5582,0,0,1,6.504801687137955,221.50680759584378,1838.1371933776863,2648
5066.0,5582,0,0,0,6.505468607470377,221.4851307774991,1838.814370800631,2643
5067.0,5582,0,0,0,6.499012906486486,221.48960945897528,1839.491635846573,2635
5068.0,5581,0,0,1,6.482551642685168,221.5135280415696,1840.1855337207583,2645
5069.0,5579,0,0,2,6.464354939027701,221.58307940491127,1840.7263473900161,2659
5070.0,5577,0,0,2,6.432623325999994,221.61323292092524,1841.9117589732373,2666
5071.0,5576,0,0,1,6.427728832010243,221.68382352941177,1842.533115901183,2666
5072.0,5574,0,0,2,6.4094469558530625,221.86670254754216,1843.783084103444,2675
5073.0,5571,0,0,3,6.385138962157814,222.07844193143063,1844.3127194942508,2708
5074.0,5569,0,0,2,6.371546221264627,222.18638893876818,1845.1844003809492,2697
5075.0,5569,0,0,0,6.370247465013586,222.1844137188005,1845.8716771820948,2719
5076.0,5569,0,0,0,6.372770690898539,222.18064284431676,1846.5593000323013,2721
5077.0,5568,0,0,1,6.360031754028766,222.32399425287358,1847.1949382144887,2735
5078.0,5568,0,0,0,6.3475819194689445,222.47054597701148,1847.8842805813763,2751
5079.0,5569,0,1,0,6.3225605662580335,222.50368109175795,1848.2424192835017,2778
5080.0,5568,0,0,1,6.292146949837493,222.69270833333334,1848.8687149972484,2786
5081.0,5568,0,0,0,6.254189374442002,222.77262931034483,1849.5642035459452,2785
5082.0,5567,0,0,1,6.2310312841186475,222.90856834920064,1850.2277669194873,2799
5083.0,5567,0,0,0,6.204928206591991,223.08640201185557,1850.927056167755,2817
5084.0,5565,0,0,2,6.163484832412442,223.3045822102426,1851.5410615878698,2827
5085.0,5563,0,0,2,6.13661650309608,223.4808556534244,1852.5465495823282,2838
5086.0,5563,0,0,0,6.108959887275103,223.58223979866978,1853.2518629935366,2842
5087.0,5560,0,0,3,6.073400740524323,223.7501798561151,1854.2883778831379,2825
5088.0,5559,0,0,1,6.0467625122250945,223.84169814714878,1854.8884012931487,2834
5089.0,5557,0,0,2,6.026739001257583,223.99154219902826,1855.8632738013816,2842
5090.0,5555,0,0,2,6.01420967914698,224.15967596759677,1857.0907892167177,2863
5091.0,5553,0,0,2,5.997277462304332,224.34071672969566,1857.693596292928,2885
5092.0,5552,0,1,2,5.976064464755509,224.44578530259366,1858.4022785049856,2881
5093.0,5550,0,0,2,5.953231978591935,224.68486486486486,1858.9000796525904,2923
5094.0,5547,0,0,3,5.915935597457644,224.9700739138273,1859.6985992713046,2943
5095.0,5545,0,0,2,5.88409535308015,225.2229035166817,1860.8603942352252,2967
5096.0,5545,0,0,0,5.854454931133252,225.4403967538323,1861.581570597358,2980
5097.0,5543,0,1,3,5.834032609471472,225.67021468518854,1862.7248458879558,2991
5098.0,5543,0,0,0,5.8139585818984845,225.83637019664442,1863.4484702928269,2996
5099.0,5538,0,0,5,5.7813454891261475,226.19501625135428,1863.9346147366969,2997
5100.0,5536,0,2,4,5.748953561539486,226.46333092485548,1864.5205038405097,3015
5101.0,5534,0,0,2,5.699334306318133,226.74195880014457,1865.123085637394,3049
5102.0,5531,0,0,3,5.652100351642574,227.1039595009944,1866.381462943122,3081
5103.0,5531,0,2,2,5.622529015297675,227.31025131079372,1866.5092981514294,3104
5104.0,5528,0,1,4,5.584529936326497,227.59081041968162,1867.5144730865445,3117
5105.0,5523,0,0,5,5.557675018763066,227.95582111171464,1868.589224487654,3124
5106.0,5520,0,1,4,5.531693350127308,228.08641304347827,1869.4589812253669,3110
5107.0,5519,0,1,2,5.516549920123435,228.22159811560064,1870.1569902904241,3131
5108.0,5515,0,0,4,5.495520132572282,228.5666364460562,1871.4783642685131,3147
5109.0,5512,0,2,5,5.46093862497969,228.92634252539912,1871.9484475895783,3169
5110.0,5510,0,0,2,5.441778798433275,229.17604355716878,1872.590454864863,3187
5111.0,5505,0,1,6,5.402299098602135,229.56639418710265,1873.7597305980628,3191
5112.0,5500,0,0,5,5.362346593747542,230.00163636363635,1874.9798493040914,3218
5113.0,5496,0,1,5,5.330753691939451,230.35498544395924,1875.864936284233,3230
5114.0,5493,0,1,4,5.311294283513394,230.80029127981066,1877.2407996534082,3262
5115.0,5493,0,2,2,5.285125069217899,231.01055889313673,1877.4974427765724,3276
5116.0,5490,0,1,4,5.260436520452231,231.49945355191258,1878.5136540121262,3299
5117.0,5487,0,2,5,5.214519007306346,231.95862948788044,1879.2517132325356,3327
5118.0,5486,0,1,2,5.190519069314118,232.28271965001824,1880.1185664030788,3339
5119.0,5486,0,1,1,5.191952881438945,232.58567262121764,1880.8331005916612,3346
5120.0,5482,0,1,5,5.177786210695449,233.0747902225465,1882.2645410622063,3348
5121.0,5481,0,1,2,5.157410957777127,233.45794563035943,1882.9697000552553,3371
5122.0,5480,0,1,2,5.133880164460885,233.8521897810219,1883.2537733573854,3386
5123.0,5478,0,1,3,5.110116728689723,234.25885359620298,1884.0655885023848,3400
5124.0,5477,0,0,1,5.093777125436944,234.58645243746577,1885.108941618321,3411
5125.0,5476,0,0,1,5.0771016305782135,234.95215485756026,1886.1683758685908,3438
5126.0,5476,0,1,1,5.050251091754729,235.2461650840029,1886.879912802606,3448
5127.0,5476,0,0,0,5.028984700609498,235.57140248356464,1887.657259594893,3474
5128.0,5474,0,0,2,5.000269429017449,236.01297040555352,1888.5479568645471,3483
5129.0,5473,0,0,1,4.968689146560182,236.41458066873744,1889.6177440432818,3501
5130.0,5474,0,1,0,4.94085157207786,236.74333211545488,1890.05539896541,3516
5131.0,5471,0,0,3,4.971763102012727,235.6605739352952,1890.520474175204,3343
5132.0,5471,0,1,1,5.0457363842731695,234.69786145128862,1891.1155301419515,3187
5133.0,5470,0,0,1,5.1481614417860575,233.97349177330895,1892.0955176475668,3064
5134.0,5466,0,1,5,5.264813461208431,233.5351262349067,1892.8047645600773,2992
5135.0,5462,0,0,4,5.415342574152785,233.19534968875868,1893.6519075163815,2915
5136.0,5461,0,1,2,5.578084705684684,232.86980406518953,1894.2529771720735,2842
5137.0,5459,0,0,2,5.728600798960797,232.65781278622458,1895.5495490785656,2791
5138.0,5460,0,1,0,5.861660779036856,232.32142857142858,1895.9188365252276,2756
5139.0,5459,0,0,1,5.981218304146349,232.15662209195824,1896.5630798193931,2734
5140.0,5457,0,0,2,6.073427871763142,232.0760491112333,1897.1125249357456,2709
5141.0,5457,0,1,1,6.172950245835688,231.95583654022357,1897.5539114010442,2691
5142.0,5456,0,0,1,6.255213920871143,231.8951612903226,1898.52649700164,2671
5143.0,5454,0,0,2,6.313657831386189,231.94242757609095,1899.4852837762319,2655
5144.0,5454,0,1,1,6.361253590286561,231.87513751375138,1899.9153039345663,2643
5145.0,5452,0,0,2,6.418733094373339,231.7817314746882,1900.98226962059,2628
5146.0,5450,0,1,3,6.44500702560598,231.82110091743118,1901.733137918482,2636
5147.0,5449,0,0,1,6.4745314216851035,231.8803450174344,1902.6533611434256,2630
5148.0,5447,0,0,2,6.482433933451339,231.85973930604,1903.165670299879,2630
5149.0,5445,0,0,2,6.502598849387867,231.93755739210286,1903.983799800872,2622
5150.0,5446,0,1,0,6.499412904579699,231.92728608152774,1904.3074807526032,2632
5151.0,5445,0,0,1,6.50691155858725,231.88374655647382,1904.8282535846106,2604
5152.0,5443,0,0,2,6.522101259332409,231.81591034356055,1905.7980016864778,2567
5153.0,5442,0,0,1,6.539703396159959,231.72326350606394,1906.7332089788736,2564
5154.0,5442,0,0,0,6.535076134207793,231.64645350973908,1907.4037615471752,2546
5155.0,5439,0,0,3,6.535622879549863,231.6874425445854,1908.278371306863,2537
5156.0,5438,0,0,1,6.530849104668655,231.68940787054063,1908.993044845478,2531
5157.0,5437,0,0,1,6.539528214143842,231.56483354791246,1909.927427359508,2530
5158.0,5438,0,1,0,6.5352744314711835,231.41191614564178,1910.248580379074,2523
5159.0,5437,0,0,1,6.548872342411013,231.32517932683464,1910.9410993717145,2531
5160.0,5437,0,0,0,6.550737363846344,231.16240573845872,1911.6141182470437,2535
5161.0,5437,0,0,0,6.557771888176344,231.04340629023358,1912.2867956969521,2531
5162.0,5436,0,0,1,6.553831828252175,230.97590139808682,1913.038207612277,2536
5163.0,5435,0,0,1,6.54180938737907,231.02097516099357,1913.8178433037917,2534
5164.0,5434,0,0,1,6.539104085074062,230.9446080235554,1914.4956800433147,2546
5165.0,5434,0,0,0,6.532376998914749,230.95914611704086,1915.1719856732327,2557
5166.0,5434,0,0,0,6.517129321497548,230.90964298859035,1915.8498020260417,2567
5167.0,5433,0,0,1,6.501216270775011,230.96631695196024,1916.4996737245112,2593
5168.0,5435,0,2,0,6.482676329493515,230.98822447102117,1916.4731759786002,2612
5169.0,5434,0,0,1,6.45079691857559,231.04637467795362,1917.1732296371667,2631
5170.0,5433,0,0,1,6.409001457989605,231.15589913491624,1917.8551350018329,2646
5171.0,5432,0,0,1,6.378934684164183,231.26601620029456,1918.7982938244932,2649
5172.0,5433,0,1,0,6.327601193402241,231.28529357629301,1919.1347349484022,2659
5173.0,5432,0,0,1,6.280359666400296,231.4648379970545,1920.026030434847,2686
5174.0,5432,0,0,0,6.232228502573699,231.5104933726068,1920.722318745413,2705
5175.0,5432,0,1,1,6.181661339608051,231.60787923416788,1921.1049126133928,2727
5176.0,5432,0,1,1,6.120675589786067,231.62113402061857,1921.1727912679157,2742
5177.0,5432,0,0,0,6.072960673210836,231.58541973490426,1921.8800038320649,2744
5178.0,5431,0,0,1,6.0252617138534905,231.57447983796723,1922.5946851485694,2759
5179.0,5432,0,2,1,5.987105329447553,231.4847201767305,1922.5880995249702,2762
5180.0,5430,0,0,2,5.944789156474298,231.67348066298342,1923.3602281306896,2797
5181.0,5431,0,1,0,5.9136556086426735,231.71073467133124,1923.7231684215494,2826
5182.0,5432,0,2,1,5.887166021007435,231.7702503681885,1923.6662216132547,2833
5183.0,5431,0,1,2,5.866009830184086,231.94255201620328,1924.0532056528723,2850
5184.0,5428,0,0,3,5.814852509189847,232.19086219602065,1924.5719025452167,2878
5185.0,5424,0,1,5,5.764877237795216,232.48211651917404,1925.1646820300211,2901
5186.0,5423,0,2,3,5.725930603454598,232.77964226442927,1925.3198540653777,2922
5187.0,5422,0,0,1,5.704784808655535,232.9452231648838,1926.2554330880287,2930
5188.0,5420,0,1,3,5.6738627887491795,233.18856088560887,1927.0886124223475,2952
5189.0,5419,0,1,2,5.6405976642868,233.48606754013656,1927.5665039329958,2996
5190.0,5419,0,1,1,5.624943677209996,233.71507658239528,1927.861576824124,3010
5191.0,5418,0,1,2,5.588115352532009,233.99593946105574,1928.170635917766,3030
5192.0,5419,0,2,1,5.547793762090044,234.27329765639416,1928.303166997481,3074
5193.0,5419,0,1,1,5.5192163178172615,234.5119025650489,1928.9713894316528,3088
5194.0,5418,0,0,1,5.48048338051418,234.81782945736435,1929.5542431633783,3105
5195.0,5419,0,2,1,5.448585986585192,234.94962170142094,1929.8375065239793,3113
5196.0,5415,0,0,4,5.407758211353773,235.3298245614035,1930.713556975092,3125
5197.0,5413,0,0,2,5.382508969195549,235.52170700166266,1931.9018735711106,3134
5198.0,5411,0,0,2,5.3666993131658485,235.85141378673075,1932.8913559816228,3141
5199.0,5411,0,1,1,5.3411750767222115,236.10182960635743,1933.1205480674093,3159
5200.0,5410,0,0,1,5.300641734167954,236.46617375231054,1933.7454101834946,3189
5201.0,5409,0,0,1,5.2738451000875575,236.79090404880753,1934.4009726093136,3210
5202.0,5407,0,0,2,5.250872239722289,237.18235620491956,1934.889779016292,3223
5203.0,5405,0,0,2,5.220357325236629,237.57742830712303,1935.6455407953033,3250
5204.0,5404,0,0,1,5.196015661905518,237.92949666913398,1936.3566379109525,3266
5205.0,5403,0,0,1,5.165345761057418,238.30279474366094,1936.9563087721087,3292
5206.0,5404,0,1,0,5.136528514649214,238.59659511472984,1937.3668678133006,3312
5207.0,5406,0,2,0,5.115143536745777,238.88475767665557,1937.4206028979283,3332
5208.0,5405,0,0,1,5.082395670053315,239.27530064754856,1938.5257516090405,3353
5209.0,5405,0,0,0,5.063383003550454,239.6358926919519,1939.3001913592348,3376
5210.0,5404,0,0,1,5.03686701840305,240.03330866025166,1940.0465792758644,3385
5211.0,5404,0,0,0,5.013656559691747,240.46465581051072,1940.824521329025,3418
5212.0,5404,0,0,0,4.987371465669159,240.93689859363434,1941.6040658093787,3448
5213.0,5400,0,0,4,4.937959379745481,241.53962962962962,1942.5260652099757,3451
5214.0,5400,0,0,0,4.909569980639999,241.9475925925926,1943.309983153227,3460
5215.0,5397,0,0,3,4.882291971622898,242.54400592921994,1944.2616232320395,3500
5216.0,5395,0,0,2,4.848354190664021,243.05319740500462,1945.5398628958292,3510
5217.0,5391,0,0,4,4.810448962940525,243.61695418289742,1946.7168906614727,3542
5218.0,5390,0,0,1,4.789992417841993,244.03543599257884,1947.7444206874893,3561
5219.0,5389,0,0,1,4.762936455533895,244.48227871590277,1948.7946715931378,3575
5220.0,5388,0,1,2,4.732734482658751,244.92483296213808,1949.6731997931538,3586
5221.0,5387,0,0,1,4.782547427107231,243.84963801744942,1950.7520307370394,3412
5222.0,5386,0,0,1,4.876854059939529,242.93204604530263,1951.7771168090637,3261
5223.0,5384,0,0,2,5.007546650090781,242.3736998514116,1952.6889340212545,3134
5224.0,5384,0,0,0,5.163545175614777,241.81407875185735,1953.4520095178746,3029
5225.0,5380,0,0,4,5.312888239307745,241.65669144981413,1954.3406180950058,2966
5226.0,5380,0,0,0,5.487751571422604,241.39869888475837,1955.0807264029872,2900
5227.0,5378,0,0,2,5.638081969300739,241.2911863146151,1956.2695458939825,2845
5228.0,5377,0,0,1,5.766048834159406,241.21722149897712,1957.1816163092356,2814
5229.0,5376,0,0,1,5.891538937975015,241.1631324404762,1957.9355319332976,2786
5230.0,5374,0,0,2,5.994824665403021,241.1564942314849,1959.132940590334,2769
5231.0,5373,0,0,1,6.095066992332645,241.12432533035548,1959.8798887509663,2740
5232.0,5370,0,0,3,6.184978987891966,241.22513966480446,1961.0602166703934,2708
5233.0,5369,0,0,1,6.255830932226385,241.26373626373626,1961.8119416940426,2696
5234.0,5366,0,0,3,6.315515822134049,241.39452105851657,1962.7083865134373,2673
5235.0,5366,0,0,0,6.381527980547059,241.38948937756243,1963.3887750492156,2653
5236.0,5364,0,0,2,6.420374540609619,241.51043997017152,1964.5391761452456,2651
5237.0,5361,0,0,3,6.442732504389634,241.64894609214699,1965.7120539284695,2649
5238.0,5361,0,0,0,6.4578720749442375,241.7192687931356,1966.3887298343448,2662
5239.0,5358,0,0,3,6.461922650324706,241.88951101157147,1967.4153462358809,2647
5240.0,5357,0,0,1,6.478901831057491,241.97274593989172,1968.3790454915577,2646
5241.0,5356,0,0,1,6.493683209211594,242.0108289768484,1969.2745524157233,2637
5242.0,5354,0,0,2,6.501486903059494,242.10235338065,1970.5151928158311,2624
5243.0,5350,0,0,4,6.505434930627782,242.27719626168223,1971.603733990525,2613
5244.0,5350,0,0,0,6.517331640471804,242.25364485981308,1972.2775251515673,2598
5245.0,5349,0,0,1,6.52371204459503,242.32510749672835,1973.134145439052,2609
5246.0,5347,0,0,2,6.524155405821338,242.47372358331774,1974.094785801534,2610
5247.0,5346,0,0,1,6.523835809305817,242.51589973812196,1974.8928858399686,2602
5248.0,5345,0,0,1,6.527611106794896,242.58914873713752,1975.730137383146,2596
5249.0,5345,0,0,0,6.523822463355062,242.64733395696913,1976.4049802871964,2593
5250.0,5343,0,0,2,6.527655724862376,242.79075425790754,1977.4500100558237,2597
5251.0,5343,0,0,0,6.5247141680763,242.85438892008236,1978.1257898668166,2596
5252.0,5342,0,0,1,6.5344234342765075,243.008049419693,1978.9937608454043,2604
5253.0,5342,0,0,0,6.539268710889175,243.08442530887308,1979.6692421345865,2611
5254.0,5341,0,0,1,6.5377575303991655,243.2237408724958,1980.5122106501583,2620
5255.0,5340,0,0,1,6.537895877036762,243.41067415730336,1981.419096534521,2634
5256.0,5340,0,0,0,6.53797380265402,243.49756554307115,1982.0968459825854,2619
5257.0,5340,0,0,0,6.5309397885970615,243.50730337078653,1982.7746516248617,2626
5258.0,5339,0,0,1,6.521442952854614,243.6164075669601,1983.7271928607774,2634
5259.0,5338,0,0,1,6.501787166742481,243.7272386661671,1984.4651540647062,2640
5260.0,5335,0,0,3,6.474692236051347,243.87216494845362,1985.9037415294356,2638
5261.0,5333,0,0,2,6.450803834687261,244.05100318769922,1986.8278587458094,2642
5262.0,5333,0,0,0,6.418146185642178,244.13725857866118,1987.5156599557586,2658
5263.0,5331,0,0,2,6.370595370443907,244.33333333333334,1988.5568954942103,2675
5264.0,5329,0,0,2,6.326325150332203,244.51210358416213,1989.3839168704224,2695
5265.0,5327,0,0,2,6.274545051774293,244.76478318002628,1990.3545984461168,2719
5266.0,5326,0,0,1,6.225407148361853,244.8409688321442,1991.3030116240413,2719
5267.0,5325,0,0,1,6.197444840358716,244.95718309859154,1992.1921324677082,2732
5268.0,5322,0,0,3,6.157672673111495,245.15276211950393,1993.1915203098488,2730
5269.0,5321,0,0,1,6.126535261613912,245.28340537492952,1993.933960145148,2747
5270.0,5320,0,1,2,6.0898155312112054,245.41597744360902,1994.5119828721026,2773
5271.0,5318,0,0,2,6.054617876661648,245.68277547950356,1995.437750795365,2794
5272.0,5317,0,0,1,6.025499654926151,245.82734624788415,1996.3585483462102,2823
5273.0,5313,0,0,4,5.993254072378703,246.07453416149067,1997.1706900632978,2837
5274.0,5312,0,1,2,5.966688867877222,246.23249246987953,1997.685762925862,2862
5275.0,5313,0,1,0,5.946663534347096,246.27310370788632,1998.0300295455559,2891
5276.0,5312,0,1,2,5.920718925530942,246.33207831325302,1998.4769795918212,2904
5277.0,5310,0,0,2,5.882493350471097,246.47551789077212,1999.3570258318562,2907
5278.0,5310,0,1,1,5.841551198494134,246.5105461393597,1999.8109036288167,2908
5279.0,5309,0,0,1,5.804327311666518,246.72989263514785,2000.7784884904067,2925
5280.0,5309,0,1,1,5.764844626808768,246.87361084950084,2001.0333513721955,2967
5281.0,5308,0,0,1,5.734517304871816,247.00565184626979,2002.0097205735403,2980
5282.0,5307,0,0,1,5.704420343075116,247.22536272847182,2002.7936375334962,2983
5283.0,5306,0,0,1,5.671852896052787,247.52355823595929,2003.7077529809496,3017
5284.0,5306,0,1,1,5.637854102404219,247.73840934790803,2004.019996786257,3044
5285.0,5306,0,0,0,5.602752264222016,247.9662646061063,2004.7619565450107,3069
5286.0,5305,0,1,2,5.580847911198372,248.18114985862394,2005.24024542538,3081
5287.0,5304,0,0,1,5.567323140878288,248.45192307692307,2006.032079316586,3095
5288.0,5303,0,1,2,5.5404167623156555,248.74976428436733,2006.58599048043,3112
5289.0,5303,0,1,1,5.520875510077,249.0258344333396,2006.925088845067,3114
5290.0,5301,0,0,2,5.492876838692576,249.4519901905301,2008.0738437408734,3155
5291.0,5297,0,0,4,5.465741684671138,249.87238059278837,2009.3803181935687,3167
5292.0,5293,0,0,4,5.440100424827416,250.359342527867,2010.1082723805378,3193
5293.0,5292,0,2,3,5.415075653899656,250.72297808012092,2010.3251616849989,3216
5294.0,5289,0,0,3,5.394004259765659,251.16676120249574,2011.2487756906905,3221
5295.0,5289,0,0,0,5.380592753340797,251.49196445452827,2012.0085244067657,3240
5296.0,5286,0,0,3,5.355835648226323,251.93832765796444,2012.9637254467114,3253
5297.0,5282,0,0,4,5.336734243730288,252.4568345323741,2014.0664273110601,3275
5298.0,5280,0,0,2,5.312088662390907,252.8871212121212,2015.0957434032748,3287
5299.0,5280,0,0,0,5.299619455220369,253.19128787878788,2015.8613481988048,3281
5300.0,5280,0,1,1,5.271734282673933,253.56647727272727,2016.2287509075447,3304
5301.0,5279,0,0,1,5.252101116184305,253.97063837848077,2017.1830997571005,3308
5302.0,5278,0,0,1,5.231703847883957,254.36244789693066,2018.0732841839133,3319
5303.0,5276,0,0,2,5.2031624694137895,254.82581501137224,2019.0931955160042,3326
5304.0,5275,0,0,1,5.18253074772374,255.22729857819905,2019.9524999293947,3333
5305.0,5275,0,1,1,5.158985524530984,255.61042654028435,2020.3648294082916,3357
5306.0,5273,0,0,2,5.117543006701137,256.10127062393326,2021.3645465057693,3380
5307.0,5271,0,0,2,5.092024400326759,256.5995067349649,2022.426043394534,3398
5308.0,5269,0,0,2,5.0561074018976875,257.0821787815525,2023.520337393763,3391
5309.0,5268,0,0,1,5.0267260826552045,257.5303720577069,2024.3044811264726,3420
5310.0,5266,0,0,2,4.988263503863477,258.0717812381314,2025.4185326986624,3437
5311.0,5261,0,0,5,5.030390889704996,257.12811252613574,2026.9675952143712,3264
5312.0,5260,0,0,1,5.115310136675911,256.24524714828897,2028.0533436153144,3114
5313.0,5259,0,0,1,5.238952580647573,255.67712492869367,2028.6892588205915,2998
5314.0,5257,0,0,2,5.375901036340489,255.0311964999049,2029.716218726174,2893
5315.0,5257,0,1,1,5.545776112015085,254.49058398326042,2030.0092590315473,2798
5316.0,5257,0,0,0,5.714936365825975,254.08464903937607,2030.741188928013,2726
5317.0,5257,0,0,0,5.871371447187757,253.763933802549,2031.4615377919554,2681
5318.0,5255,0,0,2,6.00977179539838,253.5904852521408,2032.2818299395265,2626
5319.0,5254,0,0,1,6.122752477133049,253.50361629234868,2032.896029630667,2594
5320.0,5252,0,0,2,6.225786894689264,253.48648134044174,2033.7456898479388,2569
5321.0,5252,0,0,0,6.308971077130838,253.41869763899467,2034.4350789107675,2554
5322.0,5251,0,0,1,6.4012605015750506,253.40087602361456,2035.2139026446084,2538
5323.0,5252,0,1,0,6.464594222408669,253.3406321401371,2035.5056819605456,2527
5324.0,5250,0,0,2,6.531602476416191,253.45219047619048,2036.031132511946,2510
5325.0,5249,0,0,1,6.581493960092633,253.4008382549057,2036.8724590239042,2495
5326.0,5248,0,0,1,6.6275930029644385,253.44455030487805,2037.4703469789074,2484
5327.0,5248,0,0,0,6.656192780792243,253.4075838414634,2038.1365675577367,2474
5328.0,5245,0,0,3,6.672347478732664,253.50886558627263,2038.7493978967275,2459
5329.0,5244,0,0,1,6.664661594056227,253.54538520213578,2039.3543249188363,2448
5330.0,5244,0,0,0,6.669089069697047,253.48226544622426,2040.0191544283257,2446
5331.0,5241,0,1,4,6.659134415437421,253.6044647967945,2040.632059818758,2442
5332.0,5240,0,0,1,6.665272008643336,253.6916030534351,2041.2797955914496,2456
5333.0,5238,0,0,2,6.6622094885236685,253.80966017563955,2042.1975218518119,2457
5334.0,5236,0,0,2,6.658625033322244,253.93506493506493,2043.1058722093608,2462
5335.0,5233,0,0,3,6.635406334314193,254.13319319701893,2044.1649287061507,2467
5336.0,5232,0,0,1,6.6369015313204605,254.15500764525993,2044.9653024306238,2467
5337.0,5232,0,1,1,6.637915466020214,254.14908256880733,2045.4425589119196,2469
5338.0,5227,0,0,5,6.622799838788664,254.36043619667112,2046.926280449247,2458
5339.0,5225,0,0,2,6.623427065162127,254.45071770334928,2047.8811917368978,2457
5340.0,5221,0,0,4,6.6028732788816615,254.68032943880482,2048.9845571376986,2460
5341.0,5217,0,0,4,6.582549771595893,254.90070921985816,2050.058652610425,2462
5342.0,5215,0,0,2,6.57255097067351,255.0262703739214,2050.893904248959,2465
5343.0,5211,0,0,4,6.543684605504153,255.293609671848,2052.1250702646666,2477
5344.0,5209,0,1,3,6.520303374749525,255.4019965444423,2052.7897803971728,2478
5345.0,5207,0,0,2,6.500467872589538,255.47340119070483,2053.5925525385483,2469
5346.0,5206,0,0,1,6.492476255912844,255.5589704187476,2054.0985672829734,2471
5347.0,5206,0,0,0,6.481129300735306,255.59642719938532,2054.7760603965066,2480
5348.0,5206,0,0,0,6.449099004253536,255.6325393776412,2055.4554270123267,2474
5349.0,5205,0,0,1,6.4053739179568305,255.75734870317004,2056.364462633314,2480
5350.0,5206,0,1,0,6.356997157617784,255.7637341529005,2056.6543620294237,2483
5351.0,5204,0,0,2,6.303262950179485,255.93966179861644,2057.6936053159916,2491
5352.0,5204,0,0,0,6.2460181597146045,256.00076863950807,2058.3859616084155,2507
5353.0,5204,0,0,0,6.185178428247417,256.141621829362,2059.0829570401884,2522
5354.0,5202,0,0,2,6.118673022283084,256.3552479815456,2059.7846245210217,2530
5355.0,5202,0,0,0,6.0463797527568905,256.5088427527874,2060.491088843633,2560
5356.0,5202,0,1,1,5.997420768286932,256.57727797001155,2060.9028715376944,2563
5357.0,5200,0,0,2,5.960507455462564,256.6715384615385,2061.5664445263888,2566
5358.0,5196,0,0,4,5.9301134120094705,256.94303310238644,2062.5236909871683,2577
5359.0,5195,0,1,2,5.909194165048553,257.08739172281037,2062.8194542301844,2594
5360.0,5195,0,1,1,5.877089021606449,257.2371511068335,2063.198047817988,2637
5361.0,5194,0,1,2,5.867158158561033,257.4961494031575,2063.575644452769,2650
5362.0,5194,0,0,0,5.8661651554335,257.6609549480169,2064.2964441228323,2683
5363.0,5192,0,1,3,5.840206619288347,257.9356702619414,2064.409016312177,2704
5364.0,5192,0,1,1,5.825932196555085,258.16024653312786,2064.878122205009,2732
5365.0,5192,0,1,1,5.799499112962003,258.3638289676425,2065.221459504777,2766
5366.0,5189,0,1,4,5.761383207175856,258.7589130853729,2065.395536497488,2791
5367.0,5189,0,0,0,5.729931843861834,258.9946039699364,2066.1258913142665,2825
5368.0,5188,0,1,2,5.68770825490251,259.2280262143408,2066.7089171204148,2829
5369.0,5189,0,1,0,5.666372434632427,259.40797841587977,2067.044533058709,2860
5370.0,5189,0,2,2,5.618679921807797,259.63037194064367,2066.970287013118,2871
5371.0,5189,0,1,1,5.589306170062501,259.90229331277703,2067.173503376534,2885
5372.0,5190,0,1,0,5.56082608777237,260.1566473988439,2067.5171845832588,2899
5373.0,5189,0,0,1,5.54039846194434,260.5359414145307,2068.3809121785625,2929
5374.0,5190,0,1,0,5.523757030933386,260.7373795761079,2068.7279669442396,2952
5375.0,5188,0,0,2,5.4793868058778035,261.1038936006168,2069.738205961764,2973
5376.0,5189,0,2,1,5.445863467883865,261.2029292734631,2069.6354146231747,2971
5377.0,5188,0,1,2,5.42173821790564,261.54067077872014,2069.7507956428362,2983
5378.0,5189,0,2,1,5.394032284023634,261.80670649450764,2069.5392488942516,3006
5379.0,5189,0,1,1,5.3744548717833425,262.10560801695897,2069.9145921990366,3016
5380.0,5190,0,1,0,5.3739216891197445,262.2888246628131,2070.2723520344566,3030
5381.0,5189,0,1,2,5.376057464722196,262.60589708999805,2070.3607421819934,3049
5382.0,5190,0,1,0,5.367680747649194,262.8447013487476,2070.7199885541113,3074
5383.0,5190,0,1,1,5.342558279868282,263.11329479768784,2071.2996940049334,3091
5384.0,5188,0,1,3,5.308469262679073,263.50963762528914,2071.38362172734,3102
5385.0,5187,0,1,2,5.280051716191639,263.84518989782146,2072.2007868746728,3121
5386.0,5187,0,1,1,5.2447841755519145,264.15905147484096,2072.400141135072,3132
5387.0,5186,0,1,2,5.211086827117126,264.4971075973776,2072.922747346473,3145
5388.0,5183,0,0,3,5.170870054463159,264.9598688018522,2074.4754830515312,3179
5389.0,5182,0,1,2,5.122854912806254,265.3581628714782,2074.9096048928914,3194
5390.0,5182,0,1,1,5.086085662164381,265.7199922809726,2075.5108989493774,3216
5391.0,5180,0,1,3,5.0446299883829075,266.16698841698843,2076.3209769098676,3230
5392.0,5178,0,1,3,5.010548006940587,266.6259173426033,2076.928046052743,3245
5393.0,5177,0,1,2,4.984598114260228,267.02144098898975,2077.5218119646406,3246
5394.0,5176,0,0,1,4.974366104629951,267.4331530139103,2078.6146177330133,3245
5395.0,5176,0,1,1,4.949413745590123,267.7353168469861,2079.123327525812,3253
5396.0,5174,0,0,2,4.929724560179509,268.2040974101276,2080.4300468294336,3264
5397.0,5173,0,1,2,4.89904340973638,268.7133191571622,2080.808841253426,3311
5398.0,5172,0,0,1,4.867146496361678,269.1569992266048,2081.7529306924876,3311
5399.0,5170,0,0,2,4.836645654463504,269.7154738878143,2082.971763455943,3334
5400.0,5170,0,2,2,4.796629581033794,270.1222437137331,2082.9179313563222,3346
5401.0,5169,0,0,1,4.8367260138407335,268.9887792609789,2083.958010964272,3164
5402.0,5167,0,0,2,4.922230582794173,268.27656280239984,2084.719076843513,3032
5403.0,5165,0,0,2,5.047652255451181,267.70706679574056,2085.6540345650733,2915
5404.0,5165,0,1,1,5.210234616719263,267.0193610842207,2086.150390264799,2796
5405.0,5164,0,1,2,5.379423281941819,266.6169635941131,2086.928132955095,2719
5406.0,5165,0,1,0,5.556960798871463,266.2387221684414,2087.260063893259,2668
5407.0,5163,0,0,2,5.732058060679254,266.0652721286074,2088.3304928216967,2608
5408.0,5163,0,1,1,5.882848638026337,265.88417586674416,2088.7780566800643,2572
5409.0,5164,0,1,0,6.026276896922303,265.6982958946553,2089.076927732241,2547
5410.0,5163,0,1,2,6.158663782039046,265.4729808251017,2089.5441406473105,2507
5411.0,5163,0,0,0,6.2588235362942095,265.2467557621538,2090.2326160384614,2474
5412.0,5164,0,2,1,6.35143489553782,265.1301316808675,2090.276850102207,2462
5413.0,5163,0,0,1,6.402863084259077,265.17451094325,2091.135402345857,2448
5414.0,5162,0,0,1,6.460133445293304,265.1015110422317,2091.789228891878,2443
5415.0,5162,0,1,1,6.5042476287351345,264.94866330879506,2092.1581980130863,2425
5416.0,5163,0,1,0,6.540420564963044,264.67944993220993,2092.421409329912,2413
5417.0,5164,0,1,0,6.558800558424864,264.5590627420604,2092.683440797499,2405
5418.0,5164,0,1,1,6.57036724504123,264.48780015491866,2092.632482075351,2402
5419.0,5162,0,0,2,6.574250163480851,264.5273149941883,2093.6228619245394,2393
5420.0,5161,0,1,2,6.56573469829779,264.54039914745204,2094.353959368539,2395
5421.0,5160,0,0,1,6.556145641221635,264.609496124031,2095.2613891740275,2398
5422.0,5158,0,1,3,6.5544485727843425,264.75513765025204,2095.616073533334,2397
5423.0,5158,0,1,1,6.551028947062764,264.783055447848,2095.8892153239785,2405
5424.0,5157,0,0,1,6.554853225957901,264.8380841574559,2096.8008611538958,2384
5425.0,5157,0,1,1,6.5656122302767335,264.7965871630793,2097.109663391935,2376
5426.0,5155,0,0,2,6.5603512178959456,264.94258001939863,2097.7854315323025,2376
5427.0,5158,0,3,0,6.558496460962565,264.84257464133384,2097.232511548332,2401
5428.0,5157,0,0,1,6.559997987848238,264.919914679077,2097.951569436836,2406
5429.0,5154,0,0,3,6.5441305865672845,265.0719829258828,2099.215650179347,2420
5430.0,5154,0,0,0,6.540866202742811,265.1575475358944,2099.8852178955103,2435
5431.0,5154,0,1,1,6.51858963374729,265.2512611563834,2100.3297739320356,2435
5432.0,5154,0,0,0,6.507262161286346,265.36554132712456,2101.001945561179,2454
5433.0,5153,0,1,2,6.477672977684948,265.53172908985056,2101.8500930396312,2471
5434.0,5154,0,2,1,6.454205911128179,265.4982537834691,2101.5923977237035,2464
5435.0,5154,0,1,1,6.430374964857159,265.55374466433835,2102.10219175298,2488
5436.0,5154,0,1,1,6.399206331917298,265.6299961195188,2102.325189286394,2506
5437.0,5155,0,1,0,6.364255353089211,265.79010669253154,2102.599514273695,2533
5438.0,5154,0,0,1,6.318404562936181,265.9932091579356,2103.0212335489055,2548
5439.0,5154,0,1,1,6.278678804963493,266.16589057043075,2103.6201714870763,2575
5440.0,5152,0,1,3,6.217424542114499,266.47573757763973,2103.888422759783,2601
5441.0,5153,0,1,0,6.180964809148579,266.67591694158745,2104.1751451620635,2627
5442.0,5153,0,1,1,6.134374761452171,266.92043469823403,2104.412859989189,2668
5443.0,5152,0,0,1,6.091903228424386,267.2005046583851,2104.9940066992117,2684
5444.0,5153,0,1,0,6.0483819296238135,267.3625072773142,2105.291372970779,2712
5445.0,5148,0,0,5,5.982954368018827,267.7876845376845,2106.7611102530377,2723
5446.0,5146,0,1,3,5.927319542997242,267.9854255732608,2107.2023699913448,2730
5447.0,5147,0,1,0,5.877009941085321,268.06178356324074,2107.50974011461,2742
5448.0,5144,0,0,3,5.828982323150172,268.3882192846034,2108.3061838850685,2775
5449.0,5143,0,1,2,5.7843587528895855,268.57437293408515,2108.498925912627,2781
5450.0,5142,0,1,2,5.749510550137009,268.80202255931545,2109.012930639917,2794
5451.0,5141,0,0,1,5.720071989734969,269.11398560591323,2109.6167640525064,2820
5452.0,5139,0,0,2,5.686721009265145,269.30180969060126,2110.723084973849,2850
5453.0,5140,0,1,0,5.6571553119295945,269.36887159533075,2111.044392211826,2858
5454.0,5137,0,1,4,5.610239456827545,269.6628382324314,2111.8173660854213,2894
5455.0,5137,0,1,1,5.584488034872795,269.7387580299786,2112.3676698118384,2899
5456.0,5136,0,0,1,5.570731518289983,270.00681464174454,2113.342493324303,2932
5457.0,5134,0,0,2,5.519433197501262,270.2890533696922,2114.150289661974,2955
5458.0,5135,0,2,1,5.4882323706959495,270.44225900681596,2113.778312120695,2968
5459.0,5135,0,0,0,5.451063540024652,270.49055501460566,2114.523968553059,2977
5460.0,5135,0,0,0,5.404402278690213,270.8212268743914,2115.2732527815265,3010
5461.0,5137,0,2,0,5.361440243836533,270.97858672376873,2115.200776350455,3030
5462.0,5138,0,1,0,5.309593141664712,271.183339820942,2115.544057773545,3041
5463.0,5138,0,1,1,5.26919837258642,271.4684702218762,2116.0341193594563,3083
5464.0,5137,0,0,1,5.2313937075448,271.8376484329375,2116.6192031475694,3110
5465.0,5137,0,1,1,5.189792044175611,272.1428849523068,2117.0974461281203,3135
5466.0,5138,0,1,0,5.160760845075712,272.3760217983651,2117.4495024298517,3151
5467.0,5138,0,0,0,5.1252820964821755,272.68450759050216,2118.2156702922666,3172
5468.0,5137,0,0,1,5.108319655536816,273.04010122639676,2119.0180402114033,3181
5469.0,5138,0,1,0,5.085113136485657,273.366679641884,2119.374527098734,3195
5470.0,5138,0,0,0,5.066235193365759,273.69462826002336,2120.1448240828176,3214
5471.0,5139,0,1,0,5.04762900460511,273.9832652266978,2120.504160811648,3244
5472.0,5141,0,2,0,5.024036986616188,274.25267457693053,2120.4528553493406,3255
5473.0,5140,0,0,1,4.993099020305606,274.59474708171206,2121.162842885517,3264
5474.0,5138,0,0,2,4.961977941509802,275.08291163876993,2122.553463140371,3299
5475.0,5140,0,2,0,4.942137819542683,275.4140077821012,2122.5065432673473,3316
5476.0,5139,0,1,2,4.919821386391653,275.94006616073165,2123.173372438971,3336
5477.0,5140,0,1,0,4.909553372857712,276.3490272373541,2123.5414641713537,3353
5478.0,5137,0,0,3,4.888912824419625,276.8882616313023,2124.3533586740386,3353
5479.0,5138,0,1,0,4.871272929132213,277.19891008174386,2124.7240620276402,3371
5480.0,5139,0,1,0,4.8471304986323,277.591554777194,2125.0966737670974,3390
5481.0,5137,0,0,2,4.819713377749212,278.15125559665177,2125.999229396983,3412
5482.0,5137,0,1,1,4.802688803307197,278.5799104535721,2126.2969406622474,3418
5483.0,5135,0,0,2,4.774937769002684,279.1271665043817,2127.091383614541,3437
5484.0,5133,0,0,2,4.747661363316967,279.6327683615819,2128.2661662480627,3453
5485.0,5134,0,1,0,4.737480646639695,279.99883132060774,2128.646439942462,3460
5486.0,5134,0,1,1,4.719537057256521,280.42384105960264,2129.2047810223953,3477
5487.0,5134,0,1,1,4.701607830502308,280.81476431632257,2129.9197115297166,3484
5488.0,5133,0,0,1,4.688179934603299,281.29768166764075,2130.9765669185294,3488
5489.0,5134,0,1,0,4.66789729697941,281.7128944292949,2131.3605410035834,3500
5490.0,5133,0,0,1,4.6439559238634045,282.243327488798,2132.168204694117,3527
5491.0,5134,0,1,0,4.709681974888262,280.968640436307,2132.548101567529,3346
5492.0,5133,0,0,1,4.812495421336663,280.2289109682447,2133.540467957454,3202
5493.0,5132,0,1,2,4.94351988362498,279.4729150428683,2133.9923313072936,3067
5494.0,5132,0,0,0,5.088435127605989,278.8834762275916,2134.759755434559,2959
5495.0,5132,0,1,1,5.25795265886595,278.4279033515199,2135.2082378517675,2883
5496.0,5131,0,0,1,5.43884450523843,278.1089456246346,2135.6122196391457,2810
5497.0,5130,0,0,1,5.606257035135044,277.8598440545809,2136.422906958585,2760
5498.0,5129,0,0,1,5.763090709980396,277.3618639110938,2137.338125094658,2701
5499.0,5127,0,0,2,5.900711587043154,277.1377023600546,2137.904664175388,2659
5500.0,5127,0,1,1,6.011344717342919,276.9243222157207,2138.0241075848967,2629
5501.0,5126,0,1,2,6.09872696090723,276.88333983612955,2138.519590584241,2608
5502.0,5126,0,0,0,6.182766597812509,276.7387826765509,2139.2107372566634,2583
5503.0,5124,0,0,2,6.244210837470008,276.8192818110851,2140.2685000024194,2573
5504.0,5124,0,0,0,6.302242620209945,276.69379391100705,2140.9509686692063,2553
5505.0,5122,0,0,2,6.347970638869342,276.6147989066771,2141.9832533265167,2531
5506.0,5123,0,1,0,6.3928585191392795,276.39488580909625,2142.240559631307,2509
5507.0,5121,0,0,2,6.410706940001209,276.35481351298574,2143.17375090062,2490
5508.0,5121,0,0,0,6.428815382774858,276.2050380785003,2143.8468187216736,2473
5509.0,5121,0,0,0,6.444855252352243,276.07713337238823,2144.5189730372417,2469
5510.0,5121,0,0,0,6.450569080996542,275.97207576645184,2145.1912415675556,2464
5511.0,5121,0,1,1,6.451252837839894,275.9420035149385,2145.5623842783953,2462
5512.0,5121,0,0,0,6.464915953783693,275.8625268502246,2146.2335123658117,2472
5513.0,5120,0,0,1,6.451748618825732,275.9044921875,2147.2277010623434,2482
5514.0,5119,0,0,1,6.445732327132509,275.8931431920297,2147.9718499096593,2475
5515.0,5118,0,0,1,6.452389757716456,275.8913638139898,2148.529653139065,2480
5516.0,5119,0,1,0,6.454127801477436,275.6700527446767,2148.7821745545775,2475
5517.0,5118,0,0,1,6.459902262678034,275.5574443141852,2149.642175522967,2467
5518.0,5118,0,0,0,6.451432810751616,275.3221961703791,2150.3154492928215,2465
5519.0,5116,0,0,2,6.446013510872383,275.3864347146208,2151.398564318351,2480
5520.0,5116,0,1,1,6.439780693864574,275.27795152462863,2151.5432197566843,2488
5521.0,5116,0,0,0,6.439374283658116,275.1853010164191,2152.2185433113555,2476
5522.0,5116,0,0,0,6.442554853025056,275.1682955433933,2152.8946195208696,2491
5523.0,5116,0,0,0,6.427013994962351,275.14757623143083,2153.571711333884,2502
5524.0,5115,0,0,1,6.4056655083402205,275.18670576735093,2154.312949098367,2511
5525.0,5114,0,0,1,6.393874938089708,275.3249902229175,2154.5459667830232,2510
5526.0,5114,0,0,0,6.388956529014176,275.3455220962065,2155.227687812433,2506
5527.0,5113,0,0,1,6.382139427994659,275.4465088988852,2155.7804867969235,2522
5528.0,5112,0,0,1,6.361680829483776,275.5995696400626,2156.7927171113292,2524
5529.0,5112,0,0,0,6.328158015896939,275.5858763693271,2157.479083665603,2549
5530.0,5111,0,0,1,6.289450915417983,275.7020152612013,2158.4528568439055,2558
5531.0,5110,0,0,1,6.247244416695444,275.87240704500977,2159.2237125996526,2567
5532.0,5109,0,0,1,6.194410926834041,276.0808377373263,2160.1953635966884,2576
5533.0,5108,0,0,1,6.143422093164038,276.2787783868442,2161.181045816494,2584
5534.0,5107,0,0,1,6.079858668815911,276.55844918738984,2161.7908150700314,2616
5535.0,5105,0,0,2,6.0304354636685655,276.84466209598435,2163.0697507043806,2643
5536.0,5103,0,1,3,5.983629272441402,276.981383499902,2163.307084824125,2636
5537.0,5103,0,0,0,5.950297392493722,277.0421320791691,2164.0198645460227,2637
5538.0,5101,0,0,2,5.919302439349406,277.2452460301902,2164.8663151274604,2649
5539.0,5100,0,0,1,5.877141578489607,277.44666666666666,2165.912306482006,2671
5540.0,5099,0,1,2,5.845232280171536,277.62365169641106,2166.4418348773415,2691
5541.0,5099,0,0,0,5.809112123719376,277.79525397136695,2167.164928213786,2709
5542.0,5098,0,0,1,5.775942315262267,278.01647704982344,2168.1825501714115,2735
5543.0,5096,0,1,3,5.740603105808948,278.26962323390893,2168.265450088216,2763
5544.0,5093,0,1,4,5.70696765152858,278.5678382093069,2169.070981230194,2788
5545.0,5093,0,0,0,5.683462047854518,278.77027292362067,2169.8020415028227,2805
5546.0,5090,0,1,4,5.642354193323045,279.2123772102161,2170.4435393658987,2826
5547.0,5088,0,1,3,5.614864152684271,279.5489386792453,2170.9560212580172,2849
5548.0,5089,0,1,0,5.564573804783269,279.6883474159953,2171.2690245810495,2859
5549.0,5087,0,0,2,5.532482547472014,280.0070768625909,2172.0001140130666,2882
5550.0,5086,0,1,2,5.494528457710016,280.2701533621707,2172.4382014294893,2907
5551.0,5087,0,2,1,5.457578112053307,280.40102221348536,2172.326425989689,2910
5552.0,5087,0,0,0,5.424753939785237,280.6461568704541,2173.074386906053,2929
5553.0,5088,0,2,1,5.390956148484979,280.8193789308176,2173.1165526273085,2942
5554.0,5087,0,0,1,5.360323029950597,281.11814428936503,2174.0820333908887,2966
5555.0,5087,0,0,0,5.328101786870464,281.3864753292707,2174.834811798881,2983
5556.0,5088,0,1,0,5.313494388482658,281.54264937106916,2175.1613367135665,2987
5557.0,5088,0,1,1,5.2856162614523825,281.77515723270443,2175.673444823094,3007
5558.0,5088,0,0,0,5.253140862005995,282.04245283018867,2176.4312771524797,3031
5559.0,5088,0,1,1,5.220136836702458,282.312893081761,2176.974346880448,3042
5560.0,5087,0,0,1,5.197709318032492,282.6909770001966,2177.9661574220795,3077
5561.0,5085,0,0,2,5.174125309565401,283.10796460176994,2178.787321131668,3094
5562.0,5085,0,0,0,5.1547700441677184,283.414552605703,2179.553348729721,3116
5563.0,5083,0,0,2,5.1314256756354615,283.86248278575647,2180.4418531857427,3129
5564.0,5082,0,0,1,5.106010061941147,284.24773711137345,2181.176240408233,3150
5565.0,5081,0,0,1,5.077146609682891,284.65085613068294,2182.2680026287053,3164
5566.0,5083,0,2,0,5.045654066855806,284.8457603777297,2182.184389630329,3178
5567.0,5082,0,0,1,5.020609478047756,285.26229830775287,2183.2930003605748,3192
5568.0,5079,0,0,3,4.988110743903093,285.75014766686354,2184.3398897134134,3217
5569.0,5079,0,0,0,4.9647055611044975,286.0886001181335,2185.121265301612,3218
5570.0,5076,0,0,3,4.926204407955145,286.66509062253743,2186.4038859099305,3253
5571.0,5076,0,0,0,4.907479657086179,287.0786052009456,2187.1896662718736,3266
5572.0,5074,0,0,2,4.889696510388188,287.56444619629485,2188.5927117722104,3290
5573.0,5073,0,0,1,4.865235037149708,288.0697811945594,2189.702784013501,3313
5574.0,5070,0,0,3,4.828762853678592,288.69704142011835,2191.1649823130983,3332
5575.0,5067,0,0,3,4.812680550378499,289.27787645549637,2192.1648118943867,3351
5576.0,5066,0,0,1,4.788356569407956,289.85945519147253,2193.164782050711,3370
5577.0,5065,0,0,1,4.760792174514297,290.3676209279368,2194.2161848933083,3391
5578.0,5066,0,1,0,4.7350046950289,290.78918278720886,2194.5813037643147,3412
5579.0,5065,0,0,1,4.698018822434325,291.28509378084897,2195.6636715652007,3431
5580.0,5064,0,0,1,4.667553099605655,291.78771721958924,2196.447938626279,3449
5581.0,5063,0,1,2,4.72376764397113,290.57100533280664,2197.0541178633043,3260
5582.0,5061,0,0,2,4.830039567916011,289.85121517486664,2198.3253772590215,3109
5583.0,5061,0,0,0,4.973943265475483,289.17684252124087,2199.107082103981,3000
5584.0,5060,0,0,1,5.145345082454902,288.7083003952569,2200.146788216906,2892
5585.0,5058,0,0,2,5.330296374897254,288.45432977461445,2201.130884042483,2819
5586.0,5058,0,0,0,5.517639166722624,288.0769078687228,2201.874192094511,2763
5587.0,5058,0,1,1,5.700755232861953,287.86674574930805,2202.1451971592096,2694
5588.0,5057,0,0,1,5.853013502156448,287.68301364445324,2203.0791893969654,2654
5589.0,5057,0,0,0,5.99183393239333,287.50168083844176,2203.789630594797,2616
5590.0,5057,0,0,0,6.117638618367719,287.19774569903103,2204.4917148929107,2572
5591.0,5054,0,0,3,6.218890199393415,287.2649386624456,2205.4626141774406,2556
5592.0,5053,0,0,1,6.3021585151975845,287.2782505442311,2206.192300282325,2545
5593.0,5053,0,1,1,6.370596703342632,287.26974074807043,2206.3475125727646,2540
5594.0,5052,0,0,1,6.442405412251715,287.32185273159143,2207.1165528335564,2522
5595.0,5053,0,1,0,6.500804003978311,287.25054423114983,2207.355087017704,2526
5596.0,5051,0,0,2,6.539550262782608,287.3957632152049,2208.5457963921003,2504
5597.0,5050,0,0,1,6.565910050013604,287.4839603960396,2209.3832815466994,2494
5598.0,5050,0,0,0,6.589842493473071,287.5071287128713,2210.051625431449,2485
5599.0,5050,0,0,0,6.616398576657003,287.4730693069307,2210.7178590386743,2462
5600.0,5049,0,0,1,6.628316764341013,287.4592988710636,2211.236114087188,2431
5601.0,5049,0,0,0,6.645618407761902,287.4337492572787,2211.9002590834407,2421
5602.0,5050,0,1,0,6.654658613559697,287.4043564356436,2212.1260245968924,2408
5603.0,5050,0,0,0,6.649472760143182,287.4223762376238,2212.7901410440654,2381
5604.0,5050,0,0,0,6.649292669881514,287.4411881188119,2213.4543322419163,2368
5605.0,5049,0,0,1,6.641842211652822,287.47514359279063,2214.0839739394487,2352
5606.0,5049,0,0,0,6.647247132356926,287.4949494949495,2214.7489306157117,2343
5607.0,5048,0,0,1,6.633801917694229,287.4629556259905,2215.5080370122414,2334
5608.0,5048,0,0,0,6.6252891700389585,287.47840729001587,2216.173777626701,2320
5609.0,5047,0,1,2,6.6056804753008285,287.5183277194373,2216.5906510658783,2337
5610.0,5045,0,0,2,6.579444217074112,287.7577799801784,2217.139725986463,2364
5611.0,5045,0,0,0,6.556913109987135,287.86838453914766,2217.809604256497,2375
5612.0,5045,0,0,0,6.5309838554564905,287.97581764122896,2218.481361333934,2373
5613.0,5044,0,0,1,6.518331907417703,288.0923869944489,2219.4979806144333,2363
5614.0,5043,0,0,1,6.510626564249949,288.18560380725756,2220.499192086169,2379
5615.0,5043,0,0,0,6.482371500242398,288.2040452111838,2221.1750149091918,2387
5616.0,5041,0,0,2,6.464690454336674,288.35568339615156,2222.1119016928333,2386
5617.0,5040,0,0,1,6.451808204991977,288.4640873015873,2222.91483714027,2415
5618.0,5039,0,1,2,6.42110755649225,288.59099027584836,2223.3275705729648,2428
5619.0,5040,0,1,0,6.376267871826556,288.6031746031746,2223.570532138295,2428
5620.0,5040,0,0,0,6.326265692581466,288.747619047619,2224.2587652769043,2441
5621.0,5039,0,0,1,6.273732503217167,288.9104981147053,2225.0430243767423,2442
5622.0,5039,0,0,0,6.22325337821918,289.0535820599325,2225.7386727186217,2460
5623.0,5039,0,0,0,6.183435250521857,289.17523318118674,2226.437593129845,2478
5624.0,5038,0,0,1,6.145812043453154,289.36740770146884,2227.218803477509,2518
5625.0,5036,0,0,2,6.102791092978291,289.61119936457504,2228.1639465838466,2535
5626.0,5038,0,2,0,6.0544926009856095,289.56272330289795,2227.986765072049,2551
5627.0,5036,0,0,2,6.015605326784011,289.7976568705322,2228.6300468512904,2565
5628.0,5034,0,0,2,5.983624229667792,290.0383392928089,2229.6990474765726,2594
5629.0,5031,0,1,4,5.943285616729806,290.2935798052077,2229.505178970631,2610
5630.0,5030,0,0,1,5.911922641703862,290.5469184890656,2229.9389458210894,2639
5631.0,5031,0,2,1,5.881208167266706,290.62711190618165,2230.0629998757486,2646
5632.0,5031,0,2,2,5.83799508197089,290.7461737229179,2229.7376993729995,2664
5633.0,5030,0,0,1,5.810965609529944,290.8087475149105,2230.562624788492,2678
5634.0,5030,0,1,1,5.779461757556033,291.0133200795229,2230.78638088751,2700
5635.0,5031,0,2,1,5.739586848819785,291.1896243291592,2230.5501424867034,2742
5636.0,5033,0,2,0,5.697979941299719,291.3212795549374,2230.395744282654,2771
5637.0,5031,0,0,2,5.662763524295822,291.71258199165175,2231.5451496456085,2793
5638.0,5031,0,2,2,5.621667257957843,291.9252633671238,2231.764383935475,2809
5639.0,5032,0,1,0,5.581548078887033,292.1102941176471,2232.060513404073,2837
5640.0,5032,0,1,1,5.545447144032007,292.35174880763117,2232.047506534183,2859
5641.0,5032,0,2,2,5.494788204753692,292.59558823529414,2231.9490558260536,2876
5642.0,5030,0,0,2,5.449035807973438,292.90775347912523,2232.2171782110318,2904
5643.0,5033,0,3,0,5.407055602407314,293.0598052851182,2231.636818601909,2929
5644.0,5034,0,1,0,5.371979335924511,293.25645609853,2231.946467429143,2959
5645.0,5034,0,1,1,5.336442261554135,293.5558204211363,2232.275031958605,2961
5646.0,5035,0,2,1,5.299720141921387,293.76425024826216,2232.3483327043386,2989
5647.0,5035,0,1,1,5.2610054151097865,294.0695134061569,2232.6306015527175,3024
5648.0,5037,0,2,0,5.233621568504637,294.23089140361327,2232.5048978010295,3029
5649.0,5037,0,0,0,5.216676047872872,294.5507246376812,2233.2678165703865,3042
5650.0,5037,0,0,0,5.1918674848664175,294.8669843160611,2234.0328516727727,3051
5651.0,5040,0,3,0,5.153470048438315,295.0160714285714,2233.4696131473916,3068
5652.0,5039,0,0,1,5.118866822218993,295.3588013494741,2234.42780287625,3085
5653.0,5038,0,0,1,5.0766955397685205,295.74215958713773,2235.1532795083754,3081
5654.0,5039,0,1,0,5.044615564699121,296.0244096050804,2235.4841117678125,3100
5655.0,5039,0,0,0,5.011801665204407,296.3776542964874,2236.2605269027126,3134
5656.0,5039,0,1,1,4.9849515840218865,296.7051002182973,2236.5472721056713,3157
5657.0,5039,0,1,1,4.961608403148964,297.0230204405636,2236.7251406305604,3189
5658.0,5040,0,2,1,4.936182022528385,297.35277777777776,2236.600890234895,3210
5659.0,5039,0,1,2,4.882814432160078,297.77376463584045,2236.9533839466903,3229
5660.0,5039,0,0,0,4.849328049131421,298.1821790037706,2237.7407215299727,3247
5661.0,5037,0,0,2,4.817663558951715,298.7210641254715,2238.7910537620405,3258
5662.0,5037,0,0,0,4.77888801919614,299.10760373238037,2239.5822031983434,3267
5663.0,5036,0,0,1,4.7298790804201545,299.5971008737093,2240.1955915797826,3283
5664.0,5036,0,1,1,4.694665570763881,299.9928514694202,2240.5933433361697,3317
5665.0,5036,0,0,0,4.654195803157379,300.4825258141382,2241.3925353008017,3349
5666.0,5035,0,0,1,4.631272654047252,300.9978152929493,2242.3575938421654,3368
5667.0,5034,0,0,1,4.601428003082265,301.5578069129917,2243.2711806432294,3411
5668.0,5033,0,0,1,4.5749277855351895,302.13014106894497,2244.1087337201534,3439
5669.0,5034,0,1,0,4.551707120775575,302.54390147000396,2244.4688188759205,3437
5670.0,5033,0,0,1,4.522919884321898,303.1233856546791,2245.4727301198336,3468
5671.0,5031,0,0,2,4.567549938056145,301.9952295766249,2246.6466722917307,3276
5672.0,5031,0,0,0,4.686789191438104,301.0367720135162,2247.4421578961887,3127
5673.0,5031,0,0,0,4.842511057002962,300.2830451202544,2248.2272643648053,3009
5674.0,5031,0,0,0,5.016025187270528,299.62552176505665,2249.000688289597,2907
5675.0,5031,0,0,0,5.194603472043512,299.1677598886901,2249.7616781848665,2848
5676.0,5031,0,0,0,5.38980482861672,298.6706420194792,2250.509659499131,2744
5677.0,5031,0,1,1,5.583091813698834,298.1693500298151,2250.667267647315,2686
5678.0,5030,0,0,1,5.759135917503181,297.7431411530815,2251.5196318129265,2637
5679.0,5030,0,0,0,5.9068324628932,297.3831013916501,2252.233441389905,2586
5680.0,5030,0,0,0,6.049034544237862,297.0278330019881,2252.9368980979975,2525
5681.0,5030,0,0,0,6.182126280149994,296.82763419483103,2253.63185285566,2478
5682.0,5030,0,0,0,6.296001358784292,296.71530815109344,2254.3187432765535,2453
5683.0,5028,0,0,2,6.384163476253099,296.72871917263325,2255.4081300822954,2438
5684.0,5028,0,0,0,6.465268688021929,296.60540970564836,2256.0832717037492,2426
5685.0,5027,0,0,1,6.541648789053173,296.636164710563,2256.886025425438,2413
5686.0,5024,0,0,3,6.598556018077581,296.7304936305732,2257.916113963938,2400
5687.0,5024,0,0,0,6.640365121519468,296.6837181528662,2258.5797399083563,2389
5688.0,5022,0,0,2,6.661048404898549,296.76463560334525,2259.383323284266,2362
5689.0,5022,0,0,0,6.675790658654443,296.7389486260454,2260.0450281123153,2373
5690.0,5021,0,0,1,6.693037618734156,296.8370842461661,2260.929241445442,2367
5691.0,5019,0,0,2,6.703589704145675,296.9448097230524,2261.557679619142,2365
5692.0,5017,0,0,2,6.71936551911398,297.09886386286627,2262.4806849136435,2348
5693.0,5017,0,0,0,6.7169004365189595,297.118995415587,2263.14049167021,2353
5694.0,5016,0,0,1,6.705543991067701,297.2946570972887,2263.9867654552995,2360
5695.0,5014,0,0,2,6.69163839916842,297.44734742720385,2264.762313473413,2360
5696.0,5014,0,0,0,6.684231388059056,297.44734742720385,2265.424718703024,2371
5697.0,5012,0,0,2,6.658082135362225,297.53172386272945,2266.3365075830366,2374
5698.0,5012,0,0,0,6.641294519881972,297.5387071029529,2267.002025831891,2369
5699.0,5010,0,0,2,6.644485560763304,297.7167664670659,2268.0609925074205,2387
5700.0,5009,0,0,1,6.632563011538921,297.7931722898782,2268.6499876259522,2389
5701.0,5008,0,1,2,6.620846235365076,297.7743610223642,2268.808943908346,2370
5702.0,5007,0,0,1,6.599811885577534,297.8835630117835,2269.724454037912,2382
5703.0,5006,0,0,1,6.57939332340059,297.93507790651216,2270.336704197253,2385
5704.0,5006,0,0,0,6.561470237202079,297.96624051138633,2271.0104388803225,2407
5705.0,5004,0,0,2,6.541327969617944,298.08233413269386,2272.0337469118426,2417
5706.0,5003,0,0,1,6.530154847838655,298.08255046971817,2272.8429893492084,2416
5707.0,5002,0,0,1,6.496216377524468,298.0855657736905,2273.773113754579,2415
5708.0,5002,0,0,0,6.465421779432979,298.1283486605358,2274.455248373374,2443
5709.0,5001,0,0,1,6.433819335561071,298.2721455708858,2275.4332526249646,2455
5710.0,5000,0,0,1,6.408465987499154,298.4406,2276.276477904537,2469
5711.0,4999,0,0,1,6.378919516862738,298.6191238247649,2277.2899084308015,2485
5712.0,4997,0,0,2,6.343107551026407,298.7966780068041,2278.0717668926955,2493
5713.0,4998,0,2,1,6.29964687884854,298.84033613445376,2277.9234404368613,2506
5714.0,4997,0,0,1,6.253176485574226,299.0042025215129,2278.572217571145,2535
5715.0,4995,0,0,2,6.179151543669835,299.22102102102104,2279.607628782172,2547
5716.0,4993,0,1,3,6.114895446184801,299.35569797716806,2279.822819110028,2553
5717.0,4992,0,1,2,6.072953296485343,299.4607371794872,2280.2141265190176,2555
5718.0,4990,0,0,2,6.042727084464042,299.68677354709416,2281.0223659214016,2586
5719.0,4989,0,1,2,6.006025700423298,299.82742032471435,2281.1738864682384,2612
5720.0,4990,0,3,2,5.970658443811672,299.9058116232465,2280.8865497346646,2631
5721.0,4988,0,0,2,5.941185418065471,300.1483560545309,2282.030729640989,2664
5722.0,4987,0,2,3,5.931394743063195,300.31241227190696,2282.361371646232,2674
5723.0,4984,0,1,4,5.916804760406856,300.65930979133225,2282.9617192303053,2695
5724.0,4986,0,3,1,5.900299715023055,300.6909346169274,2282.234801886321,2723
5725.0,4984,0,0,2,5.867034034849918,300.99197431781704,2283.5476588677175,2738
5726.0,4983,0,2,3,5.827606121599604,301.2508528998595,2283.5182414194037,2768
5727.0,4982,0,0,1,5.789564875650343,301.56021678040946,2284.2039304987934,2782
5728.0,4984,0,3,1,5.7497560922044,301.7451845906902,2283.5000360243866,2827
5729.0,4984,0,0,0,5.718272496778052,302.05176565008026,2284.2369035292945,2841
5730.0,4985,0,2,1,5.676229559682539,302.31394182547643,2284.3107518792513,2880
5731.0,4986,0,2,1,5.627188156608062,302.515443241075,2284.2801826165623,2903
5732.0,4984,0,0,2,5.580200218263395,302.9674959871589,2285.4336520317006,2935
5733.0,4985,0,1,0,5.536337043930222,303.0541624874624,2285.7251743257298,2938
5734.0,4982,0,0,3,5.486180705199179,303.5090325170614,2287.1434406484204,2963
5735.0,4983,0,1,0,5.459352398153793,303.6791089704997,2287.4392401185255,2980
5736.0,4984,0,2,1,5.428042552250558,303.88723916532905,2287.084528594407,2991
5737.0,4985,0,1,0,5.411855765724366,304.1285857572718,2287.384052231513,3013
5738.0,4985,0,1,1,5.387449519364345,304.3520561685055,2287.560166107139,3043
5739.0,4985,0,1,1,5.349446894292078,304.66880641925775,2287.7958396291215,3065
5740.0,4985,0,0,0,5.3225595710309745,304.9568706118355,2288.560912560412,3082
5741.0,4987,0,2,0,5.2878474724236115,305.02646881892923,2288.4096463316314,3094
5742.0,4987,0,1,1,5.255987341820173,305.39382394224987,2288.8715744304486,3127
5743.0,4986,0,1,2,5.228593217359397,305.77537103890893,2289.236594551341,3127
5744.0,4985,0,0,1,5.198028939130698,306.1889669007021,2290.1522227037626,3147
5745.0,4985,0,1,1,5.169283971263245,306.51815446339015,2290.455321582319,3173
5746.0,4986,0,1,0,5.14133736444355,306.838146811071,2290.7723497437346,3191
5747.0,4985,0,1,2,5.11607065117992,307.29227683049146,2290.6009058297054,3212
5748.0,4985,0,1,1,5.076748080426108,307.63931795386156,2290.9276330971943,3216
5749.0,4983,0,0,2,5.043870319030143,308.1402769416014,2291.565647955943,3241
5750.0,4982,0,0,1,5.022479919227785,308.4929747089522,2292.3489788288102,3232
5751.0,4985,0,3,0,5.003385965594178,308.69187562688063,2291.754566187437,3243
5752.0,4985,0,0,0,4.9811838067114,309.0605817452357,2292.5421102022738,3259
5753.0,4985,0,1,1,4.966168066599426,309.5183550651956,2293.043338301667,3281
5754.0,4986,0,1,0,4.95443883106424,309.90272763738466,2293.372509626452,3278
5755.0,4988,0,2,0,4.9522804280788,310.23275862068965,2293.24291099265,3295
5756.0,4987,0,0,1,4.938378538827707,310.80970523360736,2294.4294250084035,3316
5757.0,4986,0,1,2,4.91334320796016,311.3439630966707,2294.738044173261,3326
5758.0,4987,0,1,0,4.913857850920169,311.7431321435733,2295.0707169135117,3344
5759.0,4985,0,1,3,4.889403645451553,312.3480441323972,2295.6124434699686,3353
5760.0,4985,0,1,1,4.879343265764509,312.8407221664995,2295.8165685034946,3359
5761.0,4985,0,0,0,4.942229929374371,311.6016048144433,2296.6078400744545,3164
5762.0,4984,0,0,1,5.05049413970746,310.7092696629214,2297.5853232711256,3023
5763.0,4984,0,0,0,5.184436047293944,309.9831460674157,2298.3588146103475,2916
5764.0,4983,0,0,1,5.334269553024052,309.4784266506121,2299.2922876359785,2820
5765.0,4984,0,1,0,5.504763470938585,308.9498394863563,2299.5807531687865,2742
5766.0,4983,0,0,1,5.690443962246738,308.61709813365445,2300.4295418592565,2673
5767.0,4982,0,0,1,5.873576488392656,308.3528703331995,2301.046891639709,2610
5768.0,4982,0,0,0,6.038484462197479,308.0853071055801,2301.760421354377,2574
5769.0,4981,0,0,1,6.166272168574944,307.92652077896,2302.4176948746676,2536
5770.0,4981,0,0,0,6.276745022138559,307.64384661714513,2303.1146324678343,2490
5771.0,4981,0,1,1,6.382907696599037,307.5272033728167,2303.27449654347,2449
5772.0,4978,0,0,3,6.467403996209029,307.6659300924066,2304.390794827034,2428
5773.0,4978,0,0,0,6.540185506849717,307.55725190839695,2305.0703880207834,2432
5774.0,4978,0,0,0,6.594179783140648,307.46042587384494,2305.7468780273953,2412
5775.0,4977,0,0,1,6.632251797024136,307.4840265220012,2306.2578806705337,2411
5776.0,4976,0,0,1,6.664562016660131,307.5235128617363,2306.779677164312,2397
5777.0,4975,0,0,1,6.689648703651406,307.5897487437186,2307.373228376775,2389
5778.0,4976,0,1,0,6.705541284731244,307.4622186495177,2307.5777562683634,2377
5779.0,4975,0,0,1,6.699913625773159,307.43557788944725,2308.181516309101,2363
5780.0,4975,0,0,0,6.709915413708972,307.3907537688442,2308.8503019611508,2380
5781.0,4975,0,0,0,6.709810560009267,307.33708542713566,2309.5193736373803,2376
5782.0,4975,0,0,0,6.711754067956525,307.37145728643213,2310.1886410498078,2379
5783.0,4975,0,0,0,6.709724939582096,307.4142713567839,2310.857771875414,2389
5784.0,4975,0,0,0,6.706900933439456,307.45226130653265,2311.527335687396,2403
5785.0,4975,0,0,0,6.695446451481681,307.5284422110553,2312.197011869441,2398
5786.0,4974,0,0,1,6.68515713088779,307.5363892239646,2313.077914984099,2393
5787.0,4971,0,0,3,6.656776025922533,307.68497284248645,2313.7906104516173,2398
5788.0,4969,0,0,2,6.643323494723723,307.7945260615818,2314.547011028859,2403
5789.0,4968,0,0,1,6.651068721568363,307.76851851851853,2315.55471174069,2390
5790.0,4965,0,0,3,6.626425181116684,307.9214501510574,2316.384672306585,2402
5791.0,4963,0,0,2,6.604691869815313,308.0517831956478,2317.043827651022,2393
5792.0,4963,0,0,0,6.582808892942419,307.99153737658673,2317.7193352350723,2393
5793.0,4961,0,0,2,6.554777955249178,308.0701471477525,2318.379927592611,2392
5794.0,4957,0,0,4,6.511784611472475,308.2826306233609,2319.4602145453573,2392
5795.0,4956,0,0,1,6.494551462653597,308.3442292171106,2320.2224189031745,2406
5796.0,4955,0,0,1,6.490279577987976,308.35055499495456,2320.8933882449487,2394
5797.0,4954,0,0,1,6.489010217906393,308.5024222850222,2321.5400467970767,2402
5798.0,4955,0,1,0,6.489164566587748,308.49081735620587,2321.753093860118,2418
5799.0,4954,0,0,1,6.462103620333816,308.63443681873235,2322.2580168136883,2407
5800.0,4952,0,0,2,6.413112543586275,308.8196688206785,2322.953971171509,2429
5801.0,4951,0,0,1,6.364726048994949,309.067663098364,2323.6753169074295,2442
5802.0,4949,0,0,2,6.304075001164149,309.3267326732673,2324.497081905991,2468
5803.0,4948,0,0,1,6.243848864733938,309.4636216653193,2325.3405577709445,2498
5804.0,4948,0,0,0,6.202072444721216,309.6036782538399,2326.0416031547525,2533
5805.0,4945,0,0,3,6.152952744319334,309.9751263902932,2326.455105941922,2562
5806.0,4944,0,0,1,6.109431480478868,310.0533980582524,2327.325435484802,2567
5807.0,4944,0,0,0,6.064324030242747,310.16727346278316,2328.036004059294,2594
5808.0,4942,0,0,2,6.041719782886987,310.36543909348444,2328.9003021176472,2619
5809.0,4941,0,0,1,6.0079193908491115,310.48127909330094,2329.511771114004,2625
5810.0,4939,0,0,2,5.979097247872945,310.70236890058715,2330.4911237022548,2650
5811.0,4939,0,1,1,5.94963759345674,310.8311399068637,2330.667529889559,2664
5812.0,4939,0,1,1,5.9348686676797096,310.97104677060133,2331.0410009977104,2689
5813.0,4937,0,0,2,5.902602572996142,311.27668624670855,2331.6823423672677,2717
5814.0,4935,0,0,2,5.882198940415638,311.5566362715299,2332.573076743356,2750
5815.0,4935,0,0,0,5.861017942719218,311.81236068895646,2333.2997250253366,2774
5816.0,4935,0,1,1,5.83175795752584,312.0678824721378,2333.803660544706,2784
5817.0,4934,0,0,1,5.789287396311552,312.2788812322659,2334.518325642011,2795
5818.0,4935,0,1,0,5.769433242127243,312.4255319148936,2334.779673623189,2825
5819.0,4934,0,0,1,5.741892747280733,312.70895824888527,2335.383758584418,2834
5820.0,4934,0,0,0,5.709069292686675,312.9262261856506,2336.122600618833,2862
5821.0,4935,0,2,1,5.683651344902327,313.07375886524824,2335.952990677542,2878
5822.0,4934,0,0,1,5.66300958841907,313.3745439805432,2336.382901548152,2899
5823.0,4934,0,0,0,5.626248782054705,313.62261856505876,2337.127910513893,2923
5824.0,4935,0,1,0,5.589381675838458,313.7580547112462,2337.402029754953,2944
5825.0,4934,0,0,1,5.560171816838773,314.12322659100124,2338.157189433824,2967
5826.0,4934,0,0,0,5.538990697030412,314.34657478719095,2338.9084738643364,2977
5827.0,4934,0,0,0,5.514487343457184,314.5910012160519,2339.6615944863156,2977
5828.0,4934,0,1,1,5.474369102199899,314.85528982569923,2339.8732876396116,2994
5829.0,4935,0,1,0,5.4479204458503645,315.0921985815603,2340.1560151908047,3013
5830.0,4934,0,0,1,5.404535235949686,315.4562221321443,2341.2776013612583,3034
5831.0,4935,0,1,0,5.373086372530377,315.6905775075988,2341.565240675209,3051
5832.0,4932,0,0,3,5.325621673918089,316.2009326845093,2343.0204062751786,3074
5833.0,4931,0,0,1,5.2902766538197765,316.64936118434395,2344.108887494562,3096
5834.0,4930,0,0,1,5.261701962447428,317.0683569979716,2345.18038271289,3103
5835.0,4928,0,0,2,5.216328868560422,317.5700081168831,2345.8816741956152,3109
5836.0,4927,0,0,1,5.188964955494149,318.00182666937286,2346.950544232538,3117
5837.0,4925,0,1,3,5.155621857040934,318.5195939086294,2347.750074830619,3154
5838.0,4924,0,1,2,5.124599466948608,318.9898456539399,2348.214367396201,3173
5839.0,4921,0,0,3,5.108551397056084,319.59743954480797,2349.6095166042073,3202
5840.0,4920,0,0,1,5.077011921744217,320.08658536585364,2350.2446807301026,3213
5841.0,4919,0,0,1,5.039359649734941,320.56922138646064,2351.364708138341,3231
5842.0,4917,0,0,2,5.002583229488029,321.1362619483425,2352.3317506940166,3252
5843.0,4915,0,0,2,4.972450556604913,321.6891149542218,2353.3715656817844,3257
5844.0,4913,0,0,2,4.952793507956739,322.2713209851415,2354.6737445407834,3274
5845.0,4912,0,0,1,4.932106940122559,322.81575732899023,2355.4426326518224,3287
5846.0,4909,0,0,3,4.903653249620028,323.4057852923202,2356.9451179443918,3296
5847.0,4907,0,0,2,4.863224751626909,324.0156918687589,2357.694935992236,3321
5848.0,4905,0,0,2,4.832594184586376,324.64383282364935,2358.767653003098,3336
5849.0,4904,0,0,1,4.804938512961271,325.2169657422512,2359.486298916203,3360
5850.0,4904,0,0,0,4.764905508920168,325.70371125611746,2360.28760145522,3374
5851.0,4903,0,0,1,4.80606255906963,324.61227819702225,2361.173501169303,3201
5852.0,4903,0,0,0,4.911770123901136,323.8215378339792,2361.963360160029,3073
5853.0,4901,0,0,2,5.038250232153528,323.31748622730055,2362.8998024244697,2968
5854.0,4901,0,0,0,5.190439258010144,322.6584370536625,2363.669016916294,2858
5855.0,4898,0,0,3,5.354935298415135,322.4752960391997,2364.197431680879,2790
5856.0,4896,0,0,2,5.526833050665531,322.2436683006536,2364.7816146056753,2714
5857.0,4896,0,0,0,5.694636758648674,321.99816176470586,2365.514670363429,2664
5858.0,4894,0,0,2,5.835227106282563,321.8884348181447,2365.927998101498,2622
5859.0,4894,0,0,0,5.94450361152945,321.6299550469963,2366.6441080038376,2574
5860.0,4893,0,0,1,6.03863179071678,321.56918046188434,2367.2570277808395,2551
5861.0,4893,0,0,0,6.126858483550923,321.5315757204169,2367.960283201812,2516
5862.0,4892,0,0,1,6.201510378843737,321.43254292722816,2368.27742015967,2493
5863.0,4892,0,0,0,6.282446892769585,321.261242845462,2368.970142251611,2452
5864.0,4889,0,0,3,6.358954532189071,321.27797095520555,2369.4988905131154,2418
5865.0,4888,0,0,1,6.41601666591554,321.23445171849426,2370.168840375868,2405
5866.0,4888,0,0,0,6.466081137528869,321.0578968903437,2370.847553336041,2378
5867.0,4888,0,0,0,6.505801441600792,321.00061374795416,2371.52461154232,2373
5868.0,4887,0,0,1,6.536872557106784,321.02353181911195,2372.312554619864,2373
5869.0,4887,0,0,0,6.547053374717354,320.86638019234704,2372.986752736923,2359
5870.0,4887,0,0,0,6.5579637992712625,320.8854102721506,2373.6602791113,2352
5871.0,4885,0,0,2,6.554617808012716,321.04503582395085,2374.561260036108,2348
5872.0,4885,0,0,0,6.554456968589056,321.0593654042989,2375.2352118350686,2345
5873.0,4885,0,0,0,6.543174234566569,321.1760491299898,2375.9096756481713,2359
5874.0,4885,0,0,0,6.536864182044946,321.31627430910953,2376.584648749051,2367
5875.0,4883,0,0,2,6.524280159657714,321.4525906205202,2377.0310023072343,2373
5876.0,4880,0,0,3,6.517641141310074,321.75122950819673,2378.082667699835,2375
5877.0,4880,0,0,0,6.508253497829034,321.802868852459,2378.760498513577,2374
5878.0,4880,0,1,1,6.501702531842486,321.8893442622951,2379.257541499318,2381
5879.0,4879,0,0,1,6.488388293241325,322.09674113547857,2379.9416972384743,2406
5880.0,4878,0,0,1,6.473377408118988,322.24333743337434,2381.0327536379527,2409
5881.0,4875,0,0,3,6.457712666635988,322.48533333333336,2382.311681333976,2411
5882.0,4873,0,0,2,6.440271125189524,322.6897188590191,2383.198918523359,2428
5883.0,4871,0,0,2,6.425213087520742,322.9246561281051,2384.3496926389653,2434
5884.0,4870,0,0,1,6.413580389961012,323.0036960985626,2384.9944998500814,2438
5885.0,4870,0,0,0,6.392411853203481,323.1047227926078,2385.6805808942017,2468
5886.0,4869,0,0,1,6.375699917466148,323.32593961799137,2386.2303024320895,2480
5887.0,4867,0,0,2,6.361713236891597,323.55927676186565,2387.1243673093804,2491
5888.0,4867,0,0,0,6.34674850428412,323.63468255598934,2387.815381334941,2509
5889.0,4864,0,0,3,6.307220786782875,324.00123355263156,2388.73759603172,2520
5890.0,4863,0,1,2,6.260092833641264,324.23421756117625,2388.9410462096694,2532
5891.0,4863,0,0,0,6.212980299907815,324.4912605387621,2389.6413366679217,2568
5892.0,4863,0,0,0,6.157892715522033,324.63931729385155,2390.3456589969014,2573
5893.0,4862,0,0,1,6.107800166796894,324.89880707527766,2391.114361491724,2586
5894.0,4860,0,0,2,6.052623082855903,325.1923868312757,2391.6841231241315,2612
5895.0,4860,0,0,0,6.000723491610851,325.38086419753085,2392.398873960437,2624
5896.0,4860,0,0,0,5.9635480571631,325.5127572016461,2393.116763398441,2643
5897.0,4859,0,0,1,5.931228032560019,325.7201070179049,2393.8489031163504,2644
5898.0,4859,0,0,0,5.914141959457917,325.89257048775465,2394.5702136281293,2663
5899.0,4859,0,1,1,5.885754450960955,326.1380942580778,2394.734797894163,2682
5900.0,4858,0,0,1,5.858376979541395,326.4063400576369,2395.4546698581407,2699
5901.0,4859,0,1,0,5.823608224477127,326.54846676270836,2395.6899071273065,2725
5902.0,4858,0,0,1,5.78870956873269,326.8474680938658,2396.5990589792546,2749
5903.0,4856,0,0,2,5.757401569492925,327.21478583196046,2397.0280569849715,2776
5904.0,4854,0,0,2,5.722959524445186,327.54882571075404,2397.741076880797,2796
5905.0,4852,0,2,4,5.700119969861674,327.9080791426216,2397.8369233989065,2802
5906.0,4851,0,0,1,5.660911040130175,328.2240775097918,2398.7156549960814,2832
5907.0,4847,0,0,4,5.624679015178702,328.7394264493501,2399.9270163759543,2845
5908.0,4847,0,1,1,5.582836298934426,329.0596245100062,2400.361702743264,2880
5909.0,4846,0,0,1,5.545624787758331,329.39269500619065,2401.4287963520487,2899
5910.0,4846,0,0,0,5.510961212691062,329.67602146099875,2402.1792338433006,2923
5911.0,4847,0,1,0,5.468047754436543,329.87579946358574,2402.436747982696,2945
5912.0,4846,0,0,1,5.421562737373119,330.26310359059016,2403.0186982295545,2963
5913.0,4847,0,1,0,5.390502200589022,330.5296059418197,2403.281428169396,2983
5914.0,4846,0,0,1,5.3411582344493755,330.9453157243087,2404.278307368362,3008
5915.0,4847,0,1,0,5.322024459924412,331.1910460078399,2404.5448510617343,3018
5916.0,4846,0,0,1,5.300818908036751,331.54168386297977,2405.6395605063535,3024
5917.0,4844,0,0,2,5.265553583795347,331.97811725846407,2406.3710593608753,3046
5918.0,4845,0,2,1,5.231564996208883,332.24458204334366,2406.3549406820157,3053
5919.0,4845,0,0,0,5.2095796084508335,332.56367389060887,2407.1250844526357,3072
5920.0,4846,0,1,0,5.174790092169745,332.8305819232357,2407.4008735853577,3091
5921.0,4846,0,1,1,5.142841743984993,333.1884028064383,2407.9226880043425,3100
5922.0,4844,0,1,3,5.099179465648336,333.70602807597027,2408.5865928705066,3108
5923.0,4843,0,1,2,5.058538364192727,334.0803221143919,2408.4922735488267,3111
5924.0,4843,0,1,1,5.027131396348929,334.5083625851745,2408.680045809347,3126
5925.0,4840,0,0,3,4.98727796943412,335.0303719008264,2409.481567676726,3131
5926.0,4839,0,0,1,4.959718258399717,335.51808224839846,2410.29215925635,3154
5927.0,4840,0,1,0,4.941444351976033,335.78904958677685,2410.5808322815456,3150
5928.0,4840,0,0,0,4.9197621183259495,336.129132231405,2411.3698553934096,3171
5929.0,4838,0,0,2,4.894184707526133,336.67403885903263,2412.28221380022,3190
5930.0,4838,0,0,0,4.88106495872908,337.0746176105829,2413.0741041064452,3191
5931.0,4836,0,0,2,4.8545415537316705,337.6590157154673,2413.866822005109,3209
5932.0,4834,0,1,3,4.820992641224959,338.2139015308233,2414.4433234603725,3223
5933.0,4832,0,1,3,4.802786318725156,338.8085678807947,2415.188982846138,3251
5934.0,4832,0,0,0,4.790364399030674,339.2504139072848,2415.987630200527,3269
5935.0,4830,0,0,2,4.770549080124318,339.8008281573499,2417.2173608604294,3277
5936.0,4829,0,0,1,4.746026013325615,340.3244978256368,2418.3188595737856,3290
5937.0,4829,0,0,0,4.7362389729541645,340.7506730171878,2419.1216363878375,3308
5938.0,4827,0,0,2,4.713981944173229,341.3329189973068,2420.5271676516786,3315
5939.0,4826,0,0,1,4.701190186023955,341.857024450891,2421.229545278353,3306
5940.0,4824,0,0,2,4.683525061793472,342.5176202321725,2422.5997817576585,3331
5941.0,4823,0,0,1,4.724715671586547,341.155919552146,2423.186308634675,3163
5942.0,4822,0,0,1,4.817205926601606,340.092492741601,2424.2620157171827,3033
5943.0,4820,0,0,2,4.935778988975585,339.3271784232365,2425.6490035026636,2931
5944.0,4820,0,0,0,5.081153666909031,338.48340248962654,2426.4259348316673,2828
5945.0,4817,0,0,3,5.256100018083539,337.96740709985465,2427.455121063583,2769
5946.0,4816,0,0,1,5.422690328537039,337.3675249169435,2428.4159698423273,2710
5947.0,4815,0,0,1,5.577497808868824,336.930010384216,2429.360621357586,2664
5948.0,4815,0,0,0,5.725371295230863,336.3750778816199,2430.092575397296,2601
5949.0,4814,0,0,1,5.825307157094926,335.96530951391776,2430.918990893263,2567
5950.0,4814,0,0,0,5.92517298619367,335.70959700872453,2431.6362442200834,2518
5951.0,4813,0,0,1,6.000431157013343,335.31124039060876,2432.6050935132125,2489
5952.0,4813,0,0,0,6.069416338350182,334.8263037606483,2433.3113627968337,2448
5953.0,4812,0,0,1,6.111143765034117,334.5087281795511,2434.2670863604567,2421
5954.0,4811,0,0,1,6.150432015904518,334.0644356682602,2434.925895095214,2398
5955.0,4809,0,0,2,6.190629247645432,333.69078810563525,2435.791978189877,2363
5956.0,4808,0,0,1,6.221744356312965,333.2876455906822,2436.7361685043065,2357
5957.0,4807,0,0,1,6.243658909396025,333.20241314749325,2437.373930553519,2343
5958.0,4806,0,0,1,6.26487382877169,332.85726175613814,2438.1194460761,2335
5959.0,4806,0,0,0,6.277093946994929,332.5099875156055,2438.8079400000406,2331
5960.0,4804,0,0,2,6.28118155602913,332.227518734388,2439.4526963941607,2324
5961.0,4804,0,0,0,6.27524394878064,331.8830141548709,2440.1418877314672,2331
5962.0,4803,0,0,1,6.264668997323089,331.55527795128046,2440.4809376210746,2317
5963.0,4801,0,0,2,6.260393230621915,331.75130181212245,2441.244000547679,2329
5964.0,4799,0,0,2,6.255905362194881,331.6036674307147,2442.5677999112113,2350
5965.0,4798,0,0,1,6.241111158284552,331.3136723634848,2443.4600226996495,2358
5966.0,4795,0,0,3,6.222586133999434,331.12262773722625,2444.1888946847093,2367
5967.0,4795,0,1,1,6.20670331798008,330.76663190823774,2444.529488080313,2377
5968.0,4793,0,0,2,6.202911967593397,330.9107031087002,2445.1745528090873,2382
5969.0,4793,0,0,0,6.194274621368269,330.53306905904446,2445.87063866817,2385
5970.0,4792,0,0,1,6.17274601252797,330.19469949916527,2446.4255620967297,2385
5971.0,4790,0,0,2,6.148377121007674,329.97995824634654,2447.004425502206,2403
5972.0,4790,0,0,0,6.136725932408686,329.73173277661795,2447.7032476255245,2408
5973.0,4790,0,0,0,6.115239973321775,329.7910229645094,2448.403600680221,2424
5974.0,4788,0,1,3,6.084264297729608,329.6812865497076,2448.9505458615818,2432
5975.0,4788,0,0,0,6.0435550907460875,329.4091478696742,2449.6553032616225,2468
5976.0,4787,0,0,1,6.012906250473631,329.2521412157928,2450.6322471674307,2471
5977.0,4786,0,0,1,5.9820999229198994,329.0710405348934,2451.5312508311044,2482
5978.0,4784,0,0,2,5.951957718065132,328.9550585284281,2452.2802708084564,2502
5979.0,4784,0,1,1,5.908473821819509,329.0553929765886,2452.6645555266605,2514
5980.0,4784,0,0,0,5.859504785290601,328.92934782608694,2453.3806426443857,2539
5981.0,4784,0,0,0,5.822426108170426,328.70547658862876,2454.0996360908694,2549
5982.0,4782,0,0,2,5.765502873430724,328.6068590547888,2455.0525616081445,2575
5983.0,4781,0,0,1,5.719956093342892,328.4394478142648,2455.6752898343125,2580
5984.0,4781,0,0,0,5.6771266586288816,328.2852959631876,2456.4044226191268,2592
5985.0,4780,0,1,2,5.612461712301758,328.5142259414226,2456.5266100639515,2613
5986.0,4780,0,0,0,5.576848897418378,328.3387029288703,2457.262378615199,2631
5987.0,4779,0,0,1,5.536092682106177,328.16614354467464,2458.132034394554,2645
5988.0,4779,0,0,0,5.513396022557224,327.9880728185813,2458.8725983965205,2661
5989.0,4779,0,0,0,5.486120481538401,327.7491106926135,2459.614868744959,2679
5990.0,4779,0,1,1,5.447654169535878,327.5672734881774,2460.035069016036,2711
5991.0,4779,0,0,0,5.432631427160059,327.7198158610588,2460.7814202203367,2708
5992.0,4777,0,0,2,5.414457439379032,327.98325308771194,2461.999049541492,2747
5993.0,4776,0,1,2,5.393703315211467,328.3002512562814,2462.6965626573124,2758
5994.0,4776,0,1,1,5.371413360743049,328.62688442211055,2462.997831837679,2798
5995.0,4776,0,1,1,5.3446257624302795,328.86243718592965,2463.3245584490614,2814
5996.0,4775,0,1,2,5.322354579914644,329.197277486911,2463.8497622566624,2833
5997.0,4775,0,1,1,5.293821544771001,329.4661780104712,2464.447964714784,2848
5998.0,4774,0,0,1,5.256881740285173,329.79995810640975,2465.376860813168,2867
5999.0,4773,0,1,2,5.214756391138664,330.2493190865284,2466.279413987214,2897
6000.0,4773,0,0,0,5.184909268973178,330.5130944898387,2467.0418329288996,2916
6001.0,4770,0,0,3,5.154322361466946,331.037106918239,2468.201164039469,2938
6002.0,4767,0,0,3,5.125946892926053,331.4833228445563,2469.75945388512,2942
6003.0,4766,0,0,1,5.099541816988204,331.87326898866974,2470.7293923868697,2976
6004.0,4765,0,1,2,5.088571175637916,332.22161594963274,2471.391637640663,2979
6005.0,4764,0,1,2,5.05370979293095,332.58123425692696,2471.3258491781908,2991
6006.0,4763,0,0,1,5.047005383773284,332.92336762544613,2472.394607005754,3020
6007.0,4761,0,0,2,5.042625007508284,333.28796471329554,2473.47981912983,3012
6008.0,4760,0,0,1,5.0172360187946685,333.64180672268907,2473.8566605079077,3023
6009.0,4760,0,1,1,5.003531784849959,333.9768907563025,2474.0954447478994,3042
6010.0,4761,0,1,0,4.986329440121666,334.2766225582861,2474.3560343984354,3072
6011.0,4760,0,0,1,4.966582542251831,334.6686974789916,2475.3719447356807,3091
6012.0,4760,0,0,0,4.945193037398577,335.006512605042,2476.1560392524925,3118
6013.0,4759,0,0,1,4.9248922850333345,335.42845135532673,2476.7421975153156,3134
6014.0,4759,0,0,0,4.911423491844345,335.718218113049,2477.5290111218414,3139
6015.0,4759,0,0,0,4.883292950557308,336.0895146039084,2478.317316675295,3155
6016.0,4760,0,1,0,4.873111469130841,336.38193277310927,2478.5859862555344,3167
6017.0,4760,0,1,1,4.851646262484195,336.796218487395,2478.641582660989,3190
6018.0,4760,0,0,0,4.839048248333109,337.1615546218487,2479.433740230055,3196
6019.0,4760,0,1,1,4.827670131431608,337.5489495798319,2479.9682458562124,3220
6020.0,4760,0,0,0,4.827858423286888,337.890756302521,2480.7613171459225,3226
6021.0,4757,0,0,3,4.784667772245654,338.4595333193189,2482.176231996161,3228
6022.0,4756,0,0,1,4.765785038902033,338.9371320437342,2482.7636505763044,3264
6023.0,4755,0,0,1,4.7443820602296976,339.42376445846475,2483.398659172357,3264
6024.0,4754,0,0,1,4.724908374995575,339.9596129575095,2484.424793611395,3271
6025.0,4753,0,0,1,4.718424300339385,340.4845360824742,2485.014013530823,3282
6026.0,4751,0,0,2,4.699702510569086,341.11050305198904,2486.1268265259787,3295
6027.0,4751,0,0,0,4.679927880771012,341.6200799831614,2486.930344596034,3315
6028.0,4748,0,0,3,4.66295119758944,342.19797809604046,2487.8563793288113,3308
6029.0,4747,0,0,1,4.637162324394079,342.7722772277228,2488.871601143105,3335
6030.0,4746,0,0,1,4.625878345307097,343.32553729456384,2489.71072930904,3343
6031.0,4744,0,0,2,4.681299796274745,342.38090219224284,2490.325374574218,3173
6032.0,4744,0,0,0,4.780041372468159,341.60244519392916,2491.120646961802,3050
6033.0,4742,0,0,2,4.894233330087691,341.21362294390553,2492.3220957261105,2963
6034.0,4741,0,0,1,5.0405441914632245,340.6931027209449,2493.2628758939336,2867
6035.0,4740,0,0,1,5.1937806135495315,340.2763713080169,2494.2538026289953,2784
6036.0,4739,0,0,1,5.349056602085046,340.0831399029331,2495.0961963848686,2743
6037.0,4738,0,0,1,5.51334711826178,339.93077247783873,2495.6355494037366,2694
6038.0,4738,0,0,0,5.662950254459731,339.85373575348245,2496.3687272558373,2673
6039.0,4737,0,0,1,5.783553459522955,339.80367321089295,2496.890469517534,2640
6040.0,4737,0,0,0,5.891726811226866,339.7359088030399,2497.6072234174576,2613
6041.0,4737,0,0,0,5.978855287853292,339.6483006122018,2498.3184114795044,2597
6042.0,4736,0,0,1,6.0510685610063515,339.66680743243245,2499.2706194556154,2571
6043.0,4736,0,0,0,6.118140091441896,339.55152027027026,2499.972552287995,2545
6044.0,4736,0,0,0,6.154479167382679,339.5219594594595,2500.6713630162644,2535
6045.0,4734,0,0,2,6.186230423669747,339.5963244613435,2501.3066632308214,2528
6046.0,4734,0,0,0,6.196034072322053,339.5785804816223,2502.0019085517497,2510
6047.0,4733,0,0,1,6.2127459056684895,339.6932178322417,2502.9221787024185,2502
6048.0,4733,0,0,0,6.217816433541222,339.6765265159518,2503.615341786633,2500
6049.0,4731,0,0,2,6.201142636589026,339.74846755442826,2504.5182676728055,2475
6050.0,4731,0,0,0,6.197485784781329,339.7398013105052,2505.2116311382315,2468
6051.0,4729,0,0,2,6.183040288263292,339.88411926411504,2505.8851537925407,2467
6052.0,4729,0,0,0,6.1795117112867475,339.86804821315286,2506.5793211728783,2465
6053.0,4728,0,0,1,6.156406603861727,339.994923857868,2507.4606537081822,2472
6054.0,4727,0,0,1,6.140163696811151,340.1609900571187,2508.1487744748338,2474
6055.0,4726,0,0,1,6.136843591304021,340.2731696995345,2508.9030584770053,2471
6056.0,4726,0,0,0,6.129881569131566,340.33093525179856,2509.5996901434014,2491
6057.0,4726,0,0,0,6.112536540782116,340.3685992382565,2510.2976422868596,2498
6058.0,4725,0,0,1,6.087519071732809,340.4256084656085,2511.1047986907133,2501
6059.0,4724,0,0,1,6.075011805118789,340.5177815410669,2511.9984278846964,2512
6060.0,4723,0,0,1,6.068610864037803,340.66207918695744,2512.7816391879055,2517
6061.0,4722,0,0,1,6.051222362036831,340.70605675561205,2513.7216645906915,2518
6062.0,4721,0,0,1,6.030556962409111,340.806185130269,2514.7229414800872,2522
6063.0,4720,0,0,1,6.011394517659182,340.9220338983051,2515.30902556616,2532
6064.0,4716,0,0,4,5.968841423302259,341.26823579304494,2516.169350932306,2547
6065.0,4716,0,0,0,5.945769592248455,341.37849872773535,2516.8795682544815,2555
6066.0,4715,0,0,1,5.926773947911855,341.5304347826087,2517.508235252992,2541
6067.0,4714,0,0,1,5.9138596476962775,341.69601187950786,2518.3098788119273,2551
6068.0,4714,0,0,0,5.880540558210139,341.8103521425541,2519.0239341643983,2553
6069.0,4713,0,0,1,5.829743072863826,341.9974538510503,2519.7305548187555,2586
6070.0,4713,0,0,0,5.783340480989303,342.1237004031403,2520.4519928463033,2592
6071.0,4711,0,0,2,5.720824302063506,342.49437486733177,2521.309244743045,2617
6072.0,4709,0,0,2,5.6585769847705665,342.82629008282015,2522.125904284106,2628
6073.0,4709,0,0,0,5.620188733445621,342.9220641325122,2522.8582276176403,2644
6074.0,4708,0,0,1,5.563183401491141,343.1977485131691,2523.356385220823,2664
6075.0,4706,0,0,2,5.520757353762733,343.45771355716107,2524.1422698155707,2674
6076.0,4704,0,0,2,5.469992646751193,343.71853741496597,2525.2040967763232,2664
6077.0,4704,0,0,0,5.435857822739821,343.86819727891157,2525.9474970637816,2678
6078.0,4701,0,0,3,5.392400633723771,344.2599446926186,2527.1776092231353,2714
6079.0,4699,0,0,2,5.347359426187967,344.45307512236644,2527.6995458903707,2727
6080.0,4697,0,0,2,5.319464944624697,344.71045348094526,2528.832525359415,2737
6081.0,4697,0,0,0,5.297711783279985,344.91952309985095,2529.584745600912,2753
6082.0,4696,0,2,3,5.276715323546975,345.08603066439525,2529.0890385712096,2759
6083.0,4692,0,0,4,5.246673244767117,345.37617220801366,2530.127377063024,2762
6084.0,4690,0,0,2,5.242722005759027,345.61215351812365,2530.82368310059,2783
6085.0,4691,0,1,0,5.226123875970562,345.6501811980388,2531.0405074939117,2787
6086.0,4692,0,1,0,5.210715897522257,345.7985933503836,2531.25884103921,2804
6087.0,4693,0,1,0,5.190823586929506,345.95163008736415,2531.478294788962,2814
6088.0,4693,0,1,1,5.171255282669895,346.13296398891964,2531.878062539322,2830
6089.0,4694,0,2,1,5.149559339020996,346.32190029825307,2531.356785226424,2833
6090.0,4693,0,0,1,5.111965420635625,346.6599190283401,2532.2975531917614,2844
6091.0,4694,0,1,0,5.083811944126397,346.7946314443971,2532.5242887340155,2871
6092.0,4692,0,1,3,5.042185495440809,347.19416027280477,2533.0101067224823,2886
6093.0,4692,0,0,0,5.031682454042493,347.5208866155158,2533.779761030794,2923
6094.0,4688,0,1,5,4.987778714810489,348.1793941979522,2534.222894022337,2941
6095.0,4689,0,1,0,4.956618744062112,348.33887822563446,2534.456403008684,2947
6096.0,4686,0,0,3,4.919943960992309,348.85403329065304,2535.8160417280383,2965
6097.0,4685,0,0,1,4.887162036046829,349.1553895410886,2536.514381108554,2969
6098.0,4684,0,2,3,4.852381977682587,349.5279675491033,2536.2718789469586,3001
6099.0,4684,0,2,2,4.823169314069844,349.80550811272417,2536.2400864145957,3002
6100.0,4682,0,0,2,4.7852394369344715,350.2853481418197,2537.0153158521944,3015
6101.0,4682,0,1,1,4.757196160398406,350.6371208885092,2537.6442089441493,3025
6102.0,4680,0,0,2,4.713498523095572,351.0643162393162,2538.5973961100403,3047
6103.0,4680,0,1,1,4.6980600568288065,351.3333333333333,2539.1278714093414,3044
6104.0,4679,0,1,2,4.673544311945791,351.68924983970936,2539.7583600115013,3070
6105.0,4679,0,0,0,4.644707383036913,352.035477666168,2540.5539372287462,3071
6106.0,4676,0,0,3,4.602368326151244,352.6118477331052,2542.2647477995106,3104
6107.0,4677,0,2,1,4.564683635239817,352.85546290357064,2541.91808030383,3113
6108.0,4672,0,0,5,4.535603187233118,353.4931506849315,2543.4217565966974,3110
6109.0,4672,0,1,1,4.519003578068644,353.9047517123288,2543.6171440947396,3121
6110.0,4668,0,0,4,4.500344937065655,354.6416023993145,2545.574062443883,3148
6111.0,4668,0,0,0,4.490737880838096,354.9790059982862,2546.3792785176956,3151
6112.0,4667,0,1,2,4.46911286305031,355.3415470323548,2547.0638842222797,3161
6113.0,4666,0,0,1,4.452932568459244,355.77111015859407,2547.8052643906844,3174
6114.0,4663,0,0,3,4.444769041919205,356.36457216384304,2549.265293974103,3188
6115.0,4659,0,0,4,4.420617808723342,357.05730843528653,2550.4315583506086,3194
6116.0,4656,0,0,3,4.397725495967709,357.6451890034364,2551.275281853388,3218
6117.0,4652,0,0,4,4.378494819205538,358.3594153052451,2552.9998724752263,3225
6118.0,4652,0,0,0,4.371412940769884,358.81921754084266,2553.8131851086127,3236
6119.0,4649,0,0,3,4.33853233398588,359.5416218541622,2555.0025524414623,3253
6120.0,4647,0,0,2,4.3093182289156085,360.21153432321927,2555.343448542944,3276
6121.0,4647,0,0,0,4.368173824357276,358.8618463524855,2556.1553965860585,3118
6122.0,4645,0,0,2,4.469011038450478,357.94359526372443,2557.717478686477,2981
6123.0,4643,0,0,2,4.608487114371006,357.4122334697394,2558.575417157993,2875
6124.0,4642,0,0,1,4.763059527639728,356.9340801378716,2559.3270027818407,2790
6125.0,4639,0,0,3,4.920952777191586,356.716749299418,2560.0089672502554,2749
6126.0,4638,0,0,1,5.077277438978808,356.507546356188,2560.7799526356416,2687
6127.0,4636,0,0,2,5.225389264359423,356.29616048317513,2561.519965067927,2637
6128.0,4636,0,0,0,5.358072960449384,355.9881363244176,2562.2629596290894,2602
6129.0,4634,0,0,2,5.471975046314867,355.96374622356495,2563.203152807568,2584
6130.0,4633,0,0,1,5.568187834135149,355.53054176559465,2563.6575543605495,2544
6131.0,4632,0,0,1,5.630478275961226,355.33981001727113,2563.9883915491223,2520
6132.0,4630,0,0,2,5.678757995796391,355.34859611231104,2564.6118971915294,2496
6133.0,4628,0,0,2,5.725811046103214,355.32087294727745,2565.38700269708,2475
6134.0,4626,0,0,2,5.771126075826297,355.4048854301773,2566.2464396534624,2466
6135.0,4625,0,0,1,5.800354224636768,355.2758918918919,2566.5827192679517,2460
6136.0,4625,0,0,0,5.844723461162985,355.0972972972973,2567.290487867486,2442
6137.0,4623,0,0,2,5.859855220465711,355.18970365563484,2568.273929048851,2468
6138.0,4623,0,0,0,5.873775648793457,355.14298074843174,2568.9794115201503,2466
6139.0,4622,0,0,1,5.867806560068059,355.2977066205106,2569.4914491952363,2481
6140.0,4622,0,0,0,5.882272635523004,355.4115101687581,2570.1964870530214,2469
6141.0,4620,0,0,2,5.893533921721195,355.48441558441556,2571.2880567211223,2451
6142.0,4619,0,0,1,5.89099991075728,355.63628491015373,2571.9777636585545,2450
6143.0,4617,0,0,2,5.8847904524839425,355.87870911847523,2573.048795290335,2451
6144.0,4616,0,0,1,5.88422957291969,356.05025996533794,2573.783837115935,2458
6145.0,4614,0,0,2,5.866528831600445,356.28348504551366,2574.4668647773683,2472
6146.0,4614,0,0,0,5.85971355572638,356.26788036410926,2575.1744496142996,2472
6147.0,4612,0,0,2,5.844709767044993,356.3755420641804,2576.198585644367,2461
6148.0,4610,0,0,2,5.82408281707728,356.5013015184382,2577.5050216122568,2469
6149.0,4609,0,0,1,5.803984056543768,356.6246474289434,2578.289463663242,2487
6150.0,4607,0,0,2,5.777996153391067,356.7833731278489,2579.404121391674,2475
6151.0,4607,0,0,0,5.740152292528082,356.7560234425874,2580.1206389680283,2479
6152.0,4607,0,1,1,5.719035988239956,356.78359018884305,2580.6455779942703,2477
6153.0,4604,0,0,3,5.69160414174371,357.0677671589922,2580.9173732127915,2484
6154.0,4603,0,0,1,5.6834216984517685,357.1320877688464,2581.923216373157,2480
6155.0,4599,0,0,4,5.6643354613966554,357.50402261361165,2583.072522618249,2509
6156.0,4598,0,0,1,5.651623954873639,357.57438016528926,2583.961294983141,2513
6157.0,4597,0,0,1,5.6325677216954375,357.715249075484,2585.116985067621,2519
6158.0,4597,0,0,0,5.619409874654788,357.73286926256253,2585.8427893434464,2531
6159.0,4595,0,0,2,5.590133592746675,357.8774755168662,2586.5657864538957,2532
6160.0,4594,0,0,1,5.56653341521335,357.9828036569438,2586.937632354964,2545
6161.0,4594,0,0,0,5.539946073020901,357.9995646495429,2587.6686677374914,2558
6162.0,4591,0,0,3,5.495104969365371,358.1698976257896,2588.6331651566015,2556
6163.0,4591,0,0,0,5.458007231462331,358.2391635809192,2589.369748506176,2554
6164.0,4591,0,0,0,5.41257786289629,358.2215203659334,2590.1091096389996,2563
6165.0,4590,0,0,1,5.373404892571153,358.30305010893244,2591.111770898157,2576
6166.0,4590,0,0,0,5.3404341885240925,358.26143790849676,2591.856500174267,2569
6167.0,4589,0,0,1,5.301169452236668,358.25343212028764,2592.706627689281,2580
6168.0,4589,0,0,0,5.264928067365999,358.0856395728917,2593.4567617168786,2599
6169.0,4587,0,0,2,5.222621681027356,358.14105079572704,2593.851530248676,2612
6170.0,4586,0,0,1,5.173622363192224,358.2791103358046,2594.8271714255625,2637
6171.0,4586,0,0,0,5.1469750286076605,358.025730484082,2595.5855447436816,2666
6172.0,4584,0,0,2,5.106225468739094,358.0087260034904,2596.1487321965724,2685
6173.0,4583,0,2,3,5.080311710519401,357.8524983635173,2595.4299995513306,2688
6174.0,4580,0,0,3,5.047434368813591,357.90021834061133,2595.9258937937498,2714
6175.0,4579,0,0,1,5.023208487382729,357.7896920725049,2596.5194528843167,2731
6176.0,4578,0,0,1,4.98740792920289,357.7501092179991,2597.1443090887656,2738
6177.0,4580,0,2,0,4.95722751127726,357.4683406113537,2596.779632381362,2751
6178.0,4580,0,0,0,4.9265126597503865,357.55676855895194,2597.5517270054725,2773
6179.0,4581,0,1,0,4.908786313668185,357.6203885614495,2597.7587594162587,2795
6180.0,4581,0,0,0,4.87022419240485,357.72495088408647,2598.5353647338957,2800
6181.0,4583,0,2,0,4.8476487888971835,357.6953960288021,2598.179933222747,2819
6182.0,4581,0,0,2,4.804754379967121,357.96332678454485,2598.982120894377,2830
6183.0,4582,0,2,1,4.778100218978494,358.06089044085553,2598.8261987913684,2848
6184.0,4582,0,0,0,4.741983908770504,358.2193365342645,2599.6103008510095,2854
6185.0,4581,0,1,2,4.705021315044272,358.5507531106745,2600.273476747471,2856
6186.0,4582,0,1,0,4.675705954928914,358.651243998254,2600.49413716533,2877
6187.0,4582,0,1,1,4.637795565021634,358.8745089480576,2600.8582133270447,2893
6188.0,4581,0,0,1,4.603638517733341,359.18816852215673,2601.2571203170305,2922
6189.0,4582,0,1,0,4.581794577436658,359.42295940637274,2601.48379608174,2944
6190.0,4584,0,2,0,4.554398833738422,359.43695462478183,2601.1442206905845,2960
6191.0,4583,0,1,2,4.51330080791847,359.8247872572551,2601.565088941911,2989
6192.0,4582,0,0,1,4.489079105554692,360.11501527717155,2602.3238160825863,3018
6193.0,4582,0,0,0,4.469000915083161,360.41597555652555,2603.1255342457584,3036
6194.0,4581,0,1,2,4.434816141241255,360.8207814887579,2603.3633297879983,3053
6195.0,4581,0,0,0,4.424989728905426,361.1445099323292,2604.167863016543,3078
6196.0,4580,0,0,1,4.404771632979527,361.4910480349345,2604.986135252425,3089
6197.0,4580,0,0,0,4.395545662040915,361.8882096069869,2605.7928324555915,3094
6198.0,4582,0,2,0,4.38088237952783,362.11021388040155,2605.46250953052,3095
6199.0,4582,0,1,1,4.361022858838265,362.4973810563073,2605.5909072298227,3112
6200.0,4582,0,0,0,4.345483310228172,362.91444783937146,2606.4025198043164,3117
6201.0,4582,0,0,0,4.348628389536184,363.3020515058926,2607.215140278057,3138
6202.0,4582,0,0,0,4.342153461843348,363.71890004364906,2608.028091344064,3153
6203.0,4581,0,0,1,4.318355340233794,364.2578039729317,2609.051928021774,3177
6204.0,4580,0,0,1,4.2898682066927085,364.7810043668122,2610.048927775937,3188
6205.0,4580,0,0,0,4.281411486656107,365.20262008733624,2610.8668340699987,3201
6206.0,4578,0,0,2,4.25769234239922,365.871996505024,2611.7700757346083,3212
6207.0,4577,0,0,1,4.237433494779551,366.4000436967446,2612.5919939841992,3240
6208.0,4574,0,0,3,4.232134081730611,367.0843900306078,2613.8973452612113,3238
6209.0,4573,0,0,1,4.213344785271611,367.6429040017494,2614.9798260267794,3261
6210.0,4570,0,0,3,4.187240456580823,368.3481400437637,2616.566393903966,3281
6211.0,4570,0,0,0,4.2596140677767815,366.9043763676149,2617.3874813400535,3121
6212.0,4568,0,0,2,4.359665865952127,366.10814360770576,2618.522478804995,3009
6213.0,4566,0,0,2,4.499952594000053,365.47766097240475,2619.9823969896065,2894
6214.0,4565,0,0,1,4.658514282705578,364.87842278203726,2621.0459735691747,2805
6215.0,4563,0,0,2,4.827864032967631,364.5426254657024,2621.8372128816336,2734
6216.0,4562,0,0,1,4.992298915599537,364.08921525646645,2622.847694092574,2661
6217.0,4559,0,0,3,5.132648428951778,363.9227900855451,2623.732310140039,2620
6218.0,4557,0,0,2,5.282710338336855,363.69870528856706,2624.6324166318627,2590
6219.0,4553,0,0,4,5.377559123283102,363.71095980672084,2625.1897591657116,2558
6220.0,4552,0,0,1,5.472190162957946,363.53800527240776,2626.018197250354,2536
6221.0,4549,0,0,3,5.544846699911306,363.6287096065069,2626.505500793861,2510
6222.0,4549,0,0,0,5.612226809569735,363.4867003737085,2627.2302367074526,2505
6223.0,4549,0,0,0,5.668114456445333,363.24203121565176,2627.95051670217,2477
6224.0,4548,0,0,1,5.714407501866532,363.0013192612137,2628.8903419725148,2442
6225.0,4548,0,0,0,5.76253981952802,362.8751099384345,2629.603088728587,2431
6226.0,4546,0,0,2,5.790045953452022,362.850417949846,2630.112610983951,2411
6227.0,4546,0,0,0,5.803870941623807,362.6203255609327,2630.8214704124653,2420
6228.0,4544,0,0,2,5.812755853982194,362.5044014084507,2630.9575850950473,2397
6229.0,4542,0,0,2,5.8096885973320305,362.55812417437255,2632.118943233183,2402
6230.0,4542,0,0,0,5.826147147155949,362.43659180977545,2632.825074868484,2386
6231.0,4542,0,0,0,5.827943287514935,362.4009247027741,2633.5306481445696,2380
6232.0,4542,0,0,0,5.830429174598494,362.38573315719947,2634.2364594423198,2375
6233.0,4542,0,0,0,5.833744127927305,362.3075737560546,2634.9412510410275,2380
6234.0,4541,0,0,1,5.811768858447459,362.30632019378993,2635.856744666875,2359
6235.0,4539,0,0,2,5.799464828276156,362.3212161269002,2637.06785450547,2358
6236.0,4538,0,0,1,5.7925694147977005,362.32481269281624,2638.030278598184,2360
6237.0,4537,0,0,1,5.782622557703992,362.3751377562266,2639.188768428507,2372
6238.0,4536,0,0,1,5.771699468686249,362.3932980599647,2640.059672445459,2381
6239.0,4533,0,0,3,5.764817975663747,362.594529009486,2641.3574472717833,2382
6240.0,4533,0,0,0,5.7559511724535595,362.54731965585705,2642.069836650714,2381
6241.0,4531,0,0,2,5.753530945171065,362.6682851467667,2643.3810166597104,2379
6242.0,4530,0,0,1,5.744684753917166,362.7130242825607,2644.0340580593916,2378
6243.0,4528,0,0,2,5.721634565623989,362.81227915194347,2645.2934334406614,2386
6244.0,4527,0,0,1,5.710684771028936,362.92754583609457,2646.2576790333956,2391
6245.0,4527,0,0,0,5.696557936775092,362.9328473602827,2646.9745617664603,2398
6246.0,4525,0,0,2,5.668546229350808,363.0828729281768,2647.5825008086344,2419
6247.0,4525,0,0,0,5.6505289132164265,363.1498342541436,2648.302291857214,2422
6248.0,4525,0,1,1,5.61876802328842,363.2837569060774,2648.874465061365,2436
6249.0,4525,0,0,0,5.570925602863817,363.355138121547,2649.599428351453,2450
6250.0,4523,0,0,2,5.529350524933829,363.59606455892106,2650.5835441845425,2465
6251.0,4523,0,0,0,5.485096910174927,363.68472252929473,2651.314843503035,2459
6252.0,4523,0,0,0,5.448039545099584,363.7189918195888,2652.049072306907,2469
6253.0,4522,0,0,1,5.408861715720857,363.90070765148164,2652.7587677010506,2479
6254.0,4521,0,0,1,5.358587039876973,364.0446803804468,2653.5023293021563,2475
6255.0,4520,0,0,1,5.307427887984574,364.2555309734513,2654.1943620782936,2505
6256.0,4518,0,0,2,5.261453759650494,364.54913678618857,2654.59366992086,2526
6257.0,4518,0,0,0,5.221634855727026,364.6246126604692,2655.3449894940936,2541
6258.0,4516,0,0,2,5.171710789596629,364.9289193976971,2656.1192025021496,2555
6259.0,4514,0,0,2,5.1333460335515975,365.19140451927336,2656.453248646181,2575
6260.0,4512,0,0,2,5.1064558999325715,365.5223847517731,2657.1660663687967,2588
6261.0,4510,0,0,2,5.0898403488333575,365.7773835920177,2657.8792478613145,2613
6262.0,4511,0,1,0,5.091068265868629,365.60696076258034,2658.048676489035,2609
6263.0,4509,0,0,2,5.081423691800185,365.8707030383677,2659.088418010709,2621
6264.0,4507,0,0,2,5.06328652505675,366.2334146882627,2659.9960519175124,2654
6265.0,4506,0,0,1,5.051534371172585,366.494229915668,2660.9607285596835,2663
6266.0,4507,0,1,0,5.032882245909409,366.6565342800089,2661.133568656852,2680
6267.0,4506,0,0,1,5.003337183538096,367.02174877940524,2662.1370399361954,2713
6268.0,4506,0,0,0,4.968192961586483,367.34376387039504,2662.9055035364627,2738
6269.0,4507,0,1,0,4.93715434754351,367.55779897936543,2663.085244532642,2764
6270.0,4506,0,0,1,4.899087030791967,367.953839325344,2663.770861922004,2768
6271.0,4506,0,1,1,4.864128717706708,368.2174877940524,2664.051301328634,2793
6272.0,4506,0,1,1,4.835033105619654,368.50199733688413,2664.4685942580254,2803
6273.0,4506,0,0,0,4.823626009130565,368.7785175321793,2665.248572315386,2806
6274.0,4506,0,0,0,4.805713276036052,369.0572569906791,2666.0303938471384,2823
6275.0,4507,0,1,0,4.778166402229513,369.28311515420455,2666.2222383593567,2827
6276.0,4506,0,0,1,4.752270811921384,369.7208166888593,2666.8159237154573,2852
6277.0,4506,0,0,0,4.7261502850417365,370.0481580115402,2667.6035235337617,2865
6278.0,4505,0,0,1,4.688808766193019,370.42930077691454,2668.4327188114303,2873
6279.0,4506,0,1,0,4.664285417342534,370.664891256103,2668.6320742418466,2893
6280.0,4506,0,0,0,4.634441700638884,371.0417221482468,2669.4262150579975,2912
6281.0,4507,0,1,0,4.60299399282338,371.37985356112716,2669.6299201927586,2933
6282.0,4506,0,0,1,4.570566679963123,371.8530847758544,2670.2382299026463,2944
6283.0,4507,0,1,0,4.540686889141424,372.2101175948525,2670.4466592716276,2971
6284.0,4505,0,0,2,4.511773017413927,372.7520532741398,2671.1097720050775,2970
6285.0,4505,0,0,0,4.487780703804055,373.1445061043285,2671.914506343083,2993
6286.0,4507,0,2,0,4.461836709187798,373.3357000221877,2671.535408914751,2998
6287.0,4507,0,0,0,4.426406699980007,373.76946971377856,2672.3448876807033,3020
6288.0,4506,0,0,1,4.409240691802764,374.2694185530404,2673.074067456856,3027
6289.0,4505,0,1,2,4.387900338260847,374.7396226415094,2674.0370056782704,3049
6290.0,4504,0,0,1,4.371778753670908,375.2204706927176,2674.8639066565534,3061
6291.0,4505,0,1,0,4.352743802861839,375.55849056603773,2675.0846349702833,3064
6292.0,4502,0,0,3,4.320752016231436,376.22278987116835,2675.982626757302,3080
6293.0,4498,0,0,4,4.282543180428639,377.05380168963984,2676.3879879062506,3111
6294.0,4498,0,0,0,4.263207280773514,377.48199199644284,2677.20712588484,3110
6295.0,4498,0,1,1,4.230471316231138,377.90040017785685,2677.34604102331,3111
6296.0,4497,0,0,1,4.210057170036822,378.4482988659106,2678.1546472886475,3125
6297.0,4496,0,0,1,4.195147828351639,378.90057829181495,2678.782150077586,3130
6298.0,4495,0,1,2,4.158580455369863,379.45895439377085,2679.1763215962674,3141
6299.0,4493,0,0,2,4.116400366231695,380.1123970620966,2679.9919075802077,3163
6300.0,4493,0,0,0,4.093832686521071,380.5740040062319,2680.818588406474,3164
6301.0,4491,0,0,2,4.132988612300978,379.5179247383656,2681.846427867795,3002
6302.0,4489,0,0,2,4.237244295814125,378.7371352194253,2682.9042176119497,2864
6303.0,4487,0,0,2,4.365888053485028,378.206596835302,2683.9919380408387,2761
6304.0,4487,0,0,0,4.518519349273463,377.7158457766882,2684.7871353568453,2684
6305.0,4485,0,0,2,4.674683073342648,377.5890746934225,2685.483419920467,2642
6306.0,4482,0,0,3,4.833575726973597,377.54149933065594,2686.6389851757276,2579
6307.0,4481,0,0,1,5.0095088902465665,377.40571301048874,2687.879297882832,2532
6308.0,4480,0,0,1,5.161574826114993,377.26473214285716,2688.898481796508,2485
6309.0,4478,0,0,2,5.2836258451492775,377.35797230906655,2690.024621358584,2471
6310.0,4476,0,0,2,5.389548058353675,377.3293118856121,2690.399647623055,2454
6311.0,4474,0,0,2,5.496370269786051,377.28095663835495,2691.9077833064416,2420
6312.0,4472,0,0,2,5.5754912042437175,377.34950805008947,2692.362123828966,2400
6313.0,4467,0,0,5,5.6312610551594355,377.63935527199465,2693.929105847475,2374
6314.0,4465,0,0,2,5.694762444799783,377.6309070548712,2695.2284947792987,2359
6315.0,4465,0,0,0,5.755124515404271,377.508398656215,2695.9388375303424,2337
6316.0,4461,0,0,4,5.788585799062374,377.80923559739966,2697.3180949460493,2324
6317.0,4460,0,0,1,5.8253712413117205,377.8177130044843,2698.1412368827487,2307
6318.0,4459,0,0,1,5.853382564313544,377.9266651715631,2699.0765893269854,2301
6319.0,4457,0,0,2,5.867804068559693,378.01862239174335,2700.096796033998,2289
6320.0,4455,0,0,2,5.890073261417772,378.21099887766553,2701.0549095737692,2282
6321.0,4453,0,0,2,5.893552131647099,378.3588591960476,2702.4236096884256,2280
6322.0,4451,0,0,2,5.887724940518706,378.5475174118176,2703.1608138828456,2286
6323.0,4447,0,0,4,5.8618528390466205,378.84708792444343,2704.8111632991954,2293
6324.0,4444,0,0,3,5.838965477758734,379.0418541854185,2705.8475068568687,2284
6325.0,4443,0,0,1,5.836184068360009,379.07652487058294,2706.9237845464177,2278
6326.0,4441,0,0,2,5.817836165543707,379.15942355325376,2707.6895193840664,2275
6327.0,4439,0,0,2,5.795970413826637,379.2933093038973,2708.8066795882323,2276
6328.0,4437,0,0,2,5.78489645026439,379.48118097813835,2709.60564734101,2282
6329.0,4438,0,1,0,5.777711490029598,379.39004055881026,2709.704752679786,2287
6330.0,4437,0,0,1,5.767295876585919,379.5197205318909,2710.843456853881,2294
6331.0,4436,0,0,1,5.7505639235403105,379.52637511271416,2711.524793310302,2282
6332.0,4432,0,0,4,5.734773359092519,379.692238267148,2712.3152670636455,2269
6333.0,4432,0,0,0,5.728701813085356,379.61236462093865,2713.0289407021146,2251
6334.0,4430,0,0,2,5.700520043890149,379.8250564334086,2713.865419232776,2281
6335.0,4430,0,0,0,5.6626722727116,379.84604966139955,2714.5838973815435,2280
6336.0,4430,0,0,0,5.641859794977134,379.92437923250566,2715.3041823440344,2298
6337.0,4428,0,0,2,5.5995860764764505,380.1449864498645,2715.865363061567,2307
6338.0,4427,0,0,1,5.563736784477333,380.3196295459679,2716.9152279869427,2322
6339.0,4426,0,0,1,5.526287844670744,380.48960686850427,2717.9109411492955,2317
6340.0,4424,0,0,2,5.46642005123615,380.7366636528029,2718.899736895341,2320
6341.0,4424,0,0,0,5.426056152199663,380.88449367088606,2719.634247891653,2332
6342.0,4422,0,0,2,5.387467616577262,381.07078245137944,2719.9047172235355,2337
6343.0,4420,0,0,2,5.347391158442,381.33574660633485,2720.846241932645,2344
6344.0,4416,0,0,4,5.3107556125419615,381.833106884058,2721.6822724937106,2374
6345.0,4416,0,1,1,5.254022515912306,381.99932065217394,2721.697893548475,2383
6346.0,4414,0,0,2,5.209692618223065,382.2444494789307,2722.5551777974433,2394
6347.0,4414,0,0,0,5.173610311518127,382.3563661078387,2723.3074707449177,2415
6348.0,4410,0,0,4,5.119787219143015,382.81111111111113,2724.7033388363748,2429
6349.0,4410,0,0,0,5.077021713717388,382.991156462585,2725.462697045673,2463
6350.0,4408,0,0,2,5.046050058065957,383.3763611615245,2726.301991326898,2499
6351.0,4408,0,1,1,5.028009509582253,383.60775862068965,2726.614214960639,2524
6352.0,4406,0,0,2,5.003652518068531,384.0553790285974,2727.6817263754824,2564
6353.0,4406,0,1,1,4.987534716701696,384.3057194734453,2727.78139343492,2591
6354.0,4407,0,1,0,4.962773001336126,384.5214431586113,2727.9301524618927,2609
6355.0,4405,0,0,2,4.920701690454888,384.92531214528947,2728.636874380729,2629
6356.0,4406,0,1,0,4.887079501091406,385.14026327734905,2728.7899223138606,2650
6357.0,4405,0,1,2,4.845033587950449,385.51418842224746,2728.494996402539,2672
6358.0,4405,0,0,0,4.820417249056077,385.8376844494892,2729.2710223566405,2691
6359.0,4405,0,1,1,4.785765126417291,386.16481271282635,2729.1003031720525,2718
6360.0,4405,0,0,0,4.749163719391624,386.5477866061294,2729.881455060389,2754
6361.0,4405,0,1,1,4.705903565168467,386.8696935300795,2730.0567197971322,2768
6362.0,4405,0,0,0,4.65907970699038,387.25561861521,2730.8435371511355,2786
6363.0,4407,0,2,0,4.629883828458945,387.5005672793283,2730.3933270472803,2811
6364.0,4407,0,0,0,4.596300882839985,387.8445654640345,2731.1847810202858,2820
6365.0,4405,0,1,3,4.553053644597577,388.3550510783201,2731.3787457070594,2839
6366.0,4405,0,0,0,4.533941958963443,388.6569807037457,2732.174228523623,2842
6367.0,4406,0,2,1,4.524683879900089,388.92305946436676,2731.9877967841803,2857
6368.0,4404,0,0,2,4.494592444765733,389.43869209809264,2732.3986038111566,2882
6369.0,4405,0,1,0,4.470732739087307,389.66129398410897,2732.5783145789856,2893
6370.0,4406,0,2,1,4.428618636322677,389.9521107580572,2732.396081319202,2904
6371.0,4406,0,0,0,4.400898762039922,390.2936904221516,2733.2007399817157,2936
6372.0,4405,0,0,1,4.383543890835904,390.7511918274688,2734.267978602471,2943
6373.0,4403,0,0,2,4.35481974504237,391.2652736770384,2735.1168827094652,2965
6374.0,4404,0,1,0,4.338134929011381,391.56698455949135,2735.304109072195,2976
6375.0,4403,0,0,1,4.323210529037348,392.0713150124915,2735.9516805811795,2992
6376.0,4404,0,2,1,4.314839196284648,392.38692098092645,2735.405284247866,2992
6377.0,4404,0,0,0,4.301634446573026,392.73524069028156,2736.216799813841,3016
6378.0,4403,0,0,1,4.278101859844478,393.1601181012946,2737.3171834882473,3015
6379.0,4404,0,1,0,4.2602723504409,393.52202543142596,2737.5095172417614,3028
6380.0,4404,0,0,0,4.251296633883252,393.98660308810173,2738.3246508037655,3040
6381.0,4403,0,1,2,4.222296690287274,394.4219850102203,2738.650233013908,3037
6382.0,4403,0,0,0,4.205954377620878,394.8818987054281,2739.468648171589,3057
6383.0,4403,0,0,0,4.182028317661837,395.3708834885305,2740.2888907402635,3083
6384.0,4403,0,0,0,4.162508918208927,395.8966613672496,2741.1109773156672,3095
6385.0,4402,0,0,1,4.135229756239696,396.4463880054521,2742.176511052172,3110
6386.0,4400,0,0,2,4.1184778134773845,397.07545454545453,2743.130054552083,3118
6387.0,4400,0,0,0,4.092764006619527,397.56,2743.9569344590714,3135
6388.0,4399,0,0,1,4.071058420974652,398.1066151398045,2744.6774867420045,3141
6389.0,4399,0,0,0,4.044705333879016,398.620140941123,2745.5078245536106,3155
6390.0,4398,0,0,1,4.023356222083068,399.2175989085948,2746.142059282669,3179
6391.0,4398,0,0,0,4.0904529071561875,397.8988176443838,2746.9689671612864,3005
6392.0,4396,0,0,2,4.192480087017995,397.1121474067334,2747.556833284298,2873
6393.0,4396,0,0,0,4.3409589880402155,396.49931756141945,2748.3658096104264,2781
6394.0,4395,0,0,1,4.511914518684905,395.99544937428897,2749.252773179772,2691
6395.0,4395,0,0,0,4.688225053571474,395.5158134243458,2750.037706557088,2627
6396.0,4395,0,0,0,4.8754914494410775,395.1729237770193,2750.8094894948194,2559
6397.0,4395,0,0,0,5.051052591275952,395.0025028441411,2751.569031269685,2525
6398.0,4395,0,0,0,5.214366359189984,394.8693970420933,2752.3178222605193,2498
6399.0,4394,0,0,1,5.339684642188693,394.9745106964042,2753.3745777048052,2469
6400.0,4393,0,0,1,5.45164608727714,395.0279990894605,2754.341496708011,2448
6401.0,4392,0,0,1,5.546546563638312,395.117941712204,2754.980107140203,2443
6402.0,4389,0,0,3,5.606310811616613,395.42606516290726,2755.620197426813,2434
6403.0,4386,0,0,3,5.66070619167199,395.6589147286822,2756.625483841276,2411
6404.0,4385,0,0,1,5.705475175342641,395.7322690992018,2757.8183280030858,2401
6405.0,4384,0,0,1,5.746428121562078,395.7933394160584,2758.488598683134,2376
6406.0,4384,0,0,0,5.776346078191999,395.81911496350364,2759.197923115714,2367
6407.0,4383,0,0,1,5.800036830975773,395.9256217202829,2760.2723787160417,2360
6408.0,4382,0,0,1,5.827173219692833,396.0648105887723,2761.005287511874,2342
6409.0,4380,0,0,2,5.832811590325602,396.2018264840183,2762.248703216613,2324
6410.0,4378,0,0,2,5.829815202973366,396.4202832343536,2763.4773535406093,2331
6411.0,4376,0,0,2,5.817921623242176,396.6231718464351,2764.37779851868,2312
6412.0,4374,0,0,2,5.798514998593723,396.85322359396434,2765.379706572749,2306
6413.0,4373,0,0,1,5.79485701406458,397.0048021952893,2766.3051298163623,2301
6414.0,4370,0,0,3,5.7752104252089245,397.2771167048055,2767.679981144259,2295
6415.0,4370,0,0,0,5.779726163813573,397.3329519450801,2768.3876514256976,2296
6416.0,4369,0,0,1,5.757767482057589,397.4582284275578,2769.4551703412817,2284
6417.0,4365,0,0,4,5.714027635561019,397.9021764032073,2770.236894833445,2290
6418.0,4364,0,0,1,5.686519666227029,397.9837305224565,2771.182969900196,2309
6419.0,4363,0,0,1,5.672747224630367,398.05661242264495,2771.9332465831662,2305
6420.0,4363,0,0,0,5.645963634999175,398.0190236076094,2772.6492751900128,2307
6421.0,4361,0,1,3,5.611411771006905,398.2125659252465,2773.031452409623,2317
6422.0,4360,0,0,1,5.593170505429408,398.2821100917431,2773.7237510548916,2311
6423.0,4360,0,0,0,5.577200699095233,398.34495412844035,2774.445046716298,2319
6424.0,4357,0,0,3,5.559920543484816,398.57769107183844,2775.351914098169,2316
6425.0,4356,0,0,1,5.546719518087894,398.57621671258033,2776.286367238081,2325
6426.0,4354,0,0,2,5.524962552740694,398.81120808452,2777.149365091265,2333
6427.0,4352,0,0,2,5.496311677334711,399.1357996323529,2777.957824294499,2342
6428.0,4351,0,0,1,5.45379915717479,399.3895656170995,2778.740650316926,2353
6429.0,4351,0,0,0,5.414336662966133,399.44334635715927,2779.47498912583,2373
6430.0,4350,0,0,1,5.363054431719319,399.56045977011496,2780.2945648984473,2382
6431.0,4347,0,0,3,5.317563254747196,399.8334483551875,2780.8150745058424,2397
6432.0,4344,0,0,2,5.26797820236268,400.24010128913443,2780.989105391829,2416
6433.0,4344,0,0,0,5.226345423797278,400.3425414364641,2781.7378450085903,2417
6434.0,4344,0,0,0,5.179505074732995,400.5927716390424,2782.490119620561,2448
6435.0,4343,0,0,1,5.136138333025617,400.7893161409164,2783.309760881366,2467
6436.0,4344,0,0,0,5.110189076231751,400.8335635359116,2784.2681498891257,2478
6437.0,4344,0,0,0,5.086380945309183,400.93669429097605,2785.028003138665,2471
6438.0,4343,0,0,1,5.057683731940091,401.15910660833526,2786.0654477335074,2495
6439.0,4341,0,0,2,5.033523657639172,401.45473393227365,2786.81399749276,2513
6440.0,4339,0,0,2,5.0137495990551715,401.6824153030652,2787.7339999247733,2519
6441.0,4337,0,0,2,4.987273314219487,402.0156790408116,2788.405049093481,2537
6442.0,4334,0,0,3,4.9431383150767525,402.431241347485,2788.4344839475757,2552
6443.0,4333,0,0,1,4.904448877374,402.7551350103854,2789.1925239609036,2577
6444.0,4332,0,0,1,4.860836455363847,402.97576177285316,2789.800062906294,2587
6445.0,4330,0,0,2,4.8283374493264475,403.3877598152425,2790.909525221349,2607
6446.0,4326,0,0,4,4.796140348376621,403.8740175681923,2791.4814891149476,2623
6447.0,4325,0,0,1,4.783267754357099,404.162774566474,2792.2081370343235,2633
6448.0,4323,0,0,2,4.761830375197806,404.56025907934304,2792.628713588815,2645
6449.0,4323,0,0,0,4.740226469286925,404.82766597270415,2793.409884839517,2669
6450.0,4322,0,0,1,4.708922711865418,405.20592318371126,2794.664229910508,2679
6451.0,4321,0,1,2,4.687103868493295,405.4385558898403,2795.232106856703,2695
6452.0,4320,0,0,1,4.64649500540412,405.774537037037,2796.0212994482404,2714
6453.0,4319,0,0,1,4.608133318841944,406.2609400324149,2796.8392593138356,2734
6454.0,4317,0,0,2,4.576490920565312,406.68658790826964,2797.8106572165,2738
6455.0,4317,0,0,0,4.572634941948578,406.923326384063,2798.6035494472612,2736
6456.0,4313,0,0,4,4.540077360710117,407.62856480408067,2799.567949918408,2769
6457.0,4312,0,0,1,4.516789906277798,408.0148423005566,2800.4161248570695,2784
6458.0,4310,0,0,2,4.488887254599166,408.507656612529,2801.060522657024,2804
6459.0,4309,0,0,1,4.464442797026673,408.9412856811325,2801.8829573411385,2819
6460.0,4306,0,0,3,4.430337092243015,409.5782628889921,2802.7592893323467,2834
6461.0,4307,0,1,0,4.3994459437326645,409.84908288832133,2802.913287676147,2855
6462.0,4304,0,0,3,4.3724071014586325,410.4774628252788,2804.071387195651,2866
6463.0,4304,0,0,0,4.346546577428699,410.85199814126395,2804.8811149441835,2887
6464.0,4301,0,0,3,4.308657183993115,411.49058358521273,2805.9204310965342,2918
6465.0,4301,0,0,0,4.285880030932112,411.87677284352475,2806.734869595807,2934
6466.0,4299,0,1,3,4.258065319220466,412.45778087927425,2806.701837540819,2954
6467.0,4299,0,0,0,4.23252284552156,412.9081181670156,2807.5201054292825,2971
6468.0,4298,0,0,1,4.199357327433076,413.3994881340158,2808.187858570377,2987
6469.0,4297,0,0,1,4.177682508550176,413.830346753549,2809.3156812478815,2985
6470.0,4296,0,0,1,4.149464980774252,414.36801675977654,2809.9424170452376,2997
6471.0,4296,0,0,0,4.124911671048291,414.8070297951583,2810.7674113000194,2996
6472.0,4295,0,0,1,4.098588149257648,415.3525029103609,2811.600724623779,3006
6473.0,4294,0,0,1,4.077405957046162,415.8225430833721,2812.616395996889,3009
6474.0,4294,0,0,0,4.055998394092881,416.2985561248253,2813.4456656612424,3020
6475.0,4293,0,0,1,4.045492040583984,416.84626135569533,2814.543171446409,3030
6476.0,4292,0,0,1,4.016879398337735,417.41262814538675,2815.630496927115,3039
6477.0,4292,0,0,0,4.006269199489823,417.93918918918916,2816.463115233059,3060
6478.0,4291,0,0,1,3.9992188922255933,418.4504777441156,2817.288776087913,3070
6479.0,4291,0,0,0,3.9874902700085264,418.93731065019807,2818.1236121901493,3088
6480.0,4290,0,0,1,3.967637176731038,419.48205128205126,2819.260352736876,3104
6481.0,4289,0,0,1,4.023612254403197,418.1233387736069,2820.0985165024995,2938
6482.0,4287,0,0,2,4.1362312751657715,417.3561931420574,2821.26487861425,2814
6483.0,4286,0,0,1,4.270782336019727,416.7914139057396,2822.0719663193795,2710
6484.0,4285,0,0,1,4.431926548662358,416.33535589264875,2822.730836785514,2646
6485.0,4285,0,0,0,4.604765897281886,415.9584597432906,2823.5207028949103,2586
6486.0,4284,0,0,1,4.782645266471222,415.6654995331466,2823.834269979995,2533
6487.0,4282,0,0,2,4.96101537008527,415.46146660439047,2825.0905790212423,2498
6488.0,4281,0,0,1,5.1144978933117695,415.29432375613175,2825.6376522018913,2461
6489.0,4281,0,0,0,5.229858760109538,415.04368138285446,2826.383951840331,2437
6490.0,4280,0,0,1,5.305934548110325,415.00233644859816,2827.009711667766,2420
6491.0,4279,0,0,1,5.386197639282517,414.9289553634027,2827.743469479267,2403
6492.0,4277,0,0,2,5.451507882897842,414.8071077858312,2828.559949694604,2382
6493.0,4276,0,0,1,5.518934252987042,414.8028531337699,2829.3279275501664,2362
6494.0,4275,0,0,1,5.575064512205016,414.75859649122805,2829.901083326811,2335
6495.0,4274,0,0,1,5.623238451702834,414.7866167524567,2830.488782753592,2316
6496.0,4272,0,0,2,5.6360030768884,414.87687265917606,2830.8502265369666,2305
6497.0,4271,0,0,1,5.645592538065947,414.9346757199719,2831.788653274764,2297
6498.0,4271,0,0,0,5.669571833583644,415.0287988761414,2832.502330291507,2293
6499.0,4271,0,0,0,5.683642962009299,415.1365019901662,2833.2152881599777,2297
6500.0,4269,0,0,2,5.667562360050505,415.4860623096744,2833.859198640872,2296
6501.0,4269,0,0,0,5.675814163814387,415.55516514406185,2834.572105599318,2289
6502.0,4269,0,0,0,5.686255662970993,415.6769735301007,2835.285351311473,2299
6503.0,4268,0,0,1,5.679788743252026,415.82755388940956,2836.099471185415,2278
6504.0,4266,0,0,2,5.671387648323831,416.0407876230661,2836.5307799814295,2286
6505.0,4264,0,0,2,5.657822598148896,416.2138836772983,2836.9602561140036,2293
6506.0,4262,0,0,2,5.667855841557244,416.4106053496011,2837.7240444207746,2274
6507.0,4261,0,0,1,5.662959360966653,416.49730110302744,2838.3298122761553,2256
6508.0,4259,0,0,2,5.661291334448364,416.65156139938955,2839.193714086871,2259
6509.0,4259,0,0,0,5.6597548633443475,416.65250058699223,2839.9084844650456,2260
6510.0,4259,0,0,0,5.659310509357448,416.68302418408075,2840.6231455450306,2273
6511.0,4258,0,0,1,5.65605982266109,416.77336777829964,2841.3092761051994,2261
6512.0,4256,0,0,2,5.643567867904608,416.9668703007519,2842.2377259533546,2251
6513.0,4255,0,0,1,5.610563030198652,417.09588719153936,2842.9408113312165,2273
6514.0,4253,0,0,2,5.584280594446358,417.2701622384199,2843.9033488211658,2266
6515.0,4252,0,0,1,5.577407795472546,417.2285983066792,2844.5925010951073,2253
6516.0,4248,0,0,4,5.552284136138568,417.52777777777777,2845.4987151614328,2251
6517.0,4247,0,0,1,5.522476525530986,417.67694843418883,2846.2351083896674,2260
6518.0,4245,0,0,2,5.483117995949719,417.92155477031804,2847.065720455032,2280
6519.0,4242,0,0,3,5.447787154561794,418.2604903347478,2847.844716455248,2292
6520.0,4240,0,0,2,5.394717383425822,418.55,2848.5282721049866,2300
6521.0,4238,0,0,2,5.3297786514264365,418.8487494100991,2849.7415524998114,2314
6522.0,4236,0,0,2,5.27201915195377,419.12039660056655,2851.096661789527,2321
6523.0,4236,0,0,0,5.208200276469071,419.23819641170917,2851.840995414894,2336
6524.0,4235,0,0,1,5.149737445918213,419.43211334120423,2852.5651256726887,2363
6525.0,4232,0,0,3,5.094797803171725,419.86507561436673,2853.107725830016,2374
6526.0,4231,0,0,1,5.051911236118848,420.0588513353817,2853.8752106270035,2385
6527.0,4229,0,0,2,5.008643806928492,420.3421612674391,2854.637680599052,2402
6528.0,4228,0,0,1,4.980234666080439,420.5527436140019,2855.3806410334096,2426
6529.0,4226,0,0,2,4.936797918872918,420.83956460009466,2856.3966740229125,2436
6530.0,4225,0,0,1,4.899931675089383,421.10934911242606,2857.601253455612,2467
6531.0,4226,0,1,0,4.8849776346052005,421.2020823473734,2857.691745888735,2493
6532.0,4225,0,0,1,4.866495101276951,421.43384615384616,2858.6178023794137,2501
6533.0,4222,0,0,3,4.851546386023717,421.8872572240644,2859.518942125206,2511
6534.0,4223,0,1,0,4.837470427007495,421.9673218091404,2859.610819942404,2534
6535.0,4221,0,0,2,4.79454743105948,422.37029140014215,2860.126032858097,2549
6536.0,4220,0,0,1,4.762334968200196,422.6054502369668,2860.9034447807267,2564
6537.0,4218,0,1,3,4.701261709515438,422.98530109056423,2861.446903547391,2572
6538.0,4217,0,0,1,4.668094077153712,423.2719943087503,2862.234004354911,2583
6539.0,4216,0,0,1,4.626321854646895,423.68287476280835,2862.7321806063305,2618
6540.0,4217,0,1,0,4.590863757296578,423.91866255631965,2862.8407821500778,2647
6541.0,4217,0,1,1,4.552921068747383,424.17500592838513,2862.922918107322,2674
6542.0,4217,0,1,1,4.517375249226298,424.4605169551814,2862.990305271231,2688
6543.0,4215,0,0,2,4.488911243211364,424.92716488730724,2864.469759930219,2708
6544.0,4215,0,0,0,4.474684854297805,425.2149466192171,2865.2657367496054,2734
6545.0,4216,0,1,0,4.462637588223803,425.3965844402277,2865.382626833481,2743
6546.0,4216,0,0,0,4.440293861696036,425.66200189753323,2866.1813028662277,2764
6547.0,4216,0,1,1,4.41464786323324,425.8958728652751,2866.3246666946193,2771
6548.0,4216,0,0,0,4.394972529485675,426.1430265654649,2867.1267757665546,2774
6549.0,4216,0,1,1,4.369637019950654,426.4276565464896,2867.151142510789,2794
6550.0,4216,0,0,0,4.348656658908649,426.75118595825427,2867.957200474217,2810
6551.0,4216,0,1,1,4.3288595240165035,427.04411764705884,2868.1311766352756,2823
6552.0,4216,0,0,0,4.2988508100187275,427.29909867172677,2868.9404741497324,2845
6553.0,4216,0,1,1,4.274189450333636,427.5377134724858,2868.989446389721,2850
6554.0,4215,0,0,1,4.264393927073648,427.9198102016607,2869.6578808757617,2846
6555.0,4216,0,1,0,4.257874848233343,428.1430265654649,2869.7902678128967,2856
6556.0,4216,0,0,0,4.2478638764208885,428.4943074003795,2870.604433458144,2878
6557.0,4217,0,2,1,4.224401832208226,428.8342423523832,2870.549971208152,2891
6558.0,4216,0,0,1,4.209648394643249,429.28795066413664,2871.419798597231,2894
6559.0,4215,0,0,1,4.1884542912106735,429.7266903914591,2872.2437937674567,2920
6560.0,4214,0,0,1,4.155142093204858,430.23635500711913,2872.9059094955232,2938
6561.0,4212,0,0,2,4.1166822480048415,430.85470085470087,2873.8097150262142,2951
6562.0,4211,0,0,1,4.086696853039065,431.40797910235096,2874.9398555127723,2953
6563.0,4210,0,0,1,4.067054157041668,431.9102137767221,2875.7543096134827,2987
6564.0,4208,0,0,2,4.043188311476082,432.55703422053233,2876.4687478317014,2990
6565.0,4207,0,0,1,4.016678693425513,433.10387449488945,2877.3042978515955,3000
6566.0,4206,0,0,1,3.9914321746907717,433.5794103661436,2878.4071021642653,3001
6567.0,4206,0,0,0,3.972831391153003,434.0263908701854,2879.2385337516175,3002
6568.0,4206,0,0,0,3.9584306470340094,434.5580123632905,2880.071238162673,3030
6569.0,4206,0,0,0,3.937663318093499,435.0420827389444,2880.905054226646,3047
6570.0,4205,0,0,1,3.9132100226158784,435.54173602853746,2881.6484035916333,3045
6571.0,4205,0,0,0,3.9849683697239726,434.2592152199762,2882.477803096275,2896
6572.0,4204,0,0,1,4.085305445310092,433.43363463368223,2883.2248033459005,2764
6573.0,4203,0,0,1,4.231181860848623,432.88222698072803,2884.1304292699383,2671
6574.0,4201,0,0,2,4.382035323767466,432.39562009045466,2884.5171558605784,2591
6575.0,4200,0,0,1,4.549480483168591,431.8845238095238,2885.4607031098326,2517
6576.0,4198,0,0,2,4.710550695995117,431.6741305383516,2885.9163568095405,2478
6577.0,4195,0,0,3,4.849097308898663,431.5721096543504,2886.8084598241007,2447
6578.0,4193,0,0,2,4.963694223565791,431.4867636537086,2887.8584401980147,2416
6579.0,4192,0,0,1,5.060578579941361,431.2333015267176,2888.248465744192,2388
6580.0,4190,0,0,2,5.153071438722158,431.14081145584726,2889.096697716847,2364
6581.0,4189,0,0,1,5.224149432797159,431.0720935784197,2889.8574998728163,2340
6582.0,4189,0,1,1,5.289108518360657,430.95679159703985,2890.055987392156,2346
6583.0,4188,0,0,1,5.339947341033529,430.80635148042023,2890.791531177923,2319
6584.0,4187,0,0,1,5.386903771105092,430.6732744208264,2891.6213242613044,2310
6585.0,4187,0,0,0,5.411888764390054,430.50943396226415,2892.3489818959947,2299
6586.0,4186,0,0,1,5.435611616976095,430.455088389871,2892.7394516255927,2296
6587.0,4185,0,0,1,5.443642854326106,430.47598566308244,2893.477960146221,2301
6588.0,4185,0,0,0,5.4684014044164035,430.3405017921147,2894.200892736715,2299
6589.0,4183,0,0,2,5.482337567943421,430.4766913698303,2894.7097666302516,2281
6590.0,4183,0,0,0,5.48254472719508,430.47645230695673,2895.4318424545872,2279
6591.0,4183,0,0,0,5.496335879614708,430.4240975376524,2896.152828620219,2279
6592.0,4182,0,0,1,5.49335940345709,430.4081779053085,2896.950879129109,2292
6593.0,4180,0,0,2,5.480200515861044,430.5736842105263,2897.5878388937904,2292
6594.0,4179,0,0,1,5.474978459487365,430.55396027757837,2898.3684606676693,2288
6595.0,4175,0,0,4,5.461566465589573,430.82155688622754,2899.856775967252,2281
6596.0,4175,0,0,0,5.441345475315319,430.6241916167665,2900.58220430556,2281
6597.0,4173,0,0,2,5.426832293605597,430.73520249221184,2901.9538549467966,2295
6598.0,4173,0,0,0,5.409546385605648,430.5849508746705,2902.681811560609,2293
6599.0,4170,0,0,3,5.390262608474337,430.84988009592325,2903.8605524197314,2304
6600.0,4169,0,0,1,5.383217336760886,430.58575197889184,2904.934163336805,2278
6601.0,4169,0,0,0,5.371747184751765,430.3389301990885,2905.6648645759215,2277
6602.0,4167,0,0,2,5.359178952660809,430.51067914566835,2906.7255818151907,2273
6603.0,4167,0,0,0,5.348671261721495,430.3938084953204,2907.457518814235,2287
6604.0,4165,0,0,2,5.3375311814845565,430.4984393757503,2908.7975595429634,2299
6605.0,4164,0,0,1,5.324192437999881,430.478386167147,2909.688373906353,2304
6606.0,4164,0,0,0,5.319076284673066,430.397934678194,2910.423044905435,2312
6607.0,4162,0,0,2,5.284221289955413,430.5999519461797,2911.5818973494506,2317
6608.0,4161,0,0,1,5.23920687138675,430.5152607546263,2912.2870045903187,2335
6609.0,4159,0,0,2,5.189852637196734,430.64558788170234,2913.326006620839,2344
6610.0,4159,0,0,0,5.162792290661486,430.77662899735515,2914.07167624016,2368
6611.0,4158,0,0,1,5.120175303230717,430.8826358826359,2914.447761784063,2387
6612.0,4157,0,0,1,5.090791898886534,430.97883088765934,2915.1451987709174,2393
6613.0,4157,0,0,0,5.068600674678912,430.87587202309356,2915.898247053703,2406
6614.0,4156,0,0,1,5.035033471863899,431.15615976900864,2916.9951698109107,2418
6615.0,4155,0,0,1,4.985807582554925,431.23971119133574,2917.3286774002972,2435
6616.0,4154,0,0,1,4.94825519839656,431.26600866634567,2918.1735789391123,2424
6617.0,4153,0,0,1,4.925650644775982,431.30122802793164,2918.465075921921,2426
6618.0,4152,0,0,1,4.900214026136322,431.41859344894027,2919.453458669235,2431
6619.0,4152,0,0,0,4.876932568653113,431.34850674373797,2920.220145702032,2426
6620.0,4151,0,0,1,4.853939750480047,431.5324018308841,2920.7677052767976,2430
6621.0,4151,0,2,2,4.83510702523254,431.59624186942904,2919.898424075946,2455
6622.0,4149,0,0,2,4.810858224291535,432.000482043866,2920.491143865919,2463
6623.0,4149,0,0,0,4.8096260663836885,432.02651241262953,2921.2631705580256,2456
6624.0,4147,0,0,2,4.787799755259196,432.4719074029419,2922.5594096277123,2485
6625.0,4148,0,2,1,4.76771783281906,432.6029411764706,2921.9928937307764,2512
6626.0,4146,0,0,2,4.747957880804664,433.1242161119151,2922.7591238373834,2527
6627.0,4146,0,0,0,4.728160426911767,433.4020742884708,2923.5374394763367,2556
6628.0,4145,0,0,1,4.692001573000047,433.8453558504222,2924.522854476465,2562
6629.0,4146,0,1,0,4.651216543351939,434.0692233478051,2924.600881291227,2603
6630.0,4145,0,0,1,4.616643026342401,434.4972255729795,2925.8351270973385,2619
6631.0,4147,0,2,0,4.570398965201893,434.6590306245479,2925.212231418301,2646
6632.0,4147,0,0,0,4.537894365211042,435.0009645526887,2926.002882695314,2673
6633.0,4146,0,0,1,4.499365262901855,435.4428364688857,2926.879978863201,2676
6634.0,4147,0,1,0,4.488057635043972,435.6059802266699,2926.9672784554496,2679
6635.0,4147,0,0,0,4.480312940284993,435.90378586930314,2927.761479655896,2690
6636.0,4147,0,0,0,4.472422066515137,436.1721726549313,2928.556070053228,2691
6637.0,4147,0,0,0,4.459845756951183,436.51024837231733,2929.3518565732134,2707
6638.0,4146,0,0,1,4.439229219867853,437.00844187168354,2930.0339042723135,2726
6639.0,4147,0,2,1,4.4193887116437205,437.31637328189055,2929.292621029493,2739
6640.0,4145,0,0,2,4.3949087837428875,437.8907117008444,2929.9313479975135,2748
6641.0,4146,0,2,1,4.359591629845359,438.20598166907865,2929.2206291713505,2764
6642.0,4145,0,0,1,4.33746298521556,438.6885404101327,2930.2201549490983,2778
6643.0,4143,0,0,2,4.31700383164421,439.3217475259474,2931.3461523929495,2795
6644.0,4142,0,0,1,4.295738036361819,439.81868662481895,2932.1854890358077,2801
6645.0,4141,0,1,2,4.265545552903958,440.32359333494327,2932.361482684363,2815
6646.0,4140,0,0,1,4.237379015903584,440.84106280193237,2932.9690833191958,2836
6647.0,4141,0,1,0,4.215027603303372,441.17990823472593,2933.074396629421,2862
6648.0,4141,0,0,0,4.1867410750583405,441.6575706351123,2933.890294036234,2878
6649.0,4141,0,0,0,4.164195704451706,442.05191982612894,2934.708104463928,2893
6650.0,4141,0,0,0,4.150185051754191,442.4443371166385,2935.5273234300057,2898
6651.0,4141,0,0,0,4.128269836054573,442.8377203574016,2936.3487896907227,2922
6652.0,4140,0,0,1,4.1128557145198466,443.3188405797101,2937.479525935064,2912
6653.0,4139,0,1,2,4.095562804331148,443.9048079246195,2937.4072365344514,2941
6654.0,4137,0,0,2,4.0674169278610215,444.5591007976795,2937.6831855802047,2960
6655.0,4137,0,1,1,4.0630486272672695,444.9291757312062,2937.697393813261,2961
6656.0,4132,0,0,5,4.036854779538586,445.8683446272991,2939.2964276357657,2961
6657.0,4132,0,1,1,4.023899013054344,446.26621490803484,2939.23648775248,2962
6658.0,4129,0,0,3,4.0068928596926785,447.0092031969,2940.2924950304036,2972
6659.0,4128,0,0,1,3.987716849067839,447.546753875969,2941.071482766497,2980
6660.0,4127,0,0,1,3.974741110544231,448.12188030046036,2942.1028270823963,2987
6661.0,4124,0,0,3,4.032172987559283,447.1939864209505,2942.250003174319,2835
6662.0,4124,0,1,1,4.123637743390894,446.34481086323956,2942.1531337547235,2725
6663.0,4123,0,0,1,4.239037163070698,445.89861751152074,2943.2209909509675,2631
6664.0,4123,0,0,0,4.372435979653203,445.44845985932574,2944.019928502609,2567
6665.0,4121,0,0,2,4.513407628726002,445.25721912157246,2944.995309731514,2511
6666.0,4120,0,0,1,4.669286907887161,445.1254854368932,2946.24079918142,2478
6667.0,4117,0,0,3,4.810343577145282,445.2810298761234,2946.63560038955,2452
6668.0,4116,0,0,1,4.946171962227276,445.2269193391642,2947.832471029493,2429
6669.0,4115,0,1,2,5.070195744691885,445.1030376670717,2948.202075641036,2383
6670.0,4113,0,0,2,5.171712782171225,445.17335278385605,2949.0028383240106,2348
6671.0,4111,0,0,2,5.258240154891525,445.38822670882996,2950.1853584451333,2345
6672.0,4110,0,0,1,5.337965413571912,445.476399026764,2951.0809050697317,2320
6673.0,4107,0,0,3,5.377591758660493,445.7226686145605,2951.994227258946,2300
6674.0,4106,0,0,1,5.413785413174345,445.7308816366293,2952.773409762644,2296
6675.0,4104,0,0,2,5.455521259646568,445.84624756335285,2954.31056492174,2283
6676.0,4104,0,0,0,5.4981787486348015,445.8784113060429,2955.028800259232,2271
6677.0,4103,0,0,1,5.529502708832086,446.02729709968315,2955.889577284262,2250
6678.0,4102,0,0,1,5.557225384677754,446.0950755728913,2956.1237628238478,2250
6679.0,4101,0,0,1,5.582982804209374,446.2440868080956,2956.769557160522,2262
6680.0,4100,0,0,1,5.5715412590603925,446.33780487804876,2957.6426322187617,2256
6681.0,4099,0,0,1,5.566849027379372,446.50012198097096,2958.1664866836127,2265
6682.0,4099,0,0,0,5.553999611163522,446.5847767748231,2958.882258757162,2262
6683.0,4098,0,0,1,5.537331756971793,446.71425085407515,2959.466872069897,2264
6684.0,4097,0,0,1,5.535437084803836,446.769587503051,2960.211988428945,2243
6685.0,4095,0,0,2,5.539334063863147,446.85543345543346,2960.77227686785,2226
6686.0,4093,0,0,2,5.5532382606664745,447.01465917419983,2961.3006803100525,2221
6687.0,4093,0,0,0,5.554506200844161,446.9692157341803,2962.017332055175,2212
6688.0,4092,0,0,1,5.549569667415369,447.11143695014664,2962.546070217071,2214
6689.0,4092,0,0,0,5.536547378926266,447.0772238514174,2963.2649241770728,2215
6690.0,4091,0,0,1,5.517795900126398,447.15692984600344,2963.809495079566,2206
6691.0,4089,0,0,2,5.497829915146172,447.3680606505258,2964.5992125933385,2218
6692.0,4087,0,0,2,5.463948930913275,447.6004404208466,2965.66138186573,2220
6693.0,4085,0,0,2,5.435657564287072,447.81958384332927,2966.4365181225526,2229
6694.0,4082,0,0,3,5.428800227081554,448.05732484076435,2967.505583735122,2229
6695.0,4079,0,0,3,5.430549165464168,448.4483942142682,2968.6143801831245,2229
6696.0,4077,0,0,2,5.418117325459397,448.5710080941869,2969.3033329272926,2228
6697.0,4076,0,0,1,5.407581023931794,448.74558390579,2970.175521182154,2227
6698.0,4074,0,0,2,5.37989791818276,449.0085910652921,2971.0150530888523,2227
6699.0,4072,0,0,2,5.352125013345221,449.3069744597249,2972.287860159898,2230
6700.0,4070,0,0,2,5.317056852815093,449.57223587223586,2972.964511478553,2239
6701.0,4068,0,0,2,5.264216951726133,449.8822517207473,2973.2636380422955,2263
6702.0,4068,0,0,0,5.212184277339726,449.93166175024584,2974.0074814381137,2258
6703.0,4065,0,0,3,5.1587542973435605,450.3830258302583,2974.8402385468194,2268
6704.0,4065,0,0,0,5.122806628877988,450.51463714637146,2975.591228274671,2275
6705.0,4064,0,0,1,5.079943435053393,450.86811023622045,2976.3118222954467,2297
6706.0,4063,0,0,1,5.043159042650955,451.18705390105833,2977.0299464962027,2312
6707.0,4061,0,0,2,5.015820943800392,451.4890421078552,2977.5862619233485,2315
6708.0,4059,0,0,2,5.0019877154311985,451.78147326927814,2978.0354121282267,2315
6709.0,4058,0,0,1,4.9907663638349655,452.0386890093642,2978.7417918189863,2330
6710.0,4057,0,0,1,4.990787995137438,452.27483362090214,2979.8678243129884,2336
6711.0,4054,0,0,3,4.964455573437251,452.7819437592501,2980.403350309593,2345
6712.0,4055,0,2,1,4.949943043173588,452.81356350184956,2979.5913723532685,2356
6713.0,4053,0,0,2,4.936337633087002,453.1482852208241,2980.7925448388437,2357
6714.0,4052,0,0,1,4.932162700340664,453.37142152023694,2981.896774636653,2369
6715.0,4051,0,1,2,4.905515040030972,453.66403357195753,2981.6873059429568,2390
6716.0,4052,0,1,0,4.888548858253011,453.7300098716683,2981.718708871571,2399
6717.0,4050,0,1,3,4.865093807944774,454.2162962962963,2981.5069018885006,2404
6718.0,4048,0,0,2,4.822626553491572,454.72084980237156,2982.108725092308,2421
6719.0,4049,0,2,1,4.795976404809647,454.90022227710546,2981.227369192172,2433
6720.0,4049,0,1,1,4.793389714087964,455.20968140281553,2981.533902546064,2452
6721.0,4048,0,0,1,4.769748378193724,455.60573122529644,2982.5533450499433,2467
6722.0,4048,0,1,1,4.728188517984585,455.96689723320156,2982.6138240829055,2488
6723.0,4049,0,1,0,4.69845098654883,456.1410224746851,2982.6590692858617,2509
6724.0,4047,0,0,2,4.6604058040769285,456.6204595997035,2983.7556307695854,2533
6725.0,4049,0,2,0,4.639138692398861,456.73845393924427,2983.0677519406663,2549
6726.0,4049,0,0,0,4.610054010281675,457.09261546060753,2983.856182103487,2577
6727.0,4048,0,0,1,4.57147465789772,457.5800395256917,2984.666507185986,2580
6728.0,4049,0,2,1,4.534159471704177,457.8688565077797,2984.278544454293,2599
6729.0,4049,0,0,0,4.5151419657559835,458.22598172388246,2985.074129177253,2622
6730.0,4050,0,1,0,4.483956700629381,458.5096296296296,2985.1349892828293,2635
6731.0,4048,0,0,2,4.447192538208251,459.16477272727275,2986.2362204534534,2653
6732.0,4049,0,2,1,4.424190788934831,459.47616695480366,2985.3439244363026,2666
6733.0,4049,0,1,1,4.403975796567597,459.82909360335884,2985.3912560248277,2673
6734.0,4049,0,0,0,4.3762930486560405,460.2378365028402,2986.198058606929,2688
6735.0,4049,0,1,1,4.354631134609359,460.66609039268957,2985.727227423505,2707
6736.0,4049,0,0,0,4.3373371845526005,461.0679180044455,2986.5366591875795,2707
6737.0,4048,0,0,1,4.321257057406676,461.5743577075099,2987.288373612652,2708
6738.0,4049,0,1,0,4.287145931812419,461.91380587799455,2987.3635877727174,2723
6739.0,4048,0,0,1,4.254028649174101,462.4997529644269,2988.192910197082,2736
6740.0,4047,0,1,2,4.225593753499819,463.1304670126019,2988.2938319282703,2755
6741.0,4046,0,0,1,4.204054820077845,463.7219476025704,2988.938870226924,2768
6742.0,4044,0,0,2,4.18674726509027,464.47551928783383,2989.8886564633717,2776
6743.0,4043,0,0,1,4.167507682849795,465.0860746970072,2990.6558863002483,2789
6744.0,4041,0,0,2,4.145357779388332,465.7223459539718,2991.529859358725,2783
6745.0,4040,0,0,1,4.1473603872435145,466.2544554455446,2992.8800958132038,2802
6746.0,4039,0,0,1,4.121121865229006,466.82891804902204,2993.6876579586515,2811
6747.0,4036,0,0,3,4.083671465100328,467.66625371655107,2994.50703661635,2823
6748.0,4035,0,0,1,4.068651652067986,468.2557620817844,2995.7272496104265,2833
6749.0,4035,0,0,0,4.059105344156165,468.7625774473358,2996.5550153979257,2846
6750.0,4034,0,0,1,4.042753469974561,469.3715914724839,2997.7881485702983,2851
6751.0,4033,0,0,1,4.109305196960779,468.23332506818747,2998.652403811398,2708
6752.0,4033,0,0,0,4.219830813281299,467.35556657575006,2999.4680675564064,2597
6753.0,4032,0,1,2,4.328661376945875,466.88070436507934,2999.6842516248203,2510
6754.0,4032,0,0,0,4.480045620054416,466.4794146825397,3000.480909370584,2457
6755.0,4031,0,0,1,4.629395069936774,466.31505829818906,3000.726632280426,2404
6756.0,4030,0,0,1,4.7971899846236985,466.19776674937964,3001.35512279,2367
6757.0,4030,0,0,0,4.9544373873977126,466.0409429280397,3002.118015507021,2331
6758.0,4029,0,0,1,5.0767019280772665,466.1072226358898,3003.214852886747,2304
6759.0,4028,0,0,1,5.190284242840654,466.17428003972196,3003.98793277803,2267
6760.0,4027,0,0,1,5.2955811471538325,466.23615594735537,3004.762627533646,2241
6761.0,4025,0,0,2,5.3471008333861025,466.48496894409936,3005.872712691556,2229
6762.0,4025,0,0,0,5.3982997484289985,466.42434782608694,3006.6035086180727,2202
6763.0,4023,0,0,2,5.4186242963727596,466.59756400696,3007.9673159950567,2179
6764.0,4022,0,0,1,5.444453388838859,466.6514172053705,3009.042452735714,2169
6765.0,4020,0,0,2,5.468816749528849,466.8756218905473,3009.6821976626006,2165
6766.0,4019,0,1,2,5.477903163593077,467.01244090569793,3009.4587859742337,2169
6767.0,4019,0,0,0,5.49982898353031,467.00348345359544,3010.1802928452257,2160
6768.0,4017,0,0,2,5.51986399935937,467.29375155588747,3011.3097194407433,2159
6769.0,4015,0,0,2,5.516719447373008,467.5491905354919,3011.956567931027,2149
6770.0,4015,0,0,0,5.518855351340983,467.52378580323784,3012.676192703423,2143
6771.0,4015,0,0,0,5.51375960437954,467.51631382316316,3013.395340263657,2127
6772.0,4013,0,0,2,5.489222330437082,467.83702965362573,3014.3701418041533,2145
6773.0,4012,0,0,1,5.4640115922320724,467.85144566301096,3015.4013038429684,2121
6774.0,4012,0,0,0,5.462650183451476,467.90154536390827,3016.1228572794307,2118
6775.0,4010,0,0,2,5.451148969559443,468.1047381546135,3017.4104699200607,2117
6776.0,4010,0,0,0,5.45537341847408,468.07431421446387,3018.1322348515023,2116
6777.0,4009,0,0,1,5.44626481495824,468.25991519082066,3018.5779688890766,2116
6778.0,4008,0,0,1,5.446506345129843,468.4491017964072,3019.1092063865785,2133
6779.0,4007,0,0,1,5.433126703199607,468.5612677813826,3020.01105811223,2120
6780.0,4005,0,0,2,5.396957154599101,468.77677902621724,3021.0659961330516,2121
6781.0,4006,0,1,0,5.370379183914651,468.6335496754868,3021.040440427937,2124
6782.0,4006,0,0,0,5.337772624249972,468.5027458811782,3021.7715328982185,2116
6783.0,4007,0,1,0,5.3009099948017715,468.2909907661592,3021.750223575424,2147
6784.0,4005,0,0,2,5.263128844756054,468.4851435705368,3023.0755296326065,2168
6785.0,4005,0,0,0,5.235995400616391,468.55555555555554,3023.8122708666015,2178
6786.0,4003,0,0,2,5.1922539409335045,468.95253559830127,3024.5157673217404,2195
6787.0,4000,0,0,3,5.152043632524646,469.32825,3025.6433870461087,2212
6788.0,3997,0,0,3,5.101464645390327,469.7383037277958,3026.798458162363,2234
6789.0,3996,0,0,1,5.0625998299918145,469.9184184184184,3027.229162304283,2244
6790.0,3995,0,1,2,5.002449771480339,470.08585732165204,3027.3606197432273,2256
6791.0,3994,0,0,1,4.969573675978637,470.26664997496243,3028.1893768077407,2258
6792.0,3993,0,0,1,4.926892861512321,470.57525669922364,3029.35445414889,2277
6793.0,3994,0,1,0,4.899698666097109,470.7225838758137,3029.3567712948516,2299
6794.0,3993,0,0,1,4.871107713178408,471.1242173804157,3030.166195613932,2303
6795.0,3993,0,1,1,4.8192450856980065,471.2985224142249,3030.4912721333017,2316
6796.0,3990,0,0,3,4.764665065844708,471.76491228070176,3031.993159647542,2325
6797.0,3990,0,1,1,4.734934020647999,471.85588972431077,3031.9419480377205,2332
6798.0,3988,0,0,2,4.719612810407085,472.259779338014,3033.1084520773643,2356
6799.0,3986,0,0,2,4.701752537581216,472.72980431510285,3033.712749029497,2380
6800.0,3987,0,1,0,4.69280342285174,472.74441936292953,3033.728453206474,2399
6801.0,3986,0,0,1,4.695633816646817,473.06698444555946,3034.5437553327774,2401
6802.0,3988,0,2,0,4.6929201126584585,473.05942828485456,3033.799017896757,2418
6803.0,3987,0,0,1,4.6811034559386275,473.4404314020567,3034.7134268252457,2428
6804.0,3985,0,1,3,4.647888989648148,473.72346298619823,3034.8840708040384,2445
6805.0,3986,0,1,0,4.639367047347961,473.7160060210738,3034.904183270757,2437
6806.0,3985,0,1,2,4.597493387036989,474.1084065244668,3035.213858718899,2453
6807.0,3984,0,0,1,4.555702984066824,474.4806726907631,3036.2298035809135,2470
6808.0,3982,0,0,2,4.516232481798544,475.0030135610246,3036.6228203754554,2484
6809.0,3982,0,1,1,4.491343367413242,475.26318432948267,3037.0986331987174,2496
6810.0,3980,0,0,2,4.458316937276796,475.65376884422113,3037.5744464294485,2504
6811.0,3979,0,0,1,4.430395888773466,476.02513194269915,3038.0572994800855,2516
6812.0,3977,0,0,2,4.400959771319412,476.56147850138296,3038.6795069638574,2529
6813.0,3975,0,0,2,4.364102498693911,477.10867924528304,3039.142505332691,2536
6814.0,3974,0,1,2,4.341111887460925,477.5186210367388,3038.6043706970495,2567
6815.0,3974,0,0,0,4.324791946475822,477.90010065425264,3039.4060089434065,2586
6816.0,3972,0,1,3,4.294219599289402,478.44385699899294,3039.801152735012,2594
6817.0,3973,0,1,0,4.270559138876409,478.595519758369,3039.840997399888,2596
6818.0,3974,0,1,0,4.247858030197731,478.7833417211877,3039.8823596021816,2613
6819.0,3975,0,1,0,4.228005767517406,478.94716981132075,3039.9258539002813,2632
6820.0,3974,0,0,1,4.2028983401525295,479.3183190739809,3040.235830809503,2639
6821.0,3977,0,3,0,4.182677717093262,479.3442293185818,3038.75389609608,2660
6822.0,3976,0,0,1,4.155980804827074,479.89210261569417,3039.376075638138,2691
6823.0,3977,0,1,0,4.143330985218968,480.1056072416394,3039.4270773598105,2692
6824.0,3977,0,0,0,4.110387942589716,480.48001005783254,3040.2455263729735,2707
6825.0,3979,0,2,0,4.084154899481207,480.59437044483536,3039.537679590116,2712
6826.0,3979,0,0,0,4.070999305152507,480.97989444584067,3040.3585177250566,2726
6827.0,3980,0,2,1,4.038187812355333,481.29221105527637,3039.3553411963367,2757
6828.0,3979,0,0,1,4.003896693562887,481.75169640613217,3040.212016048694,2760
6829.0,3979,0,0,0,3.988510728378569,482.12113596381,3041.039157920958,2774
6830.0,3979,0,2,2,3.9655437430387765,482.5059060065343,3040.2611914404715,2784
6831.0,3978,0,0,1,3.945686189752787,483.0593262946204,3040.958602820783,2794
6832.0,3978,0,1,1,3.928104967075556,483.586978381096,3041.057394931631,2813
6833.0,3979,0,1,0,3.9150463604979295,483.9256094496105,3041.1245987886678,2819
6834.0,3977,0,0,2,3.8837333969895957,484.6690973095298,3041.9331508923383,2839
6835.0,3977,0,1,1,3.851560787738886,485.09831531305,3041.951858443189,2848
6836.0,3977,0,1,1,3.823518329045935,485.6090017601207,3041.5217135023063,2869
6837.0,3976,0,0,1,3.7890198739279306,486.30885311871225,3042.302640408305,2889
6838.0,3973,0,0,3,3.74906732029029,487.18726403221746,3042.937304825867,2898
6839.0,3971,0,1,3,3.7191532161747,487.98866784185344,3043.112029006412,2925
6840.0,3970,0,0,1,3.7051904249290395,488.7115869017632,3043.796701527141,2941
6841.0,3968,0,0,2,3.759743168408529,487.601814516129,3044.357986143926,2789
6842.0,3967,0,0,1,3.865333301673608,486.7343080413411,3045.163470037555,2679
6843.0,3967,0,0,0,4.006628070960019,485.88227880010083,3045.9837998755193,2596
6844.0,3967,0,1,1,4.152304995290958,485.0678094277792,3046.264714732522,2519
6845.0,3966,0,0,1,4.315455336844102,484.58572869389815,3046.7835326389913,2464
6846.0,3965,0,0,1,4.494115635406323,484.29104665825975,3047.5287821154084,2415
6847.0,3965,0,0,0,4.663586020040486,483.9387137452711,3048.3020109709705,2376
6848.0,3964,0,0,1,4.809428288275822,483.8387991927346,3049.3065828736644,2354
6849.0,3964,0,1,1,4.922563994363595,483.6339556004036,3049.0564343842875,2324
6850.0,3964,0,0,0,5.022779722960674,483.6609485368315,3049.8049785748667,2298
6851.0,3964,0,0,0,5.106634737609047,483.64379414732593,3050.5481491955584,2288
6852.0,3963,0,0,1,5.172158480088131,483.63588190764574,3051.3137230669845,2270
6853.0,3964,0,1,0,5.224647981106692,483.3002018163471,3051.27805745005,2238
6854.0,3963,0,0,1,5.249770853492044,483.26520312894274,3052.286580566196,2220
6855.0,3964,0,1,0,5.283225590281019,483.00731584258324,3052.2459728988965,2203
6856.0,3963,0,0,1,5.2957039514292115,482.98914963411556,3052.856958264938,2200
6857.0,3961,0,0,2,5.297002785359386,483.17874274173187,3053.573682577089,2209
6858.0,3960,0,0,1,5.2935101784370175,483.32651515151514,3054.2795073702027,2210
6859.0,3961,0,1,0,5.294518419402436,483.0030295379955,3054.2364491559697,2211
6860.0,3960,0,0,1,5.279415708001283,483.0292929292929,3055.0174134771814,2213
6861.0,3960,0,0,0,5.276673585083263,483.0661616161616,3055.746709117056,2217
6862.0,3960,0,0,0,5.273017655470059,482.9058080808081,3056.4769768201777,2226
6863.0,3960,0,0,0,5.2751449496106515,482.8449494949495,3057.208052349022,2208
6864.0,3960,0,0,0,5.264130593252336,482.8510101010101,3057.940697515703,2209
6865.0,3960,0,0,0,5.241361976761661,482.91237373737374,3058.675068318808,2212
6866.0,3959,0,1,2,5.225101042536691,482.9787825208386,3059.001532966397,2212
6867.0,3958,0,0,1,5.21201467236123,483.1172309247095,3059.8175313116726,2215
6868.0,3958,0,0,0,5.19579429920645,483.0429509853461,3060.5543186619243,2215
6869.0,3955,0,0,3,5.165742943975733,483.44298356510745,3062.0759707580414,2214
6870.0,3952,0,0,3,5.139895361261732,483.8274291497976,3062.9900347308376,2220
6871.0,3951,0,0,1,5.135990943075729,483.8380156922298,3064.0002492238086,2212
6872.0,3951,0,2,2,5.109511697452432,483.8964819033156,3063.8658173950525,2217
6873.0,3951,0,0,0,5.093561555738488,483.7491774234371,3064.60879270081,2228
6874.0,3950,0,0,1,5.07008843466264,483.69443037974685,3065.8124190512276,2237
6875.0,3948,0,0,2,5.043361802016275,483.8989361702128,3066.5659916002837,2241
6876.0,3948,0,1,1,5.016919969557779,483.8677811550152,3066.842550208609,2263
6877.0,3946,0,0,2,4.970136968679698,484.09376583882414,3067.4551648725273,2282
6878.0,3942,0,0,4,4.9212217890651715,484.69406392694066,3067.5801710891574,2299
6879.0,3941,0,0,1,4.885232508684953,484.84064958132456,3068.4875200078027,2314
6880.0,3938,0,0,3,4.838453161840527,485.3153885220924,3069.122730757779,2334
6881.0,3938,0,0,0,4.797773744894538,485.47968511934994,3069.886204277082,2345
6882.0,3938,0,1,1,4.73600565830689,485.65794819705434,3069.8824127609096,2361
6883.0,3938,0,0,0,4.68835620503335,485.7300660233621,3070.6542817096265,2376
6884.0,3937,0,0,1,4.643034357879439,485.85471170942344,3071.2960317584952,2375
6885.0,3936,0,0,1,4.582423616232487,485.901168699187,3072.066168453603,2384
6886.0,3936,0,0,0,4.557635118340222,485.9593495934959,3072.847148311626,2392
6887.0,3936,0,0,0,4.5406822985011726,485.9794207317073,3073.6295625073667,2417
6888.0,3934,0,0,2,4.520027820477026,486.3075749872903,3074.2217780732667,2419
6889.0,3934,0,0,0,4.522150450629429,486.29969496695475,3075.005378843378,2433
6890.0,3933,0,0,1,4.5256667992715505,486.4617340452581,3075.8346927425905,2443
6891.0,3934,0,2,1,4.531408369312068,486.26131164209454,3074.9981694547973,2453
6892.0,3933,0,0,1,4.53541942397031,486.3849478769387,3076.077688969524,2461
6893.0,3934,0,1,0,4.533986612273983,486.47763091001525,3076.0789988114534,2486
6894.0,3932,0,0,2,4.532257071690188,486.90996948118004,3077.1859015938494,2489
6895.0,3932,0,1,1,4.510808360243148,487.18845371312307,3076.6368604344284,2514
6896.0,3931,0,0,1,4.485983052526275,487.5606715848385,3077.5847844914183,2526
6897.0,3930,0,1,2,4.44560775710096,487.99236641221376,3077.3356246552144,2547
6898.0,3929,0,0,1,4.410883313481407,488.1707813693052,3078.1386514922087,2552
6899.0,3929,0,1,1,4.370208585593602,488.25400865360143,3078.473435950912,2576
6900.0,3928,0,1,2,4.3277637989704,488.56542769857435,3078.560197642462,2586
6901.0,3928,0,1,1,4.2965120313706,488.7685845213849,3078.8369461892644,2599
6902.0,3927,0,0,1,4.274475537072487,489.0613700025465,3079.5791525839745,2613
6903.0,3927,0,1,1,4.253184256648466,489.2676343264579,3079.9998721618467,2629
6904.0,3926,0,0,1,4.203868955400709,489.6385634233316,3080.8950751131124,2650
6905.0,3927,0,1,0,4.178970710863395,489.8225108225108,3080.917550792185,2664
6906.0,3926,0,0,1,4.147990807990689,490.1067244014264,3082.014835603615,2681
6907.0,3925,0,0,1,4.127221355788194,490.4188535031847,3082.8861655319806,2681
6908.0,3919,0,0,6,4.092451405215947,491.393212554223,3083.899719170775,2689
6909.0,3918,0,0,1,4.085569877737086,491.64548238897396,3084.7747697104473,2680
6910.0,3918,0,1,1,4.070119894521294,491.8971413986728,3084.596165535967,2684
6911.0,3918,0,0,0,4.03685432204635,492.1477794793262,3085.412653035508,2688
6912.0,3918,0,0,0,4.009384598165754,492.4147524247065,3086.2309241850535,2712
6913.0,3917,0,0,1,3.9741477350829255,492.7600204237937,3087.3640709788538,2711
6914.0,3917,0,0,0,3.95391307839929,492.968087822313,3088.185782350006,2739
6915.0,3917,0,0,0,3.927105894861627,493.15828440132753,3089.009583436409,2744
6916.0,3917,0,0,0,3.906155935909583,493.3438856267552,3089.835707020951,2751
6917.0,3918,0,1,0,3.8944971045692505,493.5632976008167,3089.8730963280154,2761
6918.0,3918,0,1,1,3.8757179451234225,493.9885145482389,3089.374954311673,2787
6919.0,3918,0,0,0,3.877572237964656,494.34456355283305,3090.2034947913166,2791
6920.0,3918,0,0,0,3.877504097448468,494.69703930576827,3091.032964793245,2801
6921.0,3916,0,0,2,3.864699546213461,495.29954034729315,3092.4424967936684,2805
6922.0,3915,0,0,1,3.8571409238131045,495.74687100894,3093.261294651595,2810
6923.0,3915,0,0,0,3.8380036864028715,496.0273307790549,3094.095068985709,2827
6924.0,3913,0,0,2,3.8134175329483564,496.60286225402507,3094.8031964985366,2837
6925.0,3912,0,0,1,3.8062384641209195,497.19069529652353,3095.460952635196,2856
6926.0,3910,0,0,2,3.7902994265613206,497.8457800511509,3096.1602081680267,2867
6927.0,3910,0,0,0,3.7800904716448,498.2442455242967,3096.9994159569505,2868
6928.0,3910,0,0,0,3.7734613982359093,498.60102301790283,3097.8394672578042,2873
6929.0,3910,0,0,0,3.7664155390500267,498.9593350383632,3098.680594608118,2870
6930.0,3909,0,0,1,3.7509636228387415,499.47863903811714,3099.6282083573665,2872
6931.0,3906,0,0,3,3.80156841987138,498.6705069124424,3100.4007281274853,2763
6932.0,3905,0,0,1,3.911191158652417,497.840204865557,3101.290112486564,2643
6933.0,3904,0,0,1,4.051018736262905,497.3140368852459,3102.3205202475233,2567
6934.0,3903,0,0,1,4.201068919066592,497.014347937484,3102.809713888885,2518
6935.0,3903,0,0,0,4.367296776535818,496.6415577760697,3103.6083688030553,2466
6936.0,3902,0,0,1,4.549274734792055,496.3839056893901,3104.4474951786146,2412
6937.0,3902,0,0,0,4.708652462850775,496.0525371604306,3105.223289257759,2371
6938.0,3902,0,0,0,4.846064527791746,495.7839569451563,3105.9900553007437,2325
6939.0,3901,0,0,1,4.9470498325832715,495.7405793386311,3106.7845918352414,2313
6940.0,3901,0,0,0,5.025469263256804,495.6157395539605,3107.5380878762203,2299
6941.0,3901,0,0,0,5.0822068617274505,495.59215585747245,3108.2880462816784,2283
6942.0,3901,0,0,0,5.144905905381304,495.5308895155088,3109.033955117997,2265
6943.0,3901,0,0,0,5.208291626190342,495.5598564470649,3109.775264752271,2257
6944.0,3901,0,0,0,5.252943152937499,495.6162522430146,3110.5141093746242,2266
6945.0,3900,0,0,1,5.273928577478749,495.78564102564104,3111.5536447420413,2269
6946.0,3899,0,0,1,5.313947067753776,495.9507566042575,3112.4462670730927,2249
6947.0,3898,0,0,1,5.328162878177136,496.1310928681375,3113.192144835064,2234
6948.0,3896,0,0,2,5.339529733580704,496.4635523613963,3113.8783321974884,2234
6949.0,3895,0,0,1,5.3437769653010365,496.6510911424904,3114.5638156111545,2209
6950.0,3895,0,0,0,5.360897889042517,496.81668806161747,3115.296347633744,2206
6951.0,3895,0,0,0,5.348780462045,496.792811296534,3116.0300910748037,2208
6952.0,3895,0,0,0,5.341365098889448,496.8033376123235,3116.764566774285,2196
6953.0,3894,0,0,1,5.3353926134173335,496.9060092449923,3117.2874901476107,2203
6954.0,3890,0,0,4,5.329804812442139,497.486118251928,3118.3947629088752,2190
6955.0,3890,0,0,0,5.326832267777756,497.539588688946,3119.1318665297085,2193
6956.0,3889,0,0,1,5.326351328017759,497.7140653124196,3120.1375201217884,2187
6957.0,3886,0,0,3,5.313201406545789,498.0777148739063,3121.780445233376,2186
6958.0,3885,0,0,1,5.296283456427474,498.2146718146718,3122.024529846106,2187
6959.0,3882,0,0,3,5.296651993628539,498.52318392581145,3122.788633130501,2173
6960.0,3880,0,0,2,5.282782144901673,498.76469072164946,3123.14653525933,2186
6961.0,3879,0,0,1,5.271603543939544,498.9270430523331,3124.2104854235636,2190
6962.0,3877,0,0,2,5.254988947098764,499.18777405210216,3125.2385329223303,2180
6963.0,3878,0,1,0,5.2446546759635035,499.11346054667354,3125.1778514844077,2182
6964.0,3876,0,0,2,5.231854022521217,499.48839009287923,3126.1064285770794,2198
6965.0,3874,0,0,2,5.222044817695445,499.8921011874032,3127.0354997594654,2202
6966.0,3873,0,0,1,5.204151669554061,500.1652465788794,3127.8069655722243,2213
6967.0,3873,0,0,0,5.203932207706277,500.2832429641105,3128.5563997213553,2205
6968.0,3872,0,0,1,5.1667108101695725,500.5968491735537,3129.4536599881612,2215
6969.0,3872,0,0,0,5.139250608815086,500.7577479338843,3130.2068784318612,2234
6970.0,3872,0,0,0,5.103025747486576,500.79338842975204,3130.962893247973,2222
6971.0,3871,0,0,1,5.05443275702892,501.084215964867,3131.95729760621,2249
6972.0,3872,0,1,0,5.008427819224485,501.16993801652893,3131.911419489701,2264
6973.0,3872,0,0,0,4.966042751987807,501.3551136363636,3132.6770038287923,2266
6974.0,3871,0,0,1,4.929365950372329,501.6489279256006,3133.38340191035,2293
6975.0,3870,0,0,1,4.894711435365439,501.9015503875969,3133.888211074061,2298
6976.0,3870,0,0,0,4.874685216013223,501.96950904392764,3134.6602325611207,2301
6977.0,3870,0,0,0,4.852291071976226,502.14806201550385,3135.433713192682,2323
6978.0,3870,0,0,0,4.842023665229985,502.225322997416,3136.2081646924635,2310
6979.0,3870,0,0,0,4.827634195393916,502.3095607235142,3136.9843430016135,2324
6980.0,3870,0,0,0,4.82091609278972,502.49741602067184,3137.7609692975034,2341
6981.0,3868,0,1,3,4.800602351134077,502.9883660806618,3138.44890206933,2357
6982.0,3868,0,1,1,4.792415569558966,503.21302998965876,3138.4529250972514,2373
6983.0,3867,0,1,2,4.780377950749756,503.53116110680116,3138.6466068371706,2383
6984.0,3867,0,1,1,4.773657562908666,503.7801913628135,3138.6386480308797,2398
6985.0,3866,0,0,1,4.747521254152481,504.1960682876358,3139.02218274029,2417
6986.0,3866,0,1,1,4.713324806418645,504.5054319710295,3138.9461877207495,2445
6987.0,3865,0,0,1,4.67815896326004,504.8473479948254,3140.0287877863875,2437
6988.0,3866,0,1,0,4.659370415159148,504.8861872736679,3140.004196739618,2444
6989.0,3867,0,1,0,4.626285096714117,505.00310318076026,3139.9820327896578,2471
6990.0,3867,0,2,2,4.597599822556251,505.2800620636152,3139.8231920011604,2490
6991.0,3866,0,0,1,4.571971075464838,505.6740817382307,3140.634897113212,2519
6992.0,3867,0,2,1,4.535447900691804,505.8016550297388,3139.697297054797,2527
6993.0,3867,0,0,0,4.525696446278447,506.1486940780967,3140.494388554118,2545
6994.0,3868,0,2,1,4.502031194260354,506.3821096173733,3139.615589723001,2577
6995.0,3866,0,0,2,4.465203203144541,506.96689084324885,3140.309099524648,2585
6996.0,3865,0,1,2,4.44149350806508,507.3723156532988,3140.450922831012,2604
6997.0,3863,0,0,2,4.400821594549896,507.83743204763135,3140.8312478245352,2593
6998.0,3863,0,2,2,4.358998009206825,508.1245146259384,3140.495279817679,2616
6999.0,3863,0,1,1,4.324897833229294,508.3367848822159,3140.4666363616816,2606
7000.0,3863,0,0,0,4.290457930582425,508.65104840797306,3141.2808120580075,2622
7001.0,3864,0,1,0,4.258593312124563,508.81030020703935,3141.2832346480254,2639
7002.0,3865,0,1,0,4.237976484135803,509.0294954721863,3141.287922899933,2650
7003.0,3866,0,1,0,4.218738151796856,509.2196068287636,3141.2939294633084,2667
7004.0,3865,0,0,1,4.195110343450522,509.7011642949547,3142.2797307380165,2684
7005.0,3865,0,0,0,4.166942334576297,510.19715394566623,3143.102338460461,2705
7006.0,3865,0,1,1,4.133996139826902,510.6771021992238,3143.2241631898814,2728
7007.0,3865,0,1,1,4.100195965134824,511.0970245795601,3143.333900919761,2734
7008.0,3864,0,0,1,4.075013575919693,511.5812629399586,3144.5003731772035,2730
7009.0,3865,0,1,0,4.055090168400617,511.80802069857697,3144.516389631449,2732
7010.0,3865,0,0,0,4.049663517051187,512.1410090556275,3145.346797482429,2740
7011.0,3864,0,0,1,4.0475074416943375,512.6853002070393,3145.5202080006743,2753
7012.0,3864,0,0,0,4.051753363001911,513.09549689441,3146.3510069707704,2771
7013.0,3866,0,2,0,4.053441070068086,513.1712364200724,3145.55412615721,2764
7014.0,3866,0,0,0,4.040934574576297,513.6205380237972,3146.3858812606873,2777
7015.0,3866,0,0,0,4.0235276226742185,513.9966373512675,3147.219538673332,2783
7016.0,3864,0,0,2,4.009579611550433,514.7047101449275,3148.2592718954334,2795
7017.0,3863,0,0,1,4.003339115389854,515.3209940460782,3149.526492430491,2802
7018.0,3863,0,0,0,4.002574673560158,515.7755630339115,3150.36213089345,2808
7019.0,3863,0,0,0,3.997641391191906,516.2386746052291,3151.1977702493487,2814
7020.0,3863,0,0,0,3.9871460648294614,516.7105876261973,3152.0345736430336,2806
7021.0,3862,0,1,2,4.039930678195455,515.4953392024858,3152.2974494797163,2679
7022.0,3859,0,0,3,4.123934981168847,514.9507644467478,3154.3074927971174,2565
7023.0,3859,0,1,1,4.250788028032939,514.2591344908008,3154.3298528433584,2510
7024.0,3858,0,0,1,4.4059464844105225,513.6775531363401,3155.045835748792,2433
7025.0,3859,0,1,0,4.576602676243932,513.0479398807981,3155.021779012676,2390
7026.0,3858,0,0,1,4.721292243950696,512.8258164852255,3155.4500957596765,2356
7027.0,3859,0,1,0,4.879859670936249,512.3899974086551,3155.404324833045,2322
7028.0,3858,0,0,1,5.016553204357172,512.4061689994816,3155.931027121509,2298
7029.0,3856,0,0,2,5.108997161644196,512.5630186721992,3156.605449556149,2271
7030.0,3856,0,0,0,5.206748725943713,512.4792531120332,3157.355353607446,2262
7031.0,3856,0,1,1,5.280948291499699,512.3438796680498,3157.5831649378083,2245
7032.0,3854,0,0,2,5.3418491156108105,512.4548521017125,3158.1405621070044,2232
7033.0,3855,0,1,0,5.402053220772145,512.2140077821011,3158.057853755883,2224
7034.0,3854,0,0,1,5.440506449562701,512.2410482615464,3158.8494704224922,2215
7035.0,3855,0,1,0,5.4651485330107885,512.0705577172504,3158.762184733435,2202
7036.0,3856,0,1,0,5.4966237712417385,511.9621369294606,3158.6732988566678,2179
7037.0,3854,0,0,2,5.516049818402089,512.1798131811105,3159.4074561243247,2168
7038.0,3852,0,1,3,5.5206673927106165,512.4618380062306,3159.6821258197992,2165
7039.0,3852,0,0,0,5.506356538183816,512.480010384216,3160.412140467527,2155
7040.0,3852,0,1,1,5.507953567731802,512.579958463136,3160.7152539108783,2147
7041.0,3851,0,0,1,5.506598690035757,512.8441963126461,3161.496760361251,2158
7042.0,3851,0,1,1,5.489142113069019,513.0122046221761,3161.2508350942653,2160
7043.0,3849,0,0,2,5.466514533052591,513.3959469992205,3162.464947816259,2172
7044.0,3848,0,1,2,5.439726953619585,513.6819126819126,3161.862673863156,2176
7045.0,3846,0,0,2,5.4039537810591955,514.0158606344254,3162.3061603763804,2169
7046.0,3846,0,1,1,5.399490276738751,514.1614664586583,3162.529795317394,2175
7047.0,3845,0,0,1,5.3908326214372355,514.3667100130039,3163.302570761114,2176
7048.0,3845,0,1,1,5.384052853197363,514.4132639791937,3163.4952862303776,2197
7049.0,3845,0,0,0,5.363835089483298,514.4572171651496,3164.2321224473926,2200
7050.0,3846,0,1,0,5.323086842891604,514.3031721268851,3164.148437381391,2196
7051.0,3846,0,0,0,5.302180500770902,514.2197087883516,3164.8890275798058,2197
7052.0,3847,0,1,0,5.262019720162829,514.0948791265921,3164.808944301582,2205
7053.0,3847,0,0,0,5.2446581488016495,514.123472835976,3165.5532504047833,2210
7054.0,3846,0,1,2,5.227084868014844,514.3460738429537,3165.960375118566,2228
7055.0,3845,0,0,1,5.192092760839552,514.5596879063719,3166.544801102409,2228
7056.0,3845,0,0,0,5.15454640836715,514.5729518855657,3167.293999070708,2241
7057.0,3846,0,1,0,5.111885806068033,514.5886635465419,3167.2222709658863,2250
7058.0,3843,0,0,3,5.051664489875579,515.1428571428571,3168.311122222853,2260
7059.0,3843,0,1,1,5.011145944686545,515.319281811085,3167.965344863952,2257
7060.0,3842,0,0,1,4.952103512556116,515.5515356585112,3168.624810787512,2260
7061.0,3843,0,1,0,4.898637592838121,515.6252927400468,3168.564593126899,2274
7062.0,3843,0,0,0,4.8658123021790045,515.8298204527713,3169.331759970496,2275
7063.0,3843,0,0,0,4.826451770004253,515.9888108248764,3170.1028713713717,2278
7064.0,3842,0,0,1,4.784929470945417,516.320145757418,3170.817146835571,2289
7065.0,3842,0,1,1,4.75176738138275,516.4783966684018,3170.6683041848605,2306
7066.0,3841,0,0,1,4.723037781433409,516.8161936995574,3170.892515806415,2303
7067.0,3838,0,0,3,4.697762495124914,517.3798853569567,3172.3974273133927,2322
7068.0,3837,0,0,1,4.672665459354525,517.7130570758405,3173.4074346710604,2343
7069.0,3836,0,1,2,4.651507287013898,518.0638686131387,3173.152972046854,2362
7070.0,3835,0,1,2,4.6339013886484075,518.3494132985659,3173.578743255764,2379
7071.0,3836,0,1,0,4.627015321080738,518.3819082377477,3173.5375617909813,2372
7072.0,3834,0,0,2,4.586991236420008,518.8818466353678,3174.320685178522,2384
7073.0,3833,0,1,2,4.578805771870419,519.2572397599791,3174.4243032603604,2384
7074.0,3833,0,1,1,4.5717444552943896,519.4735194364728,3174.2140570345036,2393
7075.0,3833,0,1,1,4.56790079142123,519.7294547351944,3174.1969342743732,2409
7076.0,3832,0,0,1,4.552971188397198,520.2432150313152,3175.123207286943,2431
7077.0,3831,0,0,1,4.525189369953664,520.6530931871574,3175.847508190061,2434
7078.0,3832,0,1,0,4.5190419479793835,520.8562108559499,3175.8131166224953,2449
7079.0,3831,0,0,1,4.5136602448667835,521.1845471156356,3176.938410624968,2452
7080.0,3829,0,0,2,4.485717653667777,521.762078871768,3177.8973864533837,2468
7081.0,3830,0,1,0,4.474598910430423,521.8657963446475,3177.8666972204664,2464
7082.0,3828,0,0,2,4.438780270030582,522.5015673981192,3179.5397404871887,2482
7083.0,3827,0,0,1,4.421252148903014,523.0114972563366,3180.5836380969304,2499
7084.0,3826,0,1,2,4.395004377018882,523.4228959749086,3180.2987060343103,2512
7085.0,3825,0,0,1,4.3712038982720145,523.8823529411765,3180.6540031848785,2524
7086.0,3823,0,0,2,4.343223861209447,524.4737117447031,3181.412591098091,2533
7087.0,3823,0,0,0,4.330025162320415,524.7096521056761,3182.2211756686474,2531
7088.0,3824,0,2,1,4.316736346397248,524.8258368200837,3181.9135938753684,2524
7089.0,3824,0,0,0,4.297726766478085,525.1610878661088,3182.7249073815324,2540
7090.0,3823,0,0,1,4.271998503116081,525.6994506931729,3184.0488513142527,2551
7091.0,3824,0,1,0,4.250298117992798,525.8870292887029,3184.03015633181,2555
7092.0,3823,0,1,2,4.210425124636252,526.425582003662,3183.31926603545,2568
7093.0,3823,0,0,0,4.194998030967312,526.7624901909495,3184.1370700586135,2587
7094.0,3822,0,0,1,4.175684891866268,527.3542647828363,3184.777261840715,2617
7095.0,3822,0,0,0,4.1575628899542885,527.7326007326008,3185.5975380185187,2602
7096.0,3822,0,0,0,4.1367342617327,528.0612244897959,3186.419273055207,2611
7097.0,3823,0,1,0,4.1188167184478965,528.3604499084489,3186.407781063692,2615
7098.0,3822,0,0,1,4.106330692005868,528.9641548927264,3187.082725043607,2630
7099.0,3822,0,0,0,4.089577946920335,529.376504447933,3187.9076566994568,2646
7100.0,3822,0,1,1,4.077733871782945,529.8116169544741,3187.8401197519834,2659
7101.0,3822,0,0,0,4.060809302239147,530.1951857666144,3188.666424241166,2657
7102.0,3820,0,0,2,4.031418380917535,530.9604712041885,3189.352398339167,2676
7103.0,3820,0,0,0,4.004976118666803,531.459947643979,3190.181740776142,2696
7104.0,3819,0,0,1,3.9965659197405814,532.1560617962817,3190.9680239464224,2702
7105.0,3819,0,0,0,3.994874804067056,532.6035611416601,3191.7983802230133,2707
7106.0,3817,0,0,2,3.9755849501061267,533.4066020434897,3192.5718026820628,2720
7107.0,3814,0,0,3,3.944989437238035,534.3455689564761,3193.1611694293024,2731
7108.0,3815,0,1,0,3.9418003895798077,534.664744429882,3193.1598764806854,2740
7109.0,3812,0,0,3,3.908745438371239,535.6017838405037,3194.297419144423,2754
7110.0,3812,0,0,0,3.892684432366612,536.1542497376705,3195.136741330348,2761
7111.0,3810,0,0,2,3.956032364485879,535.2669291338583,3196.214860889702,2633
7112.0,3806,0,0,4,4.047022314816129,535.0357330530741,3197.4248055384073,2540
7113.0,3805,0,0,1,4.190441542137858,534.4801576872536,3198.2082907151666,2453
7114.0,3804,0,0,1,4.3436313257573325,534.17087276551,3199.4107212665117,2403
7115.0,3804,0,1,1,4.499448270238102,533.8696109358569,3199.4851852900665,2359
7116.0,3802,0,0,2,4.6686317688871535,533.8335086796423,3200.4758061149055,2306
7117.0,3801,0,0,1,4.815546123188306,533.7947908445146,3201.293977069402,2271
7118.0,3800,0,0,1,4.951635964779394,533.8184210526316,3202.0670765840987,2233
7119.0,3800,0,1,1,5.055747433641913,533.7142105263158,3201.9793624039253,2210
7120.0,3800,0,0,0,5.1560765114709195,533.7013157894737,3202.7308909038034,2195
7121.0,3798,0,1,3,5.2222794614926675,534.0455502896261,3202.7213448290945,2201
7122.0,3797,0,0,1,5.268950606449751,534.2873321042929,3203.4454600949243,2203
7123.0,3798,0,1,0,5.306231448612991,534.1858873091101,3203.3412735354473,2186
7124.0,3797,0,0,1,5.348937621736294,534.2499341585462,3203.9329309781974,2174
7125.0,3797,0,1,1,5.362272961706068,534.3041875164604,3203.63191868247,2177
7126.0,3797,0,0,0,5.401168420760748,534.2422965499078,3204.3642045767097,2151
7127.0,3796,0,1,2,5.423428330478502,534.3809272918862,3204.4488777861598,2137
7128.0,3796,0,1,1,5.431885124795517,534.3398314014752,3204.2953924760905,2133
7129.0,3792,0,0,4,5.426616948004831,534.9425105485232,3204.27712658892,2133
7130.0,3791,0,1,2,5.427666581218935,535.0598786599842,3203.4816983196815,2137
7131.0,3790,0,0,1,5.434262496586429,535.2530343007916,3204.4456182256913,2133
7132.0,3790,0,1,1,5.428311816721881,535.3013192612137,3204.1752628927597,2113
7133.0,3789,0,0,1,5.433313107231021,535.4856162575877,3204.774270874458,2108
7134.0,3787,0,0,2,5.428866822182026,535.8080274623712,3205.284596770498,2111
7135.0,3787,0,1,1,5.419910056968134,535.8159493002377,3204.975047292155,2120
7136.0,3786,0,0,1,5.3987756443864905,535.9561542525092,3205.569603942828,2106
7137.0,3785,0,0,1,5.395447539361444,536.0734478203435,3206.0262524279806,2116
7138.0,3784,0,0,1,5.392739235531429,536.2217230443974,3206.5727787233945,2113
7139.0,3783,0,1,2,5.368067320918812,536.3957176843775,3206.48136043639,2115
7140.0,3782,0,0,1,5.339638617888074,536.6184558434691,3207.266765064354,2108
7141.0,3781,0,1,2,5.291123041692859,536.8735784184079,3207.3150935835697,2113
7142.0,3779,0,0,2,5.253728211956371,537.1413072241334,3207.8669029640996,2123
7143.0,3779,0,1,1,5.228408168242801,537.1299285525271,3207.5739286224516,2117
7144.0,3778,0,0,1,5.192290917768739,537.2673372154579,3208.111426953421,2115
7145.0,3779,0,1,0,5.171077403367072,537.2109023551204,3208.006529509427,2123
7146.0,3778,0,0,1,5.133319653786677,537.4060349391212,3208.21643020723,2117
7147.0,3776,0,1,3,5.101873040504215,537.7457627118644,3207.626015111401,2124
7148.0,3775,0,0,1,5.059492465304451,537.9679470198676,3208.4730135691575,2126
7149.0,3774,0,1,2,4.9965614022272,538.2374138844727,3208.196420101803,2136
7150.0,3773,0,0,1,4.9400592128206755,538.5915716936125,3208.7909994549427,2151
7151.0,3774,0,1,0,4.887922240136613,538.6083730789613,3208.701715407362,2154
7152.0,3774,0,0,0,4.834874900265938,538.804716481187,3209.466685370992,2197
7153.0,3773,0,0,1,4.778769427148131,539.1433872250199,3210.119294220098,2220
7154.0,3773,0,1,1,4.721573843080169,539.3967664988073,3209.907044779909,2231
7155.0,3773,0,0,0,4.6754077784167025,539.6326530612245,3210.68234597417,2230
7156.0,3771,0,1,3,4.6359291333960675,540.0633784142137,3210.843535074287,2233
7157.0,3771,0,0,0,4.61562180243382,540.0893662158578,3211.621782066138,2220
7158.0,3770,0,1,2,4.58822905520024,540.3618037135278,3211.789191460785,2239
7159.0,3770,0,0,0,4.571186127811664,540.5098143236074,3212.569616946853,2252
7160.0,3768,0,0,2,4.552014667444724,540.9360403397028,3213.5544476629916,2262
7161.0,3768,0,1,1,4.534956121008499,541.0716560509554,3213.3497889395667,2281
7162.0,3765,0,1,4,4.486044975374827,541.665604249668,3212.4372361092255,2293
7163.0,3762,0,0,3,4.443916690104226,542.2190324295588,3213.4885729778002,2302
7164.0,3763,0,1,0,4.410808144262972,542.3159712994951,3213.423012605362,2330
7165.0,3761,0,1,3,4.371727098630348,542.8226535495879,3213.416335066298,2329
7166.0,3761,0,1,1,4.338547075044029,543.0776389258176,3213.1530242840367,2346
7167.0,3762,0,2,1,4.293841287620813,543.1594896331738,3212.073551316866,2362
7168.0,3763,0,1,0,4.259106235508718,543.2591017804942,3212.0183116417206,2380
7169.0,3763,0,0,0,4.233891572912576,543.4724953494552,3212.819391467348,2386
7170.0,3764,0,2,1,4.192835349479144,543.5975026567481,3211.960772904532,2409
7171.0,3764,0,1,1,4.157937023716435,543.8445802337939,3211.7604356136076,2424
7172.0,3762,0,0,2,4.1066546986271915,544.4215842636895,3212.353592546513,2442
7173.0,3761,0,1,2,4.066890964873309,544.8157404945493,3212.287269991972,2458
7174.0,3761,0,1,1,4.052778048372379,544.9401754852432,3212.362350323418,2454
7175.0,3760,0,0,1,4.022769167922826,545.3382978723404,3213.2493971121244,2463
7176.0,3759,0,1,2,3.9709280133024047,545.7531258313381,3213.853644686612,2482
7177.0,3760,0,1,0,3.946412816822807,545.9845744680852,3213.8155442084226,2500
7178.0,3759,0,0,1,3.9095219494754048,546.4299015695664,3214.6288364625293,2508
7179.0,3759,0,0,0,3.887909628440431,546.7230646448523,3215.44972644887,2518
7180.0,3760,0,1,0,3.850949672285743,546.9018617021277,3215.4186097202282,2533
7181.0,3761,0,1,0,3.812607224961246,547.0856155277852,3215.390294593933,2551
7182.0,3760,0,0,1,3.7857797991787847,547.5563829787234,3215.9215299787916,2571
7183.0,3760,0,0,0,3.763073617490465,547.8478723404255,3216.7524961757913,2594
7184.0,3759,0,0,1,3.7329413223627923,548.3774940143655,3217.2219203676345,2613
7185.0,3759,0,0,0,3.7134371894999645,548.7674913540835,3218.0572351167452,2634
7186.0,3759,0,2,2,3.678780957995763,549.1042830540038,3216.5746843774054,2644
7187.0,3759,0,0,0,3.675645873596766,549.5171588188348,3217.4130731552796,2665
7188.0,3758,0,0,1,3.6615320051741396,550.1636508781266,3218.2380968724765,2679
7189.0,3757,0,0,1,3.6395644280307593,550.7852009582114,3218.937612010242,2693
7190.0,3758,0,2,1,3.617177033535613,551.1184140500266,3217.939049795943,2700
7191.0,3758,0,0,0,3.6081450752131756,551.5683874401277,3218.7825439048156,2709
7192.0,3758,0,0,0,3.5919531659398043,552.0518893028207,3219.627880371799,2730
7193.0,3757,0,0,1,3.5811217216070506,552.6539792387543,3220.476232459243,2734
7194.0,3758,0,1,0,3.568569330477972,553.0146354443854,3220.4664944740744,2747
7195.0,3758,0,0,0,3.5653831292007183,553.4614156466206,3221.314381352603,2755
7196.0,3758,0,0,0,3.5583921033128796,553.9765832889835,3222.1628424896376,2761
7197.0,3760,0,2,0,3.555617016271913,554.2101063829788,3221.2973492330293,2774
7198.0,3760,0,0,0,3.555903071199117,554.6856382978723,3222.146592254035,2774
7199.0,3760,0,0,0,3.549668537481131,555.1986702127659,3222.9974148981073,2785
7200.0,3761,0,1,0,3.532714693293481,555.5222015421431,3222.992188089892,2794
7201.0,3761,0,0,0,3.6194687038927356,553.9348577505982,3223.838285037927,2657
7202.0,3760,0,0,1,3.725509422369631,553.0215425531915,3224.3828589821082,2556
7203.0,3761,0,1,0,3.8694676454228967,552.066471683063,3224.354406265951,2480
7204.0,3761,0,0,0,4.038021356344068,551.3645307099176,3225.171238564881,2421
7205.0,3761,0,0,0,4.212394255898202,550.8199946822654,3225.976948322278,2356
7206.0,3761,0,1,1,4.377364982144354,550.2523265089072,3226.0877064762585,2306
7207.0,3761,0,0,0,4.515242394024837,549.9827173624036,3226.8729006155077,2279
7208.0,3761,0,0,0,4.655079477110657,549.7338473810157,3227.648991465741,2251
7209.0,3760,0,0,1,4.776658247857933,549.7949468085106,3228.4753065845616,2239
7210.0,3760,0,0,0,4.894142905565047,549.6228723404255,3229.2358177615515,2207
7211.0,3761,0,1,0,4.994923792565459,549.3592129752725,3229.1311637739454,2187
7212.0,3761,0,0,0,5.069376485749596,549.3507045998405,3229.881374031385,2176
7213.0,3760,0,0,1,5.127722306293245,549.4218085106382,3230.468697514401,2159
7214.0,3760,0,1,1,5.1703818496147775,549.2114361702128,3230.395819407168,2118
7215.0,3760,0,0,0,5.215544547582809,549.0340425531915,3231.1346807907753,2093
7216.0,3758,0,0,2,5.264640119844575,549.2243214475785,3232.0919421148146,2088
7217.0,3759,0,1,0,5.303787740125468,548.8866719872307,3231.964526099537,2055
7218.0,3759,0,0,0,5.324335316789068,548.706304868316,3232.695323124418,2031
7219.0,3757,0,0,2,5.350410910968089,548.9023156774022,3234.095103871863,2024
7220.0,3756,0,1,2,5.354875039890111,549.015708200213,3234.262409645044,2030
7221.0,3754,0,0,2,5.368983159293774,549.0841768779968,3234.899147073655,2018
7222.0,3753,0,0,1,5.367917202186569,549.2259525712764,3235.444889341858,2017
7223.0,3754,0,1,0,5.369482096929837,549.0045285029302,3235.3095592347363,2006
7224.0,3754,0,0,0,5.354130801392514,548.9989344698988,3236.0365385143864,2001
7225.0,3754,0,0,0,5.338141260515774,549.0551411827385,3236.765044985782,1999
7226.0,3753,0,0,1,5.326601173120486,549.1630695443645,3236.945601323114,1999
7227.0,3753,0,0,0,5.311802853010407,549.0015987210231,3237.6757350419293,1990
7228.0,3753,0,0,0,5.3027339511803655,548.9613642419398,3238.4058922457575,2006
7229.0,3753,0,0,0,5.284374949843019,548.8070876632028,3239.137383125543,1984
7230.0,3752,0,0,1,5.284400290884794,548.8478144989339,3240.1082195322474,1993
7231.0,3749,0,0,3,5.2610434094554686,549.1635102694052,3241.194380184658,1991
7232.0,3747,0,0,2,5.243484337480316,549.3861756071524,3241.5642033298423,2001
7233.0,3746,0,0,1,5.224473305224904,549.6115856914041,3242.156865200146,2025
7234.0,3745,0,0,1,5.199775746846531,549.7628838451268,3242.9614247327463,2042
7235.0,3742,0,0,3,5.164948744722268,550.2985034740781,3243.8524120287425,2048
7236.0,3742,0,0,0,5.142675506962433,550.2180652057723,3244.5952459393834,2062
7237.0,3739,0,0,3,5.11358039425123,550.7520727467237,3245.603174088791,2079
7238.0,3737,0,0,2,5.101060224700663,551.1774150388012,3246.157238567783,2088
7239.0,3736,0,0,1,5.076128337668892,551.4269271948608,3246.692664622324,2110
7240.0,3736,0,0,0,5.056459423584912,551.4041755888651,3247.4424664378566,2099
7241.0,3736,0,0,0,5.021516578928098,551.4162205567452,3248.1951220793235,2122
7242.0,3736,0,0,0,4.977625480057581,551.3466274089935,3248.9504000016486,2132
7243.0,3734,0,0,2,4.911899299760776,551.6368505623996,3249.519093723778,2141
7244.0,3734,0,0,0,4.851304747233373,551.845474022496,3250.2828942221995,2164
7245.0,3734,0,0,0,4.78475975106767,551.9108194965185,3251.050835225968,2163
7246.0,3734,0,0,0,4.738452309873572,551.9169791108731,3251.821407701163,2181
7247.0,3731,0,0,3,4.685455522183693,552.5730367193781,3251.367144646297,2197
7248.0,3730,0,0,1,4.629931769285862,552.9152815013405,3252.026236801434,2212
7249.0,3730,0,0,0,4.582100091941065,553.1214477211796,3252.80544186042,2231
7250.0,3727,0,0,3,4.530182687894671,553.7861550845183,3253.41292898799,2240
7251.0,3727,0,1,1,4.495150785200323,553.9946337536893,3252.835070741344,2252
7252.0,3725,0,1,3,4.457617892259205,554.4735570469799,3252.4486197953843,2274
7253.0,3724,0,0,1,4.453616620106504,554.8555316863587,3252.7326079473405,2298
7254.0,3722,0,0,2,4.434372460205426,555.4118753358409,3253.6919547321368,2310
7255.0,3721,0,1,2,4.408708007584244,555.7688793335125,3254.1213595901645,2308
7256.0,3720,0,0,1,4.364293176802717,556.1841397849462,3254.8985772393626,2314
7257.0,3720,0,1,1,4.308599127269293,556.4086021505376,3254.2733561089894,2320
7258.0,3721,0,1,0,4.242774907400122,556.5565708142973,3254.1973921430244,2343
7259.0,3721,0,1,1,4.191469819836748,556.7777479172265,3253.974718653932,2351
7260.0,3719,0,0,2,4.148203801968438,557.3527830061845,3254.444853839885,2365
7261.0,3720,0,2,1,4.110458076689796,557.497311827957,3253.2675104601203,2389
7262.0,3720,0,0,0,4.075130552750853,557.9266129032258,3254.076692928846,2412
7263.0,3721,0,1,0,4.041071579883093,558.0596613813491,3254.0136565540847,2437
7264.0,3722,0,1,0,4.018581125982312,558.2281031703385,3253.9529031879124,2426
7265.0,3722,0,0,0,3.997418585699831,558.5137023105857,3254.7680912333212,2450
7266.0,3723,0,1,0,3.968193158785943,558.737308622079,3254.711386542169,2464
7267.0,3724,0,1,0,3.9360171797723775,558.8208915145005,3254.6569393609143,2468
7268.0,3722,0,1,3,3.896014900042864,559.4900591080064,3254.0824575962797,2482
7269.0,3722,0,0,0,3.885658457166621,559.9768941429339,3254.9058670329628,2514
7270.0,3720,0,1,3,3.8444347815606865,560.6626344086021,3254.1776172415157,2531
7271.0,3719,0,0,1,3.808217990723401,561.2869050820113,3254.9721243868653,2554
7272.0,3721,0,2,0,3.7744634445917575,561.4189733942488,3254.0533610657085,2572
7273.0,3720,0,0,1,3.7619278700713337,561.9779569892473,3254.6988395874073,2577
7274.0,3718,0,0,2,3.7481183002501792,562.6352877891339,3255.8269269879947,2582
7275.0,3718,0,0,0,3.7342213116376315,563.050833781603,3256.6624190780685,2587
7276.0,3716,0,0,2,3.7090355902141416,563.8100107642626,3257.461683425607,2616
7277.0,3716,0,1,1,3.683231282602727,564.2906350914963,3257.331878559095,2635
7278.0,3716,0,0,0,3.6690232553689515,564.8318083961249,3258.172712267128,2669
7279.0,3717,0,2,1,3.6439045891567154,565.1318267419962,3257.6491773512116,2676
7280.0,3717,0,0,0,3.6114627315815833,565.6378800107614,3258.4932680863994,2704
7281.0,3716,0,0,1,3.574298425023181,566.287674919268,3259.305631454555,2715
7282.0,3715,0,0,1,3.5476529913210815,566.8325706594885,3260.1986314685605,2723
7283.0,3714,0,0,1,3.514538026953312,567.5422724824987,3261.0037580295107,2745
7284.0,3713,0,0,1,3.5035398240464604,568.1887961217344,3261.7242582283625,2760
7285.0,3713,0,0,0,3.4880745616345656,568.6582278481013,3262.5759028022335,2757
7286.0,3712,0,0,1,3.4698514795251176,569.2737068965517,3263.552493144418,2768
7287.0,3710,0,0,2,3.4444287026132905,570.067385444744,3264.330527154042,2777
7288.0,3710,0,0,0,3.4240198301744296,570.6253369272238,3265.186533008679,2788
7289.0,3710,0,0,0,3.4103783292822065,571.1072776280323,3266.043654619813,2794
7290.0,3707,0,0,3,3.382453485414339,572.0374966280011,3266.6321845585353,2806
7291.0,3705,0,0,2,3.446650143620362,570.90661268556,3268.6580875169307,2657
7292.0,3705,0,0,0,3.5695723315796846,569.9649122807018,3269.5029303392157,2556
7293.0,3704,0,0,1,3.728654806160749,569.4133369330453,3270.792912711781,2465
7294.0,3702,0,0,2,3.9113087114244585,569.2001620745543,3272.324207428314,2387
7295.0,3702,0,0,0,4.106104850257489,568.7385197190707,3273.132226051889,2323
7296.0,3700,0,0,2,4.2996402255508555,568.5481081081081,3274.513176474561,2255
7297.0,3699,0,0,1,4.4824647364820285,568.3841578805083,3274.8764240230475,2213
7298.0,3698,0,0,1,4.6387267677620185,568.1782044348296,3276.13808389764,2159
7299.0,3696,0,0,2,4.749460846953658,568.3877164502164,3276.568208929216,2129
7300.0,3695,0,0,1,4.848715658234611,568.3485791610284,3277.260277479777,2112
7301.0,3694,0,0,1,4.9369361279200605,568.3345966432051,3278.520722385786,2091
7302.0,3691,0,0,3,5.008092199662959,568.7816309943105,3279.836276157862,2076
7303.0,3689,0,0,2,5.0554670458645194,569.0292762266197,3280.4934204613437,2065
7304.0,3687,0,0,2,5.097925508261453,569.2793599132086,3281.483728525047,2051
7305.0,3687,0,0,0,5.1454439245670125,569.1583943585571,3282.2216857582775,2033
7306.0,3686,0,0,1,5.180853914537562,569.2189365165491,3282.9812811812676,2024
7307.0,3685,0,0,1,5.21187428165216,569.3210312075984,3284.105741708824,2005
7308.0,3685,0,0,0,5.249021122873253,569.332157394844,3284.8368520606127,2005
7309.0,3685,0,0,0,5.2769411480222495,569.3839891451831,3285.5663560537373,2007
7310.0,3684,0,0,1,5.310798938847414,569.5656894679696,3286.872953992833,1990
7311.0,3684,0,0,0,5.336939713058608,569.5675895765472,3287.5991839238905,1984
7312.0,3684,0,0,0,5.3466452677294285,569.5662323561346,3288.325131634151,1982
7313.0,3684,0,0,0,5.360308201030719,569.542345276873,3289.0496706908134,1973
7314.0,3683,0,0,1,5.365215967768493,569.6638609828943,3289.9614635679864,1954
7315.0,3682,0,0,1,5.362762150063448,569.7900597501358,3290.6192913562113,1942
7316.0,3681,0,0,1,5.368535233923686,569.8258625373539,3291.5523395670034,1943
7317.0,3681,0,0,0,5.362505975719712,569.8201575658788,3292.277160866272,1957
7318.0,3680,0,0,1,5.351717369166639,569.9665760869565,3292.8441505713686,1965
7319.0,3680,0,0,0,5.349137845238853,569.9728260869565,3293.5702823800243,1956
7320.0,3680,0,0,0,5.3460467556137266,569.914402173913,3294.2963513397467,1964
7321.0,3680,0,0,0,5.3344125844892005,569.9728260869565,3295.0230336537657,1966
7322.0,3678,0,0,2,5.326300625971143,570.3085916258837,3295.8608633727567,1959
7323.0,3676,0,0,2,5.313324873081367,570.5933079434168,3297.0859154015966,1933
7324.0,3676,0,0,0,5.291974036704906,570.5900435255712,3297.8161032012604,1940
7325.0,3673,0,0,3,5.26531960176146,571.1170705145657,3299.0874032666825,1956
7326.0,3672,0,0,1,5.259524151121854,571.3333333333334,3300.177065018686,1972
7327.0,3672,0,0,0,5.234560624580636,571.4754901960785,3300.9114151875756,1983
7328.0,3672,0,0,0,5.228006032859088,571.6127450980392,3301.6462987380087,1995
7329.0,3671,0,0,1,5.202061129004001,571.9343503132661,3302.3655490815386,1991
7330.0,3671,0,0,0,5.166647177996713,572.1244892399891,3303.105011283198,1999
7331.0,3671,0,0,0,5.1235221474834285,572.2773086352493,3303.8472954613303,1991
7332.0,3670,0,0,1,5.081045314449088,572.6027247956404,3304.8587565189496,1996
7333.0,3669,0,0,1,5.0310810564446875,572.9076042518398,3305.6731576526113,2003
7334.0,3669,0,0,0,4.995322165939894,573.151539929136,3306.425005515895,2026
7335.0,3669,0,0,0,4.942945528844061,573.3676751158354,3307.180450465804,2048
7336.0,3669,0,0,0,4.889606051999638,573.4941400926683,3307.9395354849344,2054
7337.0,3668,0,0,1,4.843428345368444,573.8165212649945,3308.5755085433607,2057
7338.0,3667,0,0,1,4.816407107866582,574.2026179438233,3309.6596822516926,2081
7339.0,3667,0,0,0,4.784949771470386,574.3992364330516,3310.426400514759,2098
7340.0,3666,0,0,1,4.742339055821458,574.6890343698855,3311.3843283668853,2113
7341.0,3664,0,0,2,4.696274812828547,575.1053493449782,3312.0125583906984,2113
7342.0,3663,0,1,2,4.676385982024101,575.4807534807535,3311.9257146888735,2136
7343.0,3661,0,0,2,4.641771263541215,575.9041245561322,3312.803794566503,2135
7344.0,3659,0,0,2,4.603685809834088,576.4886581033069,3313.2147253798607,2158
7345.0,3656,0,0,3,4.548010265812144,577.2056892778993,3314.0249386081077,2171
7346.0,3655,0,0,1,4.4924883666881845,577.5942544459645,3314.7353419350648,2183
7347.0,3656,0,1,0,4.455165212243123,577.6455142231947,3314.618329500325,2196
7348.0,3655,0,0,1,4.42288662602813,578.0322845417237,3315.352490180106,2211
7349.0,3654,0,0,1,4.3900747169438015,578.4250136836343,3315.526002549347,2215
7350.0,3656,0,2,0,4.349705839642352,578.3990700218818,3314.509026259159,2229
7351.0,3656,0,0,0,4.315573736050987,578.7158096280087,3315.308436115015,2239
7352.0,3657,0,1,0,4.284735702992405,578.8796828001094,3315.2032851953836,2259
7353.0,3656,0,0,1,4.253284291464585,579.3881291028447,3315.9099951474886,2275
7354.0,3657,0,1,0,4.218944506340918,579.5015039649986,3315.810012999935,2290
7355.0,3657,0,1,1,4.17133114527892,579.7456931911403,3315.819930652069,2282
7356.0,3657,0,1,1,4.138204048222695,579.9967186218212,3315.6669697506327,2295
7357.0,3656,0,0,1,4.105225668057605,580.5161378555798,3316.312648848996,2320
7358.0,3657,0,2,1,4.072144293960896,580.7361225047854,3315.178601624436,2351
7359.0,3657,0,0,0,4.038232874767415,581.0120317199891,3315.996067977637,2370
7360.0,3656,0,0,1,3.9988831432946426,581.5470459518599,3316.2203895636667,2403
7361.0,3658,0,2,0,3.9708174134369227,581.6189174412248,3315.228410383708,2432
7362.0,3658,0,0,0,3.9290236756607886,581.9797703663204,3316.0527122124136,2444
7363.0,3658,0,0,0,3.885079820661158,582.3460907599781,3316.879373460863,2450
7364.0,3659,0,1,0,3.847357347969383,582.6091828368407,3316.8016262488964,2457
7365.0,3659,0,0,0,3.816207859288443,583.0434544957639,3317.6326374184187,2479
7366.0,3660,0,1,0,3.804053177243294,583.3860655737705,3317.5577705866967,2490
7367.0,3659,0,0,1,3.768664789764538,583.8999726701285,3318.600859235617,2504
7368.0,3660,0,1,0,3.744709067761167,584.0975409836066,3318.529408845982,2513
7369.0,3660,0,0,0,3.7300120489742676,584.3677595628416,3319.3661502220025,2514
7370.0,3660,0,0,0,3.7171554956419657,584.7472677595629,3320.2037450578705,2540
7371.0,3659,0,0,1,3.6911303722064988,585.3175731074064,3321.0509406548344,2546
7372.0,3659,0,0,0,3.6779065343947344,585.7381798305548,3321.890965886078,2563
7373.0,3658,0,0,1,3.6557998389806245,586.3266812465828,3322.534170030891,2583
7374.0,3658,0,0,0,3.637206241015634,586.7864953526517,3323.3760919063657,2598
7375.0,3657,0,0,1,3.59963531657605,587.4197429587093,3324.29740951828,2606
7376.0,3657,0,0,0,3.562350295741049,587.9149576155319,3325.14411591374,2621
7377.0,3657,0,0,0,3.536823442331644,588.2857533497403,3325.9916697358844,2627
7378.0,3657,0,0,0,3.504580143134689,588.8102269619907,3326.8412293030838,2666
7379.0,3657,0,0,0,3.472306005870717,589.3787257314739,3327.694082489745,2672
7380.0,3657,0,0,0,3.446896705706384,589.8769483182937,3328.5477887882876,2684
7381.0,3656,0,0,1,3.519259080726487,588.6173413566739,3329.3736537682776,2530
7382.0,3655,0,0,1,3.6450852976029506,587.7630642954856,3330.2647244742816,2435
7383.0,3654,0,0,1,3.803671365651387,587.168035030104,3331.0772670206516,2346
7384.0,3652,0,0,2,3.9867916754857915,586.7527382256297,3331.6466168597,2258
7385.0,3650,0,0,2,4.187961093063965,586.6312328767124,3332.687490183525,2215
7386.0,3649,0,0,1,4.378672082474332,586.3885996163333,3333.568669193415,2167
7387.0,3649,0,0,0,4.5496166902717095,586.0485064401206,3334.3453417535575,2132
7388.0,3646,0,0,3,4.689916363310045,586.2742731760834,3335.5226776621735,2104
7389.0,3646,0,0,0,4.821318032459328,586.0496434448711,3336.2818201206665,2088
7390.0,3646,0,0,0,4.933651922777184,585.8096544157981,3337.0332985092837,2071
7391.0,3645,0,0,1,5.009869776752635,585.7190672153636,3337.4100718107657,2046
7392.0,3645,0,0,0,5.085912045679854,585.5706447187929,3338.151450405411,2046
7393.0,3644,0,0,1,5.148016661840712,585.6901756311745,3338.9127391921043,2048
7394.0,3643,0,0,1,5.199943220604191,585.7677738127917,3339.312284113628,2044
7395.0,3642,0,0,1,5.249108407929498,585.8492586490939,3339.3990654072695,2036
7396.0,3642,0,0,0,5.305601859544959,585.8102690829214,3340.126219543803,2013
7397.0,3640,0,0,2,5.338428827011212,586.1085164835165,3341.37086609204,2012
7398.0,3640,0,1,1,5.372797519886566,586.125,3341.212499922761,1988
7399.0,3639,0,0,1,5.391655186103116,586.2824951909865,3341.691751003313,1982
7400.0,3637,0,0,2,5.392718266350576,586.6499862524058,3342.243705277454,1981
7401.0,3636,0,0,1,5.397230192558804,586.8619361936194,3342.5863647351616,1988
7402.0,3636,0,1,1,5.393567059541965,586.8308580858086,3341.8973468395775,1976
7403.0,3635,0,0,1,5.3965453381616895,587.0583218707015,3342.705247307472,1975
7404.0,3634,0,1,2,5.392340146423702,587.3337919647771,3343.0178073819084,1969
7405.0,3634,0,0,0,5.3814999708646365,587.4201981287837,3343.7411918657513,1967
7406.0,3633,0,1,2,5.395132600895223,587.5714285714286,3343.073583099316,1950
7407.0,3631,0,0,2,5.384603925868696,587.865877168824,3343.8282860204504,1946
7408.0,3631,0,0,0,5.3757635147792024,587.9168273202974,3344.552368360434,1947
7409.0,3628,0,0,3,5.364553924220494,588.4479051819184,3344.646571580218,1953
7410.0,3627,0,1,2,5.35017130567327,588.5856079404466,3344.6526429523456,1943
7411.0,3626,0,0,1,5.339525200049856,588.761445118588,3345.532287270302,1937
7412.0,3625,0,0,1,5.320731352726169,589.008551724138,3346.698241353457,1953
7413.0,3625,0,1,1,5.2814668910221565,589.0753103448276,3346.653666134744,1950
7414.0,3624,0,0,1,5.247386534527965,589.3813465783664,3347.5174759099286,1957
7415.0,3622,0,0,2,5.220597822398086,589.8313086692435,3347.9405639757974,1963
7416.0,3622,0,0,0,5.203407636550688,589.9779127553837,3348.6770573984245,1984
7417.0,3622,0,0,0,5.182435508705022,590.1104362230811,3349.41432090877,1993
7418.0,3622,0,0,0,5.157314101485122,590.2012700165654,3350.1539698520182,1987
7419.0,3622,0,0,0,5.131305900627021,590.3674765323026,3350.8960575371016,1998
7420.0,3622,0,0,0,5.076359982270618,590.5419657647708,3351.641772057234,2018
7421.0,3622,0,0,0,5.026427762013444,590.6054665930425,3352.3909448184704,2010
7422.0,3621,0,0,1,4.960997934195317,590.9776304888153,3353.149420293397,2021
7423.0,3620,0,0,1,4.904119036524382,591.3450276243094,3353.8905566638564,2047
7424.0,3618,0,0,2,4.840408362534966,591.9162520729685,3354.825684383001,2066
7425.0,3617,0,0,1,4.787222827461014,592.2524191318772,3355.787837274285,2080
7426.0,3617,0,0,0,4.7585450983227355,592.354713851258,3356.556927442967,2084
7427.0,3616,0,0,1,4.720645157097717,592.6897123893805,3357.3827390570414,2101
7428.0,3616,0,0,0,4.672884264122451,592.8606194690266,3358.1582087752076,2109
7429.0,3614,0,0,2,4.635257313840971,593.3771444382955,3358.6054807407086,2117
7430.0,3613,0,0,1,4.608828092966934,593.7619706615002,3359.591071190909,2131
7431.0,3612,0,0,1,4.576260123400623,594.2300664451827,3360.3344501430165,2161
7432.0,3612,0,0,0,4.552175624778757,594.5047065337764,3361.1179003994134,2169
7433.0,3611,0,1,2,4.50880008589506,594.9404597064525,3361.6043087309636,2194
7434.0,3611,0,0,0,4.493257079492533,595.3511492661313,3362.3925228401777,2225
7435.0,3609,0,0,2,4.448964698895293,596.0532003325021,3363.724629504419,2254
7436.0,3609,0,0,0,4.4038883686593255,596.3793294541424,3364.5187009842393,2271
7437.0,3606,0,0,3,4.358448122493366,597.1921797004992,3365.823785945177,2282
7438.0,3607,0,2,1,4.333615486685036,597.3909065705573,3364.6523601046324,2324
7439.0,3606,0,0,1,4.305655106355498,597.824459234609,3365.4547783421626,2336
7440.0,3606,0,1,1,4.262996833159501,598.1608430393788,3365.4372755953623,2356
7441.0,3605,0,0,1,4.221412893489991,598.6718446601942,3366.3719023516765,2368
7442.0,3605,0,0,0,4.19567340256758,599.0518723994452,3367.1814273858076,2381
7443.0,3606,0,1,0,4.172601281035875,599.2426511369939,3367.058095099542,2393
7444.0,3605,0,0,1,4.142647029251406,599.7922330097088,3367.5315993166496,2402
7445.0,3603,0,0,2,4.12073695541855,600.4895920066612,3368.1277347670252,2415
7446.0,3603,0,1,1,4.1014772469256044,600.8626144879267,3367.874878274644,2422
7447.0,3603,0,0,0,4.08759051377978,601.2311962253677,3368.6912650452796,2434
7448.0,3602,0,0,1,4.063349779355174,601.7651304830649,3369.9402134772076,2438
7449.0,3602,0,0,0,4.0305509564194635,602.1829539144919,3370.759705779519,2454
7450.0,3602,0,0,0,3.9967398318423415,602.6016102165464,3371.5820680409684,2470
7451.0,3602,0,1,1,3.9555684847983077,602.9905607995559,3371.510834824124,2476
7452.0,3602,0,0,0,3.9274635129173334,603.399777901166,3372.337508395387,2485
7453.0,3601,0,0,1,3.90124572708375,603.9039155790058,3373.010167822867,2493
7454.0,3601,0,0,0,3.8750610386355717,604.2440988614273,3373.8388946452806,2499
7455.0,3601,0,0,0,3.857673342851584,604.5851152457651,3374.6692347945973,2505
7456.0,3601,0,0,0,3.8363559273486754,605.0338794779228,3375.499908982487,2513
7457.0,3601,0,1,1,3.8089263354861496,605.435990002777,3375.475341697012,2533
7458.0,3601,0,1,1,3.7835379543027807,605.9005831713413,3375.53148698219,2541
7459.0,3600,0,0,1,3.7531906498620455,606.5033333333333,3376.183449637858,2561
7460.0,3600,0,0,0,3.73681373670795,606.9569444444444,3377.0216030113056,2572
7461.0,3600,0,0,0,3.715075050322514,607.4605555555555,3377.8613576508437,2593
7462.0,3600,0,0,0,3.701421434137216,607.9208333333333,3378.7027474304764,2608
7463.0,3599,0,0,1,3.6874841436180494,608.5887746596277,3379.361884293951,2616
7464.0,3599,0,0,0,3.660772486468859,609.1166990830786,3380.2063131902833,2633
7465.0,3598,0,0,1,3.6274069374835447,609.8301834352418,3380.7151076649757,2655
7466.0,3597,0,0,1,3.6017791746860994,610.5421184320267,3381.6166808417915,2672
7467.0,3596,0,0,1,3.588376250017333,611.2196885428253,3382.2606594702697,2689
7468.0,3596,0,0,0,3.5698226960636674,611.6968854282536,3383.1111802307505,2689
7469.0,3593,0,0,3,3.536498073361695,612.7347620372948,3383.383624016738,2704
7470.0,3592,0,0,1,3.5115125590187652,613.4632516703787,3384.151781791219,2709
7471.0,3591,0,0,1,3.5715079830176135,612.2812587023113,3384.8252363112942,2579
7472.0,3591,0,0,0,3.6751910200725035,611.3712057922585,3385.6671142860905,2462
7473.0,3590,0,0,1,3.8104545965326033,610.83426183844,3385.9973422045055,2372
7474.0,3589,0,0,1,3.9753392200799023,610.3931457230426,3386.9317827492746,2309
7475.0,3588,0,0,1,4.156028575861832,610.0925306577481,3387.4448131782265,2250
7476.0,3588,0,0,0,4.3381889644107785,609.8478260869565,3388.2404343359403,2223
7477.0,3588,0,0,0,4.518913967339373,609.716276477146,3389.0239039953062,2196
7478.0,3588,0,0,0,4.686953912056019,609.6535674470457,3389.796174483842,2171
7479.0,3588,0,0,0,4.8175097288321425,609.5370680044593,3390.5612413385434,2155
7480.0,3587,0,0,1,4.942184301020628,609.6144410370783,3391.365417809378,2139
7481.0,3586,0,0,1,5.043035554582704,609.8212493028444,3392.1382404177525,2134
7482.0,3585,0,0,1,5.127275861056874,610.0379358437935,3392.814527755394,2124
7483.0,3585,0,0,0,5.180872394620766,610.0396094839609,3393.5564613312417,2108
7484.0,3584,0,0,1,5.234697707261282,610.1107700892857,3394.375493228136,2084
7485.0,3584,0,0,0,5.283435137806885,610.0245535714286,3395.111370469213,2075
7486.0,3584,0,0,0,5.326868985030245,609.9542410714286,3395.8446936384385,2064
7487.0,3584,0,0,0,5.3722256998573075,609.9690290178571,3396.5751439269525,2053
7488.0,3583,0,0,1,5.3990356753135575,610.1833658945018,3397.243722045966,2053
7489.0,3583,0,0,0,5.4253176373340395,610.1529444599497,3397.9711166984225,2045
7490.0,3582,0,0,1,5.41896390711867,610.3894472361809,3398.2303625604304,2047
7491.0,3582,0,0,0,5.410117325063053,610.3313791178113,3398.9585843062264,2039
7492.0,3581,0,0,1,5.413679356261349,610.5177324769618,3399.55102611377,2040
7493.0,3581,0,0,0,5.424000509543445,610.5886623848087,3400.277985664266,2021
7494.0,3580,0,0,1,5.426467747740337,610.791061452514,3400.82351665042,2017
7495.0,3579,0,0,1,5.417758565067077,611.0083822296731,3401.4372861800834,2013
7496.0,3577,0,0,2,5.400739865893984,611.4995806541795,3401.5227202408255,2010
7497.0,3577,0,0,0,5.406046482155395,611.5208275090858,3402.250278606369,2007
7498.0,3574,0,0,3,5.408287183611304,612.0604364857303,3403.2320919673816,2007
7499.0,3573,0,0,1,5.419514873082512,612.3375314861461,3404.1253316064726,1999
7500.0,3571,0,0,2,5.418558679397496,612.7280873704844,3405.0247282026207,1994
7501.0,3570,0,0,1,5.411596929923234,612.9128851540617,3405.6615379471805,1985
7502.0,3570,0,0,0,5.380720745418781,612.8837535014005,3406.3925253026605,1984
7503.0,3570,0,0,0,5.35580432591367,612.975350140056,3407.1249753894535,1992
7504.0,3570,0,0,0,5.3247841983316135,613.066106442577,3407.8593444369203,1988
7505.0,3569,0,0,1,5.289661704822926,613.291117960213,3408.8777341802156,2000
7506.0,3568,0,0,1,5.280955023174315,613.5280269058296,3410.113062403675,1997
7507.0,3567,0,0,1,5.269129159988729,613.7328287075974,3411.310876501051,2014
7508.0,3566,0,0,1,5.229633039492979,614.0117779024116,3412.3629957539083,2024
7509.0,3566,0,0,0,5.2035394680260705,614.0928210880538,3413.106516377918,2029
7510.0,3564,0,0,2,5.168869760025079,614.4842873176207,3414.262455845422,2039
7511.0,3561,0,0,3,5.111746968248638,615.1142937377141,3414.3840475552693,2059
7512.0,3560,0,0,1,5.066549837513123,615.3668539325843,3415.1610763866984,2062
7513.0,3558,0,0,2,5.000277655448977,615.9013490725126,3416.372145223998,2098
7514.0,3558,0,0,0,4.943718725804283,615.9272062956717,3417.1343881823614,2092
7515.0,3557,0,0,1,4.89803189230237,616.2563958391903,3418.0906268313,2110
7516.0,3556,0,0,1,4.863279799954948,616.5089988751406,3418.475974965682,2106
7517.0,3555,0,0,1,4.837363929532066,616.8112517580872,3419.3356074263656,2103
7518.0,3555,0,0,0,4.801447343927801,616.9443037974684,3420.1082107425814,2119
7519.0,3553,0,0,2,4.744903760832777,617.4393470306783,3420.4467409773783,2134
7520.0,3551,0,0,2,4.696643020143407,618.0205575894114,3421.272787106294,2157
7521.0,3551,0,0,0,4.6494535575246685,618.3007603491974,3422.0556715663793,2178
7522.0,3552,0,1,0,4.608312176378448,618.3747184684685,3421.8772593969534,2196
7523.0,3553,0,1,0,4.576913323041501,618.5316633830565,3421.7021113304086,2232
7524.0,3553,0,0,0,4.564752742500225,618.8525189980298,3422.4916002785517,2254
7525.0,3552,0,1,2,4.543320257961815,619.2896959459459,3422.4389512440234,2269
7526.0,3552,0,1,1,4.528130274191253,619.5177364864865,3422.2735881262374,2271
7527.0,3552,0,0,0,4.506243569771523,619.8676801801802,3423.067244225628,2284
7528.0,3552,0,1,1,4.468422916991864,620.2150900900901,3422.8957795258552,2306
7529.0,3552,0,1,1,4.444332541385494,620.5422297297297,3422.592859408052,2307
7530.0,3552,0,0,0,4.4076373702058,620.8795045045046,3423.3930648403416,2308
7531.0,3552,0,1,1,4.37350854432936,621.1494932432432,3423.1404222307087,2320
7532.0,3551,0,1,2,4.3273148497111045,621.7045902562659,3422.7825211116365,2341
7533.0,3552,0,1,0,4.311613998968376,621.9239864864865,3422.6252292506188,2353
7534.0,3552,0,0,0,4.293860301388359,622.2699887387388,3423.432867101696,2362
7535.0,3553,0,2,1,4.262353522503262,622.407261469181,3421.6056251262157,2377
7536.0,3552,0,0,1,4.236021590784325,622.9746621621622,3422.137644983043,2394
7537.0,3550,0,1,3,4.197238234286045,623.6301408450704,3421.0895044241583,2411
7538.0,3551,0,1,0,4.1890927993984075,623.76260208392,3420.9406675273767,2409
7539.0,3551,0,1,1,4.155462634859297,624.1174317093777,3420.334959850646,2426
7540.0,3551,0,0,0,4.125958144133947,624.5122500704027,3421.154083806029,2426
7541.0,3549,0,1,3,4.084783774351875,625.2420400112708,3420.8371303186086,2441
7542.0,3548,0,0,1,4.048722684416229,625.9191093573844,3421.7641733155087,2468
7543.0,3547,0,2,3,4.001323198946869,626.5398928672117,3421.4038206247337,2486
7544.0,3545,0,0,2,3.9694684151317268,627.2454160789845,3422.1660352983654,2489
7545.0,3543,0,1,3,3.9389865847564183,627.9887101326559,3421.7890555149656,2489
7546.0,3541,0,0,2,3.9103154863136376,628.7461169161254,3422.129077843695,2506
7547.0,3542,0,2,1,3.8985651370997103,628.9977413890457,3420.8391525357215,2528
7548.0,3541,0,0,1,3.8798887798215715,629.6591358373341,3421.258371791614,2547
7549.0,3541,0,0,0,3.8724534256547907,630.1268003388873,3422.0929744961886,2552
7550.0,3542,0,1,0,3.8583271677612183,630.4528514963298,3421.9625114840787,2561
7551.0,3542,0,1,1,3.837605137372484,630.8777526821005,3421.6626056404625,2558
7552.0,3542,0,0,0,3.8158398472549826,631.3653303218521,3422.500332200066,2572
7553.0,3541,0,0,1,3.793568801749883,631.9957639085004,3423.1705329412753,2578
7554.0,3541,0,0,0,3.7738294406761996,632.4947754871505,3424.010739553203,2592
7555.0,3539,0,0,2,3.7511369532377583,633.2740887256288,3424.5336322689723,2599
7556.0,3538,0,0,1,3.7395563207826488,633.8552854720181,3425.2182785176483,2598
7557.0,3538,0,0,0,3.726161001906842,634.3654607122668,3426.062410601896,2619
7558.0,3537,0,0,1,3.7058399852762376,635.0576759966073,3426.6732799060023,2630
7559.0,3537,0,0,0,3.6814524354323885,635.5852417302799,3427.5203026731892,2653
7560.0,3537,0,0,0,3.6487546715125356,636.1665253039299,3428.3696097237644,2669
7561.0,3537,0,0,0,3.711657118590547,634.9030251625671,3429.2136598343345,2546
7562.0,3537,0,0,0,3.8175716164966604,634.1953633022335,3430.050669036905,2463
7563.0,3536,0,0,1,3.9460921635086126,633.9244909502263,3430.7338383831416,2405
7564.0,3536,0,0,0,4.100298154990959,633.408371040724,3431.552015482374,2333
7565.0,3536,0,0,0,4.261895560154032,633.0345022624434,3432.358716516015,2292
7566.0,3533,0,0,3,4.403163802266735,633.3356920464195,3433.424724611393,2257
7567.0,3533,0,0,0,4.581228740587882,633.0713274837249,3434.2095173753373,2222
7568.0,3533,0,0,0,4.73447129158956,632.9105575997736,3434.9849462193633,2190
7569.0,3533,0,0,0,4.85220563330185,632.8069629210303,3435.7537045973345,2168
7570.0,3532,0,0,1,4.94346407200344,632.8488108720272,3436.9717153571987,2147
7571.0,3532,0,0,0,5.009951828219813,632.9592298980748,3437.729613486057,2146
7572.0,3531,0,0,1,5.056305435659894,633.096290002832,3438.3561669064275,2141
7573.0,3530,0,0,1,5.092450052957647,633.1764872521246,3439.3605303619606,2118
7574.0,3529,0,0,1,5.142435451102525,633.2470954944744,3440.246314903436,2110
7575.0,3528,0,0,1,5.174983032619135,633.4288548752835,3440.795281033753,2110
7576.0,3528,0,0,0,5.201887544528308,633.3840702947846,3441.540046613694,2110
7577.0,3528,0,0,0,5.221495356689975,633.4183673469388,3442.284141089765,2093
7578.0,3527,0,0,1,5.231868995881755,633.6248936773462,3442.8616236841035,2084
7579.0,3526,0,0,1,5.238514746376187,633.9407260351674,3443.628741828793,2083
7580.0,3526,0,0,0,5.2422791310522046,634.0263754963131,3444.3715899772005,2095
7581.0,3526,0,0,0,5.235429718960849,634.1287577992059,3445.115597404194,2096
7582.0,3526,0,0,0,5.23535366952931,634.3119682359614,3445.8594801496383,2099
7583.0,3525,0,0,1,5.205558318990975,634.6442553191489,3446.311322623132,2097
7584.0,3525,0,0,0,5.191305100195534,634.6700709219858,3447.057860448833,2103
7585.0,3524,0,0,1,5.163002216601595,634.8706015891033,3448.0952364710006,2063
7586.0,3524,0,0,0,5.151218009348932,634.8064699205448,3448.8432781122874,2059
7587.0,3523,0,0,1,5.138509997217747,634.9894975872836,3449.5184230523396,2043
7588.0,3523,0,0,0,5.1309224182049284,635.026965654272,3450.2677449585644,2056
7589.0,3522,0,0,1,5.12674060245505,635.2328222600795,3450.9341076431238,2051
7590.0,3522,0,0,0,5.127210530719823,635.2978421351505,3451.683618334267,2064
7591.0,3521,0,0,1,5.117318341949685,635.5901732462369,3452.3448957294936,2055
7592.0,3519,0,0,2,5.1109752038304945,636.0579710144928,3452.5506366991463,2063
7593.0,3519,0,0,0,5.119243765672439,636.1324239840864,3453.3007797083746,2050
7594.0,3517,0,0,2,5.113064005320548,636.7068524310492,3453.887042238414,2064
7595.0,3517,0,0,0,5.096792431014266,636.7745237418254,3454.639213902996,2042
7596.0,3516,0,0,1,5.09728936433784,637.0218998862343,3455.047066319614,2046
7597.0,3516,0,0,0,5.095498279291803,637.1629692832764,3455.8009748162262,2053
7598.0,3517,0,1,0,5.094088230895768,637.217514927495,3455.572625183454,2061
7599.0,3517,0,0,0,5.080638520288597,637.4054591981802,3456.329004431974,2070
7600.0,3517,0,0,0,5.058524785387434,637.4825135058288,3457.087818275022,2076
7601.0,3517,0,0,0,5.015918146524578,637.6184247938584,3457.850448451824,2088
7602.0,3517,0,0,0,4.988632565175791,637.8876883707705,3458.6148684662376,2090
7603.0,3517,0,0,0,4.948615498512857,638.1620699459767,3459.382464045507,2099
7604.0,3516,0,0,1,4.920171731873225,638.6899886234357,3460.3701856445527,2133
7605.0,3516,0,0,0,4.8789096075968565,639.0560295790672,3461.1439755021024,2163
7606.0,3513,0,0,3,4.830147667319445,639.7884998576715,3461.444288169476,2172
7607.0,3512,0,0,1,4.787837968423375,640.1648633257403,3462.093705986752,2182
7608.0,3512,0,0,0,4.767765823322469,640.4686788154897,3462.8755721322564,2196
7609.0,3512,0,0,0,4.752758885549989,640.6571753986333,3463.6590199648695,2221
7610.0,3512,0,0,0,4.731987570124626,640.8883826879271,3464.444381193236,2223
7611.0,3510,0,0,2,4.711913520620542,641.377207977208,3465.3700200675535,2229
7612.0,3509,0,0,1,4.699028549306764,641.8321459105158,3466.4711495406514,2246
7613.0,3509,0,2,2,4.675192704028871,642.0658307210032,3465.7629750980045,2258
7614.0,3509,0,0,0,4.653937240613539,642.4363066400684,3466.5528626960077,2272
7615.0,3506,0,0,3,4.612380028964296,643.3342840844267,3467.5163471565343,2299
7616.0,3505,0,0,1,4.577524609228664,643.9791726105564,3467.907324937835,2324
7617.0,3506,0,1,0,4.5444713540789845,644.1896748431261,3467.7157066095933,2344
7618.0,3504,0,0,2,4.503540971792055,644.957191780822,3468.8825554261393,2363
7619.0,3503,0,1,2,4.452194219730077,645.5441050528119,3468.838376558525,2376
7620.0,3503,0,0,0,4.425754025158657,645.941478732515,3469.6439009828887,2396
7621.0,3502,0,0,1,4.396747659374955,646.5188463735009,3470.4063617418847,2412
7622.0,3501,0,0,1,4.374639145129888,646.9511568123394,3471.3627537137163,2412
7623.0,3502,0,1,0,4.357573200483006,647.1736150770988,3471.181361032777,2423
7624.0,3502,0,0,0,4.3357897893172614,647.5673900628212,3471.9931899691323,2433
7625.0,3503,0,1,0,4.301501336869921,647.7936054810162,3471.8159656591274,2442
7626.0,3503,0,0,0,4.2875664837619265,648.2512132457894,3472.6315644828665,2462
7627.0,3502,0,0,1,4.27819211570652,648.7929754426042,3473.2604926566755,2466
7628.0,3501,0,0,1,4.2667167961642924,649.3613253356184,3473.6920016881963,2469
7629.0,3501,0,1,1,4.257024372480215,649.7480719794345,3473.59238400033,2478
7630.0,3501,0,0,0,4.244164888173979,650.2359325906883,3474.4132700965597,2494
7631.0,3501,0,0,0,4.229514499552693,650.6321051128249,3475.2348268230276,2489
7632.0,3501,0,0,0,4.218533296308082,651.0271351042559,3476.0574209079723,2499
7633.0,3502,0,1,0,4.21983993419337,651.286693318104,3475.88784318624,2501
7634.0,3502,0,0,0,4.215392888563554,651.7267275842376,3476.7116831435924,2511
7635.0,3503,0,1,0,4.202106412307792,652.0077076791322,3476.543558593341,2516
7636.0,3503,0,0,0,4.196653142822106,652.4479017984585,3477.369232923961,2517
7637.0,3503,0,0,0,4.198294571056145,652.9077933200114,3478.195086522056,2520
7638.0,3503,0,0,0,4.189385314711325,653.3959463317157,3479.0213819022074,2523
7639.0,3502,0,0,1,4.171699215019151,653.9360365505426,3479.626312836808,2517
7640.0,3502,0,1,1,4.155031245105229,654.2875499714448,3479.442386672516,2523
7641.0,3500,0,0,2,4.130313658441298,655.1605714285714,3479.720385043416,2527
7642.0,3500,0,0,0,4.114505560206371,655.6042857142858,3480.5518420973153,2536
7643.0,3500,0,0,0,4.098552624342323,656.0451428571429,3481.38433359105,2541
7644.0,3500,0,0,0,4.075381784069729,656.4748571428571,3482.2185480423805,2550
7645.0,3500,0,0,0,4.0689449453035,656.9885714285714,3483.053791880255,2559
7646.0,3500,0,0,0,4.059064094191831,657.5757142857143,3483.8899352433477,2570
7647.0,3500,0,0,0,4.055896530291353,658.0714285714286,3484.7264633783516,2573
7648.0,3500,0,0,0,4.054030143756858,658.4994285714286,3485.5638563031544,2580
7649.0,3500,0,0,0,4.041394416658307,658.9874285714286,3486.401845265804,2586
7650.0,3499,0,0,1,4.034866588740707,659.7102029151187,3487.2098225011864,2598
7651.0,3499,0,0,0,4.108947258285131,658.5815947413547,3488.0433819276586,2481
7652.0,3499,0,0,0,4.2286886617760775,657.8248070877394,3488.868882270677,2380
7653.0,3499,0,1,1,4.3577951102501045,657.2540725921692,3488.4661339492864,2309
7654.0,3498,0,0,1,4.509560076323083,657.0011435105774,3489.3859439728476,2259
7655.0,3497,0,0,1,4.642610173660132,656.7743780383186,3491.071655187286,2223
7656.0,3496,0,0,1,4.797296336118331,656.6075514874142,3491.714971455112,2176
7657.0,3496,0,0,0,4.957775511890719,656.1933638443936,3492.4903952698655,2140
7658.0,3496,0,0,0,5.080125592538589,655.9110411899313,3493.2576003683635,2108
7659.0,3496,0,0,0,5.189257258383836,655.7394164759726,3494.017199180058,2093
7660.0,3496,0,0,0,5.277317450088954,655.612414187643,3494.770597308749,2067
7661.0,3494,0,0,2,5.336449760388903,655.9436176302232,3495.6467426707277,2062
7662.0,3492,0,0,2,5.397928893412947,656.2016036655212,3496.6364870439525,2042
7663.0,3490,0,0,2,5.42585835210658,656.5664756446992,3497.155751517922,2042
7664.0,3486,0,0,4,5.442625503645837,657.2008032128514,3498.084787642748,2022
7665.0,3483,0,0,3,5.449354739081501,657.7011197243755,3498.7564893282965,2011
7666.0,3483,0,0,0,5.431591743356772,657.6675279931094,3499.497397193622,2020
7667.0,3482,0,0,1,5.440058133688792,657.7808730614589,3500.4001170800398,2015
7668.0,3481,0,0,1,5.431520795501399,657.9954036196496,3500.833031382239,2018
7669.0,3480,0,0,1,5.433095119601372,658.2163793103448,3501.6329792542697,2023
7670.0,3478,0,0,2,5.4125562206244355,658.676538240368,3502.315444299723,2034
7671.0,3478,0,0,0,5.402751117536605,658.6449108683152,3503.0567352228204,2019
7672.0,3477,0,0,1,5.41175106136007,658.8438308886972,3503.868630882449,2009
7673.0,3477,0,0,0,5.410016934891394,658.8372159907966,3504.608093604632,2004
7674.0,3476,0,0,1,5.405651363840484,658.9220368239355,3505.4200901918234,1999
7675.0,3475,0,0,1,5.40640769709975,659.0253237410072,3506.381513867822,1992
7676.0,3473,0,0,2,5.399123674048263,659.270947307803,3506.2345061918827,1988
7677.0,3472,0,0,1,5.394211718314414,659.4458525345622,3506.821417975616,1993
7678.0,3472,0,0,0,5.392013031029706,659.5408986175115,3507.5615969489004,1996
7679.0,3472,0,0,0,5.40305608247621,659.4285714285714,3508.3013301652654,1999
7680.0,3471,0,0,1,5.401223192116491,659.5966580236243,3509.1234656814804,2010
7681.0,3469,0,0,2,5.395417127614746,659.9922167771692,3510.0530622996694,2003
7682.0,3467,0,0,2,5.385945495476157,660.511104701471,3511.0595261854614,2007
7683.0,3465,0,0,2,5.375772819433199,660.817316017316,3511.846069605912,2005
7684.0,3465,0,0,0,5.381603577383547,660.8756132756133,3512.587691392647,2000
7685.0,3465,0,0,0,5.3810134404278935,660.8487734487735,3513.3294287774597,1998
7686.0,3465,0,0,0,5.376148354543957,660.8002886002886,3514.0713196992433,1989
7687.0,3465,0,0,0,5.3756668703294626,660.7676767676768,3514.8132396401943,1993
7688.0,3462,0,0,3,5.354672663426445,661.3168688619295,3516.0125951767536,1990
7689.0,3458,0,0,4,5.311928988247709,662.0653556969346,3517.5688397885983,1988
7690.0,3457,0,0,1,5.263584094675205,662.3199305756436,3518.3117832846087,2006
7691.0,3457,0,0,0,5.2267059553900825,662.3864622505063,3519.063264103974,2020
7692.0,3456,0,0,1,5.185709286629289,662.5558449074074,3519.911878857398,2029
7693.0,3456,0,0,0,5.151833725654695,662.8287037037037,3520.669494712248,2042
7694.0,3455,0,0,1,5.106051032198826,663.1872648335745,3521.478838482065,2046
7695.0,3452,0,0,3,5.045888426194741,663.9032444959444,3523.2515628118385,2064
7696.0,3452,0,0,0,4.987344811418427,664.0199884125145,3524.018995659507,2071
7697.0,3452,0,0,0,4.955615115287837,664.04258400927,3524.788768263945,2063
7698.0,3447,0,0,5,4.900218067446711,665.1766753698869,3524.8479891230086,2086
7699.0,3446,0,0,1,4.876999541278449,665.5560069645967,3526.1149782369857,2107
7700.0,3447,0,1,0,4.8362039077443635,665.5860168262257,3525.870028472812,2125
7701.0,3443,0,0,4,4.782480880773688,666.5550392099913,3525.766281875079,2142
7702.0,3441,0,0,2,4.750515303235877,667.2226097064806,3526.6954859521875,2161
7703.0,3437,0,0,4,4.704157077806756,668.2371254000582,3526.9173823157375,2187
7704.0,3436,0,2,3,4.659609810208223,668.8018044237485,3525.9184439099968,2202
7705.0,3436,0,0,0,4.638661652041068,669.052677532014,3526.707469720815,2224
7706.0,3434,0,1,3,4.602601078358468,669.7332556785091,3525.5483366708318,2231
7707.0,3434,0,0,0,4.571227330638403,669.9819452533488,3526.3417730485853,2252
7708.0,3433,0,1,2,4.522872108117271,670.4765511214681,3526.4020621225072,2252
7709.0,3434,0,1,0,4.49412041551028,670.6691904484566,3526.1737948435275,2269
7710.0,3433,0,0,1,4.43569755162107,671.206233614914,3526.918729568453,2284
7711.0,3434,0,2,1,4.393768999116651,671.3072218986605,3525.8380740232465,2297
7712.0,3431,0,0,3,4.325710091675382,672.2229670649956,3527.3826181934674,2308
7713.0,3431,0,0,0,4.285979570465329,672.5951617604197,3528.194946202431,2326
7714.0,3432,0,2,1,4.227934325330975,672.6582167832167,3526.815013553731,2328
7715.0,3431,0,0,1,4.18319534911175,673.1568055960362,3527.437233439757,2354
7716.0,3433,0,2,0,4.153130541069934,673.0696184095543,3526.2020837306677,2361
7717.0,3433,0,0,0,4.126065754204945,673.3006117098747,3527.0239230537045,2359
7718.0,3433,0,0,0,4.1175509049441565,673.6216137489076,3527.847016422436,2379
7719.0,3434,0,1,0,4.119127837376132,673.770529994176,3527.642406791107,2383
7720.0,3434,0,0,0,4.10771669370892,674.1884100174723,3528.4666174442273,2397
7721.0,3436,0,2,0,4.091893419208443,674.2604772991851,3527.2369545747297,2410
7722.0,3436,0,0,0,4.091394262130363,674.6725844004657,3528.0625817991927,2426
7723.0,3435,0,1,2,4.070166630462598,675.3359534206696,3528.1271951578487,2443
7724.0,3434,0,0,1,4.044440445078858,676.0101921956901,3528.7097481796923,2453
7725.0,3434,0,0,0,4.035329903107785,676.5349446709376,3529.5401941891864,2469
7726.0,3434,0,1,1,4.018597664796823,677.0238788584741,3529.459568069765,2477
7727.0,3434,0,1,1,4.003684509106294,677.551543389633,3529.090468088989,2489
7728.0,3433,0,0,1,3.9963770484602468,678.2269152344887,3529.987453862917,2494
7729.0,3432,0,1,2,3.992038510905403,679.0037878787879,3529.367883452888,2509
7730.0,3432,0,0,0,3.985606135849064,679.4761072261073,3530.2032677920884,2520
7731.0,3432,0,0,0,3.975723606199985,679.9592074592075,3531.0395349096443,2522
7732.0,3430,0,0,2,3.949986475863645,680.8221574344024,3531.987944093468,2531
7733.0,3429,0,0,1,3.9353690428502754,681.4913969087197,3532.1285358802206,2540
7734.0,3429,0,0,0,3.91357619401212,681.9475065616798,3532.968593355573,2551
7735.0,3429,0,0,0,3.9036205110289846,682.4706911636046,3533.8094747137325,2556
7736.0,3429,0,0,0,3.885277142480615,682.978710994459,3534.651103052392,2556
7737.0,3429,0,0,0,3.8727499014154536,683.4849810440362,3535.4937860509726,2569
7738.0,3429,0,0,0,3.857976301605496,684.0297462817148,3536.3371671177924,2577
7739.0,3429,0,0,0,3.844911064016328,684.5686789151356,3537.181498600733,2577
7740.0,3429,0,0,0,3.8333224913519324,685.0775736366287,3538.0264662478176,2591
7741.0,3429,0,0,0,3.897386741559579,683.8498104403616,3538.8663821253313,2463
7742.0,3428,0,0,1,3.988710276464682,683.3579346557759,3539.6505986585544,2393
7743.0,3428,0,0,0,4.095454514800605,682.811260210035,3540.4763767176432,2343
7744.0,3426,0,0,2,4.2378209981644535,682.7533566841798,3541.505085842147,2287
7745.0,3426,0,0,0,4.387807442997042,682.4398715703444,3542.3113280661582,2255
7746.0,3424,0,0,2,4.531624476129562,682.6185747663551,3542.448119277271,2217
7747.0,3423,0,0,1,4.6691236681081385,682.6251825883728,3543.1036865624346,2190
7748.0,3423,0,0,0,4.789245163513421,682.5331580484955,3543.882877062661,2162
7749.0,3422,0,0,1,4.888924013942302,682.6534190531853,3544.4104627690804,2142
7750.0,3422,0,0,0,4.958957154542759,682.5482174167154,3545.17806804001,2117
7751.0,3422,0,0,0,5.029754204288352,682.4623027469316,3545.9408888380244,2098
7752.0,3421,0,0,1,5.063576313404848,682.6153171587255,3546.3533563852275,2079
7753.0,3421,0,0,0,5.088767996036796,682.3908213972522,3547.1112290075594,2070
7754.0,3419,0,0,2,5.106486356693741,682.6066101199181,3547.869701056992,2053
7755.0,3418,0,0,1,5.121951601081071,682.6530134581627,3548.414677683946,2026
7756.0,3417,0,0,1,5.1799526727774365,682.8173836698859,3548.812882258676,2023
7757.0,3415,0,0,2,5.1914084956148425,683.2330893118594,3549.544072594278,2019
7758.0,3415,0,0,0,5.2171169854078006,683.3238653001464,3550.2927064090245,2016
7759.0,3414,0,0,1,5.2419327429327005,683.5351493848858,3550.9858418634367,2014
7760.0,3413,0,0,1,5.251902432359891,683.9041898622912,3551.729025013422,2020
7761.0,3412,0,0,1,5.262857884762571,684.2456037514654,3552.3719320615724,2015
7762.0,3412,0,1,1,5.2759888182248975,684.2250879249707,3551.8905784892086,2013
7763.0,3410,0,0,2,5.277557184902541,684.608797653959,3552.706747727477,2008
7764.0,3409,0,0,1,5.282332542158333,684.8193018480492,3552.871605154401,2010
7765.0,3408,0,0,1,5.279189376665975,685.0944835680751,3552.9756092002476,2014
7766.0,3405,0,0,3,5.2630306114258625,685.6472834067548,3553.5867891119306,2006
7767.0,3405,0,0,0,5.257853466744899,685.714537444934,3554.3322402509502,2005
7768.0,3403,0,0,2,5.2421429607461425,686.1331178372025,3554.9009971110045,2009
7769.0,3402,0,0,1,5.236446085909605,686.3944738389183,3555.178024082163,2016
7770.0,3402,0,0,0,5.228013948719892,686.4197530864197,3555.925333376071,1994
7771.0,3399,0,0,3,5.201654707307318,687.0585466313622,3556.457746781018,2003
7772.0,3398,0,0,1,5.190533320808527,687.2545615067687,3557.368591691409,1997
7773.0,3395,0,0,3,5.1708571934642436,687.7826215022092,3558.2220365574112,1995
7774.0,3395,0,0,0,5.160091735491936,687.6677466863034,3558.9730655788658,1995
7775.0,3395,0,0,0,5.137092300352911,687.721944035346,3559.7255787076338,2010
7776.0,3395,0,0,0,5.130737083909475,687.7078055964654,3560.4789754189687,2005
7777.0,3393,0,0,2,5.107976368828362,688.2068965517242,3561.7589220770283,2010
7778.0,3392,0,0,1,5.097809489244686,688.4997051886793,3562.3767986091457,2005
7779.0,3390,0,0,2,5.057875490588999,689.0660766961652,3563.677857677057,2009
7780.0,3389,0,0,1,5.011515058001004,689.4207730894069,3564.390223316234,2001
7781.0,3389,0,0,0,4.96863323273067,689.6087341398643,3565.153964377466,2010
7782.0,3388,0,0,1,4.924919714929785,690.0593270365997,3565.832336913862,2021
7783.0,3387,0,0,1,4.849725616288807,690.5518157661647,3566.6954471316467,2035
7784.0,3386,0,0,1,4.787944758814412,691.0141760189014,3567.1824109919735,2044
7785.0,3385,0,0,1,4.738545414657052,691.5022156573117,3567.7676709124717,2060
7786.0,3384,0,0,1,4.677155174439558,691.993498817967,3568.4988931004705,2081
7787.0,3381,0,0,3,4.60737363035482,692.9902395740905,3569.234130060216,2105
7788.0,3378,0,0,3,4.548655478282854,693.9547069271758,3569.1914826457496,2138
7789.0,3376,0,0,2,4.500510275559755,694.7633293838862,3569.849066752773,2160
7790.0,3375,0,0,1,4.4650665519461565,695.2717037037037,3571.144249475172,2167
7791.0,3376,0,2,1,4.432748962835788,695.3302725118483,3569.732933792528,2175
7792.0,3374,0,0,2,4.401498517315411,696.1458209839952,3569.882973450202,2199
7793.0,3373,0,0,1,4.366170971643719,696.5529202490364,3571.0799150794255,2223
7794.0,3371,0,0,2,4.345167357095025,697.3156333432216,3571.973066096805,2240
7795.0,3370,0,1,2,4.319623884671971,697.7637982195846,3571.8575407025855,2246
7796.0,3371,0,1,0,4.2904049598263985,697.8270542865619,3571.6070612509016,2271
7797.0,3368,0,0,3,4.23986425184077,698.728028503563,3572.9152392445194,2283
7798.0,3367,0,0,1,4.205289479127319,699.2126522126522,3573.6336515934504,2302
7799.0,3365,0,0,2,4.148365032604201,700.0320950965825,3574.2580363266757,2322
7800.0,3364,0,0,1,4.114406194435633,700.5927467300833,3574.98735789829,2328
7801.0,3364,0,0,0,4.106133178878152,700.9720570749108,3575.8098444863795,2344
7802.0,3363,0,0,1,4.092811935122763,701.5768658935474,3576.540553864719,2345
7803.0,3361,0,0,2,4.076308538511889,702.3989883963106,3576.7041901134553,2361
7804.0,3362,0,1,0,4.060057977820976,702.534503271862,3576.467061342877,2369
7805.0,3360,0,0,2,4.0401800736763445,703.2375,3577.181399727538,2368
7806.0,3360,0,0,0,4.022410484672326,703.6907738095238,3578.0122183451394,2376
7807.0,3360,0,0,0,4.013882890152972,704.021130952381,3578.843961269883,2384
7808.0,3360,0,0,0,3.9925974325250464,704.4238095238095,3579.6775559738776,2385
7809.0,3359,0,0,1,3.973141586802872,704.948198868711,3580.6624577039597,2399
7810.0,3359,0,0,0,3.964815094924846,705.2694254242334,3581.4983664663946,2411
7811.0,3359,0,0,0,3.9565555020596643,705.577255135457,3582.3347113925406,2411
7812.0,3359,0,1,1,3.930322172709485,705.9940458469782,3582.305620839116,2426
7813.0,3359,0,0,0,3.911151000546678,706.4325692170289,3583.144976689051,2431
7814.0,3359,0,0,0,3.8993606689016542,706.8716880023817,3583.985130556894,2428
7815.0,3359,0,0,0,3.8835960766077466,707.3012801428997,3584.8268143040464,2448
7816.0,3357,0,0,2,3.849817453784481,708.2815013404826,3585.1163441739363,2471
7817.0,3357,0,1,1,3.8317845768380363,708.8626750074471,3584.945696559428,2498
7818.0,3357,0,0,0,3.812439685878508,709.3699731903486,3585.792135409141,2506
7819.0,3356,0,0,1,3.803084885114399,710.0756853396902,3586.436439437814,2517
7820.0,3356,0,0,0,3.8007457015930455,710.5137067938022,3587.2840766936715,2534
7821.0,3354,0,0,2,3.7787913817302288,711.4159212880143,3588.0522675784514,2539
7822.0,3353,0,0,1,3.7627619979122926,712.1184014315538,3588.6923231428204,2539
7823.0,3353,0,0,0,3.742509469686802,712.6802863107665,3589.5422250494134,2551
7824.0,3352,0,0,1,3.724007877860209,713.3967780429595,3589.864557709059,2560
7825.0,3348,0,0,4,3.693260395282051,714.7108721624851,3591.2050377820487,2569
7826.0,3348,0,0,0,3.6702993954614214,715.186678614098,3592.0588455796124,2567
7827.0,3346,0,0,2,3.652541119867555,716.0854751942618,3592.392573200444,2573
7828.0,3344,0,0,2,3.625758389036783,717.0666866028708,3593.4497645007887,2592
7829.0,3343,0,0,1,3.6216336238571025,717.7448399641041,3594.2920161672755,2607
7830.0,3342,0,0,1,3.6186030211582194,718.4581089168163,3595.0881908160713,2600
7831.0,3342,0,0,0,3.698409115743563,717.2462597247157,3595.940012693635,2478
7832.0,3342,0,0,0,3.8126824566465034,716.5514661879114,3596.7840886678623,2390
7833.0,3341,0,0,1,3.9389562382615537,716.308290930859,3597.150833424077,2340
7834.0,3341,0,0,0,4.098255989572988,715.7788087398982,3597.9748178282475,2288
7835.0,3341,0,0,0,4.253840422739246,715.5142173002096,3598.7891832833843,2258
7836.0,3340,0,0,1,4.399429182336143,715.5907185628743,3599.777922577426,2228
7837.0,3340,0,0,0,4.55930306045279,715.3098802395209,3600.5727078801524,2188
7838.0,3339,0,0,1,4.6844249674665575,715.2039532794249,3600.6591063220344,2154
7839.0,3339,0,0,0,4.78959776500125,715.0116801437556,3601.4387646829327,2132
7840.0,3338,0,0,1,4.890278073782935,715.0422408627921,3602.2411100949503,2097
7841.0,3337,0,0,1,4.973535265285687,715.114174408151,3602.9328604964426,2083
7842.0,3337,0,0,0,5.0530900051317476,714.964638897213,3603.696240038062,2048
7843.0,3337,0,0,0,5.11611971485474,714.7449805214264,3604.4559706002597,2032
7844.0,3337,0,0,0,5.165559934092242,714.5136350014983,3605.2127391781773,2007
7845.0,3337,0,0,0,5.209857718288408,714.4138447707521,3605.9657540770345,2002
7846.0,3337,0,0,0,5.23676586804907,714.3305364099491,3606.717156469052,2000
7847.0,3337,0,0,0,5.271591961021411,714.176505843572,3607.4661055386105,1998
7848.0,3336,0,0,1,5.271358294679707,714.261690647482,3608.3332926419002,1992
7849.0,3336,0,0,0,5.284261942369693,714.0326738609112,3609.082301774484,1978
7850.0,3336,0,0,0,5.288853579055025,713.9001798561151,3609.83041343032,1979
7851.0,3336,0,0,0,5.289861303607349,713.6885491606714,3610.578815145535,1975
7852.0,3336,0,0,0,5.294863903342172,713.6279976019184,3611.3266580627374,1961
7853.0,3336,0,0,0,5.277255992770222,713.6873501199041,3612.075555916454,1963
7854.0,3335,0,0,1,5.270863843378764,713.8743628185907,3612.872938386822,1965
7855.0,3334,0,0,1,5.250625466091672,714.0230953809238,3614.006088547618,1967
7856.0,3333,0,0,1,5.244479960899607,714.1872187218722,3614.70901690898,1965
7857.0,3332,0,0,1,5.242449649080752,714.1839735894358,3615.497904090695,1954
7858.0,3331,0,0,1,5.240249444775769,714.3197238066647,3616.2779586730803,1949
7859.0,3331,0,0,0,5.246275873371804,714.1753227259081,3617.027586669048,1941
7860.0,3331,0,0,0,5.2332999029984855,714.0414290003002,3617.777341875446,1914
7861.0,3330,0,0,1,5.230037670987821,714.0297297297298,3618.470537598925,1905
7862.0,3330,0,0,0,5.236357053405174,713.9498498498499,3619.220386442242,1902
7863.0,3330,0,0,0,5.227441128103255,713.851951951952,3619.9705414458576,1887
7864.0,3330,0,0,0,5.2289347498873235,713.8711711711712,3620.7216801529908,1906
7865.0,3330,0,0,0,5.224533163361982,713.9753753753754,3621.4738668140817,1935
7866.0,3328,0,0,2,5.206263928675359,714.4633413461538,3621.969911042714,1938
7867.0,3326,0,0,2,5.185681070658933,714.9552014431749,3622.5997747158676,1957
7868.0,3326,0,0,0,5.166067471055112,714.9795550210463,3623.3568872487735,1970
7869.0,3326,0,0,0,5.151213822316163,714.9675285628382,3624.115563889537,1963
7870.0,3326,0,0,0,5.116689967922618,714.9768490679495,3624.876266620272,1973
7871.0,3325,0,0,1,5.0639514912070585,715.27007518797,3626.1551506883493,1980
7872.0,3323,0,0,2,5.000995492568809,715.8212458621728,3627.1442041274154,1999
7873.0,3322,0,0,1,4.952732515544792,716.2793497892835,3628.0868298519567,2029
7874.0,3322,0,0,0,4.910422646362811,716.4157134256473,3628.861739937404,2033
7875.0,3321,0,0,1,4.866594221670846,716.8081903041252,3629.6797725837964,2051
7876.0,3320,0,0,1,4.818313430128675,717.1448795180723,3630.580050989451,2062
7877.0,3319,0,0,1,4.754678695631549,717.3636637541429,3631.0783398916105,2078
7878.0,3319,0,0,0,4.708127604918737,717.6034950286231,3631.867302894307,2099
7879.0,3318,0,0,1,4.650689448714704,718.0750452079566,3632.8463068294777,2115
7880.0,3315,0,0,3,4.602379171107818,719.0470588235294,3633.776385451248,2151
7881.0,3315,0,0,0,4.564710481952137,719.4322775263952,3634.5749168742836,2172
7882.0,3315,0,2,2,4.517568874507217,719.7073906485671,3633.1028488202783,2175
7883.0,3313,0,0,2,4.487787822904038,720.3021430727438,3633.89329530818,2178
7884.0,3313,0,0,0,4.477549805625901,720.6377905221854,3634.69818485259,2188
7885.0,3315,0,2,0,4.458990038059739,720.4730015082956,3633.3115027973977,2209
7886.0,3314,0,0,1,4.447060471403618,721.101689800845,3634.0467010213333,2226
7887.0,3313,0,0,1,4.437683310568718,721.6003622094778,3635.4129325860295,2235
7888.0,3313,0,1,1,4.412571238650136,721.7355870811953,3635.2226560398567,2232
7889.0,3314,0,1,0,4.389627423863227,721.825890162945,3634.9365346453237,2251
7890.0,3314,0,0,0,4.363436048160414,722.1855763427882,3635.7493985416704,2274
7891.0,3315,0,2,1,4.3289663790744575,722.3683257918552,3634.3817865701517,2281
7892.0,3315,0,0,0,4.286734892425754,722.7185520361991,3635.2000978950205,2289
7893.0,3315,0,0,0,4.25458575090632,723.0853695324283,3636.020411744061,2299
7894.0,3315,0,1,1,4.213080279449656,723.3595776772247,3635.6115131874985,2294
7895.0,3313,0,1,3,4.181632853934306,724.1711439782674,3634.0130460451687,2311
7896.0,3313,0,1,1,4.174177608024443,724.4913975249019,3633.7557246037427,2322
7897.0,3313,0,1,1,4.169068556445138,724.8536070027166,3633.519708834044,2325
7898.0,3313,0,1,1,4.151840003377445,725.3006338665862,3633.118645635389,2330
7899.0,3312,0,1,2,4.127709970208331,725.850845410628,3632.694439843851,2330
7900.0,3311,0,0,1,4.106988061842099,726.4886741165811,3634.1265123579315,2332
7901.0,3310,0,0,1,4.095690724580098,727.1311178247735,3635.0236330443886,2346
7902.0,3311,0,2,1,4.06814972340287,727.4995469646633,3633.4439740336584,2370
7903.0,3310,0,0,1,4.03861704939069,728.2090634441088,3634.064292023641,2389
7904.0,3311,0,1,0,4.028021147765751,728.4892781636968,3633.8032018522103,2404
7905.0,3311,0,0,0,4.027514694347063,729.0099667774086,3634.6407273273253,2418
7906.0,3312,0,1,0,4.014619001891189,729.3399758454107,3634.3816628374143,2430
7907.0,3312,0,1,1,3.9914109302339553,729.8897946859903,3633.4475847396116,2450
7908.0,3314,0,2,0,3.9717806944446763,729.980687990344,3632.095695793035,2455
7909.0,3314,0,0,0,3.962180423051748,730.4876282438141,3632.937362492885,2471
7910.0,3314,0,0,0,3.9554880440117635,731.0322872661436,3633.7800285988405,2470
7911.0,3314,0,0,0,3.93597240386962,731.5875075437538,3634.623571736848,2474
7912.0,3314,0,0,0,3.927635519361335,732.0712130356065,3635.467326702415,2479
7913.0,3314,0,0,0,3.903727075310199,732.5687990343995,3636.3125414457195,2495
7914.0,3314,0,0,0,3.896559230204795,733.0018105009052,3637.157859688368,2494
7915.0,3314,0,0,0,3.885530122923105,733.4239589619795,3638.003695583297,2502
7916.0,3315,0,1,0,3.876942331089368,733.7351432880845,3637.7523552528996,2506
7917.0,3314,0,0,1,3.856100026106492,734.4957754978877,3638.592351714099,2521
7918.0,3313,0,0,1,3.8471730545366594,735.2743736794446,3639.254550492843,2521
7919.0,3313,0,0,0,3.84044299877219,735.7962571687292,3640.1033479800067,2530
7920.0,3313,0,0,0,3.8367289364662236,736.2867491699366,3640.953289548033,2538
7921.0,3313,0,0,0,3.909254923869526,734.7995774222759,3641.7980930298704,2419
7922.0,3313,0,0,0,4.016988247391808,733.6833685481437,3642.6355085152218,2335
7923.0,3313,0,0,0,4.165282902158004,733.0947781466948,3643.4625917335266,2277
7924.0,3313,0,0,0,4.321142896047318,732.4627226079083,3644.279274777835,2222
7925.0,3313,0,0,0,4.474376750962195,732.110775731965,3645.085518544766,2189
7926.0,3313,0,0,0,4.633261417053573,731.7706006640507,3645.8812078017822,2155
7927.0,3313,0,0,0,4.7803708345518245,731.3265922124963,3646.6663695176126,2110
7928.0,3313,0,0,0,4.898219687252562,730.976456383942,3647.44362025579,2095
7929.0,3313,0,0,0,4.98706510246325,730.3474192574706,3648.214490969783,2069
7930.0,3312,0,0,1,5.05837400405819,730.118961352657,3648.8571727586814,2051
7931.0,3311,0,0,1,5.110922537739712,729.8710359408034,3649.821285795221,2025
7932.0,3310,0,0,1,5.155079930608371,729.6945619335347,3650.086431713996,2006
7933.0,3309,0,0,1,5.200239366726936,729.6857056512541,3650.790639088104,1999
7934.0,3308,0,0,1,5.229171601374833,729.5154171704958,3651.6464842341593,1976
7935.0,3306,0,0,2,5.2463069534880535,729.2885662431942,3652.1866768938507,1959
7936.0,3305,0,0,1,5.248688697537543,728.9391830559758,3652.5586789853146,1957
7937.0,3305,0,0,0,5.264769733100317,728.4602118003025,3653.3088832757667,1969
7938.0,3305,0,0,0,5.262252150642778,727.9706505295007,3654.0588894968587,1952
7939.0,3305,0,0,0,5.266641106091005,728.1204236006051,3654.808528306272,1959
7940.0,3304,0,0,1,5.258890785833009,728.1855326876513,3655.7179330759923,1961
7941.0,3304,0,0,0,5.267799742668164,728.0487288135594,3656.4678341432336,1959
7942.0,3304,0,0,0,5.267479554332049,727.8786319612591,3657.2177595464623,1958
7943.0,3304,0,0,0,5.269595345071194,728.0226997578693,3657.9686278655936,1953
7944.0,3304,0,0,0,5.268025007681909,727.8783292978209,3658.7194018128457,1950
7945.0,3303,0,0,1,5.262779525104258,727.973357553739,3659.7905079657935,1955
7946.0,3302,0,0,1,5.272914815404915,727.9043004239854,3660.675530487491,1944
7947.0,3302,0,0,0,5.274898379396854,727.6287098728044,3661.4262768828517,1946
7948.0,3302,0,0,0,5.291759113183472,727.4030890369473,3662.176195817307,1942
7949.0,3302,0,0,0,5.314173071553272,727.2534827377347,3662.9248366502484,1946
7950.0,3302,0,0,0,5.3288678839129116,727.0030284675954,3663.6728493822184,1932
7951.0,3301,0,0,1,5.3371052492821285,727.028173280824,3664.3448476476397,1945
7952.0,3301,0,0,0,5.344710264585076,726.7761284459255,3665.09263890491,1937
7953.0,3300,0,0,1,5.347121335094944,726.7203030303031,3665.7533097327587,1938
7954.0,3300,0,0,0,5.343596568835509,726.7681818181818,3666.5009773972924,1941
7955.0,3299,0,0,1,5.3333506597305025,726.7884207335557,3667.59651766457,1945
7956.0,3298,0,0,1,5.322603094904271,726.8086719223772,3668.2702019825356,1951
7957.0,3296,0,0,2,5.298553254876697,727.1104368932039,3669.237059870557,1958
7958.0,3295,0,0,1,5.273453860854295,727.137784522003,3669.9528668006546,1966
7959.0,3295,0,0,0,5.25027783502465,726.9617602427921,3670.7070501664925,1981
7960.0,3295,0,0,0,5.223309094088802,726.8291350531108,3671.463532593252,1987
7961.0,3294,0,0,1,5.184397013101003,726.8418336369156,3672.631759574988,1970
7962.0,3290,0,0,4,5.100133157642481,727.8197568389057,3673.2510100785908,1971
7963.0,3290,0,0,0,5.051604237176376,727.7027355623101,3674.0172029641826,1985
7964.0,3289,0,0,1,4.996538767047847,728.1477652782,3674.72581213283,2003
7965.0,3287,0,0,2,4.94366513400212,728.5479160328567,3675.649382244869,2024
7966.0,3287,0,0,0,4.9225396529535255,728.378460602373,3676.425601622309,2021
7967.0,3287,0,0,0,4.890158839942619,728.5317919075145,3677.2041801220894,2021
7968.0,3286,0,0,1,4.867406169333586,728.6524650030432,3678.0422684375817,2049
7969.0,3286,0,0,0,4.852569955613628,728.6071211199027,3678.823667435348,2058
7970.0,3284,0,1,3,4.813733763127924,728.915347137637,3678.7964425723044,2055
7971.0,3282,0,0,2,4.784437911042626,729.2760511882998,3679.4029226790644,2064
7972.0,3281,0,0,1,4.753496467810033,729.4038402925937,3680.355539484503,2078
7973.0,3279,0,0,2,4.710860142440813,729.8243366880147,3681.2143884247703,2081
7974.0,3278,0,0,1,4.67731668000103,730.0079316656498,3681.9256300711118,2096
7975.0,3278,0,2,2,4.622847176251655,730.1882245271507,3680.3888058468638,2093
7976.0,3277,0,0,1,4.579876626850775,730.3472688434543,3681.051893078196,2101
7977.0,3276,0,0,1,4.5400430707039146,730.8821733821734,3681.5278994621917,2130
7978.0,3275,0,0,1,4.51088133280023,731.3990839694657,3682.3410101134014,2151
7979.0,3275,0,1,1,4.47856950586362,731.7135877862595,3681.883436030626,2154
7980.0,3274,0,0,1,4.445162850664106,732.2904703726329,3682.6243770387664,2163
7981.0,3273,0,0,1,4.409163421393105,732.8582340360525,3682.7150180724675,2180
7982.0,3273,0,1,1,4.39498047811239,733.19248395967,3682.1516015349266,2187
7983.0,3272,0,0,1,4.3771141380287,733.7438875305623,3683.074275945468,2193
7984.0,3271,0,0,1,4.3464111480389676,734.3372057474778,3683.721301295674,2208
7985.0,3272,0,2,1,4.323326849013525,734.5003056234718,3682.5650968774853,2224
7986.0,3271,0,0,1,4.305722263057091,735.1027208804647,3683.817220434637,2238
7987.0,3271,0,0,0,4.289232469752463,735.5111586670743,3684.6333074610907,2249
7988.0,3271,0,1,1,4.2790570638211705,735.9183735860593,3683.7388097169733,2248
7989.0,3270,0,0,1,4.26465110466811,736.5663608562691,3683.911604001074,2265
7990.0,3270,0,1,1,4.230415473424201,737.0525993883792,3683.530969786724,2280
7991.0,3270,0,1,1,4.188166856041058,737.540366972477,3683.1099063162615,2293
7992.0,3270,0,0,0,4.172872939308034,738.0544342507645,3683.9351504495717,2313
7993.0,3270,0,0,0,4.150685578188897,738.6266055045871,3684.762567027276,2335
7994.0,3269,0,0,1,4.1253648754787475,739.4545732639951,3685.5840885581106,2361
7995.0,3269,0,0,0,4.102516591116659,740.070357907617,3686.4145202705918,2373
7996.0,3268,0,0,1,4.095974431239423,740.8806609547123,3686.6838867833194,2394
7997.0,3270,0,2,0,4.088978685770721,740.9504587155964,3685.2604413635127,2398
7998.0,3269,0,0,1,4.073573107786123,741.7353930865709,3686.3001707954836,2396
7999.0,3269,0,0,0,4.067980774647452,742.2327929030284,3687.1337003662793,2410
8000.0,3269,0,0,0,4.0691692817877705,742.8210461914958,3687.967542869423,2426
8001.0,3269,0,0,0,4.065649984002385,743.4420312022025,3688.802106816709,2440
8002.0,3269,0,0,0,4.0637200435254694,743.9889874579382,3689.636880614952,2446
8003.0,3268,0,0,1,4.063420512344115,744.8078335373317,3690.7617238407006,2451
8004.0,3267,0,0,1,4.042022381083476,745.6862565044383,3691.7317553607636,2477
8005.0,3266,0,0,1,4.0266447951324675,746.4145744029394,3692.4223550594375,2477
8006.0,3264,0,0,2,4.000943193843035,747.4662990196078,3693.332522580442,2482
8007.0,3263,0,0,1,3.9879557970693766,748.2148329757891,3694.4945243898337,2483
8008.0,3260,0,0,3,3.9522413427530023,749.5076687116565,3695.489066059747,2497
8009.0,3259,0,0,1,3.9292876934014855,750.2166308683645,3696.486614522163,2500
8010.0,3258,0,0,1,3.90958229683653,751.0837937384898,3697.222265188135,2512
8011.0,3256,0,0,2,3.9650794274912897,750.3135749385749,3697.3701726913746,2395
8012.0,3254,0,0,2,4.055536166497816,749.8896742470805,3698.1153950103576,2312
8013.0,3254,0,0,0,4.190327286091856,749.2768899815611,3698.9396590809224,2269
8014.0,3254,0,0,0,4.341172073471977,748.6207744314689,3699.7535389668965,2213
8015.0,3254,0,0,0,4.487100128969131,748.1075599262447,3700.5583450573913,2169
8016.0,3254,0,0,0,4.631932170468592,747.6352181929932,3701.3532179562117,2145
8017.0,3253,0,0,1,4.771703859911374,747.4285275130649,3702.250680448074,2102
8018.0,3252,0,0,1,4.898986958853358,747.2736777367774,3702.838656660505,2071
8019.0,3252,0,0,0,5.002952112321247,747.1082410824108,3703.609537352561,2054
8020.0,3251,0,0,1,5.078741144486107,747.1439557059366,3704.338957772654,2034
8021.0,3251,0,0,0,5.1511381621596195,746.9517071670256,3705.100311739028,2005
8022.0,3251,0,0,0,5.191654681152377,746.8059058751154,3705.8584762384203,1988
8023.0,3251,0,0,0,5.235893614092027,746.70163026761,3706.6136725572005,1970
8024.0,3249,0,0,2,5.261229802601804,747.0470914127424,3706.332382684909,1958
8025.0,3249,0,0,0,5.294185915950281,746.953216374269,3707.0837291913217,1935
8026.0,3248,0,0,1,5.312036605781542,746.801724137931,3707.2837389960314,1926
8027.0,3248,0,0,0,5.318003603923376,746.7761699507389,3708.032766335279,1929
8028.0,3248,0,0,0,5.343568371572096,746.64039408867,3708.780743834666,1908
8029.0,3247,0,0,1,5.364940273497639,746.8820449645827,3709.4280268099556,1906
8030.0,3247,0,0,0,5.367451969272958,746.9242377579304,3710.175707402388,1915
8031.0,3246,0,0,1,5.3618354946095454,747.2205791743685,3711.1524022365757,1919
8032.0,3246,0,0,0,5.370499982755129,747.1762168823167,3711.899534494014,1897
8033.0,3245,0,0,1,5.361294664871035,747.4850539291217,3712.7530363936694,1896
8034.0,3242,0,0,3,5.36561026734997,748.1822948797039,3714.494789983676,1899
8035.0,3241,0,0,1,5.38904498796666,747.82567108917,3715.194882072848,1875
8036.0,3238,0,0,3,5.422829285911367,748.0858554663372,3717.0056811662675,1847
8037.0,3237,0,0,1,5.46477862658312,747.7874575223973,3718.337363715582,1813
8038.0,3233,0,0,4,5.476077670941638,748.5020105165481,3719.741300971429,1809
8039.0,3233,0,0,0,5.478763833976536,748.2666254253015,3720.482828513708,1807
8040.0,3230,0,0,3,5.480989166999837,748.946439628483,3721.2923367936073,1784
8041.0,3229,0,0,1,5.492470394509048,749.1591824094147,3722.2581809387916,1794
8042.0,3229,0,0,0,5.506900140682768,749.0371632084236,3722.9971510154064,1778
8043.0,3228,0,0,1,5.496273229902315,749.241325898389,3723.177639500393,1782
8044.0,3226,0,0,2,5.477360693418008,749.7176069435834,3724.759012550173,1772
8045.0,3224,0,0,2,5.460811783848197,750.2307692307693,3724.8371882543133,1777
8046.0,3223,0,0,1,5.43911728217189,750.5107043127521,3725.7633349410166,1789
8047.0,3223,0,0,0,5.42208177569157,750.6168166304685,3726.507363743987,1799
8048.0,3222,0,0,1,5.387752725380208,750.9242706393544,3727.2060965790492,1815
8049.0,3222,0,0,0,5.344924092867283,751.0741775294848,3727.9549970770604,1829
8050.0,3222,0,0,0,5.286717158089877,751.2306021104904,3728.7076389004983,1840
8051.0,3221,0,0,1,5.23349615860785,751.5231294628998,3729.534386788473,1848
8052.0,3221,0,0,0,5.178242492049744,751.7103384042223,3730.2947556015106,1853
8053.0,3220,0,0,1,5.1189419966503875,752.0782608695653,3730.889717917421,1842
8054.0,3219,0,0,1,5.076742138135976,752.5327741534638,3731.8168094126736,1865
8055.0,3216,0,0,3,5.025590024513686,753.4564676616916,3732.5715418595623,1879
8056.0,3214,0,0,2,4.982229694928799,754.1138767890479,3733.6514334571402,1896
8057.0,3213,0,0,1,4.969396946994234,754.5424836601308,3733.6578408475134,1895
8058.0,3213,0,0,0,4.943870969567156,754.7326486150016,3734.433797262703,1902
8059.0,3212,0,0,1,4.903038780458309,755.1830635118306,3735.288356455482,1906
8060.0,3210,0,0,2,4.857013628729421,755.8834890965732,3735.8399140738106,1926
8061.0,3210,0,0,0,4.8384414542682475,756.2077881619938,3736.62323142083,1942
8062.0,3210,0,1,1,4.826343948070146,756.4959501557632,3735.5860571925996,1957
8063.0,3209,0,1,2,4.811706368551636,757.1100031162356,3735.637865633812,1970
8064.0,3208,0,0,1,4.784733332220091,757.7344139650872,3736.398720833412,1983
8065.0,3208,0,1,1,4.753897935509087,758.0423940149626,3735.78728960342,1993
8066.0,3206,0,0,2,4.71050611976002,758.8705552089832,3736.382590853956,2006
8067.0,3206,0,1,1,4.6718905060793725,759.2261384903306,3736.3632627874913,2020
8068.0,3206,0,1,1,4.625438472294321,759.4975046787274,3735.9614228242003,2035
8069.0,3205,0,0,1,4.5817429819219075,760.1060842433698,3736.910509863625,2045
8070.0,3206,0,1,0,4.541962649852057,760.211166562695,3736.5477853175103,2068
8071.0,3206,0,0,0,4.520493734966458,760.6528384279476,3737.352752702238,2098
8072.0,3207,0,1,0,4.487105784774982,760.8116619893982,3736.9949373513405,2109
8073.0,3207,0,1,1,4.440285525311854,761.2681633925787,3737.285695104482,2134
8074.0,3208,0,1,0,4.405449896876873,761.4413965087282,3736.9339440883655,2153
8075.0,3208,0,0,0,4.37260248699806,761.8107855361596,3737.749922497068,2163
8076.0,3209,0,1,0,4.356689191858437,761.9987535057651,3737.4019064944396,2165
8077.0,3209,0,1,1,4.329299309659822,762.3399813025865,3737.2043931693165,2169
8078.0,3209,0,0,0,4.304287576893248,762.7996260517295,3738.0262962548286,2179
8079.0,3210,0,2,1,4.277009727095627,763.018691588785,3736.332244968044,2199
8080.0,3210,0,0,0,4.26442040112567,763.4520249221184,3737.157378997469,2211
8081.0,3211,0,1,0,4.242167133372382,763.7041420118343,3736.820280825079,2226
8082.0,3210,0,0,1,4.21445353676535,764.5258566978193,3737.020982010425,2249
8083.0,3211,0,1,0,4.2003177587839655,764.8617253192152,3736.6865210621604,2278
8084.0,3210,0,0,1,4.174867297456062,765.6454828660436,3737.9402403125932,2292
8085.0,3211,0,2,1,4.157564473908925,765.9486141388975,3736.3335831588865,2304
8086.0,3210,0,0,1,4.134847701184127,766.7803738317757,3736.9544343174994,2304
8087.0,3210,0,1,1,4.1148575493521635,767.2838006230529,3736.4107250084016,2304
8088.0,3210,0,0,0,4.092634536924022,767.8224299065421,3737.246617719489,2319
8089.0,3209,0,0,1,4.078618349838446,768.5185416017451,3738.684018351419,2321
8090.0,3209,0,1,1,4.052596487726617,769.1171704580867,3738.7430383818228,2334
8091.0,3209,0,0,0,4.019281942347107,769.7045808663134,3739.583934956637,2348
8092.0,3209,0,0,0,4.0176616220537245,770.240573387348,3740.424351191409,2345
8093.0,3207,0,0,2,3.995527171866522,771.3398815091987,3740.9099310169504,2372
8094.0,3208,0,1,0,3.9846206519262206,771.6879675810474,3740.585874977665,2386
8095.0,3208,0,0,0,3.9805398524467086,772.3257481296758,3741.4281822099824,2399
8096.0,3208,0,0,0,3.9745006624247043,772.9111596009975,3742.2713481764654,2410
8097.0,3208,0,0,0,3.9777903489309443,773.5576683291771,3743.1145535961637,2415
8098.0,3208,0,0,0,3.9711167923719755,774.1826683291771,3743.958810876451,2429
8099.0,3208,0,0,0,3.964452176556131,774.7730673316709,3744.803431056311,2431
8100.0,3207,0,0,1,3.954930427022888,775.6258185219832,3745.6582791771198,2434
8101.0,3207,0,0,0,4.042735517110995,774.378858746492,3746.4979325493796,2305
8102.0,3207,0,0,0,4.160641558132598,773.6108512628625,3747.329819214843,2232
8103.0,3206,0,0,1,4.2986037833470325,773.3250155957579,3748.3356887556256,2156
8104.0,3205,0,0,1,4.456000599392991,773.0315132605305,3748.9343862209325,2107
8105.0,3204,0,0,1,4.606686596132512,773.0034332084894,3749.974366825794,2069
8106.0,3203,0,0,1,4.758028523500488,773.068061192632,3751.0809630050667,2055
8107.0,3203,0,0,0,4.894848916495265,772.7752107399314,3751.8629879757195,2015
8108.0,3203,0,0,0,5.029828999514588,772.1863877614736,3752.636582491849,1978
8109.0,3203,0,0,0,5.1434667126322555,771.6253512332189,3753.4033163863487,1936
8110.0,3203,0,0,0,5.242346760655331,771.0259132063691,3754.163604741859,1897
8111.0,3202,0,0,1,5.3152278931011026,770.7788881948782,3754.095020094561,1871
8112.0,3201,0,0,1,5.362009384933555,770.6219931271478,3754.220700343138,1861
8113.0,3201,0,0,0,5.401974596364862,770.164636051234,3754.9702000946168,1847
8114.0,3201,0,0,0,5.42878674529903,769.7332083723836,3755.7178390039853,1843
8115.0,3199,0,0,2,5.4424658827296,769.7724288840262,3755.4373761209163,1843
8116.0,3198,0,0,1,5.466041723398081,769.5431519699812,3756.045025909358,1840
8117.0,3198,0,0,0,5.493346408308378,769.0825515947467,3756.788297433487,1822
8118.0,3197,0,0,1,5.515438853675948,768.9218016890835,3757.815711507858,1808
8119.0,3197,0,0,0,5.532440352425642,768.992492962152,3758.5567719163014,1796
8120.0,3195,0,0,2,5.557292738610273,769.257902973396,3759.314572249492,1803
8121.0,3195,0,0,0,5.5741341194729985,768.9161189358373,3760.0535957338498,1797
8122.0,3194,0,0,1,5.5840539248888685,768.9201628052599,3760.685236754444,1784
8123.0,3191,0,0,3,5.5668857202295055,769.294578502037,3761.459628321918,1786
8124.0,3191,0,0,0,5.5671962843687925,769.0144155437167,3762.1992662007424,1780
8125.0,3191,0,0,0,5.5738932100220016,768.75274208712,3762.9382200147957,1788
8126.0,3191,0,0,0,5.58901744665693,768.3701034158571,3763.6768333679406,1780
8127.0,3190,0,0,1,5.607232408056126,768.2147335423198,3764.705583971016,1763
8128.0,3191,0,1,0,5.619181706672222,767.954873080539,3764.2619827750455,1751
8129.0,3191,0,0,0,5.618293605379927,767.6004387339392,3764.998282045585,1738
8130.0,3190,0,0,1,5.6118501560074945,767.4915360501567,3765.728287825414,1733
8131.0,3189,0,0,1,5.615935990921796,767.3960489181561,3766.4451991882556,1714
8132.0,3189,0,0,0,5.6149123437893405,767.1251175917215,3767.1818540627028,1711
8133.0,3188,0,0,1,5.614102824970456,767.1329987452948,3767.4636700814904,1713
8134.0,3188,0,0,0,5.6184918852718235,766.8949184441656,3768.1999143634175,1725
8135.0,3187,0,0,1,5.617349868829331,766.7690618136178,3769.3104221691833,1725
8136.0,3187,0,0,0,5.618918737964134,766.498588013806,3770.047716253199,1717
8137.0,3186,0,0,1,5.61820670865728,766.8600125549278,3770.5135734689106,1727
8138.0,3186,0,0,0,5.609362675579448,766.5809792843692,3771.2523318820517,1728
8139.0,3186,0,1,1,5.5748166556179735,766.3336472065286,3770.5949472013526,1740
8140.0,3185,0,0,1,5.552747447520723,766.3620094191523,3771.4911043016855,1746
8141.0,3184,0,0,1,5.528253802450425,766.4695351758794,3772.134852854449,1759
8142.0,3184,0,0,0,5.506029714288277,766.3052763819095,3772.88118538295,1772
8143.0,3184,0,0,0,5.4596126721468865,766.4613693467337,3773.6308405447367,1787
8144.0,3184,0,0,0,5.430237642948936,766.7364949748744,3774.383087812933,1799
8145.0,3182,0,0,2,5.372032784651813,767.083280955374,3775.3040226362523,1818
8146.0,3181,0,0,1,5.331211286720222,767.0914806664571,3776.5808276078224,1815
8147.0,3181,0,0,0,5.293061466692264,766.4253379440428,3777.343769536004,1828
8148.0,3178,0,1,4,5.224399993792208,767.314663310258,3775.8395831083053,1845
8149.0,3177,0,0,1,5.192645794031098,767.4104501101668,3776.7459715962414,1856
8150.0,3176,0,0,1,5.159248184376422,767.558879093199,3777.623263606093,1882
8151.0,3176,0,0,0,5.124751214685476,767.8888539042821,3778.3970269426454,1907
8152.0,3176,0,0,0,5.098682288597514,768.183564231738,3779.1721442810194,1920
8153.0,3173,0,0,3,5.062232563999174,768.8698392688308,3779.604252410992,1938
8154.0,3173,0,1,1,5.043061493035367,768.811849984242,3779.5378258911433,1949
8155.0,3172,0,0,1,5.019299012845054,768.5989911727617,3780.587008179252,1958
8156.0,3169,0,0,3,4.98046005821522,769.2881035026822,3781.3803676762,1967
8157.0,3168,0,0,1,4.955607069432713,769.8484848484849,3781.3183853352016,1970
8158.0,3167,0,0,1,4.929341784092539,770.4171139880012,3782.021565502532,1985
8159.0,3167,0,0,0,4.9179723386945895,770.7745500473634,3782.8080896856,1992
8160.0,3167,0,0,0,4.918718885588304,771.0697821281971,3783.5952594626383,1993
8161.0,3167,0,0,0,4.902465507347656,771.3782759709504,3784.383562431527,2005
8162.0,3166,0,0,1,4.880796738739363,772.001895135818,3785.6421767358174,2017
8163.0,3166,0,1,1,4.8441513242596095,772.3948199620972,3785.579114036883,2028
8164.0,3166,0,0,0,4.834075717870442,772.6632975363234,3786.372319515225,2030
8165.0,3165,0,0,1,4.801515107670124,773.2413902053712,3787.152003968845,2039
8166.0,3166,0,2,1,4.765016196112127,773.329437776374,3785.1244347439797,2059
8167.0,3166,0,0,0,4.718858074467577,773.6336070751737,3785.924472415686,2065
8168.0,3166,0,0,0,4.681746494324878,773.9879974731523,3786.7263844349072,2073
8169.0,3167,0,1,0,4.640231422196775,774.1364066940322,3786.3352550211416,2091
8170.0,3167,0,0,0,4.5984510514642345,774.6210925165772,3787.1433687178887,2131
8171.0,3167,0,0,0,4.575936341072216,775.0710451531418,3787.9533686956975,2142
8172.0,3166,0,0,1,4.557015430575708,775.7422615287429,3788.824724535935,2144
8173.0,3166,0,0,0,4.528399384783143,776.1958307012003,3789.6385643694207,2168
8174.0,3166,0,2,2,4.505977372571867,776.6822488945041,3788.113355172534,2176
8175.0,3165,0,0,1,4.4926737320405685,777.3668246445498,3789.170056798717,2187
8176.0,3165,0,0,0,4.463859309311365,777.8142180094786,3789.9890291735383,2189
8177.0,3165,0,0,0,4.437205584900819,778.3415481832543,3790.8093600005905,2210
8178.0,3165,0,0,0,4.4200898103378865,778.8913112164297,3791.630956722136,2237
8179.0,3165,0,0,0,4.414312521302588,779.426224328594,3792.452813110649,2257
8180.0,3165,0,1,1,4.41153310887171,779.980410742496,3792.1164721121054,2268
8181.0,3165,0,0,0,4.388062776229931,780.5440758293839,3792.9414178131638,2283
8182.0,3165,0,0,0,4.381727535642426,781.1304897314376,3793.7673545364955,2297
8183.0,3164,0,0,1,4.354636283475077,781.917193426043,3794.6860999204323,2309
8184.0,3164,0,0,0,4.347459754068129,782.4421618204804,3795.5150764888444,2308
8185.0,3164,0,0,0,4.337460578525198,782.939633375474,3796.3451399240575,2308
8186.0,3164,0,0,0,4.330129203523947,783.4538558786346,3797.176028985188,2321
8187.0,3164,0,0,0,4.33233744138127,784.0116940581543,3798.0065165668016,2327
8188.0,3163,0,0,1,4.313752214841285,784.803667404363,3799.174855284,2329
8189.0,3161,0,0,2,4.29253625599423,785.8880101233786,3800.550054187932,2339
8190.0,3161,0,0,0,4.272688386125054,786.4128440366973,3801.3848044402243,2349
8191.0,3160,0,0,1,4.33702993111925,785.1325949367089,3801.967713959314,2203
8192.0,3159,0,0,1,4.454601796849425,784.3570750237417,3803.0197018088224,2101
8193.0,3158,0,0,1,4.591222315857534,783.8473717542748,3803.980601590186,2034
8194.0,3157,0,0,1,4.759297029429782,783.4526449160595,3804.798460913688,1971
8195.0,3156,0,0,1,4.932219627100975,783.2826362484158,3805.992794181452,1923
8196.0,3156,0,0,0,5.100055686220242,782.9182509505704,3806.7693487890324,1900
8197.0,3156,0,0,0,5.278538429663019,782.5497465145754,3807.534516274993,1865
8198.0,3155,0,0,1,5.42312363335535,782.7172741679873,3808.0817472760473,1845
8199.0,3155,0,0,0,5.536422178920182,782.5198098256735,3808.8306752041753,1828
8200.0,3155,0,0,0,5.644445738111275,782.3036450079239,3809.572283624023,1809
8201.0,3154,0,0,1,5.70538481643654,782.2977171845275,3810.2165575971753,1800
8202.0,3153,0,0,1,5.783134683753031,782.267364414843,3810.9411690428688,1783
8203.0,3153,0,0,0,5.822952644354651,782.0336187757691,3811.671604717553,1771
8204.0,3152,0,0,1,5.869669416450553,782.0092005076142,3812.5986998921926,1752
8205.0,3152,0,0,0,5.901240538504596,781.9457487309645,3813.323194728288,1756
8206.0,3151,0,0,1,5.935772503856373,782.0856870834656,3814.137642281776,1743
8207.0,3150,0,0,1,5.9590911298899245,782.3184126984127,3814.692276069714,1735
8208.0,3150,0,0,0,5.978879311163329,782.2857142857143,3815.411235569931,1728
8209.0,3148,0,0,2,5.98743378260397,782.7960609911055,3816.3511428721777,1737
8210.0,3147,0,0,1,6.009167648707403,783.0225611693677,3816.904462462998,1729
8211.0,3147,0,0,0,6.01792647475108,782.8960915157293,3817.6215733975305,1738
8212.0,3146,0,0,1,6.037481541144379,783.1007628734901,3818.8428382924117,1721
8213.0,3145,0,0,1,6.041272507440894,783.068680445151,3819.679055498825,1697
8214.0,3145,0,0,0,6.0296176575245,782.981240063593,3820.393768140721,1694
8215.0,3144,0,0,1,6.037439020215362,783.0575699745547,3821.4772863245385,1676
8216.0,3143,0,0,1,6.0433004498064955,783.0642698059179,3822.3030763419883,1655
8217.0,3144,0,1,0,6.061242145602065,782.8295165394402,3821.801057903421,1662
8218.0,3143,0,0,1,6.08210253489568,782.9446388800509,3822.4549886477866,1659
8219.0,3141,0,0,2,6.087661870583389,783.4476281439032,3822.406882844495,1649
8220.0,3141,0,0,0,6.109354819570269,783.1945240369309,3823.117159365147,1647
8221.0,3141,0,0,0,6.124366218931577,783.0085959885387,3823.826500294832,1635
8222.0,3140,0,0,1,6.133157954397528,783.159872611465,3824.657297331586,1635
8223.0,3139,0,1,2,6.1403959479126975,783.3000955718381,3824.619274105565,1632
8224.0,3139,0,0,0,6.151951421947461,783.2057980248487,3825.327968995045,1631
8225.0,3138,0,0,1,6.134632414266194,783.4270235818993,3825.44674158282,1638
8226.0,3137,0,0,1,6.114575895562855,783.7475294867708,3826.0614527306097,1648
8227.0,3137,0,0,0,6.1061016973403195,783.6837743066624,3826.7737522336315,1644
8228.0,3135,0,1,3,6.0865495298544285,784.3307814992025,3826.0573324886336,1649
8229.0,3135,0,0,0,6.067194915659621,784.3314194577353,3826.773564361976,1662
8230.0,3135,0,0,0,6.040987084459941,784.3674641148325,3827.4915835503275,1641
8231.0,3133,0,0,2,5.979363228637981,784.95914458985,3827.2322858180655,1657
8232.0,3132,0,0,1,5.939047176052617,785.2014687100894,3827.4611879898116,1662
8233.0,3131,0,0,1,5.891233602931811,785.4599169594379,3828.116124740536,1677
8234.0,3131,0,1,1,5.818890394001108,785.5043117214947,3827.5172046450098,1706
8235.0,3129,0,0,2,5.763843144821862,786.0214125918824,3828.979026439129,1715
8236.0,3127,0,0,2,5.708857707183884,786.5756315957786,3829.982261844733,1719
8237.0,3125,0,0,2,5.661936191366884,787.02656,3830.4954832251537,1710
8238.0,3125,0,0,0,5.627211192284732,787.03776,3831.2407086821195,1731
8239.0,3124,0,1,2,5.585134867231781,787.332266325224,3831.1164739779733,1744
8240.0,3123,0,0,1,5.556047064713909,787.8174831892411,3831.8705342334024,1769
8241.0,3119,0,0,4,5.519391355759629,788.9865341455595,3832.2761011862326,1770
8242.0,3120,0,1,0,5.48762748310842,788.8849358974359,3831.8024885266677,1780
8243.0,3121,0,2,1,5.453552184336075,788.8968279397629,3829.9541173254224,1816
8244.0,3120,0,0,1,5.4063421278753685,789.3852564102564,3830.7670701894453,1834
8245.0,3120,0,1,1,5.359005922652826,789.5990384615385,3830.232526262277,1850
8246.0,3118,0,0,2,5.306344883947486,790.3816549069917,3830.5313280390465,1871
8247.0,3119,0,2,1,5.274893363145508,790.4334722667521,3828.8381144535124,1888
8248.0,3118,0,0,1,5.223860106079993,790.9858883899935,3828.7947899324395,1910
8249.0,3119,0,1,0,5.175415515456325,791.058031420327,3828.341882014691,1925
8250.0,3119,0,1,1,5.118545265693129,791.4116704071818,3827.7652048470027,1948
8251.0,3118,0,0,1,5.0686865747508465,792.0981398332265,3828.5369847468182,1961
8252.0,3120,0,2,0,5.029210329485094,791.8846153846154,3826.8666946945104,1971
8253.0,3119,0,0,1,4.988466776002114,792.368066688041,3827.7302889857297,1973
8254.0,3119,0,1,1,4.9442638841324795,792.7925617184995,3827.017565171295,1995
8255.0,3118,0,1,2,4.918548361367094,793.3082103912765,3826.3833413883995,2003
8256.0,3118,0,1,1,4.893375540156406,793.589480436177,3825.9280563371285,2021
8257.0,3119,0,1,0,4.878675008028002,793.6704071817891,3825.497140233274,2025
8258.0,3118,0,2,3,4.8497162793463024,794.2382937780628,3823.300699563482,2031
8259.0,3119,0,1,0,4.813482811644076,794.3161269637704,3822.874479658076,2031
8260.0,3117,0,0,2,4.787095835631766,795.2165543792108,3823.749906121998,2053
8261.0,3118,0,2,1,4.75991667168632,795.3697883258499,3822.6630765968466,2073
8262.0,3118,0,0,0,4.721364640349721,795.5885182809493,3823.470977996683,2086
8263.0,3121,0,3,0,4.7000219851031035,795.3011855174624,3820.604377742385,2102
8264.0,3121,0,0,0,4.695637018139481,795.7571291252804,3821.414646436039,2117
8265.0,3122,0,1,0,4.6969780004587385,795.8324791800128,3821.0005306007524,2121
8266.0,3124,0,2,0,4.691032334703565,795.6840588988476,3819.3644033191504,2125
8267.0,3124,0,0,0,4.6831119554346365,796.1779769526248,3820.176883696701,2129
8268.0,3125,0,1,0,4.695125083345949,796.18912,3819.7659918510694,2128
8269.0,3125,0,0,0,4.712012950995249,796.70784,3820.5780749202354,2147
8270.0,3125,0,1,1,4.692778390090291,797.14272,3819.3080953826434,2167
8271.0,3126,0,1,0,4.685547533233331,797.3234165067179,3818.9007184944408,2185
8272.0,3125,0,0,1,4.666564939849598,798.03008,3819.928927265902,2189
8273.0,3124,0,1,2,4.654250837232772,798.7263124199744,3820.107557522474,2196
8274.0,3124,0,0,0,4.648155952912488,799.157490396927,3820.924744301926,2209
8275.0,3124,0,0,0,4.645240709444532,799.6984635083227,3821.7424526767095,2218
8276.0,3124,0,0,0,4.641633599102581,800.1302816901408,3822.56045303186,2216
8277.0,3123,0,0,1,4.620579885141033,800.844060198527,3823.053371854793,2242
8278.0,3122,0,0,1,4.594704206631696,801.5470852017937,3823.662669492436,2237
8279.0,3122,0,0,0,4.590090426720049,801.973734785394,3824.4832583793786,2244
8280.0,3123,0,1,0,4.571478272535399,802.1658661543388,3824.0797376101045,2255
8281.0,3123,0,0,0,4.626688647171185,800.8414985590778,3824.896884414163,2139
8282.0,3123,0,0,0,4.718385877910168,800.047390329811,3825.7067801332373,2052
8283.0,3122,0,0,1,4.841991366262828,799.5281870595772,3826.5505088464693,1981
8284.0,3122,0,0,0,5.010887190017575,798.9423446508648,3827.340631638268,1943
8285.0,3122,0,0,0,5.163746339618241,798.6364509929532,3828.1201983590113,1912
8286.0,3122,0,0,0,5.323602225679909,798.1681614349776,3828.888899659359,1866
8287.0,3122,0,0,0,5.492511739183123,797.8276745675848,3829.646562183782,1842
8288.0,3121,0,0,1,5.637234190292973,797.8500480615187,3830.6808013391787,1820
8289.0,3121,0,0,0,5.757053015608356,797.6369753284204,3831.420727388867,1796
8290.0,3119,0,0,2,5.8640212614796345,797.9204873356845,3832.472318090373,1762
8291.0,3117,0,0,2,5.943562320339095,798.219120949631,3833.504298121729,1738
8292.0,3116,0,0,1,6.00650662988601,798.3186777920411,3833.9303113864826,1717
8293.0,3116,0,0,0,6.051753449394346,798.1476251604621,3834.6524860308314,1694
8294.0,3116,0,0,0,6.081962397918631,797.9929396662387,3835.372161469401,1674
8295.0,3116,0,0,0,6.10325172382745,797.9239409499359,3836.0905675678996,1672
8296.0,3115,0,0,1,6.1378430592316136,798.0930979133226,3837.1705896807466,1670
8297.0,3114,0,0,1,6.164003345807485,798.3802183686577,3838.1688650616434,1677
8298.0,3113,0,0,1,6.153894451717103,798.6678445229682,3838.2055319653523,1679
8299.0,3113,0,0,0,6.157241891905706,798.6646321876004,3838.918864569389,1684
8300.0,3113,0,0,0,6.157934396982929,798.6517828461291,3839.63207073598,1681
8301.0,3113,0,0,0,6.16171055140343,798.6614198522326,3840.3445310271004,1670
8302.0,3112,0,0,1,6.16384172054505,798.8242287917737,3840.978599072987,1669
8303.0,3111,0,0,1,6.165552428558674,799.0495017679203,3841.4942970595725,1666
8304.0,3109,0,0,2,6.151093589390247,799.4602766162753,3842.84326128599,1658
8305.0,3108,0,0,1,6.165667584673374,799.6200128700128,3843.464449576425,1655
8306.0,3108,0,1,1,6.159929466803511,799.5978120978122,3842.916136329799,1651
8307.0,3107,0,0,1,6.16106998776806,799.7833923398777,3843.4281050595214,1658
8308.0,3106,0,0,1,6.151334864392056,799.8982614294913,3844.0353606937288,1641
8309.0,3105,0,0,1,6.155363501830684,800.0425120772946,3845.1161591823106,1662
8310.0,3105,0,0,0,6.151719592609001,799.9233494363929,3845.827951138253,1656
8311.0,3105,0,0,0,6.1474274317104625,799.5797101449275,3846.541450431939,1655
8312.0,3104,0,0,1,6.140744261084126,799.8862757731958,3847.310966182093,1663
8313.0,3102,0,0,2,6.125348345867901,800.3117343649259,3848.3086911354653,1657
8314.0,3103,0,1,0,6.119372893827371,800.0077344505318,3847.7844396360847,1667
8315.0,3101,0,0,2,6.097067897209804,800.5327313769752,3848.7225018352424,1667
8316.0,3100,0,0,1,6.073412923320344,800.6858064516128,3849.8766920899666,1669
8317.0,3099,0,0,1,6.047195412677062,800.8967408841562,3850.7784746762095,1679
8318.0,3099,0,1,1,6.034403023750342,800.8828654404647,3850.479832477834,1688
8319.0,3098,0,0,1,5.992219913191638,801.025823111685,3851.1948420895983,1699
8320.0,3096,0,0,2,5.962440583722011,801.594638242894,3852.0373375973177,1713
8321.0,3095,0,0,1,5.9335747689207325,801.9366720516963,3853.4473675591635,1727
8322.0,3095,0,0,0,5.9195221508311375,802.0352180936995,3854.180523578413,1735
8323.0,3095,0,0,0,5.870802257933897,802.0600969305331,3854.916703180835,1743
8324.0,3094,0,0,1,5.831534446007114,802.3817065287653,3855.515002337443,1751
8325.0,3093,0,1,2,5.779524159103694,802.9204655674102,3855.12551478337,1768
8326.0,3091,0,0,2,5.718702421968837,803.460368812682,3856.482215993608,1781
8327.0,3091,0,0,0,5.68755548428323,803.4157230669687,3857.22975371209,1786
8328.0,3090,0,0,1,5.653056019126088,803.6614886731392,3858.155156153743,1799
8329.0,3089,0,0,1,5.624458157347818,804.0527678860473,3858.559629781279,1808
8330.0,3088,0,0,1,5.589219410461827,804.3759715025907,3859.261867691273,1833
8331.0,3086,0,0,2,5.546357959654924,804.9160725858717,3860.731986122754,1832
8332.0,3085,0,1,2,5.494915404537698,805.2184764991896,3859.4481388067916,1858
8333.0,3084,0,1,2,5.434021264743078,805.8164721141375,3858.9283130281287,1875
8334.0,3083,0,0,1,5.393430309826659,806.2293220888745,3859.7546404695836,1887
8335.0,3082,0,0,1,5.354708339966069,806.6336794289423,3860.4619445352632,1911
8336.0,3083,0,1,0,5.326702188235733,806.4699967564061,3859.9801501181114,1927
8337.0,3082,0,0,1,5.293674051224359,806.9292667099286,3861.006248284794,1947
8338.0,3081,0,0,1,5.250251278225114,807.4780915287245,3861.600961984902,1968
8339.0,3080,0,0,1,5.2114547783100225,808.084090909091,3862.489293590676,1973
8340.0,3081,0,1,0,5.175935251260165,808.0671859785784,3862.016613325937,2003
8341.0,3081,0,0,0,5.129538840945858,808.3401493021746,3862.801009950232,2022
8342.0,3082,0,1,0,5.081388305535444,808.3004542504867,3862.3344758857575,2021
8343.0,3082,0,0,0,5.058222973419675,808.4231018818949,3863.123274597463,2030
8344.0,3082,0,0,0,5.047489162715003,808.6330304996756,3863.9130037882005,2040
8345.0,3083,0,1,0,5.020877193295085,808.5225429776192,3863.4508141696897,2040
8346.0,3083,0,0,0,4.998031822424308,808.8832306195264,3864.2444252875075,2057
8347.0,3084,0,1,0,4.967195153020408,808.9254215304799,3863.786823420045,2066
8348.0,3084,0,0,0,4.942022433753396,809.1935797665369,3864.5848873295713,2088
8349.0,3084,0,1,1,4.898015246724479,809.4497405966277,3863.7670063264036,2097
8350.0,3083,0,0,1,4.866255196265387,809.9318845280571,3864.1305910558735,2093
8351.0,3083,0,0,0,4.849111568717011,810.2088874472915,3864.935324441959,2106
8352.0,3083,0,0,0,4.8433715403608515,810.5241647745702,3865.7404230164034,2120
8353.0,3084,0,1,0,4.820260421563572,810.6018158236058,3865.293014649903,2120
8354.0,3082,0,0,2,4.7913706020688,811.5768981181051,3866.0427523193403,2127
8355.0,3081,0,0,1,4.774893045611542,812.1940928270042,3866.8458365741167,2141
8356.0,3082,0,1,0,4.763794657870058,812.2842310188189,3866.4023830025462,2151
8357.0,3082,0,0,0,4.742930659015016,812.6742375081116,3867.2150774241936,2173
8358.0,3081,0,0,1,4.7309606218136295,813.3222979552094,3868.610875683873,2191
8359.0,3081,0,0,0,4.70391784772872,813.721194417397,3869.426627932779,2195
8360.0,3080,0,0,1,4.684164420043654,814.474025974026,3870.171258064453,2198
8361.0,3080,0,0,0,4.663293696603047,814.9042207792207,3870.989879652773,2214
8362.0,3078,0,0,2,4.652728577575452,815.8570500324886,3871.615436977891,2217
8363.0,3078,0,1,1,4.637601035185488,816.2001299545159,3871.097975384106,2217
8364.0,3078,0,0,0,4.629029889627856,816.5883690708253,3871.9197320692633,2229
8365.0,3078,0,0,0,4.619027896190596,816.9691358024692,3872.7415218597976,2232
8366.0,3078,0,0,0,4.61113037713574,817.3310591293048,3873.563476509735,2235
8367.0,3078,0,0,0,4.595341604040447,817.8346328784925,3874.386197456252,2242
8368.0,3078,0,1,1,4.591688040903653,818.2943469785575,3873.815726420905,2256
8369.0,3078,0,0,0,4.557737810916031,818.733918128655,3874.6415365344164,2259
8370.0,3077,0,0,1,4.526919780162578,819.4010399740007,3875.750022815211,2260
8371.0,3077,0,0,0,4.579722170326714,818.1741956451089,3876.573274282717,2149
8372.0,3075,0,0,2,4.664220954367342,817.8357723577236,3878.0794778441955,2085
8373.0,3075,0,0,0,4.792208291304833,817.2185365853659,3878.888163791277,2029
8374.0,3073,0,0,2,4.934069392964575,817.2255125284738,3880.020274621208,1969
8375.0,3072,0,0,1,5.061090980863106,817.3059895833334,3880.684293022919,1945
8376.0,3070,0,0,2,5.185005381854017,817.54332247557,3881.074715355729,1918
8377.0,3070,0,0,0,5.31820419282193,817.2771986970685,3881.8474416570343,1881
8378.0,3069,0,0,1,5.436331891371188,817.2981427174975,3882.4672333409003,1848
8379.0,3069,0,0,0,5.5341602717868295,817.1137178233953,3883.225305300376,1817
8380.0,3067,0,0,2,5.600207006721926,817.4199543527877,3883.02854476124,1791
8381.0,3065,0,0,2,5.647846883787318,817.941924959217,3882.233275763053,1786
8382.0,3065,0,0,0,5.700172213392147,817.9360522022838,3882.980068300729,1770
8383.0,3065,0,0,0,5.750657113047253,817.9298531810766,3883.7229060968302,1756
8384.0,3064,0,0,1,5.777369676057815,818.226501305483,3884.499980065618,1757
8385.0,3063,0,0,1,5.7960357594837095,818.4844923277832,3885.4719810985493,1745
8386.0,3063,0,0,0,5.823830681597371,818.5608880182828,3886.2096622137938,1744
8387.0,3063,0,0,0,5.854915517755454,818.5876591576886,3886.9454611079227,1737
8388.0,3063,0,0,0,5.8662930377250015,818.7042115572967,3887.6818117003886,1735
8389.0,3062,0,0,1,5.902671542348734,819.0013063357283,3888.287778292366,1711
8390.0,3062,0,0,0,5.932587740009308,818.8536903984324,3889.019848097356,1689
8391.0,3061,0,0,1,5.9701639808973574,819.1633453119896,3889.609029365567,1674
8392.0,3061,0,0,0,6.000035667279822,819.3074158771643,3890.3374282876825,1669
8393.0,3060,0,0,1,6.009135650888921,819.5395424836602,3891.633719181255,1657
8394.0,3059,0,0,1,6.030889911797353,819.8725073553449,3892.48355695593,1654
8395.0,3057,0,0,2,6.034591310217916,820.3784756297023,3893.1864900364794,1644
8396.0,3057,0,0,0,6.061931886001092,820.354923127249,3893.912601431425,1624
8397.0,3057,0,1,1,6.063047967330706,820.3526333006215,3893.6119733779956,1623
8398.0,3056,0,0,1,6.087556669683513,820.633835078534,3894.416379429821,1625
8399.0,3055,0,0,1,6.097028514157704,820.9842880523731,3895.6441714529706,1617
8400.0,3054,0,0,1,6.083457766425427,821.2583497053046,3896.301373823719,1618
8401.0,3054,0,0,0,6.072071114317695,821.3529796987557,3897.0254165449815,1618
8402.0,3053,0,0,1,6.080988105803719,821.7435309531609,3898.045520530763,1614
8403.0,3054,0,1,0,6.079569683541537,821.540275049116,3897.492031872922,1614
8404.0,3054,0,0,0,6.080893305793544,821.565815324165,3898.2143514200798,1603
8405.0,3052,0,0,2,6.087626743962569,822.1795543905636,3899.95782104581,1613
8406.0,3051,0,0,1,6.091491663567171,822.4847590953785,3900.6178787759522,1625
8407.0,3050,0,1,2,6.04998119191738,822.7360655737705,3899.9125404824777,1637
8408.0,3050,0,0,0,6.026207616492579,822.6324590163935,3900.6384214055442,1641
8409.0,3049,0,0,1,5.990441359716639,822.9691702197442,3901.556607014604,1651
8410.0,3048,0,0,1,5.9604558354215555,823.2687007874016,3902.3848376376445,1655
8411.0,3048,0,0,0,5.941172344484451,823.4724409448819,3903.1158782057305,1662
8412.0,3048,0,1,1,5.89750534319827,823.636811023622,3902.703451838489,1671
8413.0,3047,0,0,1,5.855569383580411,824.0413521496554,3903.668599375061,1684
8414.0,3047,0,0,0,5.785994657951812,824.2523793895635,3904.4109461570633,1694
8415.0,3045,0,0,2,5.7042763874177185,825.1264367816092,3905.6372322097354,1708
8416.0,3044,0,0,1,5.626101302376963,825.6212220762155,3906.638259081604,1727
8417.0,3039,0,0,5,5.538732848260902,827.1747285291215,3907.077016896427,1740
8418.0,3039,0,0,0,5.471279713395301,827.4392892398815,3907.835745134108,1769
8419.0,3038,0,0,1,5.410574696904129,828.0072416063199,3908.4059114325496,1786
8420.0,3037,0,0,1,5.359698785028097,828.475139940731,3908.723952781766,1806
8421.0,3038,0,1,0,5.331399949558391,828.3693219223173,3908.203183232354,1821
8422.0,3036,0,0,2,5.28030521015413,829.1650197628459,3909.1084213522686,1847
8423.0,3037,0,1,0,5.261202769836904,829.1297332894303,3908.590155023838,1848
8424.0,3035,0,0,2,5.229409959942309,829.9285008237232,3909.667010680515,1851
8425.0,3034,0,0,1,5.199330151008823,830.5056031641398,3910.1630325286555,1875
8426.0,3033,0,1,2,5.14386045613468,831.0692383778437,3910.321664140923,1888
8427.0,3030,0,0,3,5.081497195040037,832.1501650165017,3911.59446529219,1897
8428.0,3028,0,0,2,5.03738029936506,832.9537648612945,3911.7089250071663,1899
8429.0,3028,0,1,1,5.009076224416108,833.2348084544253,3911.0756390394,1912
8430.0,3028,0,0,0,4.986690466765094,833.4976882430648,3911.86371608026,1911
8431.0,3027,0,2,3,4.9353515585483425,833.9554013875124,3910.226332155087,1913
8432.0,3026,0,0,1,4.894870309084694,834.4920687376074,3911.208483292584,1922
8433.0,3027,0,1,0,4.8503746077757866,834.6085232903865,3910.7131750251124,1951
8434.0,3026,0,1,2,4.8163883418348385,835.1335095836088,3909.5667730790906,1962
8435.0,3026,0,0,0,4.802376437419987,835.4282881692003,3910.3681576987105,1983
8436.0,3026,0,1,1,4.781988224692063,835.6675479180436,3909.6750999315095,1978
8437.0,3023,0,0,3,4.7361114497973125,836.8286470393649,3911.0890693298493,1994
8438.0,3024,0,1,0,4.718897924533317,837.0261243386243,3910.6035533827267,2022
8439.0,3023,0,0,1,4.6866535189601155,837.6748263314588,3910.9675240652928,2034
8440.0,3024,0,2,1,4.674473269194586,837.8111772486773,3909.057725179748,2046
8441.0,3024,0,0,0,4.642936813575963,838.2443783068783,3909.870898816675,2059
8442.0,3025,0,1,0,4.613489339858096,838.4195041322314,3909.393850648115,2082
8443.0,3025,0,0,0,4.598329217064272,838.8895867768595,3910.210650401618,2098
8444.0,3025,0,0,0,4.581491485275105,839.3266115702479,3911.0284618840165,2107
8445.0,3026,0,1,0,4.565704554139513,839.6321877065433,3910.554625053507,2138
8446.0,3026,0,0,0,4.54085437882488,840.1275611368143,3911.3745177878172,2140
8447.0,3026,0,0,0,4.533876463774179,840.5548578982155,3912.19465935336,2139
8448.0,3025,0,0,1,4.5211034002075925,841.342479338843,3912.9037871715773,2145
8449.0,3024,0,1,2,4.493840123133312,842.1375661375662,3912.889168403643,2152
8450.0,3024,0,0,0,4.46741116781187,842.7503306878307,3913.71286941446,2170
8451.0,3024,0,0,0,4.448945624026539,843.281746031746,3914.537730288257,2178
8452.0,3024,0,0,0,4.432937054147415,843.807208994709,3915.363391909708,2185
8453.0,3025,0,1,0,4.400137597658532,844.0631404958677,3914.8963446015755,2192
8454.0,3025,0,0,0,4.382724393874667,844.4915702479339,3915.724770724827,2187
8455.0,3025,0,0,0,4.377598413902862,844.8859504132231,3916.553796076612,2188
8456.0,3023,0,0,2,4.350890935500563,845.9827985444922,3917.4208168328537,2198
8457.0,3023,0,0,0,4.335562570761335,846.5153820707906,3918.2520347816703,2209
8458.0,3023,0,0,0,4.319021969245733,846.9986768111148,3919.084437738776,2208
8459.0,3023,0,0,0,4.321838739252634,847.5368838901753,3919.9169616487716,2217
8460.0,3022,0,0,1,4.30964161996268,848.2895433487756,3921.0110220458805,2219
8461.0,3022,0,0,0,4.398502269759545,846.8180013236267,3921.8382013942664,2096
8462.0,3022,0,0,0,4.522980344080807,845.8312375909993,3922.6566254535496,2016
8463.0,3022,0,0,0,4.681884359041227,845.157511581734,3923.4655114384545,1958
8464.0,3021,0,0,1,4.857904475510268,844.8967229394241,3924.872746494829,1914
8465.0,3020,0,0,1,5.0140920543160705,844.7,3926.138255207533,1872
8466.0,3020,0,0,0,5.196212426919178,844.3970198675497,3926.9125574749446,1839
8467.0,3019,0,0,1,5.347477520795289,844.468035773435,3926.706657677668,1811
8468.0,3019,0,0,0,5.494362841968235,844.1666114607486,3927.4611834436514,1782
8469.0,3018,0,0,1,5.602285287867902,844.2839628893307,3928.853692677294,1766
8470.0,3016,0,0,2,5.701699081905361,844.5676392572944,3929.8298428826943,1741
8471.0,3016,0,0,0,5.7822053244255285,844.4774535809019,3930.565583478144,1727
8472.0,3016,0,0,0,5.850273984470598,844.1724137931035,3931.2972231634785,1698
8473.0,3016,0,0,0,5.916574880420128,844.1541777188329,3932.0241496062717,1687
8474.0,3016,0,0,0,5.956707396519014,843.9290450928382,3932.7490087664096,1663
8475.0,3015,0,0,1,6.002160438819121,844.0235489220564,3932.9762005845887,1661
8476.0,3014,0,0,1,6.029948163268222,844.0786330457863,3933.610551636454,1629
8477.0,3014,0,0,0,6.059404844403942,843.9767750497678,3934.328954676181,1629
8478.0,3014,0,0,0,6.07383241373998,843.8825481088255,3935.0467584834482,1620
8479.0,3014,0,0,0,6.081747823193963,843.771400132714,3935.765505670283,1605
8480.0,3014,0,0,0,6.07260546450396,843.748506967485,3936.484228478655,1595
8481.0,3011,0,0,3,6.061820566758391,844.4845566257057,3935.689321696001,1595
8482.0,3009,0,0,2,6.0636613182179735,845.009305417082,3936.628785252263,1580
8483.0,3008,0,0,1,6.0671433868548466,845.2546542553191,3937.8478541935892,1585
8484.0,3006,0,0,2,6.068899496975904,845.7129075182968,3938.5612413282365,1560
8485.0,3005,0,0,1,6.078718739893907,845.9647254575707,3939.085323262282,1547
8486.0,3006,0,1,0,6.081345220511402,845.6852960745176,3938.4908584578666,1551
8487.0,3005,0,0,1,6.073228604539179,845.8605657237937,3938.5016313930178,1545
8488.0,3005,0,0,0,6.053521760221232,845.8562396006655,3939.2182806918427,1540
8489.0,3004,0,0,1,6.0494650040481845,846.1444740346205,3939.997679260102,1531
8490.0,3003,0,0,1,6.016649836305809,846.4009324009324,3940.721029997242,1525
8491.0,3003,0,0,0,5.997964458314541,846.3276723276723,3941.440557994307,1523
8492.0,3001,0,0,2,5.994327109187592,846.9166944351882,3942.251892392187,1523
8493.0,3000,0,1,2,5.974674985160214,847.1993333333334,3942.2947462978523,1526
8494.0,3000,0,0,0,5.982730793499376,847.1956666666666,3943.014010854245,1525
8495.0,2998,0,0,2,5.960091803249987,847.8739159439626,3943.4989607933676,1547
8496.0,2996,0,0,2,5.956163205905015,848.5250333778371,3944.208848847727,1550
8497.0,2995,0,0,1,5.940493397355534,848.9689482470785,3944.9931208408357,1566
8498.0,2995,0,1,1,5.927803211371447,849.0387312186979,3944.0354254006807,1568
8499.0,2995,0,0,0,5.9137738658183725,849.1792988313856,3944.7587005600935,1577
8500.0,2993,0,0,2,5.894334946951456,849.9278316070832,3944.3216021426224,1583
8501.0,2992,0,0,1,5.860855706768906,850.4127673796792,3945.6175670602893,1594
8502.0,2991,0,0,1,5.8408803872812385,850.9037111334002,3946.4963239945755,1592
8503.0,2991,0,0,0,5.799615671862726,851.0471414242728,3947.228239738448,1602
8504.0,2991,0,0,0,5.7588994321736635,851.1882313607489,3947.9626236756367,1609
8505.0,2991,0,1,1,5.7061290537280644,851.3433634236042,3947.6510037603207,1616
8506.0,2991,0,0,0,5.675199326093919,851.3818121029756,3948.391297308232,1614
8507.0,2989,0,0,2,5.65697487530818,851.9642020742723,3949.508912542936,1611
8508.0,2986,0,0,3,5.643266960028294,852.976222371065,3951.1045246609674,1627
8509.0,2985,0,1,2,5.604190067064513,853.4254606365159,3950.4410937435214,1644
8510.0,2984,0,0,1,5.56382059837687,853.8954423592493,3951.1180952360414,1652
8511.0,2984,0,1,1,5.534572111282487,854.0154155495978,3950.726124304023,1662
8512.0,2982,0,0,2,5.4976002753773665,854.755868544601,3952.001639121933,1672
8513.0,2981,0,0,1,5.465987246227633,855.2566252935256,3953.292744056663,1690
8514.0,2981,0,2,2,5.423344496733339,855.5360617242536,3951.9160337966855,1705
8515.0,2980,0,1,2,5.374295873099544,856.0993288590604,3951.0288849579897,1724
8516.0,2980,0,0,0,5.329043526933365,856.2979865771812,3951.7916346051716,1745
8517.0,2979,0,1,2,5.2641558213443576,856.8063108425646,3951.528879015719,1758
8518.0,2980,0,1,0,5.221276097313906,856.7375838926174,3950.9718613750815,1773
8519.0,2975,0,0,5,5.136920337111522,858.4752941176471,3951.993419419424,1792
8520.0,2975,0,0,0,5.069244158923698,858.7304201680672,3952.7727931442564,1813
8521.0,2975,0,0,0,5.026447900736307,858.9889075630252,3953.5549532307796,1830
8522.0,2975,0,0,0,4.975824485854338,859.2954621848739,3954.3413125231764,1837
8523.0,2976,0,1,0,4.93302937874702,859.3602150537635,3953.8005001138185,1863
8524.0,2974,0,1,3,4.881028497776319,860.2693342299933,3953.2061124202796,1888
8525.0,2974,0,0,0,4.849380813890741,860.5659045057162,3953.9997496509163,1895
8526.0,2973,0,0,1,4.797131839348884,861.2203161789438,3955.0956850932876,1907
8527.0,2972,0,1,2,4.747383573204873,861.9185733512786,3953.9427601252746,1928
8528.0,2972,0,0,0,4.725392061584242,862.314266487214,3954.744153995064,1931
8529.0,2971,0,0,1,4.700444785451116,862.988219454729,3955.3045440541705,1950
8530.0,2971,0,2,2,4.664124936745713,863.3995287781892,3953.880504838276,1968
8531.0,2971,0,0,0,4.64031788026082,863.7913160552002,3954.6884011915895,1993
8532.0,2971,0,0,0,4.606810324068476,864.2965331538203,3955.4979862617242,1999
8533.0,2970,0,0,1,4.5685316459906735,864.9612794612794,3955.980393384483,2014
8534.0,2970,0,1,1,4.539522446913503,865.3565656565656,3955.32393932897,2029
8535.0,2969,0,0,1,4.531128714457146,866.1458403502863,3956.1627264906797,2046
8536.0,2968,0,0,1,4.5224659221664645,866.8830862533692,3957.344675570148,2066
8537.0,2967,0,0,1,4.5052433821192235,867.6090326929558,3958.4300570677033,2067
8538.0,2967,0,0,0,4.492915242805275,868.087967644085,3959.249014293515,2076
8539.0,2967,0,0,0,4.4874713987904835,868.6181327940681,3960.0679696862335,2082
8540.0,2967,0,0,0,4.487364105639116,868.9973036737446,3960.8873474421134,2083
8541.0,2968,0,1,0,4.477433737442587,869.2146226415094,3960.372845410422,2091
8542.0,2968,0,0,0,4.480626789420539,869.7183288409703,3961.1940674873663,2096
8543.0,2968,0,0,0,4.473477884667519,870.2102425876011,3962.0162664682134,2100
8544.0,2968,0,0,0,4.464666373159712,870.6546495956874,3962.8390750065005,2111
8545.0,2968,0,0,0,4.455477099874601,871.1960916442049,3963.6617473723595,2121
8546.0,2968,0,0,0,4.451615599248953,871.7462938005391,3964.485322486395,2132
8547.0,2968,0,0,0,4.456457449960703,872.3049191374663,3965.308427303283,2134
8548.0,2966,0,0,2,4.448390176214556,873.3944706675658,3966.291471284201,2142
8549.0,2966,0,0,0,4.440449523675715,873.993931220499,3967.116263911682,2152
8550.0,2966,0,0,0,4.440037939688311,874.6193526635199,3967.940501272929,2162
8551.0,2965,0,0,1,4.509736866181348,873.4435075885328,3968.8450573831187,2053
8552.0,2965,0,0,0,4.638207309368766,872.260370994941,3969.6551029407196,1960
8553.0,2965,0,0,0,4.790220691635389,871.635413153457,3970.4562443458403,1893
8554.0,2965,0,0,0,4.950921066954973,871.2273187183811,3971.245970970077,1852
8555.0,2965,0,0,0,5.131538570436038,870.9234401349072,3972.0240323876255,1824
8556.0,2965,0,0,0,5.3199750126062995,870.5720067453626,3972.790757415058,1777
8557.0,2965,0,0,0,5.488738199487891,870.3224283305227,3973.545683448765,1762
8558.0,2965,0,0,0,5.652507214960704,869.9338954468802,3974.289849552837,1715
8559.0,2964,0,0,1,5.779077336144874,870.035762483131,3975.121731044555,1701
8560.0,2963,0,0,1,5.882959801277637,870.1910226122174,3975.437035097141,1673
8561.0,2962,0,0,1,5.961622892484777,870.2903443619176,3976.119795701527,1649
8562.0,2962,0,0,0,6.0132237639400445,870.1731937879811,3976.839702268389,1640
8563.0,2962,0,0,0,6.0881478677485665,869.9426063470628,3977.5548563363054,1609
8564.0,2962,0,0,0,6.144632559059821,869.7758271438217,3978.266494929787,1589
8565.0,2961,0,0,1,6.177642262018918,869.8574805808848,3979.2636079479807,1580
8566.0,2961,0,0,0,6.199285490132883,869.629517055049,3979.9712151536905,1569
8567.0,2958,0,0,3,6.195438428006136,870.3728870858688,3980.9337883364797,1566
8568.0,2956,0,0,2,6.199336718849542,870.9715832205684,3981.691742053269,1565
8569.0,2955,0,0,1,6.210188853798739,871.1343485617597,3982.2889549270576,1549
8570.0,2954,0,0,1,6.212784192577324,871.3828706838185,3982.9053259810103,1547
8571.0,2954,0,0,0,6.2122500991277585,871.3300609343263,3983.610587630162,1544
8572.0,2953,0,0,1,6.215366248684587,871.4757873349137,3984.3731564385234,1526
8573.0,2950,0,0,3,6.194734295233292,872.3440677966101,3985.1411485370036,1522
8574.0,2949,0,0,1,6.188702542635164,872.6541200406917,3985.73760088242,1517
8575.0,2948,0,0,1,6.20363318602498,872.7089552238806,3986.560238997924,1497
8576.0,2946,0,0,2,6.177539053931599,873.1561439239647,3986.894239054199,1504
8577.0,2946,0,0,0,6.160126398885005,873.0196877121521,3987.6025564768474,1502
8578.0,2944,0,1,3,6.144846296724709,873.5427989130435,3987.1582729381284,1501
8579.0,2943,0,0,1,6.1294708642461595,873.7373428474345,3986.886044368857,1518
8580.0,2942,0,0,1,6.14641195951379,873.987423521414,3987.961892733334,1508
8581.0,2942,0,0,0,6.161948344953343,873.7593473827328,3988.671133630099,1499
8582.0,2942,0,0,0,6.155041700340331,873.6685927940176,3989.380376713904,1498
8583.0,2942,0,0,0,6.151544745327349,873.6464989802855,3990.0900125260987,1498
8584.0,2943,0,1,0,6.159655684609293,873.2239211688753,3989.4432380608646,1488
8585.0,2943,0,0,0,6.17286694056062,873.0424736663268,3990.1516202474054,1476
8586.0,2942,0,0,1,6.167688946868967,873.2702243371856,3990.728019646522,1481
8587.0,2941,0,0,1,6.136881932392288,873.4865691941517,3991.7318907262666,1479
8588.0,2941,0,1,1,6.117311865415519,873.5059503570214,3990.746676114311,1487
8589.0,2940,0,0,1,6.084212728600739,873.9360544217687,3991.483912059239,1501
8590.0,2939,0,0,1,6.0576808428138555,874.2973800612453,3992.0198842379295,1509
8591.0,2939,0,0,0,6.032718710316603,874.3453555631168,3992.736179270199,1503
8592.0,2939,0,0,0,6.020798711688447,874.35522286492,3993.4540937387806,1500
8593.0,2938,0,0,1,5.989599629214662,874.8539823008849,3994.708039804053,1515
8594.0,2938,0,0,0,5.930889082889282,874.8345813478556,3995.432664393708,1506
8595.0,2938,0,1,1,5.884981181004826,874.8536419332879,3994.832249611672,1529
8596.0,2937,0,0,1,5.851084618154885,875.2635342185904,3995.6856580465,1552
8597.0,2936,0,0,1,5.81657480077837,875.6038828337875,3996.5231962805215,1560
8598.0,2935,0,0,1,5.773011737473682,875.8725724020443,3997.4848002575095,1575
8599.0,2935,0,0,0,5.743415645509353,875.9441226575809,3998.221151907749,1589
8600.0,2934,0,0,1,5.699982663464735,876.3217450579414,3998.4540693629983,1614
8601.0,2931,0,1,4,5.657357040754627,877.4469464346639,3998.852977236574,1639
8602.0,2927,0,1,5,5.586958411950511,878.9231294841135,3996.8817874692168,1654
8603.0,2926,0,0,1,5.563390509968731,879.2238550922762,3997.332485222802,1668
8604.0,2924,0,1,3,5.520752227718017,879.9733242134063,3997.017767688401,1676
8605.0,2924,0,2,2,5.4775269225133245,880.2137482900137,3995.0017984982883,1689
8606.0,2922,0,0,2,5.421917116209034,881.1516084873374,3994.7972031971344,1710
8607.0,2920,0,1,3,5.357014206885598,882.1037671232876,3994.71035982849,1736
8608.0,2920,0,1,1,5.315695217829402,882.4037671232877,3994.3132761475163,1749
8609.0,2919,0,0,1,5.267252264698295,883.0520726276122,3995.1000727033284,1760
8610.0,2919,0,1,1,5.2267242064718085,883.410071942446,3993.954629201597,1776
8611.0,2921,0,2,0,5.2144951223397795,883.1044162957891,3991.9884419959026,1786
8612.0,2921,0,1,1,5.1816261242687425,883.4686751112632,3992.5159902821065,1811
8613.0,2922,0,1,0,5.166963710668073,883.5311430527037,3991.9235815156953,1832
8614.0,2923,0,1,0,5.141556730351787,883.6010947656517,3991.3338814648246,1852
8615.0,2924,0,1,0,5.116533715378844,883.7274281805745,3990.7476456653826,1857
8616.0,2922,0,0,2,5.0785166765789524,884.7073921971253,3992.8817104264567,1878
8617.0,2923,0,2,1,5.029226181442362,884.7960998973657,3991.5500906554585,1884
8618.0,2924,0,1,0,4.988842122205592,884.8847469220246,3990.9744162805955,1886
8619.0,2925,0,1,0,4.952707843990164,885.0410256410256,3990.4020919211357,1911
8620.0,2923,0,0,2,4.923314894370496,886.0215531987684,3991.456110712778,1923
8621.0,2924,0,1,0,4.900489559911788,886.1751025991792,3990.8882673092826,1941
8622.0,2924,0,0,0,4.877497599963705,886.5656634746922,3991.6876455471443,1974
8623.0,2924,0,1,1,4.847094712621712,887.0225718194255,3991.123989558943,1978
8624.0,2925,0,1,0,4.814018735185747,887.225982905983,3990.5625410017774,1995
8625.0,2924,0,0,1,4.794412060644693,888.0212038303694,3991.6788191113333,2013
8626.0,2925,0,1,0,4.785153865481502,888.2088888888889,3991.1197207311798,2013
8627.0,2926,0,1,0,4.768123013658814,888.377990430622,3990.5621488372517,2022
8628.0,2927,0,1,0,4.746041464248154,888.6265801161599,3990.00716913103,2027
8629.0,2927,0,0,0,4.730685229931109,889.126067646054,3990.8173769232253,2041
8630.0,2927,0,0,0,4.7079953375027905,889.5995900239153,3991.6292581711923,2046
8631.0,2929,0,2,0,4.676633025836206,889.4404233526801,3989.7165740712758,2058
8632.0,2929,0,0,0,4.643200699801642,890.0556503926255,3990.5324285209754,2076
8633.0,2929,0,0,0,4.624331903325058,890.5810856947763,3991.349341537835,2075
8634.0,2929,0,0,0,4.598839213180382,891.1406623420963,3992.167435505942,2092
8635.0,2929,0,0,0,4.5804733540897615,891.7292591328098,3992.9873433705375,2106
8636.0,2929,0,0,0,4.552556510766977,892.2915670877433,3993.8081464828538,2115
8637.0,2929,0,0,0,4.5333638821888185,892.8368043700922,3994.6311445426945,2119
8638.0,2929,0,0,0,4.518882808543554,893.4182314783202,3995.4545474660317,2122
8639.0,2928,0,0,1,4.515392333544427,894.2158469945355,3996.285987046624,2118
8640.0,2927,0,0,1,4.503265195697757,895.0635462931328,3997.3281885254814,2124
8641.0,2926,0,0,1,4.56236622150686,894.0423786739576,3998.116906614616,1996
8642.0,2926,0,0,0,4.684062522134216,893.2033492822967,3998.9281675841735,1906
8643.0,2926,0,0,0,4.830461391600269,892.7081339712919,3999.7292469972845,1847
8644.0,2925,0,0,1,5.004983095726896,892.6205128205128,3999.5789394249705,1799
8645.0,2925,0,0,0,5.180113427939575,892.3442735042735,4000.3550178184328,1758
8646.0,2925,0,0,0,5.365358699591791,892.2177777777778,4001.1188923001073,1732
8647.0,2925,0,0,0,5.5254860356324995,892.0823931623931,4001.8723144843825,1708
8648.0,2925,0,0,0,5.66074022267995,892.0006837606837,4002.616522777275,1697
8649.0,2925,0,0,0,5.7895839519798304,891.9593162393162,4003.3524088338986,1675
8650.0,2925,0,0,0,5.8943327116911,891.8902564102564,4004.08223248987,1654
8651.0,2925,0,0,0,5.973377767383676,891.831452991453,4004.8068215104895,1643
8652.0,2925,0,0,0,6.036031199393526,891.8088888888889,4005.5275647386475,1633
8653.0,2925,0,0,0,6.090580776014792,891.7757264957265,4006.2450735321463,1619
8654.0,2923,0,0,2,6.13082589252479,892.273691412932,4007.9745429899986,1594
8655.0,2922,0,0,1,6.156576578674556,892.4873374401095,4008.611504970574,1582
8656.0,2922,0,0,0,6.178023990142396,892.4034907597536,4009.324333607357,1564
8657.0,2921,0,0,1,6.203297421139591,892.7038685381718,4009.0887216930437,1558
8658.0,2920,0,0,1,6.2146925246837545,893.0184931506849,4010.01350015441,1560
8659.0,2920,0,0,0,6.240764614319146,893.0551369863014,4010.7222189895274,1553
8660.0,2918,0,0,2,6.251860664976975,893.6960246744345,4012.079468933272,1548
8661.0,2917,0,0,1,6.266870463566237,894.0843332190607,4012.560028830087,1544
8662.0,2917,0,0,0,6.269829608754252,894.080905039424,4013.265745881608,1525
8663.0,2913,0,0,4,6.251849661045956,895.2962581531068,4014.270378988984,1523
8664.0,2912,0,0,1,6.249789356791499,895.7232142857143,4015.5550738701886,1516
8665.0,2912,0,0,0,6.24624818915253,895.6974587912088,4016.262617561349,1515
8666.0,2911,0,0,1,6.25468404996165,895.9962212298179,4016.8972541204453,1496
8667.0,2912,0,1,0,6.25796999773648,895.7053571428571,4016.2247105340653,1490
8668.0,2911,0,0,1,6.252376167308277,895.9804190999656,4017.6138874646795,1490
8669.0,2911,0,0,0,6.2552334231126325,896.0972174510478,4018.321324390069,1490
8670.0,2909,0,0,2,6.248781327203175,896.7201787555861,4020.091486464436,1482
8671.0,2909,0,0,0,6.253793693722164,896.6466139566861,4020.7985976823816,1476
8672.0,2909,0,0,0,6.257970337066726,896.6242695084221,4021.5066586465655,1475
8673.0,2908,0,0,1,6.2616944597065975,896.89477303989,4022.3446867291486,1469
8674.0,2908,0,1,1,6.2295950052259,896.7482806052269,4021.7197164647605,1463
8675.0,2907,0,0,1,6.19044716016819,897.1028551771586,4022.2802443582377,1462
8676.0,2906,0,0,1,6.1648722709799,897.3881624225739,4022.7947203707095,1477
8677.0,2903,0,0,3,6.151039084326829,898.2745435756115,4023.0283538026943,1472
8678.0,2904,0,1,0,6.1433423997309475,898.0017217630854,4022.3593030571865,1478
8679.0,2902,0,0,2,6.122810346491812,898.7763611302549,4023.4869761573423,1480
8680.0,2901,0,0,1,6.107962202712023,899.1147880041365,4024.4777016723688,1483
8681.0,2898,0,0,3,6.0950829784820755,900.2225672877847,4025.7744252746875,1495
8682.0,2897,0,0,1,6.070338994940439,900.6347946151191,4026.624306721243,1493
8683.0,2896,0,0,1,6.042850861319066,901.1453729281768,4027.613625692403,1498
8684.0,2897,0,1,0,6.010552958277372,900.9675526406628,4026.9490220347584,1504
8685.0,2897,0,0,0,5.986501696047891,901.2188470831895,4027.675991084425,1521
8686.0,2895,0,0,2,5.958419814998971,901.9309153713299,4029.091310152883,1514
8687.0,2894,0,0,1,5.946388955135205,902.3341395991707,4029.5051790974276,1517
8688.0,2891,0,0,3,5.8871004358138626,903.4254583189207,4031.9041934782226,1526
8689.0,2890,0,0,1,5.8516920566049455,903.9584775086505,4032.8158521422083,1535
8690.0,2891,0,1,0,5.834160835060061,903.856105153926,4032.15644345625,1541
8691.0,2889,0,1,3,5.799827035351959,904.7442021460713,4031.536550688487,1550
8692.0,2888,0,1,2,5.757638656238693,905.3296398891966,4032.120085703766,1568
8693.0,2885,0,0,3,5.7404004895437675,906.5490467937608,4033.6704929165257,1586
8694.0,2884,0,0,1,5.706900388909361,907.0277392510402,4035.022195261405,1583
8695.0,2881,0,0,3,5.657595724274791,908.2658799028115,4035.609360305562,1610
8696.0,2879,0,1,3,5.585513870318377,909.217436609934,4035.08142296491,1622
8697.0,2878,0,0,1,5.528439049938263,909.8009034051424,4035.67994543946,1628
8698.0,2877,0,0,1,5.482507107122446,910.4758428919013,4037.100363389994,1659
8699.0,2877,0,0,0,5.432958853295965,910.769551616267,4037.8601238373626,1666
8700.0,2876,0,0,1,5.395406346585491,911.4895688456189,4038.8080697115042,1699
8701.0,2877,0,1,0,5.366979192315331,911.5477928397636,4038.1687759659753,1707
8702.0,2877,0,0,0,5.309467151456367,911.9520333680917,4038.9373497758793,1727
8703.0,2877,0,0,0,5.256905571342182,912.3667014250956,4039.7104792197306,1744
8704.0,2877,0,0,0,5.200680674256168,912.6659714980883,4040.48708255045,1767
8705.0,2878,0,1,0,5.164749373613684,912.7890896455872,4039.861932514982,1786
8706.0,2878,0,0,0,5.127987793506414,913.1921473245309,4040.6435520154146,1798
8707.0,2878,0,0,0,5.093206676709757,913.6726893676164,4041.4285114443733,1826
8708.0,2878,0,0,0,5.062479396710008,914.1327310632383,4042.2149547786635,1851
8709.0,2878,0,1,1,5.010319925722496,914.6174426685199,4041.1828994799243,1869
8710.0,2878,0,0,0,4.960168156341884,915.078874218207,4041.9755945655747,1879
8711.0,2878,0,0,0,4.915004036317756,915.5681028492008,4042.7709674849593,1895
8712.0,2880,0,2,0,4.883601549508709,915.434375,4040.760515205547,1917
8713.0,2880,0,0,0,4.84905808270418,915.9322916666666,4041.560501917915,1924
8714.0,2879,0,0,1,4.8234118678426885,916.6932962834318,4043.013559293414,1933
8715.0,2878,0,0,1,4.800481858565663,917.3908964558722,4043.61611041286,1942
8716.0,2878,0,0,0,4.783919573512379,917.9284225156358,4044.4197158770958,1952
8717.0,2878,0,0,0,4.7769263272753335,918.4284225156358,4045.2234765347384,1953
8718.0,2878,0,0,0,4.774144727012615,918.9708130646283,4046.0276216809348,1958
8719.0,2878,0,1,1,4.759463285130468,919.5566365531619,4045.774428791053,1974
8720.0,2877,0,0,1,4.745816499475259,920.4316996871742,4047.2420171298795,1982
8721.0,2877,0,0,0,4.729795500750084,921.0281543274244,4048.0493066592508,1995
8722.0,2876,0,0,1,4.701777520972737,921.9481919332407,4049.5116871602127,2006
8723.0,2876,0,0,0,4.688112257854772,922.5417246175243,4050.321312426597,2014
8724.0,2876,0,0,0,4.676930141471079,923.1352573018081,4051.131406384302,2022
8725.0,2876,0,0,0,4.670364376845176,923.6682892906815,4051.9421600085957,2019
8726.0,2876,0,0,0,4.661368727693023,924.1675938803894,4052.753955397815,2030
8727.0,2875,0,0,1,4.657786505367959,925.0553043478261,4053.373988028535,2043
8728.0,2875,0,0,0,4.648117665542167,925.6549565217391,4054.1875897154814,2048
8729.0,2875,0,0,0,4.6458197340860945,926.2469565217391,4055.002258816344,2056
8730.0,2875,0,0,0,4.628393927625517,926.904,4055.8177756808004,2068
8731.0,2875,0,0,0,4.703973074472785,925.4410434782609,4056.62814506543,1946
8732.0,2874,0,0,1,4.813002871019296,924.9620737647878,4057.2239860157206,1859
8733.0,2873,0,0,1,4.949120697869899,924.8238774799861,4057.8076732087798,1805
8734.0,2871,0,0,2,5.105863794176752,924.9909439219784,4060.0482070481294,1759
8735.0,2871,0,0,0,5.282172711900876,924.6802507836991,4060.8193825390117,1728
8736.0,2870,0,0,1,5.449378537186952,924.8097560975609,4061.029231342776,1710
8737.0,2869,0,0,1,5.59458018313388,924.8699895433949,4061.3841400115575,1678
8738.0,2866,0,0,3,5.702651955385644,925.7079553384508,4062.127655623545,1660
8739.0,2865,0,0,1,5.793052545903346,925.831762652705,4061.931292986419,1637
8740.0,2864,0,0,1,5.879223539597128,926.00593575419,4062.7481013615848,1626
8741.0,2862,0,0,2,5.930872443854902,926.7634521313767,4063.071420787648,1639
8742.0,2862,0,0,0,5.964804130130995,926.6076170510132,4063.7977536493604,1622
8743.0,2861,0,0,1,6.002644140391362,926.8685774204823,4064.57909215088,1616
8744.0,2860,0,0,1,6.026952076777174,926.9104895104895,4065.599310345862,1606
8745.0,2859,0,0,1,6.059240321630561,927.053864987758,4066.2660769429913,1597
8746.0,2859,0,0,0,6.0771073120182155,926.8709338929696,4066.983958264292,1585
8747.0,2857,0,0,2,6.091618655872569,927.2488624431221,4067.7429820383227,1574
8748.0,2856,0,0,1,6.100715503062072,927.3375350140057,4068.120325186251,1557
8749.0,2855,0,0,1,6.090564868483253,927.5089316987741,4068.4731064694965,1555
8750.0,2855,0,0,0,6.0933592732287405,927.3894921190894,4069.1899109085666,1549
8751.0,2854,0,0,1,6.083585112453014,927.5662228451297,4069.454698108023,1542
8752.0,2854,0,0,0,6.059587876917591,927.4453398738613,4070.1736900300784,1533
8753.0,2854,0,0,0,6.03398790343115,927.2904695164681,4070.894141218806,1527
8754.0,2854,0,0,0,6.004579016511223,927.2102312543798,4071.6173085161167,1533
8755.0,2853,0,0,1,6.008254332161729,927.3473536628111,4072.435989748722,1525
8756.0,2851,0,0,2,6.018077456813777,927.9207295685725,4072.9798613090215,1520
8757.0,2850,0,1,2,6.025267611095099,928.0729824561404,4072.5770215363154,1520
8758.0,2850,0,0,0,6.058351310218943,927.8571929824561,4073.296616165056,1523
8759.0,2849,0,0,1,6.066560370657326,928.0954720954721,4074.1470457541527,1526
8760.0,2849,0,0,0,6.090698891601069,927.8848718848719,4074.865435239434,1515
8761.0,2848,0,0,1,6.092412345127538,928.0537219101124,4074.924097474021,1511
8762.0,2846,0,0,2,6.077403799585747,928.5337315530569,4075.1599203140145,1504
8763.0,2845,0,0,1,6.055590619686242,928.7465729349736,4075.7196306737987,1501
8764.0,2846,0,1,0,6.049111835025583,928.2565003513704,4075.009075501511,1499
8765.0,2843,0,0,3,6.02262047186872,929.3032008441787,4075.522867307119,1500
8766.0,2842,0,0,1,6.006296849496394,929.5541871921182,4076.6216481139263,1500
8767.0,2840,0,0,2,5.98362360604154,930.0221830985915,4078.1039335294568,1489
8768.0,2840,0,1,1,5.981777811518079,929.930985915493,4078.126679500397,1495
8769.0,2838,0,0,2,5.950436292815038,930.6257928118393,4078.9287242204537,1497
8770.0,2836,0,0,2,5.9134495299730565,931.3846967559944,4079.6736293616427,1511
8771.0,2834,0,0,2,5.887392979160429,932.0137614678899,4080.5942238126713,1515
8772.0,2833,0,0,1,5.8515506876123,932.39357571479,4081.558412035091,1511
8773.0,2833,0,0,0,5.8285790063730785,932.4196964348747,4082.2958152327283,1527
8774.0,2833,0,0,0,5.794047603216303,932.5330038828098,4083.0355403226795,1540
8775.0,2833,0,1,1,5.752970946997213,932.6801976703141,4082.398443005348,1545
8776.0,2833,0,0,0,5.717456333103517,932.7956230144723,4083.1425341513564,1552
8777.0,2832,0,0,1,5.687780938208831,933.0649717514125,4083.4538636951875,1556
8778.0,2831,0,0,1,5.646488046001793,933.446485340869,4084.19756860714,1558
8779.0,2829,0,0,2,5.60873041796498,934.1626016260162,4085.217330255228,1560
8780.0,2830,0,1,0,5.575816163503505,934.0229681978799,4084.5260547908906,1577
8781.0,2828,0,0,2,5.536123092750814,934.8967468175389,4086.464998486177,1593
8782.0,2827,0,1,2,5.509952235668397,935.451008135833,4084.817422911854,1603
8783.0,2828,0,1,0,5.4796976679086775,935.3253182461103,4084.129494121683,1617
8784.0,2828,0,1,1,5.442030987430418,935.6227015558699,4083.7238641134713,1625
8785.0,2828,0,1,1,5.4137998635078395,935.9508486562942,4081.876597001262,1640
8786.0,2826,0,0,2,5.363493505789414,936.9582448690729,4082.553380172844,1663
8787.0,2825,0,0,1,5.335518619050804,937.6237168141593,4082.931191086123,1679
8788.0,2826,0,1,0,5.311979991427202,937.6093418259023,4082.253382296247,1697
8789.0,2825,0,0,1,5.279250080625427,938.2545132743363,4084.1286689939916,1720
8790.0,2825,0,1,1,5.243092761069741,938.6290265486725,4083.2763324340854,1744
8791.0,2827,0,2,0,5.1982006841034485,938.2716660771135,4081.1637216490735,1753
8792.0,2827,0,2,2,5.155076094843778,938.6565263530244,4078.9611261746104,1782
8793.0,2826,0,0,1,5.122492371887642,939.3888888888889,4079.985444542719,1801
8794.0,2826,0,0,0,5.095928318514449,939.7661004953999,4080.7704900903555,1809
8795.0,2826,0,1,1,5.039951863548398,940.2130219391366,4080.129335156224,1828
8796.0,2825,0,0,1,5.006708893766657,940.956814159292,4081.2553246949037,1834
8797.0,2827,0,2,0,4.982463144283667,940.695436858861,4079.160151552519,1847
8798.0,2827,0,1,1,4.942099402204313,941.1690838344534,4078.577663581236,1859
8799.0,2826,0,0,1,4.9196392543399305,941.7990092002831,4079.5240947886364,1873
8800.0,2827,0,1,0,4.911709354287446,941.939865581889,4078.8772634499733,1891
8801.0,2826,0,0,1,4.90065434525903,942.722576079264,4079.341904417694,1900
8802.0,2827,0,1,0,4.884668962495357,942.7852847541564,4078.6980711963756,1904
8803.0,2828,0,2,1,4.856046050921407,942.8620933521923,4077.225000928589,1918
8804.0,2828,0,1,1,4.851851724624361,943.2793493635078,4076.4578561556746,1921
8805.0,2828,0,0,0,4.825500637759213,943.7899575671853,4077.2623210242764,1933
8806.0,2827,0,1,2,4.788538246236893,944.5419172267422,4076.7146013322163,1944
8807.0,2827,0,0,0,4.767872334777067,945.0463388751326,4077.522874648228,1948
8808.0,2828,0,1,0,4.767164719129872,945.1806930693069,4076.8898760056686,1962
8809.0,2828,0,0,0,4.75171419614114,945.7050919377652,4077.699731624465,1976
8810.0,2828,0,1,1,4.7320802367042125,946.1205799151344,4077.762946668166,1989
8811.0,2828,0,1,1,4.728336788307216,946.4950495049505,4077.1455663179313,1990
8812.0,2826,0,0,2,4.702582165040186,947.7317763623496,4078.72192862173,1995
8813.0,2825,0,0,1,4.682321280023811,948.5854867256637,4079.4170674867823,2012
8814.0,2824,0,0,1,4.653966651642315,949.4567988668555,4079.7999963470756,2023
8815.0,2825,0,1,0,4.643467260048225,949.6311504424779,4079.1729772772496,2024
8816.0,2825,0,0,0,4.618195150560161,950.1458407079646,4079.992032539376,2031
8817.0,2824,0,0,1,4.590706117959291,950.9490084985836,4080.6283824552916,2040
8818.0,2823,0,0,1,4.5865355080764365,951.8547644349982,4081.2229198981577,2046
8819.0,2823,0,0,0,4.575968130106906,952.368402408785,4082.0446710592137,2050
8820.0,2823,0,0,0,4.5629571202757075,952.8958554729012,4082.86673881242,2052
8821.0,2823,0,0,0,4.627355418470392,951.5944031172512,4083.6842613135527,1943
8822.0,2823,0,0,0,4.7365723058564555,950.705278072972,4084.493764087117,1865
8823.0,2821,0,0,2,4.859242181666517,950.9524991137895,4085.7798333797778,1818
8824.0,2820,0,0,1,4.9832495875346625,951.0478723404256,4087.2558394791577,1782
8825.0,2820,0,0,0,5.141920661436815,950.6361702127659,4088.0365895090567,1748
8826.0,2819,0,0,1,5.286373430312264,950.7821922667613,4088.8087395025113,1726
8827.0,2819,0,0,0,5.427370744317292,950.6222064561902,4089.570223052682,1701
8828.0,2818,0,0,1,5.534002893212829,950.8144073811213,4090.813604965096,1687
8829.0,2816,0,0,2,5.628062304347297,951.2961647727273,4090.899699457637,1660
8830.0,2814,0,0,2,5.679747096572019,951.9182658137883,4092.2053963656867,1639
8831.0,2814,0,0,0,5.738850841528173,951.8859275053305,4092.9461344208253,1626
8832.0,2813,0,0,1,5.780654641360692,951.996089584074,4094.0798243702243,1604
8833.0,2813,0,0,0,5.821287785315661,951.8364735158194,4094.8143803855314,1589
8834.0,2812,0,0,1,5.850862624267617,951.9982219061167,4095.7641965919292,1574
8835.0,2811,0,0,1,5.868869310330653,952.1494130202775,4096.304632774169,1560
8836.0,2811,0,0,0,5.886410348297452,951.9366773390252,4097.0338549364715,1535
8837.0,2809,0,0,2,5.887661243329317,952.5863296546814,4097.998478266329,1530
8838.0,2808,0,0,1,5.9023038914913615,952.8732193732194,4098.926036908148,1521
8839.0,2808,0,0,0,5.9167811598799736,952.7873931623932,4099.652892038428,1522
8840.0,2807,0,0,1,5.908311237974231,953.1193444959031,4100.690425227031,1518
8841.0,2807,0,0,0,5.911874721252484,953.086569291058,4101.417145195517,1500
8842.0,2805,0,0,2,5.905227993882903,953.6891265597149,4101.633128270147,1494
8843.0,2805,0,0,0,5.904724193647928,953.7422459893048,4102.360149097235,1493
8844.0,2804,0,0,1,5.866528547038964,954.0777460770328,4102.977254848212,1482
8845.0,2804,0,0,0,5.842406237972409,954.077032810271,4103.707782223617,1455
8846.0,2805,0,1,0,5.828364452274126,953.6805704099821,4102.97549815958,1458
8847.0,2805,0,0,0,5.825456009953843,953.7187165775401,4103.706668875762,1469
8848.0,2804,0,0,1,5.835411536324419,953.9318830242511,4104.649184018404,1439
8849.0,2803,0,0,1,5.832656103078684,954.1733856582233,4105.5159250447105,1441
8850.0,2803,0,0,0,5.822329966903838,954.1402069211559,4106.247131535399,1435
8851.0,2803,0,0,0,5.830046160758966,954.1897966464502,4106.97896620993,1433
8852.0,2803,0,0,0,5.828373631736594,954.0838387442027,4107.710948372913,1428
8853.0,2803,0,1,1,5.812040420134781,954.0228326792723,4107.19879178697,1431
8854.0,2803,0,0,0,5.8055555898934905,953.9835890117731,4107.932135148633,1434
8855.0,2802,0,0,1,5.7977076181194604,954.3679514632405,4108.306080476649,1430
8856.0,2801,0,0,1,5.7918943698659895,954.6843984291324,4109.146488744061,1434
8857.0,2801,0,0,0,5.787156969449489,954.6783291681543,4109.88229514448,1440
8858.0,2799,0,1,3,5.779844559644463,955.3272597356199,4110.1295839668155,1457
8859.0,2798,0,0,1,5.767122264723234,955.7873481057899,4110.490700458779,1466
8860.0,2798,0,0,0,5.787080901910498,955.8931379556826,4111.2274294835515,1467
8861.0,2798,0,0,0,5.77958879026693,956.0321658327376,4111.964848881624,1474
8862.0,2796,0,0,2,5.746671028993223,956.766452074392,4113.368667921056,1473
8863.0,2796,0,0,0,5.712724066272805,956.9163090128756,4114.112288416491,1487
8864.0,2795,0,0,1,5.675851977034046,957.3928443649373,4114.921443746969,1504
8865.0,2796,0,1,0,5.64532774877227,957.3712446351931,4114.198435096954,1516
8866.0,2792,0,0,4,5.601815240721765,958.8535100286533,4115.980065832088,1521
8867.0,2792,0,0,0,5.585548346512328,958.8968481375358,4116.733790986842,1515
8868.0,2791,0,0,1,5.538855568501807,959.3787173056252,4117.637736980178,1533
8869.0,2790,0,0,1,5.5080546312999825,959.8906810035842,4118.463764280371,1549
8870.0,2790,0,0,0,5.490801513134286,960.0870967741936,4119.22347968907,1562
8871.0,2792,0,3,1,5.464469167840572,959.6074498567335,4115.699096968506,1568
8872.0,2788,0,0,4,5.421967353973787,961.2037302725969,4117.7724689117495,1584
8873.0,2788,0,0,0,5.419898995883084,961.439024390244,4118.535764393535,1603
8874.0,2788,0,0,0,5.4048302365193965,961.640243902439,4119.299867270889,1613
8875.0,2788,0,1,1,5.361323546457858,961.9626972740316,4119.229287404336,1629
8876.0,2785,0,0,3,5.316179969451934,963.2599640933573,4120.204379911772,1640
8877.0,2785,0,0,0,5.3027462357436,963.5716337522441,4120.976052253786,1659
8878.0,2784,0,0,1,5.262303373627207,964.2726293103449,4121.970084107975,1672
8879.0,2784,0,1,1,5.22990685700371,964.5969827586207,4121.3896665893235,1695
8880.0,2783,0,0,1,5.195850623616313,965.2673374056774,4122.0315929799735,1713
8881.0,2782,0,0,1,5.150768204730722,965.9640546369518,4124.033283147851,1736
8882.0,2783,0,1,0,5.123261204337696,966.0294646065397,4123.3355116736275,1757
8883.0,2783,0,0,0,5.096610940689244,966.4157384117858,4124.121416990071,1763
8884.0,2783,0,0,0,5.069682021697481,966.8242903341718,4124.909052151353,1776
8885.0,2783,0,1,1,5.022953904983505,967.2781171397772,4124.542220033202,1793
8886.0,2782,0,0,1,4.990266974340085,968.1056793673616,4125.410664512158,1809
8887.0,2782,0,1,1,4.974360216208737,968.539539899353,4124.820783647667,1821
8888.0,2782,0,1,1,4.959982288756263,968.9363767074047,4123.6445060671485,1835
8889.0,2782,0,0,0,4.942362670071009,969.4370956146657,4124.441656577206,1852
8890.0,2782,0,0,0,4.92730418125993,969.9291876347951,4125.2398461780795,1861
8891.0,2782,0,0,0,4.904788500049629,970.264917325665,4126.039726835918,1869
8892.0,2784,0,2,0,4.898625560200525,969.9640804597701,4123.875593401012,1866
8893.0,2784,0,0,0,4.880142151753636,970.4676724137931,4124.677586716882,1876
8894.0,2784,0,0,0,4.873646501799806,970.872485632184,4125.479889529756,1872
8895.0,2784,0,0,0,4.86580855446546,971.2988505747127,4126.282895643472,1882
8896.0,2783,0,0,1,4.827863140034829,972.104204096299,4127.485345851067,1899
8897.0,2783,0,0,0,4.809196121504614,972.5195831836148,4128.291592653901,1896
8898.0,2784,0,1,0,4.791880885033033,972.6271551724138,4127.6149092122705,1917
8899.0,2783,0,0,1,4.760975933105331,973.4872439813151,4127.859569820798,1917
8900.0,2783,0,1,1,4.728381587376596,974.00395256917,4128.409708295756,1929
8901.0,2782,0,0,1,4.705849562892644,974.8382458662833,4128.981495957808,1930
8902.0,2782,0,0,0,4.692996623608456,975.3289000718908,4129.794057879886,1938
8903.0,2782,0,1,1,4.668449491123294,975.8299784327821,4128.812959623636,1953
8904.0,2781,0,0,1,4.642448635148551,976.7234807623157,4129.620333008645,1967
8905.0,2780,0,0,1,4.613438257799822,977.705035971223,4130.366190756636,1976
8906.0,2780,0,0,0,4.6051195615115565,978.123381294964,4131.183802830836,1982
8907.0,2780,0,0,0,4.597032899685156,978.7003597122302,4132.001306869732,1993
8908.0,2780,0,0,0,4.578761308866405,979.255035971223,4132.820762558705,1996
8909.0,2780,0,0,0,4.570532358868215,979.85,4133.640022055241,2001
8910.0,2780,0,0,0,4.553653905905141,980.4525179856115,4134.461236045238,2011
8911.0,2780,0,0,0,4.625738865327615,979.1341726618705,4135.277137705798,1901
8912.0,2780,0,0,0,4.731452419029917,978.5122302158273,4136.084972885638,1841
8913.0,2780,0,0,0,4.850316726310848,977.8996402877698,4136.883480584162,1780
8914.0,2780,0,0,0,5.006948298965041,977.5471223021583,4137.67186621644,1737
8915.0,2780,0,0,0,5.159501220233685,977.4402877697842,4138.450309884032,1719
8916.0,2780,0,0,0,5.302334262898019,977.2597122302159,4139.219492234902,1690
8917.0,2780,0,0,0,5.431551700238822,977.1291366906474,4139.97937969326,1666
8918.0,2780,0,0,0,5.55241027148113,977.0363309352518,4140.732568173001,1650
8919.0,2780,0,0,0,5.63502464884754,976.963309352518,4141.480177915117,1627
8920.0,2780,0,0,0,5.712495617410106,976.9467625899281,4142.223119129392,1616
8921.0,2775,0,0,5,5.742330128752787,978.8010810810811,4143.582272663778,1611
8922.0,2775,0,0,0,5.80037069930679,978.8043243243243,4144.318110385114,1603
8923.0,2774,0,0,1,5.832881935548037,979.189978370584,4145.100426431689,1588
8924.0,2773,0,0,1,5.878737641553939,979.5744680851063,4145.3163463973815,1575
8925.0,2773,0,0,0,5.908608163724364,979.6181031373964,4146.0438830247,1567
8926.0,2773,0,0,0,5.921553996278372,979.6451496574108,4146.7712405385155,1546
8927.0,2773,0,0,0,5.940649667953695,979.6804904435629,4147.497089148175,1524
8928.0,2772,0,0,1,5.96607882258926,980.0790043290043,4147.923845827689,1518
8929.0,2771,0,0,1,5.978694090227691,980.5218332731865,4147.957688604204,1516
8930.0,2770,0,0,1,5.978664569226612,981.0169675090252,4148.891754877949,1506
8931.0,2770,0,0,0,5.979478013660133,981.0555956678701,4149.61681877814,1507
8932.0,2769,0,0,1,5.965127749200286,981.4933188876851,4150.571703835113,1520
8933.0,2769,0,0,0,5.9648136062441095,981.5395449620802,4151.296893023601,1503
8934.0,2769,0,0,0,5.954882798298203,981.566630552546,4152.021661357666,1499
8935.0,2768,0,0,1,5.922613763488695,981.8825867052024,4152.416842035995,1495
8936.0,2768,0,1,1,5.891930733070656,981.8565751445087,4151.361728403444,1488
8937.0,2768,0,0,0,5.8733080165301885,981.9042630057803,4152.09069958746,1499
8938.0,2768,0,0,0,5.85588689203786,981.9020953757225,4152.820768355013,1491
8939.0,2767,0,0,1,5.86647106949548,982.3668232743044,4153.074293260645,1484
8940.0,2767,0,0,0,5.85466414542877,982.4965666787134,4153.804273060663,1494
8941.0,2767,0,0,0,5.852470648157874,982.5016263100831,4154.534670693317,1495
8942.0,2766,0,0,1,5.837634557798877,983.029284164859,4155.200613089821,1509
8943.0,2766,0,1,1,5.827043260502883,983.0770065075922,4154.205302633559,1499
8944.0,2765,0,0,1,5.815660722334111,983.4386980108499,4155.605186448417,1496
8945.0,2763,0,0,2,5.7852240939588215,984.2768729641693,4155.859574596261,1503
8946.0,2762,0,0,1,5.758494971916747,984.7349746560463,4157.150403498011,1509
8947.0,2760,0,0,2,5.724808637838061,985.631884057971,4159.216562683883,1513
8948.0,2760,0,0,0,5.707067085620295,985.7619565217391,4159.955091347592,1521
8949.0,2761,0,1,0,5.691551880059879,985.469395146686,4159.187891202022,1527
8950.0,2760,0,0,1,5.6566955226751725,986.0003623188405,4160.5832446772165,1541
8951.0,2758,0,0,2,5.61846188807379,986.856780275562,4162.151980924094,1549
8952.0,2756,0,0,2,5.580202671522721,987.7986211901306,4162.9207910864525,1547
8953.0,2756,0,0,0,5.563042005277909,988.0656748911466,4163.670636879006,1561
8954.0,2756,0,0,0,5.529057897570234,988.272496371553,4164.422274442383,1572
8955.0,2757,0,1,0,5.484746244540417,988.1849836779107,4163.665662765974,1576
8956.0,2757,0,0,0,5.440321501254197,988.2988755894088,4164.422915241744,1582
8957.0,2755,0,0,2,5.39512235181879,989.1956442831216,4165.134539963846,1593
8958.0,2754,0,0,1,5.364774029060952,989.7385620915032,4165.6903853599315,1605
8959.0,2753,0,0,1,5.330807535693259,990.2099527787868,4166.5586408264335,1612
8960.0,2752,0,0,1,5.322538122115256,990.7372819767442,4167.235037700121,1619
8961.0,2750,0,0,2,5.287244452055247,991.7152727272727,4168.813627401138,1623
8962.0,2749,0,2,3,5.262094728680118,992.3601309567115,4165.726028957903,1643
8963.0,2749,0,1,1,5.242907213949546,992.6569661695162,4164.973167087831,1666
8964.0,2749,0,0,0,5.22866310856206,992.8966897053474,4165.7416163656635,1671
8965.0,2747,0,0,2,5.191681220061795,993.9668729523116,4165.648312722656,1688
8966.0,2748,0,1,0,5.154351416582374,993.9781659388647,4164.9048827574825,1699
8967.0,2745,0,0,3,5.087920445012872,995.3726775956284,4165.860422609665,1699
8968.0,2745,0,1,1,5.0516759521616335,995.6910746812387,4165.003523164434,1701
8969.0,2745,0,0,0,5.027403749101099,996.0211293260473,4165.785197482443,1721
8970.0,2745,0,1,1,4.987415238249806,996.4127504553734,4164.928364349242,1740
8971.0,2745,0,0,0,4.952044742258345,996.743897996357,4165.714061124521,1750
8972.0,2747,0,2,0,4.924752237039789,996.3825991991263,4163.4685265535145,1771
8973.0,2746,0,0,1,4.8999652993902805,997.1704297159505,4164.037254746924,1789
8974.0,2746,0,1,1,4.869504936058827,997.509104151493,4163.146790703475,1796
8975.0,2745,0,0,1,4.845702441322366,998.2058287795993,4164.826947717053,1804
8976.0,2747,0,2,0,4.824262412422027,997.8809610484165,4162.588046105945,1815
8977.0,2747,0,0,0,4.794807966712238,998.2479068074263,4163.38367013403,1824
8978.0,2746,0,1,2,4.754182363421098,998.972323379461,4162.688891554682,1825
8979.0,2745,0,0,1,4.710729695716114,999.7238615664845,4163.5589889022385,1840
8980.0,2744,0,1,2,4.694276634558689,1000.5065597667639,4163.524091623735,1843
8981.0,2744,0,0,0,4.700480254260086,1000.9354956268221,4164.325634963829,1857
8982.0,2743,0,0,1,4.691871773836082,1001.7211082756106,4166.244147813776,1872
8983.0,2744,0,2,1,4.691026943886564,1001.7827988338192,4164.816611349297,1878
8984.0,2742,0,0,2,4.656176450216602,1002.9748358862145,4166.778789358156,1897
8985.0,2741,0,0,1,4.643098773825294,1003.7555636628967,4167.388177075648,1909
8986.0,2741,0,0,0,4.634131736623849,1004.2053994892375,4168.19609980828,1919
8987.0,2739,0,0,2,4.626442110678084,1005.4760861628331,4170.302331466935,1929
8988.0,2739,0,0,0,4.634709583230893,1006.0288426433004,4171.11164030503,1945
8989.0,2738,0,0,1,4.630366981121329,1006.9138056975895,4173.205227758398,1952
8990.0,2738,0,1,1,4.6264162367044985,1007.4024835646458,4172.610511379432,1954
8991.0,2737,0,0,1,4.634129773512798,1008.2181220314212,4173.19584718235,1956
8992.0,2736,0,0,1,4.6368202336742135,1008.9934210526316,4173.937819435874,1968
8993.0,2735,0,0,1,4.641101311922436,1009.8585009140768,4175.888825953886,1981
8994.0,2734,0,0,1,4.628416909210599,1010.705559619605,4176.377605799861,1978
8995.0,2733,0,0,1,4.621889524159403,1011.5159165751921,4176.8866379974215,1980
8996.0,2733,0,0,0,4.612450358111294,1012.01317233809,4177.700406955875,1980
8997.0,2732,0,0,1,4.59138144143894,1012.7887994143484,4178.806076878939,1980
8998.0,2732,0,0,0,4.590118220284871,1013.2042459736457,4179.621234061627,1987
8999.0,2732,0,0,0,4.582824320051468,1013.6409224011713,4180.436899215418,1986
9000.0,2732,0,0,0,4.566125968533535,1014.1346998535871,4181.254182945006,1981
9001.0,2732,0,0,0,4.642103343180622,1012.8729868228404,4182.065237560201,1881
9002.0,2732,0,0,0,4.739464538409973,1012.0966325036603,4182.869790322059,1817
9003.0,2731,0,0,1,4.871550133163308,1011.986818015379,4183.6199512588855,1760
9004.0,2731,0,1,1,5.015903781027338,1011.7041376785061,4182.718788185412,1717
9005.0,2730,0,0,1,5.186902864459821,1011.7168498168498,4184.02266952132,1683
9006.0,2730,0,0,0,5.342804741606493,1011.4516483516484,4184.787299669674,1643
9007.0,2729,0,0,1,5.480276380498713,1011.7625503847563,4185.748476516063,1625
9008.0,2729,0,0,0,5.626186636259466,1011.7112495419567,4186.494042188554,1609
9009.0,2729,0,0,0,5.717751690224889,1011.5379259802125,4187.233950825617,1580
9010.0,2729,0,0,0,5.79572981121175,1011.4023451813852,4187.968748152563,1561
9011.0,2729,0,0,0,5.830151806621756,1011.3499450348113,4188.701892216434,1550
9012.0,2729,0,0,0,5.877292245532638,1011.2466104800293,4189.43222584113,1535
9013.0,2729,0,0,0,5.927340047989083,1011.1374129717846,4190.15935222794,1520
9014.0,2728,0,0,1,5.953550015629068,1011.4908357771261,4190.848649009806,1515
9015.0,2728,0,0,0,5.991707055935284,1011.4362170087976,4191.571193560118,1501
9016.0,2727,0,0,1,6.036908469101121,1011.7315731573158,4192.161555314963,1489
9017.0,2727,0,0,0,6.061953921853715,1011.7103043637698,4192.880775707941,1476
9018.0,2727,0,0,0,6.080915654332564,1011.7884121745508,4193.598203221852,1475
9019.0,2727,0,0,0,6.094901736121661,1011.8371837183719,4194.316063347399,1470
9020.0,2727,0,0,0,6.106515516377803,1011.896956362303,4195.032516842896,1467
9021.0,2727,0,0,0,6.152242592851343,1011.6585991932527,4195.747171623359,1434
9022.0,2727,0,0,0,6.1633637240880175,1011.7616428309498,4196.461291605443,1440
9023.0,2727,0,0,0,6.166081420343913,1011.6872020535387,4197.17474601202,1430
9024.0,2725,0,0,2,6.158074121641109,1012.4664220183487,4198.710118264548,1423
9025.0,2723,0,0,2,6.1493002730078725,1013.2578038927653,4199.41819475234,1418
9026.0,2722,0,0,1,6.148403418503442,1013.5984570168994,4200.254072758953,1409
9027.0,2721,0,0,1,6.132016851980639,1014.0316060271958,4202.215537086983,1416
9028.0,2722,0,1,0,6.142003213641197,1013.6770756796474,4201.38611796941,1411
9029.0,2722,0,0,0,6.158746495545345,1013.4992652461425,4202.100234164365,1399
9030.0,2722,0,0,0,6.156538127245416,1013.5279206465834,4202.814112780975,1401
9031.0,2722,0,0,0,6.168942928482045,1013.5279206465834,4203.527941444498,1401
9032.0,2722,0,0,0,6.181306778860594,1013.5558412931667,4204.241676665274,1395
9033.0,2721,0,0,1,6.189749998536405,1013.9408305769938,4204.940412302289,1391
9034.0,2721,0,0,0,6.176739464465563,1014.0091877986034,4205.655628766044,1387
9035.0,2721,0,0,0,6.168415034964718,1014.0701947813304,4206.371231204127,1395
9036.0,2722,0,1,0,6.148941005297815,1013.8886847905951,4205.5420412802705,1403
9037.0,2722,0,0,0,6.146078470838764,1014.0047759000735,4206.259982999717,1409
9038.0,2721,0,0,1,6.135634532348592,1014.6571113561191,4207.219569775896,1417
9039.0,2720,0,0,1,6.098181135698168,1015.1647058823529,4208.151473685821,1417
9040.0,2719,0,0,1,6.064044708445706,1015.6314821625598,4210.0427992294135,1432
9041.0,2719,0,0,0,6.040441575076859,1015.8322912835602,4210.767538390671,1434
9042.0,2719,0,0,0,6.005113987516649,1016.073188672306,4211.4941068666285,1453
9043.0,2717,0,0,2,5.948391068687131,1017.0721383879279,4212.371874853479,1466
9044.0,2718,0,1,0,5.895083085179291,1016.9039735099337,4211.554962591224,1484
9045.0,2718,0,0,0,5.850289573548999,1017.0732155997057,4212.291589108404,1493
9046.0,2717,0,0,1,5.806195012151262,1017.6304747883695,4212.9140350298085,1490
9047.0,2716,0,0,1,5.773571989012416,1018.1881443298969,4214.821371469173,1503
9048.0,2713,0,0,3,5.707028766241875,1019.3730187983782,4216.80078878339,1517
9049.0,2712,0,0,1,5.646473635344888,1019.9391592920354,4218.398742759021,1520
9050.0,2710,0,1,3,5.608165950043076,1020.9811808118081,4218.373038725904,1543
9051.0,2707,0,0,3,5.557777429233129,1022.4444033985963,4218.0747497186885,1567
9052.0,2708,0,2,1,5.508095086246544,1022.4752584933531,4216.041705546519,1594
9053.0,2706,0,0,2,5.45094489349395,1023.6075388026608,4217.078130906944,1606
9054.0,2705,0,1,2,5.391160680478179,1024.4121996303143,4216.1102987703225,1624
9055.0,2703,0,0,2,5.33166088286134,1025.6059933407325,4217.774938935798,1641
9056.0,2701,0,1,3,5.263807842670137,1026.8315438726397,4216.43245781035,1671
9057.0,2701,0,1,1,5.218746721543457,1027.2747130692337,4216.121351975656,1689
9058.0,2701,0,0,0,5.176120227351273,1027.726397630507,4216.897455214475,1712
9059.0,2701,0,1,1,5.140495995035001,1028.197334320622,4216.136230592853,1730
9060.0,2702,0,1,0,5.124292888350269,1028.201702442635,4215.355423212771,1733
9061.0,2701,0,0,1,5.092635699381275,1029.0025916327286,4216.280728542003,1747
9062.0,2699,0,0,2,5.067551444108789,1030.161541311597,4217.066682873043,1747
9063.0,2700,0,1,0,5.058043994284631,1030.184074074074,4216.290177205599,1757
9064.0,2699,0,0,1,5.042712061205298,1030.9299740644683,4218.339989910293,1768
9065.0,2699,0,1,1,5.023107898867474,1031.363467951093,4218.084720033462,1786
9066.0,2699,0,0,0,4.995599158243109,1031.7495368655057,4218.875202467848,1783
9067.0,2699,0,1,1,4.960778354566225,1032.1934049648019,4217.132865532434,1793
9068.0,2699,0,1,1,4.935783951147305,1032.642830678029,4217.400047743861,1808
9069.0,2699,0,0,0,4.925831489641102,1033.0663208595777,4218.196073815119,1818
9070.0,2699,0,0,0,4.901130006543113,1033.4275657650983,4218.993359337508,1820
9071.0,2697,0,0,2,4.858976659310295,1034.5958472376715,4220.939458914476,1820
9072.0,2698,0,1,0,4.836052620953657,1034.6949592290587,4220.176421063403,1833
9073.0,2698,0,1,1,4.810867574239347,1035.1827279466272,4218.495815629318,1841
9074.0,2698,0,0,0,4.7844978134527665,1035.7120088954782,4219.300889738739,1848
9075.0,2698,0,0,0,4.774037915594145,1036.2783543365456,4220.107769089851,1861
9076.0,2696,0,0,2,4.763259721030696,1037.5830860534124,4222.316115934097,1873
9077.0,2695,0,0,1,4.745311042373,1038.5016697588126,4223.815614285016,1887
9078.0,2695,0,0,0,4.719968119974334,1038.9892393320965,4224.625763537574,1891
9079.0,2696,0,1,0,4.705302550661438,1039.1624629080118,4223.870305136912,1892
9080.0,2696,0,1,1,4.685126505735313,1039.7370178041542,4223.702549262968,1906
9081.0,2696,0,0,0,4.712063551082687,1040.2459198813056,4224.515675839449,1901
9082.0,2696,0,0,0,4.713034572592822,1040.7971068249258,4225.329613032584,1907
9083.0,2696,0,0,0,4.7175137815212755,1041.406528189911,4226.143311149152,1914
9084.0,2696,0,0,0,4.727493750586308,1041.9528931750742,4226.957255338435,1928
9085.0,2696,0,0,0,4.745700513841713,1042.5641691394658,4227.770227829117,1940
9086.0,2697,0,1,0,4.7451961338683235,1042.789766407119,4227.0157758117,1947
9087.0,2696,0,0,1,4.721598377504271,1043.736646884273,4228.218090735143,1955
9088.0,2695,0,0,1,4.684998183752014,1044.7109461966604,4228.057625691539,1964
9089.0,2694,0,0,1,4.656221622311152,1045.703414996288,4229.27524660783,1973
9090.0,2692,0,0,2,4.620033985638013,1047.0323179791976,4230.9275277118295,1978
9091.0,2691,0,0,1,4.677157093608336,1046.257525083612,4231.770533334393,1884
9092.0,2689,0,0,2,4.774162968487429,1046.3975455559687,4233.980347144478,1815
9093.0,2688,0,0,1,4.907786897106165,1046.4066220238096,4234.634733181569,1756
9094.0,2687,0,0,1,5.049327168860218,1046.5076293263862,4235.052081813081,1719
9095.0,2687,0,0,0,5.218737172221904,1046.290658727205,4235.829662474646,1682
9096.0,2687,0,0,0,5.381521981053496,1046.1406773353183,4236.596706772927,1653
9097.0,2686,0,0,1,5.507708315980093,1046.4657483246463,4238.590921589337,1630
9098.0,2685,0,0,1,5.622881524374079,1046.8040968342643,4240.522528435799,1610
9099.0,2685,0,0,0,5.735949209550956,1046.7202979515828,4241.266156707132,1593
9100.0,2685,0,0,0,5.830110277036801,1046.6912476722532,4242.003127195174,1574
9101.0,2684,0,0,1,5.892862928431666,1047.0864381520119,4242.510893591409,1560
9102.0,2683,0,0,1,5.9686247450296035,1047.4498695490122,4243.507313213272,1552
9103.0,2682,0,0,1,6.020489057377291,1047.878821774795,4244.848606005288,1538
9104.0,2680,0,0,2,6.085326486504342,1048.5399253731343,4245.400037123266,1523
9105.0,2678,0,0,2,6.12413469306191,1049.2912621359224,4247.241122770853,1497
9106.0,2677,0,0,1,6.17556322625638,1049.5984310795666,4247.808104766671,1478
9107.0,2677,0,0,0,6.207405139791296,1049.590212924916,4248.522242283214,1469
9108.0,2676,0,0,1,6.211258291886982,1050.099028400598,4249.5151614037295,1459
9109.0,2675,0,0,1,6.218356291982352,1050.5977570093457,4251.472133764413,1460
9110.0,2673,0,0,2,6.228089453592784,1051.4478114478115,4252.712371271154,1450
9111.0,2672,0,0,1,6.2182661918355215,1051.9416167664672,4254.645624630027,1437
9112.0,2671,0,0,1,6.225297467353534,1052.3245975290154,4256.55324494801,1438
9113.0,2671,0,0,0,6.233697042450611,1052.4271808311494,4257.263897298269,1435
9114.0,2671,0,0,0,6.212330673740355,1052.543242231374,4257.975930137801,1427
9115.0,2670,0,0,1,6.215269269093608,1052.965543071161,4258.661612418089,1421
9116.0,2668,0,0,2,6.180139529534724,1053.8362068965516,4260.004375224355,1429
9117.0,2668,0,1,1,6.183300758240698,1053.9325337331334,4259.1171821096605,1440
9118.0,2668,0,0,0,6.194535453760581,1053.9962518740629,4259.828921587495,1431
9119.0,2667,0,0,1,6.176681313304918,1054.5241844769405,4260.629006873504,1426
9120.0,2667,0,0,0,6.172792164337506,1054.6145481814774,4261.342568303737,1423
9121.0,2666,0,0,1,6.178364427770705,1055.088897224306,4262.180881351345,1430
9122.0,2663,0,0,3,6.127225426168053,1056.3541119038678,4265.1981420737175,1423
9123.0,2662,0,0,1,6.117608864363595,1056.896694214876,4265.862850479686,1431
9124.0,2662,0,0,0,6.107310763676139,1057.0210368144253,4266.581046999688,1446
9125.0,2662,0,1,1,6.0960637519407115,1057.04996243426,4265.634952472729,1446
9126.0,2661,0,0,1,6.084009237754563,1057.5046974821496,4265.4146404764,1441
9127.0,2661,0,0,0,6.09227954367242,1057.6651634723787,4266.134772481287,1456
9128.0,2659,0,0,2,6.0717760805148,1058.661526889808,4266.466494615427,1456
9129.0,2659,0,0,0,6.045355714621498,1058.8578412937195,4267.190089607775,1464
9130.0,2660,0,1,0,6.0043414474863575,1058.6932330827067,4266.312096608582,1460
9131.0,2659,0,0,1,5.950526527892114,1059.303497555472,4268.3040293636905,1484
9132.0,2658,0,0,1,5.883351878529954,1059.8942814145973,4270.249731062908,1487
9133.0,2657,0,0,1,5.820761539848467,1060.6236356793377,4270.453404886179,1501
9134.0,2656,0,0,1,5.772557562010738,1061.342996987952,4271.535266712964,1513
9135.0,2655,0,1,2,5.705881557761186,1062.0674199623352,4270.9228837571845,1541
9136.0,2652,0,0,3,5.647691920529486,1063.5245098039215,4272.252144049441,1548
9137.0,2651,0,0,1,5.608172554057022,1064.15164089023,4272.9936195284945,1558
9138.0,2648,0,0,3,5.554808553664615,1065.6642749244713,4272.636675307878,1573
9139.0,2646,0,0,2,5.512847822485807,1066.7815570672713,4273.863520777751,1585
9140.0,2645,0,0,1,5.478152149773537,1067.495652173913,4273.892804602754,1586
9141.0,2642,0,0,3,5.4209867486737275,1069.0314155942467,4274.522480909172,1612
9142.0,2641,0,1,2,5.380621244232657,1069.7754638394547,4273.99358871739,1621
9143.0,2637,0,1,5,5.323729800110432,1071.7402351156618,4274.5200682486175,1631
9144.0,2633,0,0,4,5.285814363376888,1073.6794530953284,4274.680204555062,1638
9145.0,2632,0,1,2,5.239022802458634,1074.3537234042553,4274.636649127133,1650
9146.0,2629,0,0,3,5.215480056592632,1075.9277291745911,4277.145177257326,1657
9147.0,2625,0,0,4,5.154059685943613,1077.9855238095238,4279.025878291521,1676
9148.0,2624,0,1,2,5.113462690643505,1078.7206554878048,4278.916560343528,1679
9149.0,2623,0,0,1,5.083843556424567,1079.520015249714,4279.753064417734,1687
9150.0,2624,0,1,0,5.044325726258439,1079.4375,4278.905082350023,1702
9151.0,2623,0,0,1,5.0165008135748845,1080.2264582539078,4279.091540738298,1708
9152.0,2623,0,1,1,4.989665726200782,1080.5493709492946,4277.715835497939,1709
9153.0,2623,0,0,0,4.953213601463673,1080.8921082729698,4278.505692488922,1724
9154.0,2624,0,1,0,4.912941531757072,1080.8003048780488,4277.6680617782695,1732
9155.0,2623,0,0,1,4.871653183275592,1081.5810141059856,4277.933046492683,1740
9156.0,2625,0,2,0,4.846477755679943,1081.1306666666667,4275.47078086741,1747
9157.0,2624,0,0,1,4.831549367867033,1081.9615091463415,4276.049141874618,1753
9158.0,2624,0,1,1,4.816492886521528,1082.3464176829268,4275.813097388084,1766
9159.0,2624,0,0,0,4.802298345412988,1082.799923780488,4276.615252650781,1774
9160.0,2625,0,1,0,4.787871729371745,1082.768,4275.788855722142,1782
9161.0,2624,0,0,1,4.756513519795345,1083.5861280487804,4277.0277291005605,1788
9162.0,2623,0,0,1,4.710464758529567,1084.4815097216926,4278.074576662924,1806
9163.0,2624,0,2,1,4.6609502939279075,1084.5224847560976,4276.439796505139,1818
9164.0,2624,0,0,0,4.637147581733303,1085.0251524390244,4277.252510202073,1829
9165.0,2624,0,0,0,4.60189837212155,1085.454649390244,4278.067495298906,1833
9166.0,2624,0,0,0,4.585577517040096,1085.891387195122,4278.884351181178,1843
9167.0,2623,0,0,1,4.559501101016641,1086.7967975600457,4280.45089414228,1856
9168.0,2621,0,0,2,4.5244310885867565,1088.0515070583747,4283.195298913774,1856
9169.0,2623,0,2,0,4.508739945870223,1087.773922988944,4280.7488168468535,1865
9170.0,2622,0,0,1,4.494999517673743,1088.6834477498094,4282.875008891306,1869
9171.0,2620,0,0,2,4.490443683472514,1090.0435114503816,4285.730570911716,1881
9172.0,2620,0,0,0,4.485963563988777,1090.5545801526719,4286.551612028144,1876
9173.0,2618,0,0,2,4.462202503532265,1091.899923605806,4288.230216717403,1882
9174.0,2617,0,0,1,4.455108090804765,1092.8482995796714,4289.409762212354,1896
9175.0,2617,0,0,0,4.451662525165818,1093.3565150936186,4290.233908016371,1897
9176.0,2616,0,0,1,4.436595643417119,1094.3635321100917,4291.351136874824,1903
9177.0,2616,0,0,0,4.438882942791412,1094.9254587155963,4292.176491542552,1906
9178.0,2615,0,0,1,4.438784033830049,1095.817208413002,4292.53132531174,1907
9179.0,2614,0,0,1,4.433851895244328,1096.7926549349656,4294.632576661528,1906
9180.0,2612,0,0,2,4.410912754260851,1098.0861408882083,4295.751691125882,1913
9181.0,2612,0,0,0,4.498476566068365,1096.7258805513018,4296.573625247679,1805
9182.0,2612,0,0,0,4.6250227916166455,1095.978943338438,4297.387008247098,1746
9183.0,2612,0,0,0,4.775264122167866,1095.4035222052066,4298.189905171696,1689
9184.0,2612,0,0,0,4.94596866268323,1095.0126339969372,4298.981625905269,1651
9185.0,2612,0,0,0,5.104304261466111,1094.7725880551302,4299.7619761928645,1615
9186.0,2610,0,0,2,5.261480799051705,1095.396551724138,4301.020903401156,1580
9187.0,2610,0,0,0,5.428991624242179,1095.2977011494254,4301.780305942333,1561
9188.0,2610,0,0,0,5.564258524637884,1095.344061302682,4302.530455017795,1555
9189.0,2609,0,0,1,5.688309679314597,1095.8010732081257,4302.8084670254075,1541
9190.0,2609,0,0,0,5.774173515593387,1095.8512840168646,4303.544471648936,1529
9191.0,2608,0,0,1,5.840272382545418,1096.2956288343557,4303.506289950477,1517
9192.0,2606,0,0,2,5.906434611303233,1097.0951650038373,4304.3035277165,1501
9193.0,2606,0,0,0,5.95808344350867,1097.0141980046049,4305.027216767662,1478
9194.0,2606,0,0,0,6.019134857341022,1097.0744435917115,4305.746634789104,1473
9195.0,2606,0,0,0,6.055924777498418,1097.002302379125,4306.463054085584,1461
9196.0,2606,0,0,0,6.092134029380441,1096.934765924789,4307.1782004838415,1459
9197.0,2606,0,0,0,6.133674666576128,1096.8564850345356,4307.890833495564,1447
9198.0,2606,0,0,0,6.144031527209998,1096.777436684574,4308.601762605407,1441
9199.0,2605,0,0,1,6.14821177773267,1097.1915547024953,4309.455540570726,1435
9200.0,2604,0,0,1,6.145611594114562,1097.5986943164362,4309.854485087994,1436
9201.0,2604,0,0,0,6.129051979370941,1097.7089093701998,4310.565725565534,1432
9202.0,2603,0,0,1,6.146683760456678,1097.7660391855552,4310.7336154443,1392
9203.0,2602,0,0,1,6.160539218775974,1098.17332820907,4311.691906524949,1379
9204.0,2602,0,0,0,6.152573770217235,1098.2148347425057,4312.40156589466,1379
9205.0,2602,0,0,0,6.159703872464389,1098.2121445042276,4313.110501731054,1376
9206.0,2601,0,0,1,6.164791051154701,1098.5713187235679,4313.566641036285,1360
9207.0,2602,0,1,0,6.154831521693884,1098.1122213681783,4312.6173839881385,1367
9208.0,2601,0,0,1,6.143690825484497,1098.6155324875049,4312.900947991826,1370
9209.0,2600,0,0,1,6.130812308017719,1099.056923076923,4313.882905575663,1367
9210.0,2599,0,0,1,6.1251710631982945,1099.4782608695652,4314.847318927213,1368
9211.0,2597,0,0,2,6.1017777664805,1100.3407778205622,4315.9778694295965,1364
9212.0,2597,0,0,0,6.091535112149897,1100.405082787832,4316.689151739009,1373
9213.0,2595,0,0,2,6.051464899464739,1101.2685934489402,4317.075256372659,1386
9214.0,2593,0,0,2,6.0536301363709955,1102.0806016197455,4316.522032845997,1383
9215.0,2593,0,0,0,6.072853846280404,1102.1835711531046,4317.23465523365,1387
9216.0,2593,0,1,1,6.09053389384756,1102.1986116467413,4316.230170863479,1377
9217.0,2593,0,0,0,6.074259141676017,1102.1777863478596,4316.944650304344,1377
9218.0,2592,0,0,1,6.061947941357845,1102.6921296296296,4318.929124353541,1385
9219.0,2590,0,0,2,6.041840570112782,1103.5486486486486,4318.824002125995,1374
9220.0,2588,0,0,2,6.000428094725065,1104.5695517774343,4319.949789933204,1381
9221.0,2586,0,0,2,5.964781755639248,1105.4965197215777,4320.7660781697305,1391
9222.0,2587,0,1,0,5.94100439095866,1105.2299961345188,4319.82069871058,1405
9223.0,2587,0,0,0,5.902035017496739,1105.4541940471588,4320.549025717098,1423
9224.0,2586,0,0,1,5.844535134764043,1106.087006960557,4320.199212618393,1436
9225.0,2586,0,0,0,5.782001150575142,1106.286542923434,4320.935985922614,1450
9226.0,2585,0,0,1,5.71011420557333,1106.8406189555126,4323.005406008087,1457
9227.0,2584,0,0,1,5.656231625375723,1107.422213622291,4324.123364610764,1476
9228.0,2584,0,1,1,5.621810171397104,1107.7217492260063,4323.468411580377,1486
9229.0,2583,0,0,1,5.580113910970828,1108.378242353852,4323.719347797966,1505
9230.0,2584,0,2,1,5.536086953028134,1108.1737616099072,4320.851224790845,1519
9231.0,2583,0,0,1,5.507978243461019,1108.9357336430508,4322.242525193263,1545
9232.0,2580,0,0,3,5.455478278411054,1110.5096899224807,4323.049018928846,1562
9233.0,2579,0,0,1,5.411389959774205,1111.2733617681272,4323.533915179865,1578
9234.0,2578,0,2,3,5.346574193044334,1112.1714507370054,4321.327889258581,1610
9235.0,2577,0,0,1,5.308974627019924,1113.0081490104774,4321.853843259132,1624
9236.0,2575,0,1,3,5.258913157518674,1114.2609708737864,4322.1576100766615,1636
9237.0,2574,0,0,1,5.232177994479905,1115.058275058275,4322.816984449061,1647
9238.0,2575,0,2,1,5.17974289458619,1115.0279611650485,4320.351033033357,1653
9239.0,2573,0,0,2,5.13158324757835,1116.3319082782743,4321.68372051679,1665
9240.0,2574,0,1,0,5.080095207555591,1116.3166278166277,4320.7848793695675,1680
9241.0,2573,0,0,1,5.043448372653112,1117.181111542946,4321.596591116398,1687
9242.0,2573,0,1,1,5.005691950917276,1117.6844150796735,4320.9567510976385,1702
9243.0,2573,0,1,1,4.962750746977858,1118.1682860474154,4319.958826316149,1712
9244.0,2572,0,0,1,4.920568143051881,1119.0097200622083,4319.828296403997,1717
9245.0,2572,0,1,1,4.905208136770607,1119.414463452566,4318.615235266428,1732
9246.0,2573,0,1,0,4.88251237148041,1119.3995336183443,4317.732030911522,1742
9247.0,2572,0,0,1,4.861109213598375,1120.265163297045,4317.999846941433,1741
9248.0,2572,0,0,0,4.840854754884948,1120.7422239502332,4318.798743783211,1749
9249.0,2571,0,0,1,4.817119908034395,1121.6479968883702,4319.4307839146395,1752
9250.0,2572,0,1,0,4.7911780718054455,1121.7507776049767,4318.553398041174,1772
9251.0,2571,0,0,1,4.770226352221011,1122.6892259821082,4318.836665569132,1776
9252.0,2571,0,0,0,4.751404868673341,1123.2057565149746,4319.642740526685,1794
9253.0,2571,0,1,1,4.7307381206957775,1123.6950602878258,4319.995431881111,1790
9254.0,2571,0,0,0,4.714907329627669,1124.2567094515753,4320.804493172152,1799
9255.0,2571,0,0,0,4.697384925592521,1124.8183586153248,4321.614762149433,1813
9256.0,2570,0,0,1,4.68090167013039,1125.8089494163423,4322.911119358759,1824
9257.0,2568,0,0,2,4.656464098927638,1127.2227414330218,4323.442831753433,1828
9258.0,2567,0,0,1,4.64054758589553,1128.218932606155,4323.991455228179,1838
9259.0,2566,0,0,1,4.626973509473597,1129.240841777085,4323.569796555779,1846
9260.0,2567,0,1,0,4.604904325365734,1129.377873003506,4322.701712919501,1859
9261.0,2567,0,0,0,4.6013051929877085,1129.9785742111414,4323.5187984376735,1870
9262.0,2567,0,0,0,4.592233460214813,1130.531359563693,4324.336345029792,1877
9263.0,2567,0,0,0,4.575101179363565,1131.1706271912738,4325.154322108542,1880
9264.0,2567,0,0,0,4.560475358049661,1131.7596416049864,4325.973796467536,1882
9265.0,2567,0,0,0,4.551560854895979,1132.3677444487728,4326.793342091916,1894
9266.0,2566,0,0,1,4.5346820735800595,1133.4290724863602,4328.11913303797,1894
9267.0,2566,0,0,0,4.523102054086285,1134.0985970381917,4328.94072111724,1910
9268.0,2565,0,0,1,4.525251812358143,1135.1582846003898,4329.157975020138,1916
9269.0,2564,0,0,1,4.502011813451046,1136.168096723869,4329.661262897145,1914
9270.0,2564,0,0,0,4.486670005770169,1136.7804212168487,4330.485467101619,1915
9271.0,2564,0,0,0,4.554272504385232,1135.3533541341653,4331.304480833316,1817
9272.0,2564,0,0,0,4.665568902959133,1134.2854914196569,4332.115457149091,1740
9273.0,2564,0,0,0,4.812715266067,1133.3989859594383,4332.916267196103,1682
9274.0,2562,0,0,2,4.971087296869994,1133.4941451990633,4334.015065959976,1638
9275.0,2562,0,0,0,5.136889171241499,1132.7544886807182,4334.793805851904,1600
9276.0,2561,0,0,1,5.288340165290437,1132.555642327216,4336.072045088752,1572
9277.0,2561,0,0,0,5.425639862221742,1132.0199140960563,4336.831091841834,1538
9278.0,2560,0,0,1,5.571810249434875,1131.876171875,4338.845660545689,1521
9279.0,2560,0,0,0,5.684345548781176,1131.394921875,4339.586706874,1497
9280.0,2559,0,0,1,5.782128840911784,1131.4177413051973,4340.362847488156,1474
9281.0,2559,0,0,0,5.844125041732733,1131.0074247753028,4341.092836822137,1460
9282.0,2557,0,0,2,5.8903446794270184,1131.9049667579195,4341.9104950783785,1447
9283.0,2556,0,0,1,5.916456776242607,1132.017214397496,4342.567373274014,1442
9284.0,2557,0,1,0,5.92643724582907,1131.25263981228,4341.591664469555,1429
9285.0,2557,0,0,0,5.96015549149534,1130.7837309346892,4342.31162066893,1426
9286.0,2557,0,0,0,5.994106999189149,1130.4035979663668,4343.0306083561245,1410
9287.0,2557,0,0,0,6.031475034918952,1129.9859210011732,4343.746941350455,1392
9288.0,2556,0,0,1,6.045484310034132,1130.3157276995305,4344.420289301949,1399
9289.0,2556,0,0,0,6.073205968767992,1129.7535211267605,4345.133227563459,1405
9290.0,2555,0,0,1,6.079188420313228,1129.8430528375734,4347.217438544628,1390
9291.0,2554,0,0,1,6.090974891165257,1129.7443226311668,4349.22269521818,1368
9292.0,2554,0,0,0,6.085357104359556,1129.3112764291309,4349.93497742427,1358
9293.0,2554,0,0,0,6.07785239620899,1129.1225528582615,4350.647837878927,1355
9294.0,2553,0,0,1,6.073848694538292,1129.069721895809,4351.374158385985,1354
9295.0,2553,0,0,0,6.070828567708213,1128.6788092440265,4352.087189014326,1358
9296.0,2553,0,0,0,6.074638864623829,1128.0278104191148,4352.799675018928,1331
9297.0,2553,0,1,1,6.061510211129255,1127.524089306698,4352.149112536576,1337
9298.0,2552,0,0,1,6.0722492315942,1127.480407523511,4352.7296481334015,1324
9299.0,2552,0,0,0,6.086773959409836,1126.9992163009404,4353.442511152086,1334
9300.0,2551,0,0,1,6.072070306235208,1126.9255194041552,4354.447078241618,1335
9301.0,2550,0,0,1,6.062059965900985,1127.050588235294,4355.585322820576,1345
9302.0,2549,0,0,1,6.054807108627461,1127.114162416634,4356.76359051663,1349
9303.0,2549,0,0,0,6.048735884163543,1126.6971361318165,4357.480211534988,1347
9304.0,2548,0,0,1,6.038291913082919,1126.8504709576139,4358.3489178862255,1339
9305.0,2548,0,0,0,6.0572345329552,1126.4352433281006,4359.064776415254,1333
9306.0,2546,0,0,2,6.058354626901593,1126.895915161037,4360.744299478109,1320
9307.0,2544,0,1,3,6.046072640906052,1127.435927672956,4359.991349894822,1330
9308.0,2543,0,0,1,6.031487454055256,1127.716083366103,4360.717876771942,1337
9309.0,2540,0,0,3,5.988370882834768,1128.784251968504,4363.92242959667,1362
9310.0,2538,0,0,2,5.954046480591014,1129.810086682427,4364.321183886249,1365
9311.0,2537,0,0,1,5.914918993364307,1130.1265273945605,4365.424484208655,1370
9312.0,2538,0,1,0,5.904511647132959,1129.388888888889,4364.430968197776,1365
9313.0,2538,0,0,0,5.87515386774364,1129.1379038613081,4365.1601833424065,1376
9314.0,2538,0,0,0,5.846455158022617,1129.2068557919622,4365.8915074563565,1384
9315.0,2538,0,0,0,5.786301423058169,1128.9164696611506,4366.62723608918,1388
9316.0,2538,0,0,0,5.734149819792788,1128.6221434200158,4367.366758272864,1384
9317.0,2538,0,0,0,5.692153182148606,1128.3167848699763,4368.108893651358,1409
9318.0,2537,0,0,1,5.649513122331948,1128.7288135593221,4368.833778280974,1431
9319.0,2537,0,0,0,5.6217973613322565,1128.7091052424123,4369.581918981849,1447
9320.0,2534,0,0,3,5.562709536091081,1129.9522494080504,4370.808734011311,1473
9321.0,2532,0,1,3,5.504220260129524,1131.191943127962,4368.665463890751,1488
9322.0,2532,0,1,1,5.441594974005898,1131.5355450236966,4368.031683938057,1507
9323.0,2532,0,1,1,5.407145493591151,1131.7815955766193,4367.004633032372,1514
9324.0,2529,0,0,3,5.36476415390286,1133.334124159747,4368.732859173919,1529
9325.0,2526,0,1,4,5.3039110866545585,1134.9588281868566,4369.592606030221,1540
9326.0,2527,0,1,0,5.265987024684132,1134.8986941036803,4368.632403974444,1558
9327.0,2528,0,1,0,5.236430720316724,1134.8354430379748,4367.675186046517,1576
9328.0,2529,0,1,0,5.2136971101114,1134.7441676551996,4366.721154799018,1589
9329.0,2529,0,1,1,5.1639178505457455,1135.145116646896,4366.227928306627,1590
9330.0,2529,0,1,1,5.126007236546385,1135.638196915777,4365.3405106168775,1618
9331.0,2530,0,1,0,5.115229582730147,1135.5679841897233,4364.393819909908,1614
9332.0,2530,0,0,0,5.102602641157801,1136.0505928853754,4365.1751635257815,1634
9333.0,2531,0,1,0,5.067420455199836,1136.0659818253655,4364.233830593912,1650
9334.0,2531,0,0,0,5.037136842963014,1136.4282892137494,4365.021095333785,1642
9335.0,2531,0,0,0,5.008448522983672,1136.8818648755432,4365.810462722607,1651
9336.0,2531,0,0,0,4.987891044436223,1137.3022520742788,4366.601371217066,1662
9337.0,2530,0,0,1,4.965076078264342,1138.2541501976284,4367.798278402521,1680
9338.0,2530,0,1,1,4.910344836579853,1138.6628458498024,4367.243740727297,1688
9339.0,2529,0,0,1,4.867020352586348,1139.6279161724,4369.435844360184,1701
9340.0,2528,0,0,1,4.836848098982844,1140.5929588607594,4370.258920285694,1728
9341.0,2529,0,2,1,4.80507948171536,1140.693950177936,4368.392187239976,1744
9342.0,2528,0,0,1,4.766777419549406,1141.698575949367,4370.026853445558,1759
9343.0,2527,0,0,1,4.740326169532741,1142.6648199445983,4370.990386664403,1770
9344.0,2526,0,0,1,4.721810120836495,1143.6817102137768,4372.329234919707,1781
9345.0,2526,0,0,0,4.722534927696759,1144.180126682502,4373.139301037123,1779
9346.0,2527,0,1,0,4.715445038814813,1144.2247724574595,4372.219786516956,1788
9347.0,2526,0,0,1,4.687820216215282,1145.2565320665083,4373.5459602209085,1788
9348.0,2525,0,0,1,4.663663055102475,1146.2233663366337,4374.145409341309,1796
9349.0,2524,0,0,1,4.637987795848458,1147.1113312202854,4374.275135601979,1804
9350.0,2524,0,0,0,4.629957960352293,1147.6572900158478,4375.091167158905,1812
9351.0,2523,0,0,1,4.590364559954726,1148.6706302021403,4376.429574153873,1825
9352.0,2523,0,0,0,4.578790024322652,1149.2061038446293,4377.248406013434,1839
9353.0,2522,0,0,1,4.571352075978832,1150.2644726407614,4378.312930765444,1844
9354.0,2521,0,0,1,4.554092731149789,1151.31178103927,4380.467475966709,1860
9355.0,2520,0,0,1,4.528750787760419,1152.2825396825397,4381.2079827544,1861
9356.0,2519,0,0,1,4.514929603260134,1153.3549027391823,4382.568338860337,1874
9357.0,2519,0,0,0,4.497789630304688,1153.9452163556966,4383.392425062042,1874
9358.0,2519,0,0,0,4.493003597551228,1154.4950377133782,4384.217135827505,1879
9359.0,2519,0,0,0,4.4993424733458225,1155.100039698293,4385.042171530434,1890
9360.0,2519,0,0,0,4.497750500776545,1155.605795950774,4385.866929433408,1885
9361.0,2518,0,0,1,4.5872990967202405,1154.7220015885623,4386.636096454277,1777
9362.0,2518,0,0,0,4.702378781336256,1153.924543288324,4387.4473423275285,1694
9363.0,2518,0,0,0,4.8557627500331435,1153.176330420969,4388.247819650532,1635
9364.0,2518,0,0,0,5.032486431992212,1152.5917394757744,4389.036685888195,1591
9365.0,2518,0,0,0,5.211467818839606,1152.2339158061955,4389.813445383219,1555
9366.0,2518,0,0,0,5.376885370485102,1151.9706115965053,4390.579876967057,1525
9367.0,2518,0,0,0,5.539507143104862,1151.534154090548,4391.334941941944,1496
9368.0,2517,0,0,1,5.659662887866429,1151.5939610647597,4392.626143612136,1480
9369.0,2517,0,0,0,5.765287747096547,1151.2264600715137,4393.364854511726,1444
9370.0,2517,0,0,0,5.836118776393022,1151.0536352800952,4394.098873418962,1431
9371.0,2515,0,0,2,5.900309434094316,1151.8019880715706,4394.654517987741,1410
9372.0,2515,0,0,0,5.959423906785366,1151.6994035785287,4395.380650358801,1414
9373.0,2515,0,0,0,6.006456053289997,1151.5570576540756,4396.103492631503,1395
9374.0,2515,0,0,0,6.03044274996666,1151.3256461232604,4396.823715346121,1374
9375.0,2515,0,0,0,6.057907627631439,1151.1988071570577,4397.542719702116,1368
9376.0,2514,0,0,1,6.070564087410291,1151.5692124105012,4399.32236692063,1360
9377.0,2514,0,0,0,6.081465069102386,1151.530230708035,4400.0395610248615,1353
9378.0,2513,0,0,1,6.087360367593044,1151.9602069239952,4401.599403364049,1347
9379.0,2513,0,0,0,6.0818536345136405,1152.0230799840829,4402.3172729173475,1345
9380.0,2513,0,0,0,6.076238013498789,1151.8778352566653,4403.035634332019,1340
9381.0,2513,0,0,0,6.081606526411943,1151.7855153203343,4403.753957156491,1330
9382.0,2513,0,0,0,6.074598633001092,1151.8054118583366,4404.4721980851,1329
9383.0,2513,0,0,0,6.0885530886378305,1151.7930760047752,4405.189071552393,1322
9384.0,2513,0,0,0,6.109453642557431,1151.757262236371,4405.903951209149,1311
9385.0,2513,0,0,0,6.127454911967026,1151.6983684838838,4406.617572407199,1303
9386.0,2512,0,0,1,6.136484909561132,1152.1285828025477,4407.8499970635585,1309
9387.0,2512,0,0,0,6.142439297348397,1152.1126592356688,4408.562356186129,1309
9388.0,2512,0,1,1,6.13504305902335,1152.1795382165606,4407.365316538471,1305
9389.0,2511,0,0,1,6.14932975323241,1152.6009557945042,4407.658969834643,1276
9390.0,2509,0,0,2,6.12995025961323,1153.4938222399362,4408.5904182398235,1279
9391.0,2509,0,0,0,6.136318672216808,1153.461937026704,4409.302254032756,1283
9392.0,2508,0,0,1,6.145048684289421,1153.9665071770335,4409.983657693801,1287
9393.0,2505,0,0,3,6.1388525245290655,1155.4219560878244,4411.550588734896,1298
9394.0,2505,0,0,0,6.1417813049841845,1155.4463073852296,4412.264134252239,1295
9395.0,2505,0,0,0,6.139819978300896,1155.4714570858284,4412.978929571855,1303
9396.0,2504,0,0,1,6.1449035020360725,1155.9333067092653,4413.5203518487715,1308
9397.0,2503,0,0,1,6.132762065675339,1156.540551338394,4413.617925901603,1317
9398.0,2503,0,0,0,6.165771558212083,1156.6596084698363,4414.332671490429,1320
9399.0,2501,0,0,2,6.156585001072268,1157.6633346661336,4414.472686617814,1330
9400.0,2498,0,0,3,6.129717866757883,1159.1841473178542,4412.7919918417665,1339
9401.0,2497,0,0,1,6.103803776958575,1159.8089707649178,4413.793186219386,1353
9402.0,2493,0,0,4,6.052924961276803,1161.888888888889,4415.5570927804465,1366
9403.0,2492,0,0,1,6.004028469424936,1162.5068218298554,4416.0103104243235,1360
9404.0,2492,0,1,1,5.965995703117177,1162.564205457464,4415.083040436801,1368
9405.0,2492,0,0,0,5.934174880535888,1162.6548956661316,4415.812747760601,1374
9406.0,2491,0,0,1,5.882121141143634,1163.1838619028504,4416.262739062214,1379
9407.0,2491,0,0,0,5.848624205882598,1163.3520674427941,4416.997282635272,1383
9408.0,2489,0,0,2,5.773458266921918,1164.548011249498,4417.486790313686,1391
9409.0,2487,0,0,2,5.70545525315055,1165.7000402090873,4417.584579174125,1412
9410.0,2486,0,0,1,5.62415652113663,1166.4102976669349,4417.144051974457,1432
9411.0,2486,0,1,1,5.556651622648555,1166.658487530169,4416.725791629524,1447
9412.0,2483,0,0,3,5.484077578799533,1168.3612565445026,4418.059518651045,1462
9413.0,2484,0,1,0,5.442390032167609,1168.1763285024156,4417.039072783206,1480
9414.0,2484,0,1,1,5.391246115845047,1168.4754428341384,4414.679334756333,1499
9415.0,2484,0,0,0,5.367392465406339,1168.8454106280194,4415.442001750294,1511
9416.0,2485,0,1,0,5.327991774463581,1168.706639839034,4414.429548588247,1528
9417.0,2483,0,1,3,5.27578963862052,1170.0821586790173,4414.021938857448,1544
9418.0,2483,0,1,1,5.22213119805579,1170.3954893274265,4414.373972337519,1557
9419.0,2483,0,0,0,5.164765813658349,1170.8324607329844,4415.148483801173,1578
9420.0,2482,0,1,2,5.10454615646588,1171.7304593070105,4414.843607056974,1589
9421.0,2482,0,1,1,5.0519581234210005,1172.1390008058017,4413.8275757951005,1602
9422.0,2483,0,1,0,5.025393334310254,1172.1284736206203,4412.833230891485,1619
9423.0,2484,0,1,0,5.006839351413446,1172.1183574879226,4411.8414544919315,1634
9424.0,2483,0,1,2,4.951181200380981,1173.0358437374143,4410.079166486733,1653
9425.0,2482,0,0,1,4.897060600245197,1173.9572925060436,4412.125031000871,1666
9426.0,2485,0,3,0,4.880242705795095,1172.933601609658,4407.591784723481,1672
9427.0,2484,0,0,1,4.855580734115401,1173.8900966183576,4408.953733269722,1686
9428.0,2485,0,1,0,4.842973495745537,1173.9046277665996,4407.97544717599,1695
9429.0,2485,0,0,0,4.81925122113138,1174.4269617706238,4408.773945417665,1708
9430.0,2487,0,2,0,4.785626033697055,1173.9047044632086,4406.028113765456,1705
9431.0,2486,0,1,2,4.753605559308524,1174.8238133547868,4406.149360088731,1705
9432.0,2486,0,0,0,4.744869091227437,1175.277554304103,4406.953001146428,1706
9433.0,2486,0,0,0,4.710930644249992,1175.7570394207562,4407.759689069441,1715
9434.0,2486,0,1,1,4.667489248343403,1176.2405470635558,4407.329982496086,1724
9435.0,2486,0,0,0,4.6476744319317485,1176.7131938857603,4408.140891493313,1740
9436.0,2486,0,1,1,4.629105912186468,1177.2703137570395,4406.72051899315,1751
9437.0,2485,0,0,1,4.606279831804926,1178.2551307847082,4408.904877017156,1752
9438.0,2485,0,0,0,4.609843310470454,1178.7291750503018,4409.71941224279,1755
9439.0,2485,0,0,0,4.600190375083946,1179.200402414487,4410.533664427347,1756
9440.0,2486,0,1,0,4.596963110306002,1179.2598551890587,4409.574303413103,1762
9441.0,2485,0,0,1,4.586202971355347,1180.2837022132796,4410.116383019911,1771
9442.0,2485,0,0,0,4.578810460663968,1180.7714285714285,4410.932839109257,1768
9443.0,2485,0,0,0,4.574439356818004,1181.3778672032192,4411.750106867072,1779
9444.0,2483,0,0,2,4.5449044084893035,1182.9025372533226,4411.723603407347,1791
9445.0,2483,0,0,0,4.537948881464457,1183.484091824406,4412.543685680103,1798
9446.0,2483,0,0,0,4.530407629695867,1184.0628272251308,4413.364532569405,1810
9447.0,2482,0,0,1,4.516273654179432,1185.0874294923449,4414.220037489859,1805
9448.0,2482,0,0,0,4.533092246186657,1185.6543110394844,4415.04031247279,1814
9449.0,2482,0,0,0,4.534312464383473,1186.2207896857374,4415.8605590178695,1814
9450.0,2482,0,0,0,4.523187025461109,1186.7993553585818,4416.682554331858,1818
9451.0,2482,0,0,0,4.59180550121063,1185.4875100725221,4417.498852457475,1719
9452.0,2482,0,0,0,4.705625259154764,1184.6103948428686,4418.30745069424,1646
9453.0,2481,0,0,1,4.8273915193522985,1184.4933494558645,4417.912355224172,1589
9454.0,2480,0,0,1,4.972398364360662,1184.5294354838709,4418.245202473712,1549
9455.0,2479,0,0,1,5.110048439852603,1184.735780556676,4419.070647887015,1527
9456.0,2479,0,0,0,5.249290469371449,1184.574021782977,4419.840321465529,1501
9457.0,2479,0,0,0,5.388048890025852,1184.3481242436467,4420.600814398713,1477
9458.0,2479,0,0,0,5.524397418790056,1184.1222267043163,4421.352190896313,1452
9459.0,2478,0,0,1,5.6238845614489055,1184.403147699758,4422.0198873003,1426
9460.0,2476,0,0,2,5.709015475089794,1185.2843295638127,4422.958968652353,1421
9461.0,2476,0,0,0,5.765571388269642,1185.1546849757674,4423.694071939473,1410
9462.0,2475,0,0,1,5.811903774301238,1185.5127272727273,4423.209439602302,1404
9463.0,2475,0,0,0,5.871424901866685,1185.2129292929294,4423.937992803703,1375
9464.0,2474,0,0,1,5.931835223894595,1185.4147130153597,4425.213464335851,1355
9465.0,2474,0,0,0,5.966763328313974,1185.2190784155214,4425.93597927245,1332
9466.0,2474,0,0,0,6.003052845411489,1185.065885206144,4426.656257762737,1327
9467.0,2474,0,0,0,6.048469002437814,1184.7934518997574,4427.374426925286,1308
9468.0,2474,0,0,0,6.063118009214368,1184.6564268391269,4428.091436844917,1297
9469.0,2474,0,0,0,6.099081882360499,1184.5727566693613,4428.806867312742,1274
9470.0,2474,0,0,0,6.101333089406678,1184.453920776071,4429.5207423396005,1279
9471.0,2475,0,1,0,6.12064832869707,1183.7737373737373,4428.443297576617,1276
9472.0,2474,0,0,1,6.142541870004989,1184.0901374292644,4429.014866622565,1262
9473.0,2474,0,0,0,6.1696643609198905,1184.0456750202102,4429.7248402739115,1262
9474.0,2474,0,0,0,6.181256069523591,1184.0092966855295,4430.434415731761,1270
9475.0,2473,0,0,1,6.176514277740603,1184.41892438334,4430.028091588742,1270
9476.0,2472,0,0,1,6.177757329101533,1184.8960355987056,4431.24773191433,1285
9477.0,2472,0,0,0,6.170302520082746,1184.9142394822006,4431.958283605271,1288
9478.0,2472,0,1,1,6.164079445031699,1184.9045307443366,4431.068961877303,1295
9479.0,2472,0,0,0,6.167352269556991,1184.8394012944984,4431.779260245224,1291
9480.0,2472,0,0,0,6.1633748351308455,1184.871359223301,4432.49004545868,1288
9481.0,2472,0,0,0,6.183287302289202,1184.7750809061488,4433.199969288067,1281
9482.0,2471,0,0,1,6.196712745595477,1185.291380008094,4435.162991264454,1283
9483.0,2470,0,0,1,6.222992272809812,1185.736032388664,4435.188218471217,1274
9484.0,2470,0,0,0,6.231826598002109,1185.810931174089,4435.895592764885,1279
9485.0,2471,0,1,0,6.246079754708273,1185.3265884257385,4434.806568279836,1273
9486.0,2471,0,0,0,6.2612834838892635,1185.3885066774585,4435.512829837925,1274
9487.0,2470,0,0,1,6.25816240887233,1185.9437246963562,4436.285311720047,1275
9488.0,2470,0,0,0,6.265957327775385,1185.9983805668016,4436.991579359514,1282
9489.0,2469,0,0,1,6.243270424313627,1186.6326447954636,4437.1835754475715,1282
9490.0,2470,0,1,0,6.227139369010296,1186.2769230769231,4436.096489581394,1274
9491.0,2468,0,0,2,6.166448893785922,1187.3180713128038,4437.377305079004,1278
9492.0,2466,0,0,2,6.104534293400538,1188.4837793998379,4438.707084214834,1284
9493.0,2465,0,0,1,6.035679739296595,1189.0827586206897,4438.881059287899,1297
9494.0,2464,0,0,1,5.985933168616483,1189.7422889610389,4440.034015215815,1317
9495.0,2463,0,0,1,5.919213977409602,1190.4433617539587,4442.035239192144,1335
9496.0,2462,0,1,2,5.850423561225774,1191.2014622258328,4443.0297874455455,1355
9497.0,2460,0,0,2,5.816048947442622,1192.4467479674797,4443.385729435597,1360
9498.0,2460,0,0,0,5.77992519501294,1192.6674796747968,4444.125235415871,1378
9499.0,2459,0,0,1,5.723885451649487,1193.3025620170802,4446.187136627781,1385
9500.0,2460,0,1,0,5.700861004190738,1193.041463414634,4445.124479449673,1403
9501.0,2459,0,0,1,5.66220500812568,1193.84871899146,4445.321766227901,1408
9502.0,2459,0,0,0,5.63206144745292,1194.1728344855633,4446.07093817076,1437
9503.0,2457,0,0,2,5.571626587562754,1195.4961334961336,4446.383781626882,1448
9504.0,2458,0,3,2,5.51560944687186,1195.3628966639544,4441.4621782523145,1475
9505.0,2457,0,0,1,5.482660304879089,1196.2193732193732,4441.920857397322,1491
9506.0,2457,0,0,0,5.449337463730273,1196.5616605616606,4442.681627646079,1505
9507.0,2457,0,0,0,5.418611624297106,1196.954415954416,4443.444388910601,1517
9508.0,2456,0,0,1,5.370888086418464,1197.798045602606,4443.940963859786,1520
9509.0,2455,0,0,1,5.30767858725077,1198.691649694501,4444.541660857751,1541
9510.0,2455,0,0,0,5.258310905327144,1199.10549898167,4445.315036092714,1562
9511.0,2453,0,0,2,5.1925236590467545,1200.5193640440277,4446.6698584731885,1569
9512.0,2453,0,0,0,5.175284593026376,1200.9498573175704,4447.448754098931,1582
9513.0,2452,0,0,1,5.133220299904799,1201.9424959216965,4447.958188534738,1596
9514.0,2452,0,0,0,5.110639864008147,1202.391924959217,4448.741543359898,1617
9515.0,2454,0,2,0,5.0719752067691735,1201.8932355338222,4445.900729342836,1626
9516.0,2454,0,0,0,5.039318851246162,1202.2485737571312,4446.688892881966,1633
9517.0,2454,0,1,1,4.9822185011518965,1202.6870415647923,4445.273653755497,1642
9518.0,2453,0,0,1,4.9511868466915505,1203.5666530778637,4445.749822142694,1645
9519.0,2452,0,0,1,4.935779433006355,1204.555057096248,4446.421925114398,1660
9520.0,2452,0,1,1,4.918759521904049,1205.0293637846655,4446.697654306695,1672
9521.0,2450,0,0,2,4.891694837550498,1206.5118367346938,4448.946581471105,1678
9522.0,2449,0,0,1,4.8846277110012215,1207.469987750102,4451.09191416129,1677
9523.0,2450,0,1,0,4.879803848857884,1207.441224489796,4450.0750864903175,1684
9524.0,2448,0,0,2,4.863154939628365,1208.938316993464,4450.744403423034,1695
9525.0,2448,0,0,0,4.861859467080281,1209.4906045751634,4451.546778426437,1704
9526.0,2447,0,0,1,4.848140625734906,1210.487535758071,4452.356703137347,1704
9527.0,2447,0,0,0,4.856264853089664,1211.0478136493666,4453.159504492208,1717
9528.0,2447,0,1,1,4.84192495696687,1211.628933387822,4452.763190385001,1728
9529.0,2447,0,0,0,4.829237176196341,1212.1319983653452,4453.567937540302,1727
9530.0,2444,0,0,3,4.790344677599072,1214.2422258592471,4455.087328425173,1743
9531.0,2444,0,1,1,4.760987315044844,1214.8432896890345,4454.989246955903,1748
9532.0,2444,0,0,0,4.734744853600268,1215.4836333878886,4455.800961803526,1763
9533.0,2443,0,0,1,4.722318477573428,1216.6045845272206,4457.25739057345,1774
9534.0,2443,0,0,0,4.714877936041767,1217.2435530085959,4458.070206801831,1783
9535.0,2443,0,0,0,4.713081221637556,1217.8632828489563,4458.8835592759,1784
9536.0,2441,0,0,2,4.68270010244081,1219.4235968865219,4459.943541640436,1790
9537.0,2440,0,0,1,4.66261078385652,1220.508606557377,4459.583721545418,1797
9538.0,2439,0,0,1,4.650306433135834,1221.6174661746618,4459.89246930266,1802
9539.0,2439,0,0,0,4.643205445951922,1222.2419024190242,4460.709692798738,1811
9540.0,2438,0,0,1,4.633269660717965,1223.3359310910582,4461.863569359201,1821
9541.0,2438,0,0,0,4.703159917775686,1218.940935192781,4462.676769375749,1719
9542.0,2438,0,0,0,4.813549974088188,1214.9593929450368,4463.482133350089,1652
9543.0,2438,0,0,0,4.959368303174422,1211.1402789171452,4464.277671194881,1591
9544.0,2435,0,0,3,5.120846808540955,1208.9675564681725,4467.099111830346,1545
9545.0,2434,0,0,1,5.275054380888044,1205.981511914544,4468.0550537305535,1515
9546.0,2433,0,0,1,5.446595374583355,1203.012330456227,4468.406159019761,1476
9547.0,2433,0,0,0,5.613700966562353,1199.5569256062474,4469.157134969468,1439
9548.0,2431,0,0,2,5.746270284026697,1197.1966269025093,4470.254146288519,1407
9549.0,2431,0,0,0,5.879549889899467,1193.772521596051,4470.987175649011,1383
9550.0,2430,0,0,1,5.986281475170509,1190.8275720164609,4471.625351817574,1354
9551.0,2430,0,0,0,6.056028516491509,1187.6444444444444,4472.3461775037495,1353
9552.0,2430,0,0,0,6.1132274431988565,1184.29341563786,4473.0624147617655,1329
9553.0,2430,0,0,0,6.162544727119361,1180.8995884773663,4473.774465932275,1317
9554.0,2430,0,0,0,6.199735280228471,1180.7469135802469,4474.48502639722,1302
9555.0,2429,0,0,1,6.226029650966657,1177.9226018937834,4475.516998731646,1297
9556.0,2429,0,0,0,6.264503607692913,1174.5561959654178,4476.222545743058,1288
9557.0,2428,0,0,1,6.290501674249158,1171.664744645799,4476.647030316437,1268
9558.0,2427,0,0,1,6.304714302168342,1168.9563246806758,4476.790300153775,1266
9559.0,2427,0,0,0,6.322561406517414,1165.7391841779975,4477.490754954583,1258
9560.0,2427,0,0,0,6.341221513593758,1162.5995055624228,4478.188699626126,1254
9561.0,2426,0,0,1,6.3455739017972315,1163.0259686727122,4479.515619468518,1255
9562.0,2426,0,0,0,6.351115007445125,1159.9076669414674,4480.212657784599,1251
9563.0,2426,0,0,0,6.373315422297119,1156.661582852432,4480.9091768640865,1245
9564.0,2425,0,0,1,6.3773550683378755,1153.8523711340206,4481.550133078819,1233
9565.0,2424,0,0,1,6.394768037382645,1151.1703795379537,4482.598487815694,1235
9566.0,2423,0,1,2,6.409590666269358,1148.3710276516715,4480.7307763345625,1225
9567.0,2423,0,0,0,6.437927028292898,1148.233182005778,4481.423049316231,1229
9568.0,2422,0,0,1,6.45358663119698,1145.4954582989265,4481.8656174943935,1218
9569.0,2421,0,0,1,6.446363409078936,1142.9640644361834,4482.864094259192,1222
9570.0,2420,0,0,1,6.428838104101484,1140.2619834710745,4483.1599674625095,1218
9571.0,2420,0,0,0,6.426887159154066,1137.0380165289257,4483.8556216216075,1208
9572.0,2419,0,0,1,6.428647459494682,1134.4303431169906,4485.301093847571,1212
9573.0,2418,0,0,1,6.439289120057445,1131.7948717948718,4485.996711480319,1213
9574.0,2419,0,1,0,6.453600302881461,1128.2042166184374,4484.835794712547,1213
9575.0,2419,0,0,0,6.465421044447512,1125.0190161223645,4485.52830640109,1205
9576.0,2419,0,0,0,6.468353523022607,1121.8573790822654,4486.2212949291725,1202
9577.0,2417,0,0,2,6.436429556957189,1119.5316508067854,4487.042087714555,1192
9578.0,2416,0,0,1,6.425004933409634,1116.757036423841,4488.0761258690545,1181
9579.0,2417,0,1,0,6.406630576908302,1113.1299131154324,4486.917538469332,1197
9580.0,2417,0,0,0,6.381635846430976,1110.023169218039,4487.617113923819,1192
9581.0,2417,0,0,0,6.361494598525552,1110.1179147703765,4488.318404777032,1215
9582.0,2417,0,0,0,6.328595733696672,1107.1187422424493,4489.021673602517,1225
9583.0,2417,0,0,0,6.287986558748251,1104.1894911046752,4489.728073618129,1224
9584.0,2418,0,1,0,6.250771181956719,1103.9069478908189,4488.580027044501,1240
9585.0,2417,0,0,1,6.197572711248312,1101.4162184526272,4488.945568013854,1240
9586.0,2416,0,0,1,6.154315012476871,1098.9184602649007,4489.187933639579,1267
9587.0,2416,0,0,0,6.13711635281839,1099.0082781456954,4489.904165033698,1268
9588.0,2415,0,0,1,6.08646367637122,1096.6223602484472,4490.384809049274,1278
9589.0,2414,0,0,1,6.063322004994875,1097.1474730737366,4490.027145235298,1297
9590.0,2413,0,0,1,6.013957635892732,1097.7915457936178,4490.180161262517,1308
9591.0,2413,0,0,0,5.964030341676608,1098.0658930791546,4490.907954140556,1323
9592.0,2414,0,2,1,5.910306355396676,1097.956917978459,4487.8633639013915,1348
9593.0,2414,0,1,1,5.8567426488302194,1098.2883181441591,4486.268345371002,1366
9594.0,2414,0,0,0,5.811933915408021,1098.6516155758077,4487.006350785357,1382
9595.0,2413,0,1,2,5.729262721724353,1096.5101533360962,4486.267313771922,1413
9596.0,2414,0,1,0,5.679613509605173,1093.5070422535211,4485.1532450430195,1422
9597.0,2415,0,1,0,5.625702552101978,1090.4662525879917,4484.045223872228,1436
9598.0,2414,0,0,1,5.564096161697598,1088.374067937034,4483.458883092343,1455
9599.0,2416,0,2,0,5.5081488536122265,1084.9006622516556,4480.503221061306,1472
9600.0,2417,0,2,1,5.454751048758543,1081.924286305337,4479.064774129335,1490
9601.0,2417,0,0,0,5.414182736036719,1079.412908564336,4479.827355495878,1507
9602.0,2416,0,0,1,5.37328669973991,1077.3373344370862,4480.304171868725,1518
9603.0,2417,0,2,1,5.32400554957155,1074.4517997517585,4478.817129002432,1530
9604.0,2417,0,0,0,5.292528645427924,1071.89863467108,4479.5895395136895,1529
9605.0,2419,0,2,0,5.261598147513708,1071.3629599007854,4476.660313879427,1539
9606.0,2418,0,1,2,5.213229131624901,1069.3056244830439,4476.084150186636,1552
9607.0,2419,0,1,0,5.185309560359931,1066.4625878462175,4475.012464069489,1568
9608.0,2417,0,0,2,5.130249472130978,1064.9942076954903,4477.493896098553,1580
9609.0,2418,0,2,1,5.101450577797297,1062.2522746071133,4475.749246099634,1588
9610.0,2417,0,0,1,5.084459148988011,1060.314853123707,4475.6489301089105,1601
9611.0,2417,0,1,1,5.044904677242407,1057.9863467107984,4475.12517635381,1598
9612.0,2415,0,0,2,5.001982282307799,1059.3105590062112,4477.927754431127,1609
9613.0,2416,0,2,1,4.966706726960352,1056.617549668874,4476.465954784307,1613
9614.0,2416,0,1,1,4.918360654251538,1054.3940397350993,4476.104610437045,1624
9615.0,2414,0,0,2,4.887487775627191,1053.0306545153273,4479.67820579195,1636
9616.0,2414,0,1,1,4.862513617504057,1050.8057166528583,4479.333094915208,1639
9617.0,2415,0,1,0,4.863849286606421,1048.224844720497,4478.279263654401,1652
9618.0,2415,0,0,0,4.885064078979674,1045.9320910973086,4479.079814890832,1650
9619.0,2417,0,2,0,4.88744403218124,1045.5912287960282,4476.173556101797,1660
9620.0,2417,0,0,0,4.881587417014086,1046.213487794787,4476.975536978837,1680
9621.0,2417,0,0,0,4.8649263076948115,1046.7505171700454,4477.778960999154,1681
9622.0,2416,0,0,1,4.824332786498075,1047.732201986755,4478.009349668509,1687
9623.0,2416,0,1,1,4.78593981950266,1048.2868377483444,4477.301633784304,1688
9624.0,2415,0,0,1,4.75823791413689,1049.2703933747412,4479.535951374579,1696
9625.0,2414,0,0,1,4.730695551111211,1050.2058823529412,4481.411228489151,1695
9626.0,2414,0,0,0,4.728682624389327,1050.702568351284,4482.224922043985,1699
9627.0,2413,0,0,1,4.719017726746129,1051.6452548694572,4482.217578721477,1704
9628.0,2413,0,0,0,4.697187052577203,1052.1976792374637,4483.033419041624,1718
9629.0,2413,0,0,0,4.693661312488014,1052.7824285122254,4483.849745093018,1734
9630.0,2412,0,0,1,4.670497059872465,1053.7815091210614,4484.664004167713,1744
9631.0,2412,0,0,0,4.743142268106001,1052.4166666666667,4485.476504880902,1647
9632.0,2412,0,0,0,4.866267336874562,1051.4921227197347,4486.280594441674,1574
9633.0,2412,0,0,0,5.032203353584683,1050.672056384743,4487.073315686661,1503
9634.0,2410,0,0,2,5.198751281875212,1050.9464730290456,4488.447541346006,1458
9635.0,2410,0,0,0,5.374337587782863,1050.5431535269709,4489.2155585468045,1413
9636.0,2410,0,0,0,5.542688896069007,1050.3012448132781,4489.972481609591,1373
9637.0,2408,0,0,2,5.69423166145682,1050.8679401993356,4491.423985579669,1336
9638.0,2408,0,0,0,5.824101816899412,1050.5905315614618,4492.160328408113,1309
9639.0,2407,0,0,1,5.9410100008566005,1050.778147071043,4493.605350461594,1284
9640.0,2407,0,0,0,6.064181964538135,1050.6514333194848,4494.325095448419,1271
9641.0,2406,0,0,1,6.162090743712995,1050.9359933499584,4494.984129630689,1249
9642.0,2406,0,0,0,6.234353530824911,1050.6699916874481,4495.692123225657,1230
9643.0,2405,0,0,1,6.299948347741394,1051.0024948024948,4495.7502768237155,1228
9644.0,2405,0,0,0,6.373301039773206,1050.8536382536383,4496.45023443763,1214
9645.0,2405,0,0,0,6.442472809537028,1050.6860706860707,4497.146053652425,1195
9646.0,2405,0,0,0,6.483195502228127,1050.5172557172557,4497.839228584181,1183
9647.0,2405,0,0,0,6.505773929112648,1050.4511434511435,4498.530524323305,1191
9648.0,2405,0,0,0,6.523756523575703,1050.3717255717256,4499.220835923415,1176
9649.0,2405,0,0,0,6.543094734635682,1050.3322245322245,4499.908455435625,1188
9650.0,2405,0,0,0,6.549284950683451,1050.323076923077,4500.596515014982,1175
9651.0,2404,0,0,1,6.534162438168457,1050.6913477537437,4501.851012747085,1181
9652.0,2403,0,0,1,6.503254494502044,1051.1622971285892,4502.062085758702,1181
9653.0,2402,0,0,1,6.483751251458717,1051.5507910074937,4502.198566247888,1187
9654.0,2402,0,0,0,6.467816148033637,1051.5999167360533,4502.890402803179,1192
9655.0,2402,0,0,0,6.479144434980326,1051.5932556203163,4503.582294174973,1187
9656.0,2401,0,0,1,6.467690946083409,1052.1199500208247,4503.154159456689,1189
9657.0,2402,0,1,0,6.500812378263515,1051.6369691923396,4501.968417434518,1178
9658.0,2402,0,0,0,6.505637360690148,1051.6748542880932,4502.65854262311,1181
9659.0,2402,0,0,0,6.513192046626645,1051.6490424646129,4503.347744241012,1184
9660.0,2401,0,0,1,6.509360029064578,1052.0595585172844,4504.341514960359,1189
9661.0,2400,0,0,1,6.511963018118254,1052.4745833333334,4505.258787293539,1189
9662.0,2400,0,0,0,6.5038319324648395,1052.4741666666666,4505.949081147902,1197
9663.0,2400,0,0,0,6.5064857872225685,1052.5675,4506.639301287872,1201
9664.0,2400,0,0,0,6.492711214433722,1052.7220833333333,4507.330056821867,1202
9665.0,2400,0,1,1,6.472317205026551,1052.8029166666668,4505.945754923713,1196
9666.0,2397,0,0,3,6.436539141449675,1054.212765957447,4506.285021165463,1195
9667.0,2396,0,0,1,6.39284388838775,1054.8167779632722,4507.099316180784,1212
9668.0,2396,0,0,0,6.389863532276935,1054.939899833055,4507.796951925851,1219
9669.0,2396,0,1,1,6.350943620016143,1055.0392320534224,4507.341398576261,1229
9670.0,2396,0,0,0,6.337983918151897,1055.147328881469,4508.042711427481,1231
9671.0,2395,0,0,1,6.29261620255491,1055.8171189979123,4508.568484682502,1247
9672.0,2394,0,0,1,6.241204866559963,1056.391812865497,4510.777025215384,1244
9673.0,2390,0,0,4,6.168535401922942,1058.255648535565,4512.459824065203,1253
9674.0,2389,0,0,1,6.11309520885984,1058.8786102971956,4512.13263273565,1264
9675.0,2389,0,1,1,6.067344961465721,1059.0284637923817,4510.802543557156,1274
9676.0,2387,0,0,2,5.997887241785486,1060.1328026811898,4513.136596619442,1279
9677.0,2384,0,0,3,5.9372449911461285,1061.5952181208054,4516.8670449114215,1280
9678.0,2383,0,0,1,5.899436274244729,1062.3256399496433,4518.36822431036,1302
9679.0,2382,0,0,1,5.879300255247825,1063.063811922754,4520.525739415141,1318
9680.0,2379,0,0,3,5.827750330133615,1064.6338797814208,4522.278568438327,1322
9681.0,2378,0,0,1,5.787766987041702,1065.3940285954584,4522.353539895575,1331
9682.0,2376,0,1,3,5.763567575134761,1066.5412457912457,4522.645437423044,1350
9683.0,2377,0,2,1,5.726249228396199,1066.4307951198991,4519.616667584358,1368
9684.0,2375,0,0,2,5.692366955701661,1067.6606315789475,4522.38937305811,1386
9685.0,2373,0,0,2,5.646774117211633,1068.969658659924,4523.6878137003905,1400
9686.0,2373,0,1,1,5.614102924025887,1069.3898019384744,4522.598686056876,1416
9687.0,2371,0,0,2,5.572985561914161,1070.71657528469,4525.467060821105,1435
9688.0,2368,0,0,3,5.526255115982057,1072.429054054054,4524.108246424334,1439
9689.0,2368,0,1,1,5.485951709818459,1072.7377533783783,4524.425160718107,1448
9690.0,2368,0,0,0,5.42334230570332,1073.0067567567567,4525.185371312101,1456
9691.0,2367,0,0,1,5.357721135151705,1073.8119983100971,4527.420611611849,1470
9692.0,2367,0,0,0,5.30844471490133,1074.1102661596958,4528.1878325973585,1485
9693.0,2367,0,0,0,5.238157922009377,1074.5686523024926,4528.960409143707,1514
9694.0,2367,0,1,1,5.199467992416945,1074.9535276721588,4527.790548567802,1525
9695.0,2368,0,1,0,5.161546687750906,1074.9577702702702,4526.656536720537,1545
9696.0,2368,0,0,0,5.123094519050042,1075.346706081081,4527.437523377731,1554
9697.0,2369,0,1,0,5.089017571119873,1075.3368509919796,4526.309562919391,1565
9698.0,2370,0,1,0,5.048239822856159,1075.1970464135022,4525.186192232873,1570
9699.0,2370,0,0,0,5.012477034073579,1075.5223628691983,4525.975661584355,1581
9700.0,2371,0,1,0,4.97304576406356,1075.4318852804724,4524.858463210603,1593
9701.0,2371,0,0,0,4.944469381761601,1075.846056516238,4525.65292992728,1603
9702.0,2370,0,0,1,4.918529583237328,1076.8236286919832,4525.986131316335,1625
9703.0,2369,0,1,2,4.863885544495981,1077.6977627691008,4523.9112393129635,1627
9704.0,2370,0,1,0,4.824798515718203,1077.7012658227848,4522.8045873371275,1632
9705.0,2370,0,0,0,4.79389338992559,1078.187341772152,4523.610237815479,1640
9706.0,2372,0,2,0,4.780132185709062,1077.8237774030354,4520.601228436652,1648
9707.0,2372,0,0,0,4.7684219134970265,1078.260539629005,4521.407811456333,1649
9708.0,2373,0,1,0,4.768891909907865,1078.3404972608512,4520.308322746448,1655
9709.0,2373,0,0,0,4.756387390834302,1078.8811630847028,4521.115677557568,1671
9710.0,2374,0,1,0,4.740105499553946,1078.9818871103623,4520.019044824922,1681
9711.0,2374,0,1,1,4.715461110629002,1079.5324347093513,4517.685953547081,1687
9712.0,2374,0,0,0,4.697038159047488,1080.1196293176074,4518.497716292101,1697
9713.0,2375,0,1,0,4.686908878857954,1080.2677894736842,4517.408398799478,1703
9714.0,2374,0,0,1,4.663912649100796,1081.2889637742207,4517.1068370382745,1710
9715.0,2374,0,1,1,4.63926333037365,1081.8260320134793,4515.917986912306,1713
9716.0,2374,0,0,0,4.618349104087359,1082.4549283909014,4516.735967737308,1727
9717.0,2375,0,1,0,4.594237345204385,1082.557052631579,4515.653380256075,1737
9718.0,2375,0,0,0,4.586993604316738,1083.1077894736843,4516.4736295451285,1736
9719.0,2375,0,0,0,4.563852396122248,1083.7014736842104,4517.295764354696,1754
9720.0,2375,0,0,0,4.547666692540875,1084.2652631578947,4518.119467305669,1756
9721.0,2374,0,0,1,4.619588718045228,1083.4532434709351,4519.787693910801,1658
9722.0,2374,0,1,1,4.722821046557231,1082.4658803706825,4518.438782798931,1568
9723.0,2373,0,0,1,4.8540896283884285,1082.3185840707965,4518.530458858242,1520
9724.0,2372,0,0,1,5.009092219612166,1082.2609612141653,4520.176986340466,1472
9725.0,2371,0,0,1,5.186133096188738,1082.3167439898778,4521.020546540143,1437
9726.0,2371,0,0,0,5.367072970156193,1082.041754533952,4521.787481092097,1413
9727.0,2371,0,0,0,5.529430587282078,1081.8367777309152,4522.543365058581,1391
9728.0,2371,0,0,0,5.652917585496278,1081.712779417967,4523.290815108377,1377
9729.0,2371,0,0,0,5.752241865650603,1081.510754955715,4524.03229441093,1352
9730.0,2371,0,0,0,5.830126904421236,1081.339519190215,4524.767347588321,1345
9731.0,2371,0,0,0,5.897269776195144,1081.121467735133,4525.498550630878,1333
9732.0,2371,0,0,0,5.950817139710992,1080.990299451708,4526.224354021206,1316
9733.0,2370,0,0,1,5.983274864897751,1081.4772151898735,4526.837967743585,1313
9734.0,2369,0,0,1,6.013857181138706,1081.7999155761925,4528.277364606998,1315
9735.0,2369,0,0,0,6.030497444368836,1081.6998733642888,4528.99735586916,1305
9736.0,2369,0,0,0,6.064811707733511,1081.5660616293794,4529.7150303202,1298
9737.0,2368,0,0,1,6.089315329237011,1081.8581081081081,4530.322396392187,1291
9738.0,2366,0,0,2,6.118537351238067,1082.7125950972104,4531.4747160950565,1280
9739.0,2366,0,0,0,6.127320054135638,1082.711327134404,4532.186964457569,1272
9740.0,2365,0,0,1,6.147643544061819,1083.3048625792812,4533.105021058924,1278
9741.0,2365,0,0,0,6.178891568805296,1083.383932346723,4533.81460737507,1282
9742.0,2365,0,0,0,6.196702485361138,1083.4587737843551,4534.523871735502,1275
9743.0,2365,0,0,0,6.2119099219602285,1083.445665961945,4535.231970492904,1267
9744.0,2364,0,0,1,6.2193736127329,1083.9640439932318,4535.660732119496,1277
9745.0,2364,0,0,0,6.227882683498107,1084.0313028764806,4536.367679446144,1286
9746.0,2363,0,0,1,6.235492712789181,1084.5332204824376,4536.449232709347,1282
9747.0,2363,0,1,1,6.245713076635127,1084.644096487516,4535.195929918292,1291
9748.0,2363,0,0,0,6.263189018258339,1084.6089716462125,4535.901855889575,1292
9749.0,2363,0,0,0,6.281649710059471,1084.5429538721964,4536.606794368503,1290
9750.0,2363,0,0,0,6.290800564027343,1084.5751163774862,4537.311721554324,1291
9751.0,2362,0,0,1,6.305847989688178,1084.931414055885,4538.148979291754,1287
9752.0,2360,0,0,2,6.303441225148143,1085.8915254237288,4540.2633014543935,1291
9753.0,2361,0,1,0,6.296330192071675,1085.423972892842,4539.04450683944,1294
9754.0,2361,0,0,0,6.2810933855276865,1085.434985175773,4539.7503543671955,1288
9755.0,2361,0,0,0,6.281062547395995,1085.4032189750105,4540.4566560802905,1282
9756.0,2360,0,0,1,6.245978724747476,1085.9228813559323,4541.151221453869,1284
9757.0,2360,0,0,0,6.226147658766438,1085.9703389830509,4541.85909535745,1278
9758.0,2359,0,0,1,6.174400255990362,1086.5082662144978,4542.339883074132,1284
9759.0,2360,0,1,0,6.124972114920595,1086.2525423728814,4541.1267659347695,1290
9760.0,2360,0,0,0,6.072190397516184,1086.3088983050848,4541.842778902583,1302
9761.0,2360,0,0,0,6.02336050845104,1086.471186440678,4542.561501042552,1306
9762.0,2360,0,0,0,5.9922675907782015,1086.5504237288135,4543.283426818572,1307
9763.0,2359,0,0,1,5.942437953280488,1087.1364985163204,4544.175429525278,1317
9764.0,2359,0,0,0,5.886650953796073,1087.3022467147096,4544.904542732706,1329
9765.0,2359,0,1,1,5.825234957665665,1087.4467994913098,4543.097124723904,1332
9766.0,2359,0,0,0,5.7978712250951,1087.517592200085,4543.8331684424975,1343
9767.0,2359,0,0,0,5.791369097670677,1087.7164052564647,4544.570811749891,1352
9768.0,2359,0,0,0,5.770415951770344,1087.919881305638,4545.309874644611,1367
9769.0,2358,0,0,1,5.745426411026817,1088.5144189991518,4546.566620992958,1376
9770.0,2356,0,0,2,5.734070828705995,1089.597623089983,4548.888019447908,1363
9771.0,2354,0,0,2,5.725098166583726,1090.7990654205607,4547.968485074933,1378
9772.0,2353,0,0,1,5.696369510616144,1091.5652358691032,4548.741458344181,1395
9773.0,2351,0,0,2,5.6764653425427625,1092.7796682262867,4548.446691138444,1396
9774.0,2349,0,1,3,5.618096711546387,1094.0527884206044,4547.2474489011765,1417
9775.0,2349,0,1,1,5.576691960358991,1094.334184759472,4545.6427999901225,1430
9776.0,2346,0,0,3,5.515736020637629,1096.037936913896,4546.304071208492,1438
9777.0,2345,0,0,1,5.465374193715376,1096.875053304904,4547.353063123597,1444
9778.0,2343,0,0,2,5.412408656729957,1098.1886470337174,4549.116315492317,1463
9779.0,2341,0,0,2,5.3626305876471125,1099.5130286202477,4552.404264411809,1472
9780.0,2342,0,1,0,5.325834367254024,1099.4060631938514,4551.223029146171,1474
9781.0,2342,0,0,0,5.268302874893423,1099.860802732707,4551.990291170827,1494
9782.0,2341,0,0,1,5.1923973613574,1100.7449807774456,4554.2365216744765,1496
9783.0,2343,0,2,0,5.139899207122354,1100.2693128467777,4551.1235839090905,1523
9784.0,2343,0,0,0,5.083966173650041,1100.5936833119931,4551.902449090411,1533
9785.0,2343,0,1,1,5.048027527391113,1100.981220657277,4551.808849567134,1545
9786.0,2341,0,0,2,5.012699315490047,1102.3541221700127,4553.846659143835,1564
9787.0,2340,0,0,1,4.993049018061548,1103.25,4555.9681066031335,1566
9788.0,2340,0,0,0,4.975459201365217,1103.713247863248,4556.755566029652,1577
9789.0,2339,0,0,1,4.9491565939591,1104.6447199657973,4557.760122954439,1583
9790.0,2338,0,0,1,4.9475990664662195,1105.667236954662,4560.022212501639,1598
9791.0,2338,0,0,0,4.944659575936481,1106.1792130025663,4560.8142347035155,1603
9792.0,2337,0,1,2,4.909111294064423,1107.1163885323065,4559.508131178337,1605
9793.0,2338,0,1,0,4.883858269187787,1107.1548331907613,4558.35357482975,1616
9794.0,2337,0,0,1,4.841418080647939,1108.1895592640137,4559.290141657791,1624
9795.0,2337,0,0,0,4.818886439111659,1108.7184424475824,4560.090630682185,1636
9796.0,2336,0,0,1,4.796173069635263,1109.6733732876712,4561.760490336378,1634
9797.0,2336,0,0,0,4.788053183571996,1110.1237157534247,4562.564199604245,1638
9798.0,2337,0,1,0,4.7748705056482095,1110.1891313649978,4561.416125298835,1648
9799.0,2337,0,0,0,4.756264374822388,1110.7886178861788,4562.222508375427,1654
9800.0,2336,0,0,1,4.719150644105383,1111.820205479452,4563.903645216856,1665
9801.0,2336,0,0,0,4.699877052543117,1112.4345034246576,4564.713468313369,1669
9802.0,2336,0,0,0,4.68580528417882,1113.0629280821918,4565.524277763828,1680
9803.0,2336,0,0,0,4.675996872983709,1113.734160958904,4566.336435853194,1707
9804.0,2334,0,0,2,4.637635765791586,1115.260497000857,4567.14995887515,1701
9805.0,2334,0,0,0,4.617037934232815,1115.9057412167951,4567.965211170905,1713
9806.0,2333,0,0,1,4.59477334111795,1116.916845263609,4568.635847006193,1710
9807.0,2333,0,0,0,4.587985419654818,1117.4899271324475,4569.45385523637,1713
9808.0,2332,0,0,1,4.589968068626113,1118.5763293310463,4569.233864011024,1727
9809.0,2332,0,0,0,4.578618159439754,1119.2277015437394,4570.053692068837,1726
9810.0,2330,0,0,2,4.552885863712127,1120.8557939914162,4572.015450644416,1739
9811.0,2328,0,0,2,4.594493769945963,1120.5266323024055,4573.697808296323,1640
9812.0,2328,0,0,0,4.703927584568674,1119.7319587628865,4574.506982665261,1570
9813.0,2327,0,0,1,4.840370490184886,1119.7580575848733,4576.169696573956,1526
9814.0,2327,0,0,0,5.0073404358129014,1119.4507950150407,4576.959294519467,1490
9815.0,2327,0,0,0,5.179704087938759,1119.0262140094542,4577.737601572851,1452
9816.0,2327,0,0,0,5.351717963066403,1118.7400085947572,4578.504773604482,1421
9817.0,2326,0,0,1,5.520725291396244,1119.0042992261392,4580.2108356383505,1395
9818.0,2326,0,0,0,5.666867402382374,1118.8052450558898,4580.956431989066,1370
9819.0,2326,0,0,0,5.798812702758654,1118.5838349097162,4581.693595079504,1342
9820.0,2325,0,0,1,5.899364956543616,1118.7320430107527,4581.718070339149,1319
9821.0,2325,0,0,0,5.963105256003077,1118.6455913978496,4582.442746379056,1306
9822.0,2324,0,0,1,6.028223389993954,1119.092512908778,4583.282181185149,1286
9823.0,2324,0,0,0,6.073815611558223,1119.0361445783133,4583.997887086005,1279
9824.0,2324,0,0,0,6.113507384675977,1118.8842512908777,4584.711191211331,1269
9825.0,2322,0,0,2,6.148371921506976,1119.7045650301463,4584.87944572522,1261
9826.0,2322,0,0,0,6.195673449743046,1119.7872523686476,4585.5865662613005,1255
9827.0,2322,0,0,0,6.226686624205202,1119.776916451335,4586.291731645099,1258
9828.0,2322,0,0,0,6.227637925019966,1119.7123169681308,4586.996630368663,1246
9829.0,2322,0,0,0,6.227000389726094,1119.754091300603,4587.700818090181,1244
9830.0,2322,0,0,0,6.2343843178441904,1119.7596899224807,4588.405146733657,1245
9831.0,2322,0,0,0,6.236803330701399,1119.6787252368647,4589.108194608113,1242
9832.0,2322,0,0,0,6.2499792028951395,1119.622739018088,4589.811773518768,1236
9833.0,2322,0,0,0,6.259311928177851,1119.4694229112833,4590.514625542382,1224
9834.0,2322,0,0,0,6.283024494899053,1119.4470284237725,4591.215847909693,1215
9835.0,2321,0,0,1,6.280074018422139,1119.8315381301163,4591.878289842388,1221
9836.0,2321,0,0,0,6.282094711328385,1119.6979750107712,4592.580177839608,1206
9837.0,2321,0,0,0,6.2847897014543115,1119.5868160275743,4593.2817764028105,1205
9838.0,2322,0,1,0,6.268089980286749,1119.0964685615847,4592.006498555355,1201
9839.0,2321,0,0,1,6.254187256940179,1119.6238690219732,4592.657572215177,1207
9840.0,2321,0,0,0,6.2569355910495315,1119.5941404566997,4593.36137998044,1201
9841.0,2321,0,0,0,6.250104551006297,1119.5988797931925,4594.065510448061,1204
9842.0,2320,0,0,1,6.249383888024856,1120.2189655172415,4594.9286807243125,1203
9843.0,2320,0,0,0,6.279868336296485,1120.201724137931,4595.6319323397065,1198
9844.0,2318,0,0,2,6.255578816099235,1121.2247627264883,4598.404454093258,1215
9845.0,2318,0,1,1,6.2423063595539166,1121.311906816221,4596.928006056382,1218
9846.0,2316,0,0,2,6.222620280834031,1122.396804835924,4598.023341748512,1227
9847.0,2316,0,0,0,6.2102861310699415,1122.4650259067357,4598.730013244908,1223
9848.0,2316,0,0,0,6.214271855633963,1122.5669257340242,4599.436561403726,1231
9849.0,2316,0,0,0,6.227616502860237,1122.7150259067357,4600.142951203783,1234
9850.0,2317,0,1,0,6.207929527496213,1122.2792403970652,4598.864694329754,1240
9851.0,2317,0,0,0,6.16029237580476,1122.4941735002158,4599.575474365446,1251
9852.0,2317,0,0,0,6.137873759028723,1122.6909797151488,4600.287796204768,1253
9853.0,2316,0,0,1,6.101169252811085,1123.3467184801382,4600.645091315409,1260
9854.0,2316,0,0,0,6.025928032471878,1123.5613126079447,4601.364839711536,1265
9855.0,2316,0,0,0,5.944448956752178,1123.7953367875648,4602.089912698683,1275
9856.0,2317,0,1,0,5.878673449737859,1123.3862753560638,4600.831704569892,1273
9857.0,2317,0,0,0,5.832864835033825,1123.4544669831678,4601.563178188068,1272
9858.0,2317,0,0,0,5.780112499962621,1123.5584807941304,4602.297332142487,1287
9859.0,2316,0,0,1,5.736300343650133,1124.3134715025906,4602.97590418553,1302
9860.0,2315,0,0,1,5.710524805790265,1124.9343412526998,4604.853606701045,1304
9861.0,2314,0,0,1,5.67981394941504,1125.6283491789109,4605.599922996995,1328
9862.0,2314,0,1,1,5.637509880645173,1125.896283491789,4604.048572015669,1341
9863.0,2314,0,1,1,5.587674228074306,1126.200518582541,4603.574823442031,1364
9864.0,2314,0,0,0,5.55886209528195,1126.519878997407,4604.323029237765,1374
9865.0,2316,0,2,0,5.521575147391788,1125.8678756476684,4601.096660590309,1391
9866.0,2316,0,0,0,5.478209234016929,1126.1908462867011,4601.850432882888,1407
9867.0,2317,0,1,0,5.421864129237848,1126.0569702201121,4600.6214776444385,1416
9868.0,2316,0,0,1,5.373366337492028,1126.9309153713298,4601.543999713598,1436
9869.0,2315,0,1,2,5.319887728823891,1127.7334773218142,4599.944302507126,1439
9870.0,2315,0,0,0,5.27413055346172,1128.0755939524838,4600.7124031037265,1450
9871.0,2317,0,2,0,5.243649436451143,1127.4492878722485,4597.512028636829,1464
9872.0,2316,0,0,1,5.216019231787554,1128.3544905008634,4597.759520326548,1469
9873.0,2318,0,2,0,5.19453299715901,1127.8390854184643,4594.566967273443,1482
9874.0,2318,0,0,0,5.180829573402389,1128.199741156169,4595.343638855743,1485
9875.0,2318,0,1,1,5.150627641498174,1128.6074201898189,4594.2994154476355,1491
9876.0,2320,0,2,0,5.118337839023134,1128.0646551724137,4591.1193978144065,1502
9877.0,2321,0,2,1,5.0663916036635035,1128.025850926325,4588.677068073693,1522
9878.0,2321,0,0,0,5.062935691501164,1128.3541576906505,4589.462002423444,1527
9879.0,2320,0,0,1,5.044533994010367,1129.2478448275863,4591.818547322993,1543
9880.0,2320,0,1,1,5.0067904177349165,1129.6228448275863,4590.876190467187,1555
9881.0,2320,0,1,1,4.973652975379054,1129.9724137931034,4588.242922749422,1565
9882.0,2320,0,1,1,4.951773849527757,1130.3991379310344,4586.608462520797,1574
9883.0,2320,0,0,0,4.928017209707234,1130.9211206896553,4587.406233648788,1599
9884.0,2322,0,2,0,4.908970268575883,1130.3385012919896,4584.253888797082,1603
9885.0,2321,0,0,1,4.900600240398118,1131.3015941404567,4585.133147022589,1608
9886.0,2321,0,1,1,4.894778930862198,1131.7479534683325,4584.419496900949,1607
9887.0,2320,0,0,1,4.879151648163071,1132.723275862069,4585.004478172295,1614
9888.0,2319,0,0,1,4.855066510991589,1133.616645105649,4586.318693479592,1613
9889.0,2320,0,1,0,4.833068178247948,1133.556896551724,4585.146200214371,1611
9890.0,2318,0,0,2,4.78472411442288,1135.0560828300258,4587.662899594192,1619
9891.0,2316,0,0,2,4.754529107800569,1136.5306563039724,4589.600186588205,1623
9892.0,2317,0,1,0,4.726637116141131,1136.5878290893397,4588.429752256533,1638
9893.0,2316,0,0,1,4.690419398589715,1137.658031088083,4588.642627864766,1649
9894.0,2315,0,0,1,4.670788920236825,1138.6341252699783,4590.159875672953,1648
9895.0,2315,0,0,0,4.660163563469207,1139.2470842332614,4590.973274971479,1652
9896.0,2313,0,0,2,4.641567188861046,1140.7397319498486,4593.547373862461,1655
9897.0,2313,0,0,0,4.628989069021338,1141.2762645914397,4594.362997242852,1665
9898.0,2312,0,0,1,4.627502391804866,1142.2867647058824,4595.3341368439515,1660
9899.0,2311,0,0,1,4.606952981991215,1143.3085244482909,4595.948210365811,1668
9900.0,2311,0,0,0,4.603085238140967,1143.8697533535267,4596.766122869116,1673
9901.0,2309,0,0,2,4.659012502069648,1143.4482459939368,4598.2529519282125,1572
9902.0,2309,0,0,0,4.792541118320679,1142.402338674751,4599.058259561262,1506
9903.0,2308,0,0,1,4.945212543588401,1142.2274696707107,4600.774486459087,1451
9904.0,2308,0,0,0,5.098736603632298,1141.8266897746967,4601.560621334064,1415
9905.0,2308,0,0,0,5.279427361628156,1141.4198440207972,4602.334659070537,1379
9906.0,2308,0,0,0,5.449623890343561,1141.1395147313692,4603.098342588683,1357
9907.0,2308,0,0,0,5.626283569323567,1140.8999133448874,4603.850053828149,1320
9908.0,2308,0,0,0,5.78606146554887,1140.6806759098786,4604.591933654059,1291
9909.0,2307,0,0,1,5.889300624201687,1141.1551798872995,4604.902311005793,1278
9910.0,2307,0,0,0,5.9881970360666354,1141.0459471174686,4605.632287524191,1274
9911.0,2307,0,0,0,6.0752278298865905,1141.0446467273516,4606.356003450986,1265
9912.0,2306,0,0,1,6.122658087613741,1141.591066782307,4607.36825053755,1265
9913.0,2306,0,0,0,6.131941854236769,1141.6240242844754,4608.087989376891,1267
9914.0,2305,0,0,1,6.162342514478328,1141.7522776572669,4610.006114244345,1268
9915.0,2305,0,0,0,6.19388782543709,1141.5583514099783,4610.720929613798,1267
9916.0,2304,0,0,1,6.217935245016303,1141.9735243055557,4610.678134771711,1257
9917.0,2303,0,0,1,6.25427580049677,1142.427702996092,4611.487130232495,1250
9918.0,2302,0,0,1,6.280343259041726,1142.8861859252825,4613.536698411854,1240
9919.0,2302,0,0,0,6.28991647607917,1142.8905299739356,4614.243463279823,1236
9920.0,2302,0,0,0,6.281612453298078,1143.0916594265855,4614.950019647514,1238
9921.0,2301,0,0,1,6.283250961792415,1143.5319426336375,4615.379262425716,1242
9922.0,2301,0,0,0,6.279529144554902,1143.638852672751,4616.085688355768,1240
9923.0,2301,0,0,0,6.2767601373344455,1143.618426770969,4616.792844443537,1238
9924.0,2299,0,0,2,6.2634646865610915,1144.7838190517616,4617.54458271238,1243
9925.0,2299,0,0,0,6.272889728070846,1144.9460635058722,4618.251691309484,1244
9926.0,2299,0,0,0,6.274940854208171,1144.7916485428448,4618.95795341665,1238
9927.0,2296,0,0,3,6.259485146766616,1146.1885888501743,4619.913695598622,1236
9928.0,2297,0,1,0,6.254627109709373,1145.5084893339138,4618.609216324282,1220
9929.0,2297,0,0,0,6.237547921830217,1145.4296909011755,4619.316848078077,1225
9930.0,2296,0,0,1,6.195661817094885,1145.8745644599303,4621.5517619888415,1227
9931.0,2296,0,0,0,6.187943583863355,1145.77787456446,4622.262113730655,1223
9932.0,2295,0,0,1,6.165123022303528,1146.307625272331,4623.090430472057,1237
9933.0,2294,0,0,1,6.156324614960956,1146.8138622493461,4623.647845989565,1243
9934.0,2294,0,0,0,6.148494661552577,1146.835658238884,4624.360970869017,1254
9935.0,2295,0,1,0,6.157333968552093,1146.3002178649238,4623.058374068395,1256
9936.0,2295,0,0,0,6.155117198546796,1146.2858387799565,4623.770336606671,1256
9937.0,2295,0,0,0,6.159344240508146,1146.1773420479303,4624.482605397682,1246
9938.0,2295,0,0,0,6.1515831653720525,1146.028322440087,4625.195381562992,1234
9939.0,2296,0,1,0,6.114848206136139,1145.5810104529617,4623.896172690585,1248
9940.0,2296,0,0,0,6.088159276135052,1145.6032229965156,4624.614094558088,1245
9941.0,2296,0,0,0,6.043140836424857,1145.823606271777,4625.335805354601,1251
9942.0,2296,0,0,0,5.993625602922127,1146.1228222996515,4626.060926790045,1271
9943.0,2293,0,0,3,5.949903844539541,1147.865678150894,4629.821988856568,1279
9944.0,2293,0,0,0,5.921509511361703,1148.0388137810728,4630.551059389624,1261
9945.0,2293,0,0,0,5.8847684260645305,1148.2865242040994,4631.283426428406,1262
9946.0,2294,0,1,0,5.840099353226465,1148.0204882301657,4629.999289899582,1269
9947.0,2294,0,0,0,5.815100882276929,1148.079773321709,4630.736379348924,1275
9948.0,2294,0,0,0,5.781497352149047,1148.2519616390584,4631.475162830389,1278
9949.0,2294,0,0,0,5.741432863182455,1148.5278988666084,4632.216881507252,1293
9950.0,2294,0,0,0,5.705376986312113,1148.831734960767,4632.960342356763,1319
9951.0,2295,0,1,0,5.660025214534451,1148.6013071895425,4631.687841887176,1329
9952.0,2294,0,0,1,5.620946158011387,1149.4625108979947,4633.681632263286,1354
9953.0,2294,0,0,0,5.587550716382626,1149.7698343504794,4634.432838917054,1364
9954.0,2295,0,2,1,5.5387760625504,1149.6126361655774,4630.171292085252,1374
9955.0,2295,0,1,1,5.490899142519629,1149.9925925925927,4629.935533184362,1389
9956.0,2294,0,0,1,5.442547119261007,1150.7755013077594,4630.99999672078,1396
9957.0,2293,0,1,2,5.376463430529543,1151.5717400784997,4628.957379683699,1405
9958.0,2293,0,0,0,5.3511611794392255,1151.9188835586567,4629.722528481746,1413
9959.0,2295,0,2,0,5.293865620898701,1151.1995642701525,4626.456043962969,1416
9960.0,2295,0,0,0,5.235438078413914,1151.5721132897604,4627.228932576577,1428
9961.0,2295,0,0,0,5.19692615922467,1151.9790849673202,4628.003413731796,1442
9962.0,2296,0,1,0,5.1650094253331655,1151.884581881533,4626.765342516043,1458
9963.0,2296,0,0,0,5.140966618194027,1152.3362369337979,4627.545113863805,1473
9964.0,2297,0,1,0,5.111513217843488,1152.2002612102742,4626.3122087100355,1485
9965.0,2297,0,0,0,5.075790754061278,1152.6591205920765,4627.097110360016,1501
9966.0,2298,0,1,0,5.030103833347559,1152.5513489991297,4625.871064299766,1506
9967.0,2298,0,0,0,5.0045706888018024,1152.9691035683202,4626.661204534706,1520
9968.0,2299,0,1,0,4.983663420476097,1152.9204001739886,4625.440243958507,1527
9969.0,2298,0,0,1,4.960060722252562,1153.9090513489991,4625.9780397837385,1539
9970.0,2298,0,0,0,4.9476092688057145,1154.4155787641428,4626.773751038415,1549
9971.0,2298,0,0,0,4.928224695723415,1154.9068755439512,4627.5710701188345,1559
9972.0,2298,0,0,0,4.895208243963479,1155.3959965187119,4628.370622940804,1568
9973.0,2299,0,1,0,4.8547456024635895,1155.3936494127881,4627.159219395266,1577
9974.0,2299,0,0,0,4.83561196847096,1155.9460635058722,4627.963005460763,1583
9975.0,2299,0,1,1,4.802384148890826,1156.439756415833,4626.975324689822,1594
9976.0,2299,0,0,0,4.773604096738931,1156.9921705089168,4627.783711009226,1611
9977.0,2299,0,0,0,4.7560385191090315,1157.5424097433668,4628.592898849318,1616
9978.0,2299,0,0,0,4.756131037692895,1158.1187472814267,4629.402561136007,1625
9979.0,2300,0,1,0,4.735576504124296,1158.1913043478262,4628.200474951819,1631
9980.0,2300,0,0,0,4.713787884136081,1158.8021739130436,4629.012751194308,1642
9981.0,2298,0,0,2,4.6684246551289545,1160.4046997389034,4631.757070133598,1650
9982.0,2298,0,0,0,4.641668688969478,1161.023498694517,4632.573244755827,1659
9983.0,2298,0,1,1,4.617024715663831,1161.6544821583987,4632.468557532347,1670
9984.0,2298,0,0,0,4.603695030244159,1162.2528285465623,4633.286305342529,1670
9985.0,2297,0,0,1,4.589521545431597,1163.1941663038747,4632.673930569946,1659
9986.0,2296,0,0,1,4.595011651479481,1164.287456445993,4632.798690689395,1663
9987.0,2295,0,0,1,4.560148785291719,1165.431808278867,4635.023386927515,1676
9988.0,2294,0,0,1,4.555075685672303,1166.5815170008718,4636.506740666147,1688
9989.0,2293,0,0,1,4.5359295404024085,1167.7706061927606,4638.641041352073,1704
9990.0,2293,0,0,0,4.530849822964735,1168.4051460968165,4639.4672931493205,1712
9991.0,2293,0,0,0,4.614362155800971,1166.962930658526,4640.28723055504,1618
9992.0,2293,0,0,0,4.7440200514067845,1165.7509812472742,4641.097994449263,1543
9993.0,2293,0,0,0,4.902208490419108,1164.8469254252072,4641.897973884642,1484
9994.0,2292,0,0,1,5.051350263619945,1164.662739965096,4643.294847721123,1441
9995.0,2291,0,0,1,5.200100715200975,1164.6001745962462,4645.498080317117,1402
9996.0,2290,0,0,1,5.339592863527744,1164.5218340611355,4647.687649487242,1376
9997.0,2290,0,0,0,5.5028498491966005,1163.9689956331877,4648.445973401284,1350
9998.0,2289,0,0,1,5.629391062633387,1164.0755788553954,4649.73970433738,1332
9999.0,2289,0,0,0,5.742939317331483,1163.7304499781565,4650.481725827605,1311
10000.0,2289,0,0,0,5.84918415159266,1163.4294451725643,4651.21738521808,1295
10001.0,2287,0,0,2,5.921171887600067,1164.225185832969,4652.974470957996,1292
10002.0,2286,0,0,1,5.971621260153928,1164.561242344707,4653.848573034,1285
10003.0,2286,0,0,0,6.029011843477913,1164.4251968503936,4654.570207592411,1274
10004.0,2286,0,0,0,6.0645386063108315,1164.0892388451443,4655.289749205403,1263
10005.0,2285,0,0,1,6.084744576122125,1164.2280087527351,4656.019506358848,1260
10006.0,2285,0,0,0,6.104703208343419,1163.895842450766,4656.736157952998,1250
10007.0,2285,0,0,0,6.1228107907464135,1163.7969365426695,4657.451278375451,1245
10008.0,2284,0,0,1,6.150111739095549,1163.9912434325745,4658.211941443754,1240
10009.0,2283,0,0,1,6.173993770668929,1164.4121769601402,4658.701788952514,1229
10010.0,2281,0,0,2,6.181755673941661,1165.3020604997807,4659.6504237717245,1225
10011.0,2281,0,0,0,6.214704484662899,1165.1429197720297,4660.357939727512,1215
10012.0,2280,0,0,1,6.221246249535405,1165.6785087719297,4661.642455403831,1213
10013.0,2280,0,0,0,6.238473365810467,1165.72850877193,4662.348085599308,1217
10014.0,2280,0,0,0,6.276957696812372,1165.5491228070175,4663.0514205876425,1209
10015.0,2279,0,0,1,6.311121680575731,1165.8626590609917,4663.731711833834,1197
10016.0,2279,0,0,0,6.347682795850272,1165.6871434839843,4664.430336278353,1191
10017.0,2278,0,0,1,6.360230078069795,1166.0860403863037,4664.885082174907,1186
10018.0,2279,0,1,0,6.371570364498383,1165.5537516454585,4663.534826009454,1191
10019.0,2279,0,0,0,6.386795787161139,1165.3905221588416,4664.2302542691405,1184
10020.0,2278,0,0,1,6.3782603987204896,1166.0,4666.312135113187,1182
10021.0,2278,0,0,0,6.355408280229154,1166.0886742756804,4667.011288730931,1178
10022.0,2278,0,0,0,6.335171961260192,1166.1887620719929,4667.711979454518,1181
10023.0,2277,0,0,1,6.307354352482051,1166.7483530961792,4668.031399480775,1186
10024.0,2277,0,0,0,6.308232246218841,1166.8322353974527,4668.733888537802,1186
10025.0,2277,0,1,1,6.281288869471281,1166.9332454984628,4667.529430588089,1190
10026.0,2277,0,0,0,6.285055772409803,1167.0781730346948,4668.232425286371,1192
10027.0,2277,0,0,0,6.250378093442359,1167.211682037769,4668.937044353817,1204
10028.0,2276,0,0,1,6.209153167886764,1167.816783831283,4670.238331185567,1210
10029.0,2275,0,0,1,6.1852981894376775,1168.3832967032968,4670.424391090147,1223
10030.0,2274,0,0,1,6.162636532753097,1169.0114335971855,4670.690430381656,1218
10031.0,2274,0,1,1,6.118358340854463,1169.103342128408,4669.345656415148,1218
10032.0,2273,0,0,1,6.069006709666172,1169.8222613286405,4669.491733112557,1227
10033.0,2272,0,0,1,6.035028169385843,1170.5770246478874,4669.51060462241,1238
10034.0,2272,0,0,0,5.963300994235169,1170.7856514084508,4670.23424971052,1249
10035.0,2272,0,0,0,5.908520801974774,1171.025528169014,4670.962338358783,1257
10036.0,2273,0,1,0,5.8584604695384055,1170.7140343158821,4669.63830132016,1256
10037.0,2273,0,0,0,5.815816011499088,1170.9357677078751,4670.372303142181,1271
10038.0,2273,0,0,0,5.7818919013080246,1171.1988561372634,4671.1077747818235,1282
10039.0,2272,0,0,1,5.737496826875059,1171.8019366197184,4670.340776395184,1299
10040.0,2272,0,0,0,5.689761740007448,1172.0554577464789,4671.0830179250715,1310
10041.0,2273,0,2,1,5.62990782878113,1171.813462384514,4667.617032844859,1329
10042.0,2272,0,0,1,5.590696448827237,1172.574383802817,4667.652874545886,1338
10043.0,2272,0,0,0,5.557937012773026,1172.8705985915492,4668.4027156054635,1350
10044.0,2272,0,1,1,5.513321440831134,1173.261883802817,4668.67347082799,1364
10045.0,2272,0,1,1,5.450781298080934,1173.619718309859,4667.567062449058,1377
10046.0,2273,0,1,0,5.409776720072853,1173.5116586009678,4666.271933320927,1392
10047.0,2273,0,1,1,5.3373302288294076,1173.7712274527057,4665.085498287965,1407
10048.0,2273,0,1,1,5.2774473455369915,1174.249450065992,4664.545808611231,1427
10049.0,2273,0,0,0,5.232195109521187,1174.730752309723,4665.316143721112,1450
10050.0,2274,0,1,0,5.202811497154215,1174.6776605101143,4664.0366819038545,1466
10051.0,2275,0,2,1,5.14274132971548,1174.5635164835164,4661.618914777159,1472
10052.0,2275,0,0,0,5.096559470213585,1175.018901098901,4662.398754642613,1486
10053.0,2275,0,1,1,5.078317337910969,1175.511208791209,4661.1375422577,1496
10054.0,2274,0,0,1,5.054496526364732,1176.3790677220757,4663.146037355507,1493
10055.0,2276,0,2,0,5.030390708841963,1175.7117750439368,4659.833046875705,1504
10056.0,2276,0,1,1,4.990644461671727,1176.1014938488577,4659.123202735735,1514
10057.0,2276,0,1,1,4.959454685833397,1176.469244288225,4657.977340611813,1526
10058.0,2276,0,0,0,4.936344898329305,1176.9275043936732,4658.768655622149,1534
10059.0,2277,0,1,0,4.9118198218974225,1176.9169960474308,4657.515010654689,1546
10060.0,2276,0,0,1,4.880893267797485,1177.884446397188,4658.821084944748,1553
10061.0,2277,0,1,0,4.865988379484759,1177.8418972332015,4657.570820064453,1566
10062.0,2278,0,1,0,4.839354697657477,1177.8129938542581,4656.324734224637,1578
10063.0,2277,0,0,1,4.799715225565875,1178.8173034694773,4656.380670299393,1581
10064.0,2276,0,0,1,4.761846901384267,1179.8369947275924,4657.09818513374,1585
10065.0,2278,0,2,0,4.739052271485118,1179.291922739245,4653.81457506036,1593
10066.0,2278,0,0,0,4.719592068857734,1179.7467076382793,4654.6219931070455,1603
10067.0,2278,0,0,0,4.70133650081224,1180.2827041264268,4655.431187234714,1612
10068.0,2279,0,1,0,4.685410504546493,1180.286090390522,4654.197731058868,1619
10069.0,2279,0,0,0,4.664547227957594,1180.849495392716,4655.009068131894,1634
10070.0,2279,0,0,0,4.650378634886812,1181.4199210179904,4655.8210322845325,1640
10071.0,2279,0,0,0,4.6372103517969085,1181.975427819219,4656.63457772348,1645
10072.0,2279,0,0,0,4.634268027865319,1182.5559455901712,4657.448223734937,1654
10073.0,2278,0,0,1,4.610562155780878,1183.578138718174,4658.161768048933,1658
10074.0,2278,0,0,0,4.602410612367965,1184.1742756804215,4658.977510845709,1664
10075.0,2278,0,0,0,4.594911664049746,1184.671202809482,4659.793726793203,1666
10076.0,2277,0,0,1,4.579136787989067,1185.824769433465,4662.092470726399,1678
10077.0,2277,0,0,0,4.5620703628743,1186.483970136144,4662.910641947859,1686
10078.0,2275,0,0,2,4.5298899291162344,1188.1850549450548,4663.526594640251,1695
10079.0,2275,0,0,0,4.5081277442891174,1188.821978021978,4664.348356205701,1703
10080.0,2275,0,0,0,4.474872047616096,1189.4452747252747,4665.171856335159,1711
10081.0,2275,0,0,0,4.526763825515358,1188.2918681318681,4665.991998018846,1625
10082.0,2275,0,0,0,4.628619625513846,1187.6386813186814,4666.804569531993,1570
10083.0,2274,0,0,1,4.765682255417441,1187.5395778364116,4667.125419231585,1520
10084.0,2274,0,0,0,4.9330943617630885,1187.193051890941,4667.917457481081,1468
10085.0,2271,0,0,3,5.102835112561809,1188.1796565389695,4670.844913614977,1420
10086.0,2268,0,0,3,5.264014876949611,1189.4929453262787,4669.876458149787,1385
10087.0,2268,0,0,0,5.409884766788923,1189.3068783068784,4670.634143008858,1364
10088.0,2267,0,0,1,5.529011538207948,1189.532862814292,4670.9199107996,1341
10089.0,2266,0,0,1,5.638195824095567,1189.9651368049426,4672.480776321387,1325
10090.0,2266,0,0,0,5.735216979456404,1189.8146513680495,4673.21684346198,1305
10091.0,2265,0,0,1,5.815544200099844,1190.3174392935982,4674.776474102716,1301
10092.0,2264,0,0,1,5.86349121978677,1190.7941696113073,4675.342244414344,1288
10093.0,2264,0,0,0,5.943777756761285,1190.6678445229682,4676.062386029189,1261
10094.0,2263,0,0,1,5.995705347841629,1191.0821917808219,4677.655947025864,1254
10095.0,2261,0,0,2,6.046999427250939,1192.1826625386998,4677.5494422912925,1247
10096.0,2261,0,0,0,6.076676882710894,1192.1609907120744,4678.260844789266,1232
10097.0,2260,0,0,1,6.106207274039678,1192.7,4678.722938317414,1229
10098.0,2259,0,0,1,6.131276054485687,1193.1195219123506,4680.728276822684,1225
10099.0,2258,0,0,1,6.138876036360546,1193.6970770593446,4681.664124390914,1219
10100.0,2258,0,0,0,6.126247586034143,1193.8033658104516,4682.3722770358145,1223
10101.0,2257,0,0,1,6.124913391799921,1194.3845813026142,4682.739296892708,1219
10102.0,2256,0,0,1,6.136853023901852,1194.9024822695035,4684.789580737589,1212
10103.0,2254,0,0,2,6.150368897581645,1196.0053238686778,4684.976584661074,1207
10104.0,2253,0,0,1,6.152057526580459,1196.6267199289837,4686.09643077967,1201
10105.0,2252,0,0,1,6.163251019457408,1197.2508880994671,4686.983002628566,1211
10106.0,2252,0,0,0,6.167430223455281,1197.3396980461812,4687.6878062528895,1198
10107.0,2253,0,1,0,6.168178065689002,1196.9112294718154,4686.31154808278,1207
10108.0,2254,0,1,0,6.18245226904419,1196.4689440993789,4684.935741856517,1206
10109.0,2254,0,0,0,6.198256592247008,1196.5727595385981,4685.638615339405,1196
10110.0,2252,0,0,2,6.167996251178033,1197.7659857904084,4685.72999063367,1194
10111.0,2252,0,1,1,6.165303354812891,1197.8867673179395,4684.453912526789,1187
10112.0,2251,0,0,1,6.158499794531695,1198.6143936028432,4686.438115480981,1190
10113.0,2252,0,1,0,6.14935612759561,1198.1887211367673,4685.062864633607,1192
10114.0,2251,0,0,1,6.136141820586433,1198.8862727676587,4685.812680153615,1204
10115.0,2251,0,0,0,6.131208561122344,1199.0470901821413,4686.520097552955,1203
10116.0,2251,0,1,1,6.124590592806956,1199.2021323856063,4685.203464721854,1213
10117.0,2249,0,0,2,6.131494567998601,1200.38950644731,4685.513904873189,1214
10118.0,2249,0,1,1,6.107457167418259,1200.4766562916852,4683.985453231037,1218
10119.0,2248,0,0,1,6.072276993977913,1201.1730427046264,4684.525052852017,1224
10120.0,2248,0,0,0,6.043871099482314,1201.3229537366549,4685.240555620851,1222
10121.0,2247,0,0,1,6.0011518861646005,1202.0396083667113,4686.254038507211,1230
10122.0,2247,0,0,0,5.954818246038442,1202.223408989764,4686.976818523127,1235
10123.0,2247,0,0,0,5.904575185300026,1202.5709835336004,4687.703035075854,1242
10124.0,2247,0,0,0,5.83961159131547,1202.8887405429462,4688.433958734869,1256
10125.0,2248,0,1,0,5.766588325740877,1202.6801601423488,4687.084366514404,1273
10126.0,2248,0,0,0,5.705249409754847,1202.928380782918,4687.825245458383,1277
10127.0,2247,0,0,1,5.6497793779044,1203.8317757009345,4687.341504185958,1298
10128.0,2247,0,0,0,5.6268531054083715,1204.1726746773477,4688.086977131179,1314
10129.0,2247,0,0,0,5.613657901880378,1204.5175789942145,4688.833681258317,1332
10130.0,2247,0,0,0,5.590783083981671,1204.8727191811304,4689.582332721434,1345
10131.0,2247,0,0,0,5.527484679847424,1205.279038718291,4690.335411752025,1362
10132.0,2247,0,0,0,5.4910864975046625,1205.5696484201158,4691.090091419291,1367
10133.0,2249,0,2,0,5.438996637488481,1204.7683414851044,4687.675894176729,1375
10134.0,2248,0,0,1,5.399481946120067,1205.6192170818506,4687.8011956363825,1383
10135.0,2246,0,0,2,5.3396509627388795,1207.139358860196,4687.5868732636345,1415
10136.0,2246,0,0,0,5.295024536226141,1207.5650044523597,4688.355293933021,1424
10137.0,2245,0,0,1,5.229878900927537,1208.575946547884,4689.058188144365,1453
10138.0,2245,0,0,0,5.206361630491305,1209.0579064587973,4689.83371339013,1466
10139.0,2245,0,0,0,5.158666740020029,1209.5496659242763,4690.612657217605,1476
10140.0,2245,0,0,0,5.110218105670568,1210.1420935412027,4691.3953198515455,1499
10141.0,2246,0,1,0,5.073761093773132,1210.0151380231523,4690.09149977838,1503
10142.0,2246,0,0,0,5.043550943166227,1210.5480854853072,4690.879478528318,1515
10143.0,2246,0,0,0,5.041656542987821,1210.987088156723,4691.667743580165,1524
10144.0,2246,0,0,0,5.03292462522792,1211.3837934105077,4692.457349002573,1533
10145.0,2247,0,1,0,5.012684936848924,1211.2955051179351,4691.16047081215,1540
10146.0,2247,0,0,0,4.9971446475499866,1211.7449933244325,4691.9531796136425,1548
10147.0,2248,0,1,0,4.977238680076122,1211.6499110320285,4690.660299877401,1553
10148.0,2248,0,0,0,4.968570765759996,1212.1975088967972,4691.45583615111,1573
10149.0,2248,0,0,0,4.955073545151824,1212.7072953736654,4692.252776871808,1578
10150.0,2247,0,0,1,4.929181758100959,1213.7734757454384,4693.622954725101,1581
10151.0,2245,0,0,2,4.892412088962648,1215.3942093541202,4697.028160489537,1588
10152.0,2246,0,1,0,4.86030293894407,1215.2635796972395,4695.740367276813,1594
10153.0,2246,0,0,0,4.840647254894357,1215.693232413179,4696.545927997164,1599
10154.0,2246,0,0,0,4.816716960502291,1216.1607301869992,4697.352599721007,1608
10155.0,2246,0,0,0,4.7897638123684,1216.5961709706144,4698.161363324037,1619
10156.0,2244,0,0,2,4.747818220739234,1218.1608734402853,4698.87285127908,1632
10157.0,2244,0,0,0,4.729972175079131,1218.6911764705883,4699.685594888465,1643
10158.0,2242,0,0,2,4.706347616848752,1220.2011596788582,4702.0727152946865,1628
10159.0,2243,0,1,0,4.691358250973613,1220.172090949621,4700.7921892478535,1632
10160.0,2243,0,0,0,4.6575876468636475,1220.6932679447168,4701.610826503834,1642
10161.0,2241,0,0,2,4.6252161560617235,1222.2088353413656,4704.225862940273,1650
10162.0,2241,0,0,0,4.637369610240361,1222.6015171798304,4705.045477980856,1642
10163.0,2239,0,0,2,4.609844851813241,1224.1214828048235,4706.035606414541,1641
10164.0,2239,0,0,0,4.610363973574292,1224.6391246092005,4706.855172079795,1646
10165.0,2239,0,0,0,4.57180645583068,1225.1907101384547,4707.678115847833,1652
10166.0,2239,0,0,0,4.5437074882503,1225.7284502009825,4708.50304046929,1657
10167.0,2238,0,0,1,4.510010205405553,1226.8310991957105,4708.882028584401,1663
10168.0,2238,0,0,0,4.499879083767769,1227.4436997319035,4709.7097139897,1678
10169.0,2237,0,0,1,4.473470748712025,1228.6128743853376,4710.75015622038,1684
10170.0,2236,0,0,1,4.467610430965925,1229.7558139534883,4712.102677353257,1690
10171.0,2236,0,0,0,4.545056688298991,1228.330053667263,4712.926078474253,1612
10172.0,2236,0,0,0,4.659394618334737,1227.29114490161,4713.741784777612,1546
10173.0,2235,0,0,1,4.778408023263016,1226.924832214765,4714.026596381105,1487
10174.0,2235,0,0,0,4.9450800055781015,1226.1749440715885,4714.823187356467,1436
10175.0,2233,0,0,2,5.115744122249468,1226.7107030900133,4716.922890386775,1405
10176.0,2232,0,0,1,5.307452152831867,1226.8010752688172,4718.229819877553,1382
10177.0,2231,0,0,1,5.494445975349454,1226.7978484984312,4720.030509477192,1343
10178.0,2231,0,0,0,5.657439893295491,1226.368892873151,4720.781460359296,1315
10179.0,2230,0,0,1,5.782438469284624,1226.4829596412555,4721.842234889666,1294
10180.0,2229,0,0,1,5.900600062669826,1226.5558546433379,4722.738888105333,1275
10181.0,2229,0,0,0,5.993364605784778,1226.1318977119784,4723.466405541935,1259
10182.0,2229,0,0,0,6.07180881572228,1225.7568416330193,4724.188674253395,1250
10183.0,2227,0,0,2,6.115417101292602,1226.5635383924562,4724.393270698945,1242
10184.0,2226,0,0,1,6.158931584439709,1226.851302785265,4725.086084070738,1239
10185.0,2225,0,0,1,6.195316869355532,1227.1788764044943,4725.255340705799,1240
10186.0,2224,0,0,1,6.2400301929654125,1227.5193345323742,4726.40179121988,1237
10187.0,2223,0,0,1,6.29413974373749,1227.9712100764732,4727.627726930247,1229
10188.0,2223,0,0,0,6.327596995899509,1227.6990553306343,4728.3302185141365,1223
10189.0,2223,0,0,0,6.364533704856192,1227.4313990103465,4729.030830419898,1218
10190.0,2223,0,0,0,6.392036211291712,1227.162393162393,4729.730020860785,1216
10191.0,2221,0,0,2,6.401142105121617,1227.8770823953175,4729.311248214274,1208
10192.0,2221,0,0,0,6.391122101910777,1227.6339486717695,4730.011007999618,1208
10193.0,2221,0,0,0,6.3959487779377895,1227.5839711841513,4730.710445254618,1214
10194.0,2221,0,0,0,6.375964037835303,1227.5488518685277,4731.410782944456,1212
10195.0,2220,0,0,1,6.370895684819906,1227.9806306306307,4732.208165378293,1205
10196.0,2219,0,0,1,6.372071329171499,1228.375844975214,4732.934841660928,1199
10197.0,2218,0,0,1,6.382461984348067,1228.6677186654645,4733.413882905087,1198
10198.0,2218,0,1,1,6.396757084036315,1228.4359783588818,4731.810471270265,1193
10199.0,2217,0,0,1,6.402067143407873,1228.5963013080739,4733.994958900048,1177
10200.0,2217,0,0,0,6.395651976874396,1228.574199368516,4734.693314018806,1174
10201.0,2216,0,0,1,6.379024681943718,1229.023916967509,4736.164415840294,1177
10202.0,2215,0,0,1,6.358729612303233,1229.5223476297967,4738.515416921059,1175
10203.0,2214,0,0,1,6.325950233858765,1229.7375790424571,4739.931108624744,1183
10204.0,2215,0,1,0,6.276354085304901,1229.2158013544017,4738.496083455107,1186
10205.0,2215,0,0,0,6.242466421665894,1229.0356659142212,4739.203924825812,1191
10206.0,2213,0,0,2,6.218896611248704,1230.0366018978762,4740.285382460615,1190
10207.0,2212,0,0,1,6.199176883782193,1230.4624773960218,4740.376313267357,1186
10208.0,2211,0,0,1,6.20174709991755,1230.6919945725915,4741.640423125719,1178
10209.0,2210,0,0,1,6.175075108273801,1231.1054298642534,4741.807062078104,1187
10210.0,2211,0,1,0,6.147871222850238,1230.3830845771145,4740.37456056834,1176
10211.0,2211,0,0,0,6.128936422948171,1230.3401175938488,4741.0886353941405,1173
10212.0,2211,0,0,0,6.101361106879668,1230.2189054726368,4741.805578477226,1177
10213.0,2211,0,0,0,6.061634052672242,1230.3256445047489,4742.525968827039,1184
10214.0,2211,0,0,0,6.0263909315115765,1230.5165083672546,4743.249637835688,1190
10215.0,2211,0,0,0,5.981584018290292,1230.5002261420173,4743.977877733945,1194
10216.0,2212,0,1,0,5.939544792192787,1229.8544303797469,4742.563573100029,1195
10217.0,2211,0,0,1,5.898055786372582,1230.1836273179556,4742.778391944035,1198
10218.0,2211,0,0,0,5.894810461752405,1230.3464495703302,4743.512778668948,1205
10219.0,2210,0,0,1,5.847861138736625,1230.816742081448,4743.551466593759,1217
10220.0,2209,0,0,1,5.816357194154262,1231.1846989588048,4745.0763884145335,1228
10221.0,2209,0,0,0,5.784637727356692,1231.341330918968,4745.818255114542,1252
10222.0,2209,0,1,1,5.75882374345946,1231.4404708012676,4743.8508453956565,1257
10223.0,2209,0,0,0,5.736005122987812,1231.8112267994568,4744.596583659559,1282
10224.0,2210,0,2,1,5.70224733707483,1231.676923076923,4740.452881943956,1308
10225.0,2210,0,0,0,5.668976780572571,1232.014479638009,4741.202794007371,1320
10226.0,2208,0,0,2,5.614636433829115,1233.404438405797,4742.846378533209,1338
10227.0,2208,0,0,0,5.547390197269342,1233.648097826087,4743.603404847834,1341
10228.0,2207,0,1,2,5.466487924892539,1234.5478024467602,4742.459215487398,1363
10229.0,2208,0,1,0,5.393179009235082,1234.3654891304348,4741.0773603909565,1378
10230.0,2210,0,2,0,5.33807864405952,1233.6371040723982,4737.556522726378,1387
10231.0,2210,0,0,0,5.28663191422814,1233.947511312217,4738.329430469367,1394
10232.0,2211,0,1,0,5.245458309088971,1233.8312980551786,4736.961868739283,1407
10233.0,2210,0,0,1,5.1862691171845645,1234.852036199095,4737.8499771474235,1426
10234.0,2210,0,0,0,5.166975834273432,1235.1782805429864,4738.631297232602,1436
10235.0,2211,0,1,0,5.1499885679496655,1235.1411126187245,4737.270480503511,1454
10236.0,2210,0,0,1,5.1254935399875645,1236.2226244343892,4738.881037975072,1475
10237.0,2212,0,2,0,5.097757578373204,1235.6008137432189,4735.381336541326,1486
10238.0,2212,0,1,1,5.070200891203251,1236.112115732369,4734.734616087036,1497
10239.0,2212,0,1,1,5.032089291760651,1236.623869801085,4734.657223620855,1495
10240.0,2211,0,0,1,5.013382689112323,1237.724106739032,4736.156398544929,1509
10241.0,2211,0,0,0,4.991501184560389,1238.2948891904116,4736.950645896028,1516
10242.0,2210,0,0,1,4.98301960163982,1239.2285067873304,4739.354067498485,1527
10243.0,2212,0,2,0,4.9739120528152485,1238.6546112115732,4735.864529978633,1537
10244.0,2211,0,0,1,4.945331965537443,1239.7706919945726,4736.934501788415,1547
10245.0,2212,0,1,0,4.924971324191281,1239.766274864376,4735.592747814072,1555
10246.0,2212,0,0,0,4.885574474235186,1240.3286618444847,4736.396088806746,1564
10247.0,2211,0,0,1,4.847457438416427,1241.4468566259611,4738.828982461238,1569
10248.0,2212,0,1,0,4.8220415213394245,1241.4751356238698,4737.493316875593,1578
10249.0,2212,0,2,2,4.790762152547805,1242.0348101265822,4735.904361901179,1582
10250.0,2212,0,0,0,4.783427340814098,1242.5691681735987,4736.712965487845,1586
10251.0,2212,0,0,0,4.774928478362609,1243.015370705244,4737.522857378173,1592
10252.0,2211,0,0,1,4.756511512425468,1244.0470375395748,4736.669210042885,1590
10253.0,2210,0,0,1,4.733654667669573,1245.1307692307691,4739.118384803186,1602
10254.0,2210,0,0,0,4.708064439412924,1245.7036199095023,4739.931991084308,1608
10255.0,2209,0,0,1,4.6682308094123695,1246.8605703938433,4740.816120710424,1622
10256.0,2209,0,0,0,4.650314924752045,1247.4472612041648,4741.632321002521,1630
10257.0,2208,0,0,1,4.631458166060139,1248.5086050724638,4742.090545408861,1632
10258.0,2208,0,0,0,4.6267732449326235,1249.1295289855072,4742.908590678343,1648
10259.0,2207,0,0,1,4.619276323784764,1250.2193022202084,4743.676275578944,1642
10260.0,2207,0,0,0,4.6196316246966305,1250.8799275033982,4744.494687510649,1647
10261.0,2206,0,0,1,4.719038629472782,1250.096554850408,4745.782147438833,1554
10262.0,2204,0,0,2,4.839500628416101,1250.3675136116153,4746.953899508305,1489
10263.0,2203,0,0,1,4.991516042215894,1250.266000907853,4746.948575520726,1436
10264.0,2202,0,0,1,5.167448636202221,1250.3151680290646,4747.805735752728,1404
10265.0,2201,0,0,1,5.347830345584423,1250.4843253066788,4749.546801352048,1370
10266.0,2201,0,0,0,5.518518167759543,1250.1912766924124,4750.305579458573,1338
10267.0,2200,0,0,1,5.683936525455752,1250.3972727272728,4752.102847292687,1300
10268.0,2198,0,0,2,5.818340129268406,1251.2233848953595,4751.434897461426,1280
10269.0,2197,0,0,1,5.930314277866086,1251.4915794264907,4752.388296962517,1245
10270.0,2196,0,0,1,6.019610385389409,1251.8142076502731,4753.32790127054,1233
10271.0,2196,0,0,0,6.081369375664192,1251.6898907103825,4754.048197305749,1224
10272.0,2196,0,0,0,6.139683032679875,1251.5523679417122,4754.76435771555,1215
10273.0,2196,0,0,0,6.192931421698674,1251.436703096539,4755.476619698004,1212
10274.0,2195,0,0,1,6.238931616359598,1251.9339407744874,4755.680032358612,1210
10275.0,2194,0,0,1,6.275210886170137,1252.4804010938924,4757.563371910847,1209
10276.0,2193,0,0,1,6.301731580898574,1252.8458732330141,4759.918734681541,1194
10277.0,2193,0,0,0,6.320245026800873,1252.7560419516644,4760.621411258027,1180
10278.0,2192,0,0,1,6.323236222662691,1253.2600364963503,4762.129280426753,1176
10279.0,2191,0,0,1,6.335922218183123,1253.7558192606116,4761.328006580006,1162
10280.0,2192,0,1,0,6.3736521872379015,1253.203010948905,4759.852884592734,1152
10281.0,2192,0,0,0,6.386857417664413,1253.1564781021898,4760.5501125610135,1154
10282.0,2191,0,0,1,6.403108516124134,1253.782747603834,4760.46614743866,1150
10283.0,2191,0,1,1,6.400269918768774,1253.6809675947056,4759.888337390884,1142
10284.0,2190,0,0,1,6.405849014310376,1254.2301369863014,4759.973152458906,1139
10285.0,2190,0,0,0,6.4060184472307675,1254.1995433789955,4760.666928673218,1124
10286.0,2191,0,1,0,6.402630085440381,1253.6102236421725,4759.186861439436,1126
10287.0,2191,0,0,0,6.382639697800393,1253.6088544043816,4759.882217904338,1117
10288.0,2190,0,0,1,6.352359155328733,1254.0858447488583,4761.422003501624,1122
10289.0,2190,0,0,0,6.347876527496076,1254.0383561643835,4762.119327406941,1122
10290.0,2189,0,0,1,6.332793058920822,1254.6505253540429,4762.187612036311,1131
10291.0,2190,0,1,0,6.349894449231792,1254.1356164383562,4760.710536605622,1130
10292.0,2190,0,0,0,6.358028569944841,1254.1415525114155,4761.408764238832,1123
10293.0,2188,0,0,2,6.324997612671484,1255.241773308958,4763.067666357648,1119
10294.0,2188,0,0,0,6.32689951670683,1255.3025594149908,4763.768794864294,1116
10295.0,2188,0,0,0,6.311187086312255,1255.2431444241315,4764.470845435992,1114
10296.0,2188,0,1,1,6.309568512524965,1255.1736745886653,4764.660693304061,1119
10297.0,2188,0,1,1,6.297533313712984,1255.251828153565,4763.596572142935,1136
10298.0,2188,0,0,0,6.288193894548852,1255.265996343693,4764.299908110797,1125
10299.0,2188,0,0,0,6.251162603918993,1255.3729433272395,4765.006031579661,1119
10300.0,2188,0,0,0,6.217712976981355,1255.6000914076783,4765.7138764710435,1147
10301.0,2188,0,0,0,6.181448150859328,1255.7289762340038,4766.424294175123,1145
10302.0,2188,0,0,0,6.149480620975665,1255.8519195612432,4767.137158369783,1143
10303.0,2189,0,1,0,6.088478162877197,1255.4636820465967,4765.675975724674,1150
10304.0,2189,0,0,0,6.003436348516053,1255.761078117862,4766.399809275807,1163
10305.0,2189,0,0,0,5.945297476048157,1256.047510278666,4767.126079968975,1177
10306.0,2188,0,0,1,5.888893886340118,1256.9049360146253,4767.929125061075,1200
10307.0,2188,0,0,0,5.85371665970899,1257.143967093236,4768.661415149127,1209
10308.0,2188,0,0,0,5.820263521303763,1257.3610603290676,4769.396725910127,1219
10309.0,2187,0,0,1,5.7757996963607265,1258.1943301326016,4771.543567399735,1228
10310.0,2186,0,0,1,5.721105324855533,1259.0228728270815,4771.219273364608,1244
10311.0,2186,0,0,0,5.698612770142386,1259.2657822506862,4771.963322234567,1247
10312.0,2184,0,1,3,5.645466040052047,1260.7119963369964,4769.982552340075,1264
10313.0,2181,0,0,3,5.598822855629123,1262.7693718477763,4770.500289229822,1285
10314.0,2182,0,1,0,5.562433644809359,1262.524747937672,4769.064734936492,1292
10315.0,2181,0,0,1,5.5097421917124505,1263.4974782209995,4771.092431955532,1311
10316.0,2181,0,0,0,5.467709465986906,1263.8794131132508,4771.84963056342,1323
10317.0,2181,0,1,1,5.398482504897559,1264.2948188904172,4771.193531126575,1332
10318.0,2181,0,0,0,5.322936959416282,1264.7042640990371,4771.959010858547,1339
10319.0,2181,0,1,1,5.258560966628731,1265.1201283814764,4771.418652379536,1353
10320.0,2182,0,2,1,5.2168211053334,1264.9761686526124,4767.633329119518,1369
10321.0,2181,0,0,1,5.176938450565594,1265.9899128839982,4768.441963959942,1381
10322.0,2181,0,0,0,5.14484057214907,1266.4662998624485,4769.218101341675,1395
10323.0,2181,0,0,0,5.11925512740046,1266.9569005043559,4769.996854593911,1402
10324.0,2182,0,1,0,5.090471693279913,1266.7479376718607,4768.591213170367,1408
10325.0,2183,0,1,0,5.051271510285822,1266.6294090700871,4767.190659082211,1420
10326.0,2183,0,0,0,5.009232183106571,1267.132844709116,4767.977360401434,1430
10327.0,2184,0,1,0,4.9764028608203095,1267.0050366300366,4766.583113846808,1447
10328.0,2183,0,0,1,4.935344447396673,1268.0444342647731,4767.169645408243,1453
10329.0,2181,0,0,2,4.893646670729382,1269.6740027510316,4767.867189159912,1459
10330.0,2180,0,0,1,4.856371382790925,1270.6922018348623,4768.68332826194,1472
10331.0,2180,0,2,2,4.81049508944863,1271.276146788991,4768.133463932387,1484
10332.0,2180,0,0,0,4.789141169780923,1271.7871559633027,4768.934359698957,1489
10333.0,2180,0,0,0,4.776541318777432,1272.2784403669725,4769.736275165182,1498
10334.0,2181,0,1,0,4.755421453324726,1272.223292067859,4768.353142024117,1509
10335.0,2181,0,0,0,4.740353709475427,1272.7285648784962,4769.159427815006,1527
10336.0,2181,0,0,0,4.737110338607812,1273.2219165520403,4769.9663083502455,1528
10337.0,2183,0,2,0,4.738882213179676,1272.5249656436097,4766.402323640999,1534
10338.0,2184,0,1,0,4.727477135436874,1272.4917582417581,4765.027553888395,1540
10339.0,2184,0,0,0,4.720983225671162,1272.934065934066,4765.836060304234,1542
10340.0,2183,0,0,1,4.71483702691748,1273.9569399908382,4766.48115539315,1549
10341.0,2184,0,1,0,4.690156627952956,1273.8347069597069,4765.107199477391,1548
10342.0,2184,0,0,0,4.672109399586974,1274.4358974358975,4765.916750429118,1558
10343.0,2183,0,0,1,4.654009086118702,1275.5849748053138,4768.39064758527,1558
10344.0,2183,0,0,0,4.64630451125771,1276.18094365552,4769.201072739636,1565
10345.0,2183,0,0,0,4.646300875823342,1276.7654603756298,4770.010911830206,1562
10346.0,2183,0,0,0,4.633973925599263,1277.3289051763627,4770.821928446053,1564
10347.0,2183,0,0,0,4.602247606144853,1277.767750801649,4771.635217162005,1572
10348.0,2182,0,0,1,4.566500853619984,1278.864344637947,4770.881336198495,1576
10349.0,2181,0,0,1,4.530211793653582,1279.9523154516278,4772.120123506457,1580
10350.0,2181,0,0,0,4.522289472806129,1280.4896836313617,4772.937882041932,1594
10351.0,2181,0,0,0,4.591862250984607,1279.2544704264099,4773.750061758332,1514
10352.0,2181,0,0,0,4.698593910907433,1278.4346629986244,4774.55538805776,1457
10353.0,2180,0,0,1,4.815960744602478,1278.5160550458716,4774.43512054477,1420
10354.0,2180,0,0,0,4.9684838647561715,1278.119266055046,4775.220602221304,1379
10355.0,2178,0,0,2,5.123873538241019,1279.0440771349863,4775.531023493572,1356
10356.0,2178,0,0,0,5.31032029840988,1278.8673094582186,4776.294065456814,1323
10357.0,2178,0,0,0,5.484559308503375,1278.6919191919192,4777.045487119457,1302
10358.0,2177,0,0,1,5.637834781510414,1279.0891134588883,4779.476739947317,1281
10359.0,2175,0,0,2,5.749956092411835,1280.1319540229886,4783.4421649732585,1262
10360.0,2174,0,0,1,5.859933763797688,1280.763109475621,4784.1622926429445,1246
10361.0,2173,0,0,1,5.943109347120524,1281.4652554072711,4783.769502095396,1239
10362.0,2171,0,0,2,6.016293944077497,1282.622754491018,4783.282687415148,1230
10363.0,2172,0,1,0,6.074852959976478,1282.0630755064458,4781.792450708601,1224
10364.0,2170,0,0,2,6.117480070170037,1283.1294930875576,4782.387864685456,1211
10365.0,2170,0,0,0,6.193405693807303,1282.9161290322581,4783.093325103564,1193
10366.0,2170,0,0,0,6.261284039821352,1282.8594470046082,4783.795020787913,1189
10367.0,2169,0,0,1,6.301135991023248,1283.377132319041,4785.048014332589,1174
10368.0,2169,0,0,0,6.356309508241744,1283.1609036422315,4785.7451951455305,1161
10369.0,2169,0,0,0,6.404790813528082,1283.0401106500692,4786.440318391271,1156
10370.0,2168,0,0,1,6.405876874175093,1283.6309963099632,4788.821564285157,1146
10371.0,2168,0,0,0,6.420310913489615,1283.5498154981549,4789.515181470593,1135
10372.0,2168,0,0,0,6.425461117378739,1283.5470479704798,4790.208689949598,1128
10373.0,2168,0,0,0,6.419954703893375,1283.4820110701107,4790.901758655745,1112
10374.0,2168,0,0,0,6.418460713054909,1283.429889298893,4791.594587824797,1110
10375.0,2167,0,0,1,6.386080409301814,1283.9963082602676,4791.769621083581,1106
10376.0,2168,0,1,0,6.36679176593187,1283.4580258302583,4790.253892137091,1104
10377.0,2167,0,0,1,6.36403221324447,1284.021227503461,4790.741410191717,1102
10378.0,2167,0,0,0,6.358796802836481,1284.027226580526,4791.43698938735,1102
10379.0,2167,0,0,0,6.334174029564263,1284.1024457775727,4792.133542209587,1102
10380.0,2166,0,0,1,6.298164896953243,1284.7659279778393,4792.632298605551,1104
10381.0,2165,0,0,1,6.302025746057002,1285.3214780600463,4793.162220688125,1099
10382.0,2165,0,0,0,6.288348273274153,1285.2836027713627,4793.861059552995,1099
10383.0,2165,0,1,1,6.283039443013285,1285.2896073903003,4792.368758818991,1103
10384.0,2164,0,0,1,6.269759597411862,1285.938077634011,4791.452786935601,1106
10385.0,2162,0,0,2,6.259921244357039,1287.2622571692878,4792.73335608755,1113
10386.0,2162,0,0,0,6.245171382844782,1287.4098057354302,4793.43596004578,1113
10387.0,2161,0,0,1,6.229834062407228,1288.051365108746,4794.025025332549,1114
10388.0,2162,0,1,0,6.220561967306394,1287.5716928769657,4792.5118190622525,1113
10389.0,2162,0,0,0,6.189048339070907,1287.6419981498611,4793.218474319569,1116
10390.0,2162,0,0,0,6.160977139516397,1287.7937095282145,4793.927448762114,1116
10391.0,2162,0,0,0,6.123983714056481,1287.8894542090657,4794.638718669415,1128
10392.0,2162,0,1,1,6.07818326811924,1288.1128584643848,4791.623999951219,1133
10393.0,2162,0,0,0,6.038917228134299,1288.2335800185015,4792.340828219147,1139
10394.0,2163,0,1,0,5.977888721752912,1287.9348127600554,4790.845734173337,1145
10395.0,2163,0,0,0,5.945332321453359,1288.280628756357,4791.570258283349,1156
10396.0,2163,0,0,0,5.925976454731735,1288.5376791493297,4792.296275970879,1170
10397.0,2162,0,0,1,5.899017974582935,1289.327474560592,4792.88856168425,1183
10398.0,2162,0,0,0,5.877281714902908,1289.659574468085,4793.618239240235,1204
10399.0,2162,0,0,0,5.811449846704332,1289.9856614246069,4794.353280730481,1222
10400.0,2162,0,0,0,5.756338613583153,1290.2585568917668,4795.092527660115,1233
10401.0,2163,0,1,0,5.710136726705802,1289.9935275080907,4793.617966673603,1259
10402.0,2164,0,1,0,5.656416746079778,1289.761090573013,4792.148393061683,1270
10403.0,2164,0,1,1,5.6160941809316665,1290.1215341959335,4790.030519861269,1285
10404.0,2163,0,0,1,5.5683491867406465,1291.0540915395284,4790.224775003289,1301
10405.0,2164,0,1,0,5.5355881834384055,1290.887707948244,4788.766961829536,1314
10406.0,2162,0,0,2,5.497371297006178,1292.4949121184088,4791.340612855207,1327
10407.0,2160,0,0,2,5.475580727048692,1294.0805555555555,4794.8533654740295,1339
10408.0,2160,0,1,1,5.454100347233226,1294.5023148148148,4793.550422771194,1354
10409.0,2160,0,0,0,5.422821874089352,1294.9699074074074,4794.314222385928,1370
10410.0,2160,0,0,0,5.397662440210111,1295.4726851851851,4795.079771966121,1386
10411.0,2161,0,1,0,5.372092143277477,1295.3762147154096,4793.6280157825695,1394
10412.0,2162,0,1,0,5.340542177315722,1295.2016651248844,4792.180177331439,1404
10413.0,2162,0,0,0,5.3012592000557985,1295.6521739130435,4792.953553042503,1403
10414.0,2163,0,1,0,5.278547503987314,1295.4743411927877,4791.512053041724,1417
10415.0,2163,0,0,0,5.2615082996884555,1295.8853444290337,4792.2889039471565,1431
10416.0,2163,0,0,0,5.254698358358076,1296.235783633842,4793.0663197506,1426
10417.0,2165,0,2,0,5.232736468992052,1295.4055427251733,4789.417199961074,1433
10418.0,2165,0,0,0,5.204159293138363,1295.786143187067,4790.198792962453,1444
10419.0,2165,0,0,0,5.166558538596001,1296.2568129330255,4790.982817694778,1461
10420.0,2165,0,1,1,5.117314238236131,1296.7224018475752,4789.152145140619,1473
10421.0,2164,0,0,1,5.054511700271776,1297.7828096118299,4790.613275638895,1475
10422.0,2165,0,1,0,5.043508497112988,1297.7394919168592,4789.193110887039,1488
10423.0,2165,0,0,0,5.032225386789376,1298.2558891454964,4789.986119548665,1497
10424.0,2166,0,1,0,5.020796931988712,1298.197137580794,4788.568957032366,1500
10425.0,2166,0,0,0,5.014297214505521,1298.7377654662973,4789.364529958103,1512
10426.0,2166,0,0,0,5.013082041157697,1299.2576177285318,4790.160953300547,1513
10427.0,2167,0,1,0,4.998629968708156,1299.169820027688,4788.747452372014,1518
10428.0,2167,0,0,0,4.978802684658764,1299.7032764190124,4789.546475894039,1514
10429.0,2166,0,0,1,4.957920567887389,1300.859649122807,4790.2322923197,1526
10430.0,2167,0,1,0,4.9353607153018295,1300.7854176280573,4788.824519205225,1535
10431.0,2168,0,1,0,4.93510330270727,1300.6416051660517,4787.418630293446,1541
10432.0,2167,0,0,1,4.912274763355892,1301.8380249192433,4789.918152070431,1545
10433.0,2167,0,0,0,4.899149411552717,1302.4097831102906,4790.723820107767,1555
10434.0,2167,0,0,0,4.904481855214295,1302.9455468389478,4791.52886484547,1554
10435.0,2167,0,0,0,4.904641665999591,1303.465159206276,4792.334492164573,1563
10436.0,2167,0,0,0,4.902388523871159,1303.948315643747,4793.140419917087,1558
10437.0,2167,0,0,0,4.887530386323217,1304.5639132441163,4793.946877006483,1566
10438.0,2167,0,0,0,4.885653729983287,1305.0359944623904,4794.753633620195,1567
10439.0,2167,0,0,0,4.87252254269389,1305.5800646054454,4795.561342228213,1566
10440.0,2166,0,0,1,4.861876015311549,1306.8125577100645,4798.07415306872,1579
10441.0,2166,0,0,0,4.952871786593802,1305.4810710987997,4798.87638815578,1492
10442.0,2165,0,0,1,5.064245595255137,1305.133025404157,4799.615124605114,1434
10443.0,2165,0,0,0,5.189884722157814,1304.5662817551963,4800.399837698552,1377
10444.0,2165,0,0,0,5.330209810108678,1304.1145496535796,4801.174682139441,1342
10445.0,2164,0,0,1,5.487163099166453,1304.3987985212568,4802.453192645476,1315
10446.0,2164,0,0,0,5.652488411763201,1304.0817929759705,4803.20558329386,1285
10447.0,2164,0,0,0,5.808137575831739,1303.8484288354898,4803.947837826859,1267
10448.0,2164,0,0,0,5.943510045610313,1303.5822550831792,4804.680661725755,1245
10449.0,2163,0,0,1,6.064606836481881,1304.0360610263524,4805.779398544327,1224
10450.0,2163,0,0,0,6.171225647939709,1304.0480813684696,4806.49657206767,1215
10451.0,2162,0,0,1,6.255513512570923,1304.4805735430157,4807.047422453497,1203
10452.0,2161,0,0,1,6.312836178329169,1305.0222119389173,4808.300361297805,1191
10453.0,2160,0,0,1,6.349470044614775,1305.5458333333333,4810.338965474662,1186
10454.0,2160,0,0,0,6.396363321545392,1305.512962962963,4811.040172408156,1188
10455.0,2159,0,0,1,6.436598321605001,1305.967114404817,4810.938262527827,1178
10456.0,2158,0,0,1,6.458722171867677,1306.3429101019462,4813.325848787072,1155
10457.0,2158,0,0,0,6.5079486674144205,1306.187673772011,4814.018399132845,1150
10458.0,2158,0,0,0,6.505413027898834,1306.0741427247451,4814.711286308405,1142
10459.0,2157,0,0,1,6.519988503056415,1306.6309689383402,4815.394394070633,1131
10460.0,2156,0,0,1,6.512255436343223,1307.198051948052,4817.804930483345,1127
10461.0,2156,0,0,0,6.519382265646788,1307.2555658627086,4818.495830494076,1127
10462.0,2156,0,0,0,6.515662326029431,1307.360853432282,4819.186687197124,1129
10463.0,2156,0,0,0,6.511996350594414,1307.3153988868276,4819.877666472034,1121
10464.0,2155,0,0,1,6.503208982304057,1307.939675174014,4818.9915671852095,1120
10465.0,2155,0,0,0,6.495816376072213,1307.7141531322507,4819.682601928487,1103
10466.0,2156,0,1,0,6.477852389550721,1307.0347866419295,4818.138232504545,1100
10467.0,2156,0,0,0,6.442594621583866,1307.093228200371,4818.832486687606,1116
10468.0,2154,0,0,2,6.416360049626649,1308.3444753946146,4821.650599851605,1113
10469.0,2151,0,0,3,6.402118500069358,1310.262668526267,4823.774707556033,1112
10470.0,2150,0,0,1,6.39382123531336,1310.960465116279,4824.377800096169,1121
10471.0,2150,0,0,0,6.406365572131028,1311.0362790697675,4825.073682092651,1114
10472.0,2150,0,0,0,6.392726296438292,1311.0297674418605,4825.771216122922,1118
10473.0,2151,0,1,0,6.381541344493233,1310.3807531380753,4824.225455467857,1123
10474.0,2150,0,0,1,6.375223398417984,1311.0111627906977,4823.414501402837,1129
10475.0,2150,0,0,0,6.36499452719988,1311.0846511627908,4824.114618331132,1136
10476.0,2150,0,0,0,6.381120219298434,1311.139069767442,4824.813849790751,1129
10477.0,2151,0,1,0,6.39638610668835,1310.6550441655045,4823.26842449038,1135
10478.0,2149,0,0,2,6.399250044442759,1312.0902745463006,4823.633380544982,1140
10479.0,2149,0,0,0,6.395567458357654,1312.2345276872963,4824.333305851709,1143
10480.0,2148,0,0,1,6.350449355485379,1312.9585661080075,4825.024490898699,1136
10481.0,2148,0,0,0,6.335393551764631,1313.1485102420856,4825.729462074219,1142
10482.0,2148,0,0,0,6.312064942672703,1313.3119180633148,4826.435671907354,1137
10483.0,2149,0,1,0,6.284904661969939,1312.9395067473242,4824.897501076749,1139
10484.0,2149,0,0,0,6.241423634246614,1313.1591437878083,4825.60920725697,1142
10485.0,2149,0,0,0,6.19345906569981,1313.4290367612844,4826.325141226136,1161
10486.0,2149,0,0,0,6.162791160070908,1313.7440670079106,4827.043663183102,1166
10487.0,2149,0,0,0,6.117296314848187,1313.9716147045137,4827.765022375151,1175
10488.0,2149,0,0,0,6.06626745805828,1314.16100511866,4828.490415662963,1177
10489.0,2148,0,0,1,6.023224245518745,1315.0391061452515,4830.947596482232,1196
10490.0,2147,0,0,1,5.990898895672886,1315.9259431765254,4833.415536950183,1214
10491.0,2145,0,0,2,5.935419634085985,1317.4391608391609,4836.357222351774,1220
10492.0,2145,0,1,1,5.897201470930113,1317.7724941724941,4834.350171994906,1235
10493.0,2145,0,1,1,5.849662486208468,1318.1892773892773,4833.131860470883,1255
10494.0,2145,0,0,0,5.83863118108229,1318.641958041958,4833.871308998015,1276
10495.0,2145,0,1,1,5.804269022990676,1318.9650349650349,4832.258491491423,1286
10496.0,2145,0,0,0,5.767721604255827,1319.4153846153847,4833.003690472728,1301
10497.0,2145,0,1,1,5.726167379608921,1319.8013986013987,4831.04943434275,1310
10498.0,2144,0,0,1,5.68312832251686,1320.790578358209,4830.342749035133,1310
10499.0,2145,0,1,0,5.649590392337535,1320.4489510489511,4828.843774770679,1323
10500.0,2144,0,0,1,5.611654412586197,1321.4580223880596,4828.086759008882,1334
10501.0,2145,0,1,0,5.583615971960233,1321.2778554778554,4826.593817240467,1345
10502.0,2146,0,1,0,5.526022085777705,1321.0274930102516,4825.106447847232,1357
10503.0,2146,0,1,1,5.464812809241909,1321.4627213420317,4824.479926759534,1366
10504.0,2145,0,0,1,5.42736399210181,1322.437296037296,4825.203241514773,1370
10505.0,2147,0,2,0,5.381274476305223,1321.720540288775,4821.479772413426,1388
10506.0,2148,0,1,0,5.344479797879193,1321.558193668529,4820.008721637048,1407
10507.0,2148,0,0,0,5.3238011261176235,1322.008379888268,4820.784151484344,1418
10508.0,2149,0,1,0,5.31219454496626,1321.780362959516,4819.318033316535,1418
10509.0,2149,0,0,0,5.311186249589986,1322.1340158213122,4820.0947764320235,1416
10510.0,2149,0,1,1,5.295359869971791,1322.6095858538856,4817.668192597086,1424
10511.0,2149,0,0,0,5.277276209269202,1323.0865518845974,4818.446877320756,1431
10512.0,2150,0,2,1,5.266387597515364,1322.933488372093,4814.001518869462,1432
10513.0,2150,0,0,0,5.24152998256683,1323.4544186046512,4814.783842078382,1441
10514.0,2151,0,1,0,5.2181110519937715,1323.370990237099,4813.328647856734,1454
10515.0,2151,0,0,0,5.191462254966863,1323.8884239888423,4814.115485212648,1463
10516.0,2151,0,1,1,5.182158839459735,1324.3328684332869,4811.567083993738,1469
10517.0,2152,0,1,0,5.173725127786437,1324.2397769516729,4810.119716542473,1478
10518.0,2151,0,0,1,5.1427668002115965,1325.369130636913,4810.378968782092,1489
10519.0,2151,0,0,0,5.122575717439891,1325.9377033937703,4811.171591403348,1502
10520.0,2152,0,1,0,5.11632813972146,1325.8220260223047,4809.728250419496,1506
10521.0,2152,0,0,0,5.103650376646145,1326.392657992565,4810.5229342433595,1513
10522.0,2153,0,1,0,5.109142306664037,1326.3460287970274,4809.083154519003,1518
10523.0,2153,0,0,0,5.112569232396662,1326.9228982814677,4809.878210660064,1526
10524.0,2152,0,0,1,5.070453947339861,1328.006970260223,4812.3973312592,1527
10525.0,2151,0,0,1,5.030452417505809,1329.1947931194793,4814.888238201856,1529
10526.0,2149,0,0,2,4.987471293011358,1331.0614239181014,4816.813849072292,1544
10527.0,2149,0,0,0,4.963400301560191,1331.678920428106,4817.617364506141,1549
10528.0,2148,0,0,1,4.924908779142613,1332.9180633147114,4817.48724695741,1557
10529.0,2148,0,0,0,4.916463274413082,1333.542364990689,4818.293482683551,1569
10530.0,2147,0,0,1,4.884614087060575,1334.798789007918,4820.831044640342,1576
10531.0,2147,0,0,0,4.947196927967056,1333.3674895202607,4821.633086310743,1484
10532.0,2147,0,0,0,5.053253508811824,1332.3376804843967,4822.428114293511,1419
10533.0,2146,0,0,1,5.173682479872702,1332.1295433364398,4823.0094287242755,1369
10534.0,2145,0,0,1,5.346178472900154,1332.107226107226,4823.272772040331,1336
10535.0,2145,0,0,0,5.512419590871533,1331.6554778554778,4824.035857210001,1307
10536.0,2145,0,0,0,5.651352597314474,1331.1426573426572,4824.7890378503835,1278
10537.0,2144,0,0,1,5.793706930508385,1331.3992537313434,4824.521567720413,1260
10538.0,2144,0,0,0,5.931010703480856,1331.0839552238806,4825.254790364893,1235
10539.0,2144,0,0,0,6.062487054987167,1330.7765858208954,4825.978492278722,1221
10540.0,2144,0,0,0,6.158017553167041,1330.3432835820895,4826.695957530611,1194
10541.0,2143,0,0,1,6.249462330224017,1330.5879608026132,4828.032190982129,1184
10542.0,2143,0,0,0,6.324021149609088,1330.2197853476434,4828.738741225003,1168
10543.0,2142,0,0,1,6.393306305852706,1330.9435107376285,4830.8883763087,1166
10544.0,2140,0,0,2,6.453303149738672,1331.87523364486,4832.11620119682,1160
10545.0,2140,0,0,0,6.520378595990797,1331.8621495327102,4832.808898325611,1147
10546.0,2139,0,0,1,6.540292968539829,1332.3338008415146,4832.911148869696,1141
10547.0,2137,0,0,2,6.554053026970066,1333.3425362657931,4833.015574264567,1131
10548.0,2136,0,0,1,6.56407230953362,1333.7972846441949,4834.86652455107,1123
10549.0,2135,0,0,1,6.565737451761483,1334.4131147540984,4835.614832173107,1126
10550.0,2134,0,0,1,6.54687853533186,1334.8289597000937,4836.290539054609,1116
10551.0,2134,0,0,0,6.580753824864751,1334.8116213683224,4836.978291782571,1113
10552.0,2133,0,0,1,6.591675864063161,1335.5100796999532,4837.5461263286725,1105
10553.0,2132,0,0,1,6.592775327159019,1336.2621951219512,4837.976858840086,1100
10554.0,2129,0,0,3,6.576177071891997,1338.1747299201504,4837.272585468226,1105
10555.0,2129,0,0,0,6.560899491337884,1338.2874589008925,4837.959591420027,1105
10556.0,2128,0,1,2,6.541958455779039,1339.0338345864661,4837.275325931175,1112
10557.0,2128,0,0,0,6.528837058168076,1339.0864661654136,4837.962899541338,1113
10558.0,2127,0,0,1,6.518993549273959,1339.8095909732017,4838.145510124522,1114
10559.0,2127,0,0,0,6.499948698607061,1339.8613070051715,4838.835298666663,1110
10560.0,2127,0,0,0,6.466500785065745,1339.9473436765397,4839.527970554267,1106
10561.0,2127,0,0,0,6.4612251700455,1340.0606488011283,4840.220730891089,1115
10562.0,2127,0,0,0,6.448068130426929,1340.236483309826,4840.915120981309,1111
10563.0,2127,0,0,0,6.4479882049902,1340.2853784673248,4841.609234214684,1125
10564.0,2126,0,0,1,6.467046746202354,1341.0042333019755,4843.088075378038,1119
10565.0,2127,0,1,0,6.474699878853382,1340.3798777621062,4841.505204235337,1116
10566.0,2127,0,0,0,6.479336848101143,1340.3939821344618,4842.199723462262,1111
10567.0,2125,0,0,2,6.4699122080884015,1341.7242352941175,4841.163732111518,1109
10568.0,2125,0,1,1,6.456180849692223,1341.8145882352942,4838.98625051458,1105
10569.0,2125,0,0,0,6.444420234623465,1341.9990588235294,4839.683784273622,1105
10570.0,2124,0,0,1,6.428412535073745,1342.7514124293784,4841.729319539064,1105
10571.0,2124,0,0,0,6.402222993251732,1342.9788135593221,4842.430363471321,1116
10572.0,2124,0,0,0,6.343569436495871,1343.3258003766477,4843.135004936222,1124
10573.0,2122,0,0,2,6.276975076049961,1344.9222431668238,4845.394854259919,1134
10574.0,2123,0,1,0,6.206434513261413,1344.621290626472,4843.823954389014,1140
10575.0,2122,0,0,1,6.137370791517263,1345.5692742695571,4844.377826000855,1149
10576.0,2122,0,0,0,6.094773212936071,1345.9184731385485,4845.098018714603,1164
10577.0,2122,0,0,0,6.047761737694262,1346.2163053722902,4845.822341418347,1177
10578.0,2122,0,0,0,6.016184933696857,1346.4910461828463,4846.5481700803575,1189
10579.0,2122,0,0,0,5.97552104663888,1346.7794533459,4847.276837895926,1196
10580.0,2122,0,0,0,5.945437959796493,1347.088124410933,4848.008826377372,1216
10581.0,2124,0,2,0,5.917886616645018,1346.2052730696798,4844.176811809952,1228
10582.0,2123,0,0,1,5.883345333925424,1347.1427225624118,4845.807078717985,1240
10583.0,2124,0,1,0,5.851236244750029,1346.9129001883239,4844.264223138393,1254
10584.0,2123,0,1,2,5.792553491025241,1347.951012717852,4841.8977774990735,1276
10585.0,2120,0,0,3,5.721697948356467,1350.2419811320756,4840.208983683674,1288
10586.0,2119,0,1,2,5.674408796468398,1351.2439830108542,4838.003341329809,1306
10587.0,2117,0,0,2,5.620496462281578,1352.8804912612186,4837.3389161221985,1313
10588.0,2116,0,0,1,5.5875207461338325,1353.8856332703213,4838.358614231871,1326
10589.0,2116,0,1,1,5.5562493666145105,1354.3289224952741,4836.046200238877,1343
10590.0,2116,0,0,0,5.522049239182399,1354.8331758034026,4836.808131901121,1350
10591.0,2117,0,1,0,5.481422537969005,1354.638167217761,4835.287659699384,1361
10592.0,2118,0,1,0,5.447560075645222,1354.4338999055713,4833.771993220542,1374
10593.0,2118,0,0,0,5.4079671329447,1354.8777148253068,4834.543076611475,1377
10594.0,2118,0,0,0,5.385819811456796,1355.2960339943343,4835.316137559911,1391
10595.0,2119,0,1,0,5.365253962319935,1355.1264747522416,4833.808762861899,1407
10596.0,2118,0,0,1,5.31705573413426,1356.2327667610953,4834.639622749411,1417
10597.0,2119,0,1,0,5.278622243311441,1356.0363378952336,4833.137136962249,1429
10598.0,2120,0,1,0,5.260625349946632,1355.6783018867925,4831.638407922996,1429
10599.0,2120,0,0,0,5.2440607111104205,1356.0523584905661,4832.420118862536,1425
10600.0,2119,0,0,1,5.231147031448918,1356.9966965549788,4834.978125984746,1432
10601.0,2118,0,0,1,5.188353215890545,1357.9631728045326,4835.4451103277515,1438
10602.0,2120,0,2,0,5.171618678914115,1357.1575471698113,4831.671726204224,1451
10603.0,2121,0,1,0,5.137272913843405,1356.8859028760019,4830.185360395675,1457
10604.0,2122,0,1,0,5.123863683260285,1356.7035815268614,4828.701977592424,1468
10605.0,2122,0,0,0,5.115097366930916,1357.2092365692743,4829.497041876665,1479
10606.0,2122,0,0,0,5.099626480530356,1357.6578699340246,4830.293773887791,1493
10607.0,2123,0,1,0,5.092346549071818,1357.567593028733,4828.816363278508,1498
10608.0,2124,0,1,0,5.077797524229801,1357.4383239171375,4827.341852346676,1500
10609.0,2124,0,1,1,5.057353462136699,1357.9825800376648,4827.6101263402625,1510
10610.0,2125,0,1,0,5.032380859127381,1357.9585882352942,4826.139497102989,1523
10611.0,2125,0,0,0,5.014075255370199,1358.5877647058824,4826.943118439037,1531
10612.0,2126,0,1,0,4.994054500035652,1358.5178739416745,4825.477644356885,1536
10613.0,2126,0,0,0,4.966921175397298,1359.1382878645343,4826.284534629881,1548
10614.0,2127,0,1,0,4.953167994567688,1359.0122237893747,4824.823602087893,1548
10615.0,2126,0,0,1,4.932636263067646,1360.2615239887111,4827.384391363427,1559
10616.0,2126,0,0,0,4.921048193292396,1360.783160865475,4828.194979436516,1559
10617.0,2125,0,0,1,4.896108555857024,1362.0018823529413,4830.749261113024,1568
10618.0,2123,0,0,2,4.8546033835176265,1363.8586905322657,4831.503860002784,1574
10619.0,2123,0,0,0,4.838995239466063,1364.5134243994348,4832.318718071881,1582
10620.0,2123,0,0,0,4.805108425464545,1365.1493170042393,4833.135082815874,1597
10621.0,2123,0,0,0,4.872307911523138,1363.8191238813001,4833.946508997774,1502
10622.0,2123,0,0,0,4.977996449699404,1363.0357983984927,4834.749588873018,1447
10623.0,2123,0,0,0,5.10392686243734,1362.394724446538,4835.544126362703,1390
10624.0,2123,0,0,0,5.27021476968806,1361.9952896844088,4836.326850408149,1360
10625.0,2121,0,0,2,5.459729253296723,1363.033946251768,4835.300320911777,1325
10626.0,2119,0,0,2,5.634076461726623,1364.1665880132139,4834.216669377315,1297
10627.0,2119,0,0,0,5.819634001649775,1363.8857951864086,4834.959773506803,1268
10628.0,2117,0,0,2,5.97324806726964,1365.0434577231931,4835.4388406475355,1240
10629.0,2117,0,0,0,6.094059224180139,1365.0458195559754,4836.162990699368,1224
10630.0,2116,0,0,1,6.177090318376904,1365.7396030245748,4835.568850897814,1212
10631.0,2116,0,0,0,6.275004700436235,1365.7221172022685,4836.280582187442,1196
10632.0,2116,0,0,0,6.341286007348326,1365.6124763705104,4836.987684297444,1187
10633.0,2115,0,0,1,6.392333471049255,1366.2316784869977,4839.380678010183,1177
10634.0,2115,0,0,0,6.44767706069773,1366.2695035460993,4840.078055762663,1172
10635.0,2115,0,0,0,6.490543346551933,1366.28463356974,4840.772652622775,1168
10636.0,2115,0,0,0,6.518635608008605,1366.37304964539,4841.465389960602,1165
10637.0,2115,0,0,0,6.536804668957502,1366.4439716312056,4842.156671872284,1164
10638.0,2115,0,0,0,6.576107857803326,1366.5007092198582,4842.845775155102,1154
10639.0,2114,0,0,1,6.597891381398436,1367.255439924314,4842.992210784702,1155
10640.0,2113,0,0,1,6.635691164892121,1368.006152389967,4843.770520455252,1155
10641.0,2112,0,0,1,6.6649362946754875,1368.7547348484848,4845.6081305993785,1149
10642.0,2110,0,0,2,6.656222733829467,1370.1682464454977,4844.302563503114,1152
10643.0,2109,0,0,1,6.657898307124475,1370.7970602181128,4844.415420411733,1141
10644.0,2109,0,0,0,6.653197595919932,1370.8610715979137,4845.101939097679,1136
10645.0,2108,0,0,1,6.654910878916125,1371.5934535104363,4845.105134173873,1131
10646.0,2109,0,1,0,6.6570506089190555,1370.8843053579897,4843.49318429877,1116
10647.0,2109,0,0,0,6.65227169455846,1370.954954954955,4844.179428696475,1120
10648.0,2109,0,0,0,6.6337664128998295,1370.9990516832622,4844.867547274916,1109
10649.0,2108,0,0,1,6.5850664274369,1371.7907969639468,4846.860762276485,1126
10650.0,2108,0,0,0,6.571105895855594,1371.8515180265654,4847.552365132142,1124
10651.0,2108,0,0,0,6.568402468963527,1371.86669829222,4848.243615458173,1120
10652.0,2108,0,0,0,6.553202965376981,1371.851992409867,4848.935443621548,1114
10653.0,2108,0,0,0,6.557940385473379,1371.8401328273244,4849.6268029745315,1114
10654.0,2107,0,0,1,6.534845771767279,1372.4893213099192,4849.5029857109785,1116
10655.0,2108,0,1,0,6.539704548377139,1371.871442125237,4847.8938648733965,1118
10656.0,2108,0,0,0,6.526634249561166,1371.9516129032259,4848.586845560505,1114
10657.0,2108,0,0,0,6.4819118158958755,1372.0901328273244,4849.282990867461,1124
10658.0,2108,0,0,0,6.443189544381824,1372.2722960151802,4849.982668503046,1132
10659.0,2108,0,0,0,6.403874129126213,1372.472485768501,4850.684583299679,1131
10660.0,2109,0,1,0,6.341428401280908,1372.036036036036,4849.090383136944,1153
10661.0,2109,0,0,0,6.285048153575651,1372.2565196775722,4849.79981446068,1156
10662.0,2109,0,0,0,6.26047497423207,1372.4414414414414,4850.511887856527,1153
10663.0,2109,0,0,0,6.227918534036348,1372.6723565670934,4851.226497776069,1165
10664.0,2109,0,0,0,6.210076790821329,1372.8975817923185,4851.942825069193,1170
10665.0,2110,0,1,0,6.170788330047376,1372.5156398104266,4850.3621622283035,1180
10666.0,2110,0,0,0,6.141636903120035,1372.6407582938389,4851.08385554057,1182
10667.0,2110,0,0,0,6.086185149192924,1372.8014218009478,4851.808267929169,1183
10668.0,2109,0,0,1,6.015606382420214,1373.7321005215742,4853.689712593186,1205
10669.0,2108,0,0,1,5.946789009928359,1374.590607210626,4854.227254737386,1222
10670.0,2107,0,0,1,5.906169021679466,1375.5182724252493,4856.119713088478,1240
10671.0,2106,0,0,1,5.861302689585338,1376.4667616334284,4856.605045522975,1251
10672.0,2106,0,0,0,5.836808033238619,1376.7720797720797,4857.345061784009,1265
10673.0,2106,0,0,0,5.811742750848368,1377.1628679962014,4858.088274388509,1271
10674.0,2106,0,0,0,5.805251572173232,1377.4563152896487,4858.830753750044,1276
10675.0,2107,0,1,0,5.773677175588241,1377.1499762695776,4857.269584298133,1288
10676.0,2106,0,0,1,5.743124468183793,1378.1804368471035,4859.117559463367,1301
10677.0,2106,0,0,0,5.718308516944137,1378.4738841405508,4859.866620575775,1305
10678.0,2106,0,0,0,5.694235427830594,1378.8727445394113,4860.617776602769,1310
10679.0,2106,0,0,0,5.65482990948635,1379.2678062678062,4861.372117565674,1319
10680.0,2106,0,0,0,5.618151597991534,1379.676638176638,4862.130656931544,1333
10681.0,2106,0,1,1,5.586480137645679,1380.0360873694208,4861.321577788847,1338
10682.0,2106,0,0,0,5.571655998272274,1380.4586894586894,4862.083924257504,1351
10683.0,2105,0,0,1,5.5374526547715615,1381.5344418052257,4864.400281353672,1357
10684.0,2105,0,0,0,5.514882441618596,1381.904513064133,4865.166708333386,1365
10685.0,2105,0,0,0,5.486416001022093,1382.3976247030878,4865.935622293636,1377
10686.0,2105,0,0,0,5.464372026488028,1382.8783847980997,4866.70523294217,1388
10687.0,2105,0,0,0,5.441365945893298,1383.3368171021377,4867.4774262647725,1388
10688.0,2106,0,1,0,5.420068903312071,1383.111111111111,4865.939094440559,1395
10689.0,2106,0,1,1,5.391559867624409,1383.6191832858499,4863.851920135795,1405
10690.0,2107,0,1,0,5.365833617885407,1383.4461319411485,4862.320437562123,1413
10691.0,2107,0,0,0,5.343658772951141,1383.9178927384908,4863.099448045277,1418
10692.0,2107,0,0,0,5.323802153080492,1384.3986710963454,4863.880365497575,1428
10693.0,2108,0,1,0,5.3067749860055455,1384.2765654648956,4862.35460746615,1443
10694.0,2109,0,1,0,5.282188026140354,1384.1341868183974,4860.831741389676,1439
10695.0,2109,0,0,0,5.247018625753591,1384.6524419155999,4861.616545583851,1441
10696.0,2110,0,1,0,5.225061682372308,1384.390047393365,4860.098111819772,1443
10697.0,2109,0,0,1,5.18913452553578,1385.5642484589853,4862.658231061591,1450
10698.0,2109,0,0,0,5.1742753420820184,1386.095305832148,4863.447508067824,1458
10699.0,2109,0,1,1,5.149251106596617,1386.5486012328117,4863.700666617497,1464
10700.0,2109,0,0,0,5.141252110205583,1386.978188715031,4864.49140324001,1464
10701.0,2111,0,2,0,5.1468812661262975,1386.1577451444814,4860.672599994575,1469
10702.0,2110,0,0,1,5.127085092329932,1387.2625592417062,4860.712381323518,1468
10703.0,2110,0,1,1,5.095302660491379,1387.7530805687204,4860.976754034053,1480
10704.0,2110,0,0,0,5.075499311317603,1388.2682464454977,4861.772277773052,1482
10705.0,2110,0,1,1,5.05101230291238,1388.7763033175356,4859.788100553087,1489
10706.0,2109,0,0,1,5.057962987993573,1389.9193930772879,4859.108152123898,1493
10707.0,2109,0,0,0,5.067216324825669,1390.4594594594594,4859.905232051758,1499
10708.0,2108,0,1,2,5.063776076553425,1391.725806451613,4858.693130950024,1509
10709.0,2107,0,0,1,5.049724759319845,1392.9876601803512,4857.9958760144555,1510
10710.0,2107,0,0,0,5.053718535411573,1393.5581395348838,4858.795969337011,1516
10711.0,2104,0,0,3,5.128709792631842,1394.2338403041824,4857.229402042932,1432
10712.0,2104,0,0,0,5.25316572013646,1393.412547528517,4858.015660047577,1377
10713.0,2103,0,0,1,5.399228469057876,1393.3290537327628,4857.28954906881,1332
10714.0,2102,0,0,1,5.575923552265194,1393.451950523311,4856.5240971177855,1285
10715.0,2102,0,0,0,5.75506395498165,1393.0751665080875,4857.2774879406,1260
10716.0,2101,0,0,1,5.941652132246342,1393.4811994288434,4856.556899188772,1231
10717.0,2101,0,0,0,6.111224576927955,1393.3193717277486,4857.285588404689,1209
10718.0,2099,0,0,2,6.250025984224312,1394.4425917103383,4858.349172933081,1184
10719.0,2099,0,0,0,6.368533331269544,1394.3149118627919,4859.059171973821,1156
10720.0,2097,0,0,2,6.447291388805223,1395.733905579399,4858.881686844697,1152
10721.0,2096,0,0,1,6.519602396590653,1396.5925572519084,4858.758915004539,1150
10722.0,2095,0,0,1,6.565664645934425,1397.4348448687351,4858.9905489320845,1142
10723.0,2093,0,0,2,6.602855797593668,1398.8265647396083,4857.739141705514,1140
10724.0,2092,0,0,1,6.641656388073753,1399.5540152963672,4857.49007345837,1137
10725.0,2091,0,0,1,6.687579314049284,1400.2042085126734,4856.744166705407,1127
10726.0,2091,0,0,0,6.704816897880526,1400.2300334768054,4857.429785641597,1118
10727.0,2090,0,0,1,6.737449058030761,1400.9693779904305,4857.753033219659,1104
10728.0,2090,0,0,0,6.752897245364214,1401.0296650717703,4858.435694293269,1094
10729.0,2090,0,0,0,6.773053182485823,1401.2267942583733,4859.118015834335,1088
10730.0,2090,0,0,0,6.798671774015868,1401.3368421052633,4859.798191778165,1096
10731.0,2090,0,0,0,6.8445157801375,1401.355023923445,4860.476000253375,1092
10732.0,2089,0,0,1,6.843440911529464,1402.1249401627574,4861.945611144959,1096
10733.0,2089,0,0,0,6.808845866218513,1402.1163235998085,4862.624009861422,1094
10734.0,2089,0,0,0,6.792906248817383,1401.9818094782192,4863.303358349152,1090
10735.0,2089,0,0,0,6.776017384533566,1402.1000478697943,4863.984025220849,1091
10736.0,2088,0,0,1,6.766175337226469,1402.8045977011495,4864.522515496002,1091
10737.0,2089,0,1,0,6.76527548709714,1402.2656773575873,4862.874954883932,1086
10738.0,2089,0,0,0,6.7445881879595255,1402.3164193393968,4863.557932389488,1083
10739.0,2087,0,0,2,6.721171314820114,1403.7733588883566,4865.151941132481,1092
10740.0,2087,0,0,0,6.688952925154197,1403.873981792046,4865.838134182397,1091
10741.0,2087,0,0,0,6.688744921574545,1403.9468136080498,4866.52508027963,1083
10742.0,2086,0,0,1,6.673299999151162,1404.744007670182,4867.312686620462,1080
10743.0,2087,0,1,0,6.651960133193452,1404.1427886919023,4865.670944929611,1087
10744.0,2086,0,0,1,6.5825744701694715,1404.912272291467,4867.431823593712,1095
10745.0,2086,0,0,0,6.566134389357492,1404.9352828379674,4868.128433458082,1094
10746.0,2086,0,0,0,6.560497439669123,1405.0412272291467,4868.825854658926,1093
10747.0,2086,0,0,0,6.5522857168390995,1405.1744966442952,4869.523792552617,1092
10748.0,2086,0,0,0,6.555089571962045,1405.270853307766,4870.222630760845,1099
10749.0,2087,0,1,0,6.559246464902124,1404.7062769525635,4868.587116067743,1106
10750.0,2087,0,0,0,6.529702060540497,1404.8586487781504,4869.288044169628,1102
10751.0,2087,0,0,0,6.501770579158923,1405.0455198850025,4869.990661254152,1115
10752.0,2086,0,0,1,6.467182477267831,1405.8513902205177,4870.672092644406,1111
10753.0,2086,0,0,0,6.428084750068635,1406.0321188878236,4871.3808491304335,1121
10754.0,2085,0,0,1,6.378947012637551,1406.9966426858514,4872.697911073998,1127
10755.0,2086,0,1,0,6.322847574924622,1406.4626078619367,4871.077097230162,1130
10756.0,2085,0,0,1,6.254214817983893,1407.3323741007193,4871.111487298333,1150
10757.0,2084,0,0,1,6.1970099788913,1408.1607485604607,4872.53878307713,1153
10758.0,2084,0,0,0,6.171773225889829,1408.2979846449136,4873.262975158493,1166
10759.0,2084,0,0,0,6.1551171787315955,1408.458253358925,4873.988327966729,1174
10760.0,2082,0,0,2,6.111506250929754,1410.0475504322767,4875.5962710641625,1171
10761.0,2082,0,1,1,6.0657065223285525,1410.3439000960616,4875.03700406369,1183
10762.0,2082,0,1,1,6.0322805924719995,1410.6272814601346,4872.375766051661,1198
10763.0,2081,0,0,1,5.989855671540589,1411.6174915905815,4872.441487297822,1213
10764.0,2081,0,1,1,5.937483050137812,1411.9966362325804,4871.916610020637,1231
10765.0,2080,0,0,1,5.882916758978626,1413.0581730769231,4873.04411512497,1240
10766.0,2081,0,1,0,5.844555897186993,1412.7443536761173,4871.4469523418275,1249
10767.0,2081,0,0,0,5.806086281740375,1413.1359923113887,4872.194640395496,1255
10768.0,2081,0,0,0,5.7647042403838045,1413.5535800096109,4872.9449953212425,1260
10769.0,2082,0,1,0,5.719629236766662,1413.3093179634966,4871.358553487527,1272
10770.0,2082,0,0,0,5.662984658626507,1413.71469740634,4872.116856434995,1283
10771.0,2081,0,0,1,5.6153460589472735,1414.7390677558865,4871.080851967675,1294
10772.0,2082,0,1,0,5.567722564629487,1414.4822286263209,4869.506547831747,1302
10773.0,2081,0,0,1,5.533869015440928,1415.6069197501201,4868.262654687411,1314
10774.0,2081,0,0,0,5.5112504521441865,1416.0494954348871,4869.033180350253,1324
10775.0,2081,0,1,1,5.487473529351403,1416.3834694858242,4867.3505955809105,1326
10776.0,2081,0,0,0,5.482769149121536,1416.7621335896204,4868.123004898779,1326
10777.0,2082,0,1,0,5.46495665678313,1416.577809798271,4866.559243156219,1337
10778.0,2083,0,1,0,5.441470123687781,1416.2659625540086,4864.99960171522,1336
10779.0,2082,0,0,1,5.424790065619869,1417.3578290105668,4865.773032071693,1348
10780.0,2081,0,0,1,5.4073391533887385,1418.4488226814033,4868.277249703071,1357
10781.0,2082,0,1,0,5.3957851032143145,1418.2680115273774,4866.720288836618,1366
10782.0,2080,0,1,3,5.351533223327247,1420.170673076923,4867.187559803759,1382
10783.0,2081,0,1,0,5.3433151291963314,1420.0547813551177,4865.634203556007,1397
10784.0,2080,0,0,1,5.31832195694772,1421.2730769230768,4868.220512434655,1401
10785.0,2079,0,0,1,5.283291091961325,1422.4848484848485,4868.626015724349,1406
10786.0,2079,0,0,0,5.260445448351485,1422.990860990861,4869.416100277302,1404
10787.0,2079,0,0,0,5.244359962045577,1423.4184704184704,4870.206665637411,1403
10788.0,2079,0,0,0,5.239544980900941,1423.962481962482,4870.997425542969,1404
10789.0,2079,0,0,0,5.226101666565162,1424.4300144300144,4871.789157801386,1412
10790.0,2081,0,2,0,5.219439636668673,1423.5901009130225,4867.8977942518595,1415
10791.0,2080,0,0,1,5.18973009063356,1424.7701923076922,4869.265688995173,1421
10792.0,2079,0,0,1,5.169014425514457,1426.047138047138,4870.131360406497,1429
10793.0,2078,0,0,1,5.16214167592744,1427.3209817131858,4871.520273720735,1434
10794.0,2078,0,0,0,5.157709883360726,1427.7800769971127,4872.316941163108,1437
10795.0,2076,0,0,2,5.129033585893256,1429.6960500963391,4873.920783216086,1447
10796.0,2075,0,0,1,5.122343429229862,1430.9546987951808,4876.013730227419,1458
10797.0,2075,0,0,0,5.126108867185938,1431.4660240963856,4876.813054910637,1467
10798.0,2073,0,0,2,5.100176963230367,1433.420164013507,4880.317198178682,1464
10799.0,2073,0,0,0,5.0809803907023054,1434.0057887120115,4881.119083936217,1477
10800.0,2072,0,0,1,5.075678885093701,1435.228281853282,4883.727468312982,1469
10801.0,2071,0,0,1,5.140665711487052,1434.401738290681,4885.071447037546,1384
10802.0,2071,0,0,0,5.271489785405299,1433.522452921294,4885.861571722979,1341
10803.0,2071,0,0,0,5.436111198564378,1432.717527764365,4886.640016061509,1300
10804.0,2071,0,0,0,5.615821564504806,1432.1250603573153,4887.405927787295,1275
10805.0,2071,0,0,0,5.792066926719353,1431.6296475132785,4888.159278348174,1245
10806.0,2070,0,0,1,5.965468050409484,1431.8927536231884,4889.309100231862,1217
10807.0,2069,0,0,1,6.124491939254723,1432.2392460125664,4891.868559578108,1193
10808.0,2069,0,0,0,6.266277099493301,1431.9420009666505,4892.588696731064,1176
10809.0,2069,0,0,0,6.378404765790079,1431.7776703721604,4893.3017473503,1173
10810.0,2068,0,0,1,6.4416599533649626,1432.5058027079303,4894.491611470358,1167
10811.0,2068,0,0,0,6.495438476419248,1432.306576402321,4895.195903862777,1153
10812.0,2067,0,0,1,6.528985821132438,1432.8713110788583,4896.324868330345,1147
10813.0,2066,0,0,1,6.586551965703739,1433.4603097773474,4896.930362587622,1141
10814.0,2066,0,0,0,6.623831155843919,1433.3078412391094,4897.624481453896,1139
10815.0,2066,0,0,0,6.681047542848285,1433.4264278799612,4898.3151261844705,1134
10816.0,2065,0,0,1,6.703202741779637,1433.8832929782081,4898.566043120246,1122
10817.0,2065,0,0,0,6.7397026212777735,1433.693946731235,4899.253187963993,1130
10818.0,2063,0,0,2,6.742586266893299,1434.8647600581678,4897.731582570785,1119
10819.0,2063,0,0,0,6.735983890484631,1434.6543868153176,4898.419117107937,1107
10820.0,2063,0,0,0,6.749535553024735,1434.5748909355307,4899.104714767897,1104
10821.0,2063,0,0,0,6.7544621972661965,1434.3184682501212,4899.790240095874,1094
10822.0,2063,0,0,0,6.758064534119541,1434.1405719825498,4900.47535860908,1083
10823.0,2063,0,0,0,6.752042011099988,1433.8424624333495,4901.160304173667,1078
10824.0,2063,0,0,0,6.749047641647416,1433.6563257392147,4901.845777941963,1078
10825.0,2063,0,0,0,6.75711868538776,1433.4459524963645,4902.528825930578,1090
10826.0,2062,0,0,1,6.721740386442418,1433.9039767216295,4902.498078439965,1081
10827.0,2062,0,0,0,6.721239697457731,1433.9127061105723,4903.183668667434,1072
10828.0,2063,0,1,0,6.700796904444954,1433.0460494425595,4901.492894056918,1082
10829.0,2063,0,0,0,6.693882340184411,1432.905962190984,4902.180920045695,1088
10830.0,2062,0,0,1,6.676020347017881,1433.4747817652765,4903.4384293862995,1088
10831.0,2061,0,0,1,6.653297203205725,1434.0315380883067,4904.0206778799275,1086
10832.0,2061,0,0,0,6.655211313110588,1433.9228529839884,4904.712149521411,1081
10833.0,2061,0,0,0,6.6590635101052875,1434.1397379912664,4905.403498052407,1089
10834.0,2062,0,1,0,6.651333991202639,1433.264306498545,4903.716179089706,1082
10835.0,2062,0,0,0,6.650657044200489,1433.0208535402521,4904.4099121437,1079
10836.0,2062,0,0,0,6.678130810181389,1432.751212415131,4905.10104257638,1073
10837.0,2062,0,0,0,6.691013674823178,1432.6299709020368,4905.792604401512,1077
10838.0,2062,0,0,0,6.686809501134028,1432.7570320077596,4906.483872224559,1087
10839.0,2063,0,1,0,6.667926864730293,1431.9665535627726,4904.798208441352,1089
10840.0,2063,0,0,0,6.646892549883272,1431.974793989336,4905.493099239135,1093
10841.0,2063,0,0,0,6.633637720293039,1432.0072709646147,4906.188430834702,1101
10842.0,2062,0,0,1,6.609926870090862,1432.7235693501455,4908.640014273165,1100
10843.0,2062,0,0,0,6.5647160770579704,1433.0703200775945,4909.340389032041,1109
10844.0,2062,0,1,1,6.495325396870559,1433.1115421920465,4907.660894096304,1120
10845.0,2062,0,0,0,6.429939283872078,1433.3797284190107,4908.370567082425,1131
10846.0,2060,0,0,2,6.362435715913122,1434.419417475728,4910.875396223422,1133
10847.0,2059,0,0,1,6.340487508119967,1435.0140845070423,4911.599095181994,1139
10848.0,2057,0,0,2,6.277301015420749,1436.77588721439,4913.328812576,1161
10849.0,2058,0,1,0,6.246235689261294,1436.097667638484,4911.662596836491,1179
10850.0,2058,0,0,0,6.218257127806313,1436.1720116618076,4912.386314723004,1188
10851.0,2058,0,0,0,6.19276491901145,1436.6068999028182,4913.111749144055,1201
10852.0,2060,0,2,0,6.167448710614207,1435.6291262135921,4909.0687197141915,1214
10853.0,2060,0,1,1,6.133612000479017,1436.1398058252428,4906.520733874095,1230
10854.0,2060,0,0,0,6.098201742572129,1436.578640776699,4907.254609946555,1241
10855.0,2060,0,0,0,6.068545372213933,1437.009708737864,4907.990345916592,1249
10856.0,2059,0,1,2,6.025473576638968,1438.1345313258864,4907.498491542317,1255
10857.0,2060,0,1,0,5.97814712875631,1437.8233009708738,4905.857723430416,1265
10858.0,2060,0,1,1,5.913168809892756,1438.3092233009709,4904.118470830606,1281
10859.0,2060,0,0,0,5.884891914485077,1438.8033980582525,4904.865236465707,1294
10860.0,2060,0,1,1,5.841608259557595,1439.3422330097087,4902.877620931569,1306
10861.0,2061,0,1,0,5.799962491813596,1439.1251819505094,4901.252133108007,1311
10862.0,2062,0,1,0,5.763697988653079,1438.919010669253,4899.630874587962,1328
10863.0,2062,0,0,0,5.751482302923721,1439.3773035887489,4900.387997909497,1340
10864.0,2063,0,2,1,5.727697727311897,1439.0605913717886,4896.899340927783,1339
10865.0,2063,0,0,0,5.696230094697665,1439.4949103247698,4897.660230088894,1349
10866.0,2065,0,2,0,5.681981363137387,1438.5520581113801,4893.678247160561,1351
10867.0,2065,0,0,0,5.662651513579242,1438.9757869249395,4894.441754179393,1358
10868.0,2066,0,1,0,5.642319454013051,1438.7933204259439,4892.838056346502,1364
10869.0,2065,0,0,1,5.601832361046021,1440.041646489104,4895.158249587313,1380
10870.0,2066,0,1,0,5.545594094346401,1439.9012584704744,4893.560609158392,1395
10871.0,2066,0,0,0,5.521497703558855,1440.386737657309,4894.334858722314,1403
10872.0,2067,0,1,0,5.488272578331395,1440.2201257861636,4892.743262662926,1410
10873.0,2067,0,0,0,5.473455541572909,1440.7581035316884,4893.521468477041,1411
10874.0,2068,0,1,0,5.464520501963738,1440.5783365570599,4891.934615448897,1427
10875.0,2068,0,0,0,5.44831549225389,1441.09332688588,4892.71556905514,1433
10876.0,2067,0,0,1,5.439536936784495,1442.2878567972907,4895.318619303291,1440
10877.0,2067,0,0,0,5.429471821287394,1442.9298500241896,4896.100906945328,1453
10878.0,2065,0,0,2,5.402034981684091,1444.8038740920097,4900.3973768370715,1462
10879.0,2065,0,1,1,5.372803414558303,1445.3138014527844,4900.047388726071,1457
10880.0,2065,0,0,0,5.363269170856383,1445.852784503632,4900.834996931937,1466
10881.0,2064,0,0,1,5.3469888911359655,1447.139534883721,4901.470619675359,1469
10882.0,2064,0,0,0,5.336842370775161,1447.7834302325582,4902.260777812709,1478
10883.0,2064,0,0,0,5.3288894702164455,1448.3410852713178,4903.050995202491,1481
10884.0,2063,0,0,1,5.304445077853128,1449.6088221037323,4903.473633297303,1482
10885.0,2063,0,0,0,5.301114350249736,1450.133301017935,4904.267126566895,1484
10886.0,2062,0,0,1,5.266745874753556,1451.4563530552862,4904.187327215659,1488
10887.0,2062,0,0,0,5.258602571579105,1452.0557710960234,4904.984011664684,1498
10888.0,2061,0,0,1,5.232792546214272,1453.4119359534207,4907.62723639589,1499
10889.0,2060,0,0,1,5.21733834078404,1454.7427184466019,4908.723273922458,1508
10890.0,2059,0,0,1,5.207553866679552,1456.067022826615,4911.33611598149,1518
10891.0,2058,0,0,1,5.283899513549772,1455.438775510204,4912.683886839361,1430
10892.0,2057,0,0,1,5.393571019408397,1455.4005833738454,4912.568993366381,1379
10893.0,2056,0,0,1,5.543898040542418,1455.5768482490273,4913.9295125975,1330
10894.0,2056,0,0,0,5.7067028070579,1455.195038910506,4914.697491425003,1296
10895.0,2056,0,0,0,5.899534072111132,1454.7743190661479,4915.4519204984435,1257
10896.0,2056,0,0,0,6.0778820492816275,1454.4844357976654,4916.194875326825,1234
10897.0,2055,0,0,1,6.2443848900541985,1454.9002433090025,4917.957260307531,1218
10898.0,2055,0,0,0,6.395833873452439,1454.6321167883211,4918.679053688701,1200
10899.0,2055,0,0,0,6.507588194461566,1454.403406326034,4919.39441591031,1190
10900.0,2055,0,0,0,6.608670357993972,1454.2710462287105,4920.1025997781335,1184
10901.0,2055,0,0,0,6.67392602196086,1454.1571776155718,4920.806748113646,1180
10902.0,2055,0,0,0,6.736001158815654,1453.8306569343065,4921.5060766003535,1158
10903.0,2055,0,0,0,6.781752162400023,1453.5216545012165,4922.202125177051,1147
10904.0,2054,0,0,1,6.8342161534328705,1453.8821811100293,4921.424803318303,1136
10905.0,2054,0,0,0,6.850869768358608,1453.5462512171373,4922.116532135394,1129
10906.0,2053,0,0,1,6.8695440688002725,1454.1534339990258,4922.133561118023,1127
10907.0,2053,0,0,0,6.883681349334955,1453.857282026303,4922.822266248384,1120
10908.0,2053,0,0,0,6.92729671546893,1453.6005845104726,4923.507869892522,1114
10909.0,2053,0,0,0,6.956766535429114,1453.269361909401,4924.192249628934,1104
10910.0,2052,0,0,1,6.973256292633794,1453.5740740740741,4926.710141894975,1097
10911.0,2051,0,0,1,6.966077949016723,1453.984397854705,4927.606640415588,1095
10912.0,2050,0,0,1,6.960331702555094,1454.541463414634,4927.647912952825,1093
10913.0,2050,0,1,1,6.944265370827515,1454.1946341463415,4926.069753511456,1088
10914.0,2049,0,0,1,6.930094265557698,1454.7140068326012,4926.591203861612,1081
10915.0,2047,0,0,2,6.904571143374446,1455.9062042012702,4927.653566576062,1086
10916.0,2046,0,1,2,6.853260382037717,1456.6451612903227,4926.610577159841,1091
10917.0,2045,0,0,1,6.821034808288622,1457.1031784841075,4927.040154213423,1078
10918.0,2045,0,0,0,6.813532151624207,1456.8493887530562,4927.72808564116,1076
10919.0,2044,0,0,1,6.806549465369767,1457.4158512720157,4928.08200506196,1075
10920.0,2044,0,0,0,6.810168634244552,1457.1961839530334,4928.770415930309,1073
10921.0,2044,0,0,0,6.820429967500226,1456.9094911937377,4929.458480795977,1065
10922.0,2044,0,1,1,6.798451941286791,1456.6893346379647,4927.462697787946,1063
10923.0,2044,0,0,0,6.771180829587737,1456.4603718199608,4928.154069916576,1060
10924.0,2043,0,0,1,6.78021968809988,1457.1713166911404,4927.715685159076,1066
10925.0,2042,0,0,1,6.764815043730919,1457.7002938295789,4927.7104899700735,1057
10926.0,2040,0,1,3,6.74901591043888,1459.2269607843136,4929.508220002049,1063
10927.0,2039,0,0,1,6.751532937443964,1459.8871996076507,4930.881106208344,1063
10928.0,2038,0,0,1,6.734666929501221,1460.6251226692837,4930.739253605648,1068
10929.0,2037,0,1,2,6.698566288660476,1461.351497299951,4931.123939250464,1078
10930.0,2035,0,0,2,6.63974802624039,1462.9695331695332,4929.645224416343,1072
10931.0,2035,0,0,0,6.633230324684302,1462.8791154791154,4930.348997734239,1073
10932.0,2036,0,1,0,6.630817983742403,1461.9484282907663,4928.631330643322,1075
10933.0,2036,0,0,0,6.6145947100623905,1461.9056974459725,4929.337651660236,1084
10934.0,2036,0,0,0,6.585578266859643,1461.7848722986248,4930.0464042633175,1087
10935.0,2037,0,1,0,6.543423738054487,1461.0481099656358,4928.337287193608,1098
10936.0,2037,0,0,0,6.506796149736769,1461.0643102601866,4929.05350807736,1106
10937.0,2036,0,0,1,6.451603951307953,1461.9941060903732,4929.507408111819,1122
10938.0,2035,0,0,1,6.445513903235312,1462.4289926289925,4929.788046350093,1120
10939.0,2035,0,0,0,6.419604275774023,1462.62457002457,4930.511238240736,1134
10940.0,2035,0,0,0,6.398380963544967,1462.6255528255529,4931.23587197896,1145
10941.0,2036,0,1,0,6.364594255419076,1461.9248526522592,4929.540143855397,1152
10942.0,2035,0,1,2,6.325400047528816,1462.5955773955775,4928.541496093578,1159
10943.0,2034,0,0,1,6.318588794689575,1463.4149459193707,4929.412943734513,1172
10944.0,2032,0,0,2,6.305368807464942,1465.1712598425197,4931.1591445913855,1184
10945.0,2031,0,1,2,6.289657955844899,1465.97341211226,4927.972219539496,1189
10946.0,2031,0,1,1,6.270611673051006,1466.0221565731167,4927.28337819167,1199
10947.0,2030,0,0,1,6.227283794390227,1467.0305418719213,4927.642612661958,1211
10948.0,2030,0,0,0,6.191119730551543,1467.3724137931035,4928.381000181288,1218
10949.0,2030,0,1,1,6.147299139110608,1467.6802955665025,4926.553656809702,1233
10950.0,2030,0,0,0,6.126127066445576,1467.9635467980295,4927.296209883656,1237
10951.0,2030,0,0,0,6.115729140950369,1468.2610837438424,4928.038442093633,1249
10952.0,2029,0,0,1,6.076752309045433,1469.3622474125184,4930.617221856098,1249
10953.0,2030,0,1,0,6.0463542177002045,1468.989655172414,4928.935389604144,1256
10954.0,2030,0,0,0,6.019167265575261,1469.2093596059112,4929.685120159265,1259
10955.0,2029,0,0,1,5.976594552322393,1470.1419418432727,4932.252706595387,1261
10956.0,2030,0,1,0,5.944222911141044,1469.7832512315272,4930.5767743882825,1272
10957.0,2029,0,1,2,5.891909939477748,1470.837851158206,4931.320355227542,1278
10958.0,2029,0,1,1,5.862201442590164,1471.2316412025627,4929.998272597535,1279
10959.0,2028,0,0,1,5.829341365279006,1472.381163708087,4932.057349209083,1286
10960.0,2029,0,1,0,5.797463235236388,1472.0680137999013,4930.3889185839,1292
10961.0,2028,0,0,1,5.77773282569188,1473.2618343195265,4930.199777224801,1301
10962.0,2028,0,0,0,5.754388792233284,1473.6666666666667,4930.966539814079,1307
10963.0,2028,0,0,0,5.740228124234371,1474.0710059171597,4931.733450164515,1317
10964.0,2029,0,1,0,5.717238048578427,1473.80877279448,4930.071161042778,1327
10965.0,2029,0,0,0,5.677590813052834,1474.2434696895023,4930.8419283884405,1334
10966.0,2029,0,0,0,5.654899074745167,1474.7111877772302,4931.614401176181,1347
10967.0,2031,0,2,0,5.648524599562672,1473.7114721811915,4927.530627631292,1352
10968.0,2030,0,0,1,5.6313198866945635,1474.8940886699506,4930.173285496922,1361
10969.0,2030,0,0,0,5.637079940699924,1475.3586206896553,4930.948358026551,1369
10970.0,2030,0,0,0,5.6233651605927255,1475.7546798029557,4931.7237775671,1362
10971.0,2030,0,0,0,5.583858845600966,1476.1482758620689,4932.501740620615,1372
10972.0,2030,0,1,1,5.547631002614861,1476.6,4930.023568547647,1383
10973.0,2030,0,0,0,5.526329192282865,1477.05960591133,4930.805238773794,1383
10974.0,2030,0,0,0,5.502925650156452,1477.5261083743842,4931.589215811249,1396
10975.0,2029,0,0,1,5.464119181871352,1478.782651552489,4932.166328483687,1408
10976.0,2029,0,0,0,5.448467945680157,1479.2582552981764,4932.953609534721,1404
10977.0,2029,0,0,0,5.4415462442330185,1479.7087235091178,4933.741696749681,1412
10978.0,2029,0,0,0,5.424416513974146,1480.0985707244947,4934.531409576481,1408
10979.0,2029,0,0,0,5.399688795222173,1480.622474125185,4935.323229729873,1416
10980.0,2028,0,0,1,5.357690360748805,1481.8860946745563,4937.995891700356,1435
10981.0,2027,0,0,1,5.430639177622896,1481.4139121854957,4939.486195515401,1359
10982.0,2027,0,0,0,5.523293804036412,1480.7932905772077,4940.268477088609,1319
10983.0,2023,0,0,4,5.627434860336806,1483.137913989125,4941.93184953543,1275
10984.0,2022,0,0,1,5.770171997208667,1483.549455984174,4941.260445387943,1248
10985.0,2021,0,0,1,5.912215318667367,1484.1489361702127,4941.548660589007,1228
10986.0,2019,0,0,2,6.061327539432065,1485.4576523031203,4942.722658927811,1203
10987.0,2019,0,0,0,6.212519363218585,1485.3610698365528,4943.458192642644,1186
10988.0,2019,0,0,0,6.337620256979731,1485.3610698365528,4944.185944351657,1176
10989.0,2019,0,0,0,6.448396818964896,1485.3729569093612,4944.906586996939,1166
10990.0,2019,0,0,0,6.527944250107897,1485.3402674591382,4945.621937078166,1149
10991.0,2018,0,0,1,6.593684456225485,1486.1223984142716,4946.2395880093945,1147
10992.0,2018,0,0,0,6.652260066761449,1486.2849355797819,4946.946138447719,1138
10993.0,2018,0,0,0,6.680521417204388,1486.3097125867196,4947.650427815827,1128
10994.0,2018,0,0,0,6.730919792675422,1486.3315163528246,4948.351996049371,1122
10995.0,2018,0,0,0,6.764568495438313,1486.4534192269573,4949.05019585282,1118
10996.0,2018,0,0,0,6.8007138677094945,1486.43657086224,4949.7466631467805,1115
10997.0,2018,0,0,0,6.841689607000105,1486.3647175421208,4950.441436295961,1106
10998.0,2018,0,0,0,6.877259367864003,1486.3989098116947,4951.133487535437,1101
10999.0,2017,0,0,1,6.891736221560506,1487.2315319781853,4953.575759525496,1099
11000.0,2017,0,0,0,6.917110821216871,1487.3014377788795,4954.266328399785,1101
11001.0,2017,0,0,0,6.92804170510253,1487.5488349033217,4954.956616640312,1103
11002.0,2016,0,0,1,6.935689028714706,1488.436011904762,4957.047785337423,1101
11003.0,2016,0,0,0,6.949030441850736,1488.4414682539682,4957.737261293198,1091
11004.0,2016,0,0,0,6.963872280309698,1488.6349206349207,4958.425371288191,1096
11005.0,2016,0,0,0,6.951980752124608,1488.687003968254,4959.114641770307,1094
11006.0,2016,0,0,0,6.945261828077288,1488.842757936508,4959.803644922638,1089
11007.0,2016,0,0,0,6.946182620484304,1488.9151785714287,4960.492234347555,1090
11008.0,2015,0,1,2,6.889497261679198,1489.737965260546,4958.8003955004415,1090
11009.0,2015,0,0,0,6.869924610583588,1489.906699751861,4959.492521402428,1093
11010.0,2015,0,0,0,6.858586566621318,1490.065012406948,4960.184715367952,1102
11011.0,2015,0,0,0,6.862254959592085,1490.1856079404467,4960.876383979121,1097
11012.0,2015,0,0,0,6.8753250545030395,1490.3841191066997,4961.567493778931,1102
11013.0,2015,0,0,0,6.860850887955183,1490.4893300248139,4962.259556095467,1092
11014.0,2016,0,1,0,6.866523712607086,1489.8318452380952,4960.48977386755,1092
11015.0,2015,0,0,1,6.8642046150017775,1490.7101736972704,4961.350339830471,1099
11016.0,2015,0,0,0,6.868635808776718,1490.755334987593,4962.04378414673,1091
11017.0,2015,0,0,0,6.889062721226863,1490.9449131513647,4962.735961352898,1095
11018.0,2015,0,0,0,6.887387770510683,1490.910669975186,4963.428846674466,1090
11019.0,2016,0,1,0,6.871701737658186,1490.249007936508,4961.660895867304,1092
11020.0,2016,0,0,0,6.884563588083798,1490.3973214285713,4962.355190090004,1091
11021.0,2015,0,0,1,6.875953747625546,1491.3399503722085,4961.786216902674,1099
11022.0,2015,0,0,0,6.8645248211112575,1491.5186104218362,4962.483207865704,1107
11023.0,2015,0,0,0,6.8552492552974975,1491.8019851116626,4963.181757322611,1116
11024.0,2015,0,0,0,6.8202764245687195,1492.0635235732009,4963.882543790206,1124
11025.0,2015,0,0,0,6.773926434583867,1492.2883374689827,4964.586863406751,1123
11026.0,2015,0,1,1,6.72281918070818,1492.585111662531,4961.447926551901,1135
11027.0,2014,0,0,1,6.6858035877192865,1493.5834160873883,4961.576517981706,1146
11028.0,2014,0,0,0,6.662239248169262,1493.7576961271102,4962.288432541625,1151
11029.0,2013,0,0,1,6.619111639588165,1494.7297565822155,4962.529168260884,1155
11030.0,2014,0,1,0,6.5978064768673415,1494.2850049652434,4960.781160464969,1168
11031.0,2014,0,0,0,6.561042444178486,1494.6459781529295,4961.500554910782,1187
11032.0,2015,0,1,0,6.517855516454092,1494.2272952853598,4959.760239659932,1201
11033.0,2017,0,2,0,6.479177581548068,1493.0233019335647,4955.5663306055085,1204
11034.0,2016,0,0,1,6.42113796381684,1494.1294642857142,4956.818529987356,1217
11035.0,2017,0,1,0,6.393246768758634,1493.8210213187904,4955.09000712056,1226
11036.0,2017,0,1,1,6.33165041365981,1494.2959841348538,4953.540354937974,1236
11037.0,2016,0,1,2,6.281786601803575,1495.547123015873,4954.019434610994,1245
11038.0,2015,0,0,1,6.2272457013357245,1496.736476426799,4954.977203283011,1258
11039.0,2016,0,1,0,6.186047429458733,1496.437996031746,4953.261358021011,1268
11040.0,2016,0,0,0,6.142427884820807,1496.858134920635,4954.006479298004,1277
11041.0,2016,0,1,1,6.094604898997328,1497.2162698412699,4951.2646008165475,1280
11042.0,2016,0,1,1,6.055224450224467,1497.6686507936508,4949.68567388226,1289
11043.0,2017,0,1,0,6.0175521647044325,1497.3083787803669,4947.98387452123,1297
11044.0,2017,0,0,0,5.984306055138234,1497.6762518591968,4948.73802253006,1303
11045.0,2019,0,2,0,5.96819509802267,1496.617137196632,4944.590797730004,1309
11046.0,2019,0,0,0,5.958692365445803,1497.0094105993066,4945.347778853768,1307
11047.0,2021,0,2,0,5.927563412379967,1495.9836714497774,4941.211167049204,1309
11048.0,2021,0,0,0,5.882753491716016,1496.4186046511627,4941.971563573708,1318
11049.0,2023,0,2,0,5.871860417136586,1495.2886801779534,4937.845309025431,1313
11050.0,2021,0,0,2,5.846153375144436,1497.0851063829787,4936.901557782632,1310
11051.0,2022,0,1,0,5.837604927206815,1496.7799208704253,4935.222303748482,1318
11052.0,2021,0,0,1,5.803416378685998,1497.9747649678377,4936.169649096594,1319
11053.0,2020,0,0,1,5.768914331040169,1499.1405940594059,4938.671446346342,1328
11054.0,2020,0,2,2,5.710221585971869,1499.6618811881187,4934.917167052231,1337
11055.0,2020,0,0,0,5.6800098035619335,1500.15,4935.688372453161,1348
11056.0,2021,0,1,0,5.657594572327849,1499.9490351311233,4934.018689722577,1352
11057.0,2021,0,0,0,5.646699943990244,1500.4473033151905,4934.791100096102,1358
11058.0,2021,0,1,1,5.601664820395477,1500.97525977239,4932.361650950606,1363
11059.0,2021,0,0,0,5.581395485321189,1501.517565561603,4933.13864520725,1379
11060.0,2020,0,0,1,5.555950572904452,1502.8014851485148,4935.828463746495,1379
11061.0,2020,0,0,0,5.5535487664377765,1503.381188118812,4936.607542358547,1384
11062.0,2021,0,1,0,5.53750389221695,1503.213260761999,4934.945600942886,1391
11063.0,2021,0,0,0,5.531487521034199,1503.7926768926275,4935.72726317751,1399
11064.0,2021,0,0,0,5.514815912330293,1504.2825333993073,4936.511764682169,1395
11065.0,2021,0,0,0,5.476599477580516,1504.8342404750124,4937.298752441477,1403
11066.0,2020,0,0,1,5.460389076372744,1506.1351485148514,4937.820170277176,1414
11067.0,2020,0,0,0,5.433562207291377,1506.7638613861386,4938.611681372816,1425
11068.0,2020,0,0,0,5.419189781163159,1507.390099009901,4939.404718724517,1432
11069.0,2019,0,0,1,5.396272723347046,1508.7077761267954,4939.143473042594,1442
11070.0,2018,0,0,1,5.381721044983301,1510.0530227948464,4938.873431812359,1460
11071.0,2018,0,0,0,5.454982041430385,1508.4752229930625,4939.664975844233,1374
11072.0,2016,0,0,2,5.540373632694736,1508.8938492063492,4940.8017250676985,1330
11073.0,2015,0,0,1,5.667210443179098,1508.9910669975186,4943.491303046122,1278
11074.0,2015,0,0,0,5.823824103475833,1508.45111662531,4944.256384529712,1255
11075.0,2015,0,0,0,5.999071465420329,1508.0466501240694,4945.008510750866,1226
11076.0,2014,0,0,1,6.150342872708355,1508.261171797418,4947.6754073568045,1203
11077.0,2014,0,0,0,6.3154889027983065,1508.0898709036742,4948.405495557499,1189
11078.0,2014,0,0,0,6.444440406711249,1508.1305858987091,4949.1268636503255,1170
11079.0,2013,0,0,1,6.562978616095638,1509.0427223050174,4949.144282434521,1161
11080.0,2013,0,0,0,6.654133730738202,1508.9249875807252,4949.850515659349,1158
11081.0,2013,0,0,0,6.747692963244413,1509.1207153502235,4950.551337934067,1160
11082.0,2013,0,0,0,6.8128893653783695,1509.2911077993044,4951.247362972477,1153
11083.0,2013,0,0,0,6.862245612920844,1509.4485842026825,4951.940269106981,1145
11084.0,2012,0,0,1,6.882734608033893,1510.1754473161034,4951.692262072873,1142
11085.0,2012,0,0,0,6.902948737181433,1510.1108349900596,4952.380705513514,1137
11086.0,2012,0,0,0,6.919898490307159,1510.1153081510934,4953.0679544743925,1134
11087.0,2011,0,0,1,6.955999271531279,1510.8180009945302,4955.645107229178,1129
11088.0,2010,0,0,1,6.955206747725922,1511.507960199005,4958.224845165271,1122
11089.0,2010,0,0,0,6.963405110331408,1511.563184079602,4958.906847567877,1122
11090.0,2009,0,0,1,6.960328601424767,1512.3474365355898,4961.058335439403,1115
11091.0,2008,0,0,1,6.946603075674255,1513.2569721115538,4963.571247357785,1113
11092.0,2008,0,0,0,6.962395803533981,1513.2709163346613,4964.252684949673,1104
11093.0,2007,0,0,1,6.947521627258707,1513.9750871948181,4965.467496110406,1099
11094.0,2006,0,0,1,6.92442951484751,1514.6889332003989,4968.011193618852,1101
11095.0,2006,0,0,0,6.934687603945646,1514.5413758723828,4968.693547925316,1089
11096.0,2005,0,0,1,6.921306893331313,1515.1950124688278,4969.77715163779,1091
11097.0,2003,0,0,2,6.89164501554836,1516.657513729406,4969.218206984811,1087
11098.0,2004,0,1,0,6.897914628664936,1516.1037924151697,4967.421752159445,1093
11099.0,2004,0,0,0,6.899726812058433,1516.1447105788423,4968.105927022835,1094
11100.0,2004,0,0,0,6.873821781635658,1516.1766467065868,4968.7922084258835,1088
11101.0,2004,0,0,0,6.867002212700283,1516.2385229540919,4969.479784855305,1090
11102.0,2004,0,0,0,6.853910688744558,1516.2984031936128,4970.168414959403,1087
11103.0,2004,0,0,0,6.845958648967997,1516.368263473054,4970.857299908118,1092
11104.0,2004,0,1,1,6.846818854916513,1516.4840319361278,4969.78730252218,1097
11105.0,2003,0,0,1,6.861215886316153,1517.3095356964552,4969.334743565799,1095
11106.0,2003,0,0,0,6.875204225853783,1517.3539690464304,4970.0225138621445,1093
11107.0,2003,0,0,0,6.870034579657417,1517.4003994008986,4970.710137051376,1098
11108.0,2003,0,0,0,6.861795571534707,1517.4078881677483,4971.39875303625,1088
11109.0,2003,0,1,1,6.864749197432248,1517.3419870194707,4970.779064355849,1082
11110.0,2002,0,0,1,6.847211249676724,1518.2247752247752,4971.855201537297,1079
11111.0,2002,0,0,0,6.8106119109956085,1518.3196803196804,4972.547463501599,1084
11112.0,2001,0,0,1,6.752652278251091,1519.1494252873563,4973.938757764442,1080
11113.0,2001,0,0,0,6.710765826286133,1519.3578210894552,4974.638969777569,1078
11114.0,2000,0,0,1,6.668485216176242,1520.3835,4975.200735859063,1092
11115.0,2000,0,1,1,6.632631257304118,1520.508,4975.0201092647685,1095
11116.0,2000,0,0,0,6.592286997674451,1520.737,4975.729162932503,1096
11117.0,1999,0,0,1,6.572312311679926,1521.521260630315,4977.84270487786,1106
11118.0,1999,0,0,0,6.553932320788472,1521.5882941470736,4978.552873308723,1106
11119.0,1999,0,0,0,6.5319036601138825,1521.766883441721,4979.263692904739,1110
11120.0,1999,0,0,0,6.5128304657298735,1521.736368184092,4979.9772111600605,1107
11121.0,1999,0,0,0,6.484475509972497,1521.95947973987,4980.692000878491,1121
11122.0,2000,0,1,0,6.466323475036115,1521.4645,4978.917651339592,1129
11123.0,2000,0,0,0,6.444197816400657,1521.8615,4979.634252354899,1142
11124.0,2001,0,1,0,6.39626580547302,1521.4427786106946,4977.865960355226,1152
11125.0,1998,0,0,3,6.32972006384663,1524.039039039039,4978.744751226915,1159
11126.0,1998,0,0,0,6.304023768240481,1524.3723723723724,4979.470134444646,1176
11127.0,1997,0,0,1,6.267080627380485,1525.4451677516274,4980.352562539371,1195
11128.0,1997,0,1,1,6.212979983208865,1525.6685027541312,4977.672059719711,1206
11129.0,1997,0,0,0,6.157322311838095,1525.985478217326,4978.407177347913,1219
11130.0,1996,0,0,1,6.103364160958298,1527.1668336673347,4981.129518404025,1225
11131.0,1997,0,1,0,6.067669121422497,1526.8297446169254,4979.3771890481285,1242
11132.0,1998,0,1,0,6.0206380998348665,1526.4904904904904,4977.6303946948665,1250
11133.0,1997,0,0,1,5.98942596668375,1527.7215823735603,4979.166860680932,1259
11134.0,1997,0,0,0,5.962311677638063,1528.1492238357537,4979.917091995003,1262
11135.0,1996,0,0,1,5.917635481882398,1529.3807615230462,4981.304389598712,1272
11136.0,1996,0,0,0,5.887043674413332,1529.6763527054109,4982.05994139464,1277
11137.0,1996,0,1,1,5.83836146332605,1530.1973947895792,4980.520919779807,1292
11138.0,1995,0,0,1,5.795087395825013,1531.2706766917292,4981.377395059482,1292
11139.0,1995,0,0,0,5.763142779761371,1531.6691729323309,4982.142002983213,1298
11140.0,1995,0,0,0,5.756715508345505,1531.9734335839598,4982.907722587136,1305
11141.0,1995,0,0,0,5.759872425466168,1532.0837092731829,4983.673882289055,1308
11142.0,1996,0,1,0,5.765627964410883,1531.5,4981.943011422537,1311
11143.0,1994,0,0,2,5.753354273623764,1533.2738214643932,4979.823195349917,1313
11144.0,1995,0,1,0,5.762340806073961,1532.521804511278,4978.093756448609,1312
11145.0,1995,0,0,0,5.760913591199949,1532.6105263157895,4978.861408911295,1308
11146.0,1995,0,0,0,5.751300186324218,1532.9358395989975,4979.629981164228,1314
11147.0,1992,0,0,3,5.690100126461602,1535.5557228915663,4986.204689405367,1314
11148.0,1991,0,0,1,5.6418708650042175,1536.8412857860371,4987.169489094035,1324
11149.0,1990,0,0,1,5.586460014664997,1538.1482412060302,4987.627580977727,1332
11150.0,1990,0,0,0,5.571221992935841,1538.6869346733667,4988.407021200006,1342
11151.0,1990,0,0,0,5.538822527650558,1539.2497487437186,4989.187626702945,1351
11152.0,1991,0,1,0,5.532528398809037,1539.0622802611754,4987.46249226142,1358
11153.0,1991,0,0,0,5.530306474237102,1539.6373681567052,4988.2438386647245,1368
11154.0,1990,0,0,1,5.514448957041422,1540.9592964824121,4990.9780664213395,1372
11155.0,1990,0,0,0,5.515525838817583,1541.4226130653267,4991.760110714182,1372
11156.0,1990,0,0,0,5.523656693541387,1541.8864321608041,4992.541647911888,1367
11157.0,1989,0,0,1,5.51533917137382,1543.1749622926093,4995.280231523746,1369
11158.0,1988,0,0,1,5.478485865058035,1544.4839034205231,4998.041102341681,1375
11159.0,1988,0,0,0,5.46950302550747,1544.9949698189134,4998.8263076189905,1385
11160.0,1988,0,0,0,5.450939829390926,1545.5457746478874,4999.61254326153,1383
11161.0,1987,0,0,1,5.499395741681945,1544.9914443885255,4999.567586253128,1303
11162.0,1987,0,0,0,5.604696899839298,1544.1736285858078,5000.3410890021905,1254
11163.0,1986,0,0,1,5.714281811112288,1544.2205438066464,5001.389544276693,1207
11164.0,1986,0,0,0,5.864758183124861,1543.7260825780463,5002.143418826109,1173
11165.0,1986,0,0,0,6.028962162980891,1543.3982880161127,5002.884842931625,1147
11166.0,1985,0,0,1,6.177369188515808,1543.9380352644837,5003.067816290245,1122
11167.0,1985,0,0,0,6.333878698858312,1543.8115869017631,5003.788005877328,1108
11168.0,1985,0,0,0,6.487555368640943,1543.7083123425693,5004.4981111061925,1105
11169.0,1985,0,0,0,6.616823258261956,1543.6231738035265,5005.199869841579,1099
11170.0,1985,0,0,0,6.711406414798178,1543.462468513854,5005.895956452095,1080
11171.0,1985,0,0,0,6.785430533262704,1543.4931989924432,5006.586634496006,1069
11172.0,1985,0,0,0,6.842563439981353,1543.4211586901763,5007.272200044405,1067
11173.0,1984,0,0,1,6.871860839617929,1544.117439516129,5007.393335781653,1063
11174.0,1983,0,0,1,6.882816705974349,1544.6913767019666,5008.11755520157,1051
11175.0,1982,0,0,1,6.925381985217179,1545.1957618567103,5008.997343600329,1050
11176.0,1981,0,0,1,6.96251998565296,1545.7092377587078,5007.485146084205,1038
11177.0,1981,0,0,0,6.986492031535823,1545.3599192327108,5008.15999833628,1033
11178.0,1981,0,0,0,7.009309313103216,1545.0540131246846,5008.8327387428435,1025
11179.0,1981,0,0,0,7.045271735911104,1544.94952044422,5009.503195384046,1016
11180.0,1980,0,0,1,7.066975616604143,1545.54797979798,5008.575873469513,1004
11181.0,1980,0,0,0,7.08640083924137,1545.4378787878788,5009.243150249654,1003
11182.0,1980,0,0,0,7.084667518887998,1545.3666666666666,5009.909621052241,994
11183.0,1979,0,0,1,7.075908819725838,1546.0929762506316,5010.499454893069,985
11184.0,1979,0,0,0,7.085375781591738,1546.044466902476,5011.166392138147,997
11185.0,1979,0,0,0,7.098215785783902,1546.0060636685193,5011.833590555515,990
11186.0,1979,0,0,0,7.071672266680467,1545.867609903992,5012.501658734927,1001
11187.0,1980,0,1,0,7.068958352602179,1544.9570707070707,5010.638133250847,1001
11188.0,1980,0,0,0,7.058645935995022,1544.99898989899,5011.3075952931995,1011
11189.0,1980,0,0,0,7.056510295720757,1544.7681818181818,5011.97684982909,1000
11190.0,1980,0,0,0,7.055416748354003,1544.7176767676767,5012.646532293478,1000
11191.0,1980,0,0,0,7.0377129412484285,1544.6525252525253,5013.317891492087,1004
11192.0,1980,0,0,0,7.022736351946108,1544.5580808080808,5013.991248700573,998
11193.0,1980,0,0,0,7.002261375083848,1544.6530303030304,5014.665029370176,1001
11194.0,1981,0,1,0,6.992079332174495,1543.92428066633,5012.807574441245,1011
11195.0,1981,0,0,0,6.982643661005128,1543.891973750631,5013.483919182987,1007
11196.0,1981,0,0,0,6.965543913353135,1543.9232710752146,5014.161871449498,999
11197.0,1981,0,0,0,6.96351925884377,1543.9182231196367,5014.839707531272,1006
11198.0,1981,0,0,0,6.967491927939486,1544.032811711257,5015.517542859464,1010
11199.0,1982,0,1,0,6.942568637883671,1543.239152371342,5013.667217854111,1000
11200.0,1982,0,0,0,6.921104516544384,1543.3143289606458,5014.348194975607,1006
11201.0,1982,0,0,0,6.901095277563127,1543.3557013118063,5015.0321940106605,1008
11202.0,1982,0,0,0,6.902336950555516,1543.3874873864784,5015.715989329887,1008
11203.0,1982,0,0,0,6.8732510991062306,1543.5474268415742,5016.402246777128,1019
11204.0,1982,0,0,0,6.821667158456485,1543.8541876892027,5017.092503365526,1024
11205.0,1983,0,1,0,6.766939595958044,1543.2465960665659,5015.25650000585,1026
11206.0,1982,0,0,1,6.732188922177886,1544.0605449041373,5015.404247619222,1033
11207.0,1982,0,0,0,6.696055509358304,1544.0665993945508,5016.102316186987,1037
11208.0,1982,0,0,0,6.662133234756903,1543.9818365287588,5016.803294385618,1046
11209.0,1981,0,0,1,6.6063423898358025,1544.9278142352348,5018.946889163003,1056
11210.0,1981,0,0,0,6.577430038087283,1544.9681978798587,5019.652440010262,1056
11211.0,1981,0,0,0,6.541220634132248,1544.9964664310953,5020.3601796081675,1076
11212.0,1981,0,2,2,6.457867932389198,1545.2205956587582,5016.01576955801,1087
11213.0,1982,0,1,0,6.407752443101715,1544.8304742684156,5014.200655924557,1106
11214.0,1982,0,0,0,6.359573182358926,1545.2033299697275,5014.919296132698,1118
11215.0,1983,0,1,0,6.311586656061055,1544.8018154311649,5013.112180131791,1129
11216.0,1983,0,0,0,6.27585829462155,1545.2581946545638,5013.836436612897,1141
11217.0,1982,0,1,2,6.231538957241599,1546.415237134208,5012.6443687409455,1153
11218.0,1983,0,1,0,6.189366255793178,1545.9662128088755,5010.845442745841,1164
11219.0,1982,0,0,1,6.147886038710165,1547.1069626639758,5013.511906909649,1162
11220.0,1984,0,2,0,6.123418002980811,1545.867943548387,5009.189431663267,1181
11221.0,1985,0,2,1,6.092009851373978,1545.4423173803527,5006.783583196323,1186
11222.0,1985,0,0,0,6.0619824285713255,1545.8675062972293,5007.520097771536,1195
11223.0,1987,0,2,0,6.0260703660729265,1544.7428283844993,5003.217701650526,1203
11224.0,1987,0,0,0,6.005772191403574,1545.0241570206342,5003.958755331982,1200
11225.0,1987,0,0,0,5.98080701421155,1545.4333165576245,5004.701653987968,1210
11226.0,1988,0,2,1,5.952051214079944,1545.1151911468812,4999.521384197783,1225
11227.0,1986,0,0,2,5.9189792485270045,1547.1148036253776,4998.469044387357,1236
11228.0,1987,0,1,0,5.888993625467523,1546.7931555108203,4996.70215978928,1243
11229.0,1988,0,1,0,5.853706937942064,1546.4441649899397,4994.940279460346,1255
11230.0,1988,0,0,0,5.848627549954489,1546.809356136821,4995.694132275887,1256
11231.0,1987,0,0,1,5.824046982635265,1547.9728233517867,4995.086584611535,1263
11232.0,1987,0,0,0,5.819102818110726,1548.3387015601409,4995.843090310666,1270
11233.0,1988,0,2,1,5.787683932529186,1547.9532193158955,4993.523557521437,1276
11234.0,1989,0,1,0,5.77508417579437,1547.6807440925088,4991.772669665371,1284
11235.0,1987,0,0,2,5.734781983075286,1549.749370910921,4992.962685549145,1301
11236.0,1987,0,0,0,5.728310010481214,1550.2420734776044,4993.727243797575,1308
11237.0,1987,0,0,0,5.72840001944136,1550.8122798188224,4994.492429167041,1319
11238.0,1987,0,0,0,5.726407729354923,1551.362355309512,4995.2579278263165,1326
11239.0,1986,0,0,1,5.713244282333478,1552.7235649546828,4994.895194869192,1329
11240.0,1988,0,2,0,5.699115707501268,1551.7112676056338,4990.6365681151365,1326
11241.0,1987,0,0,1,5.682785288012191,1552.995470558631,4992.5854315080605,1329
11242.0,1985,0,0,2,5.658642238821941,1555.1340050377835,4991.468203451118,1337
11243.0,1985,0,0,0,5.635227730971649,1555.7299748110831,4992.239722554686,1350
11244.0,1984,0,0,1,5.603894459063494,1557.117943548387,4994.953503761309,1357
11245.0,1984,0,0,0,5.5672456700159385,1557.7303427419354,4995.72959784904,1365
11246.0,1984,0,0,0,5.511955392927853,1558.3684475806451,4996.507854902357,1375
11247.0,1982,0,0,2,5.46117630154354,1560.5913218970736,4997.888882599631,1384
11248.0,1981,0,0,1,5.443951215714489,1561.994952044422,4997.617808249767,1395
11249.0,1981,0,0,0,5.423862383711933,1562.660777385159,4998.401297666287,1408
11250.0,1980,0,0,1,5.395866364080649,1564.0636363636363,5001.164681258808,1412
11251.0,1980,0,0,0,5.479230397473611,1562.6535353535353,5001.943955837085,1327
11252.0,1979,0,0,1,5.572545688582162,1562.6392117230926,5004.711806783868,1286
11253.0,1979,0,0,0,5.705322864355902,1562.0414350682163,5005.4743534464005,1249
11254.0,1979,0,0,0,5.8483799545161945,1561.5896917635168,5006.227465919458,1223
11255.0,1978,0,0,1,6.001743223772046,1561.9398382204247,5005.596232304004,1202
11256.0,1976,0,0,2,6.147620339772387,1563.0662955465586,5006.77793047959,1183
11257.0,1974,0,0,2,6.264103484219041,1564.400709219858,5010.416790997089,1172
11258.0,1973,0,0,1,6.366245331299872,1564.8048656867713,5009.536248266009,1153
11259.0,1971,0,0,2,6.449432503320604,1566.1339421613395,5008.86180831291,1151
11260.0,1970,0,0,1,6.511500972954185,1567.0446700507614,5010.533642701911,1142
11261.0,1969,0,0,1,6.564221831212326,1567.6947689182325,5009.9085788275315,1136
11262.0,1967,0,0,2,6.61639785518053,1569.3873919674631,5009.102648908632,1128
11263.0,1967,0,0,0,6.671762571499741,1569.5734621250635,5009.799289734997,1125
11264.0,1964,0,0,3,6.688853735150054,1572.0320773930753,5009.211452467885,1124
11265.0,1964,0,0,0,6.741416706504064,1572.0728105906314,5009.903048328287,1121
11266.0,1962,0,0,2,6.76400264302136,1573.802242609582,5010.660122568502,1117
11267.0,1960,0,0,2,6.785670562780195,1575.4770408163265,5011.651814915818,1110
11268.0,1958,0,0,2,6.811352436812477,1577.2788559754852,5008.81800508452,1103
11269.0,1957,0,0,1,6.8271348263317755,1578.3326520183955,5008.4522368630605,1102
11270.0,1956,0,0,1,6.839136744181907,1579.3031697341514,5007.45480500224,1089
11271.0,1955,0,0,1,6.8591507807832315,1580.2716112531969,5006.227356211825,1084
11272.0,1955,0,0,0,6.876981351961498,1580.5028132992327,5006.912248837191,1085
11273.0,1954,0,0,1,6.880113034421072,1581.5087001023542,5005.709321437555,1083
11274.0,1954,0,0,0,6.879958067061155,1581.6264073694986,5006.393844380476,1082
11275.0,1953,0,0,1,6.874669830623566,1582.5965181771633,5005.30892278198,1079
11276.0,1953,0,0,0,6.8640622234234225,1582.6886840757809,5005.9949618784485,1063
11277.0,1953,0,1,1,6.857703121536421,1582.836149513569,5002.286195853837,1062
11278.0,1952,0,0,1,6.84840956976349,1583.77868852459,5001.068088813001,1064
11279.0,1952,0,0,0,6.861881706786059,1583.9287909836066,5001.753724685486,1068
11280.0,1951,0,0,1,6.8494777142658725,1584.9359302921578,5004.105272732794,1067
11281.0,1951,0,0,0,6.848294143804555,1585.0861096873398,5004.792453023754,1052
11282.0,1951,0,0,0,6.853290416393589,1585.1860584315737,5005.478932660841,1054
11283.0,1951,0,0,0,6.863449254577011,1585.2890825217837,5006.164853425204,1049
11284.0,1952,0,1,0,6.855431957816247,1584.5517418032787,5004.285723967748,1053
11285.0,1952,0,0,0,6.875527032423461,1584.6618852459017,5004.970724478943,1048
11286.0,1952,0,0,0,6.89742099645694,1584.766905737705,5005.653887862277,1052
11287.0,1952,0,0,0,6.901811925672918,1584.7602459016393,5006.337002956624,1045
11288.0,1951,0,0,1,6.888223903878904,1585.7442337262942,5006.213453158579,1047
11289.0,1950,0,0,1,6.842525963542448,1586.7682051282052,5006.5219735934215,1047
11290.0,1951,0,1,0,6.806144388795484,1586.271143003588,5004.643248047424,1056
11291.0,1950,0,0,1,6.759753394880616,1587.4133333333334,5007.244548033531,1063
11292.0,1949,0,0,1,6.6904209066626175,1588.3689071318624,5008.913879901059,1055
11293.0,1948,0,0,1,6.644572882450459,1589.4445585215606,5011.524411712077,1056
11294.0,1948,0,0,0,6.613257525352153,1589.6632443531828,5012.222921918371,1055
11295.0,1947,0,0,1,6.568418777088438,1590.6466358500256,5012.055196561864,1059
11296.0,1945,0,1,3,6.5143951976451255,1592.5511568123393,5012.086872234037,1071
11297.0,1945,0,0,0,6.488074760488547,1592.7619537275064,5012.792354766414,1082
11298.0,1943,0,0,2,6.444094221091779,1594.5079773546063,5015.166255025775,1083
11299.0,1943,0,0,0,6.434089701314944,1594.6891405043748,5015.875928735521,1089
11300.0,1943,0,1,1,6.398491373633853,1594.955223880597,5012.231422442694,1105
11301.0,1942,0,0,1,6.351567912794347,1596.0319258496395,5012.870378395653,1111
11302.0,1941,0,0,1,6.319406955069161,1597.1391035548686,5011.952469612915,1125
11303.0,1942,0,1,0,6.3154851247478705,1596.695159629248,5010.089014997022,1136
11304.0,1943,0,1,0,6.292733347258749,1596.143077714874,5008.2302890835435,1146
11305.0,1944,0,1,0,6.270014605847411,1595.7155349794239,5006.375663120976,1157
11306.0,1944,0,1,1,6.227430417893513,1596.187757201646,5006.583484786105,1171
11307.0,1944,0,0,0,6.189458529132261,1596.616769547325,5007.312162427582,1186
11308.0,1945,0,2,1,6.142995483660911,1596.1943444730077,5004.256866577248,1191
11309.0,1945,0,1,1,6.08192853593818,1596.5115681233933,5004.30101118701,1201
11310.0,1944,0,0,1,6.0181995230841,1597.812757201646,5003.041849139931,1214
11311.0,1945,0,2,1,5.955019171684821,1597.3763496143958,4998.62419256141,1221
11312.0,1945,0,0,0,5.907523343737147,1597.8102827763496,4999.3720423608465,1235
11313.0,1945,0,0,0,5.876004364092421,1598.3501285347045,5000.122247107274,1244
11314.0,1947,0,2,0,5.841091619715652,1597.0631741140216,4995.737233289977,1252
11315.0,1947,0,0,0,5.810447855438398,1597.506933744222,4996.492201987503,1260
11316.0,1948,0,1,0,5.786973986643352,1597.1632443531828,4994.683363550289,1268
11317.0,1949,0,2,1,5.763623717623999,1596.817342226783,4989.073252337838,1274
11318.0,1949,0,0,0,5.745286127371008,1597.2878399179067,4989.833747954692,1283
11319.0,1948,0,0,1,5.716427233723993,1598.6273100616017,4991.70448060715,1293
11320.0,1949,0,1,0,5.691465254988312,1598.365315546434,4989.907786436471,1304
11321.0,1950,0,1,0,5.663993496576507,1598.0020512820513,4988.115548413407,1308
11322.0,1951,0,1,0,5.623587616994611,1597.506919528447,4986.327742216655,1310
11323.0,1950,0,1,2,5.579091676081556,1598.7558974358974,4984.101394005943,1318
11324.0,1949,0,0,1,5.539884077287351,1600.1092868137507,4986.8716396262025,1335
11325.0,1947,0,0,2,5.504368100206441,1602.2455059065228,4989.416047446191,1343
11326.0,1947,0,0,0,5.481637314198377,1602.7098099640473,4990.196499385658,1348
11327.0,1948,0,1,0,5.453824475199374,1602.441478439425,4988.4168724434685,1363
11328.0,1948,0,0,0,5.423647353170833,1602.9142710472279,4989.201347736384,1359
11329.0,1948,0,0,0,5.400125998869223,1603.4122176591375,4989.987387262574,1372
11330.0,1949,0,1,0,5.365550369193604,1603.103129810159,4988.214357861237,1379
11331.0,1949,0,0,0,5.340226406022468,1603.569009748589,4989.004133066475,1385
11332.0,1949,0,0,0,5.312915493097495,1604.2201128783993,4989.795668725023,1395
11333.0,1949,0,0,0,5.28456218806549,1604.6321190354029,4990.588299321545,1395
11334.0,1948,0,0,1,5.279284720042125,1605.9645790554414,4989.935797144095,1396
11335.0,1948,0,0,0,5.259896928308517,1606.4512320328543,4990.729978822677,1398
11336.0,1947,0,0,1,5.223360758127477,1607.889573703133,4991.348843786232,1396
11337.0,1947,0,0,0,5.198731104407788,1608.5238828967642,4992.14610706371,1408
11338.0,1947,0,0,0,5.186903927776979,1609.0790960451977,4992.946161454285,1408
11339.0,1947,0,0,0,5.173570755930657,1609.6748844375963,4993.746226695321,1415
11340.0,1945,0,0,2,5.152621479541265,1611.954241645244,4993.611779512201,1422
11341.0,1945,0,0,0,5.247693317383989,1610.7814910025706,4994.407805588575,1339
11342.0,1944,0,0,1,5.3703277489340255,1611.1095679012346,4994.965154812202,1294
11343.0,1942,0,0,2,5.498732107645793,1612.3558187435633,4999.386485131238,1255
11344.0,1942,0,0,0,5.677742561472752,1611.906282183316,5000.152881004156,1217
11345.0,1942,0,0,0,5.875262504723027,1611.7013388259527,5000.906678557889,1193
11346.0,1942,0,0,0,6.047148008478285,1611.6704428424305,5001.6492756803555,1177
11347.0,1942,0,0,0,6.189238589100495,1611.754376930999,5002.382199468242,1154
11348.0,1942,0,0,0,6.312948198832252,1611.7775489186406,5003.106149087658,1147
11349.0,1942,0,1,1,6.373648995466362,1611.9016477857879,5002.477753560468,1131
11350.0,1942,0,0,0,6.440556332393556,1611.870236869207,5003.191783048599,1132
11351.0,1942,0,0,0,6.481878525135969,1611.9840370751801,5003.902144760842,1135
11352.0,1942,0,0,0,6.536353695635648,1611.8810504634398,5004.608793675511,1124
11353.0,1942,0,0,0,6.591261416445542,1611.8316168898043,5005.311881440139,1114
11354.0,1942,0,0,0,6.675249967407316,1611.6549948506695,5006.009620855872,1095
11355.0,1942,0,0,0,6.738306086234881,1611.5792996910402,5006.703718074425,1088
11356.0,1942,0,0,0,6.8085415284303865,1611.4011328527292,5007.393384381741,1082
11357.0,1942,0,0,0,6.855835754104233,1611.3223480947477,5008.079659866839,1070
11358.0,1942,0,0,0,6.903825237571075,1611.3419155509785,5008.762974382685,1070
11359.0,1941,0,0,1,6.903779373626379,1612.246780010304,5009.123397525355,1067
11360.0,1941,0,0,0,6.916510886389127,1612.3127253992786,5009.805692789376,1067
11361.0,1940,0,0,1,6.917590611209533,1613.0252577319588,5010.49356590882,1064
11362.0,1938,0,0,2,6.877632406817999,1614.8384932920537,5012.740617571662,1066
11363.0,1939,0,1,0,6.866793937300086,1614.0345538937597,5010.838353452412,1065
11364.0,1939,0,0,0,6.861296878731209,1614.1268695203714,5011.521515214072,1073
11365.0,1939,0,0,0,6.855055193893561,1614.195461578133,5012.205639765936,1065
11366.0,1939,0,0,0,6.848077827960543,1614.1340897369778,5012.888961425426,1058
11367.0,1939,0,1,1,6.81455868363607,1614.1067560598246,5010.434780879015,1050
11368.0,1938,0,0,1,6.804121300154403,1614.953044375645,5010.600146507346,1053
11369.0,1935,0,0,3,6.779562880109604,1617.6098191214471,5015.727696475562,1054
11370.0,1935,0,0,0,6.762795362150075,1617.4459948320414,5016.412353551489,1048
11371.0,1933,0,0,2,6.735906269300839,1619.1727884117952,5019.033569717314,1046
11372.0,1933,0,0,0,6.735398851947348,1619.2084842214174,5019.7191434070155,1045
11373.0,1930,0,0,3,6.693477452138554,1621.6937823834196,5018.693524508143,1044
11374.0,1931,0,1,0,6.693625219173603,1620.9036768513724,5016.779691228414,1048
11375.0,1930,0,0,1,6.68248690607572,1621.899481865285,5016.423920295976,1038
11376.0,1930,0,0,0,6.69087579777518,1622.0378238341968,5017.112067737031,1031
11377.0,1929,0,0,1,6.690850926350493,1623.0108864696733,5018.462431097345,1033
11378.0,1929,0,0,0,6.702172818657647,1623.111456713323,5019.149831803127,1028
11379.0,1930,0,1,0,6.721973665200973,1622.4077720207254,5017.236156922045,1027
11380.0,1930,0,0,0,6.7005033768641376,1622.3347150259067,5017.924896889534,1025
11381.0,1930,0,0,0,6.653968484068187,1622.4854922279792,5018.61808908885,1027
11382.0,1930,0,0,0,6.612958657441088,1622.776683937824,5019.312686613759,1028
11383.0,1930,0,0,0,6.596707748864266,1622.9093264248704,5020.009728890829,1029
11384.0,1931,0,1,0,6.559666452523095,1622.215432418436,5018.107894528834,1034
11385.0,1931,0,0,0,6.545678686913327,1622.405489383739,5018.808381584582,1040
11386.0,1931,0,0,0,6.531684229549343,1622.4857586742621,5019.509887616915,1044
11387.0,1931,0,0,0,6.520237367411043,1622.54945624029,5020.210931436353,1048
11388.0,1930,0,0,1,6.504415294276206,1623.5756476683937,5022.378032296936,1065
11389.0,1930,0,0,0,6.495805092215643,1623.7533678756477,5023.081166286903,1066
11390.0,1932,0,2,0,6.467951088793098,1621.9782608695652,5018.585010579252,1065
11391.0,1932,0,0,0,6.422886296928556,1622.1583850931677,5019.293040429085,1078
11392.0,1931,0,0,1,6.376560365628468,1623.20870015536,5021.259860985617,1092
11393.0,1932,0,1,0,6.313338026899599,1622.6325051759834,5019.376322830904,1096
11394.0,1931,0,0,1,6.254296655973331,1623.7690315898499,5019.55019412991,1107
11395.0,1931,0,1,1,6.188330946265483,1624.0802692905231,5018.971082673848,1125
11396.0,1930,0,0,1,6.112747050449431,1625.2321243523315,5019.943841115178,1141
11397.0,1929,0,0,1,6.056405358007867,1626.390876101607,5021.865370920183,1150
11398.0,1929,0,1,1,6.001867143195946,1626.573354069466,5019.477984667568,1158
11399.0,1930,0,1,0,5.938740155603963,1626.1528497409327,5017.615196662073,1177
11400.0,1930,0,0,0,5.897140153538989,1626.637823834197,5018.3570263722795,1200
11401.0,1931,0,1,0,5.859354627925651,1626.2387364060073,5016.502238525241,1206
11402.0,1930,0,0,1,5.818297914897286,1627.5243523316062,5016.508210766933,1222
11403.0,1930,0,0,0,5.777879249311117,1627.9761658031089,5017.258608491827,1237
11404.0,1930,0,0,0,5.72783789761039,1628.3766839378238,5018.0129820646935,1242
11405.0,1930,0,1,1,5.685501801399758,1628.8476683937824,5017.635975567052,1257
11406.0,1931,0,1,0,5.640604045126601,1628.3935784567582,5015.798299737662,1262
11407.0,1931,0,0,0,5.627929107993041,1628.7120662868979,5016.560692024559,1270
11408.0,1931,0,1,1,5.606949081096303,1629.1346452615226,5014.320086702799,1269
11409.0,1932,0,1,0,5.574724793500478,1628.7536231884058,5012.490421196024,1276
11410.0,1931,0,0,1,5.540012607266299,1629.9497669601242,5015.317285729521,1293
11411.0,1931,0,0,0,5.520284668786987,1630.4029000517867,5016.088015100562,1293
11412.0,1931,0,1,1,5.483130292672568,1630.8689798032108,5013.0520831180265,1298
11413.0,1930,0,0,1,5.442854717990378,1632.179792746114,5012.055037696735,1305
11414.0,1931,0,1,0,5.412338388465845,1631.8218539616778,5010.236774629264,1316
11415.0,1932,0,1,0,5.369701364350551,1631.409420289855,5008.423512951347,1324
11416.0,1932,0,0,0,5.343025241187515,1631.9746376811595,5009.206929482535,1333
11417.0,1932,0,0,0,5.329612276669648,1632.457039337474,5009.990958957956,1339
11418.0,1932,0,1,1,5.29598581849616,1632.758281573499,5007.1761875676575,1346
11419.0,1932,0,1,1,5.2831546618570036,1633.4052795031057,5007.429028898255,1357
11420.0,1932,0,0,0,5.272219499580863,1634.046066252588,5008.217135472104,1368
11421.0,1931,0,0,1,5.2584872562030025,1635.5427239772139,5006.941210989461,1376
11422.0,1931,0,0,0,5.256954036182967,1636.147074054894,5007.731234189935,1379
11423.0,1931,0,0,0,5.248424112754499,1636.7633350595547,5008.521248931147,1384
11424.0,1930,0,0,1,5.240239464311309,1638.2347150259068,5009.190719543172,1386
11425.0,1930,0,0,0,5.233624345792614,1638.8227979274611,5009.98409643122,1386
11426.0,1930,0,0,0,5.24742219189217,1639.4300518134714,5010.777416404784,1391
11427.0,1930,0,0,0,5.26593091075218,1639.737823834197,5011.570928032097,1390
11428.0,1929,0,0,1,5.256609758969014,1641.1985484707102,5012.897648073059,1392
11429.0,1929,0,0,0,5.252982925209663,1641.8621047174702,5013.692885920545,1404
11430.0,1929,0,0,0,5.234247152608442,1642.5106272680146,5014.489043551962,1411
11431.0,1929,0,0,0,5.319100776169552,1641.0523587350958,5015.279459108624,1319
11432.0,1929,0,0,0,5.447548426381663,1640.2851218247797,5016.060839520939,1256
11433.0,1929,0,0,0,5.585737178330451,1639.7781233799897,5016.83322223605,1219
11434.0,1927,0,0,2,5.729413809874111,1641.137519460301,5020.2438744178135,1183
11435.0,1927,0,0,0,5.9135325993894075,1640.9714582252207,5020.992875814575,1167
11436.0,1926,0,0,1,6.092938155444054,1641.3816199376947,5021.568497526998,1133
11437.0,1926,0,0,0,6.275181932591819,1641.3307372793354,5022.294398017232,1105
11438.0,1926,0,0,0,6.413585343855325,1641.46261682243,5023.010988895922,1097
11439.0,1925,0,0,1,6.510511557853739,1642.3968831168831,5025.81347187889,1098
11440.0,1925,0,0,0,6.58908405227959,1642.5974025974026,5026.517431977652,1100
11441.0,1925,0,0,0,6.657124950813688,1642.8566233766235,5027.216328784457,1083
11442.0,1925,0,0,0,6.731983325276896,1643.0987012987014,5027.909509995679,1086
11443.0,1925,0,0,0,6.786526263961687,1643.263896103896,5028.600519062107,1081
11444.0,1925,0,0,0,6.830530570275193,1642.9875324675324,5029.288316054981,1067
11445.0,1925,0,0,0,6.873876069462651,1643.1101298701299,5029.972197656311,1063
11446.0,1925,0,0,0,6.904016984229896,1643.1787012987013,5030.6538209999935,1066
11447.0,1924,0,0,1,6.914288838073555,1644.1304573804573,5030.921771485851,1068
11448.0,1924,0,0,0,6.914847215921855,1644.2593555093556,5031.600725176683,1066
11449.0,1924,0,0,0,6.9248627749960034,1644.5561330561331,5032.278599977754,1065
11450.0,1923,0,0,1,6.9060569512303775,1645.5366614664586,5032.316193469017,1060
11451.0,1923,0,0,0,6.927298004789937,1645.6859074362974,5032.993063365153,1051
11452.0,1922,0,0,1,6.932522697106428,1646.7154006243497,5035.0611428072025,1048
11453.0,1920,0,0,2,6.925857740884179,1648.1692708333333,5036.7397428075055,1040
11454.0,1920,0,0,0,6.925622118549229,1648.3140625,5037.414090075897,1039
11455.0,1918,0,0,2,6.91547111367954,1650.0036496350365,5040.15664696106,1029
11456.0,1917,0,0,1,6.9021295282955215,1650.921752738654,5040.0932630596235,1025
11457.0,1918,0,1,0,6.88988470132671,1650.0010427528675,5038.140279902067,1026
11458.0,1917,0,0,1,6.855957379365263,1650.947313510694,5039.805792252427,1023
11459.0,1917,0,0,0,6.847791954094021,1651.092331768388,5040.48278730056,1022
11460.0,1917,0,0,0,6.863773711703051,1651.245696400626,5041.160290354349,1022
11461.0,1917,0,0,0,6.871064794951772,1651.262389149713,5041.838354843979,1021
11462.0,1917,0,0,0,6.873648310194093,1651.3369848721961,5042.516144772813,1022
11463.0,1918,0,1,0,6.865627161431915,1650.2924921793535,5040.566435364408,1018
11464.0,1918,0,0,0,6.864457925402699,1650.4650677789364,5041.246383997923,1018
11465.0,1917,0,0,1,6.841540077230059,1651.3990610328638,5039.89672316589,1014
11466.0,1917,0,0,0,6.8243453281203665,1651.45174752217,5040.57834161244,1010
11467.0,1918,0,1,0,6.8192827530952735,1650.711157455683,5038.633993579674,1013
11468.0,1918,0,0,0,6.797006117116241,1650.8633993743483,5039.319561097268,1020
11469.0,1918,0,0,0,6.793089629567481,1650.9582898852973,5040.006467456768,1018
11470.0,1917,0,0,1,6.7784051434159185,1651.981220657277,5038.816947133284,1020
11471.0,1917,0,0,0,6.74682075501339,1652.3004694835681,5039.508067945843,1033
11472.0,1917,0,0,0,6.716619334097233,1652.5367762128326,5040.202239568773,1037
11473.0,1916,0,0,1,6.664093679374723,1653.4175365344468,5039.974765060552,1038
11474.0,1916,0,0,0,6.605844932531939,1653.7165970772442,5040.676254301426,1046
11475.0,1917,0,1,0,6.569631684434237,1653.098069900887,5038.75178686554,1054
11476.0,1916,0,0,1,6.513917722983394,1654.2520876826723,5038.336705858237,1066
11477.0,1916,0,0,0,6.491433403176357,1654.3909185803757,5039.048086921563,1065
11478.0,1916,0,0,0,6.4742243380883755,1654.552192066806,5039.759566773211,1075
11479.0,1916,0,0,0,6.4601989643537525,1654.6132567849686,5040.472839787828,1074
11480.0,1916,0,0,0,6.446341349313613,1654.4765135699374,5041.186926146507,1079
11481.0,1917,0,1,0,6.434145316443974,1653.774647887324,5039.272823007701,1078
11482.0,1916,0,0,1,6.391139986812696,1654.9436325678496,5038.804474084446,1097
11483.0,1916,0,0,0,6.330645945417503,1655.2562630480168,5039.52662668058,1105
11484.0,1918,0,3,1,6.263419045127025,1653.90771637122,5031.608575638077,1119
11485.0,1917,0,0,1,6.189671208465434,1655.1966614501825,5032.329509341088,1139
11486.0,1917,0,1,1,6.1063215025662885,1655.6437141366719,5030.595103855005,1157
11487.0,1916,0,0,1,6.043775755026326,1656.9029227557412,5029.534524620259,1174
11488.0,1917,0,1,0,6.003264238068058,1656.4282733437663,5027.65299185117,1194
11489.0,1917,0,1,1,5.952485045447914,1656.6369327073553,5027.054871162013,1202
11490.0,1917,0,0,0,5.896816228025442,1657.1158059467919,5027.805031930474,1220
11491.0,1918,0,1,0,5.837549410082629,1656.7288842544317,5025.937417428741,1228
11492.0,1918,0,1,1,5.763457655426534,1657.2294056308656,5024.390389226866,1233
11493.0,1919,0,1,0,5.6841415470795065,1656.902553413236,5022.535041032582,1246
11494.0,1918,0,0,1,5.6148079990307425,1658.245046923879,5023.764422700516,1260
11495.0,1920,0,2,0,5.558925029096873,1657.1010416666666,5019.301059988223,1279
11496.0,1920,0,0,0,5.524957138446672,1657.5364583333333,5020.074461716618,1289
11497.0,1921,0,1,0,5.488602090909571,1657.2457053617907,5018.236498571641,1305
11498.0,1920,0,0,1,5.450176562662042,1658.3947916666666,5017.968490552123,1313
11499.0,1920,0,0,0,5.439918434431379,1658.9333333333334,5018.748112319265,1318
11500.0,1921,0,1,0,5.424938059330473,1658.5575221238937,5016.917227359331,1322
11501.0,1922,0,1,0,5.413533248707219,1658.1836628511967,5015.088645158806,1333
11502.0,1922,0,0,0,5.397324066292442,1658.7591050988553,5015.872656031368,1337
11503.0,1922,0,1,1,5.376290821774087,1659.3111342351717,5014.319180124873,1343
11504.0,1920,0,0,2,5.3600637415669,1661.5359375,5013.663401727415,1348
11505.0,1920,0,0,0,5.357667045930692,1662.1052083333334,5014.450866440178,1355
11506.0,1921,0,1,0,5.3647074262394225,1661.554919312858,5012.628248416288,1357
11507.0,1921,0,0,0,5.373637659832396,1662.0973451327434,5013.417597515601,1361
11508.0,1920,0,0,1,5.387435602519391,1663.5270833333334,5013.80840123654,1355
11509.0,1919,0,0,1,5.38363242842876,1664.969775924961,5016.667362228559,1358
11510.0,1919,0,1,1,5.366863365869742,1665.6133402813966,5014.925636042332,1367
11511.0,1919,0,0,0,5.3578095610563246,1666.1250651380929,5015.717532074749,1368
11512.0,1919,0,0,0,5.342654483355973,1666.638874413757,5016.511400658668,1373
11513.0,1918,0,0,1,5.32395429496474,1667.990615224192,5017.8755375711435,1367
11514.0,1917,0,0,1,5.322153412428209,1669.18779342723,5020.758006520791,1362
11515.0,1917,0,0,0,5.332773582506731,1669.7876890975483,5021.552185391548,1372
11516.0,1916,0,0,1,5.320316331961998,1671.2834029227558,5022.250639799504,1371
11517.0,1915,0,0,1,5.277343021523205,1672.4924281984333,5024.370603448499,1366
11518.0,1915,0,0,0,5.2600750028072305,1673.131592689295,5025.169040872944,1374
11519.0,1914,0,0,1,5.224953941577774,1674.596656217346,5024.09904980914,1375
11520.0,1913,0,0,1,5.198612938455504,1676.0841610036591,5025.918423864824,1379
11521.0,1913,0,0,0,5.275254490179233,1674.58180867747,5026.71427904505,1291
11522.0,1912,0,0,1,5.38154367709678,1674.7646443514645,5028.464873408186,1242
11523.0,1912,0,0,0,5.532126804636114,1674.24320083682,5029.242289943715,1207
11524.0,1912,0,0,0,5.702355967268599,1673.8859832635983,5030.009874124165,1182
11525.0,1912,0,0,0,5.87659549678392,1673.3410041841005,5030.76447504679,1158
11526.0,1912,0,0,0,6.035376927518842,1673.0632845188284,5031.507993761614,1137
11527.0,1912,0,0,0,6.173053827659635,1672.8206066945606,5032.242719744162,1126
11528.0,1911,0,0,1,6.301984827242973,1673.5761381475668,5033.459787858275,1115
11529.0,1909,0,0,2,6.375224031566368,1675.440544787847,5038.375870119162,1100
11530.0,1908,0,0,1,6.449525711406557,1676.208071278826,5039.551197279737,1092
11531.0,1907,0,0,1,6.498618728182533,1677.1242789722075,5042.242380858611,1091
11532.0,1907,0,0,0,6.550166161405309,1677.0980597797588,5042.949920556683,1087
11533.0,1907,0,0,0,6.608592123540432,1676.7147351861563,5043.653315704998,1072
11534.0,1907,0,0,0,6.64604400661253,1676.6638699528055,5044.354269179993,1063
11535.0,1907,0,0,0,6.6881459594953165,1676.7367593078134,5045.0511043698025,1064
11536.0,1907,0,0,0,6.704786348094282,1676.69743051914,5045.7453336124445,1062
11537.0,1907,0,0,0,6.712488047211861,1676.5789197692711,5046.438343761119,1049
11538.0,1907,0,0,0,6.729391444950647,1676.486628211851,5047.129819414178,1035
11539.0,1906,0,0,1,6.734514758698793,1677.3635886673662,5049.902821250277,1042
11540.0,1905,0,0,1,6.711700863084149,1677.9758530183726,5052.647895341653,1039
11541.0,1904,0,0,1,6.704077463777568,1678.8061974789916,5053.7841786337085,1032
11542.0,1904,0,0,0,6.713292970474586,1678.798844537815,5054.4754915388085,1035
11543.0,1903,0,0,1,6.684672626424697,1679.6353126642143,5056.29545991455,1030
11544.0,1903,0,0,0,6.6884516576011865,1679.6022070415133,5056.986058392975,1027
11545.0,1903,0,0,0,6.687135289582528,1679.7099316868103,5057.67804032551,1025
11546.0,1903,0,0,0,6.671953350268759,1679.5948502364688,5058.3708496935715,1023
11547.0,1904,0,1,0,6.660511761875643,1678.688550420168,5056.407076455167,1030
11548.0,1904,0,0,0,6.6503519567818445,1678.625,5057.102206630398,1030
11549.0,1904,0,0,0,6.645979377265631,1678.5971638655462,5057.796560161056,1033
11550.0,1904,0,0,0,6.637376504321806,1678.6034663865546,5058.491298039275,1030
11551.0,1904,0,0,0,6.624375362090999,1678.6281512605042,5059.187692815575,1032
11552.0,1904,0,0,0,6.6438693665491675,1678.7400210084033,5059.883950931054,1034
11553.0,1904,0,0,0,6.646344882124832,1678.6160714285713,5060.581059831501,1036
11554.0,1905,0,1,0,6.676771314319583,1677.5527559055117,5058.620656645473,1029
11555.0,1905,0,0,0,6.696296389081505,1677.4482939632546,5059.316198526168,1024
11556.0,1905,0,0,0,6.711934614932491,1677.277690288714,5060.011955255152,1021
11557.0,1904,0,0,1,6.705929267770749,1677.8539915966387,5059.929225885718,1011
11558.0,1905,0,1,0,6.682773076113122,1676.623622047244,5057.970417196786,1010
11559.0,1904,0,0,1,6.658766890507976,1677.405987394958,5057.580736172174,1010
11560.0,1904,0,0,0,6.650524469733501,1677.3792016806722,5058.282663533011,1019
11561.0,1904,0,0,0,6.621893449077067,1677.2263655462184,5058.987369166739,1019
11562.0,1903,0,0,1,6.557947353848987,1677.944823962165,5059.60041755873,1024
11563.0,1903,0,0,0,6.517660441840186,1677.9732002101944,5060.3131962228135,1029
11564.0,1902,0,0,1,6.456973514749132,1678.7686645636172,5062.483112844035,1041
11565.0,1901,0,1,2,6.394062163876012,1679.6975276170438,5061.761251684616,1052
11566.0,1901,0,0,0,6.373842725125735,1679.4166228300894,5062.4843331530865,1052
11567.0,1901,0,0,0,6.353402314764818,1679.4518674381904,5063.208177682912,1056
11568.0,1901,0,0,0,6.366516772671766,1679.2372435560233,5063.932020954053,1059
11569.0,1901,0,1,1,6.3613809942458674,1679.1699105733824,5063.788653003888,1055
11570.0,1899,0,0,2,6.356195907048039,1680.9899947340705,5064.416723935426,1068
11571.0,1900,0,1,0,6.348584375342678,1680.22,5062.475999105759,1082
11572.0,1899,0,1,2,6.3030376538039965,1681.3496577145866,5060.369418584171,1089
11573.0,1900,0,1,0,6.275781915918729,1680.6152631578948,5058.434329912393,1103
11574.0,1900,0,1,1,6.231263140707485,1680.688947368421,5055.9110281243475,1117
11575.0,1900,0,0,0,6.213322201530124,1681.0073684210527,5056.643905510296,1126
11576.0,1901,0,1,0,6.186070505592978,1680.3051025775908,5054.717357071144,1139
11577.0,1901,0,0,0,6.160089249783777,1680.3150973172014,5055.453878504278,1138
11578.0,1900,0,0,1,6.122299889865246,1681.4305263157894,5056.510594453226,1154
11579.0,1902,0,2,0,6.1024921428210055,1680.084647739222,5051.933193292378,1166
11580.0,1903,0,1,0,6.076582767776939,1679.6395165528113,5050.020186493644,1181
11581.0,1904,0,1,0,6.0419459828031785,1678.9070378151262,5048.111960714065,1181
11582.0,1904,0,0,0,5.989369377945773,1679.142331932773,5048.85932554525,1196
11583.0,1902,0,0,2,5.945231730536719,1681.3259726603576,5052.886712748874,1209
11584.0,1901,0,1,2,5.913210216259974,1682.404523934771,5051.5281677899575,1225
11585.0,1901,0,0,0,5.883119090624832,1682.4613361388742,5052.283325107985,1220
11586.0,1902,0,2,1,5.857386981710814,1681.8449001051524,5045.946259300517,1228
11587.0,1901,0,0,1,5.832567876275048,1683.2498684902682,5047.138231303655,1240
11588.0,1902,0,2,1,5.795190959316292,1682.8585699263933,5043.959165592663,1247
11589.0,1902,0,0,0,5.739484911865984,1683.0310199789694,5044.721398396429,1262
11590.0,1902,0,0,0,5.708707587952455,1683.2134595162986,5045.486804543704,1267
11591.0,1902,0,0,0,5.673011725639872,1683.7008412197686,5046.253929308372,1271
11592.0,1902,0,0,0,5.639888310461503,1684.1004206098844,5047.023988196877,1267
11593.0,1902,0,1,1,5.614793054962543,1684.6703470031546,5043.189279341215,1279
11594.0,1903,0,1,0,5.58062344740478,1684.1093011035207,5041.313410821491,1285
11595.0,1903,0,0,0,5.557928585837468,1684.4319495533368,5042.08844283899,1284
11596.0,1903,0,0,0,5.547344250438737,1684.9611140304783,5042.8644864624075,1294
11597.0,1903,0,0,0,5.5314099751636165,1685.5181292695743,5043.64284122812,1303
11598.0,1903,0,0,0,5.518073929161462,1686.0646347871782,5044.421012606937,1315
11599.0,1901,0,0,2,5.49575433472559,1688.4071541294056,5045.5849849470815,1319
11600.0,1902,0,1,0,5.472688407028957,1688.092534174553,5043.7135513888425,1322
11601.0,1902,0,0,0,5.443393004939239,1688.5736067297582,5044.496762915323,1324
11602.0,1902,0,0,0,5.423218631446265,1688.9358569926394,5045.282078758219,1330
11603.0,1902,0,0,0,5.398477396904421,1689.3017875920084,5046.068922247169,1330
11604.0,1902,0,0,0,5.387204583161679,1689.693480546793,5046.857334866327,1334
11605.0,1902,0,0,0,5.38069849889004,1690.105152471083,5047.64580719053,1347
11606.0,1902,0,0,0,5.365442239922631,1690.6808622502629,5048.436594599384,1357
11607.0,1900,0,0,2,5.335744703939037,1692.8573684210526,5053.397841246001,1360
11608.0,1900,0,0,0,5.311054758851247,1693.2763157894738,5054.191566337266,1364
11609.0,1900,0,0,0,5.297243414278876,1693.6821052631578,5054.98621938208,1366
11610.0,1900,0,0,0,5.29797740709582,1694.2552631578947,5055.780886840186,1369
11611.0,1900,0,0,0,5.3892956445034885,1692.9794736842105,5056.568810884918,1279
11612.0,1898,0,0,2,5.500801814036693,1694.1480505795573,5057.615500805772,1223
11613.0,1898,0,0,0,5.648309577802332,1693.694942044257,5058.385001480308,1184
11614.0,1898,0,0,0,5.825221536449392,1693.4346680716544,5059.141796209928,1152
11615.0,1898,0,0,0,5.988568827351573,1693.3719704952582,5059.886817839518,1129
11616.0,1898,0,0,0,6.150787435969018,1693.395152792413,5060.620549014518,1115
11617.0,1898,0,0,0,6.288241533232042,1693.3962065331928,5061.345197313098,1102
11618.0,1898,0,0,0,6.4232526775102174,1693.436248682824,5062.061056631225,1090
11619.0,1898,0,0,0,6.514764751300659,1693.6069546891465,5062.771141775209,1083
11620.0,1898,0,0,0,6.580153453940086,1693.7897787144364,5063.477099382133,1076
11621.0,1897,0,0,1,6.633871360904494,1694.9330521876648,5063.014619595042,1078
11622.0,1897,0,0,0,6.676126564056822,1695.1170268845547,5063.714192848343,1077
11623.0,1896,0,0,1,6.724655567082136,1696.173523206751,5066.470597204463,1068
11624.0,1896,0,0,0,6.764052114134259,1696.290611814346,5067.166549035306,1064
11625.0,1896,0,0,0,6.789641272842884,1696.407700421941,5067.860542528176,1063
11626.0,1895,0,0,1,6.8235509995285595,1697.510290237467,5068.652326353085,1064
11627.0,1895,0,0,0,6.869495223968314,1697.6211081794195,5069.340757784418,1054
11628.0,1893,0,0,2,6.881151789066339,1699.5916534601163,5070.301747877685,1057
11629.0,1893,0,0,0,6.890393000144471,1699.7221341785526,5070.990164030794,1055
11630.0,1893,0,0,0,6.896924983351944,1699.9984152139461,5071.6781631952235,1052
11631.0,1893,0,0,0,6.913095045312485,1700.2709984152139,5072.365637381073,1054
11632.0,1893,0,0,0,6.912254550419075,1700.498151082937,5073.053940252021,1051
11633.0,1893,0,0,0,6.9240189870816415,1700.5868991019545,5073.740315786179,1041
11634.0,1893,0,0,0,6.926335595561113,1700.7823560486001,5074.425532818979,1034
11635.0,1892,0,0,1,6.927389544215511,1701.806025369979,5074.638916762754,1029
11636.0,1892,0,0,0,6.955208443380172,1701.933403805497,5075.322747978442,1019
11637.0,1893,0,1,0,6.942797309161423,1701.1579503433702,5073.3246652703465,1014
11638.0,1893,0,0,0,6.955682495922006,1701.2044374009508,5074.007986831672,1010
11639.0,1893,0,0,0,6.964853061428482,1701.3940834653988,5074.689972837148,1010
11640.0,1892,0,0,1,6.967477492363753,1702.4423890063424,5074.961751781836,1014
11641.0,1891,0,0,1,6.964415699838622,1703.4722369116869,5075.863469383145,1014
11642.0,1891,0,0,0,6.969753839545445,1703.5039661554733,5076.545646740283,1009
11643.0,1891,0,0,0,6.95428760484461,1703.6086726599683,5077.228902462124,1008
11644.0,1892,0,1,0,6.955542730772443,1702.737315010571,5075.228703038815,1005
11645.0,1892,0,0,0,6.95463287997498,1702.9170190274842,5075.9134743971945,995
11646.0,1892,0,0,0,6.951957006764148,1703.110465116279,5076.599613828807,1007
11647.0,1891,0,0,1,6.929035602145813,1704.1142252776308,5078.4586451749365,1007
11648.0,1891,0,0,0,6.900953604249542,1704.227921734532,5079.148069865196,1015
11649.0,1891,0,0,0,6.910811583950704,1704.4145954521416,5079.837171556322,1013
11650.0,1891,0,0,0,6.90536788315963,1704.641988365944,5080.527777005403,1013
11651.0,1892,0,1,0,6.894078573570341,1703.9645877378437,5078.534223712096,1020
11652.0,1891,0,0,1,6.867114733222683,1705.0819672131147,5081.03389348405,1019
11653.0,1891,0,0,0,6.845924121113661,1705.3453199365415,5081.730235913911,1025
11654.0,1890,0,0,1,6.78750090755713,1706.4603174603174,5083.767088731682,1032
11655.0,1890,0,0,0,6.742161432529589,1706.7047619047619,5084.471164858087,1034
11656.0,1890,0,1,1,6.70393887038978,1706.863492063492,5082.7202718522285,1040
11657.0,1890,0,0,0,6.668385103084219,1707.0037037037036,5083.427951014953,1036
11658.0,1890,0,0,0,6.625546835907551,1707.2185185185185,5084.138432336471,1047
11659.0,1889,0,0,1,6.572710250393785,1708.3509793541557,5084.926788694505,1046
11660.0,1887,0,0,2,6.523552235189998,1710.4663487016428,5085.093178139496,1063
11661.0,1885,0,0,2,6.472764067609255,1712.604774535809,5086.053542191852,1071
11662.0,1886,0,1,0,6.455892512397736,1712.1145281018028,5084.073954486401,1081
11663.0,1885,0,1,2,6.409677100005775,1713.4456233421752,5084.769626122384,1091
11664.0,1886,0,1,0,6.38061481535311,1712.9273594909862,5082.795644563721,1106
11665.0,1887,0,1,0,6.338891789110921,1712.3979862215156,5080.826863592199,1120
11666.0,1888,0,1,0,6.308598660281833,1711.8183262711864,5078.863798057514,1128
11667.0,1888,0,0,0,6.25219947195301,1712.2685381355932,5079.595041263616,1139
11668.0,1888,0,0,0,6.197461443492443,1712.7457627118645,5080.331550909134,1157
11669.0,1890,0,2,0,6.147401360488061,1711.3174603174602,5075.6929225233425,1165
11670.0,1890,0,0,0,6.093403955996904,1711.804761904762,5076.435210191742,1175
11671.0,1890,0,1,1,6.07168546337521,1712.2899470899472,5074.523783468426,1188
11672.0,1891,0,1,0,6.034464652512199,1711.897408778424,5072.586608501448,1197
11673.0,1890,0,1,2,5.980655149453736,1713.3132275132275,5073.81660875896,1210
11674.0,1891,0,1,0,5.919626647216655,1712.9286092014806,5071.887855788323,1219
11675.0,1891,0,1,1,5.861338867888877,1713.2670544685352,5072.041077224939,1225
11676.0,1890,0,0,1,5.809119636340707,1714.6656084656086,5073.86579194574,1233
11677.0,1891,0,2,1,5.734000627171518,1714.2321523003702,5071.1115274873255,1243
11678.0,1891,0,0,0,5.694988964155335,1714.7948175568483,5071.8829482495385,1260
11679.0,1892,0,1,0,5.655398893359651,1714.4450317124736,5069.974365259866,1269
11680.0,1892,0,0,0,5.639782231110483,1714.9149048625793,5070.748988444186,1277
11681.0,1893,0,1,0,5.618909944412208,1714.488642366614,5068.844485982816,1274
11682.0,1892,0,0,1,5.593469512271538,1715.9207188160676,5069.828119504346,1278
11683.0,1892,0,0,0,5.57148095026007,1716.3176532769555,5070.605117778554,1282
11684.0,1893,0,1,0,5.54201222324879,1715.973586899102,5068.705340373229,1291
11685.0,1893,0,0,0,5.519256446910943,1716.498679344955,5069.4865348110525,1304
11686.0,1893,0,0,0,5.496504315085501,1717.095087163233,5070.269820336375,1312
11687.0,1892,0,1,2,5.465075637313012,1718.5988372093022,5064.521790829679,1316
11688.0,1890,0,0,2,5.437754219752137,1721.0338624338624,5068.912272619658,1323
11689.0,1890,0,0,0,5.436644748884844,1721.6830687830688,5069.701304388694,1334
11690.0,1891,0,1,0,5.440267732780212,1721.416181914331,5067.809922991022,1339
11691.0,1891,0,0,0,5.453211632544869,1721.950819672131,5068.600081599042,1337
11692.0,1890,0,0,1,5.448453586441212,1723.410582010582,5067.577544510484,1343
11693.0,1888,0,0,2,5.426838667828031,1725.8125,5071.9367085439,1350
11694.0,1888,0,0,0,5.408605446192531,1726.4427966101696,5072.7324944106085,1356
11695.0,1888,0,0,0,5.401375028935943,1727.061970338983,5073.52891361781,1356
11696.0,1888,0,0,0,5.3754920092103005,1727.6896186440679,5074.327485847242,1363
11697.0,1887,0,0,1,5.348074297726454,1729.2464228934816,5076.540747297357,1368
11698.0,1887,0,0,0,5.335274337158891,1729.935877053524,5077.341153244509,1382
11699.0,1887,0,0,0,5.315038321621084,1730.5945945945946,5078.142774880189,1386
11700.0,1887,0,0,0,5.294052636695971,1731.1971383147854,5078.945127505706,1381
11701.0,1887,0,0,0,5.3659791168805775,1729.8643349231584,5079.74186181304,1294
11702.0,1887,0,0,0,5.464598495981921,1729.1160572337044,5080.531436465762,1242
11703.0,1887,0,0,0,5.589122745970327,1728.5935347111817,5081.3121663652055,1211
11704.0,1887,0,0,0,5.742220241032688,1728.1022787493375,5082.081850374283,1185
11705.0,1886,0,0,1,5.890654536041709,1728.4862142099682,5084.673398499507,1158
11706.0,1886,0,0,0,6.038751801988678,1728.3764581124071,5085.422173022026,1147
11707.0,1885,0,0,1,6.150095823754285,1729.2753315649868,5087.217850629429,1129
11708.0,1885,0,0,0,6.243891016166831,1729.3490716180372,5087.951111161716,1115
11709.0,1885,0,0,0,6.363089286014936,1729.517771883289,5088.677072592895,1104
11710.0,1884,0,0,1,6.4188082125068044,1730.5928874734607,5091.5540669660595,1093
11711.0,1883,0,0,1,6.446787387825239,1731.7100371747213,5091.114930724135,1088
11712.0,1883,0,0,0,6.497447208377299,1731.7594264471588,5091.829043808355,1083
11713.0,1882,0,0,1,6.539007197727973,1732.8522848034006,5092.121022015001,1077
11714.0,1882,0,0,0,6.589488191213966,1732.921891604676,5092.829777294633,1079
11715.0,1881,0,0,1,6.624007580389969,1733.9654439128124,5095.701036688942,1071
11716.0,1881,0,0,0,6.649603561385907,1734.0499734183945,5096.405484540694,1066
11717.0,1881,0,0,0,6.687085020990721,1734.1244019138755,5097.106289434244,1066
11718.0,1880,0,0,1,6.688488706599467,1735.1898936170212,5097.881850878851,1070
11719.0,1880,0,0,0,6.707388484392727,1735.3015957446808,5098.581973084081,1070
11720.0,1880,0,0,0,6.712768926743453,1735.4489361702128,5099.28092784869,1062
11721.0,1880,0,0,0,6.717709992269162,1735.6037234042553,5099.9798953487425,1061
11722.0,1880,0,0,0,6.736533967805639,1735.7510638297872,5100.676451053718,1061
11723.0,1880,0,0,0,6.74963895623246,1735.5861702127659,5101.373723451366,1050
11724.0,1880,0,0,0,6.751423467612733,1735.5952127659575,5102.069688375686,1045
11725.0,1880,0,0,0,6.743027342608167,1735.584574468085,5102.76698196106,1039
11726.0,1880,0,0,0,6.74487725236716,1735.3228723404254,5103.462783350812,1025
11727.0,1880,0,0,0,6.74537106118084,1735.2478723404256,5104.158566861091,1021
11728.0,1881,0,1,0,6.743698150447849,1734.1653375863903,5102.1403546650545,1017
11729.0,1881,0,0,0,6.767908015502416,1733.9537480063796,5102.8336025205135,1010
11730.0,1881,0,0,0,6.775649241455158,1733.8947368421052,5103.526919311533,1002
11731.0,1881,0,0,0,6.798157435650944,1733.956937799043,5104.219083985806,999
11732.0,1881,0,0,0,6.823829821528006,1734.1398192450824,5104.910494521445,1002
11733.0,1881,0,0,0,6.819368144590618,1734.1456671982987,5105.601658201636,1002
11734.0,1881,0,1,1,6.8138655461404785,1734.2286018075492,5101.832413984966,1007
11735.0,1881,0,0,0,6.8120301326330495,1734.364167995747,5102.525009083736,1005
11736.0,1881,0,0,0,6.800136831540277,1734.4779372674109,5103.217272632371,1002
11737.0,1881,0,0,0,6.7884921222445636,1734.5491759702286,5103.911095831896,999
11738.0,1881,0,1,1,6.7584020476832976,1734.6985645933014,5100.941759501552,1003
11739.0,1881,0,0,0,6.729995872098925,1734.9372674109516,5101.637208446181,1012
11740.0,1881,0,0,0,6.675315359830681,1735.0675172780436,5102.336515911627,1010
11741.0,1880,0,0,1,6.6324690076397665,1736.097340425532,5102.812053927638,1015
11742.0,1879,0,0,1,6.561528313077267,1737.2863225119745,5105.640293776132,1020
11743.0,1877,0,0,2,6.490819046871148,1739.4288758657433,5107.224744780378,1029
11744.0,1877,0,0,0,6.4380209156653425,1739.7629195524773,5107.9395380576225,1050
11745.0,1877,0,0,0,6.401253503084011,1740.1166755460843,5108.656501728752,1057
11746.0,1878,0,1,0,6.345803585660239,1739.4664536741213,5106.6560812156085,1062
11747.0,1877,0,0,1,6.29266087502333,1740.3638785295684,5106.958471728639,1062
11748.0,1877,0,0,0,6.268538149446844,1740.6004262120405,5107.685911777489,1073
11749.0,1878,0,1,0,6.23418341621459,1739.9861554845581,5105.696384184123,1085
11750.0,1878,0,0,0,6.204315126823498,1740.3690095846646,5106.4295894818915,1106
11751.0,1878,0,1,1,6.169877949188334,1740.7316293929712,5104.584388630315,1116
11752.0,1879,0,1,0,6.1306445191517644,1740.1804151144227,5102.606148361217,1127
11753.0,1879,0,0,0,6.111193203538622,1740.5721128259713,5103.346691545228,1138
11754.0,1879,0,0,0,6.080086344991004,1740.9542309739222,5104.089428126026,1161
11755.0,1878,0,0,1,6.0455716164288855,1742.3328008519702,5103.673193639394,1179
11756.0,1878,0,0,0,6.039913768504108,1742.8067092651756,5104.419526775631,1186
11757.0,1878,0,0,0,6.009606972674748,1743.2784877529286,5105.168095467847,1193
11758.0,1878,0,0,0,5.997268821057099,1743.7651757188498,5105.916885072497,1210
11759.0,1878,0,1,1,5.95746690278625,1744.2646432374868,5102.997396596768,1218
11760.0,1878,0,0,0,5.923253742394663,1744.7577209797657,5103.750716328951,1223
11761.0,1877,0,0,1,5.873899770562173,1746.0527437400106,5105.0638073772125,1227
11762.0,1877,0,0,0,5.833829925726656,1746.6046883324454,5105.823084397301,1235
11763.0,1877,0,0,0,5.81114073509043,1747.1987213638786,5106.584076824083,1243
11764.0,1877,0,0,0,5.784235905542311,1747.70431539691,5107.346476779609,1255
11765.0,1878,0,1,0,5.745969243724385,1747.318423855165,5105.391244774019,1262
11766.0,1878,0,0,0,5.702855164166443,1747.8658146964856,5106.159615514407,1268
11767.0,1879,0,1,0,5.688480995959434,1747.3980840872805,5104.210727966977,1271
11768.0,1879,0,0,0,5.678111162621869,1747.7935071846728,5104.981853331339,1276
11769.0,1879,0,0,0,5.6708264972413405,1748.3815859499734,5105.753002157949,1287
11770.0,1880,0,1,0,5.660888773892686,1748.0281914893617,5103.809707678848,1290
11771.0,1879,0,0,1,5.629592144976705,1749.5194252261842,5106.74828256086,1297
11772.0,1879,0,0,0,5.607862030290792,1750.1261309207025,5107.525058711523,1308
11773.0,1880,0,1,0,5.568954460602421,1749.7643617021276,5105.586347631047,1317
11774.0,1880,0,0,0,5.545072959379061,1750.229255319149,5106.366822996528,1323
11775.0,1881,0,1,0,5.525853497771794,1749.6166932482722,5104.432941864467,1320
11776.0,1881,0,0,0,5.5131606901239,1750.1451355661882,5105.216352687706,1328
11777.0,1881,0,0,0,5.510450642396096,1750.545986177565,5105.999210696602,1330
11778.0,1880,0,0,1,5.498120892884644,1751.9585106382979,5105.271893948117,1328
11779.0,1880,0,0,0,5.482214579932282,1752.5239361702127,5106.057908443135,1336
11780.0,1880,0,1,1,5.446725273571395,1753.1356382978724,5104.731086009666,1341
11781.0,1880,0,0,0,5.414172632444333,1753.8106382978724,5105.52099311497,1356
11782.0,1880,0,0,0,5.38474908325193,1754.3606382978724,5106.312826173661,1355
11783.0,1880,0,0,0,5.370901765781832,1754.7494680851064,5107.106054274891,1355
11784.0,1879,0,0,1,5.3519020180529315,1756.3102714209685,5109.923309673837,1365
11785.0,1878,0,0,1,5.323468973238602,1757.8088391906283,5112.785744273645,1365
11786.0,1878,0,0,0,5.314621682135799,1758.4323748668796,5113.582357948068,1368
11787.0,1878,0,0,0,5.3208293282181724,1759.0138445154419,5114.378117369551,1368
11788.0,1877,0,0,1,5.304479188255157,1760.5210442194991,5117.343983083038,1364
11789.0,1877,0,0,0,5.274195323035782,1761.1326584976025,5118.142093941067,1362
11790.0,1876,0,0,1,5.226040919418768,1762.5703624733476,5119.73299664387,1370
11791.0,1875,0,0,1,5.261909450586905,1762.1104,5121.9416269353915,1299
11792.0,1874,0,0,1,5.351041533427337,1762.3217716115262,5123.39337319947,1255
11793.0,1874,0,0,0,5.471850202978152,1761.824439701174,5124.174433248708,1217
11794.0,1873,0,0,1,5.5890163640668735,1762.382808328884,5127.122651974183,1193
11795.0,1873,0,0,0,5.7633849564280295,1762.2792311799253,5127.882213368723,1174
11796.0,1872,0,0,1,5.907873933138717,1763.1602564102564,5130.8324468313385,1151
11797.0,1872,0,0,0,6.046675677439182,1763.2067307692307,5131.570491783028,1135
11798.0,1872,0,0,0,6.189172136688127,1762.7879273504273,5132.299467591352,1118
11799.0,1872,0,0,0,6.289031093865002,1762.719017094017,5133.022885508736,1109
11800.0,1872,0,0,0,6.365128157342184,1762.7211538461538,5133.741789690894,1105
11801.0,1870,0,0,2,6.4179043197328385,1764.6160427807486,5133.980781719669,1091
11802.0,1867,0,0,3,6.471480154499943,1767.2404927691484,5133.506329251385,1081
11803.0,1866,0,0,1,6.514596948632956,1768.2690246516613,5132.636452167395,1083
11804.0,1866,0,0,0,6.550805825661389,1768.304394426581,5133.341752093975,1073
11805.0,1866,0,0,0,6.598131830910957,1768.3585209003215,5134.044699526415,1068
11806.0,1866,0,0,0,6.646275907251449,1768.37513397642,5134.7441566184625,1068
11807.0,1866,0,0,0,6.704883807826949,1768.4592711682744,5135.441289163542,1060
11808.0,1865,0,0,1,6.727811610589801,1769.5115281501342,5135.237820062511,1049
11809.0,1865,0,0,0,6.75933873037203,1769.5024128686327,5135.930487570605,1038
11810.0,1865,0,0,0,6.776390027089804,1769.5646112600537,5136.622733013456,1038
11811.0,1865,0,0,0,6.801867426572113,1769.6621983914208,5137.31398698386,1031
11812.0,1865,0,0,0,6.813711011539052,1769.7973190348525,5138.005773624476,1033
11813.0,1865,0,0,0,6.833461217867304,1769.655764075067,5138.696491974934,1027
11814.0,1865,0,0,0,6.848717988090807,1769.6552278820375,5139.386503746338,1018
11815.0,1865,0,0,0,6.845107276851781,1769.6552278820375,5140.076869456854,1012
11816.0,1866,0,1,0,6.840839216872026,1768.6538049303322,5138.011776558297,1009
11817.0,1865,0,0,1,6.811266570306031,1769.6069705093835,5138.286539220627,1005
11818.0,1865,0,0,0,6.799180679773081,1769.6391420911527,5138.9794174311955,1003
11819.0,1864,0,0,1,6.789965733874858,1770.598712446352,5139.998480852352,1002
11820.0,1863,0,0,1,6.765880119073121,1771.385936661299,5141.072284591579,989
11821.0,1863,0,0,0,6.763878279901971,1771.4288781535158,5141.766911064779,993
11822.0,1863,0,0,0,6.770732295533535,1771.4895330112722,5142.461984195162,985
11823.0,1863,0,0,0,6.759985985214668,1771.5496511003757,5143.157951457893,983
11824.0,1863,0,1,1,6.748788025316415,1771.6215780998389,5141.480721195459,973
11825.0,1863,0,0,0,6.744740102045392,1771.8019323671497,5142.177403487222,979
11826.0,1862,0,0,1,6.734467763998427,1772.8893662728249,5143.220985021318,983
11827.0,1862,0,0,0,6.752675663128641,1772.9135338345864,5143.917428002935,987
11828.0,1862,0,0,0,6.760132383307878,1773.15574650913,5144.61514992289,996
11829.0,1863,0,1,0,6.748608780835381,1772.4873859366612,5142.550246837505,998
11830.0,1863,0,0,0,6.738270888196734,1772.7767042404723,5143.2489332994355,1004
11831.0,1863,0,0,0,6.724199573908856,1772.9581320450886,5143.949002839994,1001
11832.0,1862,0,0,1,6.685147676259998,1774.200859291085,5146.526817871284,1007
11833.0,1862,0,0,0,6.6564071667458435,1774.5359828141784,5147.23221008637,1008
11834.0,1862,0,0,0,6.6063261367156025,1774.8233082706768,5147.941430748489,1025
11835.0,1863,0,1,0,6.572713426926036,1774.1980676328503,5145.889369609391,1033
11836.0,1862,0,0,1,6.53749039116305,1775.1482277121374,5147.689763928119,1024
11837.0,1862,0,0,0,6.52688708641389,1775.345864661654,5148.40554779519,1032
11838.0,1861,0,0,1,6.512798309945629,1776.6362170875873,5148.601041603366,1041
11839.0,1860,0,0,1,6.507373192175428,1777.9467741935484,5148.2775579451045,1056
11840.0,1860,0,0,0,6.490142496826177,1778.318817204301,5148.994535861911,1061
11841.0,1859,0,1,2,6.466040418650674,1779.6363636363637,5149.221795421071,1067
11842.0,1859,0,0,0,6.424358941769098,1780.024206562668,5149.943157315745,1077
11843.0,1860,0,2,1,6.364305493135683,1779.4510752688172,5145.121101202672,1086
11844.0,1860,0,0,0,6.3173559319828625,1779.713440860215,5145.84993367125,1096
11845.0,1860,0,0,0,6.266358453215178,1780.1854838709678,5146.582345736559,1110
11846.0,1860,0,1,1,6.224078126605785,1780.6295698924732,5146.454593874764,1128
11847.0,1860,0,1,1,6.198996288420047,1781.1177419354838,5144.998896628969,1143
11848.0,1860,0,0,0,6.1649770370252375,1781.605376344086,5145.739574662854,1156
11849.0,1860,0,1,1,6.140009266352088,1782.0994623655913,5143.982272071122,1168
11850.0,1861,0,1,0,6.108913383658061,1781.6195593766793,5141.963239810707,1175
11851.0,1861,0,0,0,6.085096801361662,1781.95754970446,5142.711443054738,1191
11852.0,1863,0,2,0,6.069442016224456,1780.480407944176,5137.939989819438,1207
11853.0,1861,0,0,2,6.020028000121775,1782.9666845781837,5137.954595301761,1221
11854.0,1861,0,1,1,5.9647983940049025,1783.3530360021493,5138.021518961133,1223
11855.0,1862,0,1,0,5.934174112100534,1782.8893662728249,5136.0213074582325,1229
11856.0,1861,0,1,2,5.881332311000227,1784.3433637829123,5137.572243860745,1240
11857.0,1861,0,1,1,5.85169373864838,1784.8242880171952,5137.046332350409,1243
11858.0,1861,0,1,1,5.823555246889906,1785.0897367006985,5133.2939130599125,1247
11859.0,1861,0,0,0,5.802013925595355,1785.6098871574422,5134.064406199833,1258
11860.0,1861,0,1,1,5.786624413012302,1786.1380977968834,5129.80141671649,1265
11861.0,1859,0,1,3,5.735512201536616,1788.5836471221087,5125.394416030697,1267
11862.0,1860,0,1,0,5.70908694154769,1788.144623655914,5123.415299350126,1280
11863.0,1857,0,0,3,5.663184708060522,1791.5880452342487,5119.854434816173,1284
11864.0,1858,0,1,0,5.637704307346933,1791.1738428417652,5117.8808550428685,1290
11865.0,1858,0,0,0,5.600340024061535,1791.6017222820237,5118.665704312637,1300
11866.0,1858,0,0,0,5.5762717774135115,1792.1377825618945,5119.452702825116,1305
11867.0,1859,0,2,1,5.521988179954195,1791.7385691231846,5115.155379289898,1317
11868.0,1859,0,0,0,5.48108611721217,1792.3308230231307,5115.9476461562945,1316
11869.0,1860,0,1,0,5.462374826229469,1791.8333333333333,5113.990572261667,1313
11870.0,1861,0,1,0,5.443356526187855,1791.4266523374529,5112.036322740555,1324
11871.0,1862,0,1,0,5.440856917638771,1791.0026852846402,5110.084909325864,1328
11872.0,1862,0,0,0,5.409488722992702,1791.3823845327604,5110.881317849355,1335
11873.0,1862,0,1,1,5.3739714745856615,1792.0198711063372,5111.138746016577,1344
11874.0,1862,0,0,0,5.353442315510952,1792.6648764769066,5111.938706229131,1351
11875.0,1862,0,0,0,5.3344027430337615,1793.325993555317,5112.739870190991,1362
11876.0,1863,0,1,0,5.323542791735404,1792.987117552335,5110.796935137474,1365
11877.0,1863,0,0,0,5.314467165480782,1793.6022544283414,5111.599694542217,1369
11878.0,1862,0,0,1,5.295600056885465,1795.2035445757251,5114.604157625379,1375
11879.0,1862,0,0,0,5.292082024249529,1795.858216970999,5115.40891449455,1381
11880.0,1861,0,0,1,5.263322028206259,1797.5088662009673,5114.6380302323905,1388
11881.0,1860,0,0,1,5.34688684162985,1796.6967741935484,5117.623521733953,1300
11882.0,1859,0,0,1,5.465850177120757,1796.7740720817644,5120.561772849075,1244
11883.0,1858,0,0,1,5.615799557860027,1797.2168998923573,5121.704777628896,1212
11884.0,1858,0,0,0,5.796613488471848,1796.6415500538212,5122.473032378902,1173
11885.0,1858,0,0,0,5.981592762607017,1795.9472551130248,5123.22879479092,1126
11886.0,1856,0,0,2,6.141813171476663,1797.5651939655172,5125.165978238123,1106
11887.0,1856,0,0,0,6.299136612764924,1797.3766163793102,5125.899319008898,1092
11888.0,1855,0,0,1,6.456795777420998,1797.9256064690028,5128.799213049083,1071
11889.0,1854,0,0,1,6.574745321788289,1798.8425026968716,5129.416250112056,1056
11890.0,1853,0,0,1,6.6694558458937285,1799.6098219104156,5131.977747091431,1039
11891.0,1853,0,0,0,6.7399133388428005,1799.2930383162438,5132.68013356047,1036
11892.0,1853,0,0,0,6.797161656726949,1798.990286022666,5133.379708916484,1039
11893.0,1853,0,0,0,6.841339291295716,1798.9595250944415,5134.074722954284,1030
11894.0,1853,0,0,0,6.887640074553686,1798.5418240690772,5134.769242163446,1019
11895.0,1853,0,0,0,6.909180563881451,1798.1926605504586,5135.460697221405,1018
11896.0,1853,0,0,0,6.945841239140332,1797.6001079330815,5136.150543339437,1010
11897.0,1852,0,0,1,6.955768477573711,1798.218142548596,5137.329191559272,1005
11898.0,1852,0,0,0,6.956473103798557,1797.97030237581,5138.017581071584,998
11899.0,1852,0,0,0,6.970854171873057,1797.671706263499,5138.703776166829,989
11900.0,1852,0,0,0,6.979705388544777,1797.5280777537796,5139.389194243394,984
11901.0,1852,0,0,0,6.962025950099718,1797.1976241900647,5140.075723564473,982
11902.0,1851,0,0,1,6.976622549480965,1798.143165856294,5140.292996319039,983
11903.0,1851,0,0,0,6.984057455385792,1797.5337655321448,5140.977792566738,970
11904.0,1850,0,0,1,6.989332379860817,1798.228108108108,5143.4188366191775,970
11905.0,1850,0,0,0,6.99609704378074,1797.8605405405406,5144.103821879245,968
11906.0,1851,0,1,0,6.992592404186751,1796.4873041599135,5142.009220754409,964
11907.0,1851,0,0,0,7.021777541698318,1796.0788762830903,5142.693294197339,957
11908.0,1851,0,0,0,7.049413001111652,1795.6369529983792,5143.375481772645,952
11909.0,1850,0,0,1,7.0657680186660405,1796.1902702702703,5146.228212500737,941
11910.0,1850,0,0,0,7.065896138295588,1796.091891891892,5146.909453287914,947
11911.0,1849,0,0,1,7.0929394060499025,1796.6706327744728,5145.827764974766,948
11912.0,1846,0,0,3,7.062482214612876,1799.2139761646804,5149.12765995071,935
11913.0,1845,0,0,1,7.07283357347905,1799.8233062330623,5151.971636507185,939
11914.0,1846,0,1,0,7.07091599825692,1798.498374864572,5149.861594400416,934
11915.0,1845,0,0,1,7.101695505597167,1799.3626016260162,5152.711464267468,933
11916.0,1845,0,0,0,7.090843235123151,1799.0764227642276,5153.39326322911,928
11917.0,1844,0,0,1,7.089053783375692,1800.0016268980478,5153.565046370092,926
11918.0,1844,0,1,1,7.0612807513805524,1799.493492407809,5151.939392887364,921
11919.0,1843,0,0,1,7.04481472845137,1800.4584915897992,5154.464664005526,929
11920.0,1843,0,0,0,7.031902325483476,1800.2588171459577,5155.151893381549,933
11921.0,1843,0,0,0,6.994785656515224,1800.1101465002712,5155.842713275007,948
11922.0,1843,0,0,0,6.959325912057854,1799.98752034726,5156.534876333246,956
11923.0,1843,0,0,0,6.936122390019121,1800.1508410200759,5157.229912025429,958
11924.0,1843,0,0,0,6.896557793188513,1800.0992946283234,5157.92780180758,969
11925.0,1844,0,1,0,6.843208305246344,1799.0005422993493,5155.831772353764,975
11926.0,1844,0,0,0,6.824898517729008,1798.8503253796096,5156.535144924015,974
11927.0,1844,0,0,0,6.800804835819081,1798.5932754880694,5157.239876094745,980
11928.0,1843,0,0,1,6.753751087266738,1799.430819316332,5156.760614158314,996
11929.0,1843,0,0,0,6.721798439822431,1799.319587628866,5157.469898911139,1009
11930.0,1843,0,0,0,6.689972786414108,1799.4867064568639,5158.181352883142,1024
11931.0,1841,0,0,2,6.602592626061533,1801.9000543183054,5161.203042104622,1049
11932.0,1843,0,2,0,6.57947897648457,1800.3944655453065,5156.317806301265,1061
11933.0,1843,0,0,0,6.553145182721212,1800.612045577862,5157.036654633412,1070
11934.0,1843,0,1,1,6.502527305009689,1800.511665762344,5152.858059247696,1075
11935.0,1843,0,0,0,6.471703883240126,1800.7178513293543,5153.581918563016,1092
11936.0,1842,0,0,1,6.432512790351727,1801.9473398479913,5154.299631662971,1107
11937.0,1842,0,1,1,6.394869345899307,1802.1058631921824,5154.502349080295,1121
11938.0,1842,0,0,0,6.34950069703142,1802.2926167209555,5155.234661756153,1125
11939.0,1842,0,0,0,6.315373082676766,1802.8061889250814,5155.969244612753,1137
11940.0,1841,0,0,1,6.257375197834148,1804.0478001086367,5156.873950285795,1142
11941.0,1840,0,0,1,6.199562931001241,1805.5570652173913,5158.2120911934835,1155
11942.0,1841,0,1,0,6.1634611272514475,1805.1260184682237,5156.152430146836,1176
11943.0,1841,0,0,0,6.129206322762185,1805.7131993481803,5156.898311854371,1190
11944.0,1841,0,0,0,6.110747546820424,1805.9141770776753,5157.646200267558,1195
11945.0,1840,0,0,1,6.054118532810068,1807.3483695652174,5160.619700897571,1201
11946.0,1842,0,2,0,5.997380374737441,1805.8507057546146,5155.771409584439,1206
11947.0,1843,0,1,0,5.971829272695906,1805.345632121541,5153.731958280701,1212
11948.0,1842,0,0,1,5.926326012340211,1806.8365906623235,5153.965817075921,1220
11949.0,1842,0,0,0,5.909677753710604,1807.3322475570033,5154.729050437849,1227
11950.0,1841,0,0,1,5.888136578233515,1808.8908202064097,5157.679774626891,1250
11951.0,1841,0,0,0,5.855649764807239,1809.1558935361218,5158.446381167597,1256
11952.0,1841,0,0,0,5.818602967826106,1809.6675719717546,5159.216338723655,1268
11953.0,1841,0,1,1,5.755740363639996,1810.1368821292776,5155.35757638445,1277
11954.0,1840,0,0,1,5.699345801255101,1811.770652173913,5154.6677670748395,1284
11955.0,1840,0,0,0,5.661277190085394,1812.3907608695652,5155.446792363827,1296
11956.0,1841,0,1,0,5.621863325770357,1812.0184682237914,5153.4263189831345,1301
11957.0,1841,0,0,0,5.6096599739121515,1812.5535035306898,5154.207778405289,1308
11958.0,1841,0,0,0,5.58061050718571,1813.0630092341119,5154.992040974645,1310
11959.0,1841,0,0,0,5.575709286563833,1813.2368278109723,5155.775543365955,1304
11960.0,1840,0,0,1,5.547453189046139,1814.7739130434782,5157.024492873548,1315
11961.0,1840,0,1,1,5.519995954281955,1815.2766304347826,5154.776773487093,1316
11962.0,1839,0,0,1,5.4701376908253865,1816.726481783578,5157.813947015728,1313
11963.0,1839,0,0,0,5.449547532513362,1817.1930396954867,5158.606521788594,1322
11964.0,1839,0,0,0,5.435081816325022,1817.6704730831973,5159.399993043833,1326
11965.0,1838,0,0,1,5.403607116726343,1819.2742110990207,5162.449672382163,1333
11966.0,1838,0,0,0,5.392370036113127,1819.5184983677912,5163.245613342084,1338
11967.0,1837,0,0,1,5.376314471924669,1821.126292868808,5166.293592891509,1342
11968.0,1837,0,0,0,5.3715606418282,1821.739248775177,5167.090054408778,1349
11969.0,1837,0,0,0,5.359398620796178,1822.3592814371257,5167.886991988831,1352
11970.0,1836,0,0,1,5.334787538305929,1823.958605664488,5170.927820794048,1352
11971.0,1835,0,0,1,5.392379609116714,1823.4899182561307,5171.160853310382,1267
11972.0,1833,0,0,2,5.497847169402175,1824.4631751227496,5168.018206967644,1204
11973.0,1832,0,0,1,5.654567820479372,1824.667576419214,5168.895266467729,1146
11974.0,1830,0,0,2,5.825461386011244,1825.8016393442622,5166.634328662801,1106
11975.0,1829,0,0,1,6.016095466991494,1826.3285948605796,5164.870538712736,1076
11976.0,1829,0,0,0,6.232797537180837,1826.0858392564244,5165.606631158375,1053
11977.0,1828,0,0,1,6.426014217093948,1826.8774617067834,5163.440161087041,1037
11978.0,1827,0,0,1,6.590035689237599,1827.6781609195402,5164.4544397771415,1014
11979.0,1827,0,0,0,6.727519054195974,1827.6294471811714,5165.156953660124,1013
11980.0,1826,0,0,1,6.846719838970251,1828.4819277108434,5168.112332050321,1000
11981.0,1826,0,0,0,6.923611791966269,1828.1861993428258,5168.801514773259,1005
11982.0,1826,0,0,0,7.010576214848163,1828.1949616648412,5169.485858244468,997
11983.0,1826,0,0,0,7.081928873181602,1828.2573932092005,5170.165353573676,990
11984.0,1826,0,0,0,7.144482663125116,1828.1489594742607,5170.839508436403,974
11985.0,1826,0,0,0,7.180242447550794,1828.067907995619,5171.511911134638,967
11986.0,1825,0,0,1,7.1796465618681715,1829.1276712328768,5171.383089327424,964
11987.0,1825,0,0,0,7.193209331553246,1828.9983561643835,5172.052189359857,950
11988.0,1825,0,0,0,7.200317424598055,1829.0175342465755,5172.721571775629,953
11989.0,1825,0,0,0,7.217864146568262,1829.0082191780823,5173.3901269544795,953
11990.0,1825,0,0,0,7.253120057262667,1828.7572602739726,5174.055905374737,947
11991.0,1825,0,0,0,7.275694715969375,1828.6432876712329,5174.721393924978,947
11992.0,1823,0,0,2,7.2859222972247535,1830.6099835436094,5173.4236987160075,942
11993.0,1822,0,0,1,7.3173302912457,1831.5598243688255,5172.607006869278,933
11994.0,1821,0,0,1,7.30734415328139,1832.5019220208676,5174.431292137229,917
11995.0,1821,0,0,0,7.301723757084417,1832.4179022515102,5175.094668013163,917
11996.0,1821,0,0,0,7.308951171909103,1832.497528830313,5175.757850044639,915
11997.0,1821,0,1,1,7.2801636936655365,1832.0472267984624,5172.812387384764,908
11998.0,1821,0,0,0,7.277284874722024,1832.0637012630423,5173.476419302958,918
11999.0,1821,0,0,0,7.286779542984701,1832.0675453047777,5174.140714497865,922
12000.0,1821,0,0,0,7.2614603169883765,1832.1087314662273,5174.806493996199,920
